{"type":"FeatureCollection","name":"archeologische_rijksmonumenten","features":[{"type":"Feature","properties":{"cho_uri":"https://linkeddata.cultureelerfgoed.nl/cho-kennis/id/rijksmonument/35950","rijksmonumentnummer":"532258","naam":"De Burcht","geometry_bron":"Polygon","monumentenregister_url":"https://monumentenregister.cultureelerfgoed.nl/monumenten/532258","oorspronkelijke_functie":"Archeologie (N1)","oorspronkelijke_functie_kort":"Archeologie","huidige_functie":null,"type":"Archeologie (N1)","datum_inschrijving_monumentenregister":"2016-05-20","monument_aard":null},"geometry":{"type":"Polygon","coordinates":[[[4.493393453161164,52.15895440810082],[4.493320440007131,52.15924328132776],[4.493306640744216,52.15927553500675],[4.493212679801674,52.159515712104266],[4.49316891414429,52.159511785113416],[4.493208815134567,52.15941681045861],[4.493221063246288,52.159389039236224],[4.493231670064896,52.15937024397291],[4.493251764468701,52.15931556700922],[4.493240524537122,52.15929301085229],[4.493240560542096,52.159291213445734],[4.493233254299828,52.15929115808566],[4.493239621366231,52.15926513997884],[4.493214816163109,52.1592631543461],[4.493146245556416,52.1592572417093],[4.493033927588732,52.15924650328889],[4.493017763837865,52.159250874984245],[4.493014805329718,52.15925265024122],[4.492917750716707,52.15928247517684],[4.492914810211537,52.15928335172808],[4.492911869706251,52.15928422827925],[4.492905970686113,52.15928688008459],[4.492898628426356,52.1592886221102],[4.492891268156508,52.159291262838586],[4.492885387143861,52.159293015939696],[4.492878044882294,52.15929475796404],[4.492870702620161,52.159296499987896],[4.492863360357455,52.15929824201137],[4.492856000083942,52.15930088273749],[4.492848693840713,52.15930082735362],[4.492841351576442,52.15930256937568],[4.492834027322282,52.15930341269408],[4.492826703067848,52.15930425601203],[4.492819378813138,52.15930509932952],[4.492812036547032,52.15930684134977],[4.492804730302899,52.15930678596317],[4.492798885307606,52.15930674165354],[4.492791561051973,52.15930758496931],[4.492775469302851,52.15930836181858],[4.492754993806524,52.159309105431774],[4.492733057060634,52.15930983796317],[4.492684817833656,52.15931037107414],[4.492626349863332,52.15931082660876],[4.49248165019084,52.15931152704838],[4.492437830743619,52.159310295896105],[4.492373571836224,52.15930801086833],[4.492339981136397,52.15930685725823],[4.492337094680424,52.15930503768575],[4.492326847919236,52.15930585880627],[4.49231665522098,52.15930398381669],[4.492306444502281,52.159303007529296],[4.492296233784034,52.15930203124101],[4.492287484314709,52.15930106603562],[4.492277291619222,52.159299191042614],[4.492267080902502,52.159298214751814],[4.492262156491513,52.15932514259187],[4.492128424535101,52.159289073360355],[4.49214931459461,52.15926765968562],[4.492084081212673,52.15924109843228],[4.492084099238423,52.15924019972923],[4.492079769576705,52.15923747036114],[4.492073978669289,52.1592347299065],[4.492069649008719,52.15923200053803],[4.492016195823972,52.15920103442309],[4.492008979734658,52.159196485472066],[4.492001745619434,52.15919283522359],[4.491993086315795,52.159187376481235],[4.491985870231048,52.15918282752875],[4.491977210931294,52.1591773687852],[4.491970030905805,52.15917102242569],[4.49196281482605,52.159166473471814],[4.491954155532287,52.15916101472654],[4.49194695748424,52.15915556706868],[4.491945532297637,52.15915375857461],[4.491939759437947,52.15915011941037],[4.491935465851186,52.15914559263092],[4.491931136207736,52.159142863257365],[4.491926860651408,52.159137437774554],[4.491922585096118,52.159132012291614],[4.491918273483805,52.159128384214554],[4.491913961872192,52.159124756137324],[4.491911129532904,52.15912024044535],[4.491908297194189,52.1591157247533],[4.491905446826762,52.15911210776424],[4.491902578430462,52.15910938947811],[4.491899728063904,52.159105772488914],[4.491898320910217,52.15910306529122],[4.491895470544403,52.159099448301916],[4.491894081420672,52.15909584240116],[4.49189267426764,52.15909313520341],[4.491891285144328,52.15908952930262],[4.491891375292087,52.15908503578743],[4.491889968139554,52.15908232858966],[4.491890040257854,52.15907873377752],[4.491888633105598,52.15907602657974],[4.491888705223993,52.15907243176755],[4.491888777342373,52.159068836955456],[4.491888813401558,52.15906703954938],[4.491890364790038,52.159062557122866],[4.491890454937819,52.15905806360767],[4.491892060414375,52.15905088507201],[4.491893665890406,52.15904370653634],[4.491895271365914,52.159036528000584],[4.491896876840899,52.15902934946487],[4.491899943554572,52.159022182017644],[4.491901530998967,52.15901590218484],[4.491904615740199,52.15900783603441],[4.491907682451132,52.15900066858699],[4.491910731131958,52.15899439984247],[4.491913797840972,52.15898723239483],[4.491913833899064,52.15898543498873],[4.491915349224121,52.15898274996793],[4.491959527936126,52.158893201215605],[4.491962558574233,52.15888783117271],[4.491965607239555,52.15888156242666],[4.491970099110584,52.15887620347128],[4.491973165801834,52.158869036021926],[4.49197765767069,52.15886367706617],[4.491982167566063,52.15885741940722],[4.491986659432662,52.15885206045119],[4.491991169325593,52.15884580279186],[4.491995679217254,52.15883954513235],[4.491995697244573,52.15883864642928],[4.491997176505097,52.15883775881351],[4.492013610609533,52.15881990671111],[4.49203004470079,52.15880205460636],[4.492046424700062,52.158786898608525],[4.492047958036575,52.1587833148828],[4.492050916551808,52.15878153964993],[4.49205392914515,52.15877706830765],[4.492056887659731,52.15877529307464],[4.492059864200069,52.15877261913843],[4.492062858765982,52.158769046499046],[4.492067278510593,52.15876728235226],[4.492070255049774,52.15876460841579],[4.492074674793655,52.15876284426874],[4.492077651332094,52.15876017033203],[4.49208208910078,52.1587575074816],[4.492087988099458,52.158754855717206],[4.492092407841673,52.15875309156948],[4.492096845608776,52.15875042871844],[4.492102744605642,52.1587477769533],[4.492107146321547,52.158746911508146],[4.492111584087157,52.15874424865656],[4.492115985802546,52.15874338321108],[4.492120405542521,52.1587416190623],[4.492091361194172,52.158732410311366],[4.492161590344439,52.158728448910466],[4.492249696658114,52.15870754511934],[4.492270334081694,52.15869871326463],[4.492318879003809,52.158682902367524],[4.492382036169007,52.15866720227679],[4.492470232347606,52.15864180480423],[4.492575170456324,52.158656083170975],[4.492576649699292,52.158655195547915],[4.492591225943013,52.158657103754926],[4.492623300889461,52.15866094232267],[4.492738431665256,52.15867709550741],[4.492749056527892,52.158657401582026],[4.492906907633608,52.158729606537804],[4.49294744390274,52.15874878942959],[4.492999526000179,52.15877525053376],[4.492968317915972,52.15880108035211],[4.493071111113482,52.158849497928344],[4.493112709847439,52.15881565726814],[4.49317449865335,52.158868258205544],[4.493219022809764,52.15890724569534],[4.49326179469131,52.15888779530828],[4.493294229886133,52.158873659627176],[4.493292804653762,52.158871851149215],[4.493297224360232,52.158870086956306],[4.493307543007614,52.158865670937736],[4.493308986241274,52.15886658071219],[4.49332666506043,52.158859523937096],[4.493344379874333,52.15885066975264],[4.493328594307377,52.15883616872065],[4.493340374177249,52.158831763770024],[4.493318815689046,52.15881362364032],[4.493324732622578,52.15881007311062],[4.493320402926273,52.158807343787785],[4.49331452199425,52.15880909691058],[4.493294388757296,52.15879276525418],[4.493300287688968,52.15879011342901],[4.493294532766386,52.15878557562729],[4.493290095066977,52.158788238523535],[4.493272830306585,52.15877462511608],[4.49327874723857,52.15877107458862],[4.493274417548861,52.15876834526408],[4.493268536620192,52.158770098384615],[4.49325273310433,52.1587564960458],[4.493293935589312,52.1587424267946],[4.493341202187138,52.158790423415205],[4.493368047614423,52.15883646762681],[4.493384502456674,52.15889052267171],[4.493393453161164,52.15895440810082]]]}},{"type":"Feature","properties":{"cho_uri":"https://linkeddata.cultureelerfgoed.nl/cho-kennis/id/rijksmonument/47123","rijksmonumentnummer":"531041","naam":"Dalemse Donk","geometry_bron":"Polygon","monumentenregister_url":"https://monumentenregister.cultureelerfgoed.nl/monumenten/531041","oorspronkelijke_functie":"Archeologie (N1)","oorspronkelijke_functie_kort":"Archeologie","huidige_functie":null,"type":"Archeologie (N1)","datum_inschrijving_monumentenregister":"2011-06-17","monument_aard":null},"geometry":{"type":"Polygon","coordinates":[[[4.997361607468967,51.82951646848921],[4.997300964254404,51.82965109376835],[4.997251622725165,51.8298208114809],[4.997288842421638,51.829878461130164],[4.996980234622425,51.830000577515506],[4.996928119377328,51.82998782047248],[4.996874506787212,51.82998045149434],[4.996817876097194,51.82998655512155],[4.996697260074074,51.830010422809096],[4.996595362467577,51.83005053184658],[4.996557457981877,51.83007197800067],[4.996484433379241,51.83012836220318],[4.996366562274417,51.83017021557303],[4.996288093153182,51.8301852346901],[4.99612975866631,51.830208976206094],[4.995933698539013,51.83023349063785],[4.995776900241313,51.83024734950991],[4.995652048052915,51.83025771933712],[4.995531633767371,51.830258216548295],[4.995449030919055,51.83024805367289],[4.995341797810281,51.83023421315935],[4.995259304474892,51.830211466694344],[4.995233200071569,51.83021048070365],[4.995125888931212,51.83020562817583],[4.99502135403737,51.83021516633367],[4.994923978622067,51.83023551445215],[4.994813343545888,51.83027918813051],[4.994778128089114,51.83032491149726],[4.994753396050907,51.83033291843088],[4.994693784992926,51.830347999516405],[4.994647300503578,51.83035503486121],[4.99458782248337,51.83035483598308],[4.994554511576493,51.83034843267656],[4.994486368624291,51.830343710546856],[4.994393728579412,51.83032003068917],[4.994298132421878,51.83030263277652],[4.994127257695236,51.830267005895784],[4.993931674634884,51.83023668907226],[4.993828817594168,51.83022016529969],[4.993740334024148,51.830218969961855],[4.993641742797307,51.83021234760969],[4.993574925230908,51.83022201090405],[4.993506649105554,51.830232568114134],[4.99344706132166,51.83024495211194],[4.993381623663109,51.83026270952444],[4.993356899265771,51.830269817345474],[4.993272822643426,51.830262344526965],[4.992777024841883,51.830056642282145],[4.992774170688765,51.830051239626705],[4.992783370254274,51.829994643327076],[4.992821776240569,51.82975028662763],[4.992861046825239,51.8294070599098],[4.992895595317934,51.82910606300402],[4.993286915446849,51.82914782459237],[4.993779679518709,51.82920160982823],[4.993832012602084,51.829189201356925],[4.993867267345744,51.829138984176396],[4.993874818619504,51.82910485338075],[4.993893496587626,51.82912558937772],[4.99397286639189,51.82917349399807],[4.994431381624636,51.829328731212186],[4.994569177750266,51.82933098979859],[4.994694199814406,51.82930084711632],[4.994697093286256,51.82930175563403],[4.994697124594784,51.82929816036066],[4.994779487831773,51.82916900207066],[4.994814678906316,51.829125975151285],[4.994858659831006,51.82907309030519],[4.995032083933373,51.82898198757345],[4.995068475029689,51.828967727611214],[4.99514266088221,51.82894460540748],[4.995252005858075,51.828882051378024],[4.995265225712616,51.828863219775286],[4.995324001326461,51.82877712689509],[4.995369674164303,51.8286963833239],[4.99544594282096,51.82860046147194],[4.995510254677836,51.82854494768522],[4.995584642648147,51.82849845591894],[4.995693868821283,51.828449383750424],[4.995688105368266,51.82844487030841],[4.9956953194435,51.82844938858772],[4.995823169311842,51.82842734373763],[4.995902937890511,51.828429407312285],[4.996847315982032,51.828429854470116],[4.996973367702124,51.82861543546693],[4.997209540546383,51.8289838475857],[4.997267251666787,51.82918807695302],[4.997361607468967,51.82951646848921]]]}},{"type":"Feature","properties":{"cho_uri":"https://linkeddata.cultureelerfgoed.nl/cho-kennis/id/rijksmonument/36540","rijksmonumentnummer":"532469","naam":"Nederzetting","geometry_bron":"Polygon","monumentenregister_url":"https://monumentenregister.cultureelerfgoed.nl/monumenten/532469","oorspronkelijke_functie":"Archeologie (N1)","oorspronkelijke_functie_kort":"Archeologie","huidige_functie":null,"type":null,"datum_inschrijving_monumentenregister":"2018-01-31","monument_aard":null},"geometry":{"type":"Polygon","coordinates":[[[4.531251283739192,52.15337741996629],[4.531158681002077,52.153481911937675],[4.531048148468828,52.15360694696037],[4.530930171998032,52.15373911854379],[4.530809678414644,52.153697796274045],[4.530830668016284,52.153670084704466],[4.530830702501467,52.15366828728157],[4.530829293153078,52.15366558054125],[4.53082932763831,52.153663783118354],[4.530827918290146,52.153661076378],[4.530827952775429,52.15365927895513],[4.53082652618482,52.15365747092622],[4.530826577912824,52.15365477479186],[4.530825151322413,52.15365296676295],[4.530825203050491,52.153650270628596],[4.53082377646028,52.153648462599655],[4.530823810945718,52.15364666517675],[4.530822384355678,52.15364485714778],[4.530820975008526,52.153642150407364],[4.530821009494069,52.15364035298446],[4.530819582904342,52.15363854495545],[4.530818173557559,52.153635838215],[4.53081674696809,52.153634030185984],[4.530815303135857,52.153633120868385],[4.530815354864499,52.153630424734025],[4.530813945518226,52.15362771799353],[4.530812518929188,52.15362590996446],[4.530811092340263,52.15362410193534],[4.530809665751456,52.15362229390625],[4.530808256405781,52.15361958716562],[4.530806829817231,52.1536177791365],[4.530805403228798,52.153615971107335],[4.530803976640478,52.153614163078124],[4.530802550052274,52.153612355048935],[4.530799662389843,52.15361053641338],[4.530798253045142,52.15360782967269],[4.530796843700611,52.15360512293194],[4.530795417112983,52.15360331490268],[4.530792546694751,52.153600597555474],[4.53079112010744,52.15359878952615],[4.530789710763627,52.15359608278534],[4.530786840346203,52.15359336543802],[4.530785413759355,52.1535915574086],[4.530784004416112,52.153588850667724],[4.530781116755954,52.15358703203172],[4.530779707413114,52.15358432529081],[4.530776819753424,52.15358250665468],[4.530775410410984,52.15357979991367],[4.530772522751761,52.15357798127748],[4.530771113409726,52.15357527453644],[4.530768225750969,52.153573455900116],[4.530766816409336,52.15357074915903],[4.530763928751049,52.15356893052262],[4.530762502165904,52.153567122492895],[4.530759631751994,52.15356440514492],[4.530758222411166,52.15356169840371],[4.530755334753811,52.15355987976707],[4.530753925413384,52.15355717302584],[4.530751037756499,52.15355535438908],[4.530749628416474,52.153552647647764],[4.530746740760056,52.153550829010946],[4.530743853103872,52.153549010374014],[4.530742443764479,52.153546303632616],[4.530739556108765,52.1535444849956],[4.530738129525388,52.15354267696563],[4.530735241870081,52.15354085832848],[4.530733815286992,52.153539050298434],[4.530730910387565,52.153538130372645],[4.530729501049299,52.1535354236311],[4.530728074466617,52.153533615600956],[4.530725186812305,52.1535317969636],[4.530723760229913,52.15352998893346],[4.530720872576014,52.15352817029596],[4.530719445993909,52.15352636226576],[4.530718019411921,52.153524554235496],[4.530715131758606,52.15352273559786],[4.530713705176909,52.15352092756758],[4.530710817524004,52.15351910892985],[4.530709390942596,52.15351730089951],[4.530706503290104,52.15351548226168],[4.530705076708987,52.15351367423129],[4.530703632882914,52.15351276491234],[4.530700745230948,52.15351094627433],[4.53069931865021,52.15350913824387],[4.530696430998653,52.15350731960579],[4.530695004418203,52.1535055115753],[4.530692116767057,52.153503692937086],[4.530690690186897,52.15350188490651],[4.53068780253616,52.15350006626823],[4.530686358710882,52.153499156949074],[4.530683488305966,52.1534964395992],[4.530682061726387,52.15349463156851],[4.530679174076472,52.153492812930025],[4.530677747497184,52.15349100489929],[4.530674877093316,52.153488287549244],[4.530671972198409,52.15348736762202],[4.530669084549373,52.15348554898324],[4.530667675216505,52.15348284224096],[4.530664787567939,52.15348102360209],[4.530661917165499,52.15347830625173],[4.530659012271508,52.153477386324134],[4.530656124623649,52.15347556768512],[4.530654698045842,52.15347375965408],[4.530651810398391,52.15347194101491],[4.530648922751174,52.153470122375666],[4.530646035104193,52.15346830373631],[4.530643164703712,52.15346558638549],[4.530640277057261,52.15346376774603],[4.530637389411043,52.15346194910651],[4.530634501765062,52.15346013046691],[4.530631614119315,52.15345831182723],[4.530630187543051,52.15345650379592],[4.530627299897716,52.15345468515614],[4.530624412252614,52.153452866516304],[4.530621524607748,52.15345104787635],[4.530618654209867,52.15344833052495],[4.530615749318722,52.15344741059633],[4.530612861674562,52.1534455919562],[4.530609956783716,52.153444672027426],[4.530607069139968,52.153442853387155],[4.530604181496459,52.15344103474681],[4.530599850031633,52.153438306786185],[4.530596962388713,52.153436488145644],[4.530592613677501,52.15343465889616],[4.530588282214002,52.15343193093509],[4.530583967998471,52.153428304262405],[4.530579602041068,52.15342737372391],[4.530575270579069,52.15342464576237],[4.530570921869907,52.153422816512084],[4.530566590408883,52.15342008855021],[4.530562224452649,52.15341915801107],[4.530557910240468,52.15341553133746],[4.530553561532905,52.15341370208653],[4.530549212825701,52.15341187283544],[4.530544881367066,52.15340914487278],[4.530539071593051,52.15340730501183],[4.530534740135482,52.153404577048825],[4.530530391429938,52.15340274779708],[4.530526042724751,52.15340091854514],[4.530521694019922,52.15339908929302],[4.530518789133989,52.15339816936202],[4.530514457678546,52.153395441398246],[4.530517362564212,52.153396361329335],[4.530513013860182,52.15339453207697],[4.53050720408939,52.153392692214446],[4.530502855386136,52.15339086296168],[4.530498523932375,52.153388134997314],[4.530494175229923,52.153386305744206],[4.530488365460982,52.15338446588079],[4.530484016759305,52.153382636627306],[4.530479668057982,52.15338080737369],[4.530473858290356,52.15337896750954],[4.530475302107418,52.15337987683131],[4.530468048523212,52.1533771276451],[4.53046950958981,52.15337713825554],[4.530465160889623,52.153375309001376],[4.530460812189791,52.15337347974703],[4.530457924556734,52.153371661103115],[4.530453558607521,52.15337073055995],[4.53044920990861,52.153368901305186],[4.530444861210059,52.15336707205027],[4.530441956327802,52.15336615211739],[4.530443400143796,52.15336706143959],[4.530440495261568,52.153366141506645],[4.530436146563644,52.153364312251405],[4.53043178061561,52.15336338170742],[4.530427431918311,52.15336155245186],[4.530423065970728,52.153360621907595],[4.530418717274058,52.15335879265169],[4.530414351326928,52.15335786210709],[4.530410002630886,52.15335603285088],[4.530405636684209,52.153355102305945],[4.530401270737716,52.15335417176084],[4.530396922042572,52.15335234250416],[4.530392556096532,52.15335141195874],[4.530388207402013,52.15334958270174],[4.530383841456425,52.15334865215597],[4.530379475511021,52.15334772161008],[4.5303751268174,52.153345892352625],[4.530370760872449,52.153344961806404],[4.530366394927682,52.15334403126],[4.530362028983097,52.153343100713435],[4.530357663038695,52.15334217016673],[4.530353314346511,52.153340340908464],[4.530348948402561,52.1533394103614],[4.530344582458796,52.1533384798142],[4.530340216515213,52.15333754926688],[4.530337311637044,52.1533366293314],[4.53033438950658,52.15333660810728],[4.530331484628594,52.15333568817169],[4.530328579750728,52.15333476823598],[4.530324213807845,52.15333383768805],[4.530321291677571,52.15333381646359],[4.530318386800039,52.15333289652765],[4.530315481922625,52.153331976591666],[4.530312559792479,52.15333195536699],[4.530308193850209,52.15333102481846],[4.530305288973129,52.153330104882194],[4.53030236684311,52.15333008365726],[4.530299461966213,52.15332916372088],[4.530296539836262,52.15332914249582],[4.530292191147864,52.153327313235295],[4.530289251764716,52.15332819072144],[4.530286329634834,52.15332816949611],[4.530283442011833,52.15332635084792],[4.530279058817196,52.15332631900972],[4.530276153941027,52.153325399072756],[4.530273249064978,52.15332447913572],[4.530270326935349,52.15332445791003],[4.5302659609947,52.1533235273599],[4.530263038865138,52.153323506134],[4.530260133989484,52.15332258619664],[4.530257211859985,52.153322564970615],[4.530252845919801,52.15332163442004],[4.530249923790367,52.153321613193825],[4.530248462725654,52.153321602580675],[4.530245557850425,52.15332068264294],[4.530242635721062,52.153320661416544],[4.530241174656383,52.15332065080331],[4.530238252527023,52.15332062957685],[4.530236808716719,52.15331972025215],[4.530233886587423,52.153319699025545],[4.530230964458132,52.15331967779883],[4.530229520648007,52.153318768474065],[4.530226598518778,52.153318747247305],[4.530223676389554,52.153318726020416],[4.530222215324942,52.15331871540696],[4.530219293195722,52.153318694179994],[4.530217849385867,52.15331778485509],[4.53021492725671,52.153317763628],[4.530212005127558,52.15331774240084],[4.53021054406298,52.15331773178723],[4.530207621933833,52.15331771055997],[4.530206178124248,52.15331680123491],[4.530203255995164,52.15331678000757],[4.530200333866083,52.15331675878011],[4.530198872801542,52.15331674816636],[4.530195950672464,52.1533167269388],[4.530193028543391,52.15331670571119],[4.530191567478855,52.15331669509734],[4.530188645349786,52.1533166738696],[4.530187201540625,52.15331576454433],[4.530184279411617,52.15331574331647],[4.530181357282618,52.15331572208855],[4.530179896218115,52.15331571147459],[4.530178435153617,52.15331570086059],[4.530176974089118,52.15331569024654],[4.530175513024622,52.153315679632506],[4.530174051960124,52.15331566901846],[4.530172590895628,52.153315658404374],[4.530171129831134,52.15331564779027],[4.530169651510914,52.15331653588754],[4.530168190446393,52.15331652527339],[4.53016672938187,52.15331651465928],[4.530165268317348,52.15331650404514],[4.530163807252827,52.15331649343092],[4.530162346188309,52.153316482816734],[4.530160867867889,52.153317370913896],[4.530159406803342,52.153317360299646],[4.530157945738795,52.15331734968539],[4.530156484674249,52.15331733907111],[4.530155023609702,52.153317328456815],[4.530153562545158,52.1533173178425],[4.530152101480615,52.15331730722815],[4.530150605903857,52.15331909403659],[4.530149144839254,52.153319083422225],[4.530147683774655,52.15331907280781],[4.530146205453858,52.15331996090479],[4.53014474438923,52.153319950290374],[4.530143266068345,52.15332083838733],[4.53014180500369,52.15332082777284],[4.53014032668272,52.153321715869744],[4.530138865618034,52.15332170525525],[4.530137387296976,52.15332259335213],[4.530134465167554,52.15332257212305],[4.530132986846379,52.153323460219845],[4.530131508525145,52.15332434831662],[4.530128586395611,52.15332432708739],[4.530127125330846,52.153324316472776],[4.530125629752852,52.15332610328084],[4.530122707623208,52.15332608205148],[4.530121229301684,52.15332697014812],[4.530119750980099,52.153327858244765],[4.530118289915222,52.153327847630024],[4.530115350528644,52.15332872511183],[4.530113872206886,52.1533296132084],[4.530112393885067,52.15333050130494],[4.530110932820106,52.153330490690095],[4.53010799343321,52.15333136817172],[4.530106497854213,52.15333315497954],[4.530105036789167,52.15333314436463],[4.530103558467054,52.15333403246107],[4.530100636336908,52.15333401123116],[4.530099158014679,52.15333489932754],[4.530097679692395,52.153335787423885],[4.530096201370052,52.153336675520215],[4.530094723047648,52.15333756361654],[4.530091800917274,52.15333754238642],[4.530090322594754,52.153338430482684],[4.530088844272177,52.15333931857892],[4.530087383206933,52.15333930796379],[4.530085887626846,52.15334109477134],[4.530082948238762,52.15334197225237],[4.530080008850563,52.15334284973329],[4.530077052204645,52.153344625925484],[4.530074112816156,52.15334550340627],[4.530072634493021,52.153346391502325],[4.530069677846578,52.15334816769434],[4.530066738457711,52.15334904517495],[4.530063799068729,52.153349922655444],[4.530060842421698,52.15335169884726],[4.530059364098096,52.15335258694313],[4.530056407450713,52.1533543631348],[4.530053450803094,52.15335613932641],[4.530051972479196,52.15335702742222],[4.530049033089402,52.15335790490237],[4.530046076441254,52.153359681093775],[4.530044598117094,52.153360569189445],[4.530041641468595,52.153362345380785],[4.530040180402612,52.153362334765085],[4.530037206495405,52.15336500966759],[4.530034267104792,52.15336588714735],[4.530032771521686,52.15336767395423],[4.530029814872244,52.153369450145256],[4.530028336547437,52.15337033824074],[4.530025379897644,52.15337211443166],[4.53002388431397,52.1533739012384],[4.530022405988896,52.1533747893338],[4.530019449338573,52.15337656552455],[4.530017953754513,52.1533783523312],[4.530014997103775,52.15338012852185],[4.530013518778318,52.153381016617146],[4.530012023193871,52.153382803423774],[4.530010544868267,52.153383691519004],[4.53000904928361,52.15338547832558],[4.530006109891097,52.153386355804656],[4.530004614306173,52.15338814261119],[4.530003135980244,52.15338903070633],[4.530001640395112,52.15339081751281],[4.530000162069034,52.15339170560792],[4.529998666483694,52.15339349241438],[4.52999572709045,52.15339436989317],[4.52999423150484,52.15339615669956],[4.52999275317844,52.15339704479458],[4.529991257592622,52.1533988316009],[4.529989779266072,52.15339971969589],[4.529988283680046,52.153401506502185],[4.529986788093897,52.153403293308486],[4.529985327026592,52.15340328269206],[4.529983814180755,52.153405968209654],[4.529982335853822,52.153406856304535],[4.529980840267257,52.15340864311074],[4.529979361940174,52.153409531205575],[4.529977866353399,52.15341131801174],[4.529976370766503,52.153413104817865],[4.529974892439184,52.153413992912675],[4.529973396852081,52.15341577971876],[4.529971918524614,52.15341666781354],[4.529970422937302,52.1534184546196],[4.529968910090051,52.153421140136956],[4.529965953434523,52.15342291632633],[4.529962979518819,52.15342559122699],[4.529961466670876,52.153428276744265],[4.529958475494512,52.15343185035608],[4.529955501577763,52.15343452525649],[4.529954005989192,52.15343631206233],[4.5299509975515,52.15344078438533],[4.529949484702316,52.15344346990241],[4.529946510784251,52.1534461448026],[4.529943519605486,52.15344971841405],[4.529942006755546,52.153452403931055],[4.529939032836436,52.15345507883108],[4.529937502725574,52.1534586630593],[4.529934528805776,52.1534613379592],[4.529933015954899,52.15346402347607],[4.529930024773846,52.153467597087186],[4.529928511922483,52.15347028260398],[4.52992552074065,52.15347385621493],[4.529924007888803,52.15347654173168],[4.529922477775989,52.153480125959724],[4.529919503853855,52.15348280085922],[4.52991799100134,52.153485486375935],[4.529914999817639,52.15348905998656],[4.529913486964639,52.15349174550321],[4.529911974111456,52.153494431019766],[4.529908982926669,52.153498004630315],[4.529907470073002,52.15350069014683],[4.529905939958023,52.15350427437466],[4.529902966033279,52.153506949273705],[4.529902931510899,52.15350874669632],[4.529901435917722,52.15351053350145],[4.529899940324424,52.15351232030657],[4.529898444731008,52.15351410711169],[4.529896949137469,52.153515893916754],[4.529895453543812,52.15351768072183],[4.529895419021118,52.15351947814443],[4.529893923427281,52.15352126494946],[4.529892410571908,52.15352395046578],[4.529890914977798,52.15352573727082],[4.529889419383567,52.1535275240758],[4.529803089031077,52.15360958966102],[4.529573879795499,52.15352253411687],[4.529457926699914,52.153473153932154],[4.529349210110973,52.15342742160012],[4.529241937537081,52.15338259850485],[4.529150598682853,52.15334508189681],[4.529040438936552,52.153298439942645],[4.528931723202224,52.15325270722633],[4.528815771520156,52.153203326411216],[4.528858885400572,52.15316499011981],[4.528893077327334,52.15313467843353],[4.528837029312201,52.15308573345044],[4.528809545765726,52.15307115208713],[4.52871415316128,52.15301652773642],[4.528664995893306,52.15298920489944],[4.52861432577252,52.15296456754203],[4.528560750892263,52.152939010183694],[4.528470822700656,52.15290419981715],[4.528353186588663,52.15286649115692],[4.528327043336106,52.152858211295516],[4.528237029018307,52.15282789430651],[4.528235282943388,52.152766760676364],[4.528111941589656,52.15272181953484],[4.527929372446215,52.152641392233605],[4.527684446529112,52.15253624174049],[4.527669611173317,52.15254781853437],[4.527623204071302,52.152529503663814],[4.52752896356195,52.15249106579927],[4.527470954836541,52.15246817213914],[4.527472450491669,52.15246638536464],[4.527543861017926,52.15240039180738],[4.527591479456032,52.15235579693718],[4.527639080492658,52.152312100758294],[4.527716455771875,52.15223985869769],[4.52779383080022,52.152167616584926],[4.527842909764158,52.1521230322538],[4.527890527606613,52.152078437259455],[4.527966389153249,52.15200888052144],[4.528045241691867,52.15193575016931],[4.52809285913172,52.15189115509096],[4.528141937492043,52.151846570632024],[4.52821781554583,52.15177611501663],[4.528293693359685,52.15170565935103],[4.528342788606485,52.15166017609492],[4.528378492605673,52.15162717905107],[4.528390405454115,52.151615580893115],[4.528513864746572,52.15150232728297],[4.528661625404006,52.151569017837616],[4.529666603813873,52.152042823833504],[4.529665142791202,52.15204281321324],[4.52966366450326,52.152043701304414],[4.529660742457864,52.15204368006376],[4.529659281435166,52.15204366944346],[4.529656342124354,52.15204454691418],[4.529653385547947,52.152046323096314],[4.529651924525165,52.15204631247584],[4.529650463502384,52.152046301855435],[4.529647524191228,52.152047179325926],[4.529646045902792,52.152048067416885],[4.529644567614294,52.152048955507844],[4.529641628302849,52.1520498329782],[4.529640132748459,52.15205161978057],[4.529638654459729,52.15205250787146],[4.529637158905128,52.15205429467374],[4.529635697882091,52.15205428405313],[4.529601455490784,52.15208729209752],[4.529324799735534,52.152340550298874],[4.529481382393156,52.15240460743862],[4.529470965189301,52.15241441890531],[4.52953909851759,52.152442778205995],[4.529705822784087,52.15251140295774],[4.529752213462989,52.15253061572227],[4.529665919328859,52.152610883801835],[4.529509747013905,52.15275356238544],[4.529411504562193,52.152847225965104],[4.529572437736501,52.15291311227562],[4.529477220788292,52.153001404882055],[4.529280855153316,52.15318244091372],[4.529271933330574,52.15319046556373],[4.529503924245244,52.15328473262929],[4.529640193681563,52.153341451150865],[4.529644559610781,52.15334238172411],[4.529648925540182,52.15334331229718],[4.529650352073033,52.1533451203403],[4.529653256937492,52.153346040292625],[4.529760547103005,52.15338996430355],[4.529803694881321,52.15334983024402],[4.529835596647952,52.15336264580839],[4.529843057338519,52.15335461049773],[4.529985994858658,52.15321632949964],[4.529959868356413,52.15320715128814],[4.530000059140924,52.15316879334403],[4.530011954723919,52.153158093736685],[4.530011971982739,52.15315719502532],[4.530223221152909,52.1529618845212],[4.530407377569613,52.15303602791046],[4.530407360318815,52.153036926621915],[4.530408769621953,52.15303963336746],[4.530408717869643,52.15304232950187],[4.530410127173032,52.15304503624738],[4.530411536476589,52.15304774299291],[4.53041294578032,52.1530504497384],[4.530414389585546,52.15305135906097],[4.530415781638927,52.153054964517864],[4.530417190943139,52.15305767126334],[4.530418600247522,52.153060378008746],[4.530420009552075,52.15306308475415],[4.530421401606269,52.15306669021103],[4.530424271967703,52.15306940756734],[4.530425681272881,52.15307211431267],[4.530428551634922,52.15307483166886],[4.53042996094053,52.153077538414166],[4.530432848553483,52.153079357058814],[4.530434257859493,52.153082063804064],[4.530437128222694,52.15308478116008],[4.530439998586242,52.15308749851601],[4.53044286895014,52.153090215871856],[4.530444278257098,52.15309292261699],[4.530447148621605,52.15309563997277],[4.530450036236429,52.15309745861701],[4.530452906601576,52.15310017597261],[4.530455776967071,52.153102893328175],[4.530458647332917,52.15310561068363],[4.530461534948854,52.15310742932761],[4.530464405315342,52.153110146682984],[4.530468753989723,52.1531119759372],[4.530471624356942,52.153114693292345],[4.530474511973994,52.15311651193597],[4.530477399591282,52.15311833057953],[4.530481731017654,52.15312105854475],[4.530484618635532,52.15312287718813],[4.530488950062787,52.15312560515307],[4.53049183768125,52.15312742379628],[4.530496203607497,52.15312835433802],[4.530499073977439,52.15313107169251],[4.530501961596669,52.15313289033549],[4.530506310274812,52.153134719588316],[4.530509197894572,52.15313653823111],[4.53051208551457,52.15313835687382],[4.53051643419366,52.153140186126315],[4.530519321814187,52.15314200476879],[4.530523670493929,52.153143834021016],[4.530526558114989,52.153145652663376],[4.530529445736285,52.15314747130563],[4.530533777168666,52.15315019926894],[4.530536682038802,52.15315111919959],[4.530541030720143,52.153152948451144],[4.5305439183425,52.153154767093056],[4.530548267024498,52.15315659634435],[4.530551154647385,52.15315841498614],[4.530554059518413,52.153159334916346],[4.530558390953454,52.153162062878714],[4.530561278577107,52.15316388152023],[4.53056564450838,52.1531648120594],[4.530568532132507,52.153166630700724],[4.530572880816671,52.15316845995111],[4.530575751193857,52.15317117730376],[4.530580117126148,52.1531721078424],[4.530583004751337,52.15317392648339],[4.530587353436809,52.15317575573321],[4.530591719369788,52.15317668627141],[4.530594606995748,52.153178504912105],[4.530598955682141,52.15318033416155],[4.530607653055994,52.15318399265993],[4.53061635043128,52.15318765115765],[4.530623569500904,52.15319219775771],[4.530632284125441,52.153194957542794],[4.530640981504887,52.15319861603874],[4.530649661639758,52.153203173245466],[4.530659837329115,52.153205943636685],[4.530668534712966,52.153209602130566],[4.530677249343696,52.15321236191234],[4.530685929484952,52.153216919116396],[4.530694644118191,52.153219678896896],[4.53070334150758,52.1532233373882],[4.530712038898397,52.15322699587888],[4.530720736290642,52.15323065436893],[4.530729450928726,52.15323341414685],[4.530739609385752,52.153237083242665],[4.530748306782232,52.15324074173067],[4.530757021423998,52.153243501506566],[4.530765718823159,52.153247159993285],[4.530775877286306,52.15325082908595],[4.530784591931756,52.15325358885981],[4.530793306578286,52.153256348633015],[4.530802003982934,52.15326000711706],[4.530812162452001,52.15326367620665],[4.530820877102215,52.15326643597784],[4.530829591753508,52.15326919574832],[4.530839750226944,52.153272864835536],[4.530848464880665,52.153275624604696],[4.530858606115291,52.153280192401766],[4.530868781835255,52.15328296277501],[4.530880418620223,52.15328574375261],[4.530892038165481,52.15328942344063],[4.530903657712661,52.15329310312754],[4.530915277261762,52.153296782813264],[4.530926896812784,52.153300462497846],[4.530938550846195,52.153302344758266],[4.530950153160593,52.15330692315212],[4.530961772717145,52.15331060283328],[4.530973409515156,52.15331338380179],[4.530985029075319,52.15331706348065],[4.530996665876476,52.15331984444686],[4.531008302679088,52.1533226254119],[4.531021383309654,52.153326315690926],[4.531033020115506,52.15332909665357],[4.531044656922814,52.153331877614995],[4.531056293731576,52.15333465857538],[4.531067930541796,52.15333743953455],[4.531081045656437,52.15333933238387],[4.531092665232278,52.15334301205215],[4.531104302046959,52.15334579300775],[4.531117399928964,52.153348584564604],[4.53112903674665,52.15335136551779],[4.531140708038174,52.15335234904667],[4.531153788688472,52.15335603931105],[4.531165425510389,52.15335882026062],[4.531177079569225,52.15336070249747],[4.531190177460196,52.153363494046275],[4.531201831521308,52.15336537628069],[4.531207796430988,52.15335912770491],[4.531251283739192,52.15337741996629]]]}},{"type":"Feature","properties":{"cho_uri":"https://linkeddata.cultureelerfgoed.nl/cho-kennis/id/rijksmonument/17152","rijksmonumentnummer":"531040","naam":null,"geometry_bron":"Polygon","monumentenregister_url":"https://monumentenregister.cultureelerfgoed.nl/monumenten/531040","oorspronkelijke_functie":"Archeologie (N1)","oorspronkelijke_functie_kort":"Archeologie","huidige_functie":null,"type":"Archeologie (N1)","datum_inschrijving_monumentenregister":"2010-07-12","monument_aard":null},"geometry":{"type":"Polygon","coordinates":[[[4.514958022403132,52.14971755394558],[4.514723927251584,52.15033152739611],[4.514629122828498,52.150322736638905],[4.514447205457882,52.15028543734566],[4.514228656742192,52.15017865610623],[4.514135858586228,52.15014201579206],[4.514045964912858,52.15010629574101],[4.513693731580184,52.149961671525304],[4.513462513627322,52.14990513001232],[4.513353382372242,52.14988185068374],[4.513226631903542,52.14986293491411],[4.513161592740952,52.14975189584037],[4.512157629642783,52.149535922241874],[4.512293322486655,52.14939670979944],[4.512479372754907,52.14922281589138],[4.512488173524165,52.14922108347151],[4.512496974292746,52.149219351050995],[4.512502853210996,52.14921759696454],[4.512507271204022,52.14921583204517],[4.512517550504614,52.149213211747146],[4.512521950887648,52.14921234553583],[4.51252786502172,52.1492087940309],[4.512535240079276,52.149205253357906],[4.512541154211349,52.1492017018523],[4.512545589809788,52.14919903822291],[4.512550025407696,52.14919637459334],[4.512554461005074,52.149193710963615],[4.512558914210149,52.14919014862507],[4.512561871274363,52.14918837287173],[4.512564863554538,52.14918479970101],[4.512567855834237,52.14918122653025],[4.512569369581914,52.149178541236246],[4.512573858000107,52.149173181479895],[4.512649491496127,52.1491908201715],[4.512649509102524,52.14918992146281],[4.513461047012872,52.149457497324356],[4.513516333808508,52.14946959171559],[4.514048293255393,52.14961374924753],[4.514064275685832,52.14961836173956],[4.514083232730026,52.14962029972914],[4.514294611910464,52.14964523387033],[4.514622532781767,52.14968810767494],[4.514693978362519,52.149695826840016],[4.514815025725491,52.14970750814575],[4.514864574805475,52.14971416643581],[4.514914194144653,52.14971722986913],[4.514958022403132,52.14971755394558]]]}},{"type":"Feature","properties":{"cho_uri":"https://linkeddata.cultureelerfgoed.nl/cho-kennis/id/rijksmonument/50408","rijksmonumentnummer":"510541","naam":null,"geometry_bron":"Polygon","monumentenregister_url":"https://monumentenregister.cultureelerfgoed.nl/monumenten/510541","oorspronkelijke_functie":"Archeologie (N1)","oorspronkelijke_functie_kort":"Archeologie","huidige_functie":null,"type":"Niet van Toepassing","datum_inschrijving_monumentenregister":"1999-01-22","monument_aard":null},"geometry":{"type":"Polygon","coordinates":[[[4.794932912450505,51.8906492253762],[4.79412985535635,51.89139930928695],[4.793882655230904,51.891307277562326],[4.793295740958362,51.891858902479605],[4.792397971057069,51.89152807910125],[4.793239574434836,51.890721574282296],[4.793770802321966,51.89020562235845],[4.794932912450505,51.8906492253762]]]}},{"type":"Feature","properties":{"cho_uri":"https://linkeddata.cultureelerfgoed.nl/cho-kennis/id/rijksmonument/10202894","rijksmonumentnummer":"532518","naam":null,"geometry_bron":"Point","monumentenregister_url":"https://monumentenregister.cultureelerfgoed.nl/monumenten/532518","oorspronkelijke_functie":"Archeologie (N1)","oorspronkelijke_functie_kort":"Archeologie","huidige_functie":null,"type":null,"datum_inschrijving_monumentenregister":"2021-06-29","monument_aard":null},"geometry":{"type":"Point","coordinates":[4.459950335483703,52.124635634970396]}},{"type":"Feature","properties":{"cho_uri":"https://linkeddata.cultureelerfgoed.nl/cho-kennis/id/rijksmonument/10202901","rijksmonumentnummer":"532519","naam":null,"geometry_bron":"Point","monumentenregister_url":"https://monumentenregister.cultureelerfgoed.nl/monumenten/532519","oorspronkelijke_functie":"Archeologie (N1)","oorspronkelijke_functie_kort":"Archeologie","huidige_functie":null,"type":null,"datum_inschrijving_monumentenregister":"2021-06-03","monument_aard":null},"geometry":{"type":"Point","coordinates":[4.436638214176644,52.10908859558213]}},{"type":"Feature","properties":{"cho_uri":"https://linkeddata.cultureelerfgoed.nl/cho-kennis/id/rijksmonument/10202902","rijksmonumentnummer":"532521","naam":null,"geometry_bron":"Point","monumentenregister_url":"https://monumentenregister.cultureelerfgoed.nl/monumenten/532521","oorspronkelijke_functie":"Archeologie (N1)","oorspronkelijke_functie_kort":"Archeologie","huidige_functie":null,"type":null,"datum_inschrijving_monumentenregister":"2021-06-03","monument_aard":null},"geometry":{"type":"Point","coordinates":[4.423086039379126,52.10119443320858]}},{"type":"Feature","properties":{"cho_uri":"https://linkeddata.cultureelerfgoed.nl/cho-kennis/id/rijksmonument/10202903","rijksmonumentnummer":"532520","naam":null,"geometry_bron":"Point","monumentenregister_url":"https://monumentenregister.cultureelerfgoed.nl/monumenten/532520","oorspronkelijke_functie":"Archeologie (N1)","oorspronkelijke_functie_kort":"Archeologie","huidige_functie":null,"type":null,"datum_inschrijving_monumentenregister":"2021-06-03","monument_aard":null},"geometry":{"type":"Point","coordinates":[4.428999292586988,52.10518863345596]}},{"type":"Feature","properties":{"cho_uri":"https://linkeddata.cultureelerfgoed.nl/cho-kennis/id/rijksmonument/10202906","rijksmonumentnummer":"532522","naam":null,"geometry_bron":"Point","monumentenregister_url":"https://monumentenregister.cultureelerfgoed.nl/monumenten/532522","oorspronkelijke_functie":"Archeologie (N1)","oorspronkelijke_functie_kort":"Archeologie","huidige_functie":null,"type":null,"datum_inschrijving_monumentenregister":"2021-06-03","monument_aard":null},"geometry":{"type":"Point","coordinates":[4.408910159541495,52.09134297444397]}},{"type":"Feature","properties":{"cho_uri":"https://linkeddata.cultureelerfgoed.nl/cho-kennis/id/rijksmonument/10202907","rijksmonumentnummer":"532523","naam":null,"geometry_bron":"Point","monumentenregister_url":"https://monumentenregister.cultureelerfgoed.nl/monumenten/532523","oorspronkelijke_functie":"Archeologie (N1)","oorspronkelijke_functie_kort":"Archeologie","huidige_functie":null,"type":null,"datum_inschrijving_monumentenregister":"2021-06-03","monument_aard":null},"geometry":{"type":"Point","coordinates":[4.398840938791182,52.0840950251925]}},{"type":"Feature","properties":{"cho_uri":"https://linkeddata.cultureelerfgoed.nl/cho-kennis/id/rijksmonument/10673","rijksmonumentnummer":"46141","naam":null,"geometry_bron":"Point","monumentenregister_url":"https://monumentenregister.cultureelerfgoed.nl/monumenten/46141","oorspronkelijke_functie":"Archeologie (N1)","oorspronkelijke_functie_kort":"Archeologie","huidige_functie":null,"type":null,"datum_inschrijving_monumentenregister":"1982-07-14","monument_aard":null},"geometry":{"type":"Point","coordinates":[4.437106218993415,52.17014218369611]}},{"type":"Feature","properties":{"cho_uri":"https://linkeddata.cultureelerfgoed.nl/cho-kennis/id/rijksmonument/11074","rijksmonumentnummer":"47107","naam":null,"geometry_bron":"Polygon","monumentenregister_url":"https://monumentenregister.cultureelerfgoed.nl/monumenten/47107","oorspronkelijke_functie":"Archeologie (N1)","oorspronkelijke_functie_kort":"Archeologie","huidige_functie":null,"type":null,"datum_inschrijving_monumentenregister":"1985-03-22","monument_aard":null},"geometry":{"type":"Polygon","coordinates":[[[4.85325485198058,51.923732906636154],[4.852679753145367,51.92356131112395],[4.85281521118605,51.923417213445134],[4.852900613541864,51.92332591977759],[4.852902088572354,51.92332412879829],[4.852915331787409,51.92331070636223],[4.853486067325053,51.92348228092665],[4.853444670864329,51.923540517681644],[4.85325485198058,51.923732906636154]]]}},{"type":"Feature","properties":{"cho_uri":"https://linkeddata.cultureelerfgoed.nl/cho-kennis/id/rijksmonument/11128","rijksmonumentnummer":"508083","naam":null,"geometry_bron":"Point","monumentenregister_url":"https://monumentenregister.cultureelerfgoed.nl/monumenten/508083","oorspronkelijke_functie":"Archeologie (N1)","oorspronkelijke_functie_kort":"Archeologie","huidige_functie":null,"type":null,"datum_inschrijving_monumentenregister":"1998-12-03","monument_aard":null},"geometry":{"type":"Point","coordinates":[4.349896929342502,52.0599081799117]}},{"type":"Feature","properties":{"cho_uri":"https://linkeddata.cultureelerfgoed.nl/cho-kennis/id/rijksmonument/12180","rijksmonumentnummer":"47134","naam":null,"geometry_bron":"Polygon","monumentenregister_url":"https://monumentenregister.cultureelerfgoed.nl/monumenten/47134","oorspronkelijke_functie":"Archeologie (N1)","oorspronkelijke_functie_kort":"Archeologie","huidige_functie":null,"type":null,"datum_inschrijving_monumentenregister":"1985-10-21","monument_aard":null},"geometry":{"type":"Polygon","coordinates":[[[4.402121285972852,51.992039725790114],[4.402024322312945,51.99201284667974],[4.402322393176309,51.991832870585036],[4.402704831863902,51.991722812903916],[4.402992992333072,51.99172881899316],[4.403147795332068,51.99170764186768],[4.403312170607244,51.9918474428965],[4.403293084665339,51.991920990915936],[4.403359547030718,51.99214356832449],[4.40336408854373,51.99220203305601],[4.4032036673363,51.99241282574312],[4.402955822548082,51.99255996587199],[4.402570099670498,51.992554042261816],[4.402467153631795,51.992534304453685],[4.402205868220348,51.99243144375767],[4.402096813631736,51.99229210433306],[4.402121285972852,51.992039725790114]]]}},{"type":"Feature","properties":{"cho_uri":"https://linkeddata.cultureelerfgoed.nl/cho-kennis/id/rijksmonument/12377","rijksmonumentnummer":"46140","naam":null,"geometry_bron":"Point","monumentenregister_url":"https://monumentenregister.cultureelerfgoed.nl/monumenten/46140","oorspronkelijke_functie":"Archeologie (N1)","oorspronkelijke_functie_kort":"Archeologie","huidige_functie":null,"type":null,"datum_inschrijving_monumentenregister":"1982-07-14","monument_aard":null},"geometry":{"type":"Point","coordinates":[4.433495515064388,52.18039582575361]}},{"type":"Feature","properties":{"cho_uri":"https://linkeddata.cultureelerfgoed.nl/cho-kennis/id/rijksmonument/13589","rijksmonumentnummer":"47114","naam":null,"geometry_bron":"Polygon","monumentenregister_url":"https://monumentenregister.cultureelerfgoed.nl/monumenten/47114","oorspronkelijke_functie":"Archeologie (N1)","oorspronkelijke_functie_kort":"Archeologie","huidige_functie":null,"type":null,"datum_inschrijving_monumentenregister":"1985-06-05","monument_aard":null},"geometry":{"type":"Polygon","coordinates":[[[4.984238223596836,51.885202154348946],[4.984420241011566,51.8843398931861],[4.985752466642126,51.8844675930584],[4.985660694862428,51.88531128901598],[4.984238223596836,51.885202154348946]]]}},{"type":"Feature","properties":{"cho_uri":"https://linkeddata.cultureelerfgoed.nl/cho-kennis/id/rijksmonument/14357","rijksmonumentnummer":"45079","naam":null,"geometry_bron":"Polygon","monumentenregister_url":"https://monumentenregister.cultureelerfgoed.nl/monumenten/45079","oorspronkelijke_functie":"Archeologie (N1)","oorspronkelijke_functie_kort":"Archeologie","huidige_functie":null,"type":null,"datum_inschrijving_monumentenregister":"1967-04-18","monument_aard":null},"geometry":{"type":"Polygon","coordinates":[[[4.234027116073768,51.858374546507676],[4.233840801849514,51.85782707773502],[4.234860272062059,51.85769955399204],[4.2350397553239,51.85823077365598],[4.234643440841318,51.85828711116778],[4.234512311048084,51.858305599977506],[4.234063584618563,51.85836771337747],[4.23406213324327,51.85836769912382],[4.234060658848299,51.85836858355476],[4.234027116073768,51.858374546507676]]]}},{"type":"Feature","properties":{"cho_uri":"https://linkeddata.cultureelerfgoed.nl/cho-kennis/id/rijksmonument/15742","rijksmonumentnummer":"45571","naam":null,"geometry_bron":"Polygon","monumentenregister_url":"https://monumentenregister.cultureelerfgoed.nl/monumenten/45571","oorspronkelijke_functie":"Archeologie (N1)","oorspronkelijke_functie_kort":"Archeologie","huidige_functie":null,"type":null,"datum_inschrijving_monumentenregister":"1976-02-12","monument_aard":null},"geometry":{"type":"Polygon","coordinates":[[[4.536898096702823,52.144147652956896],[4.537063124421556,52.1443043413385],[4.537100522689283,52.144335171341496],[4.537129224810693,52.144362343312885],[4.537165111066718,52.1443958589102],[4.537199519490994,52.14443026268415],[4.537212204517873,52.14445462270114],[4.537210264674496,52.14447977616871],[4.537205608587972,52.14449412401471],[4.537199320622299,52.14451744847459],[4.537195971318771,52.14453989527304],[4.537185318110964,52.14456228943838],[4.537167429429745,52.1445810361126],[4.537146602059829,52.144600660443835],[4.537124382334868,52.14461667938782],[4.537100633364225,52.144636282655995],[4.537068222348437,52.144650430467095],[4.537022612920732,52.14466717965421],[4.536974167462659,52.144679414195195],[4.536902263849884,52.1446959738063],[4.536858286266026,52.144703746319955],[4.536814291549313,52.14471241753113],[4.536771757600829,52.144721099257545],[4.53672339761332,52.14472884012543],[4.536675037609145,52.14473658097346],[4.536631077067494,52.1447434546882],[4.536584229184672,52.14474850989063],[4.536533016055975,52.1447526347565],[4.536485306715681,52.14472622439862],[4.53646079873561,52.14470896973217],[4.536433403456697,52.14468989656098],[4.53640740048148,52.14467442877524],[4.53639007659211,52.14466351777233],[4.536361220588684,52.144644434047855],[4.536332330355362,52.14462714774411],[4.536304900925867,52.144609871970836],[4.536265888042217,52.14458711960449],[4.536237049270428,52.14456713713579],[4.536221254761939,52.144552641790916],[4.536202641484643,52.144532733083196],[4.5361898028165,52.144516461383866],[4.536178390674872,52.14450199764994],[4.536164142638807,52.14448301926713],[4.536158522229019,52.14447129382972],[4.536152987476222,52.144455074822666],[4.536151989232232,52.144430799008845],[4.536150905335114,52.144411016764224],[4.536154186630913,52.14439216485165],[4.53616327675745,52.144375152523835],[4.536174016083904,52.14434826488168],[4.536192024997312,52.144323227360864],[4.536207163736925,52.14429547261812],[4.536216133917245,52.144284751283195],[4.536229589179625,52.144268669279526],[4.536248870382488,52.14425352814104],[4.536281435520786,52.14423129212877],[4.536302126075403,52.144218857661016],[4.536325669646176,52.14421003911977],[4.5363565684279,52.1441985771165],[4.536397761070318,52.14418359400412],[4.536430154832644,52.144170345089876],[4.536465401611659,52.144160712093544],[4.536504996427878,52.14415290811972],[4.536548870793172,52.14415052801995],[4.536582502666858,52.144148972879975],[4.536620482595023,52.14414924675922],[4.536655506749647,52.14415129698795],[4.536689035901181,52.144155134101645],[4.536718165638767,52.14415983832277],[4.536755974392024,52.14416909929856],[4.536786616266936,52.144171117892654],[4.53685087290986,52.1441724799763],[4.536898096702823,52.144147652956896]]]}},{"type":"Feature","properties":{"cho_uri":"https://linkeddata.cultureelerfgoed.nl/cho-kennis/id/rijksmonument/15805","rijksmonumentnummer":"46177","naam":null,"geometry_bron":"Point","monumentenregister_url":"https://monumentenregister.cultureelerfgoed.nl/monumenten/46177","oorspronkelijke_functie":"Archeologie (N1)","oorspronkelijke_functie_kort":"Archeologie","huidige_functie":null,"type":null,"datum_inschrijving_monumentenregister":"1974-10-29","monument_aard":null},"geometry":{"type":"Point","coordinates":[4.500751060567599,52.20119792369558]}},{"type":"Feature","properties":{"cho_uri":"https://linkeddata.cultureelerfgoed.nl/cho-kennis/id/rijksmonument/16304","rijksmonumentnummer":"47113","naam":null,"geometry_bron":"Polygon","monumentenregister_url":"https://monumentenregister.cultureelerfgoed.nl/monumenten/47113","oorspronkelijke_functie":"Archeologie (N1)","oorspronkelijke_functie_kort":"Archeologie","huidige_functie":null,"type":null,"datum_inschrijving_monumentenregister":"1985-06-05","monument_aard":null},"geometry":{"type":"Polygon","coordinates":[[[4.98361041144782,51.89204105838584],[4.983846947059332,51.89206973443929],[4.98539360940981,51.892286259614814],[4.985146392177526,51.89296493549058],[4.983917267603749,51.89281421353953],[4.983911650189803,51.89279262215468],[4.98361041144782,51.89204105838584]]]}},{"type":"Feature","properties":{"cho_uri":"https://linkeddata.cultureelerfgoed.nl/cho-kennis/id/rijksmonument/16308","rijksmonumentnummer":"45576","naam":null,"geometry_bron":"Point","monumentenregister_url":"https://monumentenregister.cultureelerfgoed.nl/monumenten/45576","oorspronkelijke_functie":"Archeologie (N1)","oorspronkelijke_functie_kort":"Archeologie","huidige_functie":null,"type":null,"datum_inschrijving_monumentenregister":"1978-02-08","monument_aard":null},"geometry":{"type":"Point","coordinates":[4.518159038460563,52.149419665721105]}},{"type":"Feature","properties":{"cho_uri":"https://linkeddata.cultureelerfgoed.nl/cho-kennis/id/rijksmonument/16858","rijksmonumentnummer":"46142","naam":null,"geometry_bron":"Polygon","monumentenregister_url":"https://monumentenregister.cultureelerfgoed.nl/monumenten/46142","oorspronkelijke_functie":"Archeologie (N1)","oorspronkelijke_functie_kort":"Archeologie","huidige_functie":null,"type":null,"datum_inschrijving_monumentenregister":"1984-07-05","monument_aard":null},"geometry":{"type":"Polygon","coordinates":[[[4.742313536687159,51.85274343226179],[4.742202843760863,51.853276745577105],[4.74157688537368,51.853099826272924],[4.740849555789549,51.85290706510866],[4.740904390835679,51.85262602452961],[4.740992833133078,51.852632803263226],[4.74156555101749,51.852675503259114],[4.741764257902459,51.85268558417871],[4.742313536687159,51.85274343226179]]]}},{"type":"Feature","properties":{"cho_uri":"https://linkeddata.cultureelerfgoed.nl/cho-kennis/id/rijksmonument/19731","rijksmonumentnummer":"45862","naam":null,"geometry_bron":"Polygon","monumentenregister_url":"https://monumentenregister.cultureelerfgoed.nl/monumenten/45862","oorspronkelijke_functie":"Archeologie (N1)","oorspronkelijke_functie_kort":"Archeologie","huidige_functie":null,"type":null,"datum_inschrijving_monumentenregister":"1974-07-30","monument_aard":null},"geometry":{"type":"Polygon","coordinates":[[[4.388051029911234,51.85816456216766],[4.388041802756615,51.85818785482314],[4.387556352379711,51.85814866634229],[4.387495392426636,51.85814814736289],[4.387482329579759,51.858148036148876],[4.387302372546272,51.85814560499807],[4.387068313430046,51.858160690602645],[4.387043539331876,51.85816497404673],[4.387039145117199,51.85816673440121],[4.386634250045423,51.858226207362655],[4.386592611611928,51.857878880503606],[4.386581126838749,51.85780777022016],[4.386561872438138,51.8576943458305],[4.386554635664271,51.857497426949564],[4.386574123153768,51.8574697273837],[4.386606094016812,51.85746820204094],[4.386604229848865,51.85742144380362],[4.386784203913007,51.857422977295855],[4.386839197504634,51.857430636951676],[4.386901408200925,51.85744015584609],[4.386938785305888,51.85745665429474],[4.38700793363249,51.85748061449193],[4.387059784943462,51.85749903397381],[4.38709750154483,51.85750025411038],[4.38714247518062,51.857501536041795],[4.387177368823378,51.85749913654482],[4.387261710082228,51.85749266367671],[4.387388221925785,51.85748295426075],[4.387393987633315,51.85748480113649],[4.387712798183716,51.85750998754799],[4.38780851124412,51.85751439777776],[4.387744748925155,51.85777093796281],[4.388175954525776,51.85783393425132],[4.388174503108229,51.857833921902724],[4.388051029911234,51.85816456216766]]]}},{"type":"Feature","properties":{"cho_uri":"https://linkeddata.cultureelerfgoed.nl/cho-kennis/id/rijksmonument/20905","rijksmonumentnummer":"47120","naam":null,"geometry_bron":"Polygon","monumentenregister_url":"https://monumentenregister.cultureelerfgoed.nl/monumenten/47120","oorspronkelijke_functie":"Archeologie (N1)","oorspronkelijke_functie_kort":"Archeologie","huidige_functie":null,"type":null,"datum_inschrijving_monumentenregister":"1985-09-16","monument_aard":null},"geometry":{"type":"Polygon","coordinates":[[[4.831009975820032,51.860953202819864],[4.831345858435745,51.860322002416524],[4.833552736635851,51.860771065146466],[4.832976115008507,51.861855954061284],[4.831403472699883,51.86153482391598],[4.831621935242544,51.86112508303287],[4.831009975820032,51.860953202819864]]]}},{"type":"Feature","properties":{"cho_uri":"https://linkeddata.cultureelerfgoed.nl/cho-kennis/id/rijksmonument/21481","rijksmonumentnummer":"47119","naam":null,"geometry_bron":"Point","monumentenregister_url":"https://monumentenregister.cultureelerfgoed.nl/monumenten/47119","oorspronkelijke_functie":"Archeologie (N1)","oorspronkelijke_functie_kort":"Archeologie","huidige_functie":null,"type":null,"datum_inschrijving_monumentenregister":"1985-09-23","monument_aard":null},"geometry":{"type":"Point","coordinates":[4.958476052872901,51.924476259839224]}},{"type":"Feature","properties":{"cho_uri":"https://linkeddata.cultureelerfgoed.nl/cho-kennis/id/rijksmonument/22116","rijksmonumentnummer":"46222","naam":null,"geometry_bron":"Polygon","monumentenregister_url":"https://monumentenregister.cultureelerfgoed.nl/monumenten/46222","oorspronkelijke_functie":"Archeologie (N1)","oorspronkelijke_functie_kort":"Archeologie","huidige_functie":null,"type":null,"datum_inschrijving_monumentenregister":"1984-08-29","monument_aard":null},"geometry":{"type":"Polygon","coordinates":[[[4.680827037795923,51.867211886790734],[4.681499196990815,51.86712514242049],[4.681742527919865,51.867626370675225],[4.681055801140538,51.86771572546205],[4.680827037795923,51.867211886790734]]]}},{"type":"Feature","properties":{"cho_uri":"https://linkeddata.cultureelerfgoed.nl/cho-kennis/id/rijksmonument/23894","rijksmonumentnummer":"45429","naam":null,"geometry_bron":"Polygon","monumentenregister_url":"https://monumentenregister.cultureelerfgoed.nl/monumenten/45429","oorspronkelijke_functie":"Archeologie (N1)","oorspronkelijke_functie_kort":"Archeologie","huidige_functie":null,"type":null,"datum_inschrijving_monumentenregister":"1976-09-24","monument_aard":null},"geometry":{"type":"Polygon","coordinates":[[[3.940919399376796,51.802965965932195],[3.940934902790556,51.80293469341989],[3.941028680524553,51.80276864271649],[3.941059254712099,51.80271957675126],[3.941093860137251,51.802680449050335],[3.941140522185467,51.802627086580145],[3.941202983899192,51.80257841365754],[3.941301644102028,51.80248613777115],[3.94140323158906,51.80239299892151],[3.941520693624855,51.80239264865669],[3.941604905036639,51.8023891916386],[3.941715350345702,51.80238156301835],[3.941801097580601,51.80237542790031],[3.941843217665184,51.80237324999483],[3.941910006973973,51.80237047705656],[3.941986884724892,51.802369626293206],[3.942075041151714,51.80237880299999],[3.942197235338806,51.80241177192436],[3.942335498348983,51.802486290861474],[3.942382178075055,51.80252282425903],[3.942413230746562,51.802549276596],[3.942427350844639,51.80256113699981],[3.942466697119858,51.80260027692549],[3.942512714833558,51.80265747822462],[3.942565634401074,51.80272555203595],[3.94260182291859,51.80277274367665],[3.942613917865796,51.802802558342336],[3.942618592823855,51.80283767540046],[3.942609992381326,51.8028798206676],[3.942582299753061,51.80297476953114],[3.942554434251798,51.8030751100265],[3.942534593346721,51.80315127738704],[3.942545123714691,51.80318466863478],[3.942582512776367,51.803284913771286],[3.942601077806115,51.80333908006474],[3.942586794537091,51.80337755950233],[3.942551604878693,51.80352545474191],[3.942477969643707,51.803515558291394],[3.942017987569896,51.803480226712935],[3.941957109730916,51.803479476710926],[3.94189600144728,51.8034859155284],[3.941831734936638,51.803500406053075],[3.941639635545878,51.80356725903985],[3.94153710621531,51.8035992571226],[3.941454082680697,51.80361081940286],[3.941339516423728,51.8036112053194],[3.941233964034047,51.803601813655725],[3.941130091734636,51.803585250916086],[3.940865290850316,51.80352265493929],[3.940699985274109,51.803477466560956],[3.940583125886396,51.80345894526794],[3.940652165664185,51.80338608178651],[3.940709926610429,51.80330319061369],[3.940776585919138,51.803214116401456],[3.94081173968987,51.803157915273225],[3.940856166655652,51.803083849238995],[3.940919399376796,51.802965965932195]]]}},{"type":"Feature","properties":{"cho_uri":"https://linkeddata.cultureelerfgoed.nl/cho-kennis/id/rijksmonument/26077","rijksmonumentnummer":"45428","naam":null,"geometry_bron":"Point","monumentenregister_url":"https://monumentenregister.cultureelerfgoed.nl/monumenten/45428","oorspronkelijke_functie":"Archeologie (N1)","oorspronkelijke_functie_kort":"Archeologie","huidige_functie":null,"type":null,"datum_inschrijving_monumentenregister":"1976-09-24","monument_aard":null},"geometry":{"type":"Point","coordinates":[3.98165695185144,51.823632166729624]}},{"type":"Feature","properties":{"cho_uri":"https://linkeddata.cultureelerfgoed.nl/cho-kennis/id/rijksmonument/26775","rijksmonumentnummer":"45652","naam":null,"geometry_bron":"Polygon","monumentenregister_url":"https://monumentenregister.cultureelerfgoed.nl/monumenten/45652","oorspronkelijke_functie":"Archeologie (N1)","oorspronkelijke_functie_kort":"Archeologie","huidige_functie":null,"type":null,"datum_inschrijving_monumentenregister":"1976-02-12","monument_aard":null},"geometry":{"type":"Polygon","coordinates":[[[4.59409213417635,52.1345088101309],[4.59331307086387,52.13421054894553],[4.593910120234095,52.133654593145344],[4.594715194880609,52.1339683053906],[4.594523782040608,52.13413689854737],[4.59409213417635,52.1345088101309]]]}},{"type":"Feature","properties":{"cho_uri":"https://linkeddata.cultureelerfgoed.nl/cho-kennis/id/rijksmonument/27203","rijksmonumentnummer":"45867","naam":null,"geometry_bron":"Polygon","monumentenregister_url":"https://monumentenregister.cultureelerfgoed.nl/monumenten/45867","oorspronkelijke_functie":"Archeologie (N1)","oorspronkelijke_functie_kort":"Archeologie","huidige_functie":null,"type":null,"datum_inschrijving_monumentenregister":"1984-04-16","monument_aard":null},"geometry":{"type":"Polygon","coordinates":[[[4.684807357423947,51.85433620283433],[4.684807371443241,51.854335304056406],[4.684536998372643,51.85426717074718],[4.684422843299934,51.854234128589184],[4.68425560426783,51.854161218641345],[4.684038302855282,51.854133850642214],[4.684028696299404,51.85419132027561],[4.684011678370846,51.85425863300724],[4.68304608461341,51.854372395458455],[4.683261922261557,51.85319348377895],[4.685007563905984,51.853318989768866],[4.684967986157224,51.85352998562806],[4.684807357423947,51.85433620283433]]]}},{"type":"Feature","properties":{"cho_uri":"https://linkeddata.cultureelerfgoed.nl/cho-kennis/id/rijksmonument/28066","rijksmonumentnummer":"46224","naam":null,"geometry_bron":"Polygon","monumentenregister_url":"https://monumentenregister.cultureelerfgoed.nl/monumenten/46224","oorspronkelijke_functie":"Archeologie (N1)","oorspronkelijke_functie_kort":"Archeologie","huidige_functie":null,"type":null,"datum_inschrijving_monumentenregister":"1984-08-29","monument_aard":null},"geometry":{"type":"Polygon","coordinates":[[[4.680127295116751,51.85398722214095],[4.680086258924585,51.854104725986666],[4.680028401065196,51.8540917934993],[4.679944446528397,51.85407690608387],[4.679780750580959,51.854056145075496],[4.679580770179404,51.854035165193295],[4.679304135092103,51.853996644509124],[4.679306250536702,51.85395441073559],[4.679350053909006,51.853753329641265],[4.679444916277833,51.85335121112508],[4.6796982043069,51.85238106727618],[4.680203184893848,51.85229691913134],[4.680608776401987,51.85271912914539],[4.680127295116751,51.85398722214095]]]}},{"type":"Feature","properties":{"cho_uri":"https://linkeddata.cultureelerfgoed.nl/cho-kennis/id/rijksmonument/28578","rijksmonumentnummer":"508082","naam":null,"geometry_bron":"Point","monumentenregister_url":"https://monumentenregister.cultureelerfgoed.nl/monumenten/508082","oorspronkelijke_functie":"Archeologie (N1)","oorspronkelijke_functie_kort":"Archeologie","huidige_functie":null,"type":null,"datum_inschrijving_monumentenregister":"2000-01-12","monument_aard":null},"geometry":{"type":"Point","coordinates":[4.237772960876085,51.951934990122574]}},{"type":"Feature","properties":{"cho_uri":"https://linkeddata.cultureelerfgoed.nl/cho-kennis/id/rijksmonument/32363","rijksmonumentnummer":"47122","naam":null,"geometry_bron":"Polygon","monumentenregister_url":"https://monumentenregister.cultureelerfgoed.nl/monumenten/47122","oorspronkelijke_functie":"Archeologie (N1)","oorspronkelijke_functie_kort":"Archeologie","huidige_functie":null,"type":null,"datum_inschrijving_monumentenregister":"1989-04-17","monument_aard":null},"geometry":{"type":"Polygon","coordinates":[[[4.246042547464166,52.02307321060088],[4.246391212601014,52.02317097330087],[4.24637914697595,52.02318703637563],[4.247710092785032,52.02356307793983],[4.247367271426461,52.023865381261906],[4.247360033458417,52.02386351340347],[4.245700763244384,52.023391699197276],[4.245686310499352,52.023387064608606],[4.245669150389045,52.02337431376411],[4.245659251001231,52.0233625322133],[4.245679671213592,52.023190143534876],[4.245705007810055,52.02316791699121],[4.245910098741708,52.0232391199536],[4.246042547464166,52.02307321060088]]]}},{"type":"Feature","properties":{"cho_uri":"https://linkeddata.cultureelerfgoed.nl/cho-kennis/id/rijksmonument/33064","rijksmonumentnummer":"47106","naam":null,"geometry_bron":"Polygon","monumentenregister_url":"https://monumentenregister.cultureelerfgoed.nl/monumenten/47106","oorspronkelijke_functie":"Archeologie (N1)","oorspronkelijke_functie_kort":"Archeologie","huidige_functie":null,"type":null,"datum_inschrijving_monumentenregister":"1985-03-22","monument_aard":null},"geometry":{"type":"Polygon","coordinates":[[[4.831223861387543,51.9316718273609],[4.83143275841288,51.93124047202514],[4.831571858149779,51.93116203135569],[4.832155031007877,51.931269950262795],[4.832722257953748,51.93137419570164],[4.83276317942402,51.931475058951165],[4.832730084067033,51.93156478706223],[4.83195476812668,51.93253277623849],[4.83192144935897,51.932522731634904],[4.831889262420646,51.932538758776325],[4.831676075613987,51.93249370849464],[4.83152672972114,51.93245974564972],[4.831381723670514,51.93242760081275],[4.831322378553682,51.93240574806246],[4.831283310944815,51.93239028304783],[4.831254376523389,51.932378461299706],[4.831167187175938,51.93225670537693],[4.831138675551974,51.93221072961161],[4.831147421460954,51.93220897328923],[4.831193861731909,51.93209863536444],[4.831219468436875,51.9320268491067],[4.83122096686063,51.93202326082488],[4.831351737572309,51.93179557329054],[4.831199341803186,51.93177328054356],[4.831183393065246,51.931769609757474],[4.831182072601607,51.931758817411165],[4.831223861387543,51.9316718273609]]]}},{"type":"Feature","properties":{"cho_uri":"https://linkeddata.cultureelerfgoed.nl/cho-kennis/id/rijksmonument/33768","rijksmonumentnummer":"341108","naam":null,"geometry_bron":"Polygon","monumentenregister_url":"https://monumentenregister.cultureelerfgoed.nl/monumenten/341108","oorspronkelijke_functie":"Archeologie (N1)","oorspronkelijke_functie_kort":"Archeologie","huidige_functie":null,"type":null,"datum_inschrijving_monumentenregister":"1987-11-02","monument_aard":null},"geometry":{"type":"Polygon","coordinates":[[[4.692870861052221,51.826075377019805],[4.69288550438795,51.82606647499763],[4.692910231891292,51.82606212694326],[4.692933508903543,51.826057770304274],[4.692953815712365,51.82605789041389],[4.692993006533073,51.82605632447945],[4.693126354383045,51.82606340511577],[4.69318141751005,51.82606732615828],[4.693255226261424,51.826078548915575],[4.693298616328409,51.826086895211],[4.693324628235666,51.826093341032326],[4.693362133355323,51.82610704570004],[4.693390921730325,51.8261215976961],[4.693406711068333,51.82613247739445],[4.693438192917411,51.82616052826135],[4.693449561632748,51.82617587614622],[4.693458057044887,51.82618940931946],[4.693462187153451,51.826203815555914],[4.693466261924026,51.826221816921674],[4.693468803194829,51.8262452024086],[4.693468401976302,51.826271267096956],[4.693466453416796,51.82630361468889],[4.693464518689615,51.82633506349831],[4.693456643619956,51.82637546583944],[4.693447331873622,51.826414960824444],[4.693436583447403,51.82645354845292],[4.69342753455168,51.82647596657168],[4.693418499483119,51.82649748590731],[4.693410984089065,51.826514519904116],[4.693390303479606,51.826538666995724],[4.693377027569246,51.8265529703481],[4.693356388436334,51.826574421086626],[4.693340225335386,51.82658780850403],[4.69330947415495,51.82660650286608],[4.69327162265672,51.82661526773885],[4.693223534570385,51.82662936526267],[4.693181373044097,51.826635408031834],[4.693131945138686,51.82664230668347],[4.693089838959485,51.82664475429065],[4.693065138839938,51.82664730481754],[4.693034692071653,51.82664622589767],[4.693008624509567,51.82664337514094],[4.692986894621261,51.82664144889711],[4.692969530095287,51.82663864960394],[4.692953671458615,51.82663226375848],[4.69294076921889,51.82662229994064],[4.692927894676968,51.826610538556906],[4.692922355737445,51.82659342737632],[4.692867821608117,51.826084347682254],[4.692870861052221,51.826075377019805]]]}},{"type":"Feature","properties":{"cho_uri":"https://linkeddata.cultureelerfgoed.nl/cho-kennis/id/rijksmonument/34141","rijksmonumentnummer":"47108","naam":null,"geometry_bron":"Polygon","monumentenregister_url":"https://monumentenregister.cultureelerfgoed.nl/monumenten/47108","oorspronkelijke_functie":"Archeologie (N1)","oorspronkelijke_functie_kort":"Archeologie","huidige_functie":null,"type":null,"datum_inschrijving_monumentenregister":"1985-03-22","monument_aard":null},"geometry":{"type":"Polygon","coordinates":[[[4.859901053114912,51.92549766649122],[4.860100638113615,51.9252145277816],[4.860178991599771,51.92522746281064],[4.860324142672662,51.92524698903993],[4.860505573791971,51.92527207066988],[4.860830471315939,51.9253364445727],[4.860939206158322,51.92536209888005],[4.860684109990466,51.9256683602671],[4.859901053114912,51.92549766649122]]]}},{"type":"Feature","properties":{"cho_uri":"https://linkeddata.cultureelerfgoed.nl/cho-kennis/id/rijksmonument/34906","rijksmonumentnummer":"47131","naam":null,"geometry_bron":"Polygon","monumentenregister_url":"https://monumentenregister.cultureelerfgoed.nl/monumenten/47131","oorspronkelijke_functie":"Archeologie (N1)","oorspronkelijke_functie_kort":"Archeologie","huidige_functie":null,"type":null,"datum_inschrijving_monumentenregister":"1985-03-15","monument_aard":null},"geometry":{"type":"Polygon","coordinates":[[[4.868791151021523,51.88137435711601],[4.869656514569116,51.881522886360656],[4.869568584551334,51.88171754843745],[4.869373521278881,51.882134651956086],[4.869178682012996,51.88253198153098],[4.869076590066778,51.882442545677755],[4.868783398019369,51.882173396458256],[4.86853028406057,51.88195565760871],[4.868791151021523,51.88137435711601]]]}},{"type":"Feature","properties":{"cho_uri":"https://linkeddata.cultureelerfgoed.nl/cho-kennis/id/rijksmonument/35350","rijksmonumentnummer":"45869","naam":null,"geometry_bron":"Polygon","monumentenregister_url":"https://monumentenregister.cultureelerfgoed.nl/monumenten/45869","oorspronkelijke_functie":"Archeologie (N1)","oorspronkelijke_functie_kort":"Archeologie","huidige_functie":null,"type":null,"datum_inschrijving_monumentenregister":"1984-04-16","monument_aard":null},"geometry":{"type":"Polygon","coordinates":[[[4.691044467772767,51.85209023627577],[4.692690895442871,51.85234177933768],[4.692527714546925,51.85313450862401],[4.692487187434331,51.85312707797642],[4.692188712989191,51.85450326601444],[4.691289676960409,51.85444400989419],[4.69126983643255,51.85450681259788],[4.690595476642279,51.8544677585498],[4.691038634687072,51.85209199941695],[4.691044467772767,51.85209023627577]]]}},{"type":"Feature","properties":{"cho_uri":"https://linkeddata.cultureelerfgoed.nl/cho-kennis/id/rijksmonument/36882","rijksmonumentnummer":"45731","naam":null,"geometry_bron":"Point","monumentenregister_url":"https://monumentenregister.cultureelerfgoed.nl/monumenten/45731","oorspronkelijke_functie":"Archeologie (N1)","oorspronkelijke_functie_kort":"Archeologie","huidige_functie":null,"type":null,"datum_inschrijving_monumentenregister":"1976-09-24","monument_aard":null},"geometry":{"type":"Point","coordinates":[4.570020095260687,51.78715519884621]}},{"type":"Feature","properties":{"cho_uri":"https://linkeddata.cultureelerfgoed.nl/cho-kennis/id/rijksmonument/37079","rijksmonumentnummer":"45863","naam":null,"geometry_bron":"Polygon","monumentenregister_url":"https://monumentenregister.cultureelerfgoed.nl/monumenten/45863","oorspronkelijke_functie":"Archeologie (N1)","oorspronkelijke_functie_kort":"Archeologie","huidige_functie":null,"type":null,"datum_inschrijving_monumentenregister":"1974-07-30","monument_aard":null},"geometry":{"type":"Polygon","coordinates":[[[4.387652110828738,51.856581815137595],[4.387738574977016,51.85661041677042],[4.387794001688135,51.85666392312934],[4.38784660556253,51.856713809870804],[4.387919269600535,51.85677555289404],[4.3879935647351,51.856829219729065],[4.388030542835684,51.85686369226225],[4.388040283696745,51.856882651866826],[4.388042667904484,51.85690604332775],[4.388039286451137,51.8569275879448],[4.388034553330718,51.85694462660366],[4.38797150063886,51.857038473637886],[4.387751567416536,51.857006039540245],[4.38765893779673,51.85699356548329],[4.387570602535272,51.85698382458578],[4.38738383227787,51.856961559919746],[4.387370829650551,51.856958752530005],[4.387259551749283,51.85693623156138],[4.3872537661568,51.856935283400496],[4.387175730549894,51.85691933767566],[4.387096243611425,51.856903379537236],[4.387096263575172,51.85690248081588],[4.38700469252823,51.85684237401207],[4.387003261108639,51.85684146292774],[4.386987555428692,51.856829643556246],[4.386954373245171,51.856820371984675],[4.386913954122099,51.856810139862105],[4.387089401834738,51.85649252788901],[4.387114214933438,51.85648644698909],[4.387141910809949,51.85648128952787],[4.387175412173817,51.85647618150362],[4.387205970861006,51.856472846191785],[4.387377786187956,51.856514759426204],[4.387439856039031,51.85653056908357],[4.387652110828738,51.856581815137595]]]}},{"type":"Feature","properties":{"cho_uri":"https://linkeddata.cultureelerfgoed.nl/cho-kennis/id/rijksmonument/37881","rijksmonumentnummer":"45080","naam":null,"geometry_bron":"Polygon","monumentenregister_url":"https://monumentenregister.cultureelerfgoed.nl/monumenten/45080","oorspronkelijke_functie":"Archeologie (N1)","oorspronkelijke_functie_kort":"Archeologie","huidige_functie":null,"type":null,"datum_inschrijving_monumentenregister":"1967-04-18","monument_aard":null},"geometry":{"type":"Polygon","coordinates":[[[4.240664371019522,51.86196956180037],[4.240692109636353,51.86196354027131],[4.240814653088599,51.86194046613982],[4.240820481948804,51.86193962413588],[4.240836539921728,51.861936185266075],[4.240925538705524,51.86191907589928],[4.240995576490414,51.86190537702246],[4.241027669500024,51.86189939791859],[4.241037898592512,51.86189680103542],[4.241090404002177,51.86188742551731],[4.243217208855905,51.86149376759585],[4.243234147003172,51.8615128097023],[4.243264148494648,51.86153197906887],[4.243275531965327,51.8615410790559],[4.243308002550688,51.86157735173671],[4.243391196621469,51.86167434541359],[4.243420581741391,51.86171777927867],[4.24343454857858,51.86173948913937],[4.243454047370576,51.86177203978939],[4.243476243664638,51.86181270689091],[4.243492816701853,51.86184612794572],[4.2435050809532,51.86187770921318],[4.243518477049886,51.861921886228956],[4.243528970182116,51.86196603496911],[4.243531188182379,51.861993023841286],[4.243530777187828,51.86200920020016],[4.243525988868415,51.86202623283461],[4.243514960720329,51.86206028396566],[4.243497943887999,51.86210146803884],[4.24349481255067,51.862110426629876],[4.243493132712222,51.86211939935828],[4.243492972875145,51.86212569016433],[4.243496847866465,51.86214460499475],[4.243497934026836,51.86215899811745],[4.243501854690458,51.86217611557444],[4.24350607219452,51.86218155010583],[4.243510061363877,51.86219597150284],[4.243521171050999,51.86221585570486],[4.243539378436304,51.86224210139643],[4.243550647977298,51.86225569478959],[4.24357479841148,51.86227660490296],[4.243597565857828,51.86229480481549],[4.243614687117782,51.862306657373786],[4.243643374777747,51.862320420388166],[4.243679319990998,51.86233425407152],[4.243700818639981,51.862345250336105],[4.243715151078478,51.86235258117697],[4.243735129749284,51.862366259360385],[4.243745130503736,51.86237264910757],[4.243759325985844,51.86238537206276],[4.243773384505237,51.86240348713595],[4.243790300399653,51.86242342784836],[4.24382957304076,51.862477744785174],[4.243867462742637,51.86252935151604],[4.2439038553639,51.86258274147551],[4.243906598612986,51.8625890605467],[4.243920543126498,51.86261166903533],[4.243951015679526,51.862669495884184],[4.243957930895626,51.862683046842655],[4.243982825707833,51.86273183028957],[4.243988631788209,51.862731886815205],[4.243735646813837,51.862803134118906],[4.243563088547221,51.862851792567916],[4.243871147347521,51.86329885335948],[4.243674563596963,51.863378739863926],[4.24366603700199,51.86337146555988],[4.243642606867313,51.863379327569206],[4.243586991659905,51.86339676412869],[4.243719089219598,51.86362637337118],[4.243818949322756,51.863639031552886],[4.243829087339577,51.86364002917378],[4.24402617851707,51.86365453276521],[4.244039393048957,51.863705899207126],[4.244065443354066,51.863766379688],[4.244138619107221,51.86385788179225],[4.244030222486726,51.86389547967158],[4.243885102998286,51.863949799179814],[4.243797164767106,51.863982202580374],[4.243845125306604,51.8640375029947],[4.243908619456353,51.864110033890526],[4.243590648591986,51.8641671645694],[4.243496045603234,51.86417613121391],[4.243440794733104,51.86417918871781],[4.243366627814174,51.86418385976029],[4.243142789611341,51.8641933650332],[4.243086087130382,51.864196408228054],[4.243011953495941,51.86414265029816],[4.242566787591125,51.86349199639277],[4.242001358937294,51.86363120783279],[4.241702595995065,51.86327592145264],[4.241637883757777,51.863194388350145],[4.241413004422888,51.86290274557094],[4.24104568968945,51.86244611066835],[4.240664371019522,51.86196956180037]]]}},{"type":"Feature","properties":{"cho_uri":"https://linkeddata.cultureelerfgoed.nl/cho-kennis/id/rijksmonument/37989","rijksmonumentnummer":"47121","naam":null,"geometry_bron":"Polygon","monumentenregister_url":"https://monumentenregister.cultureelerfgoed.nl/monumenten/47121","oorspronkelijke_functie":"Archeologie (N1)","oorspronkelijke_functie_kort":"Archeologie","huidige_functie":null,"type":null,"datum_inschrijving_monumentenregister":"1985-09-16","monument_aard":null},"geometry":{"type":"Polygon","coordinates":[[[4.849179634582422,51.86801110816754],[4.849593978357563,51.86711505590083],[4.84961643220587,51.86705853122604],[4.84969300115969,51.8669689968054],[4.849730080493178,51.86690355055149],[4.849865147910051,51.86665698522574],[4.851553920215979,51.867372092015174],[4.851481827493919,51.86745176072108],[4.85101908141491,51.868391642126],[4.849179634582422,51.86801110816754]]]}},{"type":"Feature","properties":{"cho_uri":"https://linkeddata.cultureelerfgoed.nl/cho-kennis/id/rijksmonument/38393","rijksmonumentnummer":"47124","naam":null,"geometry_bron":"Polygon","monumentenregister_url":"https://monumentenregister.cultureelerfgoed.nl/monumenten/47124","oorspronkelijke_functie":"Archeologie (N1)","oorspronkelijke_functie_kort":"Archeologie","huidige_functie":null,"type":null,"datum_inschrijving_monumentenregister":"1985-05-20","monument_aard":null},"geometry":{"type":"Polygon","coordinates":[[[4.968989932464614,51.88676408881671],[4.969274037923428,51.88667162031424],[4.969355177366161,51.88669348100593],[4.969506095156343,51.88670929782024],[4.969671579729472,51.88672067200338],[4.969784599370248,51.886750735222186],[4.969878519931497,51.88680410032451],[4.969995072375216,51.8869231609675],[4.970113152926826,51.88703413736274],[4.970163524182762,51.88708465113349],[4.970215248108615,51.88714595575204],[4.969435659042142,51.8872555416753],[4.96941529880137,51.88725816580733],[4.968992812400425,51.88676679558412],[4.968989932464614,51.88676408881671]]]}},{"type":"Feature","properties":{"cho_uri":"https://linkeddata.cultureelerfgoed.nl/cho-kennis/id/rijksmonument/39097","rijksmonumentnummer":"45868","naam":null,"geometry_bron":"Polygon","monumentenregister_url":"https://monumentenregister.cultureelerfgoed.nl/monumenten/45868","oorspronkelijke_functie":"Archeologie (N1)","oorspronkelijke_functie_kort":"Archeologie","huidige_functie":null,"type":null,"datum_inschrijving_monumentenregister":"1984-04-16","monument_aard":null},"geometry":{"type":"Polygon","coordinates":[[[4.689319890884195,51.85210606637805],[4.689019473242117,51.853601783934614],[4.688796310346451,51.85357798533683],[4.688345449829842,51.85354204507793],[4.688301950561237,51.85353908960389],[4.688251236297395,51.85353339458417],[4.688085975442498,51.85351982674048],[4.687952756462185,51.853499258576434],[4.688289573614149,51.85171792220669],[4.68896344832176,51.85197271361377],[4.689319890884195,51.85210606637805]]]}},{"type":"Feature","properties":{"cho_uri":"https://linkeddata.cultureelerfgoed.nl/cho-kennis/id/rijksmonument/41241","rijksmonumentnummer":"47133","naam":null,"geometry_bron":"Polygon","monumentenregister_url":"https://monumentenregister.cultureelerfgoed.nl/monumenten/47133","oorspronkelijke_functie":"Archeologie (N1)","oorspronkelijke_functie_kort":"Archeologie","huidige_functie":null,"type":null,"datum_inschrijving_monumentenregister":"1985-03-15","monument_aard":null},"geometry":{"type":"Polygon","coordinates":[[[4.86269634608962,51.89114561829711],[4.862822535640281,51.8911623606945],[4.862993704241666,51.89118379784292],[4.86306476760152,51.89119400213169],[4.863095220345291,51.89119863218456],[4.863346032384233,51.89124199628922],[4.862955769100001,51.89157192948638],[4.862899262950755,51.89155909355317],[4.862628102220213,51.891516536507005],[4.862298899620103,51.89146832650806],[4.86269634608962,51.89114561829711]]]}},{"type":"Feature","properties":{"cho_uri":"https://linkeddata.cultureelerfgoed.nl/cho-kennis/id/rijksmonument/42619","rijksmonumentnummer":"45987","naam":null,"geometry_bron":"Point","monumentenregister_url":"https://monumentenregister.cultureelerfgoed.nl/monumenten/45987","oorspronkelijke_functie":"Archeologie (N1)","oorspronkelijke_functie_kort":"Archeologie","huidige_functie":null,"type":null,"datum_inschrijving_monumentenregister":"1983-09-15","monument_aard":null},"geometry":{"type":"Point","coordinates":[4.327561343186615,51.82550397280079]}},{"type":"Feature","properties":{"cho_uri":"https://linkeddata.cultureelerfgoed.nl/cho-kennis/id/rijksmonument/43016","rijksmonumentnummer":"46175","naam":null,"geometry_bron":"Polygon","monumentenregister_url":"https://monumentenregister.cultureelerfgoed.nl/monumenten/46175","oorspronkelijke_functie":"Archeologie (N1)","oorspronkelijke_functie_kort":"Archeologie","huidige_functie":null,"type":null,"datum_inschrijving_monumentenregister":"1974-10-30","monument_aard":null},"geometry":{"type":"Polygon","coordinates":[[[4.27074729201393,52.025640909147846],[4.26794112639,52.02510369643043],[4.26904479689158,52.02356090970635],[4.26994591305806,52.02382744546476],[4.269293456068856,52.0248073291166],[4.269478892394467,52.02485043860001],[4.270142977853582,52.023929990743916],[4.270755734642325,52.02407423187928],[4.270894194870453,52.02413127580445],[4.270311230365279,52.0249545189139],[4.270298029692312,52.02495798921686],[4.27024500334815,52.02503928470418],[4.270415963287044,52.025078659805565],[4.271088033161846,52.02412951816132],[4.271705973906547,52.0242998711318],[4.27074729201393,52.025640909147846]]]}},{"type":"Feature","properties":{"cho_uri":"https://linkeddata.cultureelerfgoed.nl/cho-kennis/id/rijksmonument/43195","rijksmonumentnummer":"46221","naam":null,"geometry_bron":"Polygon","monumentenregister_url":"https://monumentenregister.cultureelerfgoed.nl/monumenten/46221","oorspronkelijke_functie":"Archeologie (N1)","oorspronkelijke_functie_kort":"Archeologie","huidige_functie":null,"type":null,"datum_inschrijving_monumentenregister":"1984-08-29","monument_aard":null},"geometry":{"type":"Polygon","coordinates":[[[4.679846576953404,51.860307226965865],[4.679844179271739,51.86036743624496],[4.679813032205016,51.86040949512717],[4.67975448844261,51.8604397037691],[4.679686037692315,51.86045367319064],[4.679195706651384,51.86052352594622],[4.679139136916665,51.86052048830705],[4.679078410317106,51.86050484151441],[4.679032482423788,51.860471306697285],[4.678998195598574,51.8604360443392],[4.678805940980209,51.86010680033175],[4.678776886150917,51.86001584004424],[4.678796534439021,51.859966521177284],[4.678831739909043,51.859943363133716],[4.679434811148996,51.859812169973395],[4.679639680336048,51.85980082042009],[4.679841575678529,51.859793946905405],[4.67988908796953,51.860096250552765],[4.679886588748203,51.86025533398907],[4.679846576953404,51.860307226965865]]]}},{"type":"Feature","properties":{"cho_uri":"https://linkeddata.cultureelerfgoed.nl/cho-kennis/id/rijksmonument/46067","rijksmonumentnummer":"47104","naam":null,"geometry_bron":"Polygon","monumentenregister_url":"https://monumentenregister.cultureelerfgoed.nl/monumenten/47104","oorspronkelijke_functie":"Archeologie (N1)","oorspronkelijke_functie_kort":"Archeologie","huidige_functie":null,"type":null,"datum_inschrijving_monumentenregister":"1985-08-27","monument_aard":null},"geometry":{"type":"Polygon","coordinates":[[[4.885812819223709,51.90954875118966],[4.886437545942553,51.9096961277704],[4.886579631851614,51.909726394762934],[4.887087161642593,51.90982742777544],[4.886733519483712,51.91052432202564],[4.886569898754374,51.91086158945024],[4.886387763432654,51.911164621804296],[4.886220138451382,51.9114695133968],[4.886076234725367,51.91173226035691],[4.886018173704788,51.91185605284954],[4.884714533936791,51.91159341879631],[4.885351487683352,51.91038719883835],[4.885586044392676,51.90994507140314],[4.885799740233581,51.909548695399224],[4.885812819223709,51.90954875118966]]]}},{"type":"Feature","properties":{"cho_uri":"https://linkeddata.cultureelerfgoed.nl/cho-kennis/id/rijksmonument/46413","rijksmonumentnummer":"47105","naam":null,"geometry_bron":"Polygon","monumentenregister_url":"https://monumentenregister.cultureelerfgoed.nl/monumenten/47105","oorspronkelijke_functie":"Archeologie (N1)","oorspronkelijke_functie_kort":"Archeologie","huidige_functie":null,"type":null,"datum_inschrijving_monumentenregister":"1985-08-27","monument_aard":null},"geometry":{"type":"Polygon","coordinates":[[[4.919512748735718,51.89533319371277],[4.919335372790487,51.89576483012515],[4.919171769595436,51.89571024823213],[4.919003799109207,51.8956565475515],[4.918782282217463,51.89558285871325],[4.918488314707,51.895490903698466],[4.917626851913436,51.89520612747767],[4.917133328796816,51.89502528509317],[4.916550331524945,51.89478745532932],[4.916421601218572,51.8947330092383],[4.917023307562311,51.89331974333937],[4.91706084298324,51.89334236454279],[4.917102708375072,51.89336769957898],[4.917132952178156,51.89339298811369],[4.917170421977021,51.893421900907505],[4.917906350354193,51.89403875060964],[4.918141092152073,51.89423653399373],[4.918605070570798,51.89460331445916],[4.91867423122626,51.89465841951298],[4.919129118345075,51.89506201409589],[4.919512748735718,51.89533319371277]]]}},{"type":"Feature","properties":{"cho_uri":"https://linkeddata.cultureelerfgoed.nl/cho-kennis/id/rijksmonument/47325","rijksmonumentnummer":"47123","naam":null,"geometry_bron":"Polygon","monumentenregister_url":"https://monumentenregister.cultureelerfgoed.nl/monumenten/47123","oorspronkelijke_functie":"Archeologie (N1)","oorspronkelijke_functie_kort":"Archeologie","huidige_functie":null,"type":null,"datum_inschrijving_monumentenregister":"1985-05-20","monument_aard":null},"geometry":{"type":"Polygon","coordinates":[[[4.921711783762596,51.894683973120024],[4.921719028896161,51.89468579949936],[4.921413481851833,51.89543152554247],[4.921081346790387,51.89537717705585],[4.920530198989225,51.89528780217937],[4.920588134178248,51.89516489103562],[4.920603006754591,51.89513169297641],[4.92064778282763,51.89501681912151],[4.920756210716612,51.89478804511965],[4.920863464286907,51.89453230112771],[4.921711783762596,51.894683973120024]]]}},{"type":"Feature","properties":{"cho_uri":"https://linkeddata.cultureelerfgoed.nl/cho-kennis/id/rijksmonument/47615","rijksmonumentnummer":"47132","naam":null,"geometry_bron":"Polygon","monumentenregister_url":"https://monumentenregister.cultureelerfgoed.nl/monumenten/47132","oorspronkelijke_functie":"Archeologie (N1)","oorspronkelijke_functie_kort":"Archeologie","huidige_functie":null,"type":null,"datum_inschrijving_monumentenregister":"1985-03-15","monument_aard":null},"geometry":{"type":"Polygon","coordinates":[[[4.889812940132247,51.887284347151244],[4.890293722446228,51.88623383556377],[4.891719893359552,51.8865176008128],[4.891177917784009,51.88758763436046],[4.890766009208045,51.8875310653683],[4.890523955893763,51.887483302612345],[4.890197995236428,51.88740462380283],[4.88991569030962,51.88731893810219],[4.889812940132247,51.887284347151244]]]}},{"type":"Feature","properties":{"cho_uri":"https://linkeddata.cultureelerfgoed.nl/cho-kennis/id/rijksmonument/47695","rijksmonumentnummer":"47135","naam":null,"geometry_bron":"Point","monumentenregister_url":"https://monumentenregister.cultureelerfgoed.nl/monumenten/47135","oorspronkelijke_functie":"Archeologie (N1)","oorspronkelijke_functie_kort":"Archeologie","huidige_functie":null,"type":null,"datum_inschrijving_monumentenregister":"1989-05-12","monument_aard":null},"geometry":{"type":"Point","coordinates":[4.45082702516396,52.19479023254712]}},{"type":"Feature","properties":{"cho_uri":"https://linkeddata.cultureelerfgoed.nl/cho-kennis/id/rijksmonument/47830","rijksmonumentnummer":"528081","naam":null,"geometry_bron":"Polygon","monumentenregister_url":"https://monumentenregister.cultureelerfgoed.nl/monumenten/528081","oorspronkelijke_functie":"Archeologie (N1)","oorspronkelijke_functie_kort":"Archeologie","huidige_functie":null,"type":null,"datum_inschrijving_monumentenregister":"2010-09-02","monument_aard":null},"geometry":{"type":"Polygon","coordinates":[[[4.577405965678898,51.83548293407046],[4.578167703657395,51.83507919897618],[4.580979287990888,51.83363697472857],[4.580998243586131,51.83363171167692],[4.581606801297981,51.83343364317812],[4.581609847312635,51.833425574223135],[4.58228560158429,51.83303919998926],[4.583188507435816,51.83252494023745],[4.584535464827823,51.83265550624975],[4.584890312065854,51.83301568358565],[4.584885960021687,51.83301565383993],[4.586050088100913,51.83420921799389],[4.584804977365479,51.8347930708716],[4.584563508018022,51.83490917241934],[4.583468749072869,51.83544010680197],[4.581873846917336,51.836188723755285],[4.58124314126497,51.83648731545819],[4.581142184347589,51.83653426255352],[4.580897054720554,51.83669167964553],[4.580233711356944,51.83711049077341],[4.579308287929352,51.83741693347793],[4.578973794525084,51.83705508179783],[4.578896789212238,51.83697994513413],[4.578901157759571,51.83697907634063],[4.577405965678898,51.83548293407046]]]}},{"type":"Feature","properties":{"cho_uri":"https://linkeddata.cultureelerfgoed.nl/cho-kennis/id/rijksmonument/51473","rijksmonumentnummer":"529084","naam":null,"geometry_bron":"Polygon","monumentenregister_url":"https://monumentenregister.cultureelerfgoed.nl/monumenten/529084","oorspronkelijke_functie":"Archeologie (N1)","oorspronkelijke_functie_kort":"Archeologie","huidige_functie":null,"type":null,"datum_inschrijving_monumentenregister":"2006-07-14","monument_aard":null},"geometry":{"type":"Polygon","coordinates":[[[4.493869403953158,51.84506035826219],[4.493863852882029,51.84526705859677],[4.491785297024159,51.8447002101681],[4.490231601695383,51.84459756301502],[4.489747478518096,51.84456779568993],[4.48979450060043,51.84432006390162],[4.489882312926031,51.84421017270087],[4.48985207442826,51.84419825612246],[4.489918677025016,51.844133146842005],[4.489887023369152,51.84411942169385],[4.489997925861161,51.844015999055465],[4.490018669614098,51.843994584430746],[4.490215680586026,51.8437938415413],[4.490452689719723,51.84355205531419],[4.490571202275878,51.843430712643936],[4.493329000023737,51.84413668990186],[4.493884570153594,51.84444204367411],[4.493872933503217,51.844882406725624],[4.493868473439198,51.84488776607322],[4.493864031200229,51.84489222667553],[4.49386102217063,51.844897597064],[4.49385801314031,51.84490296745242],[4.493853588725129,51.84490652930917],[4.49385056186693,51.844912798442465],[4.493849003871451,51.84491817987195],[4.493845994838311,51.84492355026002],[4.493842985804448,51.84492892064799],[4.493841427807496,51.84493430207738],[4.493839869810167,51.844939683506695],[4.493838311812462,51.844945064936],[4.493836771641068,51.84494954762017],[4.493835177989204,51.844956726539664],[4.493833619990339,51.84496210796892],[4.493833495203034,51.84496839918481],[4.493833406069221,51.84497289291044],[4.493831848069571,51.844978274339645],[4.493831741108764,51.844983666810364],[4.493833067360541,51.844989969067825],[4.493832960399844,51.84499536153856],[4.493832853439117,51.84500075400932],[4.493834197518306,51.845006157521595],[4.493835541597814,51.84501156103387],[4.493836885677639,51.84501696454615],[4.493838229757783,51.845022368058366],[4.493839573838247,51.84502777157058],[4.493842368959844,51.845033186124226],[4.49384371304112,51.84503858963641],[4.493846508163881,51.84504400418994],[4.493849321113798,51.84504851999832],[4.493852098411409,51.845054833296835],[4.493854893536176,51.84506024785018],[4.493869403953158,51.84506035826219]]]}},{"type":"Feature","properties":{"cho_uri":"https://linkeddata.cultureelerfgoed.nl/cho-kennis/id/rijksmonument/53296","rijksmonumentnummer":"529848","naam":null,"geometry_bron":"Polygon","monumentenregister_url":"https://monumentenregister.cultureelerfgoed.nl/monumenten/529848","oorspronkelijke_functie":"Archeologie (N1)","oorspronkelijke_functie_kort":"Archeologie","huidige_functie":null,"type":null,"datum_inschrijving_monumentenregister":"2008-05-20","monument_aard":null},"geometry":{"type":"Polygon","coordinates":[[[4.24068315911421,51.86744500040377],[4.240815924990703,51.867420228169145],[4.240945787383593,51.867395427445075],[4.241034774052338,51.86737921672467],[4.241099196722587,51.86735827166444],[4.241166924585547,51.86726454721823],[4.241510788263024,51.867160932317596],[4.241838590636526,51.8670607554055],[4.241945509370319,51.86719573554513],[4.242112929801432,51.86740681385992],[4.242145266456823,51.86744847895909],[4.242197332145541,51.867513708032895],[4.242235315616972,51.86756172052234],[4.242273299169146,51.86760973299935],[4.242312711619236,51.86765865830233],[4.242350695335192,51.86770667075421],[4.242399903973078,51.8677700740624],[4.242557418255374,51.86797116713789],[4.242591253126098,51.86801104889189],[4.241557153597946,51.86830569531676],[4.241526199944399,51.868266740278386],[4.241485404762026,51.86821510449728],[4.241352270808971,51.86825425644581],[4.241326941102369,51.86822254749577],[4.241286169070777,51.86817001296059],[4.241271537715904,51.86817436473346],[4.241158995020897,51.86803213784617],[4.240938603141181,51.86796256871442],[4.24088151027995,51.86786672711038],[4.240835596188191,51.867788073865135],[4.240791088152266,51.867711232143506],[4.24075909594864,51.86765608639726],[4.240678488817745,51.867628332193924],[4.24068315911421,51.86744500040377]]]}},{"type":"Feature","properties":{"cho_uri":"https://linkeddata.cultureelerfgoed.nl/cho-kennis/id/rijksmonument/54250","rijksmonumentnummer":"46176","naam":null,"geometry_bron":"Polygon","monumentenregister_url":"https://monumentenregister.cultureelerfgoed.nl/monumenten/46176","oorspronkelijke_functie":"Archeologie (N1)","oorspronkelijke_functie_kort":"Archeologie","huidige_functie":null,"type":null,"datum_inschrijving_monumentenregister":"1974-10-29","monument_aard":null},"geometry":{"type":"Polygon","coordinates":[[[4.497098887513462,52.199364435724895],[4.497070973186164,52.199370517091104],[4.497034068104078,52.19938731665654],[4.496983946068587,52.199406713047516],[4.496946789639659,52.19943609435347],[4.496902212630093,52.19947081268625],[4.4968722612298,52.19950564130184],[4.496830555376659,52.19954307775966],[4.496790401784178,52.199576031744954],[4.496760575894512,52.19960456944763],[4.496735281308576,52.19962595065631],[4.496664754679884,52.1996415976751],[4.496589965976879,52.19965092066811],[4.49651358896593,52.19966652346243],[4.496441779214228,52.199673172337334],[4.496369843716909,52.19968611205138],[4.496290774930238,52.19969000956062],[4.496216309416448,52.19968315576073],[4.49612994571971,52.19968609927418],[4.496021751213474,52.19968348493455],[4.495922709523136,52.199662064099336],[4.495828073615916,52.19963977761237],[4.495732083073309,52.19961208782089],[4.495646492417378,52.19957638699082],[4.495601943700404,52.199536501897036],[4.495526441058442,52.199435262340394],[4.495755582977504,52.19931475148444],[4.495855637107259,52.1993586509396],[4.495936911699613,52.19939072370433],[4.496006629632641,52.19941551850851],[4.496080807205207,52.19943675160058],[4.496165420422343,52.199448176244125],[4.496266570976148,52.19943725480038],[4.496363603194938,52.19941281969721],[4.496414972554847,52.199404218977236],[4.496453376364621,52.199385633245825],[4.496500968551668,52.1993464436635],[4.496553127906164,52.19929830018657],[4.49673466500441,52.199290681267804],[4.496984090471214,52.199106503884856],[4.497057998802683,52.19914121683053],[4.497098887513462,52.199364435724895]]]}},{"type":"Feature","properties":{"cho_uri":"https://linkeddata.cultureelerfgoed.nl/cho-kennis/id/rijksmonument/54504","rijksmonumentnummer":"47130","naam":null,"geometry_bron":"Polygon","monumentenregister_url":"https://monumentenregister.cultureelerfgoed.nl/monumenten/47130","oorspronkelijke_functie":"Archeologie (N1)","oorspronkelijke_functie_kort":"Archeologie","huidige_functie":null,"type":null,"datum_inschrijving_monumentenregister":"1985-03-15","monument_aard":null},"geometry":{"type":"Polygon","coordinates":[[[4.861787865393719,51.876887666777044],[4.862963165972522,51.87435637253691],[4.863593691627381,51.87445625999692],[4.863530363148205,51.87453237967342],[4.863516729653272,51.87458085661255],[4.863500118743473,51.874635612202574],[4.863485200429015,51.874669701865415],[4.863468861376795,51.87470108865278],[4.863471483173236,51.87472536919749],[4.864693386688954,51.875046305370404],[4.864085582686526,51.876364005781895],[4.862758221122997,51.87624213660789],[4.862667891150942,51.87639184067729],[4.862663157598532,51.87642417801232],[4.86266434786037,51.876446654486315],[4.862666906468765,51.87647632784074],[4.862660616001947,51.87651764668762],[4.862644191892508,51.876556223747905],[4.862578432308784,51.87671592476124],[4.862548907204988,51.87675713984203],[4.862518013715579,51.876791158033114],[4.862503313990411,51.87680637276929],[4.862495843616914,51.87682431633148],[4.862495539728958,51.87685038151826],[4.862490816482288,51.87688182004468],[4.862476001445828,51.87690692157209],[4.862451031730118,51.87693107889397],[4.862415760593008,51.876966875197],[4.862400861639838,51.87699916711072],[4.861787865393719,51.876887666777044]]]}},{"type":"Feature","properties":{"cho_uri":"https://linkeddata.cultureelerfgoed.nl/cho-kennis/id/rijksmonument/59594","rijksmonumentnummer":"46191","naam":null,"geometry_bron":"Polygon","monumentenregister_url":"https://monumentenregister.cultureelerfgoed.nl/monumenten/46191","oorspronkelijke_functie":"Archeologie (N1)","oorspronkelijke_functie_kort":"Archeologie","huidige_functie":null,"type":null,"datum_inschrijving_monumentenregister":"1976-02-12","monument_aard":null},"geometry":{"type":"Polygon","coordinates":[[[4.535256733467437,52.13514922444305],[4.536359387957797,52.135387287144624],[4.535972520665056,52.13606581537151],[4.534869851523235,52.135827749047166],[4.535256733467437,52.13514922444305]]]}}]}