{"type":"FeatureCollection","name":"beschermde_gezichten","features":[{"type":"Feature","properties":{"gezicht_uri":"https://linkeddata.cultureelerfgoed.nl/cho-kennis/id/gezicht/10134281","gezichtsnummer":"1403","naam":"Batenburg"},"geometry":{"type":"MultiPolygon","coordinates":[[[[5.63914639178164,51.824425879731194],[5.639117494875888,51.824705480954464],[5.638872462862741,51.8247248826782],[5.638587277731948,51.824827063215906],[5.638515173012126,51.82490272028439],[5.638505551048034,51.824998017905116],[5.638588441845202,51.825035591518244],[5.63783755863943,51.82538594843532],[5.636867914592992,51.82578800028425],[5.635163108021398,51.82650799221739],[5.634064412063997,51.826928270346684],[5.63223787634552,51.827687125807635],[5.629559904958879,51.82551120773193],[5.63063311601518,51.82520517721988],[5.630601828849342,51.82505243946383],[5.63055860252648,51.82483770655305],[5.630414737591678,51.824520714683544],[5.630321118637192,51.82437529681224],[5.630208129594955,51.82413464201914],[5.630067475757468,51.82387426993925],[5.6294343989235,51.824022090156085],[5.629270594271319,51.8240413040221],[5.629137148523592,51.82404157940259],[5.628861211564132,51.823978330746826],[5.628615841747274,51.82393479298931],[5.628062727607891,51.82384694522428],[5.627838578731268,51.82397414175013],[5.627785952722772,51.82389784837362],[5.627724254283401,51.823752362943125],[5.6276931508009,51.82363198224464],[5.627598899500877,51.82336611900655],[5.627455669112972,51.82316327480795],[5.627207570775236,51.82287885070741],[5.627012093868956,51.8226698210018],[5.626549639218016,51.82217011216176],[5.627326057501428,51.82197797087983],[5.627847127154683,51.821773764976406],[5.629347911374158,51.82115586919369],[5.630518826323454,51.82069773368981],[5.632681654964935,51.82181228168294],[5.63274379781566,51.82177080495004],[5.633543059977292,51.82231382561455],[5.633689359471138,51.82280788006639],[5.63388081981416,51.82280747748399],[5.634021627460514,51.82282785452333],[5.63417705319542,51.8228688739226],[5.634358720693107,51.82293410648554],[5.634642148325519,51.82304047072646],[5.637518537675016,51.82409949143907],[5.637897788263064,51.82421912584958],[5.63828694883513,51.82429469467334],[5.638809627662937,51.82438255958177],[5.63914639178164,51.824425879731194]]]]}},{"type":"Feature","properties":{"gezicht_uri":"https://linkeddata.cultureelerfgoed.nl/cho-kennis/id/gezicht/10134361","gezichtsnummer":"1493","naam":"Gorinchem"},"geometry":{"type":"MultiPolygon","coordinates":[[[[4.98480105501127,51.830373834166295],[4.986205687395772,51.831315236171875],[4.986221461316662,51.83133596347206],[4.986179110702483,51.83136727839188],[4.985684394321519,51.831530975032585],[4.98422491024779,51.83201944059792],[4.984224508413327,51.83206438145379],[4.984396758694951,51.83259529087415],[4.984407722074301,51.83266723605592],[4.984280991981179,51.83272432728353],[4.983977373385306,51.83276912604654],[4.983298765091598,51.83288993528515],[4.983256290141664,51.8329347313947],[4.983234004985414,51.83299307962497],[4.983120209427575,51.83403444893065],[4.983089218734348,51.83409276716693],[4.982974605366361,51.83409237263953],[4.982806893036558,51.834027078323196],[4.981985166271584,51.83376537803598],[4.978811097547939,51.83532646018316],[4.977126872439833,51.83513902349519],[4.972076254050028,51.834519948227396],[4.966445210392484,51.83190493741014],[4.964200581526591,51.83023400718234],[4.961758756869801,51.829953732599684],[4.961473099146319,51.82932530254375],[4.961459103285555,51.82911761833715],[4.961638033128095,51.82891153244974],[4.961837872463333,51.828795406663524],[4.96196486577542,51.82871227401614],[4.961749503641901,51.82816769182063],[4.961607311420501,51.82786336641139],[4.961481542324406,51.8278170692531],[4.961210459111009,51.82779721016099],[4.961021881612182,51.82779652575042],[4.960660231660008,51.82753634461147],[4.960591309539531,51.82746148993394],[4.96050009727999,51.82728947879265],[4.96052135115651,51.82504423748593],[4.96266507711635,51.82475718773765],[4.965943884654042,51.82423059009937],[4.971934643220121,51.82327848394698],[4.975580573294716,51.822711568662434],[4.983070396456294,51.82163021354191],[4.987803929010017,51.82105677087441],[4.992825971634018,51.820814882266326],[4.993072077911342,51.82451805260011],[4.993119357881102,51.826908240097374],[4.994349935406191,51.826689450779035],[4.99385065920936,51.82921353263361],[4.992875184091806,51.8291176794319],[4.992664167485742,51.830685454233084],[4.992104294261089,51.83067278539245],[4.992088470586076,51.830657451786564],[4.99201316853751,51.830641917995216],[4.991837729386505,51.83063054121917],[4.99037620767018,51.83053752382618],[4.989766958077507,51.83053096884602],[4.98931332248799,51.830316406212106],[4.989162816758896,51.830274549208795],[4.989066054502264,51.8298967063565],[4.988959311320102,51.82966354355254],[4.988836389624361,51.829455493402634],[4.988845641675272,51.82939350450577],[4.98884746875958,51.82918677640493],[4.98886484773235,51.82902594215011],[4.985821401984963,51.82934185755418],[4.98480105501127,51.830373834166295]]]]}},{"type":"Feature","properties":{"gezicht_uri":"https://linkeddata.cultureelerfgoed.nl/cho-kennis/id/gezicht/10134373","gezichtsnummer":"1504","naam":"Tholen"},"geometry":{"type":"MultiPolygon","coordinates":[[[[4.215757501661614,51.53060603190175],[4.215974065147292,51.53047965451258],[4.216105638603112,51.53035152585201],[4.21619329033642,51.53024992506629],[4.216472787225926,51.529918319832355],[4.216515266853877,51.52989177725988],[4.216749248128491,51.52970444494459],[4.216932479722611,51.5295849234014],[4.217037233258965,51.52949068484962],[4.217113146200091,51.52939705628962],[4.217201094585312,51.52928377149351],[4.217417574525644,51.52893625091239],[4.217686799616034,51.52855509819278],[4.217885851166054,51.528268530353316],[4.217946026959384,51.528170249039384],[4.2180863565468,51.527925343389185],[4.218150684394068,51.527777661715675],[4.219796120765584,51.52723137874213],[4.220235315818314,51.527806594875976],[4.220454531605721,51.52808116381888],[4.220628257615809,51.52816290456942],[4.220869725674733,51.52824442245999],[4.221088349019041,51.52831762133829],[4.221289959861474,51.52837986271654],[4.221525713072434,51.528459524315096],[4.221788750629414,51.52854305338711],[4.221929029941976,51.528580410375156],[4.222146976006989,51.52862393542526],[4.222398637385219,51.52864532270073],[4.222684602617438,51.528677838681915],[4.222946350376411,51.528699325316246],[4.223198670845824,51.528751281433614],[4.223449090836587,51.528821196894185],[4.223700354274985,51.528914492683114],[4.223993938779746,51.529099901315746],[4.224154331493976,51.529252520332],[4.224334598321607,51.529417023180976],[4.224466130117254,51.529571152347984],[4.224607381032025,51.529739761136206],[4.224702755005989,51.52989892383332],[4.22481630938292,51.5300798419209],[4.22493391151061,51.53027158745058],[4.225038845382374,51.53045152060018],[4.225144485648725,51.530660226781514],[4.225243060235233,51.53086346893752],[4.225310825217561,51.53108797917173],[4.225367683861897,51.53128810949561],[4.225405312054452,51.53145119197794],[4.225433908098747,51.531798467481764],[4.225511560744216,51.532594802180654],[4.225537777671345,51.53275327642295],[4.22555637644558,51.53292785584107],[4.225579573937175,51.53309169368931],[4.225622502608679,51.5333294408375],[4.22569936150992,51.53348032805251],[4.22590384300335,51.533713388488735],[4.226017187667704,51.533846659326926],[4.226166443195703,51.533984781625286],[4.226347378778134,51.53412411744422],[4.22655162410732,51.5342537961966],[4.226856989275119,51.53443122381134],[4.226970503674698,51.53450156954658],[4.22658094489787,51.53479884536325],[4.226155033661987,51.535108343827076],[4.225765111373284,51.53485546179427],[4.225181283034216,51.53451974535311],[4.224626966956136,51.53455198634089],[4.224454382086416,51.534593418026546],[4.224357511858333,51.53460503908717],[4.223653926388663,51.53461241723475],[4.223415812991855,51.534623529727895],[4.223357988077749,51.53463014524294],[4.223153929517803,51.53466227207746],[4.22311653204715,51.534659202646786],[4.223089267768845,51.534654436288406],[4.222930083931355,51.53456655176924],[4.222703916599182,51.53467396853527],[4.222605894173054,51.534730523710444],[4.222553175193779,51.53470662573231],[4.222404366010415,51.53455142333678],[4.221752997208565,51.53516429793001],[4.221704302463764,51.535264493574694],[4.221247123250614,51.53561141799667],[4.221028970345739,51.53574318296348],[4.220747629554176,51.53580959293715],[4.220167229174228,51.53539747550935],[4.220137451980684,51.53537830030257],[4.219615101380307,51.53511957991686],[4.219228014127593,51.53492603427768],[4.219179804588308,51.5348949883159],[4.218870876606398,51.53480110638005],[4.218676846888601,51.53477938921972],[4.218287470334273,51.53478718041759],[4.218177559592172,51.534801362721204],[4.218092639236177,51.53485265159706],[4.218021597130095,51.5349247549513],[4.2178411131726,51.535048800493],[4.217750721419337,51.53503261374492],[4.217702605297679,51.5349979723362],[4.21760669710585,51.53491610751903],[4.217435958281955,51.53471752995114],[4.21733360297839,51.53455020089186],[4.217252007477353,51.53441634046603],[4.217212502427976,51.53427121524722],[4.217192870843146,51.53413797527689],[4.217150240101358,51.533890339371],[4.217115296509845,51.53379200476157],[4.217057412974275,51.53368894567502],[4.216870367447421,51.53350818272621],[4.216785806545173,51.53343362239693],[4.216606650755752,51.533338337523176],[4.216468844038693,51.53326054662052],[4.216263983694049,51.53315601420947],[4.216077648420387,51.533059757608505],[4.215891522407789,51.53295541232437],[4.215572685467187,51.53279939516939],[4.215362644789897,51.532672335642616],[4.215121858588128,51.532563845066015],[4.21459636891858,51.53242912429284],[4.2145790975261,51.53237231758214],[4.214604567498312,51.53233481765111],[4.215084567854299,51.5320537707584],[4.215370999995871,51.53190112713434],[4.215596332149208,51.531770343649626],[4.215834515483239,51.53164418330042],[4.216048225049696,51.53151687819393],[4.216308413133444,51.531375655467095],[4.216431232557452,51.53130766781462],[4.216542501189947,51.53124046323395],[4.216582979848801,51.53117974078465],[4.21636775898731,51.53103015756073],[4.215792551004818,51.53064413891486],[4.215757501661614,51.53060603190175]]]]}},{"type":"Feature","properties":{"gezicht_uri":"https://linkeddata.cultureelerfgoed.nl/cho-kennis/id/gezicht/10134386","gezichtsnummer":"1515","naam":"Woudrichem"},"geometry":{"type":"MultiPolygon","coordinates":[[[[5.000535381843653,51.820933109725694],[4.999200122624655,51.82086578491217],[4.997129308981111,51.82082117075774],[4.995777799809726,51.82078880795412],[4.992692552768382,51.82081263628036],[4.989379798780882,51.820976731496586],[4.987848994391239,51.82104523919618],[4.995684530355585,51.81633022263485],[4.999062697933924,51.8164430109683],[4.999095497053189,51.8161707691666],[4.999015390853167,51.816041969344596],[4.998649179909431,51.815118541921905],[4.999733853020524,51.81462416675231],[5.00090151578366,51.81459655571727],[5.002412299701436,51.814126927392664],[5.00256103435264,51.81369147465422],[5.00301966888564,51.81347725365411],[5.002512047576729,51.81297403511584],[5.003625027453263,51.81237994493403],[5.005663600437983,51.812076487226626],[5.006521851974352,51.81193186313835],[5.006927178048482,51.811844191261535],[5.007380718779342,51.81171352941562],[5.008002331271741,51.81142700974367],[5.008198363219721,51.81156786283138],[5.008000222636835,51.811677780913044],[5.007237201155308,51.812568766104405],[5.00712593201758,51.81269424426693],[5.007016188158025,51.812810738806526],[5.00682018888771,51.81300964755931],[5.006146408858883,51.81380294060308],[5.008185216166159,51.814512438714665],[5.009559314940577,51.814942920230074],[5.010223832297238,51.815078984174136],[5.010210840439762,51.81541870598089],[5.010180791494217,51.815717026107194],[5.01016754358504,51.8160873078001],[5.010093407996316,51.81645469735123],[5.009934240396141,51.816757995582776],[5.009698432751954,51.81703408179722],[5.009442431452917,51.81729661987552],[5.009106556604638,51.817571483987564],[5.00869977225496,51.817827242774875],[5.00836672122229,51.81793762522132],[5.00751585943445,51.81822520322209],[5.006704789747575,51.81843650221722],[5.005364422561697,51.8188087661179],[5.004598299863067,51.81901929793059],[5.004080175867898,51.819230634397066],[5.003378922427269,51.81948631221866],[5.0029933045961,51.81963515790614],[5.002451431212178,51.8199084297837],[5.002133528050098,51.82010962758791],[5.001474299700396,51.820536212478686],[5.000973078432279,51.82080242035154],[5.000535381843653,51.820933109725694]]]]}},{"type":"Feature","properties":{"gezicht_uri":"https://linkeddata.cultureelerfgoed.nl/cho-kennis/id/gezicht/10134387","gezichtsnummer":"1516","naam":"Willemstad"},"geometry":{"type":"MultiPolygon","coordinates":[[[[4.422948245983772,51.69072685976742],[4.425538155476752,51.68979531604358],[4.425683695042953,51.68975246470099],[4.430134853263746,51.688135840068554],[4.43198858624584,51.68746690875732],[4.433464525734489,51.686948584758504],[4.441474943996196,51.68404536966203],[4.44183239033244,51.68437905174698],[4.442277385119861,51.6848833316435],[4.442632760181832,51.68524755714691],[4.443330516468971,51.6860451155107],[4.443702719698191,51.68650475685053],[4.441547799931063,51.68727121903704],[4.441522655515254,51.68722876760772],[4.439689372517383,51.687895317765204],[4.440227010624244,51.688534291106784],[4.440446100551656,51.68877696814355],[4.440646494084038,51.68880735277596],[4.440771977332306,51.688823648207816],[4.440957497649635,51.68887368795743],[4.441055431777198,51.6888933561077],[4.441140013592148,51.688929096553366],[4.441266529105044,51.68903439108106],[4.44132983366773,51.689119399138626],[4.44136177690268,51.68918258024715],[4.441549137643666,51.689559834184394],[4.4416845004162,51.689864755874936],[4.441681476601048,51.68994023921429],[4.442245641239993,51.68993490449115],[4.442539132376451,51.68993996879652],[4.442803571320171,51.689951090418475],[4.442955049872776,51.689969390900764],[4.443070264807525,51.68999279227255],[4.443223810601324,51.690050660741235],[4.44340545288505,51.69014830709053],[4.443482883623336,51.69018039258366],[4.443517216560774,51.69026786267421],[4.443528187707042,51.69036593134184],[4.443521524933423,51.690477341449615],[4.443502391184627,51.69056258292769],[4.443429773958145,51.690715709957146],[4.444071404091829,51.69046379267754],[4.444615823014743,51.69022637092476],[4.446508035190035,51.68950897962391],[4.446969673915841,51.689982811902404],[4.447742802932807,51.6908492643046],[4.451375372587195,51.68954887143838],[4.457056727444464,51.694735837035914],[4.444218233036071,51.69965623823931],[4.432824432870721,51.70097613604487],[4.432163806011991,51.696431296342375],[4.43109279940545,51.69639109733289],[4.430799324891192,51.69638330799988],[4.430564861553012,51.69638948344058],[4.430373538475108,51.696407696559284],[4.429471174295077,51.696532460472795],[4.428035058162377,51.696724760105454],[4.426996446485569,51.69686187278157],[4.426644279432435,51.69689314362026],[4.426383952009377,51.69689100847721],[4.426177270018782,51.696883020588565],[4.425979475766809,51.69686521733853],[4.425782006418805,51.69683213506998],[4.425613558095408,51.696794796202376],[4.425369127217179,51.69672537157497],[4.425064056575503,51.69658263719491],[4.424832134647522,51.696469267932336],[4.424653265976457,51.6963779078665],[4.424101463711444,51.69607044163145],[4.423247598760479,51.69561576377937],[4.421408636080184,51.69462260788258],[4.422430394527894,51.6918830800013],[4.422948245983772,51.69072685976742]]]]}},{"type":"Feature","properties":{"gezicht_uri":"https://linkeddata.cultureelerfgoed.nl/cho-kennis/id/gezicht/10134388","gezichtsnummer":"1517","naam":"Riel"},"geometry":{"type":"MultiPolygon","coordinates":[[[[5.521447653495997,51.42500493452509],[5.521219328010081,51.42510137646],[5.520655875759854,51.424666970491366],[5.520117338097156,51.42439073440557],[5.517200626492021,51.42306729456558],[5.518263186643443,51.42209442587519],[5.519016120246326,51.42145178336673],[5.519125159800433,51.4213743571348],[5.519215631719119,51.421339198718776],[5.518087558140207,51.42051441053124],[5.518060111076829,51.42046859901589],[5.518378787055512,51.420301050804945],[5.519267091749912,51.41974993876495],[5.52062746531107,51.41889715875443],[5.520014979016958,51.418381008597194],[5.519803243667682,51.41824012727141],[5.520424182087159,51.41820705941269],[5.521211637530801,51.41809199963096],[5.522793143542406,51.417666801659344],[5.524022245226461,51.4190972641468],[5.524385579799573,51.41897099503314],[5.524430158925576,51.41897543687289],[5.524483369078004,51.41898166626363],[5.524526564835645,51.419004087094166],[5.525560028001691,51.41989274530755],[5.527862418405458,51.42059739846909],[5.526324818684822,51.422706195652566],[5.526889516732545,51.42353697433839],[5.527272465322834,51.424169318749044],[5.526663184076229,51.42427791408854],[5.526229302781045,51.42485550697278],[5.526258283584681,51.42492917968815],[5.525882445275627,51.425684678119396],[5.525740966253194,51.4259688892186],[5.522567226736574,51.42533082744524],[5.522430694461614,51.42535076114444],[5.522193190833235,51.42526114965532],[5.521447653495997,51.42500493452509]]]]}},{"type":"Feature","properties":{"gezicht_uri":"https://linkeddata.cultureelerfgoed.nl/cho-kennis/id/gezicht/10134389","gezichtsnummer":"1518","naam":"Ravenstein"},"geometry":{"type":"MultiPolygon","coordinates":[[[[5.64833984123806,51.80066287695717],[5.648017450301816,51.80031843910327],[5.647882006457469,51.80021177809029],[5.647769696497423,51.80009427939349],[5.647608096593522,51.79997689008545],[5.647087536055882,51.79970749362418],[5.646833173467095,51.7995930053804],[5.646767568979982,51.79952933283102],[5.646749773886391,51.79946016134995],[5.646753522493753,51.79935588730773],[5.646829911343466,51.79927841769141],[5.646946824087148,51.79918917328958],[5.647348366058012,51.79893301160234],[5.647400227878339,51.798876269415345],[5.647469226231496,51.79877454702592],[5.647501463127227,51.79858302195407],[5.647525636251401,51.7982503964641],[5.647572457414147,51.79807411929997],[5.647712986194188,51.79780774962908],[5.647828090271934,51.79765738703233],[5.647918664062114,51.79752685341951],[5.647940169495173,51.79748545881837],[5.647939961489552,51.79744950556702],[5.647736066177444,51.79728636949281],[5.647033420635456,51.79685918094419],[5.647243320108613,51.796807481472406],[5.647388017427234,51.796761319416454],[5.647687423411297,51.796645602605366],[5.647790018617838,51.79658874748217],[5.647872355406554,51.796538229218385],[5.64793865270954,51.79647156739946],[5.647978856897875,51.796404963590874],[5.647986946030645,51.79629978096854],[5.648240256467735,51.79573474376149],[5.648326830585096,51.795665340030645],[5.649123962736476,51.795390313369204],[5.649233806362717,51.79533433961499],[5.649622600307377,51.7948885425427],[5.649798299490113,51.79469130242834],[5.650499299133849,51.79483803913236],[5.650548500009998,51.794823547120544],[5.650646922682089,51.794798158360585],[5.650732246704513,51.79476381053335],[5.651452864895455,51.79454736476714],[5.65234221044223,51.79418402158454],[5.652444894678058,51.79414424017789],[5.652890627323581,51.79426637230367],[5.653129894653952,51.79452739316743],[5.654394276070906,51.79532179207418],[5.654496913107654,51.795273919395626],[5.657154862398852,51.79444808351745],[5.657346056197059,51.79466516318392],[5.657379686785934,51.794713623223586],[5.657473557576091,51.79489677089486],[5.657575221518258,51.795170683697414],[5.657800650984848,51.795535992802265],[5.65944455888131,51.79674652397534],[5.658849760151758,51.797153282070454],[5.658158337991609,51.79764565057859],[5.657107544545624,51.79840759697087],[5.6560123272739,51.799262216516574],[5.65352912463656,51.79757266632825],[5.652001023280106,51.79828621388429],[5.652142301451336,51.79839825004339],[5.649875667213056,51.79950982613373],[5.649685326405414,51.79943654736044],[5.649146676634058,51.799797289227214],[5.648752625790991,51.80009478709525],[5.648506145616032,51.800340720765014],[5.648412788245578,51.80049193436331],[5.64833984123806,51.80066287695717]]]]}},{"type":"Feature","properties":{"gezicht_uri":"https://linkeddata.cultureelerfgoed.nl/cho-kennis/id/gezicht/10134390","gezichtsnummer":"1519","naam":"Oosterhout"},"geometry":{"type":"MultiPolygon","coordinates":[[[[4.862703889093214,51.64083530276429],[4.862005989394473,51.64072161251438],[4.861498319173734,51.64064832286958],[4.860492980809323,51.64051166953157],[4.859745140097656,51.64220716599863],[4.85876574435003,51.64207331143787],[4.85855690875387,51.64276090275441],[4.857984544102223,51.642782585945056],[4.857969388463212,51.64333801895834],[4.857086791092114,51.643325935447756],[4.857073298829663,51.64349126639199],[4.855926365906796,51.643474381237986],[4.854526489642016,51.643467120518714],[4.854607824673082,51.642938955054554],[4.85457211539959,51.6426583451263],[4.855426755452958,51.64258942234323],[4.855342125652117,51.64204522148273],[4.855853997642532,51.642007097000395],[4.855821339841177,51.64183526457708],[4.85579284747504,51.64167783297246],[4.855786562543146,51.64159780500515],[4.855778937942516,51.641385637055045],[4.855741936131084,51.641091538542796],[4.855720667453576,51.64093413970531],[4.857019414041515,51.64081149108404],[4.856594033888781,51.64000327709468],[4.856874369980021,51.639873312521935],[4.859260843008151,51.63963061935311],[4.859261314218854,51.639590172328326],[4.859678569075234,51.63961092982651],[4.860117482116962,51.63963268223537],[4.86029212637833,51.63964605271548],[4.860481247596069,51.63965679147113],[4.860726727293474,51.639665985685895],[4.860689161927832,51.63979075963361],[4.862037508933253,51.63999636602963],[4.862968846085182,51.64003559679232],[4.86317018013371,51.64048952865639],[4.862703889093214,51.64083530276429]]]]}},{"type":"Feature","properties":{"gezicht_uri":"https://linkeddata.cultureelerfgoed.nl/cho-kennis/id/gezicht/10134391","gezichtsnummer":"1520","naam":"Oirschot"},"geometry":{"type":"MultiPolygon","coordinates":[[[[5.304249447910974,51.50617749654166],[5.303896573501496,51.506170054928255],[5.304957497701437,51.504119597705355],[5.305084222361716,51.504131371945164],[5.305156703050364,51.50387254992569],[5.305435721379152,51.50329118014144],[5.306205976818344,51.502642735935964],[5.304960939834778,51.50221221035282],[5.305310230206668,51.50179268574288],[5.305346437470589,51.50168035304648],[5.305536913074696,51.50147554509429],[5.305751364389264,51.501553895769426],[5.30577878781467,51.50152065687856],[5.30618327749598,51.501638688879865],[5.30694035187885,51.501910667649845],[5.307674368095832,51.50219610879555],[5.308242804805276,51.502458962099055],[5.309005909900399,51.501749371818654],[5.309446501390455,51.50181708023298],[5.309382769560654,51.5020291698205],[5.309313293100811,51.502231368040576],[5.309108022355864,51.50267347240363],[5.309712791436145,51.50275297449098],[5.310306010290518,51.50285044313844],[5.310282016667861,51.50341311631133],[5.310397035303725,51.50353363964756],[5.310210650860195,51.50388227643564],[5.31002004160988,51.504172483968595],[5.309867045580226,51.50436384100349],[5.309295764863204,51.5049027804923],[5.309158760804402,51.5050042608361],[5.30897565343726,51.505112901120505],[5.308498602021569,51.50528875859028],[5.3081339928471,51.50540716284496],[5.306929364587869,51.505695776886064],[5.306762207149691,51.50573970643176],[5.3054622288503,51.50617835003849],[5.304806645184826,51.506300135734676],[5.304358643806532,51.50632678532456],[5.304249447910974,51.50617749654166]]]]}},{"type":"Feature","properties":{"gezicht_uri":"https://linkeddata.cultureelerfgoed.nl/cho-kennis/id/gezicht/10134394","gezichtsnummer":"1521","naam":"Megen"},"geometry":{"type":"MultiPolygon","coordinates":[[[[5.560711640135615,51.82390932272414],[5.560706651245406,51.82374394395017],[5.560666802207504,51.82356603302655],[5.560590286428615,51.823283012289565],[5.560510725350559,51.82296224480411],[5.560543816166324,51.822892086525854],[5.560630390502839,51.82277421072244],[5.56068974166284,51.82274356242043],[5.560750512017911,51.822704822445935],[5.560799768715747,51.822689469275296],[5.560889617407603,51.82266866292625],[5.561046194002072,51.82264955525661],[5.561501839491358,51.8227010113259],[5.56201989422511,51.82276225980047],[5.562606153644225,51.8228314935077],[5.562749837128429,51.822853749400316],[5.562762730073774,51.82281238354817],[5.563106612637254,51.822843327422966],[5.563340168930524,51.82285106630692],[5.56352149099457,51.822854389104215],[5.563517590768578,51.82185848243491],[5.56366251065953,51.821826805065264],[5.563924721120197,51.821745514677374],[5.564166730662531,51.82169121933923],[5.564676873324858,51.82158708181043],[5.564904451394581,51.821551682394535],[5.565240842654729,51.82152420688594],[5.565673299711092,51.821581973836864],[5.56593460418882,51.821639101406454],[5.56618142292859,51.821700744700394],[5.56632509741519,51.82172119855384],[5.56662794658034,51.82164792956563],[5.566691965940433,51.82169816650878],[5.566661621627928,51.821726975782305],[5.566646103973185,51.82183665778931],[5.566634969786277,51.82195442262723],[5.56687551109338,51.822259659200114],[5.567294986480646,51.82269585090952],[5.567560086162422,51.82297408319348],[5.567710176233674,51.82314642911204],[5.567751012962222,51.82320209418997],[5.567784615434425,51.82326226458632],[5.567926505953394,51.82355956133478],[5.567970594370756,51.82370240860605],[5.567984244316567,51.823850695824326],[5.567952925227668,51.823998153536174],[5.567703040911583,51.82426099918082],[5.567554178595614,51.82439605394859],[5.567282442037732,51.82463646134578],[5.567071003522633,51.824721276668456],[5.566863801006483,51.82477732230675],[5.566707316261462,51.824820706209394],[5.566563814350342,51.824846093285956],[5.566468097404868,51.82485073386409],[5.5662951055444,51.82475572142986],[5.565985322733916,51.824549461517776],[5.565799135780157,51.824418514957436],[5.565634828681492,51.82431809529118],[5.565473501633557,51.82423744529629],[5.565300645787941,51.82417568818815],[5.564920173133356,51.824064809634734],[5.564670417359046,51.82399687627431],[5.564365348854012,51.82387958989493],[5.564185225756349,51.82381334793601],[5.564092274013435,51.82378292772718],[5.564008064182476,51.82376238147863],[5.56395433594423,51.823747182247104],[5.563865848836036,51.82374551794045],[5.563726619163966,51.823750221843866],[5.563606316309707,51.82377287386332],[5.563519385263119,51.82379817209028],[5.56344987413619,51.82382703941821],[5.563363037858628,51.82387660600883],[5.563229971703878,51.823973880360015],[5.563143219206817,51.82404501876884],[5.56295864047025,51.82395181648082],[5.562935576332456,51.82398870340553],[5.562899454133668,51.8240247110572],[5.562843010810379,51.824057153791344],[5.562783596287122,51.824071624191326],[5.56261102142623,51.82408087089216],[5.562357092386417,51.824057880746864],[5.561281925694325,51.82397049715003],[5.56087852717013,51.82392974888952],[5.560804544801388,51.823928060786415],[5.560737797607736,51.82392186773851],[5.560711640135615,51.82390932272414]]]]}},{"type":"Feature","properties":{"gezicht_uri":"https://linkeddata.cultureelerfgoed.nl/cho-kennis/id/gezicht/10134395","gezichtsnummer":"1522","naam":"Loon"},"geometry":{"type":"MultiPolygon","coordinates":[[[[5.435564551704034,51.38102946818705],[5.43591429004818,51.3803335960194],[5.435921405550843,51.38027157094574],[5.436080552429146,51.380000045087],[5.436172292701289,51.379825625497936],[5.436208141899007,51.37976988038476],[5.436411708416074,51.37940215613077],[5.436444941429944,51.378256980472976],[5.436451793166117,51.37795226030846],[5.436557450202914,51.377371544802955],[5.436759196849356,51.376664047412866],[5.436924748156145,51.37569769027139],[5.436940021103786,51.37521678769336],[5.43738104107269,51.37530648513731],[5.437684130854957,51.375347701892665],[5.438156651994611,51.37534929333954],[5.438469749784134,51.37534915559065],[5.43878431334784,51.37537508361221],[5.438982550820245,51.37540825365814],[5.439218114154762,51.375427024723535],[5.439531218674801,51.37543227734688],[5.440062584460669,51.37539787970296],[5.441531717781565,51.375288438632],[5.442147794888918,51.37523511554635],[5.442100494129996,51.37650434391633],[5.44433375700678,51.376400796125374],[5.44524577149942,51.37639135549484],[5.445244692690909,51.37779808926816],[5.447221405516626,51.37915707717314],[5.447510111469349,51.37915692773932],[5.44755960995206,51.37965667431291],[5.447574612570761,51.380138461355244],[5.447553687780397,51.38060678397853],[5.447523870141918,51.380868370892934],[5.447470982720564,51.3810643521839],[5.447429707470606,51.38135201226328],[5.44740272106761,51.38158303605908],[5.446394112682987,51.381400184392106],[5.446208820505017,51.381404772958255],[5.445983451344326,51.381519942621736],[5.445732150243334,51.381576698303526],[5.444156877685714,51.381964894243175],[5.443008099972817,51.38226837100252],[5.442963658258549,51.38234030199928],[5.442621013765355,51.382887878211726],[5.441383811274854,51.38254778959556],[5.440143973963795,51.382396451913934],[5.440049005390752,51.38225627130093],[5.439880742471087,51.382084663383296],[5.439721187617152,51.38198945530454],[5.439522871408514,51.38191314075433],[5.439241237636515,51.38183236885802],[5.438688094190615,51.381729245140825],[5.43748264997166,51.38147629150569],[5.437120597853638,51.38140903232409],[5.436242761665437,51.381238620754004],[5.435564551704034,51.38102946818705]]]]}},{"type":"Feature","properties":{"gezicht_uri":"https://linkeddata.cultureelerfgoed.nl/cho-kennis/id/gezicht/10134396","gezichtsnummer":"1523","naam":"Hilvarenbeek"},"geometry":{"type":"MultiPolygon","coordinates":[[[[5.134087104004356,51.48588363402725],[5.134045347566816,51.4858844424118],[5.134042452713607,51.48562825858124],[5.133750344371659,51.48560065911115],[5.13425774141199,51.4847118789234],[5.134475816758465,51.484329432868314],[5.135034842348067,51.48451131358004],[5.135287123653295,51.484190062921385],[5.135495442051029,51.48400804164121],[5.136723061135087,51.48460663032232],[5.136562451922547,51.48475280141267],[5.136665806439974,51.48480785410949],[5.137045514192826,51.48487518413247],[5.137153351480237,51.484900583332276],[5.137324366877297,51.484956679123236],[5.137674751331601,51.48512102217164],[5.137551472398574,51.48554862020229],[5.137550595201748,51.4857086169253],[5.137190675241718,51.48570694831474],[5.137166465356799,51.485920827207636],[5.136792240591326,51.485902048250296],[5.136723091084608,51.48617156055869],[5.136321698077524,51.4861185648352],[5.136277590343282,51.486284760777856],[5.13616462596732,51.486666537194964],[5.13577156981546,51.486667489613374],[5.135489387750242,51.48666598305936],[5.135263474522849,51.486643024345256],[5.134747080296202,51.486557415869164],[5.134462298895544,51.486505564574664],[5.134099783102425,51.48645174645044],[5.134087104004356,51.48588363402725]]]]}},{"type":"Feature","properties":{"gezicht_uri":"https://linkeddata.cultureelerfgoed.nl/cho-kennis/id/gezicht/10134397","gezichtsnummer":"1524","naam":"Heusden"},"geometry":{"type":"MultiPolygon","coordinates":[[[[5.129263683151066,51.734803258981884],[5.129327156651671,51.73458857366476],[5.129115530607603,51.73412879619787],[5.128947392771833,51.733912702223776],[5.128632794606175,51.733487752126145],[5.128579799474282,51.733388761843976],[5.128542871962932,51.733264639203135],[5.128529054449907,51.733149556023804],[5.128488391508263,51.732919360912234],[5.128402458362696,51.73275827726623],[5.128303137485318,51.732660083443875],[5.128166185681803,51.73256090756124],[5.127827138900811,51.732363310079556],[5.127288907429289,51.732065497983236],[5.127192185751396,51.7320194422306],[5.126752130586441,51.73176768662544],[5.126055506101128,51.73132749867588],[5.126015318303848,51.731268085098954],[5.125982518788914,51.73118262133266],[5.125978892927597,51.73105857202578],[5.1259416472315,51.730991075330316],[5.125862600643838,51.730892924579344],[5.125747190142579,51.73082525357786],[5.125549641818731,51.730693580882146],[5.125295777771467,51.73053841198325],[5.125246969221143,51.730468192684],[5.125234269911662,51.73041153678859],[5.125243376680117,51.730338750318666],[5.125355655625521,51.73019698287657],[5.127804090943334,51.72754991979866],[5.128424908920571,51.72453654908979],[5.130356162464074,51.724698094548145],[5.133047187683396,51.724875639185775],[5.133461038291998,51.72489091716542],[5.133938535728856,51.724912623133406],[5.134290970972115,51.727886778661635],[5.13490342551919,51.72785214414805],[5.135973514347428,51.72777264655314],[5.136183862853948,51.728209039064446],[5.13880997061764,51.728125645625944],[5.141000081402826,51.727567585064605],[5.141484720752812,51.72601449101101],[5.141983598150283,51.726100027285135],[5.142401527743439,51.72616651661451],[5.143747800159893,51.72639493089099],[5.144509855569496,51.726527742713614],[5.145769388609132,51.72674067371692],[5.146051353140035,51.72679248837642],[5.146175765088544,51.726804429226135],[5.146345093621064,51.72680747372541],[5.146526082507511,51.72679526147691],[5.147124411463272,51.72669042387757],[5.148642703276291,51.72641937374955],[5.149504786735502,51.726249444340155],[5.150256695397901,51.72611164457718],[5.150970874499423,51.72599174097021],[5.151177967460585,51.72596878793997],[5.152525504589634,51.72874983519249],[5.152093808212131,51.7288181817862],[5.152536047991787,51.7297862290631],[5.152318642493287,51.72984062356065],[5.152114174952199,51.72991212172238],[5.152057424259031,51.729969534258565],[5.155123829448395,51.73266949257424],[5.154750400720722,51.7329420028803],[5.153564759771728,51.73379535039478],[5.152321990827908,51.73476901717111],[5.152749478069315,51.734964922701955],[5.154114615684238,51.735245388132725],[5.154364877950071,51.735280940368995],[5.151873928401588,51.73824845917058],[5.15165285471952,51.73816532132847],[5.151168800595145,51.737984578481786],[5.150676012246328,51.73781370334084],[5.15005236178367,51.73719942941333],[5.147952880232953,51.73643204282742],[5.146726225715284,51.73597291887696],[5.146411307096551,51.73557408281621],[5.14628442588782,51.73547764543353],[5.14535678776843,51.73514765630637],[5.14503321884754,51.735015756664524],[5.144675260604126,51.734818169061064],[5.143795311196285,51.73585271826252],[5.143795074057509,51.735896761346915],[5.143309769990083,51.73783636676684],[5.13670135583627,51.7369550479455],[5.130200739655697,51.73651043286255],[5.129906839736201,51.735495886818875],[5.129693918436215,51.735261718710305],[5.129440106749652,51.73509037975931],[5.12925322663156,51.734859863469424],[5.129263683151066,51.734803258981884]]]]}},{"type":"Feature","properties":{"gezicht_uri":"https://linkeddata.cultureelerfgoed.nl/cho-kennis/id/gezicht/10134398","gezichtsnummer":"1525","naam":"Grave"},"geometry":{"type":"MultiPolygon","coordinates":[[[[5.740587721501445,51.761375170664614],[5.740551840531616,51.76141752481047],[5.740533151150718,51.761435558162674],[5.740471000498409,51.7614528236934],[5.740036106253044,51.761594354546126],[5.739705658502403,51.76138501819632],[5.739615312705134,51.76131607850058],[5.739485219979934,51.76116546289675],[5.739499801515411,51.760806777956674],[5.739864846873939,51.76081017414278],[5.739570958827622,51.76027354599597],[5.739005657366877,51.760408274336434],[5.738935592733506,51.760339273224396],[5.738402273214981,51.760489183093334],[5.738292688852503,51.7603672678945],[5.73879681449522,51.760188682921765],[5.739418034292498,51.75998098066682],[5.738859094935565,51.759073023196905],[5.738575642887087,51.75912960221761],[5.738267947632942,51.75867660521779],[5.738236188039226,51.758690183117764],[5.737781049863152,51.758833564033644],[5.737727501314709,51.75883911733304],[5.737637610365022,51.758827701151304],[5.737557781425068,51.7588063674657],[5.737393771631734,51.75876281408787],[5.73729640188712,51.75872085909529],[5.737236836757078,51.75869766694632],[5.737149612961438,51.758656580373135],[5.737088272058287,51.75859114750145],[5.73706146946996,51.75849684827839],[5.737034555505753,51.758388167780375],[5.73695757496159,51.75817357242343],[5.736929338461699,51.758081075147075],[5.73696378575655,51.758040524075525],[5.737006951040833,51.75800354236805],[5.737038585098208,51.757973785873226],[5.737133403381719,51.75787373038591],[5.737182271180208,51.75782504653112],[5.737239905703649,51.75778622381793],[5.737324989145288,51.75773833055928],[5.737401584564875,51.75771652926029],[5.737586701758755,51.757680920698064],[5.73827984060916,51.75759884829961],[5.73840291543244,51.75759398522681],[5.738372752857676,51.75725431025688],[5.738349250709176,51.757212134731155],[5.738833407448322,51.75707765296864],[5.739047443061559,51.7574077873488],[5.739174525811902,51.75735976661881],[5.73931176771984,51.75731441177292],[5.739389774725448,51.757288110677266],[5.739582081154956,51.757246185394905],[5.739646832965421,51.75737722278368],[5.739721534009148,51.75748396124732],[5.74037651730906,51.75752423485717],[5.740656590529722,51.75759260182636],[5.740817822236982,51.75765143948111],[5.741061716252236,51.75772351006339],[5.741215664866708,51.75777697606476],[5.741378346317512,51.75783580857024],[5.7417898347668,51.75803860308596],[5.741282083969184,51.758304400473094],[5.741602792974475,51.758751058327505],[5.741762545721359,51.758989669196154],[5.741938444560364,51.75925519647053],[5.742041253430643,51.75943555406846],[5.742073528405283,51.75948758963687],[5.742128222466746,51.75962764460497],[5.742168446812807,51.75976954107998],[5.742223636526868,51.75997251400593],[5.742219439751003,51.75999140257292],[5.742305144499008,51.76002260263533],[5.742265012868443,51.76007665524987],[5.742196103436108,51.76015506398792],[5.741711928364333,51.76084325120898],[5.741479778723062,51.760977881954034],[5.740869967792545,51.760793662096766],[5.740751027947604,51.760957611704555],[5.740743555531927,51.761113135287026],[5.740733881077361,51.76117248856949],[5.740696720935145,51.76123641901824],[5.740587721501445,51.761375170664614]]]]}},{"type":"Feature","properties":{"gezicht_uri":"https://linkeddata.cultureelerfgoed.nl/cho-kennis/id/gezicht/10134400","gezichtsnummer":"1527","naam":"Geertruidenberg"},"geometry":{"type":"MultiPolygon","coordinates":[[[[4.851411202608952,51.6974955347865],[4.851446693143779,51.69743007991338],[4.851125484801906,51.69694951523989],[4.851127806575372,51.69675357317456],[4.850908141753448,51.696615041381364],[4.850820861720466,51.696534642765954],[4.850845985547926,51.69636756879052],[4.851742159952168,51.694708766893726],[4.852278634753414,51.69484245214455],[4.852417811452072,51.694937468457674],[4.85256916468029,51.69498130483231],[4.852801246571006,51.69504798093699],[4.853104283732804,51.695107789167565],[4.853301061356832,51.69522463978721],[4.853808111700923,51.69540132943308],[4.854482178936689,51.69564349477421],[4.855937270249616,51.69613638859938],[4.856031789764623,51.696093671656364],[4.856514789073305,51.69622619605582],[4.858701875291975,51.696962365894684],[4.858970650221847,51.696985150835445],[4.859156635446492,51.69703722457752],[4.859845973505661,51.69709066602522],[4.86000286486003,51.69715698929156],[4.860994584686122,51.69720459338942],[4.862279913476804,51.69725440385803],[4.863377807335588,51.69725212700915],[4.863693453349629,51.69722477423468],[4.8662775266184,51.697039441378294],[4.866841159818793,51.69733317831359],[4.866793650839961,51.69794239742026],[4.866726018481815,51.69916904691821],[4.866678480617734,51.6992775983102],[4.866634049544425,51.69961896935208],[4.866701897690738,51.69975679704042],[4.86653389022471,51.70115737990727],[4.866369394300424,51.70262898823841],[4.865934130128798,51.703492658640336],[4.865405150887559,51.70432714643774],[4.864755336666702,51.70535075339531],[4.859361057153666,51.703443455817336],[4.858582851455827,51.70405387176995],[4.857438641260169,51.70354983405224],[4.857133396629656,51.70379654010917],[4.856675929413785,51.70357694436887],[4.853241269368615,51.70408987434758],[4.853090726666728,51.70409727796677],[4.852931844002611,51.704075879690436],[4.852425243283871,51.70397559226417],[4.852234365156768,51.70384618321852],[4.852547489371884,51.70379188287635],[4.85306358209451,51.70370075485306],[4.853070374920692,51.70312551232996],[4.85308660360121,51.702608739007914],[4.853089776912483,51.70233999286512],[4.853069928500514,51.70230574551303],[4.853002439523696,51.70226319116746],[4.852858687115351,51.7021861321253],[4.852763979643101,51.70212098187811],[4.852729963502367,51.702061501620285],[4.852716400805974,51.70198503622612],[4.85271349276575,51.70174143054685],[4.852380704061996,51.7016248571806],[4.851239505147068,51.70124391663982],[4.85114453569776,51.70120123549368],[4.850768818023582,51.701045809887425],[4.850393913561217,51.700822073033805],[4.850189443165671,51.700620689054226],[4.850068209287058,51.70047541599489],[4.849994859679803,51.70031777826352],[4.849969255135904,51.7001594605617],[4.850021707113445,51.700005995098344],[4.850161299141519,51.69982326652666],[4.850252441912195,51.69970053972816],[4.850363791998955,51.69958150091541],[4.85042715239165,51.6994838149038],[4.850479207457262,51.699363605432374],[4.850486876953152,51.69932678708784],[4.850497375361818,51.69929537489434],[4.850511075897171,51.69923791027297],[4.850515884433776,51.69919838222414],[4.850519086565732,51.69917232979692],[4.850529979443048,51.699107661388155],[4.850545584815171,51.699011554275984],[4.850552394184986,51.69892529438961],[4.850570668420712,51.69884807567114],[4.850570785702697,51.69883818868892],[4.850584965780456,51.69874027731011],[4.850606218041451,51.69865588130205],[4.850631447049996,51.69860206492752],[4.850637424666734,51.69858591272705],[4.850653804459247,51.6985464376653],[4.850669960364657,51.69852583774985],[4.850714099370168,51.69846311930243],[4.850788932905254,51.69837357541841],[4.850825551752669,51.69833509186345],[4.850850375381826,51.698315430471894],[4.850911625909473,51.69827346419242],[4.851006314427238,51.69821726907748],[4.851083443319626,51.69817807197577],[4.851193935509012,51.6981309376829],[4.851376897261609,51.69807155064192],[4.851382693565908,51.69807067828657],[4.851685877323113,51.6979974587018],[4.851411202608952,51.6974955347865]]]]}},{"type":"Feature","properties":{"gezicht_uri":"https://linkeddata.cultureelerfgoed.nl/cho-kennis/id/gezicht/10134401","gezichtsnummer":"1528","naam":"Eersel"},"geometry":{"type":"MultiPolygon","coordinates":[[[[5.308500293819994,51.35743840388775],[5.309494679800931,51.35775097855286],[5.309900400290113,51.35809192039502],[5.309684893767913,51.35818256360476],[5.309714516679179,51.35849359301303],[5.309464835638381,51.35926196267398],[5.30925518197481,51.359284294706654],[5.309267097831478,51.360718003542424],[5.309107628020314,51.36161766784196],[5.309317113487767,51.36170050397856],[5.309106796651029,51.36210485587897],[5.307554820857066,51.362025605707295],[5.307535419718971,51.36079863222195],[5.307242516333303,51.36080202749128],[5.307210351480611,51.360311221336794],[5.307264326967865,51.35982317078456],[5.30744626245502,51.35923093851342],[5.307515385214096,51.35911143572337],[5.307652215810594,51.3588598448453],[5.307944418189638,51.3584249894678],[5.308193421962382,51.358061115024455],[5.308500293819994,51.35743840388775]]]]}},{"type":"Feature","properties":{"gezicht_uri":"https://linkeddata.cultureelerfgoed.nl/cho-kennis/id/gezicht/10134402","gezichtsnummer":"1529","naam":"Drimmelen"},"geometry":{"type":"MultiPolygon","coordinates":[[[[4.806739729681377,51.70639543889823],[4.806805734483761,51.706438012653024],[4.806914390063661,51.70653922400368],[4.806939565367612,51.70660676375205],[4.806950493035018,51.70665715445286],[4.806979305117522,51.70677954312179],[4.806988820776635,51.70682723022288],[4.806985442230244,51.70709058167567],[4.807013557458789,51.707154540491345],[4.807017274909411,51.707203097744035],[4.807044220268578,51.70724547793863],[4.807075690247681,51.70727349864929],[4.80713189252192,51.70729085538693],[4.80733564685412,51.707309841290424],[4.807319053199206,51.70736279234786],[4.807277346887006,51.70745606814659],[4.807224297256705,51.70753131043322],[4.807129569512463,51.707584773547765],[4.80711591505204,51.70763414365739],[4.806726195869272,51.707675359212715],[4.806626188061904,51.70768924559516],[4.80653761542339,51.707713974972776],[4.806486426455416,51.70775686692026],[4.806443594516772,51.70782496855735],[4.806423829170277,51.70789947658798],[4.806383444080555,51.708115004594916],[4.806377103089957,51.708158118799865],[4.806302973598,51.70818471733263],[4.806072943662589,51.708183576679886],[4.805852578690238,51.708218438228506],[4.805665222374032,51.7082741371482],[4.805471697134308,51.708359467769405],[4.805342035759974,51.70842893561781],[4.805216425039624,51.70852089513061],[4.80478335166192,51.70889446988088],[4.804531777436025,51.70910535185282],[4.804458467620298,51.7090681337087],[4.804249252574638,51.70924776537765],[4.804063497086146,51.70940324400787],[4.803785789913707,51.70928410995214],[4.803752897011452,51.70925428354075],[4.803656187227059,51.70912436501597],[4.803592672158506,51.70900090382184],[4.803075334885577,51.708727766769975],[4.803374505336576,51.708528810348575],[4.80343430894553,51.70849135587711],[4.802402460742256,51.70783992456513],[4.801867267354154,51.707494783526556],[4.801726642076006,51.70740509301108],[4.802226044391364,51.706602201805126],[4.802872019348238,51.70677081683757],[4.803479077745255,51.7069284480015],[4.804070811946763,51.706703980953456],[4.80426260800624,51.70664021687008],[4.80437141011111,51.70661738757846],[4.804557036565695,51.706583254960066],[4.804932755950942,51.706505123495006],[4.805399857233406,51.70640856840696],[4.805515914687582,51.706383976347084],[4.805814911098985,51.7063090566092],[4.806051549712477,51.70624551211055],[4.806177767700385,51.70621827319031],[4.806263294185395,51.70620521426621],[4.806561092397892,51.70633612737359],[4.806621748701256,51.70634451775894],[4.806692393283524,51.70636374401176],[4.806739729681377,51.70639543889823]]]]}},{"type":"Feature","properties":{"gezicht_uri":"https://linkeddata.cultureelerfgoed.nl/cho-kennis/id/gezicht/10134403","gezichtsnummer":"1530","naam":"De Bollen"},"geometry":{"type":"MultiPolygon","coordinates":[[[[5.344342285203626,51.510305945257414],[5.345207632976409,51.51072602762695],[5.344713198479177,51.51109348460312],[5.344377312476655,51.511355830490345],[5.34441324801549,51.51143853903961],[5.34412354641599,51.51160382379894],[5.343920481100772,51.51155161493018],[5.343860001095951,51.511528222138416],[5.343558779526459,51.511686310330035],[5.343342584732544,51.511805778464],[5.343018325654085,51.51194857596131],[5.342573029704367,51.5121209890263],[5.342392866075217,51.51221799752976],[5.342728396755407,51.512338572995205],[5.342981854031583,51.51242136430526],[5.342523368263582,51.51281848801716],[5.341794917861145,51.51378628379495],[5.340893224973274,51.51366548333927],[5.340893422927625,51.5134704300985],[5.339030947022504,51.51327462604405],[5.339120492408051,51.513057137909655],[5.339054495300363,51.512801833643316],[5.338634636935047,51.51206189588334],[5.338391641683533,51.511634834828676],[5.338371694553191,51.511428986806536],[5.33862378634468,51.51142909158445],[5.338774373684116,51.51070107456154],[5.338859458506705,51.510611223351084],[5.339712866087077,51.51000394061194],[5.341504762188106,51.51006487686065],[5.34147470031489,51.5098770026737],[5.341690763559005,51.50988517654257],[5.343350040431106,51.51004311015951],[5.343361542692923,51.51006558604786],[5.344119016190042,51.51029867251044],[5.344342285203626,51.510305945257414]]]]}},{"type":"Feature","properties":{"gezicht_uri":"https://linkeddata.cultureelerfgoed.nl/cho-kennis/id/gezicht/10134404","gezichtsnummer":"1531","naam":"Broek"},"geometry":{"type":"MultiPolygon","coordinates":[[[[5.603545933354888,51.44803723312069],[5.603589733908046,51.448172881185755],[5.604025304649162,51.44871319160377],[5.604925416169259,51.44982880937246],[5.604157887728405,51.45087562569448],[5.603367177819237,51.451895513743416],[5.60280070009958,51.451361735181266],[5.601649180326083,51.45031487795294],[5.599962055979416,51.45069729194219],[5.597680911091019,51.451736031291055],[5.59802072664505,51.45304237357848],[5.594732856759904,51.45199030297531],[5.592902553724736,51.45127804653419],[5.592851934569152,51.44962691259386],[5.595880204374652,51.448701089048996],[5.597852278543464,51.448353275389245],[5.599342601514041,51.448044957357524],[5.60042478643824,51.447826355534644],[5.600814241718468,51.44774474431953],[5.603545933354888,51.44803723312069]]]]}},{"type":"Feature","properties":{"gezicht_uri":"https://linkeddata.cultureelerfgoed.nl/cho-kennis/id/gezicht/10134405","gezichtsnummer":"1533","naam":"Boomen"},"geometry":{"type":"MultiPolygon","coordinates":[[[[5.693184644373745,51.41739700811956],[5.694042862610608,51.41760958295602],[5.694255970274699,51.4176611564617],[5.694293407011323,51.41767004657758],[5.694396976906192,51.417679661276864],[5.694514873807586,51.4176820471162],[5.695436188354439,51.417657142508915],[5.695445798581697,51.41780273474271],[5.695497817997891,51.418904617104275],[5.695292243506502,51.418905160656855],[5.69522471959505,51.418911631235616],[5.694919957832226,51.41891333507688],[5.694321024373646,51.418994914528284],[5.694098373970929,51.41902156832032],[5.693726341070502,51.41906749098036],[5.693520904789962,51.41908870515303],[5.693282331283664,51.419099219493916],[5.693306872439075,51.419328367972696],[5.693308593314868,51.4195845426012],[5.693032560985738,51.419583469428055],[5.693078908281227,51.419634583642306],[5.693109218716167,51.41965248158211],[5.693472855429748,51.420067705422504],[5.693875587113689,51.42052327461702],[5.693154034325926,51.42033191282934],[5.692529043231754,51.420175349779846],[5.69198458715656,51.42002216833036],[5.691265895454103,51.419826293032074],[5.690954843681077,51.41974800311322],[5.69044411493614,51.41969270386573],[5.690624980647363,51.41921942540793],[5.690890575817243,51.41851761188538],[5.69092188488318,51.418469889975775],[5.690976320821903,51.41844098414433],[5.691461247111871,51.41829410170395],[5.692335026866016,51.418038335016746],[5.692346418979607,51.418022125456766],[5.692263743569488,51.417697848263934],[5.693184644373745,51.41739700811956]]]]}},{"type":"Feature","properties":{"gezicht_uri":"https://linkeddata.cultureelerfgoed.nl/cho-kennis/id/gezicht/10134406","gezichtsnummer":"1534","naam":"Liempde"},"geometry":{"type":"MultiPolygon","coordinates":[[[[5.373322359283868,51.571357307302854],[5.37369302082775,51.57150026879672],[5.374029109793255,51.57149131809363],[5.374259901974379,51.571479658383645],[5.374603226464464,51.571384416352196],[5.374792200187232,51.57132601046434],[5.374947925141169,51.57153995512791],[5.3750157201651,51.57153726554331],[5.37518726115625,51.571952555929016],[5.374539607702637,51.57193630901097],[5.374395364483069,51.5719317992038],[5.374284292967894,51.57194347230479],[5.374134271794756,51.57196772503312],[5.374118297947252,51.57234344632777],[5.374095169926116,51.57251422697406],[5.374066275967009,51.572670625230366],[5.374057598280789,51.57275062271378],[5.373808073138762,51.57267419172758],[5.373422973775147,51.57254201524],[5.373024896181605,51.57240444277316],[5.372867684082231,51.57235318885882],[5.372850367281853,51.57237655709174],[5.372765269567541,51.57235317639857],[5.372677283613848,51.57234058159642],[5.372521500210581,51.57233427034088],[5.372296465186916,51.57237019653691],[5.371853593745602,51.57247980064129],[5.371739608348377,51.57257146939375],[5.371601098704005,51.572668527952025],[5.371322637031384,51.57285725122647],[5.371146602337941,51.57300823572935],[5.37108312031809,51.573045080298094],[5.371003771538123,51.573080124939054],[5.3706474108813,51.57326793702885],[5.369379800858559,51.57240394896212],[5.370023410064645,51.57167776633735],[5.370177748764276,51.57168318185519],[5.370682578272582,51.57174797143165],[5.370769123628687,51.57175068008614],[5.370849903406969,51.57174170271089],[5.371175936915868,51.571620401438835],[5.371549682994134,51.57116473001846],[5.371719869465501,51.57122138056624],[5.371939204912612,51.570958942253874],[5.372285371625786,51.57099763739693],[5.372485875362253,51.57097249447638],[5.372840712037154,51.570963549522496],[5.372846506984496,51.57088265290843],[5.373426342281706,51.570929462540896],[5.373322359283868,51.571357307302854]]],[[[5.375192527957642,51.56835262560787],[5.375297744649472,51.56863667575049],[5.374686171021325,51.56871571233567],[5.374634281326248,51.56858896768618],[5.374091970565213,51.568559246522604],[5.373826586760801,51.568537644205286],[5.373735757213241,51.568409097028486],[5.373499232086362,51.568350644018125],[5.373251223808023,51.568111518458316],[5.373496449583731,51.56800817830708],[5.373039346990042,51.56764228871442],[5.373274441603023,51.56764770979048],[5.37334673025321,51.5670733471568],[5.373439056212522,51.56700864006045],[5.373469441786329,51.56668235763464],[5.373961255142433,51.5666940988661],[5.374161750416728,51.5666285043897],[5.374545411186952,51.5665728167434],[5.374722811413643,51.566571037851126],[5.374904553343967,51.566513529857254],[5.375236250763726,51.56661064063616],[5.375488629997011,51.566685271177214],[5.375941479105118,51.56679227931522],[5.375743806511818,51.567114052037375],[5.375538939644061,51.56735672408723],[5.375426420763128,51.567433116007344],[5.375321126943808,51.56745557698298],[5.375210066384245,51.56746814982762],[5.375143686073013,51.567599376553986],[5.375208585433903,51.5676164614676],[5.375352789571903,51.567719844795405],[5.375420566215215,51.56776659223619],[5.37544508162082,51.56778187527868],[5.375315223803092,51.567974218218424],[5.375270416852555,51.56834094830498],[5.375192527957642,51.56835262560787]]]]}},{"type":"Feature","properties":{"gezicht_uri":"https://linkeddata.cultureelerfgoed.nl/cho-kennis/id/gezicht/10134437","gezichtsnummer":"1582","naam":"Eindhoven - Villapark Den Elzent"},"geometry":{"type":"MultiPolygon","coordinates":[[[[5.472201591641725,51.42568229534427],[5.475330585985618,51.42509929938727],[5.476264846362514,51.42494218521867],[5.476730545190059,51.424868120771485],[5.477223603097004,51.42481560616589],[5.477682210246008,51.42479188006001],[5.478138000627127,51.42479781702545],[5.47941198927106,51.42485164598907],[5.480603490096465,51.42464395637378],[5.482007686272882,51.42439563247758],[5.482472549536722,51.42530311069541],[5.483333651724202,51.42523588662941],[5.483937739264168,51.42533516077422],[5.483982395231058,51.42537467390005],[5.484044752531049,51.42562450762322],[5.484156346811832,51.426038793337014],[5.484451065154681,51.426694721871165],[5.484357735747238,51.42675592286554],[5.484294595155274,51.426814402009505],[5.48426891136825,51.426907006917986],[5.484303847521946,51.42710742554916],[5.484372067909002,51.42740759084014],[5.484399706096397,51.42755678000248],[5.484424509041329,51.42772484777003],[5.484053643861285,51.42777549348541],[5.483715841479677,51.42782251514577],[5.483511795650162,51.42788560491097],[5.483162775055368,51.42806836343707],[5.482905652092175,51.42819172007911],[5.482797961266996,51.42826371804539],[5.482459184624535,51.42853455518813],[5.48275263570646,51.42859094348522],[5.48298141767794,51.428664462762846],[5.483159884939165,51.428743416278905],[5.483492450955942,51.4289363985273],[5.483813537409958,51.42913927690807],[5.484210988307588,51.42941310144169],[5.484614093749372,51.42963927984611],[5.484806916206008,51.42970383693191],[5.48492776297709,51.429731600507125],[5.484650049933381,51.430314300169776],[5.484171041054432,51.43023559959512],[5.483894766614373,51.43082458831693],[5.483280525416746,51.430718131370014],[5.483068584371061,51.43113538110207],[5.483970596557866,51.43132070082157],[5.483964890473369,51.43134227841049],[5.48387589161758,51.43141605955845],[5.483704940047824,51.431496200663254],[5.48327957219088,51.43162868608662],[5.48295618857356,51.43170805289153],[5.482867032393879,51.43170812617077],[5.482710203281556,51.43166690695057],[5.482407241996155,51.43188558011253],[5.483138629740991,51.43230205486539],[5.483061099670756,51.432360545170575],[5.483254030121524,51.43247184589458],[5.482761511821026,51.43281741662984],[5.482227301410011,51.43317200798879],[5.481716213228803,51.43289287582591],[5.481452075612406,51.433116009307994],[5.48249441739204,51.433685942491564],[5.482279573571611,51.434100496471956],[5.482014841633584,51.434040488130535],[5.48146215651195,51.4338171185711],[5.480705346916111,51.43433008374471],[5.480623252359404,51.43426992545037],[5.480440339380396,51.4341352417868],[5.480372613415045,51.43406877973074],[5.480245773971364,51.433927758802724],[5.479538720457539,51.43345551681414],[5.479423539145568,51.43338819295876],[5.479339971693587,51.433309158688175],[5.479293861182478,51.43326335287306],[5.479272213997295,51.43322561751537],[5.479257775285032,51.433196865139806],[5.47925290641557,51.432922714099675],[5.479249950310908,51.43288316622265],[5.479219675109417,51.43284543767468],[5.479127540724736,51.43279607268041],[5.478603688789272,51.432594239654186],[5.478515894926407,51.43255745492849],[5.478468364205157,51.43251973971618],[5.478445220537528,51.4324523427159],[5.478411870201925,51.4323148419619],[5.478397145830638,51.432143169606626],[5.478404242212544,51.432096422884776],[5.478451406452414,51.431951668098115],[5.478488551243595,51.43183029172893],[5.478501260608043,51.43171432772081],[5.478553943309843,51.43145361451652],[5.478661333959027,51.43122521759339],[5.478926765481956,51.43092928103029],[5.47901284103247,51.43082853990708],[5.479057278528602,51.43075929197622],[5.47910164326417,51.43065408934072],[5.479121576893621,51.43055609692611],[5.479117112270768,51.430481494354424],[5.479102563772378,51.430397911055366],[5.479062088508335,51.43029277536415],[5.478964049906322,51.430165213321764],[5.478596459692403,51.429711573768344],[5.478424984377029,51.42953193450782],[5.478244841471737,51.42933162779208],[5.477824660314138,51.42917824904668],[5.47786330871021,51.42909012982702],[5.477884676862938,51.42898943989232],[5.477874546953219,51.42895708850843],[5.477844262964586,51.42891306752238],[5.477619614199794,51.42874515374963],[5.477461215895849,51.428630221457055],[5.477347443229807,51.42854042272997],[5.47725672723308,51.428475774384296],[5.477148769143894,51.42841743137074],[5.4769688579351,51.428329481088156],[5.476786098180804,51.42825501575073],[5.476640733045644,51.42818501575001],[5.476457882711256,51.4280638087937],[5.476336876462837,51.427949745168945],[5.47595242474872,51.42767498503555],[5.475713466306725,51.42753584229355],[5.475579613304676,51.427468528822835],[5.475504790015604,51.427440720666596],[5.475063067551614,51.4272873483058],[5.474769540943556,51.42718240181138],[5.474324952908277,51.42703172541714],[5.474097615488739,51.42695009826774],[5.473704864549137,51.426836234426425],[5.473435831653426,51.42675463696146],[5.473189793338552,51.42666672981232],[5.473055968665258,51.426611098718425],[5.472891917498036,51.42653841121712],[5.47266882094245,51.42641543019721],[5.472543563950235,51.42632743294845],[5.472422585576037,51.426220556188134],[5.472300109416333,51.426081321120066],[5.472230853553526,51.425952833487386],[5.472204781312428,51.42585038148384],[5.472195949537594,51.42574072593703],[5.472201591641725,51.42568229534427]]]]}},{"type":"Feature","properties":{"gezicht_uri":"https://linkeddata.cultureelerfgoed.nl/cho-kennis/id/gezicht/10134448","gezichtsnummer":"1580","naam":"Helenaveen"},"geometry":{"type":"MultiPolygon","coordinates":[[[[5.931198572151837,51.384605311108494],[5.930155430253096,51.38579491029857],[5.927615060405278,51.38878563225397],[5.925254157062202,51.39154984818912],[5.922516123897376,51.394770584559794],[5.919930621112171,51.39779639826125],[5.917166150138865,51.40103240739275],[5.91607454523416,51.402320076069216],[5.915232368125801,51.403309972220235],[5.915002633617516,51.403576184061244],[5.913582675445001,51.405064867829424],[5.911617670548298,51.40715734169072],[5.910193818244703,51.40870173159954],[5.906131499119254,51.41307768100181],[5.903112242069645,51.41632436977174],[5.902844006847826,51.41663027832523],[5.90247794747728,51.41693032647142],[5.901773610779818,51.417827827328715],[5.90059628346877,51.41923707495846],[5.900661034624772,51.419242183104586],[5.898629573721989,51.42141292824024],[5.896241654710518,51.42399688266599],[5.89529656768039,51.424987080293455],[5.893381378508755,51.42692711087974],[5.89257658084489,51.42774229347857],[5.891562657447886,51.42876332051346],[5.891678254012435,51.42881405677322],[5.890488906025031,51.43010010469915],[5.890487994330153,51.430147749429835],[5.890358593683656,51.43027954478934],[5.887652245378289,51.42935725240605],[5.888775800242416,51.4280975841738],[5.878217412080362,51.42518160657162],[5.87906126179764,51.42423512195532],[5.879202267161753,51.424111380100854],[5.88273057138389,51.42027438760232],[5.883853559468216,51.41897072298049],[5.885164939511923,51.41754759011305],[5.888406304082498,51.41398310967709],[5.89029232637728,51.41190485608034],[5.890953969905886,51.41116401498299],[5.892266212245048,51.409729111067975],[5.892991660427446,51.4089151720293],[5.894452939545206,51.40732319025758],[5.895773323772539,51.40586483946645],[5.896345476796395,51.40523402134291],[5.897171709015567,51.40432073805383],[5.897980884908478,51.403427298974485],[5.89838953030411,51.40295898624491],[5.899177446018607,51.40209619397686],[5.900042992039345,51.40111080633389],[5.90017644150441,51.400965498575054],[5.901238076479245,51.399786877226695],[5.902715510941678,51.39814977380153],[5.902968188790156,51.39787539472811],[5.903216522446424,51.39759833767165],[5.903361100696857,51.39742241479896],[5.903603905943658,51.39716515685942],[5.903914669566382,51.39681860746035],[5.90418579791616,51.396525267283494],[5.904615554351017,51.39602897306608],[5.905393451043754,51.39519045212479],[5.906356785128638,51.394109299675954],[5.906854711977232,51.39354707462805],[5.908372935336718,51.39186836705654],[5.909358940627454,51.39077180671089],[5.910425838075876,51.38959217710757],[5.91160188240739,51.388288898939294],[5.911863216558677,51.38802704555894],[5.911899978331345,51.38797564351309],[5.912860309350206,51.386909730539266],[5.911393218671996,51.386508244935605],[5.911263373278948,51.38646028909976],[5.912409664386433,51.38520208037347],[5.913021198026494,51.38454043853676],[5.914569077413478,51.38497569562897],[5.915792974004756,51.38360743767498],[5.917596728769497,51.38158663315552],[5.919403165211335,51.379563091092294],[5.920307612718436,51.378538719243316],[5.925470511798485,51.38139322026785],[5.931198572151837,51.384605311108494]]]]}},{"type":"Feature","properties":{"gezicht_uri":"https://linkeddata.cultureelerfgoed.nl/cho-kennis/id/gezicht/10134449","gezichtsnummer":"1581","naam":"Eindhoven - Villapark Tongelre"},"geometry":{"type":"MultiPolygon","coordinates":[[[[5.484497360912163,51.44229454543287],[5.484596013373198,51.44201761162272],[5.484622346311338,51.44155287481193],[5.484571741733276,51.44142977220313],[5.48465226185353,51.440746565101854],[5.484667717088616,51.44057576722532],[5.484712045656354,51.44045528179011],[5.484813959000244,51.4403599163964],[5.484890127780902,51.4403319876206],[5.48550843255709,51.4402604567815],[5.485775809089643,51.44019461341414],[5.486011441414425,51.440082055223975],[5.48641224743753,51.439865986133064],[5.486529923742566,51.439746336364266],[5.486611696148029,51.43965098656789],[5.486687660168708,51.439530473365096],[5.486736299083905,51.439410882335416],[5.48747838835851,51.43938957181007],[5.488182908994605,51.43929008760524],[5.487980283569986,51.44001475089293],[5.488478031266596,51.4400628580309],[5.488674736921763,51.439911676964435],[5.488899419194631,51.44005170444195],[5.489047596813861,51.44006775459546],[5.489348242948419,51.44008906415651],[5.489418703901594,51.44008271026428],[5.489618884052693,51.44019848841514],[5.489962090643838,51.43995908717978],[5.490199729652272,51.44010269619615],[5.490764991304453,51.440112082523264],[5.490907176966878,51.44002296805975],[5.491696750663047,51.43938136931786],[5.492078314435417,51.43956709211542],[5.492165867298893,51.43948881170999],[5.492331099665277,51.439416753231214],[5.492526424334963,51.439297027291346],[5.492319047492936,51.43918036174769],[5.493067192116352,51.43867362130752],[5.493499219533906,51.438913225688864],[5.493436063348588,51.438967215406855],[5.495097956809509,51.439882533533755],[5.495698420905504,51.44017950119684],[5.495983492755108,51.4403023802817],[5.495541236501185,51.44061020539741],[5.496020788990708,51.44086234037599],[5.496687647993983,51.44124822885405],[5.499053710672446,51.44243788031204],[5.499786201311687,51.442007515702116],[5.499989464494402,51.442192485940396],[5.500408596477342,51.442423987397184],[5.499335968372541,51.443160298980864],[5.499815479702311,51.44337646366544],[5.500168233124427,51.44351814330674],[5.500693744508318,51.44371987787692],[5.501032235438516,51.44333303432124],[5.501715985646937,51.44354090164636],[5.501159865950144,51.444327956585624],[5.500607314002824,51.444245799902426],[5.500149785173915,51.44419860437173],[5.498568670522712,51.44407068957111],[5.498243501666718,51.44403324750877],[5.49788241514078,51.44401291716466],[5.497275240262964,51.443941583006065],[5.49619900691387,51.443809562480546],[5.495409096565758,51.44371052453733],[5.494659476976049,51.44361683729602],[5.494341481046544,51.44356859132731],[5.493685404469764,51.44349368798579],[5.493255206860244,51.443441047228596],[5.492656656218967,51.44336069250742],[5.492486891074269,51.44334466644764],[5.491964611709568,51.44327951997153],[5.490894062413668,51.44310340087562],[5.490642232510824,51.44305238930316],[5.490436473499259,51.44302021259404],[5.487262536406941,51.44260680651008],[5.486377700346659,51.44249160932058],[5.48620504048132,51.44246479017057],[5.485422448349281,51.44240343086653],[5.484497360912163,51.44229454543287]]]]}},{"type":"Feature","properties":{"gezicht_uri":"https://linkeddata.cultureelerfgoed.nl/cho-kennis/id/gezicht/10134450","gezichtsnummer":"1583","naam":"Eindhoven - Het Witte Dorp"},"geometry":{"type":"MultiPolygon","coordinates":[[[[5.492125902565306,51.43213790125192],[5.492464276326706,51.43170613893938],[5.492376497926715,51.431680151048994],[5.49201534832375,51.43158879202157],[5.492544276107863,51.43085663564679],[5.492839100767334,51.43087344710831],[5.492975144978835,51.430012207328396],[5.493087590579027,51.42951682842321],[5.493170038392871,51.42910776810358],[5.492873296635134,51.42887972503861],[5.492896269846733,51.428865322289305],[5.492497265039741,51.42856186604465],[5.492534604755897,51.428542057162716],[5.4920362207743,51.42816498193077],[5.491841882307627,51.42806807886921],[5.491946486071933,51.42791068277284],[5.492157616448528,51.42780712275906],[5.492277178354408,51.4279013961811],[5.492692215926677,51.42768079808085],[5.493434007941455,51.428231130445724],[5.495071844837208,51.42947545725404],[5.495627471214583,51.429720332511216],[5.495561475800851,51.429783314752115],[5.496106956876446,51.42999224240913],[5.495977870239441,51.43012988997664],[5.495643773969599,51.430527501554174],[5.495511857682845,51.43068582521687],[5.495720545547525,51.43076203480862],[5.495926308768397,51.43081757277473],[5.496333568045833,51.430947527861846],[5.496562323252902,51.43099585221027],[5.496292791036397,51.43133318077596],[5.496229525911055,51.43133593662194],[5.495867345427937,51.43141717328646],[5.495543987400313,51.431497473849525],[5.493498928672228,51.43201710666288],[5.49308078917548,51.43215591332144],[5.492268768409842,51.43235529867711],[5.492125902565306,51.43213790125192]]]]}},{"type":"Feature","properties":{"gezicht_uri":"https://linkeddata.cultureelerfgoed.nl/cho-kennis/id/gezicht/10134464","gezichtsnummer":"1603","naam":"'s-Hertogenbosch"},"geometry":{"type":"MultiPolygon","coordinates":[[[[5.299151642881184,51.69035232052647],[5.299123298486461,51.69005388113848],[5.29905887816459,51.68971496639695],[5.298975572644391,51.68942008104861],[5.298726589373983,51.688801484860534],[5.298576713428296,51.688532615624744],[5.298343099967558,51.68819357250144],[5.298066109408339,51.68785269824994],[5.297861230922968,51.68761254946591],[5.298655250243917,51.68682485998505],[5.297760989324646,51.68637925083179],[5.296998358650288,51.68592384875567],[5.297366094889882,51.68570571035129],[5.297710752703156,51.685456093430204],[5.297901425578892,51.685561404198076],[5.298223594471818,51.68571625122038],[5.298771288297108,51.68590452502072],[5.299113719965596,51.68605309290705],[5.299275471720032,51.68616107625953],[5.299402711417478,51.686169261203666],[5.299421350361712,51.68625196935979],[5.299957739510494,51.68630899702541],[5.300333707010808,51.686317365657864],[5.300339450025769,51.68633894231177],[5.300553452362266,51.68634898791054],[5.300780310226595,51.68644263564423],[5.301164703044742,51.68658403762081],[5.301313523329355,51.68665156041374],[5.301818804807363,51.68710494962452],[5.302156848072094,51.68729035823956],[5.30240528138827,51.687450533345974],[5.302591615080017,51.687566619509184],[5.302739014694522,51.68762335325749],[5.303596228613022,51.6878091302909],[5.303697883722898,51.687578198252986],[5.303842961118149,51.68732572458076],[5.303941530140694,51.687199056724495],[5.304115354149927,51.68704098234949],[5.304458494508905,51.686815613490126],[5.303663557628996,51.68658674229938],[5.303912892499171,51.68625704159803],[5.303714914336782,51.68618319518848],[5.303887226377014,51.68605927636411],[5.303961125035992,51.68597843230956],[5.304011919214141,51.685879594826986],[5.304160196031192,51.685455442620885],[5.304582291949865,51.68554023251432],[5.304898725401355,51.68568067552039],[5.305259855854426,51.68589485459744],[5.30558053664628,51.68608833087275],[5.305903385200796,51.685880920648906],[5.306022069580256,51.68582167871803],[5.306221786620276,51.6857328305676],[5.306680478258053,51.685571353225036],[5.307318533488687,51.685378536578405],[5.307544254506233,51.685301388922404],[5.307840777905324,51.68525484964191],[5.308111166672177,51.68526851495446],[5.30844519299207,51.68527593042105],[5.308529053304436,51.6852822786264],[5.308958511745002,51.68529425082327],[5.310637273868064,51.68536007537464],[5.310433139390524,51.68635586782887],[5.310156333900794,51.687561044165044],[5.310179036746705,51.687817231277165],[5.310288255422127,51.68822268418222],[5.311299201527283,51.688171209108084],[5.311983241620848,51.68816445872951],[5.312385321232675,51.68813415485118],[5.312814893306406,51.68809397967346],[5.313650896873705,51.68801361009143],[5.314071766632792,51.68798780644636],[5.314562089595072,51.68793777535027],[5.314698021095046,51.68794145480001],[5.314804900627599,51.688026012656216],[5.31491751499248,51.68814203368825],[5.315007020139226,51.688240063402716],[5.315097937522672,51.68835966630932],[5.314668048608183,51.68859759660899],[5.314290643680496,51.68857039727262],[5.313905941564966,51.688584539251],[5.313541465033909,51.68861127655782],[5.313337510734224,51.68863901271655],[5.313139315880381,51.688682032600354],[5.312523132761556,51.68875265126472],[5.311710283679535,51.68881415184861],[5.311131784458963,51.68883265414202],[5.310989387445971,51.68923254988352],[5.310966142724939,51.68929545426546],[5.310915485438377,51.68931969028935],[5.310763629949065,51.689323186878084],[5.310650835097824,51.68931861910815],[5.310188120039331,51.68928056467859],[5.309551885412272,51.689229809838025],[5.309501281363195,51.689222585545515],[5.309349402937154,51.68923956303096],[5.308993521109589,51.68930943667287],[5.308491548339088,51.68939359293166],[5.307957821944871,51.68944087276184],[5.307409635697573,51.68948634262894],[5.306777594747465,51.68951737089327],[5.30589955838655,51.689627324338915],[5.305684057593172,51.68963706217445],[5.305277327515347,51.6898300315997],[5.305030511065739,51.68956290065011],[5.304586308762931,51.68968393345246],[5.304056737043372,51.689827375351015],[5.303586443132077,51.68997804790929],[5.303440746756842,51.68977750050512],[5.302990621353252,51.68996953215505],[5.302554826666411,51.69022988498975],[5.302224525347278,51.690530760883775],[5.301956250431314,51.69091527393673],[5.301425720066816,51.69078904834012],[5.301078790134231,51.69070160578332],[5.300734673397106,51.690656410205506],[5.300772851249965,51.69035442483795],[5.300366495047477,51.69033794550161],[5.300006392137554,51.69033498188459],[5.299848716353154,51.690354639290575],[5.299151642881184,51.69035232052647]]]]}},{"type":"Feature","properties":{"gezicht_uri":"https://linkeddata.cultureelerfgoed.nl/cho-kennis/id/gezicht/10134478","gezichtsnummer":"1617","naam":"Nederhemert - Zuid"},"geometry":{"type":"MultiPolygon","coordinates":[[[[5.164329740062345,51.75248356276053],[5.162465790336322,51.753668281402916],[5.163089445165143,51.75406946110366],[5.160415971431428,51.755796399652645],[5.160765116890698,51.75635435866433],[5.160861366598547,51.75651184246213],[5.160956950854354,51.75680235410069],[5.160975166361889,51.757214060680845],[5.16071915472078,51.75772231350185],[5.160053732775874,51.75813269839038],[5.159605770599926,51.75850125582767],[5.158203444829697,51.75826842231438],[5.157902057638986,51.75772133527805],[5.157529091710465,51.75758038571008],[5.157380202979024,51.75752256797864],[5.157088160575501,51.75741862819389],[5.156895891003327,51.75734724205231],[5.156573329935765,51.75726391452109],[5.156437317947289,51.757237580513646],[5.156088973295885,51.757098472467206],[5.155690044734217,51.75693859010391],[5.155415625235337,51.75678883976003],[5.154505223700584,51.75638884855901],[5.154096015756124,51.75625860227698],[5.153726012237798,51.75610955682422],[5.153347302692585,51.75596408822772],[5.152918063353852,51.75578795672181],[5.15202159756587,51.755501228603194],[5.15152554956091,51.75536270956479],[5.151104782623274,51.75523063188532],[5.150631903512132,51.755093953374946],[5.150183610269514,51.75496451340172],[5.149807322433947,51.754913417094926],[5.149435507984729,51.754838059790735],[5.149011557003291,51.754762595451446],[5.148497753027802,51.75469863177213],[5.147868079603364,51.754636227181116],[5.147399093819817,51.754587630506585],[5.146614320458811,51.75455096855446],[5.146124926954909,51.754527492626146],[5.145686136684689,51.75452029809165],[5.14510960262566,51.754542479655285],[5.144428657712372,51.75458961004473],[5.143745938624131,51.75469695552521],[5.143001669870763,51.75493719822251],[5.142633071288985,51.7545373423624],[5.140887615052312,51.752728805684384],[5.139682356034115,51.75173304259409],[5.139255225640677,51.75145349787563],[5.140214124232546,51.750886550715],[5.140447271099534,51.75115310017167],[5.141622973669956,51.75012638765023],[5.140922750682625,51.74973661749365],[5.140945003103526,51.749373529923766],[5.141687943158955,51.74909644473595],[5.141692348789663,51.74641968637134],[5.142512702238089,51.746276686246944],[5.142242182595716,51.74569456718798],[5.142175243486837,51.74548859125946],[5.142041893676917,51.74497956482785],[5.142521780664317,51.744867312150426],[5.142686294200577,51.744702267274],[5.143330175344094,51.74478809955919],[5.143681833765286,51.74482478414769],[5.144246143834568,51.744898761133875],[5.145241749727138,51.74501047870934],[5.14588425937142,51.74508371025218],[5.146606337311947,51.74517058423207],[5.148108429834301,51.745342639257224],[5.149102734994984,51.745430052470816],[5.150201189820004,51.7455383412318],[5.150793068730096,51.745605151588656],[5.15234310130923,51.74575298003444],[5.152655762996523,51.745773380329],[5.154286968951177,51.745906963788656],[5.155617052837094,51.74603004304868],[5.156152713411498,51.74604997525025],[5.156654978912872,51.746087816309824],[5.157152901273504,51.746125646697436],[5.157610271437784,51.74616519329127],[5.158967970294875,51.74627121045568],[5.160707912461155,51.74638514139644],[5.161663168927611,51.74647237257219],[5.164948774489452,51.746757286787314],[5.164986801445188,51.746974879774385],[5.165045335352713,51.747144872703174],[5.165258813753801,51.74731426003286],[5.165433249617378,51.747472786997534],[5.16535321564494,51.7478474547563],[5.165118233171431,51.74822272802851],[5.164764805459615,51.74853665469296],[5.164157235190173,51.748996609318446],[5.162102520660579,51.750421850451886],[5.162023842228246,51.75051787602685],[5.162003142793399,51.75060322671371],[5.162539665802658,51.751335017738036],[5.162707116843054,51.751443199902475],[5.162886042499116,51.751573874929754],[5.163251200174939,51.751822654254546],[5.163558799189299,51.751997617303715],[5.164329740062345,51.75248356276053]]]]}},{"type":"Feature","properties":{"gezicht_uri":"https://linkeddata.cultureelerfgoed.nl/cho-kennis/id/gezicht/10134491","gezichtsnummer":"1630","naam":"Griendtsveen"},"geometry":{"type":"MultiPolygon","coordinates":[[[[5.875224058087805,51.44614171444182],[5.876577601871898,51.444796709775275],[5.878774802631498,51.44246296195242],[5.882211006253916,51.438752225378046],[5.888239824162486,51.43937637082723],[5.89747541773248,51.44031610800147],[5.901326143288792,51.44073335618448],[5.904736118001293,51.441089512377076],[5.902913974573384,51.44339512916061],[5.895497303360946,51.44414230065294],[5.890213853741824,51.44465150290508],[5.883714871317351,51.44529957999104],[5.880522029790547,51.445614254141205],[5.875224058087805,51.44614171444182]],[[5.879688611205928,51.44410046440657],[5.880492056398292,51.44404223710961],[5.881483062373946,51.4445665836893],[5.88188081638472,51.44450287445369],[5.881950336349488,51.44454662476282],[5.882019573244516,51.44456430866418],[5.882389964738596,51.4447622883411],[5.882530972839528,51.44489831956544],[5.882602127955184,51.4449600401771],[5.884460391549988,51.44480920987545],[5.884176222680817,51.44341805322168],[5.88423364081658,51.44314364957191],[5.880954644665217,51.44279442964852],[5.880862060471241,51.442878417580296],[5.880718543878869,51.4430408236807],[5.880377699060583,51.44291282656443],[5.879697610036449,51.443602446029274],[5.879381825170475,51.44393007311583],[5.879373700175536,51.44397684924333],[5.879387101850196,51.44401904011811],[5.879445073014796,51.44405924512354],[5.879538925364844,51.44409210758224],[5.879688611205928,51.44410046440657]]]]}},{"type":"Feature","properties":{"gezicht_uri":"https://linkeddata.cultureelerfgoed.nl/cho-kennis/id/gezicht/10134496","gezichtsnummer":"1635","naam":"'s-Hertogenbosch Uitbreiding"},"geometry":{"type":"MultiPolygon","coordinates":[[[[5.294635335904939,51.681739657233905],[5.29460825593188,51.68154728184267],[5.294622970471844,51.681422353228605],[5.294875900965755,51.680765492796425],[5.294918017210434,51.680674742025225],[5.2949747733887,51.680495016535986],[5.294992431393915,51.68034402350831],[5.294975236066231,51.6802676076829],[5.294705886258141,51.679761342651666],[5.29439757594333,51.67921999097283],[5.294126565981299,51.678824281885944],[5.293963680505012,51.678583260498606],[5.293898930300179,51.67843130321767],[5.293870335574596,51.67827488041953],[5.293891533754622,51.67781019138132],[5.293871390400225,51.677762536256765],[5.293900354802642,51.67773918917727],[5.293955330879044,51.67772215472926],[5.293955691408575,51.677546879087686],[5.293849066239498,51.677369720638204],[5.293840595048946,51.67727084029182],[5.29376560615045,51.67717730007826],[5.293646656040586,51.67596735179709],[5.293684353284938,51.675915248498896],[5.293758255443095,51.67583351195338],[5.293880016986209,51.67567900651308],[5.293923700142524,51.67552803427874],[5.293932589113677,51.675423774619674],[5.293997754612516,51.675371693058544],[5.294102026851161,51.675284587316156],[5.294175892181683,51.67521992864508],[5.294242633694675,51.67510402976659],[5.294251475775946,51.67502224132082],[5.294224172856484,51.674941323076744],[5.294224591303731,51.67473728419568],[5.294383894532215,51.674603481549276],[5.294411480840694,51.674545976901925],[5.29439280618052,51.67448753679903],[5.294374203343436,51.67439404155306],[5.294378698731137,51.674316743907866],[5.294336889273874,51.67426008318515],[5.294347115969694,51.67420795791192],[5.294384752055941,51.67418461757095],[5.294449832500551,51.67417298399051],[5.294578608187859,51.67412005353714],[5.29462789042057,51.67405717286088],[5.294638129581081,51.673998755612665],[5.294697634149702,51.67388554730452],[5.294726927479175,51.673699508197316],[5.294850641956473,51.67329152720024],[5.294897979462923,51.672763039894676],[5.294953163087383,51.672640839530054],[5.295019864081173,51.67254201832627],[5.295131321379305,51.672471995470495],[5.29534698123898,51.67234452767731],[5.295548285252405,51.67216671259115],[5.29586688656565,51.67188831720422],[5.296278142341945,51.67154078125141],[5.296560598162318,51.67126055823439],[5.297048659672552,51.67081240752717],[5.297301984209431,51.670638224787325],[5.297507867499232,51.670330076350986],[5.29788309012965,51.669915093293646],[5.298740749329394,51.66894947785063],[5.298928941669442,51.668809398786564],[5.299767856462094,51.66854666364324],[5.301099874158289,51.668182715270035],[5.301516405032841,51.66806437188114],[5.301970506643345,51.667951447427264],[5.302232307544941,51.66786354990972],[5.302368374459626,51.66776207815998],[5.302462482847564,51.66768124953464],[5.303155565450913,51.66730872474817],[5.303333585727414,51.667186608336976],[5.303427755943976,51.667070723758926],[5.305087347689101,51.66776670967124],[5.305965583173918,51.66811697446288],[5.306913239422617,51.66845469625985],[5.307952023689328,51.66876640527043],[5.309243745111114,51.66910523894766],[5.310515346951499,51.66938561985707],[5.311586154982677,51.66959215188109],[5.312437346724917,51.66973831131628],[5.313830565084495,51.6699252530719],[5.314915942675656,51.67007783264386],[5.31556198486243,51.67015912548375],[5.314924440569596,51.67109533758528],[5.314712856873203,51.67142418662984],[5.314647804274796,51.671424146423576],[5.314459780859446,51.671482455342854],[5.313837682266604,51.67178138549137],[5.312629715309449,51.672310047346095],[5.310701203134883,51.67318159026258],[5.311284284659227,51.67376082911076],[5.31146170650336,51.673999139309835],[5.311764320344837,51.67458987939196],[5.312646003630236,51.67647263675462],[5.312929793791411,51.67710021458713],[5.313094004857759,51.677473341474474],[5.31322367146965,51.677752965869644],[5.312781125106065,51.677829987196496],[5.312578617428432,51.677886486182274],[5.312431063798638,51.677934930191284],[5.312297926513025,51.67800855103737],[5.312096730777065,51.67814504773849],[5.311642038440114,51.67856631679215],[5.311294627285271,51.678810579941675],[5.310869190571241,51.6790224327015],[5.310555170935213,51.67918132455924],[5.310339577679541,51.67927556284592],[5.309950318704884,51.679464065838694],[5.309744736479985,51.679621229160105],[5.309660646713342,51.67975510235523],[5.309631540002661,51.67986564173588],[5.309727946560724,51.680985673164514],[5.309713044996318,51.681244532253636],[5.309662143977015,51.6814161790602],[5.3095590348961,51.68167767634789],[5.309492302878487,51.681805268928386],[5.309441489795322,51.6819247823666],[5.309380542434974,51.682051479863645],[5.309215321976097,51.682273386208585],[5.309028250773854,51.682587859344565],[5.308765878727627,51.68296430253211],[5.308654050735747,51.68324556786416],[5.308591626901601,51.683387544401775],[5.30855373789819,51.68355650285894],[5.308525931661028,51.68374793931772],[5.308563234747593,51.68391694816413],[5.308665669629907,51.68405094544908],[5.308636384829736,51.68426125678874],[5.308589508944811,51.684609080406354],[5.308767240556399,51.6846847027542],[5.309421925162961,51.684900862563566],[5.309627681683863,51.68465651153238],[5.309881154910123,51.68441219158587],[5.310117072966963,51.68428560892708],[5.310222663247049,51.68426770123907],[5.310399105523323,51.68425163755005],[5.310617441335445,51.68425986989814],[5.310827084431385,51.68427798353353],[5.311639544642968,51.684401651967896],[5.311850642302982,51.684415270455965],[5.312197706934983,51.68440470659009],[5.312450818136497,51.684370711783984],[5.312919550247638,51.68423708074613],[5.314632273991447,51.683842658264986],[5.315166068736993,51.68370636189553],[5.315377195537423,51.683700199342155],[5.315569437602729,51.683748854743435],[5.315700872606845,51.68384511185748],[5.315807650945345,51.683988992884],[5.316263236991678,51.68393084387685],[5.316321010073671,51.68397402358845],[5.31638740883132,51.68404956708073],[5.316471087140555,51.68417186115556],[5.316559095574571,51.6842995508759],[5.316657215520892,51.68443443740697],[5.316778511668624,51.68454416995991],[5.317012606172005,51.684649475644804],[5.316848982400853,51.684792294841365],[5.315846675537473,51.68491932646683],[5.315921696069229,51.685029930609055],[5.316042972281996,51.68515224780585],[5.31729634277234,51.6863224048159],[5.317706667132309,51.68656084370099],[5.31802004784272,51.68683787458742],[5.31818888794473,51.68707077609077],[5.318295578004851,51.687282967330894],[5.318678698979468,51.68830698150244],[5.31738553389355,51.688503966413045],[5.316880661272894,51.68860883044644],[5.3167209602807,51.68900962162568],[5.316683242300291,51.68908510234422],[5.316720697615405,51.6891786052066],[5.316893856022114,51.68942589270893],[5.317205618076334,51.689824269417116],[5.31796347931893,51.69073795004121],[5.317846210907218,51.690818777269115],[5.31713392942394,51.69129384564069],[5.317227855107712,51.69134603493809],[5.31734912546724,51.69148542883257],[5.317076895992598,51.69170099038516],[5.316234198319421,51.692322487719636],[5.316101047418713,51.6923817312015],[5.315936041165412,51.6924643252794],[5.315818846737594,51.6924930172479],[5.315693007043542,51.69250103029701],[5.315558533614373,51.69248117361091],[5.313048550224739,51.69112504858613],[5.312925666711871,51.69109620769857],[5.312757817048024,51.69114823462633],[5.311271400350159,51.69181872295883],[5.309774832476683,51.69247929835916],[5.309331913813976,51.692685740675465],[5.305061915432133,51.69457850289837],[5.305365191865495,51.69483219028217],[5.305440256703289,51.69491313903898],[5.30543994211854,51.6950875155724],[5.305383355219156,51.69518634954793],[5.304185318320932,51.69621558930219],[5.304039038395588,51.696320651076896],[5.303836438664319,51.69637623596949],[5.302997839619262,51.696203957031464],[5.301959637089061,51.6960351226499],[5.301825201529942,51.69599277900199],[5.3007156938753,51.695297156030506],[5.30016957320268,51.69497945843353],[5.299217622446414,51.69435854243093],[5.29905257816767,51.694441112693866],[5.296768954748484,51.6958083223023],[5.295937683204716,51.69488905465112],[5.295365220794586,51.69331472260935],[5.295328347467802,51.69295425508559],[5.295086256968826,51.69251722437364],[5.294565044032319,51.69137078069817],[5.294182144165329,51.690492301541966],[5.293959248497797,51.689875513634654],[5.294464092661221,51.689817488570384],[5.294623068207512,51.68986974742422],[5.295194624634509,51.68971919030736],[5.295205149446442,51.689521451598445],[5.295130184915759,51.68940454230814],[5.295011882807794,51.68926422882335],[5.294616530381036,51.68882258217567],[5.294304985248396,51.6884187522636],[5.293683224246966,51.68767580815634],[5.293238943111566,51.68713164884799],[5.292339593061217,51.685685573965145],[5.292925476968031,51.68557728543174],[5.292994964684441,51.685540488399724],[5.293013812080274,51.685517133429],[5.292770421919924,51.6850396482645],[5.292766525777873,51.68482751646224],[5.292636892220975,51.68458292474471],[5.293085899747147,51.6842282399883],[5.293133847926596,51.68411771985771],[5.293067499106206,51.68403677009934],[5.29297554834634,51.683750861854584],[5.292766339799488,51.682834765027955],[5.292818679481577,51.68269818188325],[5.292914343676867,51.6825877002114],[5.293063478269089,51.682491642994044],[5.293400691609722,51.682345400513036],[5.293792730583489,51.68225672716521],[5.294690861776791,51.682163958485795],[5.294701172400281,51.68207138501471],[5.294672561599735,51.68192035556196],[5.294635335904939,51.681739657233905]],[[5.299151642881184,51.69035232052647],[5.299848716353154,51.690354639290575],[5.300006392137554,51.69033498188459],[5.300366495047477,51.69033794550161],[5.300772851249965,51.69035442483795],[5.300734673397106,51.690656410205506],[5.301078790134231,51.69070160578332],[5.301425720066816,51.69078904834012],[5.301956250431314,51.69091527393673],[5.302224525347278,51.690530760883775],[5.302554826666411,51.69022988498975],[5.302990621353252,51.68996953215505],[5.303440746756842,51.68977750050512],[5.303586443132077,51.68997804790929],[5.304056737043372,51.689827375351015],[5.304586308762931,51.68968393345246],[5.305030511065739,51.68956290065011],[5.305277327515347,51.6898300315997],[5.305684057593172,51.68963706217445],[5.30589955838655,51.689627324338915],[5.306777594747465,51.68951737089327],[5.307409635697573,51.68948634262894],[5.307957821944871,51.68944087276184],[5.308491548339088,51.68939359293166],[5.308993521109589,51.68930943667287],[5.309349402937154,51.68923956303096],[5.309501281363195,51.689222585545515],[5.309551885412272,51.689229809838025],[5.310188120039331,51.68928056467859],[5.310650835097824,51.68931861910815],[5.310763629949065,51.689323186878084],[5.310915485438377,51.68931969028935],[5.310966142724939,51.68929545426546],[5.310989387445971,51.68923254988352],[5.311131784458963,51.68883265414202],[5.311710283679535,51.68881415184861],[5.312523132761556,51.68875265126472],[5.313139315880381,51.688682032600354],[5.313337510734224,51.68863901271655],[5.313541465033909,51.68861127655782],[5.313905941564966,51.688584539251],[5.314290643680496,51.68857039727262],[5.314668048608183,51.68859759660899],[5.315097937522672,51.68835966630932],[5.315007020139226,51.688240063402716],[5.31491751499248,51.68814203368825],[5.314804900627599,51.688026012656216],[5.314698021095046,51.68794145480001],[5.314562089595072,51.68793777535027],[5.314071766632792,51.68798780644636],[5.313650896873705,51.68801361009143],[5.312814893306406,51.68809397967346],[5.312385321232675,51.68813415485118],[5.311983241620848,51.68816445872951],[5.311299201527283,51.688171209108084],[5.310288255422127,51.68822268418222],[5.310179036746705,51.687817231277165],[5.310156333900794,51.687561044165044],[5.310433139390524,51.68635586782887],[5.310637273868064,51.68536007537464],[5.308958511745002,51.68529425082327],[5.308529053304436,51.6852822786264],[5.30844519299207,51.68527593042105],[5.308111166672177,51.68526851495446],[5.307840777905324,51.68525484964191],[5.307544254506233,51.685301388922404],[5.307318533488687,51.685378536578405],[5.306680478258053,51.685571353225036],[5.306221786620276,51.6857328305676],[5.306022069580256,51.68582167871803],[5.305903385200796,51.685880920648906],[5.30558053664628,51.68608833087275],[5.305259855854426,51.68589485459744],[5.304898725401355,51.68568067552039],[5.304582291949865,51.68554023251432],[5.304160196031192,51.685455442620885],[5.304011919214141,51.685879594826986],[5.303961125035992,51.68597843230956],[5.303887226377014,51.68605927636411],[5.303714914336782,51.68618319518848],[5.303912892499171,51.68625704159803],[5.303663557628996,51.68658674229938],[5.304458494508905,51.686815613490126],[5.304115354149927,51.68704098234949],[5.303941530140694,51.687199056724495],[5.303842961118149,51.68732572458076],[5.303697883722898,51.687578198252986],[5.303596228613022,51.6878091302909],[5.302739014694522,51.68762335325749],[5.302591615080017,51.687566619509184],[5.30240528138827,51.687450533345974],[5.302156848072094,51.68729035823956],[5.301818804807363,51.68710494962452],[5.301313523329355,51.68665156041374],[5.301164703044742,51.68658403762081],[5.300780310226595,51.68644263564423],[5.300553452362266,51.68634898791054],[5.300339450025769,51.68633894231177],[5.300333707010808,51.686317365657864],[5.299957739510494,51.68630899702541],[5.299421350361712,51.68625196935979],[5.299402711417478,51.686169261203666],[5.299275471720032,51.68616107625953],[5.299113719965596,51.68605309290705],[5.298771288297108,51.68590452502072],[5.298223594471818,51.68571625122038],[5.297901425578892,51.685561404198076],[5.297710752703156,51.685456093430204],[5.297366094889882,51.68570571035129],[5.296998358650288,51.68592384875567],[5.297760989324646,51.68637925083179],[5.298655250243917,51.68682485998505],[5.297861230922968,51.68761254946591],[5.298066109408339,51.68785269824994],[5.298343099967558,51.68819357250144],[5.298576713428296,51.688532615624744],[5.298726589373983,51.688801484860534],[5.298975572644391,51.68942008104861],[5.29905887816459,51.68971496639695],[5.299123298486461,51.69005388113848],[5.299151642881184,51.69035232052647]]]]}},{"type":"Feature","properties":{"gezicht_uri":"https://linkeddata.cultureelerfgoed.nl/cho-kennis/id/gezicht/10134505","gezichtsnummer":"1644","naam":"Eindhoven - Philipsdorp"},"geometry":{"type":"MultiPolygon","coordinates":[[[[5.454014041668223,51.44580363449902],[5.453694123468559,51.44540561938851],[5.454059749113995,51.44460631664415],[5.454102820726428,51.444551460969116],[5.454183297450083,51.44450107809464],[5.454237795186136,51.44439138486802],[5.45427224923213,51.44434552276909],[5.45435273071698,51.44429873524457],[5.455496566170498,51.444502112626004],[5.455718727996861,51.44397704335277],[5.455724275582802,51.44384041220255],[5.455502742433599,51.443826160533725],[5.455719106768401,51.44327412860715],[5.455975201682175,51.44331712321373],[5.45644393567604,51.44225797911683],[5.45652568370491,51.44210242633166],[5.456690498238658,51.441714017167094],[5.457307703628587,51.44182151117622],[5.457463143915208,51.44188703479584],[5.457651656417389,51.44194624612074],[5.45795248635055,51.44208718589125],[5.458202960953812,51.44221826806738],[5.458528254626427,51.44236458463364],[5.459114011615176,51.4425871434285],[5.459348556320629,51.44264632356319],[5.460148653924368,51.44108718812406],[5.46031218786747,51.44081832403366],[5.460605725509539,51.44089634080188],[5.461539499870018,51.44109260028796],[5.461796048525136,51.440539632422634],[5.462032008180729,51.44058891871338],[5.462716820862306,51.44070263270752],[5.463276978379885,51.44023935100993],[5.463482392000734,51.44008461130453],[5.463680510101811,51.43986875300757],[5.463907953990017,51.439986355064114],[5.464177066228684,51.440078760829635],[5.464210144861918,51.440077840084605],[5.464339622494377,51.44009752945718],[5.464926660253056,51.44022837371941],[5.465025945659685,51.44025437455993],[5.465136541708924,51.44016621151506],[5.46550267840889,51.43980462090876],[5.465943093837992,51.4399822997174],[5.467221188563856,51.440501872812575],[5.46691103828087,51.440797813123616],[5.466488704436844,51.44109832339645],[5.465553494244822,51.441750635769814],[5.465102371398439,51.44204846376563],[5.464944319573679,51.44214474827578],[5.464382395291773,51.442418377983486],[5.464044664574716,51.44258399307402],[5.463650858347484,51.442763127038425],[5.463449624685758,51.442844157113335],[5.463546560491198,51.443181169000304],[5.463352414259001,51.443201071248474],[5.462985671325697,51.443225579997105],[5.462815973918624,51.44324366769857],[5.462803052526304,51.44325805797475],[5.462122692587557,51.4432513068849],[5.462118340453142,51.44322883799195],[5.461669524261246,51.44320126106245],[5.461107125966281,51.44320341720834],[5.461104636461108,51.443441618739435],[5.460999827779492,51.44356033577066],[5.460950886484765,51.44353789509394],[5.460851621002132,51.44352717152732],[5.460717867969451,51.44353714361924],[5.460540989663857,51.44356332235462],[5.460333951478515,51.44361828354039],[5.45912067592517,51.44407206878576],[5.456682414384448,51.44489421592267],[5.456298562621802,51.445030173434915],[5.456183536437257,51.44506170202898],[5.454014041668223,51.44580363449902]]]]}},{"type":"Feature","properties":{"gezicht_uri":"https://linkeddata.cultureelerfgoed.nl/cho-kennis/id/gezicht/10134513","gezichtsnummer":"1650","naam":"Bergen op Zoom"},"geometry":{"type":"MultiPolygon","coordinates":[[[[4.282018182715602,51.4940132826333],[4.282369854382953,51.49400132883055],[4.282377053165066,51.494001396946366],[4.282384251947203,51.49400146506172],[4.282392912309606,51.494000648070454],[4.282400111091656,51.49400071618486],[4.282407331697251,51.493999885569664],[4.282415992058953,51.493999068576706],[4.282423212664003,51.49399823796054],[4.282430411445731,51.493998306073046],[4.282437632050406,51.49399747545597],[4.282446314233866,51.493995759731575],[4.282453534837853,51.49399492911356],[4.282460755441577,51.493994098495065],[4.282467976045041,51.4939932678761],[4.282475218470422,51.493991538527574],[4.282482439073221,51.49399070790772],[4.28248968149765,51.493988978558306],[4.28249692392153,51.4939872492084],[4.282504166344861,51.493985519858064],[4.28251138694619,51.49398468923643],[4.282518629368571,51.493982959885194],[4.282525893611569,51.49398033180434],[4.282533136032711,51.49397860245219],[4.282540378453303,51.4939768730996],[4.282547620873348,51.49397514374655],[4.282554885113436,51.49397251566388],[4.282560687776712,51.49397077268908],[4.28256795201535,51.493968144605624],[4.282575194432968,51.49396641525084],[4.282581018914761,51.493963773545886],[4.282588283151114,51.49396114546112],[4.282594107631474,51.4939585037555],[4.282601371866233,51.4939558756699],[4.282607196345162,51.493953233963595],[4.282613020823415,51.49395059225703],[4.282618845300994,51.493947950550115],[4.282626109532647,51.49394532246299],[4.282631955827839,51.493941782026255],[4.282637780303193,51.493939140318425],[4.282643626596686,51.49393559988109],[4.28264945107057,51.49393295817268],[4.28265529736236,51.49392941773474],[4.282661143653241,51.49392587729656],[4.282665528370801,51.493923221967684],[4.282671374660089,51.49391968152896],[4.282677220948465,51.49391614108994],[4.2826816274822,51.49391258703128],[4.282687473768868,51.493909046591746],[4.282691880301112,51.49390549253268],[4.282697726586068,51.49390195209263],[4.282702133116823,51.493898398033174],[4.28270656146443,51.49389394524433],[4.282710967993718,51.49389039118456],[4.282715374522312,51.493886837124585],[4.282719802867496,51.49388238433524],[4.282724209394623,51.49387883027493],[4.282728637738157,51.493874377485255],[4.282733044263819,51.49387082342463],[4.282736032853414,51.493866357015925],[4.282740461194569,51.49386190422576],[4.282744867718095,51.49385835016469],[4.282747856305701,51.49385388375569],[4.282750844892719,51.49384941734655],[4.282755273230768,51.49384496455588],[4.282758239999979,51.49384139687579],[4.282761228585147,51.49383693046642],[4.28276421716973,51.493832464056986],[4.28276720575372,51.49382799764745],[4.28277019433712,51.49382353123782],[4.282771743169124,51.493819051209925],[4.282774731751485,51.49381458480019],[4.282776215134389,51.49381280095994],[4.282961309893285,51.49360330171184],[4.282973111402984,51.49359172715745],[4.282984912906666,51.49358015260186],[4.282996714404328,51.49356857804505],[4.283008515895971,51.493557003487005],[4.283020295570472,51.49354632765705],[4.283033536792233,51.49353476671154],[4.283046756196667,51.49352410449386],[4.283059975594897,51.49351344227465],[4.283073194986921,51.49350278005388],[4.28308785411333,51.49349213144593],[4.283101073492616,51.49348146922196],[4.283115710796426,51.49347171933977],[4.28313178783361,51.49346198306954],[4.283146425124568,51.49345223318346],[4.283161062409248,51.4934424832955],[4.283165447050971,51.49343982794756],[4.28325721912009,51.493396647813675],[4.283486113979576,51.49328105115558],[4.283954611710502,51.49308321830321],[4.285619311702855,51.49242922892219],[4.28588656739205,51.49233466504349],[4.286197056533974,51.492238710372355],[4.28642613846872,51.492174349098676],[4.286780973435912,51.49209049711541],[4.286989180916504,51.49205560287002],[4.287203826094776,51.49205223163459],[4.287531425320654,51.49208228554845],[4.287545338316273,51.49204286343975],[4.287581513866132,51.49191645429309],[4.287696167213964,51.49152200258513],[4.287833662114457,51.49137407405474],[4.287948159890772,51.49098591318871],[4.288242662524562,51.49065697846261],[4.288379849144428,51.49070051957495],[4.288403708327865,51.49066658458278],[4.288404836881736,51.49061985058071],[4.28852221561193,51.49064882215247],[4.288530325295398,51.490611143192105],[4.288592035020056,51.49061981427152],[4.288660877935589,51.490631249237836],[4.28868091696129,51.490576602741946],[4.288758332651929,51.49059081511347],[4.288818362399352,51.49043047048627],[4.288848551576415,51.49043255235487],[4.288862533976149,51.49027087558632],[4.289369217942627,51.490397896052066],[4.289887712896036,51.490572668850454],[4.289067407358421,51.49144771065329],[4.288809483506989,51.49175272030728],[4.288346778859594,51.49230840307312],[4.288575200345997,51.49239055777813],[4.288947970456641,51.49251811767505],[4.289602619457599,51.492780469890825],[4.289912858932115,51.49293350794404],[4.290349599667064,51.49321538229048],[4.290953874707426,51.493716370171065],[4.291874366529311,51.49466169836386],[4.292136998366186,51.49499856529002],[4.292615567686101,51.49486012194945],[4.292636299620363,51.4948962736643],[4.293049635440234,51.49483542431256],[4.293346310065924,51.49489483679121],[4.294902320409373,51.49462623891759],[4.295328500972334,51.49456999635965],[4.295491302191465,51.49534729855171],[4.294983924441028,51.4954261545468],[4.294175322656157,51.49551477411248],[4.293754891081235,51.495571066359396],[4.293309254960612,51.495597456153995],[4.292973541203573,51.49560419890874],[4.292937524305246,51.4956047603198],[4.292901550640541,51.49560352425657],[4.292865555359951,51.495603186913826],[4.292829581698613,51.49560195082845],[4.292792189847582,51.495599802505595],[4.292756216191084,51.49559856639761],[4.292720285778205,51.49559553281545],[4.292684333748698,51.49559339795386],[4.292662779830196,51.49559139804632],[4.292162893862519,51.49553816871758],[4.292078512347768,51.49575312158006],[4.291909843313936,51.49611920367674],[4.291681595802976,51.4963876416841],[4.291142382273133,51.497010037676596],[4.2906871229009,51.49749478375196],[4.290445480795741,51.497720843713],[4.290287200269403,51.497834420564686],[4.290106487671497,51.497922616289],[4.289838990973306,51.498026177027285],[4.289398511087618,51.49813620142207],[4.28914254422134,51.498179640365926],[4.288871063528811,51.498209448813896],[4.288567246308116,51.49820659075598],[4.288017707112879,51.49818074364589],[4.287497118438099,51.49814887405123],[4.286949123868546,51.49805921207995],[4.286072633970102,51.49785588132287],[4.284227304981029,51.49733865754418],[4.283136149079691,51.496961580023225],[4.28262341067728,51.49678503420422],[4.282495439606461,51.496717302358014],[4.282335182718513,51.49655577559355],[4.279571738693757,51.49660510553314],[4.278779017913426,51.49663084391446],[4.278762067914635,51.49638077882399],[4.278279505752514,51.49638518635667],[4.278046729003018,51.496422528662386],[4.277211100460016,51.49661325304977],[4.276769668805109,51.49670254533878],[4.27607200464532,51.49696379165144],[4.275101148850958,51.49596931494421],[4.274661102343807,51.49564869739458],[4.27472847616365,51.495602594611626],[4.275433042551139,51.49494049645053],[4.275452198965667,51.49492270011657],[4.275471333404072,51.49490580250679],[4.275491929570729,51.49488801987453],[4.275512503760988,51.494871135965965],[4.275533077935958,51.49485425205368],[4.275555069916421,51.494838280572445],[4.275577083840398,51.49482141035964],[4.275599075789511,51.49480543886997],[4.275622507501878,51.494789481082584],[4.275644477461985,51.494774408311656],[4.275669326963072,51.49475936294837],[4.275692736670418,51.49474430387411],[4.275717586139103,51.49472925850047],[4.275742413635724,51.49471511184888],[4.275768680892873,51.49470097889664],[4.275793508358187,51.49468683223408],[4.275819775583154,51.4946726992702],[4.275846020838264,51.49465946502784],[4.2758736838994,51.49464714321039],[4.275901368898014,51.49463392265883],[4.275927592155159,51.494621587125444],[4.275956694944372,51.49460927899087],[4.275984335994331,51.494597855874474],[4.276013438753068,51.49458554772563],[4.276042497596864,51.494575037024525],[4.276054147469889,51.494569754269],[4.276091910769754,51.49455662957941],[4.276129674047894,51.49454350487754],[4.276168877075034,51.49453039386312],[4.276206618362988,51.494518167863774],[4.276245799400701,51.4945059555509],[4.276284958472684,51.49449464195245],[4.276324095581272,51.4944842270684],[4.276364694384214,51.494472927140805],[4.276405249282326,51.4944634246543],[4.276445826105154,51.49445302342607],[4.276486359027991,51.494444419638945],[4.276526913875549,51.49443491711003],[4.276567424827954,51.4944272120223],[4.27660939747244,51.4944186218871],[4.27665132622621,51.4944118291921],[4.276693276904217,51.494404137754366],[4.276735183696506,51.494398243756876],[4.276777112413031,51.494391451016604],[4.276818997248833,51.494386455716715],[4.276862343775124,51.494380575365184],[4.276904206659311,51.49437647876238],[4.276947531233706,51.49437149710692],[4.276990811937232,51.494368312890906],[4.277034092634818,51.494365128658835],[4.277075933560714,51.49436193072218],[4.277110553724147,51.49435956305807],[4.277771099466006,51.49437842621346],[4.27868626020383,51.4944680222757],[4.280721975131638,51.4947291446187],[4.281950018283642,51.49480370080152],[4.281966097220853,51.49473463495433],[4.282020139805189,51.49434770522287],[4.282018182715602,51.4940132826333]]]]}},{"type":"Feature","properties":{"gezicht_uri":"https://linkeddata.cultureelerfgoed.nl/cho-kennis/id/gezicht/10134516","gezichtsnummer":"251","naam":"Bergen op Zoom - Noordelijk en Zuidelijk Singelgebied"},"geometry":{"type":"MultiPolygon","coordinates":[[[[4.288862533976149,51.49027087558632],[4.288848551576415,51.49043255235487],[4.288818362399352,51.49043047048627],[4.288758332651929,51.49059081511347],[4.28868091696129,51.490576602741946],[4.288660877935589,51.490631249237836],[4.288592035020056,51.49061981427152],[4.288530325295398,51.490611143192105],[4.28852221561193,51.49064882215247],[4.288404836881736,51.49061985058071],[4.288403708327865,51.49066658458278],[4.288379849144428,51.49070051957495],[4.288242662524562,51.49065697846261],[4.287948159890772,51.49098591318871],[4.287833662114457,51.49137407405474],[4.287696167213964,51.49152200258513],[4.287581513866132,51.49191645429309],[4.287545338316273,51.49204286343975],[4.287531425320654,51.49208228554845],[4.287203826094776,51.49205223163459],[4.286989180916504,51.49205560287002],[4.286780973435912,51.49209049711541],[4.28642613846872,51.492174349098676],[4.286197056533974,51.492238710372355],[4.28588656739205,51.49233466504349],[4.285619311702855,51.49242922892219],[4.283954611710502,51.49308321830321],[4.283486113979576,51.49328105115558],[4.28325721912009,51.493396647813675],[4.283165447050971,51.49343982794756],[4.283161062409248,51.4934424832955],[4.283146425124568,51.49345223318346],[4.28313178783361,51.49346198306954],[4.283115710796426,51.49347171933977],[4.283101073492616,51.49348146922196],[4.28308785411333,51.49349213144593],[4.283073194986921,51.49350278005388],[4.283059975594897,51.49351344227465],[4.283046756196667,51.49352410449386],[4.283033536792233,51.49353476671154],[4.283020295570472,51.49354632765705],[4.283008515895971,51.493557003487005],[4.282996714404328,51.49356857804505],[4.282984912906666,51.49358015260186],[4.282973111402984,51.49359172715745],[4.282961309893285,51.49360330171184],[4.282776215134389,51.49381280095994],[4.282774731751485,51.49381458480019],[4.282771743169124,51.493819051209925],[4.28277019433712,51.49382353123782],[4.28276720575372,51.49382799764745],[4.28276421716973,51.493832464056986],[4.282761228585147,51.49383693046642],[4.282758239999979,51.49384139687579],[4.282755273230768,51.49384496455588],[4.282750844892719,51.49384941734655],[4.282747856305701,51.49385388375569],[4.282744867718095,51.49385835016469],[4.282740461194569,51.49386190422576],[4.282736032853414,51.493866357015925],[4.282733044263819,51.49387082342463],[4.282728637738157,51.493874377485255],[4.282724209394623,51.49387883027493],[4.282719802867496,51.49388238433524],[4.282715374522312,51.493886837124585],[4.282710967993718,51.49389039118456],[4.28270656146443,51.49389394524433],[4.282702133116823,51.493898398033174],[4.282697726586068,51.49390195209263],[4.282691880301112,51.49390549253268],[4.282687473768868,51.493909046591746],[4.2826816274822,51.49391258703128],[4.282677220948465,51.49391614108994],[4.282671374660089,51.49391968152896],[4.282665528370801,51.493923221967684],[4.282661143653241,51.49392587729656],[4.28265529736236,51.49392941773474],[4.28264945107057,51.49393295817268],[4.282643626596686,51.49393559988109],[4.282637780303193,51.493939140318425],[4.282631955827839,51.493941782026255],[4.282626109532647,51.49394532246299],[4.282618845300994,51.493947950550115],[4.282613020823415,51.49395059225703],[4.282607196345162,51.493953233963595],[4.282601371866233,51.4939558756699],[4.282594107631474,51.4939585037555],[4.282588283151114,51.49396114546112],[4.282581018914761,51.493963773545886],[4.282575194432968,51.49396641525084],[4.28256795201535,51.493968144605624],[4.282560687776712,51.49397077268908],[4.282554885113436,51.49397251566388],[4.282547620873348,51.49397514374655],[4.282540378453303,51.4939768730996],[4.282533136032711,51.49397860245219],[4.282525893611569,51.49398033180434],[4.282518629368571,51.493982959885194],[4.28251138694619,51.49398468923643],[4.282504166344861,51.493985519858064],[4.28249692392153,51.4939872492084],[4.28248968149765,51.493988978558306],[4.282482439073221,51.49399070790772],[4.282475218470422,51.493991538527574],[4.282467976045041,51.4939932678761],[4.282460755441577,51.493994098495065],[4.282453534837853,51.49399492911356],[4.282446314233866,51.493995759731575],[4.282437632050406,51.49399747545597],[4.282430411445731,51.493998306073046],[4.282423212664003,51.49399823796054],[4.282415992058953,51.493999068576706],[4.282407331697251,51.493999885569664],[4.282400111091656,51.49400071618486],[4.282392912309606,51.494000648070454],[4.282384251947203,51.49400146506172],[4.282377053165066,51.494001396946366],[4.282369854382953,51.49400132883055],[4.282018182715602,51.4940132826333],[4.282020139805189,51.49434770522287],[4.281966097220853,51.49473463495433],[4.281950018283642,51.49480370080152],[4.280721975131638,51.4947291446187],[4.27868626020383,51.4944680222757],[4.277771099466006,51.49437842621346],[4.277110553724147,51.49435956305807],[4.277075933560714,51.49436193072218],[4.277034092634818,51.494365128658835],[4.276990811937232,51.494368312890906],[4.276947531233706,51.49437149710692],[4.276904206659311,51.49437647876238],[4.276862343775124,51.494380575365184],[4.276818997248833,51.494386455716715],[4.276777112413031,51.494391451016604],[4.276735183696506,51.494398243756876],[4.276693276904217,51.494404137754366],[4.27665132622621,51.4944118291921],[4.27660939747244,51.4944186218871],[4.276567424827954,51.4944272120223],[4.276526913875549,51.49443491711003],[4.276486359027991,51.494444419638945],[4.276445826105154,51.49445302342607],[4.276405249282326,51.4944634246543],[4.276364694384214,51.494472927140805],[4.276324095581272,51.4944842270684],[4.276284958472684,51.49449464195245],[4.276245799400701,51.4945059555509],[4.276206618362988,51.494518167863774],[4.276168877075034,51.49453039386312],[4.276129674047894,51.49454350487754],[4.276091910769754,51.49455662957941],[4.276054147469889,51.494569754269],[4.276042497596864,51.494575037024525],[4.276013438753068,51.49458554772563],[4.275984335994331,51.494597855874474],[4.275956694944372,51.49460927899087],[4.275927592155159,51.494621587125444],[4.275901368898014,51.49463392265883],[4.2758736838994,51.49464714321039],[4.275846020838264,51.49465946502784],[4.275819775583154,51.4946726992702],[4.275793508358187,51.49468683223408],[4.275768680892873,51.49470097889664],[4.275742413635724,51.49471511184888],[4.275717586139103,51.49472925850047],[4.275692736670418,51.49474430387411],[4.275669326963072,51.49475936294837],[4.275644477461985,51.494774408311656],[4.275622507501878,51.494789481082584],[4.275599075789511,51.49480543886997],[4.275577083840398,51.49482141035964],[4.275555069916421,51.494838280572445],[4.275533077935958,51.49485425205368],[4.275512503760988,51.494871135965965],[4.275491929570729,51.49488801987453],[4.275471333404072,51.49490580250679],[4.275452198965667,51.49492270011657],[4.275433042551139,51.49494049645053],[4.27472847616365,51.495602594611626],[4.274661102343807,51.49564869739458],[4.275101148850958,51.49596931494421],[4.27607200464532,51.49696379165144],[4.276769668805109,51.49670254533878],[4.277211100460016,51.49661325304977],[4.278046729003018,51.496422528662386],[4.278279505752514,51.49638518635667],[4.278762067914635,51.49638077882399],[4.278779017913426,51.49663084391446],[4.279571738693757,51.49660510553314],[4.282335182718513,51.49655577559355],[4.282495439606461,51.496717302358014],[4.28262341067728,51.49678503420422],[4.283136149079691,51.496961580023225],[4.284227304981029,51.49733865754418],[4.286072633970102,51.49785588132287],[4.286949123868546,51.49805921207995],[4.287497118438099,51.49814887405123],[4.288017707112879,51.49818074364589],[4.288567246308116,51.49820659075598],[4.288871063528811,51.498209448813896],[4.28914254422134,51.498179640365926],[4.289398511087618,51.49813620142207],[4.289838990973306,51.498026177027285],[4.290106487671497,51.497922616289],[4.290287200269403,51.497834420564686],[4.290445480795741,51.497720843713],[4.2906871229009,51.49749478375196],[4.291142382273133,51.497010037676596],[4.291681595802976,51.4963876416841],[4.291909843313936,51.49611920367674],[4.292078512347768,51.49575312158006],[4.292162893862519,51.49553816871758],[4.292662779830196,51.49559139804632],[4.292684333748698,51.49559339795386],[4.292720285778205,51.49559553281545],[4.292756216191084,51.49559856639761],[4.292792189847582,51.495599802505595],[4.292829581698613,51.49560195082845],[4.292865555359951,51.495603186913826],[4.292901550640541,51.49560352425657],[4.292937524305246,51.4956047603198],[4.292973541203573,51.49560419890874],[4.293309254960612,51.495597456153995],[4.293754891081235,51.495571066359396],[4.294175322656157,51.49551477411248],[4.294983924441028,51.4954261545468],[4.295491302191465,51.49534729855171],[4.295328500972334,51.49456999635965],[4.294902320409373,51.49462623891759],[4.293346310065924,51.49489483679121],[4.293049635440234,51.49483542431256],[4.292636299620363,51.4948962736643],[4.292615567686101,51.49486012194945],[4.292136998366186,51.49499856529002],[4.291874366529311,51.49466169836386],[4.290953874707426,51.493716370171065],[4.290349599667064,51.49321538229048],[4.289912858932115,51.49293350794404],[4.289602619457599,51.492780469890825],[4.288947970456641,51.49251811767505],[4.288575200345997,51.49239055777813],[4.288346778859594,51.49230840307312],[4.288809483506989,51.49175272030728],[4.289067407358421,51.49144771065329],[4.289887712896036,51.490572668850454],[4.29067049079695,51.490835320435885],[4.291487461878266,51.491113569487595],[4.291654150347174,51.49118794735338],[4.291783537672443,51.49125658141995],[4.291857210749586,51.49130671399201],[4.292879701534866,51.49208129496042],[4.293021099608471,51.49218959330382],[4.293593918815816,51.49262195366778],[4.294026763552041,51.49294692648619],[4.294319455056492,51.4931717031623],[4.294360717454591,51.49313253626503],[4.294426153034592,51.49310618067077],[4.294714130537085,51.49322753479742],[4.294891810536698,51.49332448413871],[4.295056166860873,51.49343659045955],[4.295177633575592,51.49353571034963],[4.295270122471354,51.493522192371515],[4.295592962472565,51.493871300601405],[4.295799429889596,51.49384895944547],[4.295960775333688,51.494627146312645],[4.29614122313416,51.49550978769062],[4.295914677225106,51.495528346110945],[4.295746494976375,51.49557531660071],[4.295731924371675,51.495582371873944],[4.295727858872865,51.495631775231544],[4.295712404216958,51.4956756785251],[4.295680960618382,51.495725724891756],[4.29563073462934,51.495778292469744],[4.295604235682404,51.49580231595971],[4.295593811925923,51.495816601453576],[4.295584720160586,51.49583539406801],[4.295581387668521,51.49585424052373],[4.295585318970772,51.49587045808494],[4.295632300741146,51.496073157398506],[4.295653203223469,51.49616234724346],[4.29550027421539,51.49623373119308],[4.295420436411004,51.49625995274836],[4.295525110334911,51.49681916928433],[4.295454018461706,51.49684097796501],[4.295551681043568,51.496972236430885],[4.295663915293246,51.49709643955474],[4.295614615036095,51.49711036163376],[4.295656689522112,51.49715749950275],[4.295701665383965,51.4972037655428],[4.296006882134272,51.497087958907976],[4.296074619963251,51.49738613893513],[4.296097179321805,51.49746635482882],[4.296404775029938,51.497791945780406],[4.295948241766106,51.49785150452477],[4.296590493455353,51.49857575268248],[4.296648750400108,51.498668886920555],[4.296662370289582,51.49876160426885],[4.296643820168091,51.49881446810356],[4.296451228529279,51.49927831685203],[4.296350180385647,51.49952817538661],[4.29624068960127,51.49970963601615],[4.295877559084348,51.500077502446146],[4.295478810056991,51.49994882346033],[4.294623335270028,51.499886886463976],[4.294447942345997,51.499873559157315],[4.294175727598288,51.49987370829665],[4.29396250747486,51.4998762069919],[4.293926400804884,51.49988036362431],[4.29368102650763,51.49990233730765],[4.293356217107179,51.49993345469211],[4.293281231726404,51.49993724693484],[4.293043848001932,51.499986262153556],[4.292813512174428,51.50004163548204],[4.292588849097591,51.500100657270316],[4.29251968807765,51.500101806820155],[4.292404590706901,51.50015646170753],[4.291932830241587,51.50036868094858],[4.291550158970862,51.500529596054214],[4.291117021026101,51.500692733040914],[4.290469615019999,51.50090149978586],[4.29032459866923,51.500942387640116],[4.290079551443386,51.50101020251771],[4.28950571878104,51.50115403297645],[4.289292999693429,51.5011951820687],[4.289003830672257,51.50124100544944],[4.288612530348981,51.50128137267651],[4.288487236917468,51.50151931043937],[4.288340849033635,51.50161681581436],[4.288211307296066,51.50155357029202],[4.28814722398864,51.50152330234861],[4.28804860258494,51.50149181035253],[4.287243492171297,51.50125230441439],[4.287011496644626,51.501197081792704],[4.286805138764661,51.50115378644603],[4.286287196777058,51.50107069734205],[4.286018177249179,51.5009980439196],[4.284563286851986,51.500708342362174],[4.283195009009764,51.5004113510143],[4.282469859948016,51.500261562380786],[4.281924642600414,51.5001754989557],[4.281585687781235,51.50013633281384],[4.280991056466324,51.50006867478947],[4.280821833923806,51.500216294889164],[4.280450398223043,51.50009141882974],[4.280106713563859,51.500009953582754],[4.279907501817575,51.49996941052008],[4.279611704838659,51.49993244572865],[4.279388426128953,51.499933923474146],[4.27915147040021,51.49990560613677],[4.279000801961527,51.4998826019082],[4.278737363870757,51.499818074972275],[4.27809352654241,51.49970139250372],[4.277583233468028,51.49960125743435],[4.276453250164991,51.49933971130064],[4.27632998740672,51.49931516641291],[4.276288273558077,51.49931297170385],[4.2762362827202,51.4993187696305],[4.276167991769276,51.49934329010547],[4.276101469940882,51.49935434333275],[4.276006413046862,51.499354337755605],[4.275924710652492,51.49933827834096],[4.275847723299281,51.49930608289257],[4.275785332881286,51.49926593589895],[4.275746047155296,51.49922331197892],[4.275717995378374,51.499192481144945],[4.27570307856719,51.4991545838408],[4.275708276682234,51.49911867587226],[4.275743019666429,51.499052485291294],[4.275803790743389,51.49898204774972],[4.275296830001262,51.498863955587396],[4.275010650275688,51.49878751744378],[4.274710402169782,51.498697460517064],[4.274403197591988,51.49859744821657],[4.274208998511218,51.498529076093746],[4.273892508730595,51.49839661221966],[4.273707434577307,51.498308549646445],[4.273489925825751,51.49819231039815],[4.272575697796284,51.497650517816126],[4.272422350313273,51.49756095813533],[4.272314462324463,51.49749700252368],[4.272216389342184,51.49744392777124],[4.272119558188519,51.49739895522425],[4.271995590229453,51.49734473405961],[4.271878491344426,51.49730406242355],[4.271759864670258,51.497266971821425],[4.271655460430277,51.49723720846656],[4.271550924087407,51.49721283737615],[4.271397543071538,51.49718350477242],[4.271266957382565,51.497164278124465],[4.270296463915945,51.49703903638487],[4.27003411941917,51.49698978199884],[4.269862110453666,51.49695667339501],[4.269825005592789,51.49694283428086],[4.269793792578287,51.496923657914365],[4.269777154622291,51.496897429521304],[4.269766563030106,51.496859572805775],[4.269762061944721,51.49680829031761],[4.269769256177709,51.49674992825366],[4.269785155634944,51.49668895268358],[4.269389880702936,51.49659887143152],[4.270445420931621,51.49537113500896],[4.270861977850442,51.49488699544812],[4.27088020984998,51.49490694637132],[4.27132054356687,51.494392468674754],[4.271573200366955,51.49413149443909],[4.271825120429131,51.49401793830076],[4.272044087117067,51.49395620524935],[4.272210429352035,51.49392633101074],[4.27328965103817,51.49384314230588],[4.274337128499657,51.493762337909466],[4.275901172061257,51.49363969706683],[4.276829229667071,51.4935541379683],[4.277196728780351,51.493601680073056],[4.278787622117862,51.493617692052844],[4.279369650335689,51.49360793382784],[4.280105756263606,51.493539405001705],[4.280995348825804,51.49337703858473],[4.281128525550311,51.49334863534629],[4.281292482660661,51.49329805010192],[4.281533465946141,51.49321852916854],[4.281818491808985,51.49310436620824],[4.281716073554717,51.49228176925592],[4.28293765951603,51.49161103667061],[4.283527204078862,51.49129029724754],[4.283863952389246,51.49112088428483],[4.284083716901842,51.49102497682451],[4.284291680013013,51.49094064364118],[4.284508193181071,51.49085998658362],[4.284736092173549,51.4907848302517],[4.28493188261185,51.49072734906703],[4.285081211856148,51.4906856098385],[4.285565276207628,51.490557135673676],[4.285594787208649,51.49052774924559],[4.285759777265539,51.49049334839925],[4.285743154167438,51.490466223519824],[4.286289884500163,51.49036620453222],[4.286635198239072,51.490318220706826],[4.287111561972331,51.4902696728303],[4.287552721785627,51.490247759516286],[4.287990632823269,51.49024109584931],[4.288433911665148,51.490250661886996],[4.288862533976149,51.49027087558632]]]]}},{"type":"Feature","properties":{"gezicht_uri":"https://linkeddata.cultureelerfgoed.nl/cho-kennis/id/gezicht/10134518","gezichtsnummer":"1651","naam":"Oisterwijk"},"geometry":{"type":"MultiPolygon","coordinates":[[[[5.198469766997918,51.580404957425905],[5.198629829172916,51.580424091555976],[5.198692887791012,51.58017790539913],[5.198747188874004,51.57995597433244],[5.198789526608576,51.57983559520891],[5.198817101741552,51.57979608974635],[5.198833101781379,51.579764655388054],[5.198912739530956,51.57934681343271],[5.19980969340237,51.57944263369926],[5.200385059088706,51.57950737282537],[5.200949095057892,51.579520856038116],[5.201081792120452,51.57952825806728],[5.20126515596711,51.57949349402748],[5.201214113815159,51.57962734311483],[5.201155861606863,51.57976028185471],[5.201097634836759,51.579886928581935],[5.201106033196822,51.57994986216877],[5.201031914268372,51.580081876748224],[5.200872266214521,51.58031352861994],[5.200682393396487,51.580527154888564],[5.200554925049459,51.58065099436678],[5.200370698201001,51.58089429152423],[5.200277834927925,51.581022680247905],[5.201154203174269,51.581221826197414],[5.201332936633089,51.581262558953625],[5.201245846282929,51.581390957609734],[5.201150135800235,51.581510353891595],[5.200934991591041,51.58190461128692],[5.20078088630773,51.58219020344471],[5.200715419378251,51.58232223158721],[5.200622543075267,51.58245331713144],[5.200551296808571,51.58258713368534],[5.200539669625538,51.5826077889239],[5.200503252860249,51.58269222368883],[5.200455633714299,51.58269394542379],[5.200248232223094,51.582606424805604],[5.199433876679232,51.582408270498185],[5.199322861370616,51.58238921623979],[5.19906482137011,51.58233666775151],[5.198835626131101,51.582286861710436],[5.198593517424441,51.582219956059824],[5.198354231422242,51.582168335087566],[5.198161069453332,51.5821275744728],[5.197731531262008,51.58202980283307],[5.197245840218322,51.58190497265824],[5.19702389680181,51.58184708508784],[5.196775995731416,51.58178645827373],[5.196592898336416,51.58175470004572],[5.196189457477946,51.581628201705314],[5.195800400837424,51.58151251182367],[5.195363834509147,51.581373372390885],[5.195108713162279,51.58131542677726],[5.195043869890112,51.5812964442388],[5.194941462291136,51.58128998399504],[5.194862100420651,51.58129255015036],[5.194638430680785,51.581302968599424],[5.194483996919872,51.581317096115235],[5.19427076976934,51.58124663361708],[5.194135343813846,51.58120146721976],[5.194051650032709,51.5812049245376],[5.19369412039957,51.581141413579],[5.193440452891351,51.58108166900313],[5.193227182403105,51.58102199085162],[5.192836499623977,51.58095213027775],[5.192660660478346,51.58091138933341],[5.192101598168006,51.5807441692888],[5.192033346240947,51.58084742443016],[5.191840222648919,51.580800361394786],[5.191654324658701,51.58075061353387],[5.191497114863704,51.5807395643682],[5.191057419796072,51.580661526109424],[5.19123740238912,51.58041014671401],[5.191301416524857,51.58028621114296],[5.191362661182558,51.58013530508187],[5.191538935342007,51.57973920244443],[5.19171796766996,51.579707142708756],[5.191911442043652,51.579671511361965],[5.192116283843651,51.579676347377756],[5.192499860546147,51.57971833387576],[5.193741434584982,51.57985612123692],[5.19449980894547,51.579970629102434],[5.19471613297859,51.5799898612395],[5.194915152469148,51.58000726681877],[5.1959361677825,51.58010691604619],[5.196802814798711,51.580207204124875],[5.197773299136356,51.58031754138729],[5.198136696112035,51.58035767898511],[5.198381806676193,51.58039402919289],[5.198469766997918,51.580404957425905]]]]}},{"type":"Feature","properties":{"gezicht_uri":"https://linkeddata.cultureelerfgoed.nl/cho-kennis/id/gezicht/10134519","gezichtsnummer":"256","naam":"Oisterwijk Uitbreiding"},"geometry":{"type":"MultiPolygon","coordinates":[[[[5.20130122589404,51.58125531769657],[5.201154203174269,51.581221826197414],[5.200277834927925,51.581022680247905],[5.200370698201001,51.58089429152423],[5.200554925049459,51.58065099436678],[5.200682393396487,51.580527154888564],[5.200872266214521,51.58031352861994],[5.201031914268372,51.580081876748224],[5.201106033196822,51.57994986216877],[5.201097634836759,51.579886928581935],[5.201155861606863,51.57976028185471],[5.201214113815159,51.57962734311483],[5.20126515596711,51.57949349402748],[5.201081792120452,51.57952825806728],[5.200949095057892,51.579520856038116],[5.200385059088706,51.57950737282537],[5.19980969340237,51.57944263369926],[5.198912739530956,51.57934681343271],[5.198833101781379,51.579764655388054],[5.198817101741552,51.57979608974635],[5.198789526608576,51.57983559520891],[5.198747188874004,51.57995597433244],[5.198692887791012,51.58017790539913],[5.198629829172916,51.580424091555976],[5.198469766997918,51.580404957425905],[5.198381806676193,51.58039402919289],[5.198136696112035,51.58035767898511],[5.197773299136356,51.58031754138729],[5.196802814798711,51.580207204124875],[5.1959361677825,51.58010691604619],[5.194915152469148,51.58000726681877],[5.19471613297859,51.5799898612395],[5.19449980894547,51.579970629102434],[5.193741434584982,51.57985612123692],[5.192499860546147,51.57971833387576],[5.192116283843651,51.579676347377756],[5.191911442043652,51.579671511361965],[5.19171796766996,51.579707142708756],[5.191538935342007,51.57973920244443],[5.191362661182558,51.58013530508187],[5.191301416524857,51.58028621114296],[5.19123740238912,51.58041014671401],[5.191057419796072,51.580661526109424],[5.190888750324952,51.58063158084167],[5.190791509297722,51.580765347881446],[5.190795833566266,51.58076625400068],[5.190791493749428,51.58076894329771],[5.190681185960164,51.580921564382464],[5.190359863777283,51.580827542764],[5.190358409369852,51.58083023689903],[5.190260409608478,51.58080580275592],[5.190270578799915,51.5807896403809],[5.190090402735853,51.58075158484928],[5.189429473509374,51.58078822172395],[5.189173418538472,51.58094688697538],[5.188937047206622,51.58089255505438],[5.187263724342197,51.58050859076523],[5.186031457408202,51.58022423631857],[5.185695651049786,51.58014635644766],[5.184666606548866,51.579910875882845],[5.184144894964579,51.57978862541641],[5.183471845590529,51.57963464906944],[5.183395452010814,51.57961923539008],[5.183261419854516,51.579588440573694],[5.183048121310232,51.579539530103254],[5.182439938906645,51.57939914388359],[5.182340629517069,51.57934683611036],[5.181769924674509,51.5792146017601],[5.181983706780774,51.57883655647484],[5.181946234268528,51.57882840099371],[5.182101458995046,51.57863811468279],[5.182401493777395,51.57864673000538],[5.182456646755694,51.578573119935776],[5.182574315226536,51.57839265473912],[5.182683144808156,51.57825262271596],[5.18272779779749,51.578267981398554],[5.182923613168655,51.57803282187565],[5.182724825477269,51.57796685777566],[5.182717612332399,51.57796684516916],[5.181797130130112,51.57766501319838],[5.18176849727696,51.57761642443031],[5.181910796029226,51.57741263274458],[5.182070583373704,51.57716932166083],[5.182095322756004,51.57712172539713],[5.182088121922783,51.57711901619],[5.182118619485802,51.57707412659922],[5.182117193119059,51.57707052865466],[5.18213328086306,51.57702201835575],[5.182139063432692,51.57701933190788],[5.182165212798608,51.5769789289889],[5.182181361316155,51.57691693587339],[5.18219315361024,51.57686122714981],[5.182209257424957,51.57680912142361],[5.182254565857628,51.57667886594203],[5.182280974454213,51.57658093633984],[5.182326667604206,51.57636528969608],[5.182538698227693,51.57637195282435],[5.18276226954192,51.576378635734834],[5.182814724115442,51.57626277429878],[5.183011508199676,51.5758100918974],[5.183042274646946,51.57570497883512],[5.18328773733369,51.575333278395256],[5.184115026969581,51.575498310108685],[5.185358845851944,51.57574854824329],[5.18520145062979,51.576107821031975],[5.185112622060257,51.57629463073367],[5.185080601411615,51.576358394555186],[5.185013682681989,51.57648411947656],[5.184958412326675,51.576585595246684],[5.184887173162242,51.576709514903584],[5.184782549679621,51.57687921867484],[5.185705610029356,51.57725114275043],[5.186103049117613,51.57741452037829],[5.186349318373304,51.5775093238047],[5.186124742188961,51.57772826013037],[5.185808249989559,51.57817894395896],[5.185814000606487,51.578183448161816],[5.185737182074512,51.57826421339386],[5.185878520821502,51.57827344528909],[5.185929013184768,51.57827353216014],[5.185989600039083,51.578274535230655],[5.186094793291387,51.578301681915484],[5.186189876250717,51.57833150771872],[5.186568838161966,51.578434628311456],[5.186610615297276,51.57844818285582],[5.186986551205909,51.578583655893766],[5.187163771375723,51.57863519408792],[5.187157965144381,51.57864327390842],[5.187339565116977,51.57868313413281],[5.187894453709473,51.5788054268786],[5.188014935224719,51.57863664621692],[5.188042522944568,51.57859624444248],[5.188211072707008,51.57865136173187],[5.188258975468794,51.57858402863093],[5.188244564727997,51.57858040868387],[5.188308438815157,51.57848973233845],[5.188433108200828,51.57835241849206],[5.188755996815689,51.57841319025741],[5.188773296758488,51.57841591618064],[5.188975058968059,51.578463897803836],[5.188975062890848,51.5784629989497],[5.189166519289088,51.57855860240348],[5.189600181586962,51.57869146813423],[5.189726951335111,51.57873392861674],[5.190259926517958,51.578920891113256],[5.190422690065536,51.578980489772235],[5.19059125582217,51.57903290706792],[5.190684916164304,51.57905913137475],[5.190862169595842,51.5791043719842],[5.191030798435311,51.579142406978995],[5.191101446427024,51.579152412873846],[5.191187925002916,51.57917143385438],[5.191481989112062,51.57922765548015],[5.191693906795168,51.5792639641984],[5.191740045185458,51.5792703333079],[5.191822250370174,51.579276762630016],[5.191965036189183,51.57928598957722],[5.19217994794122,51.579297134310664],[5.192435246915146,51.579310143605035],[5.192536203162224,51.57931750249679],[5.192572250719197,51.57932205676754],[5.193068361116462,51.57936243081864],[5.193114503641355,51.57936790053151],[5.193342296555158,51.57940333373074],[5.193500914183875,51.5794215736369],[5.193701369560989,51.57943988252434],[5.194038890900195,51.57945572084331],[5.194287096265148,51.5794408497022],[5.194281253020251,51.57945791841969],[5.194377920024086,51.57945628004196],[5.194747241569951,51.57945778694706],[5.194663899178535,51.579038780787506],[5.194612382510759,51.578939821333876],[5.194556526657757,51.578843551294256],[5.194502071749191,51.5787571710014],[5.19449774378441,51.578757163873505],[5.194344436871918,51.57850792687745],[5.194331502666174,51.57849622036876],[5.194199806572556,51.578254209682285],[5.19448703282414,51.578221425267856],[5.195154685360722,51.57829083643671],[5.195405598477779,51.578316416101806],[5.195588684962766,51.57834727733644],[5.195754395576805,51.57839339048581],[5.195933007062589,51.57845929942359],[5.196532162845017,51.578694879942745],[5.1970506562687,51.57890156278306],[5.197250885253027,51.57897379685318],[5.197478574304647,51.579034389920096],[5.197739467775763,51.579089643149125],[5.197988895429677,51.57912690004332],[5.198794977154664,51.57921718795776],[5.198934983191139,51.57920123382016],[5.19910368617124,51.57922307779204],[5.199256423235349,51.57926826624973],[5.200290374889862,51.579377785707464],[5.200450471169462,51.579387928799356],[5.200964034132131,51.5793959382121],[5.201036178967839,51.57939335643617],[5.201108312747649,51.57939347117945],[5.201171819924824,51.57938638127992],[5.201232467492738,51.57937299477781],[5.201304685850717,51.57935243574383],[5.201381787415111,51.57919615648941],[5.201348745776562,51.57916194731461],[5.201378036730234,51.579055029437896],[5.2019764714253,51.5791224939517],[5.201996687088718,51.579118031648484],[5.202160623830124,51.57924772691869],[5.202117259459665,51.57926833212484],[5.201992922146438,51.57933375219918],[5.20196543436742,51.579352584756975],[5.201933596543316,51.57937680358347],[5.201836599839857,51.57945934512613],[5.201510163708714,51.579907358899156],[5.20142167788669,51.580024969158025],[5.201352023932854,51.58012373319278],[5.20114589841552,51.580079361463625],[5.200747367077132,51.58051467439371],[5.200928909085525,51.58057338945635],[5.200789530641012,51.58078709626601],[5.200854394031762,51.58080158134682],[5.20092789904361,51.580819675589986],[5.200837875003995,51.58095975446172],[5.200883997969789,51.580970614235405],[5.200844782529398,51.58103437087193],[5.201049476726952,51.58107694312627],[5.201131638640793,51.58109505101188],[5.201104031585615,51.581142646706965],[5.201167449171758,51.58115802817391],[5.201163091523175,51.5811652121285],[5.201331740347827,51.581202333411866],[5.20130122589404,51.58125531769657]]],[[[5.191497114863704,51.5807395643682],[5.191654324658701,51.58075061353387],[5.191840222648919,51.580800361394786],[5.192033346240947,51.58084742443016],[5.192101598168006,51.5807441692888],[5.192660660478346,51.58091138933341],[5.192836499623977,51.58095213027775],[5.193227182403105,51.58102199085162],[5.193440452891351,51.58108166900313],[5.19369412039957,51.581141413579],[5.194051650032709,51.5812049245376],[5.194135343813846,51.58120146721976],[5.19427076976934,51.58124663361708],[5.194483996919872,51.581317096115235],[5.194638430680785,51.581302968599424],[5.194862100420651,51.58129255015036],[5.194941462291136,51.58128998399504],[5.195043869890112,51.5812964442388],[5.195108713162279,51.58131542677726],[5.195363834509147,51.581373372390885],[5.195800400837424,51.58151251182367],[5.196189457477946,51.581628201705314],[5.196592898336416,51.58175470004572],[5.196775995731416,51.58178645827373],[5.19702389680181,51.58184708508784],[5.197245840218322,51.58190497265824],[5.197731531262008,51.58202980283307],[5.198161069453332,51.5821275744728],[5.198354231422242,51.582168335087566],[5.198593517424441,51.582219956059824],[5.198835626131101,51.582286861710436],[5.19906482137011,51.58233666775151],[5.199322861370616,51.58238921623979],[5.199433876679232,51.582408270498185],[5.200248232223094,51.582606424805604],[5.199963697457068,51.58268057526654],[5.19963925755665,51.58263511266636],[5.199639246420572,51.58263780922929],[5.199399886404785,51.58260326862909],[5.199263324668116,51.5824817032414],[5.198973546952836,51.58242820471402],[5.19887841345511,51.58240647899871],[5.198740101367,51.582359515583214],[5.198162104421371,51.582225551919656],[5.198030165079835,51.58238084152812],[5.198048801302551,51.582409635184646],[5.197998274351629,51.58241674437992],[5.197847049416882,51.58235268068125],[5.197678541706916,51.58228139791264],[5.197396255189202,51.58216229079992],[5.197407876175876,51.582143433582374],[5.196619918332552,51.581848225536774],[5.196618471807437,51.58184912204119],[5.19637931463688,51.58176783483755],[5.195413958377529,51.581461542880206],[5.195375023353395,51.58145698475513],[5.195279867030129,51.581441548091284],[5.195207787009518,51.581427946937005],[5.195065153491954,51.5813809720717],[5.194967111958021,51.58136553041529],[5.194772369003762,51.58135891829173],[5.194705568775762,51.58146127850883],[5.194670691513243,51.58152054591636],[5.194648939859621,51.581546577077006],[5.194567631547958,51.58166778940829],[5.194557478939605,51.5816803567399],[5.194522597501705,51.58174052295617],[5.194470299964361,51.58182492970844],[5.194249416831626,51.58219759275458],[5.191786161729225,51.58162902053406],[5.192080591554497,51.58126816995791],[5.192183562188692,51.581143400009665],[5.192280749776852,51.58102131691809],[5.192382318988501,51.5808866569929],[5.192251189428843,51.58084958530667],[5.192187339186359,51.58093576952007],[5.191841441124294,51.5808524973419],[5.191857411574425,51.580829153630816],[5.191497114863704,51.5807395643682]]],[[[5.200817224691116,51.582124644531504],[5.200815929475253,51.58208868805784],[5.200933692601619,51.58186955366819],[5.20097148800137,51.581800401583955],[5.201009268546644,51.58173484490476],[5.201045609918772,51.58166838706326],[5.201093585228532,51.58157947620673],[5.201185151846032,51.58141513036871],[5.201205471673101,51.581385500278856],[5.201289599394259,51.58127597301235],[5.20130122589404,51.58125531769657],[5.201332936633089,51.581262558953625],[5.201245846282929,51.581390957609734],[5.201150135800235,51.581510353891595],[5.200934991591041,51.58190461128692],[5.200817224691116,51.582124644531504]]],[[[5.200715419378251,51.58232223158721],[5.20078088630773,51.58219020344471],[5.200817224691116,51.582124644531504],[5.20081841293904,51.58218666778233],[5.200715419378251,51.58232223158721]]]]}},{"type":"Feature","properties":{"gezicht_uri":"https://linkeddata.cultureelerfgoed.nl/cho-kennis/id/gezicht/10134545","gezichtsnummer":"213","naam":"'s-Hertogenbosch - De Muntel"},"geometry":{"type":"MultiPolygon","coordinates":[[[[5.309591006413042,51.692565466481454],[5.309774832476683,51.69247929835916],[5.309999175203271,51.6923805727159],[5.310259701405524,51.6922656910801],[5.310469570125305,51.69217234814112],[5.311157060982959,51.69186898449906],[5.311157057967311,51.69187078219605],[5.311168059732112,51.6922096555688],[5.311220125719466,51.692209689288255],[5.311220124212879,51.69221058813671],[5.311221570490336,51.692210589073014],[5.311221558437878,51.69221777986073],[5.311612062408518,51.69221263892307],[5.311959176477822,51.69220836772374],[5.312067645793674,51.69220933606218],[5.312111034116883,51.69220936382999],[5.312194913746946,51.692212114014374],[5.312238299100216,51.69221393943206],[5.31234675953034,51.69222030060285],[5.312531854959054,51.69223749664699],[5.312661996364038,51.69225196096216],[5.312680790600864,51.69225646714387],[5.312761760083561,51.69227000126747],[5.312805136664772,51.69227721956602],[5.3129077886384,51.692297958125806],[5.313082719484432,51.69234031464795],[5.313181022608264,51.69236734216747],[5.313220051700421,51.69237995066681],[5.3132937740296,51.69240336719734],[5.313332800255055,51.69241777335604],[5.313425305391721,51.692452886665556],[5.313579954276171,51.69251680207879],[5.313711457139611,51.69258429819456],[5.313750473459979,51.69260499615314],[5.313779371603468,51.6926220923722],[5.313928211698408,51.692701284129434],[5.314009140266508,51.69274088399564],[5.314077068262764,51.69277058836393],[5.314292415945406,51.69286420266212],[5.314309759964893,51.692871404229145],[5.314376243498893,51.69290020867699],[5.314574225267122,51.69300100247397],[5.314336926143874,51.693066471404315],[5.314313775149368,51.69307274897557],[5.314148823946523,51.69311758889436],[5.313996874673922,51.69317142518393],[5.313837681852921,51.6932324475435],[5.313687151899248,51.69330246360578],[5.313536587885698,51.69339315298713],[5.313372985910338,51.693496417864324],[5.313193444298147,51.693617649448576],[5.313064573126515,51.69370835189737],[5.312330410251356,51.69423820693715],[5.311751173143715,51.694658497446525],[5.311436947367316,51.69487761423189],[5.311266068765419,51.69500154498868],[5.310847558536253,51.69530418564287],[5.310811387008391,51.69531135289894],[5.310126413292126,51.695803474402005],[5.309499342629083,51.69625967626725],[5.309481948755147,51.69628123712828],[5.309379127262936,51.69635487461887],[5.309298018614712,51.69641863909347],[5.309256021656361,51.69644827322878],[5.309198103261882,51.69648418871175],[5.309138755389725,51.696510215875456],[5.309034549959577,51.69654699933015],[5.309158672433574,51.69670348166902],[5.309249602172102,51.69681679707825],[5.308934112398768,51.696914561654694],[5.307617154419722,51.69731725921295],[5.307585316934911,51.697326226109105],[5.307362444686991,51.697394387227234],[5.307326264598827,51.69740514879666],[5.30620610211102,51.69774864022224],[5.306162689190714,51.69775939644004],[5.305923887130382,51.6978356334594],[5.305774827748543,51.69787687718334],[5.305601207411228,51.69790192436077],[5.305510062652382,51.697911748288746],[5.305173024550232,51.69791870398238],[5.305068876185362,51.69792042883637],[5.304199511011531,51.69794318724088],[5.303934812031306,51.69794120202425],[5.303715501478072,51.697641729488616],[5.303714073243131,51.697631841133315],[5.30382111554938,51.697629220691574],[5.303818321883849,51.69757528776543],[5.303818331807383,51.69756989467835],[5.303825578934501,51.697561810186386],[5.303825587203392,51.69755731594714],[5.303824155639424,51.69754922528881],[5.303816938285159,51.697541130519404],[5.303815531532892,51.697519557143195],[5.30382277865244,51.69751147265136],[5.303822801806068,51.697498888781446],[5.303814138013982,51.697490792984105],[5.303812754421001,51.69745663573776],[5.303820003184838,51.69744765239818],[5.303818581548797,51.69743416865255],[5.303811362559823,51.69742697273057],[5.303811372484147,51.69742157964342],[5.303808578842919,51.69736764671591],[5.303807172099989,51.69734607333922],[5.303802965112928,51.69727416242576],[5.303801556721319,51.697253487896695],[5.303798764756357,51.697198656120136],[5.303797336517147,51.69718876776543],[5.303804575316023,51.69718517751385],[5.303803160309608,51.69716809837613],[5.303795934748141,51.697164497844575],[5.30379597610682,51.697142026647434],[5.303793156030631,51.69710247528428],[5.303794622316758,51.697091690137675],[5.303796093565207,51.69707820844737],[5.303790456734333,51.6969973080245],[5.303789038430134,51.6969820265821],[5.303787630053912,51.69696135205223],[5.303797755058029,51.69696135924883],[5.303794928374037,51.696925403276616],[5.303786249805978,51.69692539710794],[5.303784849705558,51.696900228338386],[5.303783428097111,51.69688674459158],[5.303782014762567,51.6968687666052],[5.30375471638674,51.69676897494731],[5.303748968765751,51.69674829733079],[5.303721673846998,51.6966467079682],[5.303715929568447,51.69662423265395],[5.303700017310084,51.69662512018143],[5.303681351368555,51.69655050242143],[5.303672735829596,51.69651634002267],[5.303652626879654,51.69643992353181],[5.303636845625397,51.696369802062705],[5.303628235127321,51.69633294311618],[5.303836438664319,51.69637623596949],[5.304008648962657,51.69632871917876],[5.304039038395588,51.696320651076896],[5.304185318320932,51.69621558930219],[5.305383355219156,51.69518634954793],[5.30543994211854,51.6950875155724],[5.305440256703289,51.69491313903898],[5.305365191865495,51.69483219028217],[5.305285763851355,51.69476472116979],[5.305061915432133,51.69457850289837],[5.305289174803097,51.69447799063172],[5.309323228336896,51.69269022915918],[5.309331913813976,51.692685740675465],[5.309591006413042,51.692565466481454]]]]}},{"type":"Feature","properties":{"gezicht_uri":"https://linkeddata.cultureelerfgoed.nl/cho-kennis/id/gezicht/10134564","gezichtsnummer":"215","naam":"Den Hout"},"geometry":{"type":"MultiPolygon","coordinates":[[[[4.808521929969167,51.66569985738199],[4.808398774657955,51.665722619329614],[4.807548331969946,51.66576245712795],[4.807547105211046,51.6657453725032],[4.807107423982249,51.66576566688312],[4.806647368841668,51.665796645054726],[4.806564867244813,51.66580522469258],[4.806509643314452,51.665828321490515],[4.806442591174887,51.665872033635914],[4.806253039248197,51.66588727303032],[4.80624448230416,51.66587824186342],[4.806222916973644,51.6658691461535],[4.806048557050324,51.66582693283378],[4.80565074169186,51.665738666101376],[4.805597424540913,51.66572581708915],[4.805515303907136,51.66570473512721],[4.805464877576473,51.66569190041497],[4.805221441669882,51.665625972003866],[4.804918942935398,51.66554446857729],[4.804751858554042,51.66549869401065],[4.804259175461518,51.66536950138009],[4.803806849356695,51.665249496458244],[4.803534650196951,51.66517263475042],[4.80328845669746,51.665096800964704],[4.803063805120474,51.66503186058421],[4.803010524327723,51.665016313954304],[4.802957243571641,51.66500076730009],[4.802947160925241,51.66499802037655],[4.803205822621892,51.66421909023292],[4.803225976009583,51.66422548284826],[4.80322899416047,51.664215610313505],[4.803259221958975,51.66411328970605],[4.803260968634037,51.66408992775568],[4.803264009949161,51.66407825759233],[4.803324511421495,51.66387002109187],[4.80334349749109,51.66385483494834],[4.803363928859201,51.66383965600832],[4.803386106812363,51.663801115111674],[4.803486233008453,51.66354633476573],[4.803611715734209,51.66323055744424],[4.803707387722128,51.66298474341982],[4.803819570393065,51.66269137138102],[4.803812355598727,51.66269043656199],[4.803907967458975,51.66244911642748],[4.804391757612223,51.66124523969435],[4.804458944146992,51.66107838395916],[4.804516047995197,51.6610211403631],[4.804716563137458,51.66048910711347],[4.80481389964427,51.66022532300569],[4.804954705458227,51.65984040729524],[4.805139001432371,51.659332562179536],[4.80510859514801,51.659336905372946],[4.805160745735509,51.659102559077404],[4.805197391809047,51.658837574039595],[4.805187726217298,51.65880246998768],[4.805185078478345,51.65878358051554],[4.80518607182811,51.658706282469005],[4.805180300157497,51.65848063692398],[4.805179178434179,51.65845546293353],[4.805161836756929,51.65845537672449],[4.805160749697346,51.65842750629024],[4.805160761248311,51.658426607475725],[4.805155222010263,51.658295344634],[4.805147335445573,51.65812182313827],[4.805261301273577,51.657912952486754],[4.805178279833522,51.65773815863514],[4.805187135338195,51.65772382070524],[4.805050185802814,51.656572583597566],[4.806294457221786,51.656574269610395],[4.806298403825172,51.65637923396174],[4.807104156447777,51.656429970455875],[4.807129771087615,51.656573916884966],[4.807225146377297,51.65657438939338],[4.807314741348486,51.65657483319412],[4.807727930811817,51.65658496885132],[4.807831953622134,51.656587281409564],[4.808284194977218,51.65659491173252],[4.808453441737187,51.65658226541392],[4.808679379470246,51.656543831711666],[4.808678301767219,51.65651506248665],[4.808321268980957,51.655729481389464],[4.808712076281689,51.65568107625272],[4.808784455139861,51.65567154627445],[4.809073970269579,51.65563342591323],[4.809008771521501,51.65553332915578],[4.80939669777682,51.655484008640045],[4.809334721159619,51.65535786068109],[4.809264326965901,51.65521189595121],[4.809215023772791,51.6551118777711],[4.809124870251492,51.654928961648835],[4.808999555678606,51.65467036655661],[4.809551036717306,51.654600280270365],[4.809702866708978,51.65459293946422],[4.809772319212141,51.6545860910615],[4.810051562580116,51.65455960297726],[4.81015139467338,51.65455020749544],[4.810390142833616,51.65452621561481],[4.8104393420288,51.65452106477282],[4.810511684342209,51.654514230168665],[4.810575345102402,51.65450825163258],[4.810695441499934,51.65449625887828],[4.810726629220543,51.65465731052035],[4.810874147032949,51.65464814921769],[4.810946455180289,51.65464401079182],[4.810969586924039,51.65464322577547],[4.811161934525078,51.65463158813615],[4.811377425179483,51.65461826626788],[4.811406348402983,51.654616610778454],[4.811594349304857,51.65460584992297],[4.811809828294942,51.65459342607388],[4.811913949494109,51.654587645656804],[4.811971795861703,51.654584334405506],[4.812022417133246,51.6545809876293],[4.812245132385639,51.65456769965901],[4.812271165511722,51.65456602976264],[4.812459166003466,51.654555267517324],[4.812570512117476,51.65454952198519],[4.812668853055275,51.654543712525935],[4.812995711647649,51.654522844313355],[4.813936280262552,51.654424083444425],[4.81401441332634,51.65441637616072],[4.814104117835581,51.65440782659819],[4.81410896537962,51.654481557804985],[4.81441103031316,51.65447854170556],[4.814562802317899,51.654475688673365],[4.814604719106599,51.65447499482003],[4.814606164121286,51.654475001887455],[4.814785391380842,51.65447228284406],[4.814785595835801,51.65445610415439],[4.814873843909753,51.65444844575273],[4.816533343017209,51.654407108684445],[4.8166287931246,51.65440128180938],[4.818070656895163,51.65431391851103],[4.818167653246035,51.65430000805631],[4.81885678620067,51.65419908645771],[4.818992909987434,51.65417637654795],[4.819845684835275,51.65404747936646],[4.82014263041554,51.65399139026903],[4.820281721683338,51.653962401138315],[4.821078369944656,51.653814346898834],[4.821263778491089,51.653779288469984],[4.822077838710144,51.65362501951712],[4.822452976184726,51.6535558189214],[4.822782836887233,51.65375695907254],[4.822987948354239,51.65388019422501],[4.823103009810492,51.653807940124565],[4.82353705207768,51.65353407724995],[4.82358438993785,51.653562170160164],[4.823909965451628,51.653759691003316],[4.824076203228203,51.653639143134164],[4.824206825948986,51.653709883304074],[4.824432204535472,51.653830516761595],[4.824588927646705,51.65389419099283],[4.825057204301944,51.654470818970005],[4.824438835494085,51.654692565926915],[4.823843547590722,51.6549171173111],[4.825862479760933,51.65700770066609],[4.823779515874356,51.6566956747169],[4.823628050110845,51.65667337281346],[4.822518972735395,51.659737672621894],[4.822118498721079,51.66067506032437],[4.822156007001464,51.6606806345659],[4.822009664760493,51.661057453890635],[4.82200819709945,51.66105924454721],[4.821664727958028,51.661943872445725],[4.820167953104141,51.66305033407291],[4.820150384531672,51.663068226402515],[4.820162356711139,51.663150980470434],[4.820362510708638,51.664481379002794],[4.820469183261671,51.66519739615868],[4.820491864544553,51.66534851614784],[4.818732754590208,51.665117968210616],[4.818571461727982,51.6650704437853],[4.818525481318404,51.66504864759421],[4.818509571147536,51.66504946919411],[4.818447420968975,51.66504916733008],[4.818270862051756,51.66506628701128],[4.815834335725002,51.665256668993266],[4.815236732634084,51.6653067847828],[4.815174389105298,51.66532176103911],[4.814977638278216,51.66533518163416],[4.814741748937033,51.665357399267734],[4.814691032005386,51.66513872572323],[4.814657754744887,51.66514125962613],[4.814654864034592,51.66514124549158],[4.814492802374651,51.665154834883225],[4.814424315024169,51.66531270113661],[4.814415381361806,51.66533333146278],[4.814413879152805,51.66533781846801],[4.814370154458235,51.66536636843439],[4.814324313435381,51.66544794140303],[4.814318418261023,51.66545690126811],[4.814302291808113,51.66547479978237],[4.814292003667741,51.665488232506405],[4.814205862661662,51.66555612518367],[4.814039941596164,51.665646099078906],[4.813916345381227,51.665703920621716],[4.813775484030027,51.66575536539126],[4.813561693125706,51.6658585872388],[4.812515878531203,51.665803122403794],[4.812406041378358,51.665801684412486],[4.812176295121911,51.665795163176426],[4.812104003515558,51.6657966058866],[4.811705274083294,51.665779366078304],[4.811700778028575,51.66579192817309],[4.811586673361068,51.6657850752132],[4.810553917097106,51.66572606154383],[4.810542354113301,51.665726004599485],[4.810543902504958,51.66571792238636],[4.810340448473907,51.665689954121255],[4.810279811570073,51.66568426215287],[4.810105116350603,51.66566812049166],[4.80988407772471,51.66565894105553],[4.809651487691461,51.6656488053554],[4.809518548024295,51.66564545295861],[4.809353707005176,51.66565003282382],[4.809172955405357,51.66565543278718],[4.808848962837326,51.66567181038306],[4.808521929969167,51.66569985738199]]]]}},{"type":"Feature","properties":{"gezicht_uri":"https://linkeddata.cultureelerfgoed.nl/cho-kennis/id/gezicht/10134565","gezichtsnummer":"277","naam":"Stadskern Tilburg"},"geometry":{"type":"MultiPolygon","coordinates":[[[[5.081178934684498,51.56015719987259],[5.08101461929308,51.56014508449171],[5.080861888901215,51.560125808307006],[5.080693362770542,51.56009660300129],[5.08043413330886,51.560045586768055],[5.079797428284942,51.559943241782065],[5.079625934233866,51.55992661124772],[5.079203621831002,51.55989493824659],[5.079006134789994,51.559883631527995],[5.078776874050567,51.55987943159769],[5.078604042366162,51.55984751532187],[5.078516028838089,51.559854473939396],[5.078510431667214,51.559829290931106],[5.078404630774011,51.559695080629695],[5.078408969109391,51.55969329435524],[5.078360355286263,51.55963204311687],[5.078405143961961,51.559619577285474],[5.07832865517735,51.559204099414664],[5.078310941659719,51.55905214435271],[5.078312072214612,51.558885857217476],[5.079194566072968,51.55889088167502],[5.079324353377468,51.55889032460314],[5.079441874937761,51.55878456784266],[5.079838006456215,51.558421569238114],[5.079927270554604,51.55844247774654],[5.079969441070142,51.55839045435521],[5.079925790818208,51.55823483592526],[5.079921586422217,51.55821684756647],[5.079899304888621,51.55809993649364],[5.07988400843979,51.558016301798396],[5.079877205867397,51.5579560599288],[5.079794579035684,51.55738056877591],[5.0810467261359,51.55730655149122],[5.081031536863029,51.557206737644925],[5.081028652942646,51.557206730093654],[5.081036159530047,51.55716270533668],[5.081020304040502,51.55716176495471],[5.081029343440629,51.557104261228325],[5.081026459526753,51.55710425367697],[5.081029525150028,51.55707729573726],[5.080987720539386,51.55707538853678],[5.081036395318582,51.55691372019287],[5.081052644393628,51.556856235340966],[5.081083349234985,51.55679339513878],[5.081105281212399,51.55674850927495],[5.081131587418179,51.556696443932054],[5.081153537464251,51.5566488615095],[5.080921675560421,51.55660510886166],[5.080968417427016,51.55651624359154],[5.080802818799408,51.55648255175003],[5.080910958184716,51.55626980391536],[5.080873516473035,51.556262514907125],[5.0809583116067,51.556090154820694],[5.081003756322735,51.5559797133612],[5.081229817159492,51.55602794500237],[5.081270620690931,51.55596423230792],[5.081413140978908,51.555998762004734],[5.081454878084683,51.556010556400345],[5.081487011620265,51.555949517556904],[5.081571982137031,51.55596502040105],[5.081608441239606,51.555903992830565],[5.081676108680185,51.55591945037613],[5.081712573649428,51.555857523922924],[5.081781153381153,51.555737255081716],[5.081813219830819,51.55568610349515],[5.081804574400253,51.555685182049366],[5.08183089730874,51.555630419993925],[5.081828019529204,51.55562951361259],[5.081851440438762,51.55557744057027],[5.081882179545896,51.55550920705096],[5.081929111645544,51.55539157819023],[5.081985279433895,51.555401612340994],[5.082065309182391,51.55507912844512],[5.08213172677135,51.555065818766856],[5.082128867126146,51.55506221584313],[5.082270353526951,51.55503561893848],[5.082305996710924,51.55509593588546],[5.082586967059953,51.555126330764914],[5.082607701891459,51.555044588006844],[5.082610579649555,51.55504549436899],[5.082634264452952,51.55495387176817],[5.083557091072241,51.55473784752746],[5.084643953028675,51.55478830480257],[5.084696393421465,51.55470844144632],[5.084723843016547,51.554700422668475],[5.084787949802522,51.55460081440688],[5.08477365665519,51.55458190126112],[5.08483626147822,51.5544912777439],[5.084842064862166,51.55448589955734],[5.084850751992828,51.554480528827376],[5.084859439121436,51.554475158096736],[5.084869556160655,51.554471588794],[5.084882562925853,51.55446712809626],[5.084895551748484,51.554465363947635],[5.084907098696595,51.55446359606975],[5.084920069578716,51.5544645284688],[5.084934476355712,51.55446636344397],[5.085742455114442,51.55460597579516],[5.085533163487999,51.555072846107045],[5.085803935293934,51.55511938651595],[5.085739561646503,51.555259443588724],[5.085861348117862,51.55537661003052],[5.08600055130124,51.555476742764505],[5.086108098618756,51.5555669063002],[5.086280419279832,51.555674314894475],[5.086316330184325,51.55569508121305],[5.086326465236946,51.55568881523415],[5.086388211598644,51.555727625315534],[5.086447050437707,51.55577002334733],[5.086520629747563,51.555763920520214],[5.08666736620197,51.555815533089216],[5.086665918340146,51.55581642823332],[5.086745057334889,51.55584179984509],[5.086793975560973,51.55585810511115],[5.086932026959505,51.55569666392273],[5.087016992931816,51.555713061659574],[5.087192770100906,51.555515762390506],[5.087398725602522,51.55555224525536],[5.087220261185889,51.55571987537869],[5.087339607836164,51.555770517965605],[5.08736861221745,51.55574542411095],[5.0877409543804,51.55591536498539],[5.08764960973819,51.5559915345726],[5.087975836959781,51.55615776108174],[5.088053440669388,51.55619750972163],[5.088057784209238,51.55619482423774],[5.088119544572497,51.55623183570401],[5.088181807834321,51.55619244486699],[5.088217720018691,51.55621321060146],[5.088277093400174,51.55617471118987],[5.088327365779064,51.556204502254346],[5.088376610092367,51.55617137009417],[5.088494410926969,51.55623818712153],[5.088875155284838,51.55600815074552],[5.089048855320196,51.55612634514275],[5.088791236046946,51.55627130415896],[5.088929047805021,51.55636513777298],[5.088939330154629,51.55633640031055],[5.088972618515269,51.55631760904452],[5.089014251704064,51.556345580047015],[5.089015675941434,51.556348280274975],[5.089096329879252,51.55636286776882],[5.089103639800266,51.55634760569405],[5.089175659846609,51.55635947452595],[5.089194593638438,51.556330759091296],[5.089234908825287,51.556339850484065],[5.089243648840561,51.556326389775435],[5.089338633763207,51.55635449659861],[5.089448008701677,51.556387134314555],[5.089411642213682,51.55643558043188],[5.089369384167611,51.5565028877032],[5.089758242792055,51.55657488786729],[5.089745077022258,51.556603618065395],[5.08991349606371,51.556648090777024],[5.089963940562848,51.55665181447812],[5.08997577598228,51.556606002433796],[5.090166053578172,51.556615474595276],[5.090176617242576,51.556543592207255],[5.0902962689058,51.55654839040772],[5.090280827466023,51.55670475375523],[5.091151627741511,51.556727635608524],[5.091189143368821,51.55605987370237],[5.091294520957119,51.55604216311518],[5.091704553568262,51.55596230215972],[5.091718990322101,51.55595964204637],[5.091717595162244,51.55595244759865],[5.091934064460972,51.55592512959418],[5.091989119189011,51.55632885909762],[5.092159372400498,51.55631310923226],[5.092194580837046,51.5566646543629],[5.092337344977596,51.55666321672444],[5.092421001063991,51.556659832187194],[5.092494546040508,51.55665911870272],[5.092495853895695,51.556679795898276],[5.092618465815068,51.55667291393349],[5.092635457107989,51.556943515155],[5.092947006294001,51.55693081659002],[5.093017702714405,51.55692470241644],[5.093019220322172,51.55691302098752],[5.093325228115948,51.556865251732816],[5.093357637300456,51.55698218564773],[5.093184288692766,51.55703028862347],[5.093261421638522,51.55714373954873],[5.093257089945071,51.55714462752494],[5.093254200211002,51.55714551912588],[5.093249868517241,51.55714640710188],[5.093246972967754,51.557148197553104],[5.093244083233259,51.55714908915379],[5.093241187683374,51.55715087960491],[5.093236855988847,51.5571517675804],[5.093233960438508,51.55715355803131],[5.093231070703416,51.55715444963165],[5.093228175152676,51.55715624008244],[5.093225285417301,51.55715713168264],[5.093222389866161,51.55715892213326],[5.093218052354763,51.55716070895861],[5.093215162618907,51.55716160055855],[5.093212267067082,51.55716339100893],[5.09320937151503,51.557165181459254],[5.093207917922977,51.55716697553488],[5.093205022370525,51.55716876598509],[5.093202126817845,51.55717055643523],[5.093199231264937,51.55717234688527],[5.093196335711799,51.55717413733525],[5.093193440158434,51.55717592778518],[5.093191986565408,51.55717772186064],[5.093189091011642,51.55717951231043],[5.093186195457648,51.55718130276017],[5.093183299903427,51.55718309320983],[5.09318184630977,51.55718488728513],[5.093178950755148,51.557186677734705],[5.093177497161204,51.55718847180993],[5.093174595789578,51.557191161109884],[5.09317314219532,51.55719295518509],[5.093170246639839,51.5571947456344],[5.093168793045293,51.55719653970955],[5.093167333633884,51.55719923263517],[5.093165880039079,51.55720102671028],[5.093162978665961,51.557203716009944],[5.093162972849125,51.55720461486043],[5.093160077292501,51.55720640530951],[5.09315862369718,51.55720819938454],[5.093157170101746,51.557209993459544],[5.093155716506192,51.557211787534484],[5.093154257093516,51.557214480459955],[5.093152803497707,51.55721627453489],[5.093151349901781,51.55721806860979],[5.093151338267643,51.55721986631081],[5.093149884671546,51.55722166038575],[5.093148425258204,51.55722435331108],[5.093146971661848,51.557226147385975],[5.093145518065375,51.55722794146077],[5.093145500613817,51.557230638012285],[5.093144047017143,51.55723243208712],[5.093142593420352,51.557234226161945],[5.093142575968618,51.55723692271341],[5.093141122371626,51.557238716788234],[5.093141110737076,51.5572405144892],[5.093139651322609,51.557243207414466],[5.093139639687999,51.55724500511543],[5.093139628053389,51.55724680281642],[5.093138168638629,51.55724949574169],[5.093138157003958,51.55725129344268],[5.093138145369287,51.557253091143664],[5.093138127917277,51.557255787695155],[5.093138116282603,51.55725758539612],[5.093138110465266,51.55725848424664],[5.093136651050039,51.55726117717185],[5.093136633597936,51.55726387372334],[5.093136616145833,51.557266570274834],[5.093136598693726,51.55726926682631],[5.093136581241618,51.55727196337775],[5.093136569606878,51.557273761078754],[5.093137994118461,51.5572764612565],[5.093137976666431,51.557279157807976],[5.093137959214399,51.557281854359466],[5.093137941762364,51.55728455091096],[5.093139366274369,51.55728725108866],[5.093139348822414,51.55728994764014],[5.093139337187777,51.557291745341104],[5.093140761700087,51.55729444551879],[5.093142186212567,51.55729714569649],[5.093142168760776,51.55729984224798],[5.093143593273509,51.55730254242564],[5.093143581639033,51.55730434012662],[5.093145006151992,51.557307040304245],[5.093146430665119,51.55730974048188],[5.093147855178414,51.55731244065952],[5.093149285509004,51.557314241986596],[5.093150710022611,51.55731694216419],[5.093152134536386,51.557319642341724],[5.093153564867372,51.55732144366876],[5.093154989381458,51.55732414384633],[5.093156413895713,51.557326844023805],[5.093157844227094,51.557328645350815],[5.093159268741659,51.557331345528254],[5.093177874694921,51.55735296507639],[5.093179310844515,51.55735386755266],[5.093179299211438,51.55735566525362],[5.093180735361146,51.55735656772985],[5.093182171510909,51.55735747020606],[5.09318360766073,51.55735837268225],[5.093183596027822,51.55736017038321],[5.093185032177757,51.55736107285939],[5.09318646832775,51.55736197533555],[5.093187904477797,51.557362877811684],[5.093189334811562,51.557364679138274],[5.093190770961754,51.55736558161438],[5.093192207112002,51.55736648409046],[5.093193643262308,51.55736738656651],[5.09319507941267,51.5573682890426],[5.093195073596442,51.55736918789305],[5.093197951713566,51.55737009399462],[5.093199387864099,51.55737099647061],[5.093200818198574,51.55737279779707],[5.093202254349253,51.55737370027303],[5.093203690499985,51.55737460274896],[5.093205126650776,51.557375505224876],[5.093206568617626,51.55737550885032],[5.092988051702133,51.557495407174244],[5.092865810274079,51.55744476309518],[5.092810491304799,51.55752552169808],[5.092739100712509,51.55763859894818],[5.092708492983575,51.55768885831395],[5.092661866100241,51.557763346680524],[5.092539445756827,51.55796258630957],[5.092522060316682,51.557975126610096],[5.092345463793942,51.55852298914414],[5.092316641231481,51.55852021986835],[5.092299086325443,51.55855882679498],[5.092278326476385,51.55864686321377],[5.091540404910784,51.5585856746744],[5.091480630272618,51.558907317219976],[5.091564220370956,51.558914719503115],[5.091604187448019,51.558977741095006],[5.091253197549872,51.55906584095612],[5.091453091057139,51.55937196080099],[5.085957265621595,51.55983073498498],[5.08279879500897,51.560096709546265],[5.082556379568683,51.560118549881416],[5.082305323639797,51.56013856945486],[5.082303972070605,51.560125082951394],[5.082243369643825,51.56013031811324],[5.081936079455949,51.560149291361206],[5.081656266631136,51.56015665035225],[5.081441436893963,51.56015069562751],[5.081177613722234,51.56013921910889],[5.081178934684498,51.56015719987259]]]]}},{"type":"Feature","properties":{"gezicht_uri":"https://linkeddata.cultureelerfgoed.nl/cho-kennis/id/gezicht/10134582","gezichtsnummer":"235","naam":"Lage Zwaluwe"},"geometry":{"type":"MultiPolygon","coordinates":[[[[4.684308816766926,51.71352086416065],[4.68441015970946,51.71342439342451],[4.684491762928519,51.71329454580145],[4.684539166032373,51.71322381886179],[4.684580985380358,51.71323305839952],[4.684807472674547,51.71327756236038],[4.684925766557549,51.7133007433208],[4.685045493470845,51.71332483162474],[4.685176781491115,51.713349887949335],[4.685188314561297,51.71335265367604],[4.685274847514996,51.7133711496089],[4.685458013817855,51.7134099995254],[4.68560084937984,51.713436922281964],[4.685820090410227,51.713482279762744],[4.686006151380415,51.71352114614501],[4.686179246548213,51.71355633915517],[4.686319175324699,51.71358414251704],[4.686392729103741,51.71359986335502],[4.686627873441209,51.71364621330873],[4.686721641936334,51.713664751428304],[4.6867678027741,51.71367401613544],[4.686897659813758,51.71369816309232],[4.68698566885047,51.71371486882533],[4.686987115729345,51.71371487747171],[4.68710979427235,51.71373538579066],[4.687202171930401,51.7137503197102],[4.687219492748115,51.713753119812004],[4.687391268073775,51.71378021325529],[4.687547141812612,51.713806312621024],[4.687573116150888,51.71381096209279],[4.687668360072313,51.713827710509115],[4.68766980695497,51.71382771914708],[4.687791053136772,51.71384731932268],[4.687889218786265,51.71386228724683],[4.687928187347369,51.71386881194224],[4.688242843908885,51.71392012750848],[4.688413173602466,51.713947210824244],[4.688587816389475,51.7139761173586],[4.688602257491946,51.71397800120993],[4.688817288458741,51.714015238073074],[4.689012146591967,51.71404696108603],[4.689015040371989,51.71404697832878],[4.689118966673486,51.71406377729505],[4.689188250917625,51.71407497655472],[4.689247420831182,51.71408521665141],[4.689248867722477,51.7140852252699],[4.689323925726028,51.71409735771622],[4.689325372617729,51.71409736633375],[4.689335473114782,51.714099224242204],[4.689536119548797,51.714130980854144],[4.689657353495645,51.714151477893594],[4.689748299824672,51.71416550240127],[4.689849332884919,51.714182283495724],[4.689859447284731,51.71418324256589],[4.689964807251788,51.71420094818675],[4.690039865641657,51.714213080174964],[4.690042745574404,51.71421399618554],[4.690138018981827,51.71422894501011],[4.690215943548228,51.71424289168701],[4.690190889075339,51.71427240554859],[4.690314449522554,51.71432976964354],[4.690266917424338,51.714221621867914],[4.690713128874826,51.71399955611714],[4.690717386472048,51.714004974678005],[4.690768491562092,51.71406909860274],[4.690769896921533,51.71407180358237],[4.690809648505082,51.71412147799819],[4.690852197068517,51.71417746115099],[4.690864969963289,51.714193716817775],[4.690893368048216,51.71422894172349],[4.690933106064262,51.714279514890436],[4.690941607524378,51.714291250789174],[4.69098277870907,51.714342731330035],[4.69102534153313,51.714397815626086],[4.691029599205114,51.71440323417554],[4.69111475285867,51.714511605131136],[4.691249951452782,51.714471059937544],[4.69137932069763,51.71443317659885],[4.69138222833543,51.71443229498978],[4.69164390144738,51.714353848673305],[4.691797839669417,51.714317908466384],[4.69194463990062,51.71427563357665],[4.692023131692544,51.71425272852046],[4.692089979143468,51.71423424871236],[4.692084302099094,51.714227024030755],[4.692220918241612,51.71418828388273],[4.692312500860498,51.714160961899545],[4.69230683760304,51.7141528384351],[4.692478344483519,51.71410351839509],[4.692609172350867,51.71406474347798],[4.692741433079885,51.71402687578321],[4.692873707389916,51.713988109144914],[4.693008847650702,51.713951157088054],[4.69313966082751,51.713913280369965],[4.693428901447302,51.71382960012343],[4.693479804401659,51.71381282287051],[4.693581555045696,51.71378286347313],[4.693738535188113,51.713737051106015],[4.693876609101372,51.713697418789124],[4.693889410513914,51.71371187654106],[4.693957634323982,51.71379228010512],[4.694119162250639,51.71401615673326],[4.694306430914318,51.71397681488428],[4.695050730705692,51.71365851762912],[4.69519224722325,51.713582949091986],[4.695448451358844,51.713482889012326],[4.695590918613291,51.713439685118935],[4.695407385871363,51.71342421967595],[4.695156269421372,51.713097343949805],[4.695247903081594,51.71306642448525],[4.695489319349871,51.71298695112551],[4.695975056790372,51.712827121183444],[4.695752051716362,51.712554345069805],[4.696342340489802,51.71236996204219],[4.696515738266211,51.712575028976254],[4.697626843653588,51.71220674232899],[4.697664653203464,51.712194380586666],[4.697862436437392,51.712129027585235],[4.697954066290775,51.712098105993874],[4.698074769575654,51.71205836657514],[4.698102396292607,51.71204954030347],[4.698211469920675,51.71201332784906],[4.698380164462689,51.711957690553746],[4.698442606327085,51.71203805750758],[4.698471008978673,51.712073280592314],[4.698607276621717,51.712246665517036],[4.698628568535147,51.712273756897076],[4.698951777098774,51.71214352119206],[4.698963420152405,51.712139095206005],[4.699132292043233,51.71207177249577],[4.69935516089954,51.71197420479039],[4.699624600476209,51.71185893245668],[4.699853199851556,51.711764992938015],[4.699847508210513,51.71175866742399],[4.699826202143816,51.71173247505807],[4.700290618240107,51.711545535983916],[4.700404165855259,51.71150035897639],[4.700392796138187,51.71148680920618],[4.70050905968282,51.71145333339291],[4.700865192456713,51.711345757271935],[4.700855269445976,51.711332216021056],[4.701241933282694,51.71121492997409],[4.701327676345502,51.71119026341892],[4.701614277028716,51.71108767124321],[4.701805047349125,51.71100698971147],[4.702018979302011,51.7109255444433],[4.702280473871593,51.710760781457736],[4.702544016377188,51.710651760106714],[4.702457395734089,51.71054338892516],[4.702748126027993,51.71045430125353],[4.70288492569758,51.710402066685496],[4.703130641089909,51.71032350165235],[4.70321350148363,51.710297918020544],[4.703315237794315,51.710267950132376],[4.703296783177663,51.710244471667075],[4.703268377903191,51.710209249741084],[4.703595681275507,51.71009340721011],[4.704355019736482,51.70982457709571],[4.704389918373409,51.70981309510529],[4.704395610407344,51.70981942040057],[4.704416972512403,51.7098420167605],[4.704796611199108,51.709709397239735],[4.704876589581574,51.70968289677795],[4.704948072996602,51.709739942156325],[4.70509938974479,51.70968419404892],[4.70514739020912,51.709667394858194],[4.705479147059731,51.70954348314467],[4.706066950894923,51.709326677426276],[4.70607404923297,51.7093357074393],[4.706305245300902,51.70925974800171],[4.706370686945668,51.70923765641982],[4.706380881786487,51.709233221285906],[4.706491429341336,51.709194313105854],[4.706875450818005,51.709058116849356],[4.70696133545049,51.7090235593939],[4.707210227088593,51.708925229047466],[4.707617823962528,51.70876040320247],[4.707692998011321,51.708668255108556],[4.707779500607646,51.70849617281006],[4.707849209092442,51.70828624033296],[4.707896311800806,51.70813640135683],[4.708011204312323,51.70790425887508],[4.708140832466918,51.70765422419082],[4.708222748450429,51.70749829472435],[4.708306963552313,51.70738192901295],[4.708376360670829,51.707288848133274],[4.708482072771488,51.7071860899673],[4.708684613242683,51.70699400502582],[4.708777519687913,51.70687679043745],[4.709116869617411,51.706437407424886],[4.709270312398274,51.70623874518692],[4.709271785989396,51.706236955963966],[4.70921684042543,51.70623484026931],[4.70934194723532,51.70609264307346],[4.709431727857394,51.70599069075635],[4.709459604570687,51.70596478464924],[4.709499215957013,51.705928159916304],[4.709604639524363,51.70584427544815],[4.709686795440445,51.70576834620921],[4.709852485763172,51.705620989903736],[4.709877172621864,51.7056148405022],[4.70989766766193,51.705598779239644],[4.709861730879432,51.70558329061074],[4.709875154320594,51.70555640197071],[4.709624915405937,51.70555315726738],[4.709036449763794,51.70552907835942],[4.708560794263385,51.70550744774346],[4.707837902099905,51.7054753930733],[4.707065852964105,51.70544125083091],[4.707099975428746,51.70509628088737],[4.707060917011667,51.70509605414847],[4.707055536077667,51.70506905665774],[4.707044422792038,51.70503843038762],[4.707037514167686,51.70501681727755],[4.707033377106427,51.70500331013329],[4.707030686652248,51.70498981138721],[4.707025440920165,51.70495382592856],[4.707024264660102,51.70493584159759],[4.707023520950402,51.70488909577425],[4.707028252749512,51.70486305586698],[4.707029739901163,51.70486036787542],[4.707029766935213,51.704858570282134],[4.707031254086625,51.704855882290566],[4.707032741237858,51.70485319429894],[4.707034214871984,51.70485140510397],[4.707035702022893,51.70484871711236],[4.70703862225681,51.704846936315576],[4.707040095890496,51.704845147120515],[4.707043029640765,51.704842467527],[4.707044503274131,51.7048406783319],[4.70704742350718,51.70483889753493],[4.70705034374,51.704837116737835],[4.707053263972592,51.70483533594069],[4.70705617068846,51.704834453940144],[4.707060537520255,51.70483268154086],[4.707063444235812,51.704831799540095],[4.707066364467543,51.704830018742605],[4.707070717782312,51.70482914513958],[4.707073624497445,51.70482826313859],[4.707077977811906,51.70482738953528],[4.707082331126198,51.7048265159318],[4.707085224325026,51.704826532727154],[4.707089577639098,51.70482565912342],[4.707086669719781,51.70453800220287],[4.7071199412942,51.70453819534358],[4.707167692285274,51.70453757364537],[4.707597383621809,51.704536471469076],[4.70764370151984,51.704534942388705],[4.707641547930505,51.7042931324939],[4.707686378484122,51.70429429139576],[4.707742808706056,51.704293719803516],[4.707727436415669,51.704257675645884],[4.707767927192232,51.7042588093473],[4.707778909861292,51.70381662647582],[4.707817994179873,51.7038150553797],[4.707886023339408,51.703812753231524],[4.709143912401146,51.70376520879153],[4.70966791938807,51.703744869624366],[4.71079696647007,51.703702854386606],[4.710814338683869,51.70370205580916],[4.710867901885938,51.703699668412156],[4.7108753363094,51.70368622820649],[4.710909668994434,51.70361541528061],[4.710937973435141,51.703560747296294],[4.710990054312662,51.703463969421016],[4.711007869865891,51.7034335105016],[4.711103163408847,51.70325248773699],[4.71115094423759,51.70315298834973],[4.711157267797807,51.703117069842236],[4.71116818622898,51.7030640992247],[4.711186028370974,51.7030318426816],[4.711217225191872,51.70297719131913],[4.711229039312787,51.70296107973678],[4.711233446098675,51.7029566107886],[4.711321850252051,51.70284925584043],[4.711411807951391,51.70273471878777],[4.71141182138049,51.702733819990286],[4.711498791570252,51.702625557762964],[4.711500251527626,51.70262466730847],[4.711552061590985,51.70254586512055],[4.711686249292584,51.702278774187434],[4.711686289562984,51.70227607779468],[4.711734215715408,51.70216669138198],[4.711783078131392,51.702091467596745],[4.711893528592738,51.70186379007089],[4.711907285185098,51.701814431242404],[4.712042941928154,51.70154555061577],[4.712060849921296,51.70150879994369],[4.712155853472722,51.7013466510247],[4.712194454757552,51.70128035669183],[4.712199451450224,51.70123634060519],[4.712206350649428,51.70116177372869],[4.712201973057597,51.70106736662677],[4.712199589782929,51.701033195643056],[4.712194139187912,51.70101069236154],[4.712082235487848,51.70056060999767],[4.712067837922297,51.70055603265068],[4.712063820497299,51.700534436495914],[4.712071119889637,51.70052998418645],[4.712067118260316,51.70041041073547],[4.712052146290123,51.70034740319311],[4.711994545446035,51.70023291407782],[4.711966743408873,51.70015724832258],[4.711990399000121,51.700026148895134],[4.711990425833219,51.70002435129945],[4.711997499595844,51.69993810005446],[4.711991541940995,51.699852672575624],[4.711989225967603,51.69981400759458],[4.711983574372563,51.6998049862687],[4.711975083567452,51.69979235307718],[4.711968589298504,51.69974287751023],[4.711967572201027,51.69971410764185],[4.711967679536055,51.699706917259],[4.711962430467869,51.699670931996266],[4.712045963942311,51.69959860455663],[4.712108871521989,51.6995513267046],[4.712223434701502,51.69953221158576],[4.712390431317887,51.699489128768576],[4.712580798353224,51.69943089942129],[4.712814785488307,51.69935764000326],[4.712917722887926,51.699342052782214],[4.712941669045478,51.69938533661576],[4.712944494912355,51.69938984725596],[4.712965628645638,51.6994277216463],[4.713048744289145,51.69957741324888],[4.713358696420976,51.699648409887885],[4.713550549477818,51.69958749088993],[4.713553455729926,51.69958660872683],[4.713720170267354,51.69956239877243],[4.713809942753305,51.69955662270774],[4.713813156741613,51.699535068180815],[4.713805466929782,51.69937142871654],[4.713808973898869,51.69923302211301],[4.713809214740553,51.69921684374587],[4.71380987036413,51.69917280263514],[4.714114795530294,51.699095454000215],[4.714184491036809,51.69907787692019],[4.714275962964451,51.699055031639126],[4.714531521344611,51.69898998259086],[4.714727722632739,51.69892818777057],[4.714929749101523,51.698863729427146],[4.715107052508698,51.69880811765003],[4.715092735318929,51.698798147884084],[4.715335700606665,51.69870426083869],[4.715435003865316,51.698641010195495],[4.715401843368896,51.69863362903639],[4.71532184601802,51.69856575462581],[4.715509726336406,51.6984796411551],[4.715581080265674,51.69844769075754],[4.715683094014585,51.698494118196685],[4.71588133653349,51.6985869396543],[4.71601925760919,51.6986506511851],[4.716029302422897,51.69865610198491],[4.716154512927454,51.69869906640741],[4.71614989370983,51.698717916321385],[4.716146707561682,51.69873767331912],[4.716096015884982,51.69893693316914],[4.716079491936092,51.69897818675422],[4.715980254247687,51.69923199980045],[4.715959217426496,51.69928491288478],[4.715954704766415,51.69929657240176],[4.715902012430665,51.69943559608068],[4.715694220326476,51.69940114681236],[4.715415513583322,51.6993689871629],[4.715124683352452,51.69956866703746],[4.715066215750863,51.69970675834064],[4.714977843882064,51.699910295892685],[4.714876766467955,51.69989803047718],[4.71461396812253,51.69986596022929],[4.714423371913542,51.69984239393646],[4.71441181374785,51.6998414286836],[4.714085493051712,51.69980090254621],[4.713909321656678,51.69978011492062],[4.713743048009905,51.699774664804764],[4.713722904914116,51.69976735800586],[4.71371572624681,51.699763721236145],[4.713697927355072,51.69979328178649],[4.71351977651959,51.70009967271038],[4.713341569702497,51.70040965854156],[4.713234411413882,51.70061128898787],[4.713186651269576,51.70070989046571],[4.71312391720828,51.70084256301621],[4.71306270962855,51.700969851066894],[4.713052276182467,51.70099046515278],[4.713032855741114,51.701031701645626],[4.712965674146307,51.70117153951635],[4.712917886022061,51.70127193847264],[4.71279903122758,51.70148159107232],[4.712688064592506,51.70164724409538],[4.712676237932584,51.701664254626344],[4.71263779787514,51.701719763542876],[4.712528397227534,51.70187733555769],[4.712408320465708,51.702071699850485],[4.712400994038556,51.70207794977534],[4.712381652989729,51.70211379336757],[4.712292756573003,51.70225440464454],[4.712131316562544,51.702506058354125],[4.712131303147835,51.70250695715176],[4.711956386300109,51.70278909471087],[4.711919216487028,51.702856296087646],[4.711896941384994,51.70289481931261],[4.711806394052329,51.70304890382879],[4.711748408412177,51.703153737892855],[4.711690409078414,51.70325947072413],[4.711688935680425,51.703261259978404],[4.711638316511063,51.703357147713405],[4.711541538046201,51.703540858964594],[4.71150580012806,51.70360896734285],[4.711487931128461,51.70364302152758],[4.711432837114453,51.70374787211289],[4.711410480578592,51.703791788024745],[4.711398585725173,51.70381329240812],[4.711261606038302,51.70407317588793],[4.71123482884191,51.70412245951007],[4.711200563446332,51.704188778541194],[4.711173772680023,51.70423896094585],[4.711173557729312,51.70425334170294],[4.711134289643316,51.70446075519582],[4.711158666694374,51.70447527785981],[4.711180190884977,51.704487087432724],[4.71127827689449,51.70450652973588],[4.711272647598437,51.70459278923957],[4.711262271357914,51.70480306607569],[4.71108906905443,51.70477599929747],[4.711088907818705,51.70478678486456],[4.710904347936415,51.70474527027115],[4.710866990209243,51.70501831255829],[4.710835065706339,51.705121498861075],[4.710793431478372,51.705196763978606],[4.710710700367015,51.70531134228091],[4.710630262532376,51.705369304657324],[4.710580566560484,51.705403174904696],[4.710508835015022,51.70545938972922],[4.710661289415329,51.70551959591355],[4.710293828616332,51.70580870885887],[4.710255678063561,51.70584444342384],[4.710103088705106,51.70598648276004],[4.710045889316723,51.706038286913774],[4.710001884521595,51.70607848193464],[4.709927042540275,51.706149060423805],[4.709910914109596,51.7061633491849],[4.709863935016917,51.7062089202089],[4.709827216969391,51.706245561792],[4.709825729937943,51.70624824981893],[4.709802139347786,51.70627777629282],[4.709870999553127,51.70631682602157],[4.709801391607944,51.70642428855473],[4.709785101484584,51.706449362860766],[4.709595486037655,51.7067448950352],[4.709593419903273,51.70678623132343],[4.709590815089432,51.70686351948512],[4.709557582192865,51.706860630652706],[4.709555906578682,51.70687590183163],[4.709552690023595,51.70689745622099],[4.709542744045962,51.70698189291837],[4.709581750239804,51.706985714019915],[4.709551645165449,51.70706374200051],[4.709419962983358,51.7071618565155],[4.709245962777856,51.707283995637994],[4.709228413995406,51.70729647833775],[4.709175511558448,51.707351003558905],[4.709135211374266,51.70743346680706],[4.709115811522289,51.707472905018555],[4.709089070390161,51.70751949173509],[4.709075686325953,51.70754368388765],[4.709062248336646,51.70757147122537],[4.709033939097043,51.70762613872542],[4.709024962434495,51.70764586200963],[4.708969817355247,51.70775340776456],[4.708932544630096,51.70782689972077],[4.708869936424004,51.70794968309339],[4.708835678118858,51.708015102598715],[4.708799042675223,51.708142530682466],[4.708794500309029,51.70815598750131],[4.708793718280466,51.70820811770395],[4.708788788875072,51.70834381923515],[4.708788775391652,51.70834471803173],[4.708794225158384,51.708367221453365],[4.708795631421617,51.70836992621985],[4.708776747208111,51.708471389710404],[4.708789740689196,51.70847326269559],[4.708777357935186,51.7085271234744],[4.708898639604595,51.70854400541555],[4.708879023357937,51.70859782432727],[4.709594751759067,51.70872511163168],[4.709588776312717,51.7087376613173],[4.709561967572268,51.708788742118585],[4.709521087628706,51.708909853742036],[4.709489628708245,51.70898158174457],[4.708730278932332,51.70886842321979],[4.708637890568438,51.70885440507084],[4.708616230099725,51.708851582998584],[4.708507715352858,51.708948032925655],[4.708162872190963,51.7091734501653],[4.707834668945679,51.709350423652545],[4.707519578445141,51.709521180172196],[4.707449621059886,51.709554931566785],[4.70733002808172,51.70961805777905],[4.707050264067451,51.70965238907675],[4.707044450014995,51.709654153075505],[4.706863240686867,51.70967737062771],[4.70684439230979,51.70967995780587],[4.706758857971066,51.709691146471],[4.706692171986357,51.709699747923004],[4.706654475192065,51.70970492222118],[4.70660940933866,51.70971904244962],[4.706561422888131,51.7097349434441],[4.706484379499391,51.70975876548016],[4.706305278049115,51.70983412915167],[4.706172770173557,51.70988998813904],[4.706139318689077,51.70990147907081],[4.70603027001909,51.70993680013898],[4.706034542613111,51.70994131935197],[4.70582643667332,51.71002100804511],[4.705823597314787,51.71001739603416],[4.705664938133899,51.7100802933651],[4.705565853463111,51.71012645845824],[4.705437643478241,51.7101850382471],[4.705393928677163,51.71020545799526],[4.705335529274293,51.71024017426636],[4.705156207103776,51.710329916904364],[4.704969636772348,51.710420515941294],[4.704969623212193,51.7104214147371],[4.704905286912789,51.71046598384912],[4.704877486179622,51.710486496075966],[4.704710156912833,51.71054844275777],[4.704465713396718,51.71063870387966],[4.704343735581809,51.710667655925825],[4.704132179039218,51.710687995781186],[4.704029131322738,51.71070896798468],[4.703607307650644,51.71085572093434],[4.703319320518446,51.71095471437276],[4.703006178989973,51.711090414093576],[4.702962176610526,51.71112970763323],[4.702915239747963,51.711171680643375],[4.70282724819895,51.71124936884093],[4.702815510528216,51.711260086780335],[4.702691416497341,51.711333069622974],[4.702487693141231,51.711409182526516],[4.702380003129771,51.71144990140628],[4.702278141012747,51.711487957630396],[4.702167557000136,51.71152865939901],[4.701758645639785,51.711681773349866],[4.701410525312355,51.7118334439534],[4.701404274549303,51.71186396911538],[4.701471430163965,51.71192009240088],[4.701365443864461,51.71194374170186],[4.701266718855631,51.711965635666274],[4.701127332584131,51.711997179094126],[4.701031514639337,51.71201819100797],[4.700834022951023,51.71206467467411],[4.700933745938178,51.71216773053423],[4.701091998658888,51.712323263792726],[4.701206123035559,51.712430898115734],[4.700871330473407,51.71256197104149],[4.700827665887737,51.712578793892824],[4.700821851217044,51.71258055758113],[4.700830436789983,51.7125868999984],[4.700569240273479,51.71273098740412],[4.700420692659398,51.712603375452424],[4.700311196102679,51.712667452604016],[4.700280525541597,51.71268614917563],[4.700225040021971,51.71271908225168],[4.700067305074224,51.712815235845085],[4.700046762289439,51.71283399174794],[4.699835423094234,51.71302960577732],[4.699830426672833,51.71307272246398],[4.699663571128291,51.71319758601232],[4.699580771756824,51.713218673138535],[4.699391940871149,51.71326610409497],[4.699267086346895,51.713293236252724],[4.699028992849468,51.713344871765756],[4.69890282783986,51.7133630070903],[4.698892672381638,51.71336474518471],[4.698734566614674,51.71338988369516],[4.69871417355843,51.713398752621295],[4.698658836578958,51.7134217982091],[4.698621053646397,51.7134323626802],[4.698453882907602,51.71348261604205],[4.698450975468073,51.713483497827035],[4.698381292731891,51.713498369083574],[4.698334842113486,51.71350798363333],[4.698276775389194,51.713520226493166],[4.698234679048779,51.71352896772937],[4.698191053639282,51.7135430932093],[4.698176516395547,51.71354750210085],[4.698102342163696,51.71357223440569],[4.698092159231726,51.71357577001943],[4.697983068032545,51.71361288114437],[4.697868106920907,51.713655350886036],[4.697853692935836,51.71365167058747],[4.697714120923873,51.71369489426226],[4.697650142904775,51.71371519190436],[4.697408781366585,51.713791074533525],[4.697413067171432,51.713794695263864],[4.697296699320542,51.7138344595415],[4.697186146243856,51.713872460196264],[4.696967974473443,51.713945781854854],[4.696970813368654,51.71394939407815],[4.696816578563661,51.71400511456677],[4.696723524624307,51.714034229139266],[4.696562123403558,51.71408541268925],[4.696403656803277,51.7141339166937],[4.696323665594406,51.71416041133503],[4.696294700217238,51.71416203829777],[4.696280258731039,51.71416015539402],[4.696270144197589,51.71415919687802],[4.696224035842031,51.7141463407347],[4.696187671160647,51.714158710538655],[4.696000059866555,51.71422052524804],[4.696008645071703,51.71422686801697],[4.695841413531459,51.71428071281238],[4.695829783364434,51.71428423969153],[4.695822645072678,51.7142779054469],[4.695700638188673,51.71430774724844],[4.695696132535943,51.71431850716037],[4.695622024425087,51.71433874391783],[4.695629107708623,51.714348673350756],[4.695466435987101,51.714388162523356],[4.695462205285418,51.71438094654623],[4.695357629489703,51.714406396519095],[4.695309647873819,51.71442139408635],[4.695263140639629,51.71443460259018],[4.695268818218683,51.714441827118506],[4.695260109283924,51.71444357344125],[4.695257270494761,51.71443996117691],[4.695075678284614,51.71448652907964],[4.695074258896014,51.71448472294525],[4.694873842765562,51.71453207822152],[4.694855377046227,51.7145094972355],[4.694746886608115,51.714507058403505],[4.694110675568488,51.71466419561381],[4.694120583505338,51.71467863622274],[4.694066606865041,51.71470708095195],[4.694025831509161,51.71472391837385],[4.693995280977441,51.71473452414501],[4.693892081546647,51.71476447533424],[4.693823773344249,51.714783846401254],[4.693743834620042,51.7148067440996],[4.693675567649874,51.71482341869883],[4.69353757285268,51.71485765800563],[4.693434524542812,51.71487772206025],[4.693419972616612,51.7148830291529],[4.693408328314843,51.71488745458447],[4.693366105633299,51.71490428320852],[4.693317998689032,51.71492736909963],[4.693286000934797,51.714937966116786],[4.693268513748578,51.714945952433986],[4.693264338524973,51.71493514120405],[4.693169943845768,51.714957054025675],[4.693142162623596,51.71497576585584],[4.69315773383223,51.71499832996912],[4.693128574644426,51.715012539257806],[4.692922902479691,51.715119185848884],[4.692892268610193,51.71513518409217],[4.692848501958172,51.715158295509546],[4.692871086877608,51.7151952832268],[4.692828642854023,51.71522649235195],[4.692815427243854,51.71523899829138],[4.692842767062297,51.715249047932055],[4.692814847487773,51.71527674761852],[4.692778135856039,51.71531158619676],[4.692660655492363,51.71542324932687],[4.692501240951023,51.71553286598427],[4.692379791439225,51.71562023567047],[4.692358460270598,51.71559583954828],[4.69209273261134,51.71527875827248],[4.692006631280951,51.71532588786857],[4.691968803748646,51.715339146566464],[4.691928966896878,51.71529486530611],[4.691825889235311,51.715316725528425],[4.691772103935093,51.71533258608778],[4.69179060991857,51.715352471175656],[4.691528848294496,51.71543631056132],[4.691434396407932,51.7154618171531],[4.691268164798386,51.715450043486676],[4.691188666364681,51.71544417805162],[4.691008007056263,51.71542962168978],[4.690776760544301,51.71541116889903],[4.690757978090225,51.71540925951537],[4.690662438904662,51.715411388261856],[4.6905583427435,51.7154053761782],[4.690495003507015,51.7152899435317],[4.690471070510318,51.7152466552048],[4.690435811458276,51.715187119765886],[4.690418406781999,51.715189712897484],[4.690344710478695,51.71518298251366],[4.690239361929034,51.71516437843872],[4.689861099062105,51.71510819539093],[4.689799214049442,51.715086254069455],[4.689757475100104,51.715071623632944],[4.68962072464347,51.71502496694429],[4.689576105834745,51.7150094204223],[4.689535813949298,51.714994798521396],[4.689452322547232,51.714966436239195],[4.689450861757194,51.71496732641617],[4.689394723197863,51.71494811572441],[4.689332824758707,51.714927072950005],[4.689301159038544,51.71491609784513],[4.689270940251332,51.71490513134998],[4.689206148095167,51.71488407127222],[4.689161515692409,51.71486942338563],[4.689115353140046,51.714860159619704],[4.689028801875279,51.714842565311415],[4.689024461128844,51.71484253944767],[4.688935029984382,51.714824029034645],[4.688777802201612,51.71479163133561],[4.688776355287825,51.71479162271125],[4.688659502427093,51.71476845425774],[4.688575831453828,51.71475177565974],[4.688574384541368,51.7147517670329],[4.688458964909613,51.71472950579938],[4.688396928293851,51.71471745046014],[4.688303198603363,51.7146962172997],[4.688244055895606,51.71468417913993],[4.68817770646178,51.714670300206244],[4.688174826538017,51.71466938414993],[4.688073848609422,51.71464900644002],[4.688072401700376,51.71464899780699],[4.688000264736973,51.714635084240655],[4.687997370919812,51.71463506697277],[4.687930993833266,51.71462298548521],[4.687928100016914,51.71462296821557],[4.687853097128652,51.7146072397035],[4.687850217215516,51.71460632363918],[4.687773781378762,51.714589687647795],[4.687700225506378,51.7145739676747],[4.687697345598475,51.71457305160663],[4.68762377587329,51.71455823037835],[4.687547326293645,51.714542493032226],[4.687544432482635,51.71454247575316],[4.687447768018225,51.71452392100842],[4.687420346378934,51.714519262867434],[4.687322249024048,51.7144998005854],[4.687232805345816,51.71448218766754],[4.687108775236462,51.71445537928141],[4.687107328333856,51.71445537063645],[4.68710444844558,51.71445445455384],[4.687015004942639,51.71443684146988],[4.686857752049974,51.714406238783035],[4.686746702701815,51.7143822042236],[4.686717848246018,51.714376638476324],[4.686639966318051,51.71435999309648],[4.686541883575644,51.714339631369384],[4.686442367953905,51.714318362114504],[4.686264928973705,51.71428314352423],[4.686263482076821,51.71428313486886],[4.686192793155232,51.71426922884648],[4.686025468892404,51.71423496927974],[4.68579175506951,51.71418952556887],[4.685790322118701,51.7141886181152],[4.685604188857973,51.71415424535058],[4.685601309019492,51.71415332923107],[4.685337322952296,51.714100512337055],[4.685211778360797,51.71407818724092],[4.685102149676378,51.714055957377994],[4.684996833848622,51.71403555101051],[4.68493912582132,51.71402441864808],[4.684864547599998,51.714167791821836],[4.68483171069288,51.714232314070046],[4.684057062455742,51.71407755576839],[4.684118998473031,51.71390983758455],[4.684156519640272,51.71391635485178],[4.68415800845079,51.71391366715631],[4.684251516065612,51.71366973385564],[4.684308816766926,51.71352086416065]]]]}},{"type":"Feature","properties":{"gezicht_uri":"https://linkeddata.cultureelerfgoed.nl/cho-kennis/id/gezicht/10134584","gezichtsnummer":"231","naam":"Hooge Zwaluwe"},"geometry":{"type":"MultiPolygon","coordinates":[[[[4.737229710944497,51.68978780790384],[4.737350655893757,51.6897246589052],[4.737363671006682,51.689724731112186],[4.737376686119655,51.68972480331774],[4.73739263220359,51.6897221951595],[4.737405686038684,51.68971957095429],[4.73742168374823,51.68971336758207],[4.737491665526742,51.689674205316365],[4.737684024479001,51.68957280048611],[4.737845756164859,51.689489203037205],[4.737952122244606,51.689434062465644],[4.738049489021611,51.68940134377614],[4.738129540987813,51.68936583243739],[4.738152833497172,51.68935517501841],[4.73826635209742,51.68930546704096],[4.738277998321844,51.68930013831839],[4.738230676304739,51.68927201104326],[4.738307784125424,51.6892400787678],[4.738482193385967,51.689179921403436],[4.738527177309242,51.689169384043645],[4.73870615618694,51.68909307192071],[4.738831306735429,51.68903893342823],[4.738879337177856,51.68901762630888],[4.73891355427147,51.68905197290936],[4.739136326972221,51.68894713854068],[4.739171277925897,51.68893025330546],[4.739185841888227,51.688923142887504],[4.739366354857482,51.688840546130514],[4.739498811583826,51.688781054094015],[4.739557015549971,51.688756207458646],[4.739578822724721,51.688748238167214],[4.739746177998854,51.688675455692675],[4.739808758541594,51.688647936502875],[4.739868421113877,51.68862219890153],[4.739929542563564,51.688595570457785],[4.740096909563466,51.68852188867602],[4.740130362333266,51.688508590375584],[4.740141995280598,51.68850416026952],[4.740194298534371,51.68848737058827],[4.74028751615414,51.68844114401957],[4.74048267868871,51.6883451433519],[4.740516169750513,51.68832914853141],[4.74061872339534,51.68813555790962],[4.740753924269955,51.68788372057387],[4.740775705133676,51.68787754866411],[4.74083939620549,51.68787340578119],[4.740842288336064,51.68787342174094],[4.740900105273079,51.687875538527514],[4.740902997403817,51.687875554485814],[4.740910253405239,51.68787379677477],[4.740916063340838,51.687872031084396],[4.740921886113033,51.68786936659052],[4.740927862927689,51.68785591645827],[4.74092930899244,51.68785592443705],[4.74096276988189,51.687639480418405],[4.741349957764408,51.68756521172765],[4.742263534934798,51.68739047085758],[4.742292532796329,51.68738523727927],[4.742316504959671,51.687123796946366],[4.742333488694364,51.68694681228154],[4.74234665803205,51.686834525538735],[4.742380175403502,51.686613587062865],[4.742388007480748,51.68657138310214],[4.742437891665675,51.686318175242896],[4.742458431481233,51.686196041440894],[4.743187337331236,51.686293534450705],[4.743206109948411,51.68629543541713],[4.743243642397189,51.68630013614469],[4.743320166122994,51.68630864670925],[4.743440006429832,51.6863218896813],[4.743436679655681,51.68635243311073],[4.743379253213806,51.68683121727012],[4.743362567744459,51.68698752961273],[4.743286520846135,51.687555199859474],[4.74342667316522,51.68756406012489],[4.743450706289218,51.687602843790394],[4.743479090415916,51.68764075248924],[4.743637503337973,51.687585892815434],[4.743657837610518,51.6875797124232],[4.743675266982574,51.68757441494127],[4.743817708937035,51.68752396164598],[4.743878711580977,51.68750542036432],[4.743958182980008,51.68761192393708],[4.744016372652825,51.68768954663118],[4.744033405995392,51.68771211200868],[4.744037667527456,51.68771752865176],[4.7441596347909,51.68768314223959],[4.744203195395285,51.687670797146964],[4.74441518829571,51.687610837304526],[4.744474467353169,51.68771363421145],[4.744717903313495,51.68767991369432],[4.744730956137375,51.68767728867034],[4.744774724878724,51.68775213525904],[4.744894956581882,51.687839985388706],[4.744918004320843,51.68784640388975],[4.744981401582282,51.68786293123953],[4.744980802031042,51.687905175015985],[4.745145602689236,51.687909673993744],[4.745391415899723,51.68781034732821],[4.745519498031343,51.68775262229373],[4.745516682380661,51.687747213626444],[4.745505343309031,51.68773097177964],[4.745559242687105,51.68770340197214],[4.745623047779159,51.6876911672515],[4.745696006855987,51.687747297030015],[4.745791485194574,51.68774512329425],[4.745894193835714,51.68774298906815],[4.746043596722505,51.687711447532045],[4.7460180770488,51.68767535289114],[4.74613134088069,51.687642714534384],[4.746153120898935,51.68763654162288],[4.746176372435131,51.687628579013385],[4.746276914320071,51.687575196797845],[4.746314669699727,51.687462145309674],[4.746324173442087,51.68740377052388],[4.746301596737438,51.68736409655182],[4.746297373157257,51.687355983578534],[4.746288900540973,51.68734155523959],[4.746251736105958,51.68731079017103],[4.746374642507409,51.687209889950026],[4.746569816852203,51.687009609916075],[4.746742993672738,51.68683078224624],[4.746851462808569,51.68672800483742],[4.747077419026241,51.68649822941706],[4.747118632329446,51.686447218849814],[4.74712598956785,51.686438270319144],[4.747192153734574,51.68636132873838],[4.747312849736123,51.68621187628455],[4.747612676569211,51.6858710430514],[4.747655929629403,51.68588026797112],[4.747837592675498,51.685919012459685],[4.747902232682811,51.68584745540312],[4.747961025003626,51.68578036076461],[4.747971324751006,51.68576783274592],[4.748003669957288,51.68573025657567],[4.748009530123729,51.6857248953145],[4.74806223347597,51.68567934036395],[4.748181339174344,51.685539765954864],[4.748198602241591,51.685546152253906],[4.748280935656451,51.685450421929566],[4.748263659923699,51.68544493444709],[4.748328323955539,51.68537157954078],[4.748335680779165,51.6853626309324],[4.748311187829657,51.6853562052163],[4.748126875828422,51.68530036839965],[4.748206126611613,51.68521810441215],[4.748483527451436,51.68492838241537],[4.748567203631918,51.68483985020258],[4.748731612357155,51.68466636504733],[4.748746300250789,51.684650265386736],[4.748703086185152,51.684638344456566],[4.748747124476867,51.684591843088924],[4.748832270833816,51.68450152095466],[4.748893939256829,51.68443534040019],[4.748895397891457,51.6844344494758],[4.748999949474776,51.684301087036246],[4.749048363009435,51.684251912775494],[4.749186221189646,51.68411513614397],[4.749350979607711,51.6839164835663],[4.749356890051014,51.683907527017155],[4.749398313757132,51.68384123594564],[4.749399785029794,51.683839446210136],[4.749451558153444,51.68375703175095],[4.749497636011589,51.68366829414354],[4.749500616532868,51.683662018255625],[4.74956452657879,51.68353922051009],[4.749598656692916,51.68347738402838],[4.749662100207287,51.68349031362463],[4.749705095616425,51.68341504226294],[4.749739212783988,51.68335410454383],[4.749748103542071,51.68333887207984],[4.74979854346646,51.683248360347825],[4.749955114124749,51.68301460628867],[4.750030209653406,51.68291883536084],[4.750137823313627,51.68277290433703],[4.750139294522155,51.68277111459196],[4.75029105605754,51.682570592256255],[4.750291068706512,51.682569693451285],[4.750483718497216,51.682340629253225],[4.750488119394099,51.68233615880953],[4.750652663326379,51.68215188522589],[4.751032296580255,51.68168473581727],[4.751097241279878,51.681590706819016],[4.751101679940518,51.68158353993617],[4.75137283363737,51.681632652632175],[4.751361052025993,51.681647869524326],[4.751303450807058,51.68173384867434],[4.751169590254652,51.68189581795441],[4.751245931231463,51.68191690660562],[4.751381338617446,51.68195359673611],[4.751472088081744,51.68197835895409],[4.751265737237278,51.682256788423906],[4.75117737977858,51.68237046559232],[4.751091951564844,51.68248146198279],[4.750987587259643,51.682602243060465],[4.750858237637265,51.6827516522565],[4.750810869144761,51.68282959689648],[4.750728280419424,51.682944203946704],[4.750615162732749,51.68307033036798],[4.750606310248139,51.68308286648386],[4.750591535024199,51.68310525801702],[4.750575250652098,51.683132135713755],[4.75083925928729,51.68317581752523],[4.751370169934842,51.68326319506369],[4.751397503521934,51.68327323105904],[4.751265646484056,51.68349813246971],[4.751227913422769,51.68350781519512],[4.75077934208567,51.683426277712755],[4.750425962988158,51.68336233469097],[4.750402322333193,51.68339816110529],[4.750354800597957,51.68348689121235],[4.750267150678927,51.683652706218346],[4.750250827965347,51.683682280282476],[4.750201884998503,51.68376920485078],[4.750068675855102,51.683986906587315],[4.74999499926063,51.6840844830031],[4.749903591237244,51.68420892910263],[4.749877057821077,51.684244739670866],[4.749794147647014,51.68438181615691],[4.74996557724102,51.684633534721215],[4.75005642323841,51.684754478012785],[4.750037882074316,51.684838871266905],[4.74954206454223,51.685338643289015],[4.749443802780402,51.68543608550755],[4.74917826440281,51.68570520028022],[4.749062598349144,51.68580614286766],[4.748996463526681,51.68588128790723],[4.748940628003779,51.6859439048044],[4.748903501678541,51.686012915749956],[4.748926574414636,51.68601753585363],[4.748908867345411,51.68604260781855],[4.748829274045697,51.68614913999496],[4.748827828033692,51.68614913211383],[4.74877730682757,51.68624503621958],[4.748772816616654,51.68625579822743],[4.74868797119718,51.686324548990875],[4.748623902502868,51.6863556602804],[4.748510415341603,51.6864044795396],[4.748245260651243,51.68644078605075],[4.74815107888129,51.686453755333844],[4.747946770843327,51.68648230327385],[4.747910544095997,51.68648749879254],[4.747853679357958,51.68652044672976],[4.747831633423473,51.68654549484944],[4.747771381184716,51.68661348032592],[4.747764036745805,51.68662153009292],[4.74763763322683,51.68676555859748],[4.747631747474385,51.68677271744763],[4.747508273300382,51.686914065188304],[4.747503871662261,51.68691853551674],[4.747430388060229,51.68700172940603],[4.747428903898928,51.68700441792012],[4.747336303744293,51.68710997917158],[4.747321601837656,51.68712697745337],[4.74729247469431,51.68724367189263],[4.747286347327594,51.68726790800351],[4.747269474791191,51.68733613021363],[4.747260315478403,51.6873702373673],[4.747258386410532,51.68740438402334],[4.747248375424685,51.68749871105148],[4.747240531961105,51.687644285713226],[4.747238869806742,51.687659557482],[4.747243106295404,51.68766677161726],[4.747245922147704,51.68767218024342],[4.747268525255663,51.687710056425644],[4.747288554038733,51.68772544670058],[4.747295720797096,51.68772998022211],[4.74734881840025,51.68775903424728],[4.747377053389565,51.68780772765558],[4.747377355664231,51.68788862792355],[4.747330760925824,51.6880133168083],[4.747244196996254,51.68810093349001],[4.746995112605386,51.688227212358704],[4.746878574204222,51.68828679985659],[4.74686837533065,51.688292137342636],[4.746829051332745,51.68831169757592],[4.746715913545395,51.68833534856374],[4.746364299387399,51.68834870621517],[4.746277483560255,51.688351826696625],[4.746183322717598,51.68836299677919],[4.746163052101158,51.688364683590116],[4.746039918610802,51.68837929048539],[4.746122614300491,51.68856491107699],[4.746041174857966,51.68859682476434],[4.745865523247852,51.68884754773456],[4.745833326906223,51.68887433765039],[4.74570227987675,51.68883496845046],[4.745711141370565,51.688719961166235],[4.745697954683087,51.688630001589004],[4.745675913121171,51.688552577741774],[4.745644749099858,51.6885065644995],[4.745620802823622,51.688461489657236],[4.745606622344087,51.68844163676404],[4.745539885781882,51.68845655204067],[4.745397723261969,51.6884872337417],[4.745333891486543,51.688501265944154],[4.745138057660401,51.6885433385616],[4.74505536280435,51.688561761579756],[4.744984623882903,51.688654856604934],[4.744866665489946,51.688814209299245],[4.744775233763554,51.68893865129672],[4.744748255554553,51.6889034472563],[4.744715505757584,51.688867312677786],[4.744672633335365,51.688831122562185],[4.744634035450326,51.68879945024836],[4.744596819892179,51.688772279873426],[4.744466387053547,51.688689766718596],[4.744440293556508,51.68869411790093],[4.744221770464168,51.68880617662807],[4.744018077785714,51.688892249050106],[4.743903197089403,51.68893656185436],[4.743753248210792,51.688802704916576],[4.743716007616462,51.68877733186962],[4.743714574303521,51.68877642512168],[4.74366715996323,51.688754591661656],[4.743559431650539,51.68870276393631],[4.743083347737506,51.68882419144117],[4.742703049530455,51.688921874512125],[4.742690329090397,51.688901130422266],[4.742684672720234,51.68889211056034],[4.742469856168173,51.68894665850886],[4.742304373086399,51.688989792333516],[4.742118592998035,51.689036409640025],[4.742216260147187,51.68918526166093],[4.742299825500143,51.68930886748995],[4.742150542875472,51.68933141619902],[4.742054894430638,51.689345271401514],[4.741971058350214,51.689342112993785],[4.741942046379148,51.68934824529244],[4.741770892257281,51.68938325726396],[4.741508376118043,51.689435742864326],[4.741425703817475,51.68945236570623],[4.741290817302399,51.68947948705951],[4.741193632341147,51.6894996252045],[4.74109794474831,51.68951617603325],[4.740903638601685,51.689551957906474],[4.740902192482729,51.68955194992729],[4.740873116040008,51.68956257597563],[4.740683032296968,51.68960647064769],[4.740506284433462,51.68962796679422],[4.740127831370648,51.68969688776337],[4.740105271823911,51.689656313810275],[4.740016788406795,51.689674701304995],[4.739906548779936,51.689697462876296],[4.739796309042548,51.68972022434357],[4.739680271833092,51.68974385253258],[4.739478642902215,51.68978588368489],[4.739429320205986,51.68979639741665],[4.739453454012456,51.68982799146773],[4.739363356574716,51.68985805490644],[4.739280528275306,51.68988546186372],[4.73919044348081,51.68991462636609],[4.739062566041452,51.689957064794996],[4.738990607125354,51.689932397001904],[4.738930861194956,51.6898628530585],[4.738896733623635,51.68982221484583],[4.738886778150418,51.689810474382256],[4.738434622853104,51.68997606033194],[4.73836047057435,51.69000351469473],[4.738276156598834,51.69003360933697],[4.738220907012007,51.69005397734031],[4.738229442013423,51.69006391224261],[4.738092860650172,51.690108099141106],[4.737758804484586,51.690206921345506],[4.737711907600653,51.6901491333793],[4.737682119319112,51.690108518871156],[4.737553038977536,51.690133870381],[4.737545782483691,51.69013562788274],[4.737436159505728,51.69001457070488],[4.737229710944497,51.68978780790384]]]]}},{"type":"Feature","properties":{"gezicht_uri":"https://linkeddata.cultureelerfgoed.nl/cho-kennis/id/gezicht/10134589","gezichtsnummer":"227","naam":"Oosterhout - Heilige Driehoek"},"geometry":{"type":"MultiPolygon","coordinates":[[[[4.875161494910652,51.64426301607301],[4.874404501407128,51.643746448374294],[4.873433732291438,51.643354779272016],[4.873551677862998,51.643273499811905],[4.872803337828468,51.643015833817515],[4.87270929770372,51.643154745207845],[4.872540731324522,51.643113555103696],[4.872467421061092,51.64308087348136],[4.871929349030325,51.643009293288635],[4.871905907382372,51.64303795390543],[4.871183420607677,51.64279477321537],[4.871200971387905,51.64277597433329],[4.871010881377617,51.64272210296855],[4.87110025403187,51.642612835023684],[4.871131995324456,51.642616570442335],[4.871148521101706,51.64256091341887],[4.871164412203291,51.64256098347489],[4.871185507271059,51.64248467260169],[4.871034004035869,51.64246782499466],[4.87102956772097,51.64247679412281],[4.870498738609355,51.64240434038823],[4.870348670289007,51.642388397095175],[4.870312544037562,51.64238913644606],[4.870270557195097,51.64239704085785],[4.870229902178357,51.64241483869655],[4.870218232249524,51.64242467471657],[4.870215682668198,51.64226826023215],[4.870172938413012,51.6422159370328],[4.870089903316612,51.64176973114876],[4.869920142184103,51.64132763630461],[4.869675101330056,51.640899590285684],[4.869353235370547,51.640494574471006],[4.869162877861036,51.64021238606226],[4.869000560852148,51.64000492762909],[4.8694440556238,51.63987925073858],[4.869445664493439,51.639864875945435],[4.869614585541793,51.63987371283777],[4.869942356955095,51.63988774591045],[4.869945912939145,51.639829335118264],[4.869992511888266,51.63954370058187],[4.870294217626307,51.63956301071412],[4.870417250364409,51.63954198110787],[4.870372572672269,51.63940605457679],[4.87066569234637,51.63941813488781],[4.870684184584711,51.63944338483192],[4.870938711414542,51.6394193393789],[4.871015618460722,51.63913563585624],[4.872324875466134,51.63871533824964],[4.872260658337466,51.63864584282],[4.872146731127716,51.638501522472566],[4.872027602603366,51.63843358300983],[4.872142669257456,51.638350494554466],[4.872244755336053,51.63826555114072],[4.872340358417838,51.638242601104864],[4.872441739432608,51.638219676401604],[4.872414763450611,51.638178209774594],[4.872420786511046,51.63815666340056],[4.872435425546273,51.638139649265064],[4.872458731596368,51.6381226732428],[4.872484906219454,51.638107507569025],[4.872512453872408,51.63809864001216],[4.872469955890568,51.63802474584697],[4.872182319707854,51.63753090017662],[4.872682254545332,51.637520514690685],[4.872457910453047,51.63705031848167],[4.872389933832826,51.636930469884895],[4.872445451711204,51.63649386351273],[4.872572306279885,51.63549937281549],[4.872233000194174,51.635486195129914],[4.872249425609517,51.63531188670321],[4.872066036031033,51.63530658536054],[4.872160671434536,51.634097123327344],[4.872308829505677,51.63415170738204],[4.872973642743976,51.633355535040955],[4.872897357238656,51.63333182923642],[4.87341753493957,51.63293321799835],[4.874283395907762,51.632492075300526],[4.875765400739834,51.63171924078786],[4.876878687039213,51.632517802190954],[4.87774976586121,51.63315080569882],[4.878690878935627,51.633980959286134],[4.879197200425554,51.63442809827334],[4.879399922566808,51.63451257281536],[4.880166504200088,51.635196340119904],[4.88068243240662,51.635691154220055],[4.880975136853081,51.63599713713856],[4.881325913860591,51.63640674023669],[4.881606279428907,51.63678367884223],[4.881759625061708,51.63702254138027],[4.882108493729579,51.637604716616245],[4.882313148285584,51.63803615770425],[4.882353877405234,51.6381406021534],[4.882146754084883,51.63831948237101],[4.882117803732982,51.638324750662946],[4.882292769948173,51.63882797313062],[4.88245279227231,51.63885742708817],[4.882409919752799,51.63894533133343],[4.882570526352173,51.639052090350994],[4.882688232249039,51.63963866007624],[4.882741519458086,51.64030225473087],[4.882754134216834,51.64046680203389],[4.882810472873358,51.640467044813605],[4.88269546372202,51.64210338861491],[4.88260947986501,51.643338063085494],[4.882501185828833,51.64488904277457],[4.882427484985429,51.64489052273376],[4.882391167469764,51.64542699040541],[4.882286965967786,51.64544272063649],[4.882382852215811,51.645524931171664],[4.882323407473063,51.64606219792718],[4.88230341854849,51.64642974875052],[4.882286661810907,51.64689618898022],[4.882163903239038,51.64740981193388],[4.8822075299802,51.64751426881974],[4.882130979201931,51.64777101480771],[4.882063092997848,51.64776892416563],[4.882019862069125,51.64801772403559],[4.881627384603779,51.64861737235536],[4.881041501154044,51.64867955917069],[4.880684725545873,51.64866902738388],[4.879965445789166,51.64864344138526],[4.879528444529466,51.64857143541542],[4.87928157863055,51.648552387245445],[4.879059396152921,51.64852265928013],[4.878946789603668,51.64851408063662],[4.878842771433554,51.6485127301239],[4.87875446490501,51.64852762738351],[4.878715353418412,51.648536446189624],[4.878692871587933,51.648479719848446],[4.878711745245114,51.64847171201584],[4.878722020498883,51.64845737475711],[4.878719282146932,51.64844387984191],[4.87869938737512,51.64841413078082],[4.87856018706743,51.64832903245869],[4.878532816012235,51.648321722587504],[4.878359436332999,51.64832096910971],[4.878301451281604,51.64833779555372],[4.878232069093981,51.64834019052896],[4.878228704845287,51.64838242270391],[4.877980183547704,51.648382240817305],[4.877982234350237,51.64819977950553],[4.877985840887742,51.64787889925989],[4.87767566092413,51.647708562410145],[4.877353742785608,51.64755435323518],[4.877152603245221,51.647452803812534],[4.876913788464576,51.64736097737192],[4.875799232852953,51.6468985897352],[4.875771396396897,51.64693262512598],[4.875712332677148,51.646917086312385],[4.875503549390311,51.646853253105],[4.875519858193398,51.646816470785986],[4.875341070773229,51.64678332991859],[4.875361805408442,51.64673847715691],[4.87506049671926,51.6466796317801],[4.875070813358174,51.64666169954459],[4.874406144508729,51.64653744263043],[4.873347872925573,51.64633954537756],[4.871648165225316,51.64600937826259],[4.871591942497629,51.645998344215606],[4.871482396864613,51.64597538994676],[4.871587419091052,51.64576102294823],[4.871655493394074,51.64561930150841],[4.871806874485191,51.645647833028896],[4.871972610669674,51.64530339700989],[4.872312978638927,51.64459388940302],[4.872274063383424,51.64458562840924],[4.872288857774953,51.64455513194716],[4.872344349100324,51.64450324163337],[4.874274855163764,51.64486137641659],[4.874398551511623,51.644782817910986],[4.874809133027827,51.64450416879061],[4.874994013146723,51.644380934022095],[4.875162939611267,51.644263022392344],[4.875161494910652,51.64426301607301]]]]}},{"type":"Feature","properties":{"gezicht_uri":"https://linkeddata.cultureelerfgoed.nl/cho-kennis/id/gezicht/10134611","gezichtsnummer":"265","naam":"Park-Nuenen"},"geometry":{"type":"MultiPolygon","coordinates":[[[[5.549250987972114,51.47569632695149],[5.549158543713369,51.47560566981436],[5.549074732924732,51.47551410175199],[5.549045836481756,51.475483580382885],[5.549007021127799,51.475497117256566],[5.548942021896146,51.47543338787249],[5.548897279627987,51.47539929297659],[5.548859747103088,51.47536878353664],[5.548817890105172,51.475336482344346],[5.548806394248118,51.47534189147959],[5.548693787572568,51.47524766644713],[5.548646141394771,51.475206384540186],[5.548548015206304,51.47513640872793],[5.548494627737099,51.47509962903846],[5.54836491873739,51.47505306729877],[5.548251058963154,51.475010977861025],[5.548086132731071,51.47518109140948],[5.547822203583551,51.47503314220252],[5.547263851797725,51.47465998129338],[5.547138403307243,51.47459633386877],[5.546584758568809,51.474331027303954],[5.546502580429965,51.4742924883201],[5.546501134787267,51.474290692561],[5.54649825294848,51.47428979763099],[5.546496810454767,51.47428890073459],[5.546493925467509,51.47428710694172],[5.546492482973965,51.47428621004525],[5.546489601135632,51.47428531511503],[5.546486716148886,51.474283521322015],[5.546485273655597,51.474282624425456],[5.546483828013896,51.474280828666075],[5.546480946176074,51.474279933735716],[5.54647950053463,51.474278137976256],[5.546476618697063,51.47427724304577],[5.546475173055876,51.474275447286296],[5.546473727414802,51.47427365152683],[5.546470845577632,51.47427275659616],[5.546469399936814,51.47427096083662],[5.54646795429611,51.47426916507708],[5.546466511803647,51.4742682681803],[5.546463626818892,51.47426647438667],[5.546462181178558,51.474264678627065],[5.54646073553834,51.474262882867386],[5.546459293046218,51.474261985970514],[5.5464578474062,51.474260190210856],[5.546456401766294,51.47425839445116],[5.546454956126503,51.474256598691454],[5.546453510486827,51.4742548029317],[5.546452064847264,51.47425300717196],[5.546450619207815,51.4742512114122],[5.546449176716262,51.474250314515196],[5.546449170420699,51.474248516789665],[5.546447724781508,51.47424672102984],[5.54644627914243,51.474244925270035],[5.546444833503466,51.47424312951016],[5.546444827208076,51.47424133178459],[5.546443381569283,51.47423953602472],[5.546441935930606,51.47423774026486],[5.546441929635332,51.47423594253928],[5.546440483996824,51.47423414677939],[5.546440477701607,51.47423234905383],[5.546439032063272,51.47423055329392],[5.546439025768113,51.474228755568355],[5.546437580129949,51.4742269598084],[5.546437573834848,51.474225162082845],[5.546437567539749,51.47422336435726],[5.546437561244647,51.47422156663172],[5.546436115606772,51.47421977087172],[5.546436109311728,51.47421797314618],[5.546436103016688,51.47421617542059],[5.546436096721647,51.474214377695056],[5.546436090426607,51.47421257996946],[5.546434644789071,51.47421078420949],[5.546434638494091,51.47420898648392],[5.546434629051617,51.47420628989558],[5.546434622756636,51.47420449216998],[5.546434616461656,51.474202694444394],[5.546436049508856,51.47420089475324],[5.546436043213821,51.47419909702765],[5.546436036918786,51.47419729930209],[5.546436030623751,51.474195501576524],[5.546436024328716,51.47419370385095],[5.546437457375579,51.4741919041597],[5.546437451080489,51.47419010643415],[5.546437444785401,51.474188308708605],[5.546438877832036,51.47418650901737],[5.546438868389317,51.474183812429004],[5.546438862094175,51.47418201470343],[5.546440295140556,51.4741802150122],[5.546440288845356,51.4741784172866],[5.546441721891568,51.47417661759538],[5.54644315493767,51.474174817904135],[5.546443148642358,51.47417302017854],[5.546444581688287,51.474171220487236],[5.546446014734104,51.47416942079597],[5.54644600843868,51.47416762307039],[5.546447441484326,51.47416582337905],[5.54644887767763,51.47416492255049],[5.54645031072308,51.47416312285915],[5.546451743768417,51.4741613231678],[5.546453176813638,51.474159523476374],[5.546453170517933,51.47415772575079],[5.546454603562986,51.474155926059396],[5.546456036607926,51.47415412636796],[5.546457469652753,51.47415232667654],[5.546460345186046,51.474151423881956],[5.546461778230618,51.47414962419046],[5.546463211275078,51.47414782449895],[5.546464644319421,51.474146024807396],[5.546466080511758,51.474145123978666],[5.546467513555906,51.47414332428707],[5.546470385940239,51.47414152262945],[5.546471822132321,51.47414062180064],[5.5464732551761,51.47413882210902],[5.546474688219763,51.47413702241734],[5.546477563751748,51.47413611962235],[5.546478996795158,51.47413431993061],[5.546481872326886,51.47413341713553],[5.546483305370038,51.474131617443746],[5.546486180901512,51.47413071464856],[5.546487613944411,51.47412891495675],[5.546490489475626,51.47412801216143],[5.546822295472972,51.47393340311552],[5.546823731651523,51.473932502282345],[5.546825164674839,51.47393070258637],[5.54682660085325,51.47392980175316],[5.546829476365161,51.473928898949495],[5.546830912543427,51.47392799811623],[5.546832345566319,51.47392619842017],[5.546833781744445,51.47392529758687],[5.546835217922511,51.473924396753546],[5.546836650945123,51.47392259705744],[5.546838087123048,51.4739216962241],[5.546839523300918,51.47392079539076],[5.546840956323242,51.47391899569458],[5.546842392500969,51.47391809486114],[5.546843825523094,51.47391629516494],[5.546845261700679,51.47391539433153],[5.546846694722609,51.47391359463528],[5.546848130900054,51.473912693801815],[5.546849563921783,51.47391089410554],[5.546851000099085,51.473909993272024],[5.546850993787715,51.473908195546436],[5.546852429964901,51.473907294712916],[5.546853862986293,51.47390549501658],[5.546855299163338,51.473904594183054],[5.546855292851799,51.47390279645745],[5.546856729028732,51.47390189562389],[5.546858162049782,51.47390009592749],[5.54685815573813,51.47389829820192],[5.546859591914865,51.4738973973683],[5.546859585603157,51.473895599642724],[5.546861018623896,51.473893799946325],[5.546861015468015,51.473892901083495],[5.546862448488611,51.47389110138708],[5.546862442176791,51.47388930366147],[5.546863878353157,51.473888402827804],[5.546863872041283,51.473886605102244],[5.546865305061571,51.47388480540577],[5.546865301905604,51.47388390654299],[5.546865295593673,51.47388210881739],[5.546865289281745,51.473880311091825],[5.54686672545777,51.4738794102581],[5.546866719145783,51.47387761253255],[5.546866712833797,51.47387581480695],[5.546866706521813,51.473874017081364],[5.54686670336582,51.473873118218556],[5.546866697053837,51.473871320493],[5.546866693897842,51.47387042163021],[5.546868060641125,51.47384974581504],[5.546863670061572,51.4738290778835],[5.546872299731772,51.47382726833231],[5.546882371887866,51.47382635567219],[5.546919797632976,51.47382720328011],[5.546994649127349,51.47382889845999],[5.547119880353398,51.47383142337412],[5.547325723597919,51.473836534081784],[5.54732716292853,51.47383653210519],[5.547393365803617,51.473834643437506],[5.54742933323172,51.473830099682786],[5.547551587568853,51.47380476334343],[5.547553026898447,51.473804761364036],[5.547554463058471,51.47380386052186],[5.547555902388033,51.47380385854248],[5.547558781047159,51.47380385458364],[5.547560217207042,51.4738029537414],[5.547561656536576,51.47380295176192],[5.547564535195645,51.47380294780292],[5.547565974525178,51.47380294582339],[5.54756741385471,51.473802943843786],[5.547570292513779,51.4738029398847],[5.547571728673404,51.473802039042305],[5.547573168002908,51.47380203706271],[5.547576046661916,51.473802033103375],[5.54757748599142,51.47380203112372],[5.547578925320924,51.473802029144025],[5.547581803979931,51.473802025184604],[5.547583243309434,51.47380202320487],[5.547584682638937,51.4738020212251],[5.547587561297943,51.47380201726552],[5.547589003797694,51.473802914148486],[5.547590443127226,51.47380291216861],[5.547593321786287,51.47380290820893],[5.547594761115818,51.47380290622904],[5.54759620044535,51.47380290424916],[5.54759907910441,51.47380290028927],[5.547600521604417,51.47380379717208],[5.547601960933975,51.473803795192104],[5.547604839593091,51.47380379123212],[5.54760627892265,51.47380378925209],[5.547607721422826,51.47380468613481],[5.547610600081998,51.47380468217468],[5.547612042582286,51.473805579057355],[5.547613481911901,51.47380557707723],[5.547614921241514,51.47380557509708],[5.547617803071559,51.47380646999953],[5.5476192424012,51.47380646801932],[5.547620684901715,51.473807364901916],[5.547623563561056,51.47380736094147],[5.547625006061686,51.47380825782398],[5.547626445391385,51.473808255843714],[5.547627887892099,51.47380915272616],[5.547629327221824,51.47380915074581],[5.547632209052379,51.473810045647944],[5.547633651553263,51.47381094253035],[5.547635090883047,51.473810940549974],[5.547636533384017,51.47381183743233],[5.547637975885044,51.473812734314684],[5.547639418386128,51.47381363119702],[5.547642297045861,51.47381362723606],[5.547643739547059,51.473814524118346],[5.547645182048313,51.473815421000594],[5.547646624549622,51.47381631788285],[5.547648063879575,51.47381631590231],[5.547649506380972,51.47381721278453],[5.547661043222512,51.47382348897876],[5.547673968646752,51.47381538138672],[5.547709875751453,51.47379375915304],[5.547722801158557,51.47378565155558],[5.547741468009653,51.47377304171617],[5.547718384814783,51.47375779275413],[5.547607296561282,51.473684238523184],[5.54763027820792,51.473670723898486],[5.547618738238533,51.47366354883832],[5.547657517555502,51.47364012493456],[5.547669057525055,51.4736472999909],[5.547722204658008,51.473616665354434],[5.547860182839966,51.47356074556017],[5.547880304762168,51.47355262802916],[5.548082959728422,51.47347055167947],[5.54806128727536,51.473447211033985],[5.548041054162053,51.47342386839904],[5.548026603767461,51.473407708722064],[5.548121493725856,51.47337791518764],[5.548220695139962,51.47334631788775],[5.548355841043431,51.473303884424006],[5.548328420832466,51.47328324837315],[5.548503736457373,51.47320390566712],[5.548510923444873,51.473201199123075],[5.548555468715486,51.473180463544075],[5.548534970791574,51.47308251538382],[5.548569392949768,51.47304831079759],[5.548659756453786,51.47296009671992],[5.548869178884023,51.47275846028721],[5.54894697442151,51.47277902634324],[5.54935290426707,51.472791945550426],[5.549354442920035,51.47281980829469],[5.549354455740108,51.47282340374574],[5.549318931496157,51.47295199115503],[5.549293338025476,51.47304011572309],[5.549391230021164,51.47304537280211],[5.549437265349593,51.47303901668861],[5.550352218459128,51.47291369638673],[5.550337690020018,51.47287596429013],[5.550836868390149,51.47280335544858],[5.551429560415492,51.472719826391675],[5.551459908981966,51.47275394059967],[5.551995995233934,51.47333475129942],[5.551084069083338,51.47350232698437],[5.550713015435117,51.47358374594726],[5.550672743487329,51.473591892218],[5.550501577058111,51.47362359240993],[5.55055662007218,51.473720592967666],[5.550616000690623,51.473822980623304],[5.550466368457903,51.473839369839006],[5.550492495882994,51.47390045622166],[5.55026234128032,51.473939429589805],[5.54992862171276,51.47399742329103],[5.549924268325952,51.473987541827555],[5.549871032214117,51.47399300931052],[5.549905814249021,51.474059476952114],[5.549927590865799,51.474111580858974],[5.549767846711592,51.474118095750235],[5.549776579152039,51.47414504958992],[5.549780945376146,51.4741585265095],[5.549820254367046,51.47428341422831],[5.549824607759644,51.47429329569548],[5.549906598962278,51.47427879944241],[5.550165519901674,51.4742334945087],[5.550216064458983,51.47428016494949],[5.550007510757498,51.4743227030803],[5.550039369486607,51.47437659062258],[5.550050958301902,51.474397248382516],[5.550092956978928,51.47446909909091],[5.549999473211119,51.474489903590346],[5.549937648663498,51.47450886610042],[5.549907557353433,51.474546660512196],[5.549857231443008,51.474561112598494],[5.54986599617448,51.47459705505702],[5.549802732070579,51.47461601950351],[5.549841771473023,51.474665402749565],[5.549847708935756,51.474715731026556],[5.549750475176491,51.47489564003476],[5.549757810162818,51.47493428109495],[5.549765145161636,51.47497292215459],[5.549815510128328,51.47496925645963],[5.54982282268051,51.4750016054772],[5.549850273539636,51.47503033093739],[5.549857460735228,51.475027624310684],[5.549869017480216,51.47503929346158],[5.549927951174684,51.475016739555194],[5.549977060207399,51.47506431096803],[5.54997706342492,51.47506520983067],[5.550063306471889,51.47503183132495],[5.550155757807222,51.47512428547398],[5.550301675915648,51.47527509113743],[5.550185250769381,51.47532109614798],[5.550121998674349,51.475343656217255],[5.549936563370432,51.47541222905573],[5.549718066685143,51.475493431820816],[5.549699293678488,51.47547637950934],[5.549681960067691,51.47545932518919],[5.549250987972114,51.47569632695149]]]]}},{"type":"Feature","properties":{"gezicht_uri":"https://linkeddata.cultureelerfgoed.nl/cho-kennis/id/gezicht/10134613","gezichtsnummer":"1735","naam":"Heerewaarden"},"geometry":{"type":"MultiPolygon","coordinates":[[[[5.39683752453389,51.815094004128774],[5.397136342702943,51.815419357773145],[5.397803663290328,51.81631813534274],[5.398427501850561,51.81721691325079],[5.398903372620385,51.817886499451866],[5.399065868463217,51.81811568625919],[5.399689757078817,51.8190144572617],[5.40050221931108,51.81991320336801],[5.401706349297379,51.8208927907252],[5.401841258937327,51.82095928767519],[5.401045134674104,51.82144206050704],[5.401013231476728,51.8214618387092],[5.400639087278932,51.82167850221273],[5.400228680885054,51.82190325812509],[5.400043042342641,51.82196439970856],[5.399721074569897,51.82207139645844],[5.399716719191083,51.82205701554937],[5.399708011221408,51.822038140928946],[5.399641265695898,51.82194826449218],[5.399523790734811,51.821986927007735],[5.399504928280689,51.821962660434565],[5.399378751251085,51.82200402023771],[5.399075635490013,51.82210382254228],[5.398939304781617,51.822146081749416],[5.398608629927444,51.822251278654726],[5.398585424337759,51.822257572793774],[5.397475909990021,51.8226037286518],[5.396679660680571,51.822856369728015],[5.396153064409989,51.822481597129666],[5.395997842581051,51.82236655805075],[5.395887602088965,51.82233600598463],[5.395694665963178,51.82220119494393],[5.395099910043048,51.82179855867482],[5.395025927634367,51.82174103821319],[5.394522570866796,51.82140221011698],[5.393937986493343,51.82098428705426],[5.393402733657624,51.82061759206759],[5.393124233175699,51.82043873839922],[5.392220575840296,51.81988869388809],[5.392156755093234,51.81985094555762],[5.391997202803326,51.819748485050624],[5.391915985219366,51.81977725122134],[5.391833308937013,51.81972871745893],[5.391923227525447,51.81968916494569],[5.392130619744528,51.819597474808745],[5.392221990034294,51.81957410105975],[5.39236412113635,51.8195354447266],[5.392504801633098,51.81949678828865],[5.392786162704924,51.81942576676181],[5.393034165159336,51.8193583416148],[5.393243008651694,51.8193008052217],[5.393350332542752,51.81928372160434],[5.393417047837691,51.81927652730491],[5.393453296591173,51.81920551724333],[5.39346199434838,51.819174956325455],[5.393472147062831,51.81917675344233],[5.393530137418898,51.819012263161326],[5.393572180250311,51.81889361440231],[5.393606974705874,51.81879923462005],[5.393650468262652,51.81868597876825],[5.393654817421586,51.8186733948109],[5.393702658009577,51.818534971268],[5.393711356532871,51.81851160102201],[5.393782391356075,51.81830216802936],[5.393747569956438,51.818210488688685],[5.393759141825843,51.81800465443377],[5.393609758491173,51.817997472200716],[5.393634394875114,51.8178680383383],[5.393666301938847,51.817869834213894],[5.393748970094006,51.81787342486239],[5.39375035374779,51.81742580410728],[5.393880880282671,51.81742579656897],[5.393880869230415,51.81735299079476],[5.393877941504047,51.8171741224541],[5.39387647880864,51.817092328394715],[5.39387502279869,51.817054577335576],[5.393824263303609,51.817057276792106],[5.393774917681229,51.81681639137942],[5.393760404473663,51.81674628294191],[5.393738636350276,51.81665190632275],[5.393735733807163,51.81663842393634],[5.393673368646554,51.81661415888526],[5.393647231785911,51.816395743012514],[5.393490591172225,51.8163094633933],[5.393483338721024,51.816301374260284],[5.393203391718028,51.81595713478358],[5.393142471704241,51.815886129854476],[5.393126515849687,51.815862760924254],[5.393013371517581,51.81567221331694],[5.392940849357704,51.81559401817557],[5.39292489347635,51.815568851543325],[5.392919088431899,51.815537392542055],[5.393026402290497,51.815511320844266],[5.393590580383419,51.81576835805633],[5.393671799462865,51.815806104642995],[5.393753018678345,51.815843851173234],[5.393761720812248,51.815848344859425],[5.393809583187319,51.81587710488791],[5.393896605955827,51.81593013121045],[5.393987980644375,51.81598944906864],[5.394043102243612,51.816067644599194],[5.394093870881444,51.81613056013826],[5.394143188555793,51.81618808272168],[5.394254875603186,51.81629683516522],[5.394349150278119,51.816345366519144],[5.3944274541549,51.816283341872484],[5.394475305552882,51.81624019468092],[5.394542008831393,51.816188956733896],[5.394629014748794,51.816133223252784],[5.394721820690737,51.81607299514286],[5.394827677075671,51.81600377772479],[5.394910331697504,51.81594894315947],[5.394903079833656,51.81594534829818],[5.394911778333801,51.81592826981406],[5.394920477456049,51.815914786676785],[5.39492772695659,51.815904898983845],[5.394932076907236,51.81590040450691],[5.394984280050027,51.815868042855605],[5.395042284571312,51.81583837729608],[5.395222096192766,51.81573589748704],[5.395297499308838,51.81568465850033],[5.395311999717102,51.81567387143589],[5.395383053081562,51.81562892455888],[5.395401903994635,51.81561723833692],[5.395577360321603,51.815499478063174],[5.39683752453389,51.815094004128774]]]]}},{"type":"Feature","properties":{"gezicht_uri":"https://linkeddata.cultureelerfgoed.nl/cho-kennis/id/gezicht/10134627","gezichtsnummer":"1592","naam":"Budel-Dorplein"},"geometry":{"type":"MultiPolygon","coordinates":[[[[5.57974801112291,51.22911852990037],[5.580210331922569,51.2290943919945],[5.580342012284544,51.22908698215099],[5.580885920546799,51.229059110394395],[5.580907387495035,51.22905727685071],[5.580928858243331,51.22905634217538],[5.581472765781621,51.229028467674325],[5.582015237197186,51.22899969415776],[5.582036707895652,51.22899875927789],[5.582058178593237,51.22899782439408],[5.582602080908916,51.22896904573942],[5.582806758477621,51.22895791480597],[5.587392697563002,51.228718193341514],[5.587315169868537,51.22866798967627],[5.587260630747575,51.22863662283531],[5.587544088185508,51.228635235559025],[5.58845383028823,51.228458382032116],[5.589954256074723,51.22815285136144],[5.58954893056693,51.22778861310699],[5.590431902278838,51.226746170288536],[5.591730194619824,51.225751529804306],[5.592173668102093,51.22568333238979],[5.594321316243676,51.22607413177221],[5.594356712056367,51.22535406654962],[5.594414389063049,51.2241800276243],[5.60053731085841,51.225499287934646],[5.600419134430749,51.22563703336969],[5.601675173216679,51.226066183759336],[5.60426473245931,51.226946771177545],[5.605139422100281,51.227246258479084],[5.605686104417348,51.22660702755103],[5.60990936754111,51.22751676578198],[5.610188820038272,51.227576454772866],[5.61118196541779,51.22779027576515],[5.611207589079989,51.22776056335149],[5.611530747422217,51.227389601611996],[5.61183114966696,51.227050143736754],[5.612274317887469,51.22721468001628],[5.611704893991011,51.227870165784935],[5.61168785577495,51.22789896284339],[5.615931417421921,51.22881203894857],[5.617847597119092,51.229224432725786],[5.616654249734381,51.23049781077059],[5.615504981925724,51.23172344923077],[5.614934018286991,51.23235917838512],[5.614771760381903,51.23255275530722],[5.614404278882276,51.23293819471362],[5.613994069615931,51.23337045806396],[5.611649472406532,51.236719739594484],[5.610920010108898,51.237762947029346],[5.610204613412435,51.237584546126726],[5.609631154544062,51.23744182442557],[5.609272626881685,51.23732835241426],[5.609493475198354,51.23710231154635],[5.609604603568739,51.23698704240807],[5.609613129384182,51.23697354290523],[5.609611632024714,51.236960062584025],[5.609603005816184,51.23695288805914],[5.6095915202132,51.236946617884456],[5.60954997384442,51.23694220298351],[5.60943968848492,51.236936121777376],[5.609348039400998,51.236934499240846],[5.609253535278567,51.23693467984541],[5.609157577493282,51.23693036875389],[5.609035819755524,51.23692071355839],[5.609005750270648,51.23692077095105],[5.608782233437912,51.2368915343167],[5.60851294021561,51.23687137322518],[5.608358240884114,51.236859982288635],[5.608308099102913,51.23685468442177],[5.60736416722933,51.236789060531954],[5.607351280343095,51.23678908494451],[5.60728992132557,51.236833246235925],[5.607279090452507,51.23666517636157],[5.607365338710939,51.236139168741],[5.607477085751713,51.235556483333085],[5.607513297429269,51.23534517810015],[5.607619170664356,51.23473284065995],[5.607621545465388,51.23463126281365],[5.607134462845064,51.23457645513904],[5.606743161551132,51.234490003750615],[5.606271955989433,51.23446122996547],[5.602841300321483,51.23415213996735],[5.602727154386006,51.234236846350115],[5.602587299043546,51.234335083458596],[5.602364639221632,51.2344847098437],[5.602307510570985,51.23451537748978],[5.602164722360567,51.23459923745178],[5.602056191670385,51.23466056193093],[5.602056200103818,51.234662359673315],[5.60183626157825,51.234782317003294],[5.599820184483926,51.23692715267643],[5.599516681484473,51.23724860731028],[5.599522417383957,51.237250394588685],[5.599495348954635,51.23728010704151],[5.599481005033566,51.23727473997036],[5.599344222105692,51.23742150699447],[5.59934278604524,51.23742061073706],[5.599228791971922,51.23754126853545],[5.598970707019589,51.23777724536764],[5.598638645383643,51.23811852505736],[5.59872900986504,51.23815161913211],[5.598971436544129,51.23824466102505],[5.599050333652559,51.23827507910975],[5.5990218282309,51.238303895190896],[5.598924918671917,51.23840384733121],[5.599033936412436,51.23844499709464],[5.598838684394082,51.23864490392171],[5.598808555612551,51.238632374481334],[5.598780053969825,51.23866208937434],[5.598617954782559,51.23859946285834],[5.598646464792181,51.23857154574747],[5.598624944304217,51.238562596112345],[5.59860642047363,51.238582405143624],[5.598570555768752,51.23856808831804],[5.598560577876187,51.238577994131816],[5.598381267099867,51.23850910643619],[5.598296629882519,51.2384760016881],[5.598118491505691,51.238661494154584],[5.596827342253278,51.24001484499914],[5.596024028664906,51.2397079758026],[5.595755767526263,51.23960238983041],[5.595570483264704,51.23979418334347],[5.595339652010191,51.240047181889416],[5.595117389723089,51.24029567024892],[5.594922161667741,51.24050635695903],[5.594838077569778,51.24059549620212],[5.594819510526078,51.24060631591668],[5.59479804280434,51.240609050901895],[5.594763674887103,51.24060911228749],[5.594253538628918,51.24053361757938],[5.59420908991846,51.24052111245977],[5.594121616439748,51.24049430187716],[5.593929429080722,51.24042812688286],[5.592985542993527,51.24006575621367],[5.592582406820825,51.23989927793049],[5.592295548931549,51.23979641348582],[5.591763363997751,51.239590609381835],[5.591738968399217,51.23957896689894],[5.59142190291159,51.23944469271391],[5.590941392305541,51.23926486151729],[5.59050818768274,51.23909573213289],[5.59005065514779,51.23892934024068],[5.589875683423664,51.238867622901246],[5.589753809273714,51.23883188024314],[5.589845258796228,51.24008206089075],[5.589553194364628,51.24009605297726],[5.589540302564641,51.24009517654519],[5.589090739823218,51.2401139359742],[5.588641172757122,51.240131794794046],[5.588268928455273,51.240148619242724],[5.588035542880394,51.24015531495087],[5.587793557462902,51.240160227277904],[5.587494320187073,51.24017152993805],[5.587459940792057,51.240168892550166],[5.587448465271127,51.24016441793178],[5.587449861876266,51.24015632561895],[5.587385414784901,51.24015463889358],[5.587386870345729,51.24016002965719],[5.587386905712658,51.240168119502606],[5.587374053227578,51.2401762315475],[5.587332537490075,51.240178999684694],[5.586963152365791,51.24019491615087],[5.58628878159613,51.24021764647172],[5.58495008134881,51.240267572686854],[5.584330131754351,51.24029199678891],[5.584277155958168,51.24029388439567],[5.58426429128165,51.24029929948169],[5.584257139080109,51.240301109366385],[5.584010856513925,51.240306021108296],[5.583995004205773,51.240282677115346],[5.583912975478547,51.240188433762206],[5.58384394686471,51.24012023582812],[5.583753380881745,51.24003859110594],[5.583637008787458,51.239949798909976],[5.583588175083206,51.23991572406577],[5.583539353014063,51.23988434581665],[5.583487678623754,51.239855669000015],[5.583457545532744,51.23984133783807],[5.583408792960968,51.239826139228114],[5.583285539363379,51.23980207754432],[5.583243946748743,51.23978686678403],[5.583236775345684,51.239784182246474],[5.583199467134384,51.23976626760764],[5.583164999812383,51.23974295489603],[5.583147750778676,51.23972770304871],[5.583129073633184,51.23971335248501],[5.583095999901015,51.239681048619474],[5.583074397334577,51.23965232092398],[5.58305561259268,51.23961280193475],[5.583043964641859,51.23956787764502],[5.583039530351648,51.23953552549545],[5.583039418866427,51.23950945820971],[5.583049300360788,51.239476183056134],[5.583101725352037,51.23934575732417],[5.580531885377115,51.23811769879235],[5.580325283307015,51.23802186234225],[5.580214809759057,51.237970809818925],[5.580259165021972,51.23796264623274],[5.579944943820707,51.23781305514774],[5.579770004360116,51.23741424317688],[5.579749787710568,51.23737382714971],[5.579869961124492,51.2373484593682],[5.579758930306993,51.23716437333514],[5.579740935063946,51.236971144297655],[5.579414514567864,51.23698337010796],[5.579218376562953,51.23699088540212],[5.579212385195901,51.236927973815064],[5.57872561651959,51.23694585580571],[5.578731607220883,51.23700876741817],[5.578292085976125,51.23702567083053],[5.578276335232882,51.23702569673078],[5.57795564149693,51.23703790902892],[5.577982701283911,51.23700280834959],[5.577927426602707,51.23645188664752],[5.577925994734859,51.236451888997685],[5.577882602890985,51.23600341989803],[5.577766149156836,51.234857540975554],[5.577688524067026,51.23409541934894],[5.577603413863725,51.23325420861639],[5.57750941754662,51.23234110207874],[5.577525162945314,51.23234017741082],[5.577412038945166,51.23130215798923],[5.577410566174753,51.23129227273658],[5.57741052511138,51.231282385140226],[5.577410487781059,51.231273396416235],[5.577410446717726,51.23126350881984],[5.577410405654412,51.23125362122349],[5.577410364591122,51.231243733627075],[5.577410323527848,51.23123384603071],[5.577410278731573,51.23122305956189],[5.577411669372585,51.231213169621746],[5.577413060013,51.231203279681615],[5.577413015216121,51.23119249321282],[5.577414405855622,51.231182603272686],[5.577415792761402,51.231171814460076],[5.577418615102323,51.23116192217605],[5.577420002006494,51.23115113336342],[5.577422828078497,51.23114213995168],[5.577425654149395,51.23113314653989],[5.577428480219185,51.231124153128064],[5.577431306287869,51.23111515971612],[5.577434132355445,51.231106166304095],[5.577436958421917,51.23109717289203],[5.577441216187615,51.231088177135824],[5.57744404225159,51.23107918372357],[5.577448300014232,51.23107018796708],[5.577452561509039,51.23106209108282],[5.577456815534508,51.23105219645361],[5.577461069558146,51.231042301824246],[5.577466759012648,51.231033303722725],[5.57747101676658,51.23102430796539],[5.5774767024826,51.23101441099099],[5.577482391930578,51.231005412888706],[5.577488081376323,51.230996414786105],[5.577493767085205,51.230986517810855],[5.577499456526377,51.2309775197077],[5.577500884488479,51.23097661849049],[5.57874822734213,51.229000631556694],[5.578897192625283,51.22901836345343],[5.578898609213002,51.229014765601825],[5.57892583662465,51.229021012827346],[5.578954484390381,51.22902456106663],[5.578968808274906,51.22902633518361],[5.57974801112291,51.22911852990037]]]]}},{"type":"Feature","properties":{"gezicht_uri":"https://linkeddata.cultureelerfgoed.nl/cho-kennis/id/gezicht/10134628","gezichtsnummer":"1686","naam":"Tilburg - Wilhelminapark/Goirkestraat"},"geometry":{"type":"MultiPolygon","coordinates":[[[[5.082896563513091,51.57564103141965],[5.082897981966238,51.57564463056655],[5.082902195165076,51.57566171994646],[5.082547232209372,51.57567517774324],[5.082249983015767,51.57568698722166],[5.082240331866236,51.57562044611082],[5.082075779033679,51.57563529764441],[5.082061740121877,51.5755777337132],[5.081924601771782,51.5755917576867],[5.081696504406019,51.575617229186925],[5.081685399445201,51.57555248195944],[5.081678495144751,51.5755066218512],[5.08166602631534,51.57543018582406],[5.081602506201031,51.57543721079074],[5.081567855007998,51.57544161457063],[5.081566412468468,51.575441610801164],[5.081537543527517,51.57544423195311],[5.08148124212419,51.57545037685443],[5.081448039501248,51.57545388552092],[5.081409847505356,51.575341427651175],[5.08142573356197,51.57533877259047],[5.08141298073348,51.57530458241003],[5.081381844224984,51.57521551344486],[5.081373376684416,51.57518762651379],[5.08137054004863,51.57518042818286],[5.081356423473414,51.575134549194786],[5.081252470496413,51.57514776028566],[5.080872751596247,51.575196203938695],[5.080624472315008,51.5752198227582],[5.080607155857956,51.57522067623204],[5.080373356295394,51.5752362426952],[5.079960633790379,51.57525852974134],[5.079465735163072,51.5752734082349],[5.079102076353359,51.575293124737854],[5.079090529978463,51.575293993186385],[5.079555776387028,51.57475859585998],[5.079560091761513,51.574760404939354],[5.079576093410473,51.574740672012005],[5.07962551643752,51.574685072403234],[5.079744733771415,51.57454785960938],[5.079808064315515,51.57456869994927],[5.079975985509343,51.574481951314105],[5.079981725140948,51.57448646071205],[5.080221527972199,51.574435855086065],[5.080164544777615,51.57432963952159],[5.080146035324542,51.574293636357204],[5.080192262259446,51.57428387019934],[5.080569289524462,51.57420575918626],[5.080502341874694,51.57407974264602],[5.080451787724924,51.57408949757739],[5.080430429581691,51.5740480938003],[5.080401925804327,51.57399678376763],[5.080362046131277,51.57392117454667],[5.080256012594588,51.573815729194294],[5.080220861788443,51.57368080728478],[5.080198328923824,51.57359985034704],[5.080436556845529,51.57356811630316],[5.08040831446391,51.57347815578662],[5.080406914492101,51.57347186006369],[5.080392805491351,51.57342508210555],[5.080370199571489,51.573354911380655],[5.080355999547452,51.57332161614464],[5.080310405329687,51.573237902128525],[5.080392765749007,51.57321744432555],[5.080375674743149,51.57318504037223],[5.080344335222328,51.573126531966274],[5.080337232216006,51.57311033377092],[5.08031726850918,51.57307612454264],[5.080287177218172,51.57304638305726],[5.080331966462637,51.57303571420837],[5.080313420958577,51.57300510415786],[5.080307705777202,51.57299699938182],[5.080284851146582,51.5729636814263],[5.080243098767289,51.572951886616686],[5.080159673074485,51.57291661192247],[5.080153915392121,51.57291479907824],[5.080135193811439,51.572910255605315],[5.080122284613585,51.5728994353391],[5.079893383787966,51.57283231815638],[5.079874717010808,51.57281968500548],[5.079934356383651,51.57274613481745],[5.079709814393052,51.572674534401486],[5.079762229426854,51.572602763035526],[5.079701774369822,51.57258372795152],[5.079567912825607,51.57254112930144],[5.079193669063424,51.57242329194299],[5.079250411945129,51.57235153220145],[5.079551524149021,51.57197929587686],[5.079505469938075,51.57196389402684],[5.0794953972964,51.57196027206858],[5.079485318566178,51.57195754895796],[5.079476682265665,51.57195482964169],[5.079298192859741,51.57189952914395],[5.0792637147928,51.57187876448619],[5.079337631919588,51.571826824937965],[5.079323372195574,51.57180251805845],[5.079156782650972,51.57169421565855],[5.079103614327508,51.571664413078246],[5.079076318129883,51.57164816160623],[5.079092257910252,51.57163741722437],[5.079006365463742,51.571541012407586],[5.078880226186727,51.57142382754768],[5.079056688282303,51.57135238344206],[5.079032258809425,51.57133883610575],[5.079027962078316,51.57133433046109],[5.079006435738892,51.571318094175176],[5.078857188096119,51.571205342713725],[5.078838528378625,51.57119181054793],[5.078753866056644,51.57112686904458],[5.078619037547571,51.5710150541667],[5.078551006585504,51.571049930369185],[5.078404627413435,51.57093988248774],[5.07840462130206,51.57094078133626],[5.078291491230641,51.570820034718565],[5.078264012407241,51.57083074851165],[5.078259709686208,51.570827141687225],[5.078265497598648,51.57082446038224],[5.078183807182106,51.570746942206284],[5.078185347422978,51.570732564441236],[5.078185518661883,51.57070739668295],[5.078135359240196,51.57065962431313],[5.078083788126698,51.57060735386685],[5.077991230673626,51.570643063781155],[5.077955079204134,51.57065645116611],[5.077917479204869,51.570670733573984],[5.077881321569929,51.57068501978459],[5.077843721523828,51.570699302168684],[5.07780756384295,51.57071358835643],[5.077769969873909,51.570726971868204],[5.07773381214781,51.57074125803306],[5.077684642259269,51.57076000407436],[5.077612332805098,51.57078767749141],[5.077528453482732,51.57081981455287],[5.077444567911311,51.57085285040247],[5.077354906508536,51.57088676975483],[5.077273235937701,51.57080655439878],[5.077250311024652,51.570784022028],[5.077213060390061,51.57074706984773],[5.077174367427388,51.57071011383194],[5.07717002798976,51.570711900058065],[5.077065451740286,51.57060645561972],[5.077069791171932,51.57060466939746],[5.07686061555016,51.57039737563993],[5.07676034329383,51.570295537803],[5.076697321218028,51.570230652237036],[5.076627130490629,51.57015945554651],[5.07669510014165,51.570133568945764],[5.076763063571472,51.57010858115388],[5.076829578415373,51.57008448834301],[5.076897541697796,51.57005950047266],[5.076965504905454,51.57003451256272],[5.077030577167099,51.57001041581104],[5.077098540228143,51.56998542782351],[5.077202654361232,51.56994705265423],[5.07713533572992,51.56987766161026],[5.077141117451272,51.56987587920919],[5.077073774469318,51.56981008352358],[5.077022211680791,51.56975691375861],[5.07692341967131,51.56964968679142],[5.076890153390111,51.56966308150174],[5.076893025818734,51.569664886852784],[5.076853983952104,51.569679165093135],[5.076773746501754,51.569600750907085],[5.076817133812619,51.56958378763183],[5.076745513832556,51.56951078948433],[5.07675852570596,51.569506329700445],[5.076738467970901,51.569486501430475],[5.0767327415814,51.569480194175185],[5.076694062377702,51.569441440300764],[5.076672574642542,51.56941981049294],[5.076642488160102,51.56939006806438],[5.076437139878079,51.56946772383067],[5.076338795600868,51.569506113655486],[5.076267929678162,51.569533790078516],[5.076263627238596,51.56953018318042],[5.076186251148701,51.56945537165459],[5.076107445280527,51.56937875854369],[5.076253509937688,51.56932251850442],[5.07634606606012,51.56928680996119],[5.07630450266694,51.569248048290106],[5.076268684094868,51.56921289733714],[5.076250050582528,51.569195769363276],[5.076271741069311,51.56918773724875],[5.076260282343368,51.5691760215405],[5.076290651468136,51.56916441703694],[5.076261995436616,51.56913647604158],[5.075978527191689,51.56924808014244],[5.075904036731328,51.56917327610537],[5.07583097036761,51.56910117240607],[5.075716360073609,51.568987610235055],[5.075630387314314,51.56890468565385],[5.075618928825316,51.568892969882675],[5.075564484123385,51.56883979178748],[5.075474215786857,51.56875236131829],[5.075636200271665,51.56868807469849],[5.075511556943868,51.56856549694137],[5.075539139893883,51.56853950336844],[5.075533413790315,51.568533196054105],[5.075471807383078,51.56847280790772],[5.075387930829355,51.56850494344157],[5.075340667588303,51.568456278710975],[5.075298729295242,51.56847234643839],[5.075219969846978,51.56838944078627],[5.075305294791773,51.568356410370576],[5.075226541706026,51.568272605873766],[5.075342247509053,51.56822617349745],[5.075337963781655,51.568219870019576],[5.075244898926891,51.56811984779882],[5.075322937758141,51.568097584314465],[5.07524008042586,51.567981409739765],[5.075196731105882,51.567992979341675],[5.075034872034039,51.56803928838783],[5.07496984479521,51.56805709209446],[5.074884575795002,51.568082032630016],[5.074771841064597,51.568115888381534],[5.074686565660918,51.568141727620805],[5.074601246856927,51.56817385873685],[5.074604106728031,51.568177461841145],[5.074550568093112,51.568202486942724],[5.074492690093945,51.5682292981469],[5.07448255679565,51.56823466424102],[5.074381236062118,51.56828652743663],[5.074392650746294,51.568304535268325],[5.074386844355737,51.56830991292744],[5.074341860260659,51.568349342654784],[5.074298324594245,51.568387877375166],[5.074256237362762,51.56842551709029],[5.074212707744481,51.56846315293004],[5.074164869684185,51.56849808062638],[5.074135911804438,51.56851418268119],[5.0741098509343,51.56852849475465],[5.074060644769432,51.568552632366064],[5.074041857428111,51.56855797524985],[5.073822550376942,51.568568174176924],[5.0737605057943,51.568571603364816],[5.07371722377597,51.56857328508469],[5.073676820190824,51.5685758733702],[5.073627762677697,51.568578438438514],[5.073548521946467,51.568565641835065],[5.07347938991512,51.56855107456531],[5.073414572466343,51.568538316561146],[5.073349761265101,51.56852465967273],[5.073346882838537,51.56852375308299],[5.07328638620902,51.56851190546823],[5.073166841577197,51.56848731516949],[5.073184342031994,51.56845949734536],[5.073196078760856,51.568222228491926],[5.073197521070058,51.56822223236449],[5.07319786905324,51.56817189685677],[5.073197974690814,51.56815661643478],[5.073199416997933,51.568156620307285],[5.073203451176392,51.56799034110543],[5.073370820296338,51.567981801710346],[5.073377145451839,51.567483847438254],[5.073394603394251,51.566835812543715],[5.073430746951551,51.566823325412024],[5.073409485552506,51.566769336457064],[5.073529336152804,51.56674898408346],[5.073428525063327,51.56651860416812],[5.073547069287303,51.56647847323876],[5.073573091918958,51.56646955437857],[5.073567360142854,51.56646414581585],[5.073558756274734,51.56645693181973],[5.073660042836068,51.566409563569316],[5.073726603524739,51.56637828172554],[5.07372086553853,51.56637377201884],[5.073812093210939,51.56632098348197],[5.074298335427076,51.56629262295127],[5.074358934606859,51.5662891896165],[5.074376247772223,51.56628833706485],[5.074374855047026,51.566281142418276],[5.074365211221743,51.56621549946578],[5.074394068513272,51.5662137789272],[5.074392787206925,51.56619040500631],[5.074456264543871,51.56618787818496],[5.074567354506579,51.56618278202819],[5.074568679207995,51.56619986400713],[5.074873116540617,51.56618270016915],[5.074933715530821,51.56617926653615],[5.074879161405793,51.565932831806485],[5.075055225462487,51.5659171223127],[5.075134597854501,51.565910143223654],[5.075208195105452,51.565904047538694],[5.075274574986315,51.565898831421926],[5.075338070381084,51.56589360757525],[5.075347925360224,51.56592868959557],[5.075666801438658,51.56590886560105],[5.075747603632688,51.565903687635064],[5.076262709497986,51.565871800349264],[5.076262734109531,51.565868204954334],[5.076490705578622,51.56585442903214],[5.076600358413026,51.56584842826152],[5.07658637247098,51.565784571693364],[5.07657238656809,51.56572071512325],[5.076569600456419,51.56570632588123],[5.076547244007035,51.56560109927843],[5.076541647226666,51.56557591618793],[5.076540260327214,51.56556782271769],[5.076530422946838,51.56553004424984],[5.076516308096624,51.56548506349624],[5.076512085942754,51.56546977157225],[5.076503641643515,51.56543918772372],[5.076492374397818,51.56539960772305],[5.07649098136419,51.5653924131009],[5.076481187101811,51.565348342686896],[5.076475578091799,51.56532495729034],[5.076474289589285,51.5653024822385],[5.076470276521301,51.5652566294538],[5.076468871198124,51.56525123252896],[5.076466269610065,51.56520987781999],[5.076460832792275,51.56516132465606],[5.076455057794028,51.56516220817582],[5.076455070091932,51.565160410478214],[5.076527211444619,51.565156107826546],[5.076600788849694,51.56515270780965],[5.076671481819915,51.56514930008723],[5.076745065346553,51.5651450011306],[5.076821527141077,51.56514160863212],[5.076895110641238,51.565137309581054],[5.076970124061543,51.565134812007294],[5.07704225305076,51.56513230673531],[5.077127368070313,51.56512893698663],[5.077123250050602,51.56509836465368],[5.077133400742992,51.5650903017819],[5.077125158572181,51.565030055964826],[5.07717277598272,51.56502658675232],[5.077214618420062,51.56502400107781],[5.077305526584177,51.565017051095275],[5.077366129967911,51.565012717350584],[5.077572384052756,51.5650105670316],[5.077576716802449,51.565009679638145],[5.077635859566608,51.56500803848179],[5.077853332974092,51.56505265835075],[5.077845169432795,51.56498072754768],[5.077836938580077,51.564918684081654],[5.07783286295266,51.56488181983037],[5.077832930290526,51.56487193249229],[5.07782887303557,51.56483237169398],[5.077822072188006,51.564772129739374],[5.077819714268173,51.56469482110088],[5.077817038017644,51.56466425260635],[5.07793674646289,51.56466367038043],[5.077988616595464,51.564670998464344],[5.078152819127149,51.564701993935806],[5.078156766579594,51.564757734004566],[5.078156577008532,51.56478559832188],[5.078334108250205,51.564765393449576],[5.078481328713471,51.56474870375444],[5.078658865772599,51.56472759953964],[5.078681959267616,51.56472496387178],[5.078774076896514,51.56475217281249],[5.078820196772991,51.56475678876569],[5.078886470852829,51.56476685102835],[5.078958525962311,51.56477513076114],[5.078952525382238,51.564809271817445],[5.078880295687741,51.56503919086426],[5.07886112598501,51.565101162011146],[5.078931489312777,51.56514629076595],[5.07931001127844,51.56526234267805],[5.07924744147163,51.56534397464505],[5.079370942318415,51.56542250105528],[5.079388188060432,51.56543153509964],[5.079453496021661,51.5653714830242],[5.079478165978742,51.565349076316885],[5.079609024421976,51.56540604907483],[5.079643576854015,51.56541512860088],[5.079606510958745,51.565564242704234],[5.079655510110885,51.56556976476405],[5.079731899397516,51.56557715655007],[5.079752066225037,51.5655808050305],[5.079690415692021,51.56573974203724],[5.079726337614056,51.565759611518914],[5.079914528138112,51.56586976768756],[5.079898389910026,51.56591017420485],[5.079895487194134,51.56591286317214],[5.080038068037523,51.565942900297756],[5.080097114699312,51.56595563948085],[5.080157658314771,51.565960292779785],[5.080206627587673,51.565970308853785],[5.080225346315086,51.56597485231558],[5.080234103009295,51.56595959459701],[5.080249943332528,51.56596323163446],[5.080307553914623,51.56597506807681],[5.080323382104136,51.5659805028023],[5.08030594163605,51.56600023206413],[5.080271072801485,51.566037892881795],[5.080260910306031,51.56604775372373],[5.080249287342973,51.56606030732626],[5.080237670447705,51.5660719620786],[5.080224611304434,51.56608361304398],[5.080221702522193,51.56608720086833],[5.080182518971482,51.566123052603665],[5.08013465151095,51.56616337584942],[5.080281195633074,51.566247354977925],[5.080294169785137,51.566248287892165],[5.080416378349199,51.566305237034975],[5.080419256776724,51.56630614345079],[5.080438090999541,51.56629360874771],[5.080671268240029,51.56636343276176],[5.080669819923337,51.56636432783048],[5.080806530619039,51.5664096293307],[5.08090873053115,51.5664395595861],[5.081001931505351,51.566306771646005],[5.081043677974535,51.56631856618626],[5.081118535646468,51.56633943602651],[5.081176122710321,51.56635486743708],[5.081230825310866,51.566370291272534],[5.081230819256251,51.566371190121615],[5.081318663421638,51.56639119494458],[5.081386346386298,51.566406652657335],[5.081412264572785,51.566413012484354],[5.081501545103299,51.56643391979014],[5.081586505001825,51.56645391687175],[5.081698831540406,51.566479378574044],[5.081713489846064,51.56644436113586],[5.081753830638681,51.5664507585607],[5.081737718017881,51.56648756993494],[5.081747795669923,51.56649029285172],[5.081739063559764,51.56650195528712],[5.08169832372862,51.56655488189503],[5.081679411149818,51.566579101838805],[5.081739865091865,51.566597237054594],[5.081701985514973,51.56665376659372],[5.081778298391421,51.566672842081054],[5.082034755135092,51.56671306162142],[5.081952949505453,51.56686745287617],[5.081928159124107,51.566907837084294],[5.082092360368628,51.56694062472233],[5.081972753387288,51.567139860601436],[5.081870706508498,51.56730138988316],[5.081830389115323,51.5672913971024],[5.08175119061776,51.56727231411523],[5.081656157345775,51.56724869538061],[5.081625270833594,51.56733760229589],[5.08162094398752,51.56733759099016],[5.081594976863552,51.56733842200137],[5.081495417056092,51.56734445384596],[5.08150722402908,51.56751886447862],[5.081319690302857,51.56752376732023],[5.081319702408969,51.567521969622334],[5.081142264666196,51.567526898585086],[5.081067223284885,51.56753299422874],[5.081053327477831,51.5674547566153],[5.080907626319057,51.56745886943236],[5.080770560658,51.567465701289436],[5.080725831597666,51.567468280675506],[5.080676769608042,51.56747174755266],[5.080562774388097,51.567479538496805],[5.080357872565968,51.567493382903145],[5.080332901234295,51.567346802414],[5.08033292552454,51.567343207018354],[5.080331483242478,51.567343203233875],[5.080327156396292,51.56734319188023],[5.080328568315117,51.567347689909326],[5.080236213658784,51.56735463845267],[5.080031391323038,51.56735679725157],[5.079967888336469,51.56736292249483],[5.079879890850796,51.5673653878791],[5.079881290562962,51.567371683611285],[5.07977162230889,51.567379485154184],[5.079732893619482,51.567347923069015],[5.07973706835693,51.567370405666225],[5.079624478995686,51.56738359258047],[5.079507776616088,51.567152277318996],[5.07942249353091,51.56717991771674],[5.079345991941475,51.56718870500661],[5.079259394381313,51.567197465662666],[5.079310323240844,51.56734411473104],[5.079215041210381,51.567357346814994],[5.079213592833264,51.56735824186551],[5.079119753027943,51.56737147767005],[5.079115420082788,51.5673723651204],[5.079103875723051,51.56737323357248],[5.079115200602424,51.5674047236779],[5.07905312141657,51.56741354876997],[5.078979491732466,51.567424141117606],[5.078953506212221,51.56742766808832],[5.078950621643031,51.56742766048522],[5.07895203952796,51.56743125968203],[5.078957723269535,51.56744385877131],[5.078911521340393,51.56745092790555],[5.078836443174926,51.56746241520974],[5.078833558603554,51.56746240760374],[5.078736821692134,51.56747743319203],[5.078738233457493,51.56748193124015],[5.078676154093174,51.567490756131825],[5.078691805567628,51.56752225769251],[5.078687478704916,51.56752224627818],[5.078673037512854,51.56752490477555],[5.078599395346077,51.56753729458099],[5.078556077842833,51.567544371186315],[5.07852431085077,51.5675496805332],[5.078447784025777,51.56756206262936],[5.078410241742166,51.56756825556274],[5.078372705559744,51.56757354963533],[5.078280301241834,51.56758768742257],[5.07825902149034,51.567535497045675],[5.078189499006935,51.56736632676434],[5.078098298781528,51.567415523320605],[5.07804054011957,51.56742525815958],[5.078051888745023,51.56745315297236],[5.078064691905572,51.56747925389898],[5.078076052793847,51.56750535101181],[5.078087413695155,51.567531448123525],[5.078111571709739,51.567584545004124],[5.07802637261991,51.56759960049858],[5.078027808791618,51.567600503160286],[5.077834284808967,51.56763774371145],[5.07780868480118,51.56758464295836],[5.077771681263734,51.56751173699943],[5.077716800860113,51.56752237815908],[5.077614220784379,51.56754817373503],[5.077582913208396,51.567486069172936],[5.077565838612938,51.56745186709953],[5.077499401563291,51.567465174153604],[5.077483511905419,51.567468727533225],[5.077340504872825,51.5675007078524],[5.077165718226476,51.567539794671255],[5.077158494515781,51.56754157325048],[5.077038600476752,51.567568221284226],[5.077000051547528,51.56751059168412],[5.076949491687652,51.56752214280886],[5.076953781712798,51.56752754737953],[5.076929225984616,51.5675328754235],[5.076989194327726,51.56762202213829],[5.077007974797152,51.567617577628404],[5.077036507573775,51.56766349541707],[5.076939708244069,51.5676875080035],[5.077031008340823,51.56783516403371],[5.077059553551978,51.56787928411879],[5.077109487861232,51.56795941550875],[5.076982289093692,51.56799952709076],[5.077013786490798,51.56803376750329],[5.076848946244782,51.568094452989676],[5.076947759260446,51.56819808463608],[5.076787288261999,51.568252489572686],[5.076791578336657,51.568257894149006],[5.076821633456836,51.56829213078439],[5.076837369906215,51.5683110487102],[5.076855948003717,51.56833626622887],[5.076863018316787,51.568356958883506],[5.076885573354315,51.56843342224905],[5.076888396577426,51.56844241838905],[5.076738272773299,51.568459997253264],[5.076752542353602,51.56848250675567],[5.07680390681705,51.568564439798145],[5.076805336852282,51.56856624132339],[5.076896668977199,51.568709403206135],[5.076894600282266,51.568801081933024],[5.077232068237303,51.56880737004645],[5.077407885147027,51.56882940866174],[5.077476430446606,51.56893026307441],[5.077525059135366,51.56899061579271],[5.077369060188044,51.56902346061411],[5.077370471865603,51.56902795867811],[5.077376167629853,51.569038760145325],[5.077393279463116,51.569067569150874],[5.077406125613928,51.56908737820624],[5.07741040357953,51.56909458045675],[5.077424649170268,51.569120685270654],[5.077434641323376,51.56913599243901],[5.077438913167892,51.56914409353705],[5.077423022917368,51.569147646907446],[5.077421574447771,51.56914854193558],[5.077440122560957,51.56917825360312],[5.077521022303721,51.5691595916885],[5.077558584407953,51.56915070249695],[5.077560020619353,51.56915160516432],[5.077603364318947,51.56914093353609],[5.077636182789397,51.56919315456862],[5.077615959388437,51.56919759536029],[5.077684444451325,51.56930743813454],[5.077678668949154,51.56930832171405],[5.077560200635457,51.56933677178983],[5.077594443162665,51.569391693197794],[5.077614421582353,51.56942320635273],[5.077635836252254,51.569455622170565],[5.077691542713076,51.56953576857501],[5.077870675891057,51.56949489472989],[5.077884830050489,51.5695344822158],[5.077907668955444,51.56956959834426],[5.077946679796105,51.56955981399441],[5.077988067415413,51.569624641690666],[5.078035744646917,51.56961308249464],[5.078074266082983,51.56967520598869],[5.078114272800588,51.5697310413417],[5.078140278053713,51.56972481801362],[5.078165953041914,51.569767132503124],[5.078208728488304,51.56984005356902],[5.078252946435386,51.56991297842922],[5.078268622903212,51.569940884646506],[5.078309051897276,51.5699346993805],[5.078357621645532,51.570004040234984],[5.078370468481527,51.570023849183386],[5.078401882770037,51.570070673098215],[5.078403306804804,51.570073373452274],[5.078546370067087,51.57003420105687],[5.07854636395868,51.570035099905446],[5.078663220142784,51.5700318127883],[5.078672724440928,51.5701190277374],[5.078678158101458,51.57016847962975],[5.078686329984099,51.5702395114974],[5.078697246218614,51.570331224490864],[5.078709458350658,51.570444513652866],[5.078790030233944,51.570474388685994],[5.078797254347867,51.57047261000674],[5.07910504863586,51.5703898268351],[5.079131060228096,51.57038270443851],[5.079252614149838,51.570537629283386],[5.079317332514656,51.57056566447796],[5.079336339411083,51.57052796219767],[5.079353885616438,51.570492952663294],[5.079359673421711,51.57049027130397],[5.079773028204159,51.57036821413664],[5.079801930518889,51.57036020032495],[5.079803378980325,51.570359305267445],[5.079804821358156,51.570359309058496],[5.079806263735989,51.57035931284962],[5.07980770611382,51.57035931664067],[5.079809142408192,51.570360219280374],[5.079810584786055,51.57036022307141],[5.079810578702622,51.570361121920044],[5.07981201499711,51.570362024559685],[5.079816299547629,51.57036832787317],[5.079819172137341,51.57037013315232],[5.079820596265812,51.57037283348917],[5.079823468855982,51.57037463876823],[5.079824899068001,51.5703764402564],[5.079827771658567,51.57037824553533],[5.079830644249364,51.57038005081423],[5.079833516840389,51.57038185609301],[5.079836389431643,51.570383661371785],[5.079840710484632,51.570384571592434],[5.079843583076344,51.570386376871],[5.079846461751009,51.570387283300846],[5.079850776721904,51.570389092369815],[5.079855097775701,51.57039000258997],[5.079857976450827,51.57039090901952],[5.079862303587356,51.57039092039073],[5.079866624641555,51.57039183061046],[5.079869503317028,51.570392737039725],[5.079873830453734,51.57039274841055],[5.079878157590442,51.57039275978116],[5.079882484727151,51.57039277115165],[5.079885369484961,51.57039277873189],[5.079889696621675,51.57039279010213],[5.079894023758391,51.57039280147217],[5.079898356976812,51.57039191399341],[5.079901247816212,51.57039102272461],[5.07990557495276,51.57039103409426],[5.079909908170786,51.570390146615026],[5.080164283344776,51.57031441120636],[5.080473577150663,51.57022263972706],[5.08063255980219,51.5701754167495],[5.08064258360364,51.57018622939977],[5.080785547386272,51.57037536561707],[5.080829873070115,51.57043300907493],[5.080921385297207,51.5705518988892],[5.081029788298471,51.57051892473555],[5.081041236476393,51.5705324376736],[5.081082714217175,51.57058468039125],[5.081084156602308,51.57058468416657],[5.081087023197984,51.57058738826332],[5.08116073626295,51.57056510956115],[5.081204092580903,51.57055263890195],[5.081238304101838,51.57061295233358],[5.081356731080216,51.57059079047503],[5.081561791755489,51.57055537196224],[5.081563240188505,51.570554476882904],[5.081566124956956,51.570554484421685],[5.081569009725407,51.570554491960365],[5.081570452109633,51.57055449572968],[5.081573330829526,51.570555402116995],[5.081576215598036,51.57055540965551],[5.081577651933816,51.57055631227351],[5.081580536702388,51.57055631981191],[5.081583415422594,51.570557226199035],[5.081584851758576,51.570558128816906],[5.081586288094612,51.570559031434776],[5.081589166815107,51.57055993782173],[5.081590597103067,51.5705617392883],[5.081592033439333,51.570562641906115],[5.081593463727489,51.57056444337265],[5.081593457679324,51.570565342221414],[5.081594887967623,51.570567143687946],[5.081594881919487,51.570568042536685],[5.081609106186817,51.57059774223478],[5.081619051694432,51.570620239834994],[5.081631839654021,51.57064903691273],[5.081631833606601,51.57064993576148],[5.08163182755918,51.5706508346102],[5.081631815464338,51.57065263230772],[5.081631809416916,51.570653531156466],[5.081631803369494,51.570654430005234],[5.081630354934634,51.570655325085404],[5.081630348887185,51.57065622393417],[5.081628900452239,51.570657119014314],[5.081627452017236,51.57065801409446],[5.081626003582179,51.5706589091746],[5.081624561194628,51.57065890540598],[5.081623112759482,51.57065980048605],[5.081621670371906,51.57065979671739],[5.081523473075446,51.570676618532],[5.081524909414005,51.57067752115062],[5.081412270001644,51.570697001718315],[5.08135881687886,51.570709446051474],[5.081302478947778,51.57072188281495],[5.081343823992857,51.5707939001113],[5.081473369331992,51.57104861748746],[5.080887039644333,51.57115314933172],[5.080881342780064,51.57114234803658],[5.080817277497974,51.571017238052136],[5.080641068223521,51.57105183202605],[5.08056111310109,51.5709302757058],[5.080211445703778,51.57101924485814],[5.080244286754442,51.571068768608015],[5.080377063717614,51.57127136154096],[5.080351070029457,51.57127578766819],[5.080405037512529,51.571400871419215],[5.080437702984765,51.57147646172321],[5.080585270298252,51.5716251613309],[5.080598045747417,51.57165575621625],[5.080663432409738,51.57179884706707],[5.08108223814077,51.57172533823723],[5.081171777287629,51.57170939300008],[5.081337855453796,51.571680164916664],[5.08183751295845,51.57159517956129],[5.081843198020141,51.57160777850706],[5.081846046595515,51.571613179131084],[5.082448270715645,51.571505088433156],[5.082448258652837,51.571506886130656],[5.082455356131759,51.57152398304908],[5.082466726583635,51.57154918088056],[5.082554721396715,51.57176333985911],[5.08257494545987,51.57175889821446],[5.08259478972066,51.57181108403637],[5.082594741492212,51.57181827482624],[5.082783366692204,51.572298759528834],[5.082811739564666,51.57236984366071],[5.082896527464612,51.57263253269099],[5.082910596644386,51.57268560229267],[5.082944474815115,51.572796250743565],[5.08295879700542,51.57281156869432],[5.082679926846962,51.57288185322522],[5.08246318416114,51.572937018288734],[5.082295575169502,51.57297882808509],[5.082224773842355,51.572996620775314],[5.082158305884552,51.57301352586036],[5.08206583126938,51.57303665511199],[5.081909779387572,51.57307579791401],[5.081870766375123,51.5730855835819],[5.081905077363519,51.57313151523074],[5.081932254628065,51.57316574301344],[5.081937964079064,51.57317474655879],[5.081970862939499,51.57321618018032],[5.081777263821659,51.573261516862914],[5.081702134438333,51.57327929793506],[5.081637120439253,51.57329440879349],[5.081525874700569,51.57332018516965],[5.081489758441693,51.57332818055271],[5.081561434412917,51.57339488384154],[5.081562876887401,51.573394887611],[5.081607321419206,51.57343545264067],[5.081605878943426,51.573435448871706],[5.081621649407269,51.573449871905765],[5.081589848393946,51.573459676322805],[5.081650166317009,51.573499383947016],[5.081644378262744,51.5735020654189],[5.081569097200088,51.573542317618234],[5.081675514118164,51.573591134326264],[5.081770246322029,51.57366149316752],[5.081752870025251,51.57367133529703],[5.081833262276521,51.57372907253531],[5.081887804781791,51.57376966382027],[5.081915308701626,51.57375535378447],[5.081984088913815,51.573823846979586],[5.081901643511621,51.573856889781894],[5.081860053063222,51.57382082663933],[5.081711011221878,51.573889650001334],[5.081626373045767,51.57403414605617],[5.081669599511995,51.57404144989744],[5.081666629859382,51.57405402624009],[5.081704080321742,51.57406221384412],[5.081737209355655,51.57406949128569],[5.081790503122332,51.57408131569572],[5.08184522128214,51.57409584039305],[5.081848100231984,51.57409674677354],[5.081850737434434,51.57413360709427],[5.081853410902985,51.574165074323794],[5.081857321393655,51.5742271061681],[5.081822653016462,51.57423420657024],[5.081836878576806,51.57426390623266],[5.081859668521027,51.574307111216015],[5.08189712526987,51.57431439990972],[5.08193601245067,51.57432349005334],[5.081946097895253,51.57432531410418],[5.081934370558298,51.57435314828887],[5.081967499841521,51.57436042566518],[5.08200495061105,51.574368613172865],[5.082020794009854,51.57437224997028],[5.082085616175648,51.57438590205308],[5.082063628292842,51.57443797881831],[5.08197703554331,51.574444044926324],[5.081978435762651,51.57445034063015],[5.081982624340716,51.57447102543848],[5.081992353403956,51.5745258815461],[5.082073176266452,51.57451980037423],[5.08210640157335,51.57472752468661],[5.082117506935424,51.574792271878856],[5.08212594466824,51.574824652999645],[5.082322248078174,51.57480718757401],[5.082356886646428,51.57480458126681],[5.082482440114488,51.574796818658065],[5.082495428817786,51.57479595363232],[5.082605114530938,51.57478814955264],[5.082613528496108,51.57482412603253],[5.082664741921219,51.57493122422895],[5.082683494725829,51.57493127305437],[5.082822013124281,51.574926240427175],[5.082966470193501,51.57489605488612],[5.083060137828464,51.57491068031762],[5.083143713879108,51.57492438057596],[5.083227289980323,51.57493808077455],[5.083303659526408,51.57495086332494],[5.0834549682471,51.57497462683286],[5.083489558787721,51.57497921097854],[5.083494571465441,51.575092480878645],[5.083443313385564,51.575207402381736],[5.083434543954024,51.57522445802562],[5.083371673115245,51.575350135706046],[5.083258649898017,51.575425346644515],[5.083191992227316,51.57547011661493],[5.083136676151893,51.57554457854863],[5.082896563513091,51.57564103141965]]]]}},{"type":"Feature","properties":{"gezicht_uri":"https://linkeddata.cultureelerfgoed.nl/cho-kennis/id/gezicht/10134631","gezichtsnummer":"1526","naam":"Ginneken"},"geometry":{"type":"MultiPolygon","coordinates":[[[[4.782126224013241,51.566371761999974],[4.781892910646975,51.56634628449465],[4.781166949801581,51.56616634299661],[4.780984988454395,51.56596764583329],[4.781136671504256,51.56551719401247],[4.781288399496517,51.565063146698215],[4.78175421537417,51.56376757579658],[4.782264291100069,51.56228706252441],[4.782595900157063,51.56131888525502],[4.789638825101183,51.5621236404232],[4.790126256896768,51.562234895439154],[4.790632567958714,51.562336357068425],[4.790586043672077,51.562364883825275],[4.790370879897768,51.562495921012584],[4.790187570735264,51.562617232797926],[4.790005348108536,51.56276551626413],[4.78976029836322,51.562975501153375],[4.789501344738815,51.56325552713105],[4.789321114058114,51.563471235763004],[4.789020591602642,51.56384093614356],[4.788769392956811,51.564188416230685],[4.788574706652581,51.56451551090803],[4.788483160671899,51.56467684061262],[4.788247275351448,51.56528417446265],[4.788046612887595,51.565844946561185],[4.787841512055414,51.56641378547783],[4.787774477194892,51.566575240278695],[4.787735413492592,51.566693692203586],[4.787670176059632,51.566828189747966],[4.787691554671148,51.566956839269494],[4.787761179460652,51.56703629773933],[4.787828358995419,51.56708248505717],[4.787977389847377,51.56715605828557],[4.787898050412712,51.56726621390528],[4.788091862412139,51.56733462323902],[4.788041925105866,51.5674026822405],[4.787114945148739,51.567587591827994],[4.786731681194371,51.56766652328744],[4.786438905479606,51.56766501925593],[4.786407308239514,51.568090926204974],[4.785527518826004,51.5680873008573],[4.785317726317563,51.56846285195279],[4.785207017947417,51.56865374351548],[4.784988292662446,51.568614864146],[4.784822405728124,51.56894210095365],[4.784974894561214,51.568972549550274],[4.784907845696397,51.56913400265097],[4.784877307202098,51.56915272182037],[4.784883302543163,51.56924443850863],[4.784947228036345,51.56942724053033],[4.78499329801329,51.56965129904435],[4.785026411468936,51.569764728520695],[4.78509237652249,51.56990259693748],[4.785206034276612,51.570142284359214],[4.785191134365117,51.57017816285529],[4.785150320512678,51.57031907691312],[4.78540848636916,51.570430069375085],[4.785180514765971,51.570543952462316],[4.784844604565034,51.570748065990614],[4.784736642828664,51.57084009441588],[4.78417029266098,51.57069155618719],[4.784055724544439,51.57084647154037],[4.784338852204153,51.57092433655019],[4.784200824445241,51.57110789525059],[4.784489301846523,51.57154354183136],[4.784351942767922,51.571568002343724],[4.784289416032939,51.57182296194078],[4.784318882437022,51.5718851366175],[4.784315781107168,51.572010064981875],[4.784244790189772,51.57225059882165],[4.784185540637164,51.5724759122067],[4.784254656341099,51.572485257438764],[4.784187408672969,51.57266109116576],[4.783981515230224,51.57263216384977],[4.783940970066882,51.57275240461937],[4.783829116451244,51.57281115356691],[4.783771393189752,51.572921417949935],[4.783695005130149,51.57291652929987],[4.783617828448374,51.57297096262412],[4.783311036869848,51.57293611995849],[4.783169111050057,51.57286976860243],[4.782994818730673,51.57285089047923],[4.782772783496378,51.57284255186882],[4.782803127314606,51.572730348685305],[4.782824649067578,51.57263068421744],[4.782793376306973,51.5724876005961],[4.782716533543722,51.57230023624489],[4.78267919261542,51.57217959322397],[4.782690103096423,51.57211852576877],[4.782708716103573,51.572020644039554],[4.782753249482124,51.57181772730415],[4.782806005947009,51.57164721275048],[4.78285772641109,51.57144613088387],[4.782865553582194,51.57129156391138],[4.782866917407149,51.571189098593855],[4.782857395164402,51.5711459031161],[4.782839015434078,51.57111794282112],[4.782837740574874,51.57110535190554],[4.782824914928422,51.57109360016439],[4.782826512814882,51.57108192297842],[4.782941499353528,51.57100431469488],[4.783296066466177,51.57102502306866],[4.783385380552688,51.57049154938124],[4.783337867207692,51.57048501183539],[4.783169293516536,51.570470657873344],[4.783209291022301,51.56974097355918],[4.783426593286894,51.569344790733076],[4.783405317128486,51.56899231969509],[4.783373626658564,51.56888069484608],[4.783430882512255,51.56804593047912],[4.78343851968993,51.5677969799885],[4.783481886442989,51.567681248328604],[4.783473678848353,51.567539182806904],[4.783433801872123,51.56739245933902],[4.783473748940276,51.566883000286005],[4.78332217655032,51.56678423949747],[4.782799147922954,51.566635918133265],[4.782889509973776,51.56656537365685],[4.782398070130037,51.566428000324656],[4.782126224013241,51.566371761999974]]]]}},{"type":"Feature","properties":{"gezicht_uri":"https://linkeddata.cultureelerfgoed.nl/cho-kennis/id/gezicht/10134632","gezichtsnummer":"1532","naam":"Breda"},"geometry":{"type":"MultiPolygon","coordinates":[[[[4.770914102886064,51.58844993460596],[4.771697163331574,51.58827338349374],[4.772250864608031,51.58819719480729],[4.772260465516151,51.58823409936573],[4.772348609557888,51.58854467635743],[4.772452888373588,51.588516460377484],[4.772533076521919,51.5886687925447],[4.772684874124039,51.58864801713045],[4.772848199654639,51.58894820217028],[4.773172106600154,51.5888986670466],[4.773270541099847,51.58887581293183],[4.773508901841904,51.588856389695856],[4.773529512450279,51.588932902623995],[4.774259677626577,51.58893313610476],[4.774386062579946,51.58876391014353],[4.774660266942969,51.588440851034484],[4.774695903494166,51.58836643065977],[4.775181082114258,51.588448970926635],[4.775382555372583,51.58848957577833],[4.775576826578009,51.58852924373776],[4.775609975621512,51.588425147053044],[4.775645792288486,51.58833724414157],[4.775693115656412,51.5882520980235],[4.775712648417542,51.588194671854865],[4.775802624793982,51.58794255708041],[4.775924113479753,51.58770768566037],[4.776112553957235,51.5874300177426],[4.775865082424475,51.587376589377456],[4.775993347787232,51.58717411297417],[4.776127044562493,51.5869968334426],[4.776759145251672,51.58720507907281],[4.776907095447469,51.58725528960856],[4.777013372014081,51.587292698217304],[4.777306557237017,51.58738051997812],[4.777426273438212,51.58727687419872],[4.77739922129573,51.58724976675908],[4.777437387924024,51.58720142626177],[4.777572582474266,51.587234490733785],[4.777758120621926,51.58727950283987],[4.777901011011596,51.58706181963258],[4.777925986091454,51.587028691202995],[4.778091094506858,51.58709067506075],[4.778052880410953,51.587142611040065],[4.778368513454071,51.58727818766998],[4.778628189797047,51.58739010140653],[4.778823299577186,51.587474712320116],[4.778580633031871,51.587815922808176],[4.77877201840332,51.58785557044314],[4.778946146981193,51.58799849914987],[4.779010534961337,51.58803928358113],[4.779186420985331,51.5881588501972],[4.779401702854579,51.58803053057694],[4.779616742836208,51.58792018689458],[4.779676177955005,51.5878998214282],[4.779816125263976,51.58800931272666],[4.78012406224657,51.58828956417107],[4.779488907002818,51.58852267076344],[4.779822012568462,51.58875541315995],[4.779914996097715,51.58881612093131],[4.77996639985481,51.58885683740439],[4.779999141975648,51.588890265933905],[4.77981560198964,51.58901875150508],[4.779698003358892,51.589072073471286],[4.779744934057887,51.589123553357254],[4.779779900371271,51.58920643186057],[4.779783519347247,51.58925948453407],[4.779787234576325,51.589305346672866],[4.779790600926486,51.589377274498375],[4.779732474505753,51.58940753449664],[4.779672893039135,51.58943868578718],[4.779622029279273,51.58946538793989],[4.779585703143302,51.589484075685284],[4.779546467031512,51.5895045460589],[4.779449104085489,51.58955527627567],[4.779405514954629,51.589577521740544],[4.77946695951622,51.58962278500541],[4.779644524450926,51.58972528090825],[4.779527005304002,51.58998804198568],[4.779648053671892,51.590323952812085],[4.779482737304127,51.59038421771372],[4.779310061175259,51.59045523068089],[4.7787057249658,51.59075501034421],[4.776913451065945,51.59075286293687],[4.776911464125309,51.590793302140646],[4.776927800750969,51.59086619661389],[4.776943948597114,51.59106043881188],[4.776987653809962,51.59113707159145],[4.777271260697261,51.59172462023615],[4.777340777657775,51.591920938419705],[4.776826278868536,51.591976681688315],[4.776008207822478,51.591856454122585],[4.775526944701532,51.59180180318757],[4.775428650389816,51.5918138733956],[4.775267942945279,51.591852583372116],[4.775156770459547,51.591856496057645],[4.773920731981709,51.59169721183183],[4.773752289395802,51.5920945320942],[4.773699854636294,51.592130212243084],[4.773600310579532,51.59212789229063],[4.772712401875799,51.591943454786836],[4.772039130819383,51.5917880048987],[4.771175036790791,51.591338511402206],[4.772070618928817,51.59052973894381],[4.772336131036839,51.59063720290721],[4.772463605613702,51.59049495112494],[4.772486461451579,51.59029911547726],[4.772488762628734,51.59012923930263],[4.772319298112001,51.58985598791559],[4.772192910084567,51.589705210448166],[4.771963901599117,51.58977951188394],[4.771900004987325,51.589702770956734],[4.771660602063872,51.589479487888504],[4.771457250300614,51.589258191886174],[4.771218925519315,51.588955812132326],[4.771163725422523,51.58887641995226],[4.77097859684276,51.58858870195768],[4.770939257349716,51.58851029211433],[4.770914102886064,51.58844993460596]]]]}},{"type":"Feature","properties":{"gezicht_uri":"https://linkeddata.cultureelerfgoed.nl/cho-kennis/id/gezicht/10134639","gezichtsnummer":"1770","naam":"Batadorp"},"geometry":{"type":"MultiPolygon","coordinates":[[[[5.393789941592441,51.49074079235885],[5.393860495890615,51.49074528258037],[5.393998724650611,51.490753364202654],[5.394138393470503,51.49076234443828],[5.394291021326438,51.490772222567095],[5.39431693914602,51.49077311981877],[5.39431407622129,51.49087828715218],[5.394311211990215,51.4909753647037],[5.394306908010146,51.49107334120875],[5.394304043751519,51.49117041875881],[5.394299748201408,51.49132142826971],[5.394299748488318,51.491323225998784],[5.39460644739045,51.491339386082664],[5.394718759629202,51.491344771935644],[5.394746117824662,51.49134656786178],[5.394774915911388,51.49134836368616],[5.395006740261756,51.49136093219783],[5.395165129552347,51.491369011061174],[5.395391194885071,51.49138337693932],[5.395412790922075,51.4913707912887],[5.395515002166095,51.49125842584479],[5.395552431471545,51.49121707535211],[5.395729500233246,51.49102290756142],[5.395777006393478,51.49097166873526],[5.395876364728648,51.49100671697422],[5.39588500487227,51.49101121064263],[5.395990123248855,51.49104805607717],[5.396008848240761,51.491081312628616],[5.395993012737877,51.4910974934063],[5.396111091059214,51.49113793319523],[5.396426448127296,51.491248468602926],[5.396705806817784,51.4913464220408],[5.397047086818717,51.49146594226662],[5.397114775915333,51.4915297558261],[5.39716661613153,51.49154772863111],[5.397349496904436,51.491609734275485],[5.397470457970273,51.49165197016271],[5.397519418253532,51.491668145339155],[5.397539578502324,51.491675334443755],[5.397614459332941,51.49170139475583],[5.397687900348239,51.49172745515111],[5.39771814101416,51.491739137627576],[5.397824702672716,51.49177688014111],[5.397859262901922,51.49178766331729],[5.397941336511398,51.49178406022365],[5.397957176737442,51.49178945193046],[5.398056538537826,51.49182449831186],[5.398019111008642,51.49186584960548],[5.397938498482612,51.49195844020359],[5.397863643349021,51.49204294043123],[5.397791667340004,51.49212564261627],[5.397834868590349,51.492141818190184],[5.397925591143987,51.49217506775182],[5.397997593186019,51.49220112808566],[5.398092636383433,51.492237073705205],[5.398171810934779,51.49215167405558],[5.398249546163056,51.49206986994795],[5.398334478649989,51.49197997531139],[5.398419410801307,51.4918900806125],[5.398495705233823,51.49180827647986],[5.398573439293055,51.491726472154596],[5.398677083657389,51.491615002667736],[5.398793690740231,51.49151971134511],[5.398868544454274,51.49143970484071],[5.398933321498852,51.49137048568942],[5.398999537997636,51.49130036748988],[5.399011054023328,51.49128868107036],[5.398894412385199,51.49124734520416],[5.399811344143413,51.49026568836546],[5.400353998690234,51.4896822645887],[5.40039717979422,51.48963461982913],[5.401515549096417,51.48843270440874],[5.402127462742343,51.48843262692485],[5.402434177175451,51.48854404610687],[5.402693373707365,51.48863839243411],[5.402848891830103,51.48869410108926],[5.40321176967619,51.48882618449558],[5.403400409254037,51.48889447192822],[5.403368745339048,51.48892773435569],[5.402998852578167,51.48932418483822],[5.402867877284187,51.48946442555931],[5.402579875471074,51.48935929708644],[5.402261635401762,51.48924428433775],[5.402091715828457,51.489182284707375],[5.401903077021228,51.48911399516152],[5.401613773152985,51.48942503881721],[5.401160378191807,51.4899113803183],[5.401802624274725,51.49014500567024],[5.402208711405969,51.49029236740785],[5.402554319370907,51.490417264169785],[5.402325464139686,51.49066268439599],[5.4020635011846,51.49094406301762],[5.401802974582985,51.491224541999465],[5.401605778234715,51.49143669880434],[5.401579868799391,51.49146366797049],[5.401463276815279,51.49158772573992],[5.401232970748678,51.4918358405762],[5.401009858971816,51.492074965447905],[5.400881748914911,51.492213405840666],[5.400850080848952,51.4922466675774],[5.40074356134015,51.49236083591964],[5.40017352903616,51.49297212927604],[5.400147607517557,51.49296314354496],[5.400045403115112,51.493072816437426],[5.399270936973984,51.493904349726066],[5.397995014889914,51.493453246505695],[5.397722840672352,51.49335709323774],[5.397214503199434,51.49320433169831],[5.394969507141671,51.492531256314514],[5.39416457609414,51.49245400587454],[5.394017701767384,51.492440531779664],[5.393886666818662,51.492427955436526],[5.393752752096617,51.49241537911196],[5.39372107960242,51.492454930965785],[5.393664919681069,51.49243515914835],[5.39360155993479,51.49241358997997],[5.393611637706322,51.49240190417485],[5.393487802718782,51.492390225842954],[5.393300610373274,51.49237225874374],[5.393130697467712,51.492356088172976],[5.392970864243584,51.49234081570768],[5.392790871905258,51.49232284742509],[5.392605120141528,51.49230577800427],[5.39257920126367,51.49230308264376],[5.392520154715868,51.49222128876332],[5.392446706674494,51.49211792277285],[5.392383340238981,51.49203073583521],[5.392309892920212,51.491928268621734],[5.39223212539874,51.49181861063755],[5.392152918351617,51.49170895266381],[5.392069391398784,51.49159390163461],[5.391967143140302,51.49145008767157],[5.391903778361679,51.491361102740484],[5.391900898198389,51.491357507402334],[5.391909515593637,51.49115256592724],[5.392108220738462,51.49116424270693],[5.392698578253613,51.491207361077194],[5.392698577806326,51.49120376561899],[5.392832488556388,51.49121544428928],[5.39284112912685,51.49122533137016],[5.392849769241829,51.49123162299223],[5.392861289130435,51.491237914470084],[5.392875688447897,51.49124150920921],[5.392892967654991,51.491246002666756],[5.392933284808839,51.491248697231725],[5.39305567594749,51.49125498303977],[5.393173747460885,51.491261268946616],[5.393297578676777,51.49126845328996],[5.393432929152583,51.49127653573613],[5.393563959886271,51.49128371940239],[5.393696430680158,51.49129180170401],[5.393697870172786,51.49128910502832],[5.39377267778822,51.49083966845904],[5.393789941592441,51.49074079235885]]]]}},{"type":"Feature","properties":{"gezicht_uri":"https://linkeddata.cultureelerfgoed.nl/cho-kennis/id/gezicht/10134646","gezichtsnummer":"207","naam":"Breda (uitbreiding)"},"geometry":{"type":"MultiPolygon","coordinates":[[[[4.789398768870874,51.59482005054234],[4.789141078065434,51.59488075580953],[4.788926822165354,51.594930896149],[4.78855451110018,51.59492809231583],[4.788378451438994,51.594927191081716],[4.78784627560922,51.5948992967161],[4.787520595843479,51.59486257115383],[4.786672174608541,51.59473956626793],[4.786471773334672,51.59472415512694],[4.786029180727505,51.59468862263686],[4.786020307742805,51.59470475684306],[4.786018828911407,51.594707445877354],[4.786023146315831,51.59470836694659],[4.786008334175961,51.594737054923456],[4.786006855342794,51.5947397439576],[4.786016921353941,51.59474249233135],[4.785994715023858,51.594784625477374],[4.78590979803052,51.5947671102776],[4.785903989871304,51.594769777054225],[4.785857929588756,51.594760551472234],[4.785852216726006,51.59475602770875],[4.785532693441271,51.594690564141295],[4.785230440603468,51.59462878409662],[4.785328117545432,51.59444591554956],[4.784932339911326,51.5943629792231],[4.784895630229048,51.59441043075458],[4.784778106221008,51.59456623037083],[4.784559252308759,51.59485364296998],[4.78454015762043,51.594878713184706],[4.784072234270497,51.59479450332663],[4.783863437956444,51.59475926909521],[4.783833192499895,51.59475461868345],[4.783725198679813,51.59473608397014],[4.783627282765359,51.594719398919466],[4.783510654409182,51.594699021692854],[4.783454409246974,51.59469603474449],[4.783382289954594,51.59469296582131],[4.783281332532559,51.594687950200615],[4.783249608189122,51.59468598863751],[4.78314289035178,51.59468004427426],[4.783119812670926,51.59467902620955],[4.782731869461112,51.594658145519524],[4.782505745634582,51.59462371818655],[4.782466805865654,51.5946217191074],[4.78246364413694,51.59464237697014],[4.782398740506927,51.5946393447465],[4.782401914245621,51.5946177880688],[4.781814932025312,51.59458778506342],[4.781647640419431,51.59457882916276],[4.781647688401739,51.594575233896165],[4.781653976603316,51.59453661466556],[4.781655635618679,51.59452044343713],[4.781443632278437,51.59450945799603],[4.781222970461828,51.594498427311855],[4.780992219088191,51.594486445039685],[4.780989116740806,51.594502608778924],[4.780969661978061,51.594662508370526],[4.780773520249315,51.594652502805694],[4.780541325113328,51.594640512160716],[4.780100000767322,51.594618446969655],[4.779675994052122,51.594596470062484],[4.779240527266899,51.594568139896786],[4.778806480026103,51.5945416132491],[4.778205154725708,51.59450522535063],[4.777727876212642,51.594473975199],[4.777720660736473,51.594473937600426],[4.777641362949042,51.59446813109032],[4.777641387098882,51.594466333458115],[4.777613992445406,51.594464392928735],[4.777613968294485,51.59446619056096],[4.777585130547401,51.59446424250377],[4.777585106395334,51.59446604013597],[4.777562041029153,51.59446412215867],[4.777562065182132,51.594462324526454],[4.7775375446471,51.5944612978387],[4.777465450300263,51.594456427635315],[4.777389026685743,51.59445153481603],[4.777361632052244,51.594449594227605],[4.77736160789133,51.59445139185976],[4.777312591006488,51.594447540762935],[4.777227533025279,51.594440805056976],[4.777143906078657,51.59443497563212],[4.777058836060107,51.59442913861956],[4.7769766643387,51.59442241778703],[4.77689159436572,51.59441658065288],[4.776807967507912,51.5944107509879],[4.776727238950496,51.59440403751121],[4.776679665264428,51.594400193681224],[4.77641012152811,51.5943754155594],[4.776326543213222,51.59436599028652],[4.776323523919277,51.59437586218791],[4.776280291674528,51.594371141990486],[4.776283323079348,51.5943603712743],[4.776215594613552,51.59435282646534],[4.776157931493238,51.59434803083858],[4.776090227278234,51.59433868832525],[4.776087195829057,51.59434945903641],[4.776043975740944,51.59434383993575],[4.776046995093533,51.59433396804167],[4.775982164995085,51.59432553936248],[4.775670978437117,51.594285260965684],[4.775486578133446,51.594260925843045],[4.775189811206866,51.59422162045502],[4.775178290760913,51.59421976241509],[4.774836922164718,51.594170335065456],[4.774829718870514,51.59416939847287],[4.774813869198148,51.59416751773071],[4.774783612942112,51.59416376379595],[4.774766332320767,51.59416097667563],[4.774675612127098,51.59414611954812],[4.774396248630054,51.5941006111245],[4.773946954418535,51.594028143680134],[4.773621814961919,51.59395273036159],[4.773485135918228,51.59392145137173],[4.773457814721318,51.59391411697592],[4.773342794199752,51.593882052587254],[4.77332122102993,51.59387654608556],[4.773196135669394,51.59384173208767],[4.773171688551989,51.593835311591725],[4.773144379621685,51.59382707830722],[4.7729631607144,51.59378118278873],[4.772947445100557,51.59376941482307],[4.772956943087914,51.59370744202287],[4.772966331543621,51.59365355856137],[4.772974301244544,51.59359786988944],[4.772785247389264,51.59359777579697],[4.771970202511117,51.593465850526755],[4.771528499664378,51.59336644729334],[4.771478065791805,51.59336078852627],[4.770973725087153,51.59319813185214],[4.770853289996222,51.59313996896291],[4.770721286395875,51.59308354273251],[4.770499018567393,51.592978999825306],[4.770069160866675,51.5927520125832],[4.770064868423618,51.59274929329522],[4.770059120717916,51.59274746520808],[4.770053360788022,51.592746535935866],[4.770047588633592,51.59274650547855],[4.77004181647917,51.59274647502099],[4.770036044324756,51.59274644456313],[4.770030259945233,51.5927473129202],[4.77002446334026,51.59274908009217],[4.769980291542221,51.592707498530345],[4.769911796079227,51.592650507623475],[4.769864701726814,51.59261160723145],[4.769848975093748,51.592600737665364],[4.769794726832003,51.59255730508499],[4.769743340274905,51.59251568534605],[4.769710358490848,51.592500230266914],[4.769713317940102,51.59249485261276],[4.769714834358298,51.59248946734016],[4.769716350776129,51.5924840820675],[4.769714993364834,51.59247778274273],[4.769712205155452,51.59247057698432],[4.769709404715575,51.592464270041],[4.769634049573433,51.592381175238174],[4.769444549845133,51.59220219629251],[4.769416044297735,51.592175978213675],[4.769404610270993,51.59216782789961],[4.769404475660563,51.59217771486646],[4.769307011195655,51.59212866049288],[4.769236792900284,51.59209233431574],[4.769235337642027,51.592093225506545],[4.769192340908518,51.59207142520464],[4.769179439448181,51.59206506487401],[4.769093433886248,51.59202236302848],[4.768785268014708,51.59186792443942],[4.768508396930042,51.59174690913424],[4.768499579575034,51.59175854793013],[4.768492401306546,51.59175581331762],[4.76816920845918,51.59164533871044],[4.76797243694269,51.59157688108231],[4.767935090645263,51.591564099028574],[4.767909227036282,51.59155587216401],[4.766455476852481,51.59106816355355],[4.766176817173359,51.59097320070946],[4.766173894307983,51.59097588182982],[4.765856435364779,51.5908690267486],[4.76586376101761,51.59086097574527],[4.765908505633007,51.59086031456459],[4.765807952595196,51.590826521800516],[4.765404705401328,51.59066168132325],[4.765373144783214,51.590648030323955],[4.765054555131655,51.59051869502939],[4.764829390040124,51.590416822456916],[4.764718996975455,51.59036409989911],[4.764658787168652,51.59033501525472],[4.764594273223676,51.5903041099056],[4.764403679508408,51.5902069149397],[4.764393640491783,51.590202367078966],[4.764150324758686,51.590056351390906],[4.764077326641571,51.5900128162303],[4.764043053773808,51.58998656609239],[4.763799272836798,51.58976953563293],[4.76352333200199,51.589477726082556],[4.763310379568746,51.58911793697459],[4.763273876934525,51.589044034044484],[4.763142259600886,51.58875119564582],[4.763140816690878,51.588751187946414],[4.763133861707745,51.588732274343364],[4.763132418798342,51.58873226664387],[4.763109999730783,51.5886836074632],[4.763112885546484,51.588683622862696],[4.763110049173888,51.58868001220495],[4.763108606266154,51.58868000450517],[4.763108630987758,51.588678206876025],[4.762964055858434,51.58869810954375],[4.762970998402017,51.588717921971416],[4.762882807845455,51.5887300355515],[4.762878615136782,51.58872012548385],[4.762910420957761,51.588715800864485],[4.762906228244353,51.588705890797804],[4.762855627520129,51.588712811723425],[4.762828162789018,51.58871626062317],[4.762768879852163,51.58872493292051],[4.762746634330004,51.58866369026748],[4.762720134362854,51.58859703160923],[4.762693634473182,51.588530372944774],[4.762667134660986,51.588463714273985],[4.762687351920853,51.588357754325685],[4.762670766944434,51.58830463180732],[4.762627867965796,51.58817136838745],[4.76261132023763,51.58811554941642],[4.762544342546802,51.58784462862897],[4.762530668425502,51.58778972387326],[4.762394876904216,51.58780068393831],[4.762391327871296,51.58774403549666],[4.762387766472213,51.58768828586923],[4.762384205081587,51.5876325362414],[4.762382074197111,51.58757769313647],[4.762428307987427,51.5875734457326],[4.762506309703889,51.587567570242925],[4.762592993373944,51.58755994330886],[4.762585239208117,51.58749428360741],[4.762574908601918,51.58740613812772],[4.762541727265794,51.58730079186422],[4.762537056885948,51.58722076653807],[4.762533953097018,51.5871317607719],[4.762459716341092,51.58707383586042],[4.762457335150492,51.586827529826195],[4.76246223285204,51.586786207476656],[4.762467217154241,51.58673859342435],[4.762475371705118,51.586670322050075],[4.762481860684885,51.586618221630914],[4.76248688206439,51.58656791113308],[4.762493544226813,51.58650322730771],[4.762500057905132,51.58644932925746],[4.762506621055358,51.58639183594787],[4.762509853136767,51.58636668455153],[4.762520311752351,51.5863406728751],[4.762542708892415,51.58628596078195],[4.762562108981909,51.58623932260352],[4.762563564182638,51.586238431495225],[4.762582988970836,51.586189995683675],[4.762600909040676,51.58614604623621],[4.762623268878065,51.58609403057047],[4.762634786742686,51.58609588984437],[4.762649190259286,51.58609776452778],[4.762729996803579,51.585887857944044],[4.762718627398176,51.585875212902835],[4.762641296548167,51.58583255254496],[4.762456410419697,51.58574167693054],[4.762404803200433,51.58571713144586],[4.762387291455587,51.585731419979986],[4.762349679298446,51.585738410069766],[4.76233072471356,51.585752690886295],[4.7622905734278,51.58573449872741],[4.762294963748815,51.5857300277831],[4.762264837930818,51.585717282470696],[4.762241505379082,51.58573513540129],[4.762174126365848,51.585703314482984],[4.762158082124329,51.58571581306447],[4.762087829953926,51.585683077859166],[4.762019020696123,51.585650350324734],[4.761944465062825,51.58561579426485],[4.76182729407007,51.5855324707123],[4.761751308356931,51.5854970079994],[4.761679626401948,51.58546336601824],[4.761632323555489,51.58544064097414],[4.761615109016645,51.58543335784204],[4.761606501749297,51.58542971627504],[4.761528986841715,51.58540053740199],[4.761412727060744,51.585355870181665],[4.761504912269565,51.585262879821165],[4.76151074542061,51.58525841662558],[4.76136442276988,51.58519650977019],[4.761263997231692,51.585154623777356],[4.76125108645279,51.585149161387925],[4.761233884482444,51.58514097938523],[4.761222205758236,51.58515080456317],[4.761144679176144,51.5851225242504],[4.761123148853408,51.58511431905987],[4.76112173085728,51.58511251370662],[4.761071791067361,51.58507179669659],[4.761076243442737,51.58506283172504],[4.761043208026056,51.58505186827822],[4.760941216290294,51.58501896242913],[4.760980841331772,51.58497063504771],[4.761041062130977,51.58489365373947],[4.761243575730944,51.58464754561592],[4.761252381159108,51.5846368061757],[4.761258251442228,51.58462964654849],[4.76128762762083,51.584592050778646],[4.761327251919107,51.584543723276866],[4.761334577348375,51.58453567255262],[4.761362498234384,51.584498967856646],[4.761731804881383,51.584608809356936],[4.761829585628068,51.5845284330029],[4.761922771657387,51.58457207756939],[4.762000186355858,51.584608446699285],[4.762074740379831,51.584643002723936],[4.762101967493864,51.58465663147598],[4.76215931971011,51.58468300556901],[4.762236734787722,51.58471937454259],[4.76231270720676,51.584755735755614],[4.762400160151945,51.58479665266026],[4.762509118951785,51.58484757206886],[4.762560173116242,51.5848073951368],[4.762708981990212,51.58468863872131],[4.762743447961755,51.58470050821697],[4.76279032180171,51.58464952229306],[4.762902326975725,51.58468877215011],[4.762893546654701,51.58469771408554],[4.762961048307132,51.58472054644179],[4.762985946452336,51.58469371291731],[4.763188414662631,51.58476490615421],[4.763270458501825,51.5846745569432],[4.763261851244792,51.58467091549787],[4.763355622303413,51.58456714558309],[4.763626100812786,51.58451914969807],[4.764043536300212,51.584066541124386],[4.764089002283156,51.58401285054045],[4.764363546672261,51.58377341301575],[4.764375298365588,51.583758194630526],[4.764398789395061,51.583728656671425],[4.764483948744423,51.58362124447355],[4.764439408571722,51.58360752407903],[4.764311522191678,51.58356908997792],[4.764393857629536,51.58345716839903],[4.764405621563603,51.58344105119503],[4.764446782934474,51.58338553978652],[4.764485009402034,51.58333360825877],[4.764495293539745,51.58332017980839],[4.764533396589941,51.58327723641608],[4.764578836539791,51.58322534326621],[4.764627211166525,51.58316987019901],[4.764665313965243,51.583126926762766],[4.76497680952111,51.583243641316244],[4.765009165758412,51.58319886943136],[4.765085432208972,51.58310848821993],[4.765177666907312,51.58301100084987],[4.765237557749677,51.582957386549204],[4.765250653132877,51.582949366269645],[4.765266904915077,51.582921587397685],[4.765278828504633,51.58289378550538],[4.765283341412292,51.582880326293726],[4.765283439937561,51.58287313577126],[4.765534176017719,51.58279087304432],[4.765606287450534,51.582793054129944],[4.765873203167018,51.58279357371074],[4.766393865729632,51.58280802434665],[4.766777543731896,51.582816352702345],[4.767113661157443,51.58282083209472],[4.767113747113135,51.582814540385726],[4.767135308186354,51.58271487895592],[4.767155328220269,51.582622400396346],[4.767164365143988,51.582594583009914],[4.767164463370387,51.58258739248519],[4.767268228358635,51.58259603253739],[4.767348934488187,51.58260275251435],[4.76735181991905,51.58260276780858],[4.767429652914927,51.58260857361998],[4.767507473659422,51.5826152781953],[4.767570891806724,51.58262010864438],[4.767585294427127,51.58262198271879],[4.767702044023701,51.582630691183496],[4.767725102951719,51.582632611097075],[4.767781307563752,51.58263740321939],[4.767859128410613,51.58264410756074],[4.767866341994915,51.58264414576477],[4.767938404260764,51.58264992067451],[4.767945605583228,51.58265085768933],[4.768017667870027,51.58265663255029],[4.768024869195212,51.582657569560226],[4.768102702373055,51.58266337492381],[4.768138733534275,51.58266626231147],[4.768249798279387,51.58266864796972],[4.768261340021204,51.58266870905733],[4.768327705037357,51.58266906028918],[4.768408497232533,51.582669487824916],[4.768418596257054,51.58266954126294],[4.768487883467991,51.58266721122446],[4.768502322897164,51.58266638873866],[4.768568773665935,51.58266044812323],[4.768581770374021,51.582659617995525],[4.768659787358779,51.582651940751646],[4.768680009897415,51.582650249951875],[4.768739247034411,51.582644271085634],[4.768788372891617,51.58263913759998],[4.768864971579361,51.582629654958005],[4.768915564610457,51.58262273141567],[4.768945935113372,51.5826174987007],[4.76902546812979,51.582604435944965],[4.769044260159153,51.58260183863977],[4.769081893172753,51.58259304875693],[4.769097812003362,51.582589537375725],[4.769157146917522,51.58257636777065],[4.769213596368185,51.58256318288716],[4.769230982367379,51.58255788148016],[4.769303399515221,51.582537589888155],[4.769306297178659,51.58253670631823],[4.769375816598446,51.582517298251105],[4.769387407240725,51.582513763963895],[4.769448282549178,51.58249341130545],[4.769458430467427,51.58248986938993],[4.769522240061649,51.58246593667128],[4.769523695004736,51.58246504547568],[4.769593336523557,51.58243664911944],[4.76967313806636,51.58240381197136],[4.769687650760361,51.5823975964433],[4.769738463498952,51.58237449385686],[4.769777673389773,51.582355824391364],[4.76980237059135,51.58234337045686],[4.76983869501474,51.582324685737035],[4.769863392182641,51.58231223178955],[4.769902626416251,51.58229176464989],[4.769920085572918,51.58228107024406],[4.769959356422506,51.58225790663722],[4.770016110787489,51.582222250964804],[4.770037959107674,51.58220708530367],[4.770093295085283,51.58216962434742],[4.770141380808561,51.58213482174976],[4.77018363456614,51.58210448276393],[4.770193831212646,51.582097345520104],[4.770236084900236,51.58206700651507],[4.770246281530068,51.582059869266594],[4.770289990061716,51.58202863903719],[4.770298719544806,51.582023291805385],[4.770351169689948,51.581985815504346],[4.77038032897933,51.58196349730004],[4.770448795184628,51.58191531886731],[4.770486671603242,51.58188855220849],[4.770463686210285,51.58188123994328],[4.770396209410501,51.58185661428185],[4.770404987703343,51.58184767177758],[4.77030876710123,51.5818148045296],[4.770201286129858,51.581761203538285],[4.77037473725131,51.58163178089378],[4.770395081412219,51.58162110163523],[4.770416794966906,51.581615822879094],[4.770447115772234,51.581614185036806],[4.770461481555854,51.5816187552051],[4.770570624974602,51.5816561848748],[4.770759416965758,51.581459426517256],[4.770717969891301,51.58143044384756],[4.770673722972429,51.58139515423799],[4.770650896513403,51.581376157399504],[4.770603886444828,51.581331864389206],[4.770593958653611,51.5813192277142],[4.770565556934829,51.581285819372226],[4.770542816052397,51.58126053079953],[4.77049744426961,51.58120186429547],[4.770486110501216,51.58118652355458],[4.77049476652781,51.58118656920437],[4.770582830516487,51.58118253919357],[4.770816677484637,51.58117388434192],[4.770884519623712,51.58117154527457],[4.770916282786414,51.58116991491348],[4.771002891834338,51.581166775799275],[4.771024409879708,51.58117587798919],[4.771014311183581,51.58117582477679],[4.770989431919637,51.581201761213435],[4.771020694841195,51.58123698228908],[4.771049401887199,51.581247920115466],[4.770966632606455,51.58128703471968],[4.770953502103402,51.58129775209161],[4.771081070538749,51.58135954815519],[4.771149879860963,51.581392270368006],[4.771188575999714,51.581411350707135],[4.771204360077077,51.58141772601639],[4.771268939110356,51.58144323483082],[4.771306253641985,51.581457813451145],[4.771313430454334,51.5814605478909],[4.771504221814676,51.5815415529367],[4.771541008163283,51.5814887126663],[4.771614202720943,51.58141089539465],[4.771648005968985,51.581365230431054],[4.771770024186459,51.58141081667469],[4.771787226651724,51.581418997130555],[4.771792948621978,51.581422622764876],[4.771795785235136,51.581426233214586],[4.771800064527865,51.5814298512564],[4.771801458462803,51.581433454113785],[4.771802876770001,51.581435259338576],[4.772324803915492,51.581568342480224],[4.772337751541846,51.58157110719977],[4.772348093833322,51.581553183970435],[4.772588206505006,51.5816146711831],[4.773115896627505,51.581748679944205],[4.773152790704836,51.5816877498165],[4.773262053973078,51.58150315415361],[4.773320056868925,51.58137491876812],[4.773160406011201,51.58133812535146],[4.7731143741235,51.58132799594919],[4.773139471115321,51.58128588036163],[4.773289630558173,51.580957678554405],[4.773298529669362,51.58093974766547],[4.773323759986998,51.58088774505418],[4.773349014556954,51.58083394480398],[4.773374244757454,51.58078194218117],[4.773383168109452,51.580762213652264],[4.773633209675966,51.580729368411575],[4.773662111416937,51.58072592453147],[4.773621525783684,51.58063312690712],[4.773556224143976,51.58044761489057],[4.773589465805998,51.58044329492265],[4.7736516211675,51.58043463225077],[4.773681977515523,51.58043029711798],[4.773673601047122,51.5804095789215],[4.773654084331402,51.58035913922183],[4.773634567658846,51.58030869951871],[4.773605231981446,51.58023753404094],[4.773683292557936,51.580226258168544],[4.773876982973175,51.58019940891779],[4.774051894563048,51.58017425864467],[4.774022169785653,51.58013185540485],[4.773993790563424,51.58009665025613],[4.773962647540564,51.580052441802586],[4.773917163239824,51.58000186596506],[4.773855955820079,51.57994042107652],[4.773771897264864,51.57986177755696],[4.773680516530485,51.579791185483025],[4.773684929449973,51.579784916472654],[4.773650658712763,51.57975866913199],[4.77360494420857,51.57972517068997],[4.773497707306809,51.57965359638774],[4.773447616544205,51.57962367043754],[4.773381815018893,51.579581976552355],[4.77334464721554,51.57955661279364],[4.773310449780363,51.57952497245329],[4.773297757948092,51.57950333269191],[4.773289381824544,51.579482614466876],[4.773286751864281,51.5794637241695],[4.773286994982931,51.57944574783617],[4.773290050397803,51.57943317955018],[4.773294524115006,51.57942241647109],[4.773306283839743,51.5794062983593],[4.773318031400811,51.579391079062944],[4.773329693868584,51.57938215148217],[4.773561457626819,51.578993253793094],[4.773782828862208,51.5790528424972],[4.773915074841105,51.579088592492404],[4.77415800114468,51.57915458569169],[4.774260062168311,51.57918208712029],[4.774449807018918,51.57923341885067],[4.774712870809341,51.57930401081206],[4.774873861403183,51.57934800019469],[4.775070663153938,51.57941105330896],[4.775276605820061,51.579438198710264],[4.775407447828487,51.57947124301985],[4.775557431622791,51.57947562313567],[4.775564717376846,51.57947026796207],[4.775573445746664,51.57946492033346],[4.775755810678349,51.57952879565726],[4.775781668871422,51.579537020785715],[4.776105060429644,51.579627700380385],[4.776122299303915,51.579633183748626],[4.775890007282015,51.5799555665256],[4.775884115702742,51.579964524528854],[4.776500115392166,51.58018257554933],[4.776799212448836,51.579827281744706],[4.776812159853524,51.579830045968826],[4.776860540080787,51.579772770160524],[4.776911877942562,51.57971011648693],[4.776980768802203,51.5796295767861],[4.777008867329476,51.57957848723929],[4.777007436790364,51.5795775808943],[4.777017788863741,51.57955875842805],[4.777063657818848,51.579473604145825],[4.777068070240457,51.579467335006825],[4.777124175299098,51.57947931317158],[4.777203301894328,51.57949590580381],[4.777209060291346,51.579496834722406],[4.777225351826772,51.579465458897786],[4.777217360414602,51.57941597880076],[4.777211940216732,51.5793898830009],[4.777207962639658,51.579363794726135],[4.777202542453302,51.579337698925755],[4.77719712227312,51.57931160312507],[4.777193144711241,51.579285514849616],[4.777190428586857,51.57927291635766],[4.777190452743972,51.57927111872323],[4.777187724542571,51.579259419048434],[4.777182304380074,51.579233323246896],[4.77717688422375,51.57920722744511],[4.777172906682407,51.579181139168746],[4.777167486537594,51.57915504336643],[4.777162066398957,51.57912894756382],[4.777156670424827,51.579101054126454],[4.777141888907115,51.57902007779035],[4.77713756109607,51.579020055211934],[4.777090904497235,51.57884183350194],[4.777068861879129,51.57876441479023],[4.777051376655965,51.57866994112826],[4.777029394595145,51.578588028322],[4.7770047690778,51.57848812411083],[4.776993482109759,51.57846918872592],[4.776838666156725,51.57850253819118],[4.776824651193225,51.578471903106504],[4.77675172775649,51.57831601614385],[4.776680150688716,51.57816732720412],[4.776626892306493,51.57805109356249],[4.775717298505656,51.578210835677254],[4.775700399235588,51.57818018537112],[4.775742470507933,51.57784152745557],[4.775778217950347,51.577758118497165],[4.775785684989569,51.57773928105153],[4.77580785606752,51.577699846237124],[4.775809601262844,51.577677383351094],[4.775820738176893,51.577493171089735],[4.775824797469682,51.57740600090964],[4.77582850570552,51.57734489642672],[4.775833838050203,51.57727031722792],[4.775833910678554,51.57726492432487],[4.775834019621043,51.57725683497027],[4.775834866949982,51.57719391776767],[4.775835399555355,51.577154369811566],[4.775835460078626,51.577149875725645],[4.775832461879927,51.57694401641968],[4.775910419416298,51.57693992958474],[4.775966726779183,51.576936628409314],[4.775965453670026,51.57692403742773],[4.775958930807227,51.57687276714324],[4.775952625798833,51.57680531814808],[4.775941107396327,51.57669649339644],[4.77593984640316,51.57668300359705],[4.775936160247906,51.57663534366098],[4.775934996077809,51.576614663323625],[4.775931624599038,51.576543634138766],[4.775929877190993,51.57645913023561],[4.775927730404454,51.576404287301315],[4.775927790917274,51.576399793215046],[4.775927911942868,51.576390805042514],[4.775930032203427,51.576340478817],[4.775930794659652,51.57628385332952],[4.775933144857079,51.576216449575426],[4.775935349819202,51.576159831628196],[4.775935543456392,51.57614545055181],[4.775937796820727,51.576085237335086],[4.775940352733296,51.576002553685825],[4.775941333007644,51.57592974948545],[4.775629812439631,51.57592362617706],[4.775673049545588,51.57581958216131],[4.775699886269806,51.57575500310839],[4.775738347640126,51.57568419267458],[4.77577929440766,51.5756430582837],[4.775783997155292,51.57561521757581],[4.775775342184306,51.575615172319296],[4.775799378388428,51.5755442864353],[4.775821959922028,51.5754742918209],[4.775847486881524,51.57539981819889],[4.775873001653493,51.57532624338803],[4.775889679896507,51.57526610558315],[4.775850781240949,51.575262306690185],[4.775881591618367,51.5751168491148],[4.775897166170035,51.57503153688037],[4.775444712998165,51.57499321535176],[4.775470107080264,51.574928628800045],[4.775484822472739,51.57490713264921],[4.775548071860195,51.574816676576795],[4.775676667855074,51.57469420254182],[4.77570892267527,51.574655719358766],[4.775736595830089,51.57463608870157],[4.775745335353245,51.574629842239126],[4.775825506039128,51.57456823868515],[4.775869251916567,51.57453341106311],[4.775885324732212,51.57451821412392],[4.775945240105675,51.574460998992436],[4.776008064441892,51.57440200127466],[4.776027058376464,51.574384122943144],[4.776037760553096,51.574339234849035],[4.776051553304267,51.57427908193619],[4.776066800568454,51.574218037743],[4.7760876845021,51.57416691069503],[4.776095731541512,51.57410492998537],[4.776104906449794,51.57406632606726],[4.776106530368924,51.574052851344106],[4.776106687645526,51.57404116671718],[4.776109255217965,51.57395758423215],[4.776110830739456,51.57394770477865],[4.776118889805058,51.57388482524869],[4.776144884316865,51.573668330849294],[4.776192545100288,51.573664085510984],[4.776159756240143,51.57363514998268],[4.776140324323042,51.57357841894746],[4.776116383700761,51.57353514755587],[4.776105364483625,51.57349643809509],[4.776099921421788,51.573472139868066],[4.776096065970473,51.5734370633695],[4.776083166114676,51.57332373697605],[4.776073226439737,51.57331199957582],[4.776085443324222,51.57326172610686],[4.776093453906577,51.57320244184499],[4.776097185609951,51.57313953969617],[4.776078881836694,51.57310618544321],[4.776087971866294,51.57307387324561],[4.776085195921914,51.57306576881022],[4.77608245627352,51.573054967922154],[4.776044454827678,51.57298465659897],[4.776040720450289,51.57294059192199],[4.776041095522704,51.57291272857859],[4.776032864540899,51.57288122472834],[4.77602459727221,51.57285241733008],[4.775989444594461,51.57278481752],[4.77607527240861,51.572731333297334],[4.776083999419243,51.57272598562549],[4.776091284024573,51.57272063041419],[4.776194311552326,51.572675325925346],[4.776239292101314,51.572655785592175],[4.776392839603843,51.57260804825643],[4.776526011867933,51.572573687516986],[4.776589767524796,51.57255244734567],[4.776636323138595,51.572523027397665],[4.776704381690458,51.572503607394836],[4.776708853908739,51.572492844176494],[4.776733483410419,51.57248488284418],[4.77676661017777,51.572488651319084],[4.776815832896969,51.57247542507789],[4.776827408312011,51.57247278886274],[4.777038759054262,51.572417262488884],[4.777412200427682,51.57232213155864],[4.777422333378416,51.57231948776203],[4.777422442022295,51.57231139840216],[4.777422701717387,51.57218465757466],[4.777393045610688,51.57202989542258],[4.777385260517836,51.57196513540611],[4.77734058366747,51.57174737324152],[4.777326896408798,51.57169247012229],[4.777318604385123,51.571665460447306],[4.777299268441741,51.57160153905218],[4.77728409061405,51.57155022367481],[4.777242292755016,51.571440342175855],[4.777225588157914,51.571395310990575],[4.777218690307636,51.57137190410396],[4.777211768313671,51.57135029485252],[4.777200531324076,51.57132776420792],[4.777190724628328,51.57130613990516],[4.777178129834342,51.57127731000856],[4.777171123340893,51.57126199247926],[4.777159886393167,51.571239461830665],[4.777148673609712,51.57121513354534],[4.777124757416483,51.571170064716675],[4.777103617279151,51.57113310029568],[4.777100817115591,51.57112679351864],[4.777076876860192,51.57108352231564],[4.777065555455896,51.57106728338239],[4.777050039871694,51.5710411348718],[4.77702464528191,51.57099875494892],[4.776997820471499,51.570955468675095],[4.776985117179033,51.570934728117514],[4.776966753234711,51.570905868086975],[4.776963928943814,51.570901358942166],[4.776882903873198,51.57091981252554],[4.776752681851031,51.57094969465671],[4.776707824068092,51.57096024701559],[4.776495097812943,51.57101127118572],[4.776493679642878,51.571009466016534],[4.776457330754338,51.57103084929375],[4.775988605962262,51.57113267014121],[4.775959904108134,51.57112173352691],[4.775876731738415,51.571085343453866],[4.775839557372697,51.57106087929713],[4.775796674164816,51.57103189087132],[4.775722349856736,51.57098116485993],[4.775690896626528,51.57096032609927],[4.77566088577175,51.57093949487415],[4.775590937230644,51.57088519614066],[4.775558162862569,51.57085536162326],[4.77547697857522,51.57077853201861],[4.775404643508594,51.57079433340119],[4.775309460144721,51.57068596959207],[4.775205683798928,51.570573066320144],[4.775161480279379,51.57053508193599],[4.775215210061559,51.570508396750434],[4.775205295454411,51.57049486163983],[4.775391330997984,51.5703906661779],[4.7753339890905,51.57036429856145],[4.775605966832862,51.57009066397135],[4.775759516432484,51.56993506177662],[4.775857642237623,51.56993197936899],[4.775870635170355,51.569931148424025],[4.77582506984364,51.56967293131898],[4.775815724049948,51.569617151825256],[4.77574935383265,51.56961860250979],[4.775752139644557,51.569518841283504],[4.775754308161606,51.569464919761515],[4.77575648877675,51.56941009942149],[4.775757396538788,51.569342688089854],[4.77575958924713,51.56928696893147],[4.775761769846453,51.56923214859052],[4.775762496046334,51.56917821952444],[4.775764809772121,51.56911351218741],[4.775774213893092,51.56905783074047],[4.775783569579366,51.56900574456357],[4.775792937346558,51.56895275956789],[4.775800850707393,51.5689006658469],[4.77581023053448,51.568846782031535],[4.775819610339037,51.568792898215115],[4.775828978019221,51.56873991321551],[4.775838321473996,51.5686887258505],[4.775846210532541,51.56863842976076],[4.775852415274898,51.56860610248529],[4.775857117230738,51.568578261757075],[4.775955997431263,51.56830462000882],[4.775948021416578,51.56825424096703],[4.775941499778497,51.56820297064699],[4.775934941856279,51.568154396780066],[4.775928432346503,51.56810222764104],[4.775921862352609,51.56805455259089],[4.775835206041591,51.56806308830068],[4.775847518562602,51.56800562429012],[4.775858304093664,51.56795444446172],[4.775867635249245,51.56790415590864],[4.775879911383704,51.56784938834743],[4.775890745241582,51.5677946132437],[4.775901542772864,51.56774253459236],[4.775913879320902,51.56768327293724],[4.775915478860985,51.5676715958452],[4.775924725196892,51.56762759901153],[4.775937025384925,51.56757103380709],[4.775938528120863,51.5675665472579],[4.775929170511159,51.56751166658201],[4.775918503783715,51.567446891367474],[4.775910515857622,51.567397411137854],[4.775905194616397,51.567364124711666],[4.775894540057008,51.56729845067632],[4.775883861327588,51.56723457427561],[4.775874540151939,51.567176997140294],[4.77586119483997,51.56709692693173],[4.775777424795954,51.56710547768486],[4.775767837526898,51.56706767453512],[4.775744737744022,51.56706935148927],[4.775725964630455,51.56707105106786],[4.775717299184994,51.567071904627575],[4.775702584581832,51.566986433950106],[4.775692767425411,51.56696570833457],[4.775691349412999,51.566963903155305],[4.775689931400702,51.566962097976045],[4.775688513388518,51.566960292796765],[4.775687095376445,51.56695848761747],[4.775685677364485,51.56695668243818],[4.775682805028556,51.566955768533276],[4.77568138701685,51.56695396335392],[4.775678514681179,51.56695304944888],[4.775675654449882,51.5669512367259],[4.775672782114498,51.566950322820766],[4.77566990977923,51.56694940891553],[4.77566847966384,51.566948502553934],[4.77566415300456,51.56694847992281],[4.775661280669585,51.56694756601736],[4.775658396230127,51.566947550929775],[4.775655523895325,51.56694663702422],[4.775652639455929,51.56694662193648],[4.775649755016539,51.566946606848695],[4.7756412106428,51.56693847222361],[4.775742674327485,51.56690124990816],[4.775826419798433,51.56689449681507],[4.77588272680463,51.56689029683931],[4.776455879728173,51.56684924714516],[4.776751872500985,51.5668256243276],[4.776757653448149,51.5668247556306],[4.776817558960426,51.56708933945863],[4.776921749434106,51.56706381581307],[4.776921652797084,51.567071006357715],[4.77693382349318,51.56713129492257],[4.776945970062897,51.567193381122074],[4.776959438105815,51.56726446302852],[4.776972930347863,51.567333747296956],[4.77698793733575,51.56739764618258],[4.777005280381841,51.567395040056205],[4.777016045271648,51.56745262462977],[4.777020118345754,51.56747152239035],[4.777063482061776,51.56746455764876],[4.777066318227079,51.567468167974035],[4.777239495281086,51.56746098165853],[4.777246247676047,51.567495174367664],[4.777255570655518,51.567552751394956],[4.777266299680484,51.567613032399635],[4.777279780419639,51.567683215449655],[4.777283744969724,51.567710202563674],[4.777390314132642,51.56772244391085],[4.777394483950358,51.5677341511135],[4.777394471879859,51.56773504993159],[4.777410312435866,51.56773693031343],[4.777584570705871,51.56775671555381],[4.77757575457577,51.567876220762656],[4.777429942526099,51.56788624694903],[4.777431252007954,51.56789614147],[4.777273950150636,51.567902512012836],[4.777283381901758,51.56795199967366],[4.777294171418733,51.56800778658366],[4.777307748894371,51.56807077908401],[4.777311278892074,51.56813012364645],[4.777317657201233,51.56819217970943],[4.777559383830357,51.568343553529104],[4.777551496722016,51.56839384973881],[4.777530888785642,51.56853216995216],[4.777527726677462,51.568552827725846],[4.777519875701695,51.568600427478316],[4.777510256584884,51.56867228779619],[4.777504004738817,51.56870821043355],[4.777500770193362,51.56873426111439],[4.777489744944865,51.56880341745443],[4.777416236994023,51.56879943857266],[4.77741473436273,51.568803925140514],[4.777405320236656,51.56886050554194],[4.777395954370356,51.5689134906703],[4.777383498703955,51.568981740658494],[4.777371224070948,51.56903650837495],[4.777361821912841,51.56909218995368],[4.777352286941285,51.56915775852915],[4.777345781390364,51.56921255633397],[4.77733784560183,51.56926644779702],[4.777328201906681,51.56934010573122],[4.777320314364538,51.56939040192058],[4.777319674518888,51.569438039272626],[4.777429253049263,51.569441307456344],[4.777515803079234,51.5694408599314],[4.777602341040786,51.569441311160354],[4.777690321303731,51.569441769844126],[4.777772532370964,51.56944219839045],[4.77785618573946,51.569442634395735],[4.77794271164858,51.56944398419077],[4.778078275749698,51.56944558941061],[4.778206628362586,51.56944715691106],[4.778203900479106,51.56943545725097],[4.778201244927708,51.569418364682335],[4.778183881420652,51.56931490293795],[4.778179880032661,51.569290612311185],[4.77831408576036,51.56928591801739],[4.778327078464295,51.569285086799],[4.778409289255642,51.56928551489703],[4.778505910946095,51.56928691684414],[4.778631860399191,51.56925251613381],[4.778647758514862,51.56935776794305],[4.778666758130232,51.56944685603645],[4.778669654775646,51.56944597223192],[4.778685613272699,51.569546729943866],[4.778708144977145,51.56969516254575],[4.778760272804381,51.56968015285332],[4.778838458459449,51.569658087680004],[4.778920982997165,51.569635146147206],[4.779002433537948,51.569800065056],[4.779043201164542,51.569879378625075],[4.779092273737778,51.56998480291616],[4.77902794498786,51.570049187735655],[4.778966536817894,51.57011089107107],[4.778906594886482,51.570170804241265],[4.778856881536283,51.57022088291294],[4.778845186386625,51.57023250751176],[4.778808586315487,51.57027276670447],[4.778780760582778,51.57030408273757],[4.77873829472495,51.5703515024306],[4.778695840823918,51.570398023289805],[4.778695816732596,51.57039982092596],[4.778691429513657,51.57040429249676],[4.7786826189354,51.57041593209204],[4.778635584936327,51.570481305588245],[4.778634118509862,51.5704830957171],[4.778620884524925,51.570501903330204],[4.778589848562451,51.57055747238942],[4.77857360938466,51.57058525316176],[4.778520070697279,51.57070542447807],[4.778518531963316,51.5707126075136],[4.778495956984937,51.57078260268685],[4.778478958512324,51.57086700898033],[4.778470710463596,51.57094426978284],[4.778474901272812,51.571062044978184],[4.778493913298217,51.57115023426985],[4.778521350598098,51.57125554615219],[4.778522744757774,51.57125914893285],[4.778555011826695,51.57143459864366],[4.778556430092047,51.571436403787885],[4.778561368184604,51.571498452261416],[4.778561344087194,51.571500249897404],[4.77856627014442,51.57156319718837],[4.778566221949895,51.571566792460246],[4.778572445807463,51.57164053307442],[4.778572409661854,51.57164322952831],[4.778573333945041,51.571681886208964],[4.778558536723695,51.57170967448408],[4.778542321209965,51.571735657612884],[4.778515984965138,51.57176338581406],[4.778495514585894,51.57178395350203],[4.778467820264156,51.57180538245755],[4.778438719694647,51.571824107442865],[4.778396601562191,51.571845461282926],[4.778475739431153,51.57186025540792],[4.778477193858073,51.57185936409928],[4.778477205908572,51.571858465281316],[4.778478648284938,51.571858472790595],[4.778480102711746,51.571857581481886],[4.778480114762184,51.57185668266397],[4.778481557138496,51.57185669017319],[4.778482999514806,51.57185669768241],[4.778484441891118,51.57185670519162],[4.778485884267429,51.57185671270078],[4.778487326643744,51.571856720209965],[4.778488769020058,51.5718567277191],[4.778490199346133,51.57185763404617],[4.778491641722476,51.57185764155525],[4.778493072048637,51.57185854788229],[4.778494502374856,51.57185945420933],[4.778494490324701,51.57186035302723],[4.778494478274545,51.5718612518452],[4.778495908600878,51.57186215817217],[4.77849589655075,51.57186305699013],[4.778494442124076,51.571863948299],[4.778773588684674,51.571915738529164],[4.778775043107544,51.57191484721678],[4.778775055152163,51.571913948398816],[4.778776509574947,51.571913057086455],[4.778777951953114,51.57191306459201],[4.778777963997674,51.571912165774044],[4.778779406375812,51.57191217327961],[4.778780860798453,51.57191128196718],[4.778782303176565,51.57191128947272],[4.778783745554677,51.571911296978165],[4.778785175888373,51.57191220330166],[4.778786618266512,51.571912210807156],[4.778788060644655,51.57191221831258],[4.778789490978466,51.571913124635984],[4.778563472978108,51.57220228678264],[4.778593644442079,51.57253413078628],[4.778596529237805,51.57253414580202],[4.778647600198653,51.57259823214417],[4.778697216855052,51.57266320977523],[4.778746857744127,51.57272638974933],[4.77887730689575,51.57289515917675],[4.778934003801378,51.57297006122554],[4.778990749056686,51.57304136797502],[4.779004920347737,51.57306031818052],[4.77892278437024,51.573161464417716],[4.778846526103291,51.57325455125411],[4.778774655019847,51.573343166467325],[4.778696929622754,51.57343804333378],[4.778630936105532,51.57351859912225],[4.778542944384168,51.57362600678082],[4.778490161201963,51.573689552525565],[4.778440310952364,51.573749517994464],[4.778389042238302,51.573807678295566],[4.778311379606255,51.57379019516699],[4.778215037689532,51.57376722141788],[4.778159477523144,51.57382266262657],[4.778105383778446,51.573876313686846],[4.778058502116217,51.57393000229463],[4.778001033584781,51.573912624161764],[4.77795505637907,51.573898901398735],[4.777913944286993,51.57395262001127],[4.777846856032964,51.5740071021206],[4.777824833312199,51.574035751527205],[4.777799865347556,51.57406887998251],[4.777787927633684,51.57409848082342],[4.777894499863296,51.57411162054661],[4.777897433010017,51.57410804030892],[4.777901736227849,51.57410986049388],[4.777870286747596,51.574195989141465],[4.778030133434605,51.574216597395335],[4.778013337812526,51.57428572369297],[4.778007242361453,51.57430996171005],[4.778001134843034,51.574335098544466],[4.777998105202965,51.57434586932612],[4.777990519035446,51.57437369509762],[4.777984375315632,51.574401528384044],[4.77797213609879,51.57445359968498],[4.777966088848921,51.574474242428806],[4.777938308196394,51.57450196297478],[4.777907594336816,51.574533263751846],[4.777894443304128,51.57454577955039],[4.777846190618295,51.57459406764599],[4.777828639774579,51.57461195379121],[4.777767513350699,51.57465208483761],[4.777680156946457,51.57471185449567],[4.777670778097668,51.57476573843671],[4.777662781358368,51.57482412398429],[4.777653378329484,51.574879805558595],[4.777645405683177,51.5749363934691],[4.777635966404419,51.5749947714942],[4.777626515032615,51.57505404833576],[4.777624976007014,51.575061231356514],[4.777535602725868,51.5750562709973],[4.777556551911691,51.57510761641284],[4.777570505992188,51.575142745505296],[4.777578871209143,51.57516436225048],[4.7775984021486,51.57521390250256],[4.777602572700234,51.57522560969175],[4.777617921061787,51.575264341568825],[4.777626286323509,51.57528595831045],[4.77763021551957,51.575315641849954],[4.777634060241855,51.575351617112204],[4.777635309634914,51.575366005713086],[4.777641846250581,51.57541637709555],[4.777643946793702,51.57547481527635],[4.777645316875446,51.575480215701425],[4.777647501903092,51.57553236215901],[4.777647381221023,51.57554135033453],[4.777648256509124,51.57558360227909],[4.777649397299057,51.57560608023746],[4.777650453612815,51.575634849918615],[4.777650163976304,51.57565642153967],[4.777651220291588,51.57568519122071],[4.777652107653663,51.575726544347226],[4.777651914562704,51.57574092542782],[4.777704274352089,51.57603153674434],[4.777725822005569,51.57614580687168],[4.777736613972565,51.576201593707275],[4.777747381832853,51.576259178176656],[4.77775551807747,51.576297872440314],[4.777754854428402,51.576347307403296],[4.777747358841236,51.576475808232004],[4.777747238175658,51.57648479640694],[4.77774757057561,51.57656749513471],[4.777758314401908,51.576626877236464],[4.777764815131071,51.576679945059745],[4.777768575607622,51.57672221203622],[4.777765678479784,51.57672309581714],[4.777764223882673,51.57672398711629],[4.777761326754638,51.57672487089711],[4.77775842962649,51.576725754677824],[4.777755520431751,51.576727537276],[4.777754065834296,51.57672842857504],[4.777752599170243,51.57673021869154],[4.777749689974988,51.5767320012895],[4.777748235377274,51.57673289258847],[4.777746768712847,51.57673468270489],[4.777745302048303,51.57673647282132],[4.777743835383645,51.576738262937674],[4.777743811250211,51.57674006057267],[4.777742344585378,51.57674185068902],[4.777742308385134,51.57674454714144],[4.777768298084402,51.57674288483824],[4.77778190291308,51.57680407960853],[4.777755925245747,51.57680484309726],[4.777788820630494,51.57693355443275],[4.777800372996187,51.57693271575891],[4.777817859124649,51.57702718932399],[4.777821885114305,51.577049682313486],[4.777831343452759,51.57709737226193],[4.777797356562905,51.57715742012384],[4.777798183752355,51.57720326733169],[4.777798147554949,51.577205963784046],[4.777796548152926,51.57721764089289],[4.777788611460366,51.57727153234957],[4.777779159801411,51.57733080919182],[4.777779111536516,51.57733440446158],[4.77776964778529,51.577394580120206],[4.77776019607528,51.577453856960254],[4.777750696072863,51.57751672906888],[4.777775998432099,51.57756629935756],[4.777807143477779,51.57761050680762],[4.777845356605863,51.57766553764535],[4.777851018264734,51.577673657071436],[4.77787650178688,51.57770974507678],[4.777889231498935,51.57772868789476],[4.777923249830713,51.5777738091647],[4.777954431350319,51.57781532012293],[4.777985624989159,51.57785593225538],[4.778015376115553,51.577896536864166],[4.778037147312398,51.57788676259968],[4.778073954563089,51.57793908939499],[4.778116435705047,51.57799863677433],[4.77814052528456,51.578031121938],[4.778121687424804,51.57803731597984],[4.778155947398472,51.57806446083306],[4.778219661789231,51.57804681506342],[4.778309438882139,51.57802211393202],[4.778403555645985,51.577996536445575],[4.778438309947646,51.57798682970011],[4.778506375935953,51.57796740866886],[4.778523747040691,51.577963004690815],[4.778604832235152,51.57794095472999],[4.778683020164451,51.57791978851622],[4.778859688113177,51.57787037046076],[4.778872719399796,51.57786684273361],[4.779011735720643,51.57782801512997],[4.779024766983341,51.577824487385826],[4.779156522064144,51.57778921736539],[4.779281028011281,51.57775660615082],[4.779343058263129,51.57775692861955],[4.779403284925729,51.57778420808589],[4.779479295655234,51.57781786171504],[4.779549381015877,51.57775530432592],[4.779635442631746,51.577684739984406],[4.779647091390154,51.57767671058707],[4.779641357232452,51.577673984153414],[4.779663212176589,51.57765791786152],[4.77965604748861,51.57765428511598],[4.779707042299877,51.57761679708863],[4.779721624258323,51.577605187401865],[4.779601279367702,51.577542539406586],[4.7795668865808,51.57752528196925],[4.779531075327112,51.577506219389974],[4.779479492254247,51.57747988379044],[4.779435085912789,51.577456282110035],[4.779387806544511,51.577431766598544],[4.77937061624776,51.57742268844102],[4.779433283819274,51.57737537352581],[4.779479926782558,51.57733966073847],[4.779497429907048,51.57732536962066],[4.779509078597315,51.57731734023677],[4.779542606156637,51.57729144694629],[4.779561563822482,51.577276264497534],[4.779608206582857,51.57724055165833],[4.779657770449769,51.5772021573372],[4.780032183497743,51.576929044724686],[4.780115237523122,51.57686745321839],[4.780201176390906,51.57680587662899],[4.780313368981932,51.57672286311452],[4.780367283306291,51.5766826933139],[4.780373089470524,51.57668002680506],[4.7804328338732,51.57663539282909],[4.780482360343661,51.57659969460782],[4.780502747920831,51.57658541830717],[4.780530492255712,51.57656039360967],[4.780549461296464,51.57654431218084],[4.78061008340715,51.57654193003714],[4.780696694988864,51.57653788490731],[4.780838134528066,51.5765332251627],[4.780841127626704,51.576525150762265],[4.780854626569894,51.576486568914426],[4.780856141123816,51.57648118348711],[4.780865084382085,51.57645965673773],[4.780874099659561,51.57643273708012],[4.780880061820586,51.57641838591298],[4.780893512681698,51.57638339933187],[4.780911471138455,51.576334952918586],[4.780929429556669,51.57628650650236],[4.780944442888386,51.576242539214704],[4.780950417004987,51.57622728922569],[4.780974277423415,51.576168985720294],[4.780992235708228,51.576120539293505],[4.781011648467089,51.57607120152396],[4.78102056756689,51.576051472397644],[4.781031049182168,51.57602276256889],[4.781050449855635,51.57597432361033],[4.781069874488626,51.57592408701232],[4.781089287078235,51.575874749228795],[4.781093746592766,51.575864884662515],[4.781102941613317,51.57582448271562],[4.78102482809574,51.57573239201458],[4.781038554665317,51.57567673260039],[4.781047497677041,51.57565520583525],[4.78107141766917,51.57559240821653],[4.781086382630606,51.57555203617958],[4.781092320607736,51.57553948263631],[4.781116372470632,51.57546679800932],[4.781120891935807,51.57545243935154],[4.781138957768707,51.57539590353631],[4.781143453221743,51.57538334251358],[4.781158478042494,51.57533847637634],[4.781172024352277,51.575296299214855],[4.781179476746833,51.5752783602347],[4.781201917878958,51.575218251564735],[4.781201953872077,51.57521555511061],[4.781221414001192,51.57516262202926],[4.781237845160607,51.57512045981055],[4.781243819029439,51.57510520980473],[4.781276777203234,51.575013694813215],[4.781311165722296,51.574923086104114],[4.781335132939608,51.57485669315404],[4.781416151253891,51.574839135317056],[4.781450878509161,51.57483122530475],[4.781620163215181,51.574793450312725],[4.781686720645467,51.57477851403487],[4.781786538730059,51.57475745777414],[4.78189650193741,51.57473285842631],[4.781935264333643,51.57463867665796],[4.781939579747131,51.57463959787637],[4.781991024589948,51.5745679537432],[4.781999811167816,51.57455811153889],[4.781942352307949,51.57453983652273],[4.781933129829995,51.5744741705266],[4.781921274108863,51.57438961441327],[4.781906897467294,51.57438594447046],[4.781902905634066,51.574360755159155],[4.781898985706802,51.57433017293841],[4.781926296499805,51.57433750535736],[4.781955049757779,51.574344845236446],[4.782058571148048,51.574370549688],[4.782193766838857,51.5744009123416],[4.782255600906753,51.57441561434972],[4.782289507980402,51.57436095807496],[4.782388726173197,51.57438484221077],[4.782464889083239,51.57440680926503],[4.782507259092418,51.5743665787802],[4.782535180527749,51.57432807132399],[4.782552777291996,51.57430658919536],[4.782524011989759,51.574300148281495],[4.782562317835578,51.574240121394915],[4.782591765386566,51.57419532965534],[4.782682412440322,51.5742128770616],[4.782776877831425,51.574160331479646],[4.782778224552848,51.57416752948275],[4.782795809173887,51.57414694613532],[4.782782886953877,51.57414238493795],[4.782800483528689,51.57412090277141],[4.782803416289534,51.57411732241003],[4.782843637356559,51.57413011462831],[4.782858253284044,51.57411580808882],[4.78288171531878,51.57408716518421],[4.782890525538032,51.57407552527539],[4.782971996425068,51.57402381125763],[4.783058423589438,51.57403324664496],[4.783085913792273,51.574027096517256],[4.783140133387537,51.573963556141415],[4.78314464010238,51.573950096220734],[4.78322409846642,51.57383275337772],[4.783221213586164,51.573832738476106],[4.783200820579091,51.5737391495948],[4.783292850299416,51.57343580343952],[4.783438005330005,51.57325947365252],[4.783279613903566,51.57323798142486],[4.783112209329175,51.57324340882405],[4.782983678326286,51.57325443015152],[4.782983702249777,51.573252632514624],[4.782802363948745,51.57322113337583],[4.782793757287131,51.57321749336595],[4.782781301995325,51.57317787825014],[4.782757893724042,51.57309416137859],[4.782755439674456,51.573061789002274],[4.78275624140857,51.573001568167705],[4.782756875614413,51.572953930790845],[4.782756211001694,51.57289550013608],[4.782772783496378,51.57284255186882],[4.782994818730673,51.57285089047923],[4.783169111050057,51.57286976860243],[4.783311036869848,51.57293611995849],[4.783617828448374,51.57297096262412],[4.783695005130149,51.57291652929987],[4.783771393189752,51.572921417949935],[4.783824645888572,51.572821917059976],[4.783830558859037,51.572811161010165],[4.783940970066882,51.57275240461937],[4.783966529931513,51.5726743339099],[4.784212118520729,51.57275560102012],[4.784370853179622,51.572859790736295],[4.784250333449172,51.57291939428549],[4.78418637790099,51.57295591855572],[4.784136965774286,51.57298352900038],[4.784088936302811,51.57301564095716],[4.78405249384828,51.57304421714454],[4.783998527405513,51.5730888827618],[4.78395760233114,51.57312912123712],[4.784077096159809,51.5731468163917],[4.784092855305772,51.57315498760067],[4.784182512092416,51.57313837129599],[4.784188114635492,51.573150984512175],[4.7842893226608,51.57313352881727],[4.7842836962198,51.57312271324318],[4.784369013687272,51.57310697330065],[4.784385881139586,51.57314031882868],[4.784455308143162,51.573126294658636],[4.784457357702418,51.57318922683493],[4.784459848769994,51.57321890272118],[4.78447440285567,51.573317854561154],[4.784489183711732,51.57339972884465],[4.78439244565698,51.57340642119713],[4.784222084110212,51.57341722822376],[4.784119084526647,51.5735695066451],[4.78385029339133,51.57349710843689],[4.783689350620574,51.573450434958055],[4.783744147811361,51.57356038116111],[4.783755364706609,51.57358470881559],[4.783659431980072,51.57374780986973],[4.783598335765546,51.57378614634092],[4.78346454373562,51.57386725369679],[4.783375789750333,51.57392432372605],[4.78329072921275,51.57402905341389],[4.783170499405312,51.57417494985435],[4.78347074057474,51.57426908512408],[4.78353884301452,51.57435483034855],[4.783545935788538,51.57436385576739],[4.783529889491052,51.57437725612732],[4.783509336534387,51.57440411641955],[4.783504925496604,51.574410385806495],[4.783543704562728,51.574423170336956],[4.783511372880681,51.57446794742219],[4.78350402910834,51.574477797188116],[4.783460886767879,51.57446768675611],[4.783434432398715,51.57450440424556],[4.783399108039233,51.57455725576829],[4.783465577064807,51.5746573746795],[4.783430384109188,51.574700339208476],[4.783281068640346,51.574755298677985],[4.783174759350898,51.574939019982516],[4.783164279343929,51.57496773000863],[4.7831567321135,51.5749928596638],[4.78314476176801,51.5750251575096],[4.783113087051008,51.575020499473105],[4.783102630906045,51.57504741185679],[4.783029196068999,51.57503714476165],[4.782925529044627,51.57502222698736],[4.782912116047991,51.57505451735443],[4.782894220058497,51.575098469992895],[4.782933059355811,51.57510676063442],[4.782916653702633,51.575147125457406],[4.78290023605607,51.575188389096226],[4.782895765036797,51.57519915255094],[4.782885272828337,51.57522876136933],[4.782909759171874,51.57523158455754],[4.782875074490669,51.57534466419607],[4.782859919749551,51.57539941755756],[4.782841808196573,51.575459548915134],[4.782823720526677,51.575517882633044],[4.782805572979618,51.57558071043898],[4.782733579843421,51.5755704506134],[4.78265007071902,51.57555833344382],[4.782563688621416,51.57554530247841],[4.782542775423533,51.57559912714265],[4.782523328617006,51.575651161625956],[4.782491982600472,51.57573010097263],[4.782456177262246,51.57581890492911],[4.782426309438614,51.575895155262586],[4.782405395914998,51.57594897990013],[4.782384470366974,51.5760037033518],[4.782469422747999,51.5760158281721],[4.782557248223004,51.576028866667194],[4.782640746218095,51.57604188272208],[4.782655147381787,51.576043754938695],[4.782725698739768,51.576054007356305],[4.782757374137415,51.57605866549843],[4.782809208796055,51.57606612447284],[4.782849503381727,51.57607352378053],[4.78293301350732,51.576085640808664],[4.782958918901275,51.57609026907807],[4.783052502750005,51.576104235836326],[4.783065461438322,51.57610610054939],[4.78314608665662,51.576118202519716],[4.783150414194854,51.5761182248753],[4.783229596944424,51.576130319336244],[4.783231039457569,51.57613032678705],[4.783308779736403,51.57614241374363],[4.783323180959872,51.57614428587801],[4.783395163185944,51.57615544415995],[4.783418207547277,51.57615825979346],[4.78347291550499,51.57616663218915],[4.783606806433119,51.57618709876499],[4.783560116494889,51.576335172942656],[4.783557917429227,51.57650055550638],[4.783283163838389,51.57665823856699],[4.783150245974337,51.57699822752352],[4.783124837724148,51.577064613384195],[4.782920391471698,51.57703389399479],[4.782831121406231,51.57702084831455],[4.782740408851418,51.57700779510927],[4.782641053075917,51.576993798266905],[4.782484103518874,51.57697141358783],[4.782263406925599,51.57696937316736],[4.782168343062854,51.57695809476618],[4.782168367021194,51.57695629713005],[4.782142329438103,51.5769615556837],[4.782139408420206,51.57696423720918],[4.782119320689717,51.5769560433442],[4.782081287512554,51.57699539725261],[4.782066933995787,51.576989929692864],[4.781950639480557,51.576947979320856],[4.781855887360475,51.57691333139707],[4.781831532020564,51.576900620989015],[4.781738366478582,51.576855194622155],[4.781713255949652,51.57689910972367],[4.781707329952991,51.576910764479074],[4.781689827683443,51.5769250559296],[4.781678131523584,51.5769366808038],[4.781643114945476,51.576966162511276],[4.781638727379056,51.576970634189706],[4.781597856653966,51.5770063777271],[4.781594935601061,51.57700905923892],[4.781552610273573,51.57704569410719],[4.781546768156997,51.57705105712844],[4.781514648483281,51.57707965492225],[4.781495679559349,51.57709573650715],[4.78146793542724,51.57712076143292],[4.781438748719467,51.57714577887898],[4.781424155353505,51.57715828759927],[4.781392035526498,51.5771868853589],[4.781377430139503,51.57720029289116],[4.781333673905679,51.57723602138733],[4.781324910654668,51.57724406590245],[4.781317625937294,51.577249421437685],[4.781285529972079,51.5772762215318],[4.781203835343408,51.57734411306994],[4.78116006683478,51.577380740318105],[4.781068069928708,51.57746385932851],[4.781063778267173,51.57746114044207],[4.781027282322926,51.577493310938486],[4.78112899580328,51.57754687209278],[4.781120244455937,51.57755401777436],[4.781063312625884,51.5776040599599],[4.780997785316544,51.57764956315758],[4.780981773111185,51.577660266707476],[4.780938088144263,51.57769060214596],[4.780923482460678,51.57770400962048],[4.780885507642929,51.57773886904557],[4.780873835076955,51.577748696202214],[4.780832939035546,51.577786237103425],[4.780824187595369,51.57779338276255],[4.78078475805296,51.57782913349164],[4.780775982582815,51.5778380767827],[4.780740952714134,51.577868457033524],[4.780739486130715,51.57787024718743],[4.780702977618306,51.57790331639841],[4.780689838383614,51.57791493368982],[4.780650396619986,51.57795158319068],[4.780641645119133,51.57795872883592],[4.780596372937709,51.57799984247548],[4.780549646089277,51.57804184743095],[4.780516058485805,51.57807223509738],[4.780502919154266,51.578083852367484],[4.780462022503416,51.57812139313687],[4.78045472552968,51.57812764743534],[4.780405065205552,51.57817323263264],[4.780345198587796,51.578226854762605],[4.78036815970184,51.578235962722246],[4.780560444379844,51.578313365229825],[4.780649416083122,51.578348883089305],[4.780812994086552,51.57841534970972],[4.780955017784778,51.578475412193676],[4.780963781339905,51.57846736770755],[4.781027903288718,51.5784191606025],[4.781062861382901,51.57839417317423],[4.78112314992886,51.5784169576671],[4.781189172882654,51.578442468487054],[4.781269537798566,51.57847434574699],[4.781347053638906,51.578503511549926],[4.781428861363283,51.5785353961747],[4.78153507331412,51.57857639594532],[4.781619754494821,51.57860919419838],[4.781700131998177,51.57864017234492],[4.781779067017811,51.57867114296746],[4.781793421030642,51.5786766105626],[4.781856571536665,51.57870120725098],[4.781827324090048,51.5787307188789],[4.781844539346483,51.578737999040094],[4.781901943549644,51.57876076819585],[4.781907785845245,51.57875540515785],[4.781983500475671,51.57881152760871],[4.782039210612931,51.578853164406475],[4.782113482967599,51.57890927930752],[4.782136720333541,51.57889771410868],[4.782175922130776,51.57887904046692],[4.782235476012123,51.57884878666628],[4.782310000120619,51.57888602626655],[4.782378777895906,51.578921438337716],[4.782449010355702,51.57895595901116],[4.782522092211614,51.578993191015826],[4.782603781933598,51.579034062999305],[4.782672560162711,51.57906947489792],[4.782741350467777,51.57910398793818],[4.782811571519016,51.57913940721213],[4.782884665933859,51.57917574017258],[4.783042300311348,51.5792556561276],[4.782997268273562,51.57927879433397],[4.782940599561241,51.579309063430685],[4.782927520314595,51.579316186882586],[4.782960389372861,51.57933972760441],[4.782993258465215,51.57936326831699],[4.783054728712403,51.57940583326506],[4.78311618711361,51.57944929699881],[4.783220517619961,51.57952354405424],[4.783375089206396,51.579616926928786],[4.783479432475668,51.5796902749354],[4.783545183693302,51.5797364572417],[4.783608085640977,51.57977992816428],[4.783633813944796,51.579798038556675],[4.78367526779975,51.57982701666187],[4.783745051778037,51.579786927214826],[4.783818303300698,51.579811574957695],[4.783903036222692,51.579840776287504],[4.783983477190064,51.57986725877658],[4.784066779632208,51.579895553728036],[4.784151524812322,51.57992385605993],[4.78423627009832,51.5799521583305],[4.784230439862136,51.5799566226664],[4.784283423392367,51.57998655888351],[4.784344812134413,51.58003541488104],[4.784383357510989,51.580066175497265],[4.784399310086909,51.580059965574286],[4.784461665774637,51.58003601724275],[4.784515937050082,51.580077645426194],[4.78457591932305,51.580123797413],[4.784729494496059,51.580183914794304],[4.784840851717142,51.580272578658985],[4.784953628170723,51.58036304748378],[4.785002880916491,51.58034802017731],[4.785072414149215,51.58032680512095],[4.785185405514005,51.58029233056584],[4.785206687597526,51.58031940651397],[4.785227969706395,51.580346482458225],[4.785315912189191,51.58046019395624],[4.7854150150349,51.58060272696399],[4.785523704820901,51.58078396103016],[4.785557613896472,51.580838068264676],[4.785574961595078,51.58083546087707],[4.785619876041926,51.58093007428979],[4.785646536265971,51.58098684084464],[4.78573216893022,51.58116615833496],[4.785535965304625,51.58116514902013],[4.785512882525805,51.58116503025554],[4.785879462181882,51.58170085021589],[4.785886810461566,51.58190852914558],[4.785759579169195,51.581928549079436],[4.785545607139603,51.58196160582495],[4.785576095610034,51.58205614502064],[4.785534173851963,51.582062221496415],[4.785573235201891,51.58216309695494],[4.785595556050861,51.582220740067925],[4.785609506610121,51.58225676701132],[4.785616469985306,51.58227567930046],[4.785627606632608,51.58230629848945],[4.785638767119442,51.58233512004106],[4.785647149405958,51.58235583738596],[4.785661064311692,51.582394560777246],[4.785665261420421,51.58240447003988],[4.78568338538495,51.58245220387272],[4.785698683510916,51.58249542877075],[4.785701509387417,51.58249993770266],[4.785721016591821,51.58255217304062],[4.785722375934672,51.58255847218779],[4.78574191891902,51.58260801106774],[4.785744685255345,51.58261701408912],[4.78576283320734,51.582662950272905],[4.785780921647883,51.58271338054419],[4.785783735636499,51.582718788292205],[4.785800452852976,51.58276381823209],[4.78580463811683,51.58277462630761],[4.785818589010672,51.58281065322488],[4.785826935740092,51.58283406701061],[4.785836677571422,51.58286108348716],[4.78584226985546,51.58287459543458],[4.785755587069257,51.58288313844649],[4.785673232436471,51.582891703657246],[4.78556631564061,51.58290283908668],[4.78545361595946,51.58291484354141],[4.785450730500884,51.58291482869389],[4.785503805659562,51.58337353025139],[4.785558665670218,51.583371115864175],[4.78564240437546,51.5833670522475],[4.785729016642287,51.58336390222966],[4.785817083550004,51.583359860748864],[4.785877714501873,51.58335747588889],[4.785872505078431,51.583423966169946],[4.785870836079561,51.583441036294495],[4.785867509986129,51.58347427772539],[4.785865674268741,51.583503931302566],[4.785862514882528,51.583524589280366],[4.785859057784802,51.58356771770931],[4.785858986334689,51.583573110617586],[4.785854015027248,51.58362162453566],[4.785852072118024,51.58365936747458],[4.78585046264524,51.58367194350828],[4.785845491317426,51.58372045742559],[4.785845431774061,51.58372495151577],[4.785840186532525,51.58379413824727],[4.785723239812896,51.583799828974314],[4.785742820617365,51.583955435795],[4.785762437285314,51.58410834615662],[4.785803113788592,51.58441417428422],[4.785718968176226,51.584448797823356],[4.786972482946259,51.585675017153555],[4.787002401745584,51.58570393483491],[4.787060832294248,51.58575906631639],[4.787722987585682,51.586316171837005],[4.787768719155208,51.58634966476652],[4.787821676863034,51.58638229583374],[4.787930573137935,51.586440382138306],[4.78800656908837,51.586476726685795],[4.788061112348638,51.58649857921979],[4.788619216852601,51.586631774515375],[4.788668214421241,51.5866365196816],[4.789146319450687,51.587146832090966],[4.789137555661138,51.58715487718423],[4.789041447520724,51.58733056590996],[4.788969040750935,51.58745963410033],[4.788875265756225,51.58745825550602],[4.788893176251709,51.587741493946076],[4.789136628309802,51.587991728559125],[4.789058510778867,51.58800660999973],[4.788910885523396,51.58804001228489],[4.788779179293734,51.58806990032457],[4.788682161637292,51.58809547135026],[4.788569177171451,51.588128151599605],[4.788469154897434,51.588162695857434],[4.788425678248254,51.58817685533415],[4.788332633030681,51.58822941277181],[4.78830344293007,51.58825443190305],[4.788278462878259,51.5882884613746],[4.788259278121122,51.588320722762305],[4.788248786341421,51.588350332030245],[4.788258471474331,51.58838184238656],[4.788274094309945,51.58840079884702],[4.788292638553893,51.58841707362938],[4.788315547111337,51.58843067412098],[4.788347172420581,51.588439824848265],[4.788377425997546,51.588443575271],[4.788416408170789,51.58844197710291],[4.788226806239378,51.5884850512743],[4.788167943660209,51.588462277827894],[4.788321156200435,51.588661714678125],[4.788698309104518,51.58916881515507],[4.788726752810329,51.58920042146189],[4.788746574529769,51.58922928700762],[4.78875221587012,51.5892392035392],[4.788746420439533,51.589240971641644],[4.788788866863902,51.589305009214684],[4.78901097627076,51.58964232605028],[4.78976353182992,51.589477183533475],[4.789851811390922,51.58945785912567],[4.790454024935284,51.58942228160017],[4.790535812646181,51.589567418320435],[4.790986973352382,51.590375114188994],[4.790989800242576,51.590379622991684],[4.790988109284103,51.59039849081827],[4.790977266752078,51.59056472805007],[4.790988824610928,51.59067355125419],[4.790778102693111,51.590676072386316],[4.790665515024204,51.59067819482927],[4.790356505109838,51.59069279814659],[4.790080600705418,51.59071386181989],[4.790220014652207,51.5909761471283],[4.790251500706849,51.591105746327024],[4.790267977121117,51.59116965078709],[4.790283022409929,51.59123264906194],[4.790300870972812,51.59130195378967],[4.790420805217361,51.59128998151629],[4.790533524417484,51.59127797231261],[4.790654913350124,51.59126510834227],[4.790743066059896,51.59125567026852],[4.790864443062482,51.591243704898524],[4.790993058594816,51.59122997854541],[4.79106964359462,51.59122227901451],[4.791066474217803,51.59124383594044],[4.79105711957336,51.59129682208162],[4.791047753098593,51.591350707039936],[4.791041485152855,51.59138842798113],[4.79106894938313,51.59138497245439],[4.791073018612413,51.591404768518046],[4.791085308974006,51.59145786498112],[4.791099006946179,51.59151366525156],[4.791105796909093,51.59154605947683],[4.791011930733189,51.59155097431021],[4.791014651418097,51.5915635724751],[4.791022589114395,51.59161844451343],[4.791030538638307,51.59167241773296],[4.791035873757028,51.59170570342449],[4.791011318968412,51.59170737601811],[4.790882796580438,51.591713911843875],[4.790710948397913,51.591722923211385],[4.7906590369194,51.59182962497366],[4.790617509923489,51.591914806602325],[4.790570021607261,51.59201433985977],[4.790558004723008,51.592050233691694],[4.790517483054479,51.592168678910404],[4.790496488807707,51.592228796650886],[4.790499754142674,51.592309712356716],[4.790501161713658,51.592312416172646],[4.790505195318714,51.59233490870823],[4.790517367072166,51.59239699340603],[4.790511370379529,51.592414041500795],[4.790509880070098,51.592417629410946],[4.79050238124178,51.5924391642333],[4.790493415733196,51.59246248932908],[4.790485893250076,51.592485821786234],[4.790482936261797,51.59249119996985],[4.790476927723702,51.592509146880616],[4.790469417044359,51.592531580518646],[4.790466436410828,51.59253875633774],[4.79046045150038,51.59255490561164],[4.790452928984797,51.592578238066466],[4.790449971986543,51.59258361624916],[4.790444010705481,51.59259796788622],[4.79043064509279,51.592626663796544],[4.790430609630125,51.59262936025044],[4.790418746145496,51.592653569432294],[4.790409792372432,51.59267599570313],[4.79040683536265,51.59268137388469],[4.790394936386764,51.59270827951786],[4.790387532029517,51.59272262378855],[4.790381570710266,51.592736975422184],[4.790368216838964,51.59276477250694],[4.790365283462893,51.59276835305151],[4.790354874773681,51.59279167077215],[4.790343011205869,51.59281587994585],[4.790341532692517,51.59281856903578],[4.790326747549335,51.59284545993368],[4.79031934314798,51.59285980419981],[4.790313417258852,51.59287145937595],[4.790298632081653,51.592898350270126],[4.790292753476994,51.59290641017346],[4.790286827574905,51.592918065348194],[4.790282415662129,51.59292433497976],[4.790283858710765,51.592924342344396],[4.79026614010269,51.592954813776636],[4.790245511720252,51.592987068111704],[4.790239597620213,51.592997824466025],[4.79022922428835,51.59301844572116],[4.790207081845161,51.59305608559123],[4.790199689196963,51.59306953103153],[4.790177570356315,51.59310537326003],[4.790173253019351,51.59310445234416],[4.79017178631265,51.593106242613935],[4.790161519362504,51.59311877450174],[4.790119032103196,51.59316709704132],[4.790119020275952,51.5931679958592],[4.790111710375069,51.59317514956858],[4.790075030726572,51.593220805105126],[4.79011237282439,51.59323447891518],[4.790142546957444,51.59324452061006],[4.790146852480378,51.593246340344926],[4.790181332154425,51.593258201764534],[4.790214368786917,51.59327005580846],[4.790231602727025,51.59327643591854],[4.790248836671988,51.593282816026054],[4.790323532920575,51.59330926470558],[4.790414032006886,51.593341187239496],[4.790467177069868,51.593360334836404],[4.790500213851652,51.59337218879971],[4.790592132616258,51.59340591619384],[4.790676871641038,51.59343691026318],[4.790773108052463,51.59347155841259],[4.790866482101676,51.59350439413208],[4.79095267637746,51.593534496541345],[4.791084824624634,51.59358191179098],[4.791084600267756,51.59359898933249],[4.791081194560662,51.59363852261367],[4.791074442170766,51.593713095085455],[4.791058499902568,51.59382807023392],[4.791059411582289,51.593868524396854],[4.791051393175158,51.59392960724142],[4.790986112041253,51.59395534195879],[4.790733589414099,51.59428214498858],[4.790739326335793,51.5942848708787],[4.7907550349376,51.59429753527784],[4.79089920444274,51.59441872003239],[4.790921998689584,51.59444130819123],[4.790954788343209,51.59447203720209],[4.79099176561329,51.59451357408641],[4.791042819675222,51.59458214905021],[4.79109238355359,51.594654311908414],[4.791150299235184,51.59474988813515],[4.791189419311056,51.59484806519177],[4.791041962281652,51.5948670890294],[4.790919097079192,51.594881743661404],[4.790803459169526,51.59489553613821],[4.790781788868388,51.59489722339702],[4.790675104970094,51.59488858945218],[4.790656368158853,51.59488669613623],[4.790633313833605,51.5948838819183],[4.790595863856894,51.59487829763444],[4.790542622408104,51.59486634063809],[4.790490965942962,51.59484360516612],[4.790436423311647,51.594820854945716],[4.790396359106992,51.59479458306304],[4.790357005025145,51.5948240452332],[4.790104046959996,51.59485421491163],[4.790049114147126,51.59486112549647],[4.789979738383003,51.594868861189255],[4.789771575445476,51.594894764473516],[4.789726863501602,51.59478307519593],[4.789398768870874,51.59482005054234]],[[4.776005459960196,51.58391753463759],[4.776058343291878,51.583847698376765],[4.776100957753544,51.58379039275149],[4.776179638102013,51.58362630884127],[4.776228688644664,51.583519598399135],[4.776307247083247,51.58336450256551],[4.776065229568355,51.58333627165723],[4.776021932775653,51.58322997754417],[4.775565058854396,51.583299499303514],[4.77554190234864,51.583304771468704],[4.775531778946196,51.58330651627908],[4.775513435179553,51.58327585840988],[4.775273407387392,51.583314153390404],[4.77515629094111,51.583332416980646],[4.775098460113804,51.58334110309919],[4.77511824636758,51.583371768584215],[4.774713393324921,51.58343526712942],[4.774258589278994,51.58345805287174],[4.774209378170715,51.58346948037057],[4.773430568496356,51.583658654675176],[4.773349507042665,51.583678004566885],[4.773516081485583,51.5839503406176],[4.77348565144653,51.584280069931964],[4.773449944561482,51.58467988418384],[4.773689473834122,51.58499934456592],[4.77380996113156,51.58515907835553],[4.773766510657396,51.58549143605167],[4.773915156391797,51.58548951902215],[4.77417613480178,51.58550347165227],[4.775142405311916,51.58564606136217],[4.77517614758301,51.5856048894764],[4.77513323897217,51.58557679963718],[4.775161137232588,51.58554099044904],[4.775161658432503,51.58550234134121],[4.775019050661942,51.585484516204474],[4.774846192541894,51.58546293698199],[4.774804423877559,51.58545732498767],[4.774840798256468,51.58511414332124],[4.774841744171417,51.58504403563799],[4.774915035842432,51.58495902579151],[4.774947347140309,51.5849169475985],[4.774992631358221,51.584875836189894],[4.775043589662147,51.5848419455048],[4.775107545096921,51.5848072239451],[4.77516994856324,51.58478058414814],[4.775387372171621,51.584707114785175],[4.775387432752451,51.584702620702394],[4.775885128449953,51.584495784362495],[4.775859485337239,51.58447138055624],[4.775798196631907,51.58441532959344],[4.775598715306946,51.5842282183646],[4.77557982607697,51.58423800725537],[4.7755727091295,51.584230778994],[4.775559893784728,51.58421812764898],[4.775601988420712,51.58419947132354],[4.775715335662794,51.58413983909416],[4.775805537840617,51.58408458015388],[4.775862350446832,51.584044427561935],[4.775901680329794,51.584016767876776],[4.775923563869881,51.58399890466626],[4.775973271400844,51.583950624962426],[4.775974726265286,51.583949733686495],[4.776005459960196,51.58391753463759]],[[4.766658710085744,51.5835932539744],[4.766599655787346,51.5835857495519],[4.766578051460421,51.58358293825705],[4.766530465411122,51.58358088794532],[4.76650016773791,51.58358072713833],[4.766469857772541,51.58358146513889],[4.766443863752412,51.58358312492216],[4.766396167064401,51.58358916389451],[4.76637590714094,51.58359355074452],[4.766362848653314,51.58359887470347],[4.765807347918336,51.58380985790966],[4.765804450105729,51.583810741392476],[4.765801539987283,51.58381252369055],[4.765798642174392,51.583813407173245],[4.765795732055548,51.583815189471146],[4.765720302725038,51.5838444517008],[4.765559159819494,51.58391640455792],[4.765540280871717,51.58392529300829],[4.765519959159188,51.58393417378578],[4.765501067884625,51.58394396104505],[4.765482176601915,51.58395374830123],[4.765463297623543,51.583962636739095],[4.765444406324921,51.583972423989124],[4.765425515018154,51.5839822112361],[4.76540662370324,51.58399199847997],[4.765393515731981,51.584000917591055],[4.765378977309997,51.584008930213926],[4.765365881642841,51.58401695050662],[4.765352773656362,51.58402586961311],[4.765339665664729,51.584034788718114],[4.765326569983158,51.58404280900637],[4.765313461981478,51.58405172810836],[4.765300353974645,51.584060647208915],[4.765287245962658,51.58406956630794],[4.76527265823473,51.58408117417837],[4.76525664005361,51.584091875558684],[4.765242052310673,51.58410348342521],[4.765227464560266,51.58411509128988],[4.765212889119891,51.58412580033752],[4.765198301354839,51.58413740819853],[4.765183713582322,51.58414901605769],[4.765169125802334,51.584160623914975],[4.765155968461083,51.58417313825995],[4.765141380666231,51.58418474611377],[4.765128235629519,51.58419636164032],[4.764995292835133,51.58431610440816],[4.764860783319395,51.584444827495865],[4.764585583975123,51.58473190337132],[4.764551832760145,51.58477307218869],[4.764507821675758,51.58482587181609],[4.764453513653741,51.58489299868678],[4.764424152232428,51.584929696440085],[4.764397676343388,51.584966409553154],[4.764358005600935,51.58501833335866],[4.764321220353923,51.585070272519594],[4.764296187093571,51.58510699329363],[4.76427114145608,51.58514461287713],[4.764254949947096,51.58516789752819],[4.764223997339457,51.58521537332422],[4.764086596352063,51.585449249168995],[4.764063585513114,51.585443733276364],[4.764026515728341,51.585516345085246],[4.764050957066044,51.58552276748814],[4.764024406478004,51.58556487340347],[4.763994920851523,51.58561055919486],[4.764135859709507,51.585644568753196],[4.764119569234051,51.585675043903656],[4.764119544554636,51.58567684153352],[4.764205730825115,51.5857051659938],[4.764199897880976,51.58570962932404],[4.764374823349196,51.58579056143498],[4.764398192094602,51.58577001163253],[4.764478644448931,51.58579560871205],[4.764556186597695,51.58582298800277],[4.764636626805894,51.58584948378876],[4.764719940418171,51.585876893694056],[4.764735527892399,51.5858976509154],[4.764792883210473,51.58592402371887],[4.764807225131962,51.585930392211594],[4.764826215990941,51.585913414547555],[4.764849190185169,51.58592162673551],[4.765113474098337,51.58601022427518],[4.765191029316787,51.58603670433055],[4.765343069639728,51.586103131169274],[4.765480743688586,51.586164987032355],[4.76548361703229,51.586165901188146],[4.765562800232197,51.586178906441376],[4.765541898862207,51.586230031528835],[4.765540394473048,51.586234517934685],[4.76553601673414,51.58623809018605],[4.765622401920227,51.586252032562406],[4.765773566893861,51.586277105678995],[4.765734884011319,51.58636229377258],[4.76569313067611,51.58646094874346],[4.765688654456038,51.58647171152119],[4.765852645774562,51.58650853814234],[4.766078494983815,51.586559176287075],[4.766216589569126,51.5865904715704],[4.766231374636645,51.58656448254305],[4.766283747318765,51.58653329980137],[4.766291023004615,51.58652884402773],[4.766296843552265,51.58652527940851],[4.76634776100935,51.58649498779277],[4.766349216144147,51.58649409663725],[4.766443664550125,51.58644605845793],[4.766545376103495,51.586394463227435],[4.766639774934525,51.58635002014946],[4.766648493390324,51.58634557200946],[4.766748626486795,51.586303855912604],[4.766824083824859,51.58627279540068],[4.766847304281781,51.58626303089128],[4.766925696283288,51.586228390359366],[4.766999722828094,51.58619642326561],[4.767021488096496,51.58618754988513],[4.76714338572238,51.586136960063854],[4.767243505626468,51.58609614235627],[4.767310268498087,51.58606773208289],[4.767316064353523,51.5860659650432],[4.767377227691064,51.586024940725416],[4.767401976649931,51.58600889204471],[4.76743400107831,51.58598838751341],[4.767527164002846,51.585928656207],[4.767613088044237,51.58587068423644],[4.767699257242926,51.58579473589368],[4.767903082489119,51.58587311914587],[4.767882637710951,51.58589098848635],[4.767929980959858,51.585911014560295],[4.767972971259485,51.585932815327254],[4.768038887346758,51.58596642290241],[4.767983287504487,51.586022757988296],[4.767911571142284,51.58609698531281],[4.767864750609023,51.586144378028905],[4.767855958715654,51.58615421915241],[4.767861693232266,51.58615694616278],[4.767841211510979,51.58617751194162],[4.76785555394187,51.5861838800611],[4.767805859865219,51.58623035865542],[4.76778685771871,51.58624823562],[4.767763269438676,51.58628496477812],[4.767747042506125,51.58631094635898],[4.767833195455973,51.58634196459557],[4.767828781087411,51.58634823337924],[4.76786186815748,51.58635559965016],[4.767972353262546,51.586401128725356],[4.767978087817324,51.58640385573004],[4.76811867658061,51.586463926140915],[4.768234884533161,51.58651308078139],[4.76832239524489,51.58655039800267],[4.768345345884201,51.58656040713565],[4.768437650977161,51.5865635921886],[4.768496795230334,51.58656480397934],[4.768568912810347,51.58656698324697],[4.768744780278393,51.586579598855316],[4.768753400586816,51.5865823410822],[4.769274925069566,51.58674869403789],[4.76932236772497,51.58676152902451],[4.769648463280659,51.586868420413545],[4.769755882298645,51.586927414802425],[4.770116194571145,51.5872771831585],[4.770126343508996,51.58727364118809],[4.770162170711699,51.587291807823114],[4.770156301485543,51.58729896789747],[4.770686435537785,51.587469854323224],[4.770728242166514,51.5874727713428],[4.770769545992541,51.58740647193208],[4.770993803669665,51.58746877759365],[4.771042678234505,51.58748251830161],[4.771173381704345,51.5875272519651],[4.771179128794737,51.58752907999726],[4.771202800363727,51.587486058440035],[4.771233796033273,51.5874349855332],[4.771289881514788,51.58734269627283],[4.771291360976489,51.58734000742418],[4.771305753051955,51.58734277985805],[4.771358708607028,51.58726845168243],[4.771350075813121,51.58726660846312],[4.771351543071746,51.58726481842948],[4.771442793368788,51.58713316354383],[4.771658551933804,51.58718373774386],[4.771688006500071,51.58713984764687],[4.771727731677005,51.587083427273726],[4.771760819920299,51.58709079244278],[4.77190713596504,51.58683538152142],[4.771964820580902,51.586731414913174],[4.771927416209064,51.586723128213606],[4.771477158554809,51.58662098284287],[4.771516749408238,51.58657444951332],[4.77160264099511,51.58641220436788],[4.771671709965286,51.58631998326592],[4.771648734329283,51.58631177241653],[4.77166931191138,51.586284015440846],[4.771666450625375,51.586282202620936],[4.771675266098875,51.58627056357781],[4.771693526478075,51.58609447918605],[4.771658073163451,51.58594238184867],[4.771631476331619,51.585882016888185],[4.771624859592689,51.58583793693384],[4.771672541386427,51.585726726770176],[4.771616783033332,51.58536957786593],[4.771469377482976,51.58517374486236],[4.771517184907853,51.58515961447882],[4.771530426133883,51.58514080770472],[4.771337718339781,51.584880915526746],[4.771303225578541,51.584870846192906],[4.771258316167756,51.58488409287179],[4.770875756999386,51.584367018951845],[4.770800754895697,51.58425875801508],[4.770493654405968,51.58434792584136],[4.770074994677037,51.58447066166704],[4.770008370333002,51.58448918655541],[4.769245065922094,51.58470268468978],[4.768468916623607,51.5836352052326],[4.768339985027414,51.583673174865886],[4.768331365296033,51.58367043260878],[4.768322696542744,51.58367128561369],[4.76828501346204,51.58368367051234],[4.768282127962032,51.583683655241],[4.768279230205422,51.58368453878526],[4.768277787455392,51.58368453114954],[4.768274914212022,51.5836836170624],[4.768272028712024,51.583683601790796],[4.768270598218803,51.58368269533935],[4.768267724975695,51.58368178125198],[4.768266294482615,51.58368087480049],[4.768264876246481,51.58367906953324],[4.768247869678867,51.58365650750981],[4.767974110990403,51.58373415974326],[4.767948031094109,51.58374211157018],[4.767931012397221,51.58372044831659],[4.767926733198335,51.58371683013403],[4.76792244173645,51.583714110766905],[4.76791669526048,51.58371228257506],[4.767909506034201,51.583710446742664],[4.767903747295167,51.58370951736578],[4.767837294904056,51.58371545760004],[4.767765096024951,51.5837195695972],[4.767694388956906,51.58372009393041],[4.767603483373001,51.5837205112058],[4.767514094169378,51.583715543162334],[4.767433373763014,51.583709722112296],[4.767344021425226,51.583702057492225],[4.76727771629052,51.58369721162196],[4.766963896869165,51.58364431143617],[4.766658710085744,51.5835932539744]],[[4.784558210121452,51.59047699727932],[4.786096966195177,51.59000761126284],[4.787240187345362,51.58965572760578],[4.787876286939143,51.589458539001065],[4.787477924625991,51.588918967469],[4.787191493388625,51.588536373733454],[4.786957312866329,51.58824033981772],[4.78659226902479,51.58780161057318],[4.786330752958635,51.58750004169758],[4.786239694375258,51.58740249489662],[4.785977909079507,51.58712159803888],[4.785368921719927,51.586473070588376],[4.785226568824934,51.58632671952709],[4.785148262007916,51.5862472150689],[4.784914738317231,51.58601230408048],[4.784513053027757,51.58561922225847],[4.784196832247975,51.58531017549388],[4.783792225994436,51.58492067158402],[4.783454504758481,51.58460162414763],[4.782784823628,51.58396535380759],[4.782301800619062,51.58350712444944],[4.781938286906242,51.58317625366971],[4.781902650002184,51.58314370955388],[4.781798421255523,51.58306137197711],[4.781804240142143,51.58305780658222],[4.781744292796988,51.58300895673037],[4.781737031180355,51.583012514652715],[4.781324509020166,51.58267869153454],[4.781280228625986,51.582645203563004],[4.781088656542352,51.582512974369195],[4.781018599684499,51.58246497061937],[4.780972840997271,51.582434171505476],[4.780831997269509,51.58250085726676],[4.780435504682454,51.58269565536679],[4.780429793875438,51.58269113133704],[4.780271467612571,51.58277031003227],[4.780274329022342,51.582772122642346],[4.779243241422729,51.58327103837437],[4.779138726003986,51.58331813560937],[4.779132906875011,51.583321700871146],[4.779457611045847,51.5839633911399],[4.779713677563266,51.58391258657232],[4.77973339500794,51.5839486441834],[4.779788219236218,51.584056794515185],[4.779766517624622,51.58406117619345],[4.779904312631335,51.584330656862136],[4.779934695048509,51.58432452247603],[4.779949062649376,51.58432909148035],[4.779956084106111,51.58434351001402],[4.779948749981578,51.5843524607275],[4.779940069286981,51.58435421341108],[4.780000545356522,51.584471381780425],[4.780009226071236,51.58446962909239],[4.78002359372553,51.584474198087584],[4.780027777768606,51.58448500636638],[4.780021886413539,51.58449396457509],[4.779991503894509,51.58450009898359],[4.780108188751753,51.58472991907998],[4.780129265493869,51.58477227583301],[4.780150967411098,51.58476789408817],[4.78019595854511,51.584856217821],[4.780207212366259,51.58487784934287],[4.780269096554124,51.58499772151047],[4.779872772633284,51.5850702709996],[4.779271052326392,51.58518040343463],[4.77925552871254,51.585262120782694],[4.779227162244754,51.585440850361415],[4.779225647194133,51.585446235762795],[4.779229349522627,51.5854929967497],[4.77923793213039,51.585606300197384],[4.779230318700681,51.58574378919594],[4.779196650134535,51.585887434894175],[4.779184373031454,51.58594220272025],[4.779195903583889,51.58594316154676],[4.779227609595493,51.585946023018],[4.779207576540682,51.58604120010612],[4.77921333580924,51.58604212892691],[4.779192604286328,51.586189437395255],[4.779129849722574,51.58635001056283],[4.77916725511194,51.5863582949601],[4.779150938339173,51.58639146866924],[4.779141510595236,51.586448947942316],[4.779142941393157,51.586449854261055],[4.779125745449657,51.586548641601745],[4.779181522637545,51.58658578566074],[4.779218711493842,51.58661024874632],[4.779305978636119,51.586666432916395],[4.779393221919465,51.586724414655315],[4.779453304020581,51.586763378714785],[4.779484769907238,51.58678421645598],[4.779570582826619,51.586841291748165],[4.77967070418809,51.58690743010099],[4.779730654429752,51.586956281004746],[4.779743664200146,51.58695455082121],[4.779835694871413,51.58687053413693],[4.78024892884492,51.58704526433199],[4.780672218011097,51.58722364071854],[4.780684049224152,51.58720212897185],[4.780663909182572,51.58719753012522],[4.780681631969249,51.58716706014],[4.78068311086908,51.587164371171596],[4.780703779413168,51.5871294220631],[4.780723919428612,51.58713402090277],[4.780726889232162,51.587127744147764],[4.780732648669961,51.58712867289387],[4.780895170024683,51.58684457080153],[4.781384348382851,51.58695137583351],[4.781608786384116,51.587001077716344],[4.781625185536037,51.58696161194283],[4.781634082543095,51.58694368042515],[4.781625449390426,51.586941837963906],[4.781628395070035,51.58693735882012],[4.781648547087597,51.5869410586834],[4.781706105454589,51.58695304212935],[4.781705325987632,51.58701146524951],[4.781702308359498,51.58702133729859],[4.781726765015153,51.58702685719358],[4.781663270956629,51.587135292853254],[4.781587015131466,51.58711871816975],[4.781576651219694,51.587138439846136],[4.781593917596496,51.58714212477527],[4.78156732234576,51.58718872877827],[4.781587462475646,51.587193327469386],[4.78154164211994,51.58727488820354],[4.781556034806216,51.58727765937662],[4.781490977154043,51.5873950756389],[4.78147178795566,51.58742733590818],[4.781497819630618,51.587422976335404],[4.781630875666362,51.587400294509536],[4.781635060359511,51.58741110272919],[4.78169580486604,51.58740063069297],[4.781756049681666,51.58753577448174],[4.781707295556398,51.587620915607886],[4.781701356154407,51.58763346916745],[4.78154020958485,51.58759847733158],[4.781541544504838,51.587606574158286],[4.781558895021236,51.587603967372594],[4.781570054211179,51.58763278929769],[4.781548375048739,51.587635373668604],[4.781518797734043,51.58768915325092],[4.781475211411412,51.58771139949533],[4.781211496231732,51.58800936014671],[4.781169366900546,51.588138580461155],[4.781037686053925,51.588490258707544],[4.780989820156502,51.58861675258522],[4.780954421861298,51.58867409736963],[4.780875882036173,51.588828297449865],[4.780866984357044,51.58884622890593],[4.780879838512394,51.58885618321777],[4.781183735091293,51.58911573663909],[4.781192452658129,51.589111287414255],[4.781684937080938,51.589512940566806],[4.781752023683839,51.589568119504186],[4.781766537024887,51.58956190248159],[4.781936356006798,51.58948817448367],[4.782174375861944,51.589386034943374],[4.782217939490076,51.58936558607773],[4.782266484031632,51.58940448897973],[4.782414944139766,51.58952570657372],[4.78242220674798,51.58952214861283],[4.782450754097033,51.58954566708455],[4.782920334705707,51.58993461222372],[4.783386998383753,51.589784212995745],[4.783484106324307,51.589752354657165],[4.783501493422936,51.58974705113303],[4.783630489452273,51.58970457072083],[4.783643535727282,51.58970014365293],[4.783858035601464,51.589630238960495],[4.784558210121452,51.59047699727932]],[[4.773600310579532,51.59212789229063],[4.773699854636294,51.592130212243084],[4.773752289395802,51.5920945320942],[4.773920731981709,51.59169721183183],[4.775156770459547,51.591856496057645],[4.775267942945279,51.591852583372116],[4.775428650389816,51.5918138733956],[4.775526944701532,51.59180180318757],[4.776008207822478,51.591856454122585],[4.776826278868536,51.591976681688315],[4.777340777657775,51.591920938419705],[4.777271260697261,51.59172462023615],[4.776987653809962,51.59113707159145],[4.776943948597114,51.59106043881188],[4.776927800750969,51.59086619661389],[4.776911464125309,51.590793302140646],[4.776913451065945,51.59075286293687],[4.7787057249658,51.59075501034421],[4.779310061175259,51.59045523068089],[4.779482737304127,51.59038421771372],[4.779648053671892,51.590323952812085],[4.779527005304002,51.58998804198568],[4.779644524450926,51.58972528090825],[4.77946695951622,51.58962278500541],[4.779405514954629,51.589577521740544],[4.779449104085489,51.58955527627567],[4.779546467031512,51.5895045460589],[4.779585703143302,51.589484075685284],[4.779622029279273,51.58946538793989],[4.779672893039135,51.58943868578718],[4.779732474505753,51.58940753449664],[4.779790600926486,51.589377274498375],[4.779787234576325,51.589305346672866],[4.779783519347247,51.58925948453407],[4.779779900371271,51.58920643186057],[4.779744934057887,51.589123553357254],[4.779698003358892,51.589072073471286],[4.77981560198964,51.58901875150508],[4.779999141975648,51.588890265933905],[4.77996639985481,51.58885683740439],[4.779914996097715,51.58881612093131],[4.779822012568462,51.58875541315995],[4.779488907002818,51.58852267076344],[4.78012406224657,51.58828956417107],[4.779816125263976,51.58800931272666],[4.779676177955005,51.5878998214282],[4.779616742836208,51.58792018689458],[4.779401702854579,51.58803053057694],[4.779186420985331,51.5881588501972],[4.77901052291578,51.588040182397926],[4.778946146981193,51.58799849914987],[4.77877201840332,51.58785557044314],[4.778580633031871,51.587815922808176],[4.778823299577186,51.587474712320116],[4.778628189797047,51.58739010140653],[4.778368513454071,51.58727818766998],[4.778052880410953,51.587142611040065],[4.778091094506858,51.58709067506075],[4.777925986091454,51.587028691202995],[4.777901011011596,51.58706181963258],[4.777758120621926,51.58727950283987],[4.777572582474266,51.587234490733785],[4.777437387924024,51.58720142626177],[4.77739922129573,51.58724976675908],[4.777426273438212,51.58727687419872],[4.777306557237017,51.58738051997812],[4.777013372014081,51.587292698217304],[4.776907095447469,51.58725528960856],[4.776759145251672,51.58720507907281],[4.776127044562493,51.5869968334426],[4.775993347787232,51.58717411297417],[4.775865082424475,51.587376589377456],[4.776112553957235,51.5874300177426],[4.775924113479753,51.58770768566037],[4.775802624793982,51.58794255708041],[4.775712648417542,51.588194671854865],[4.775693115656412,51.5882520980235],[4.775645792288486,51.58833724414157],[4.775609975621512,51.588425147053044],[4.775576826578009,51.58852924373776],[4.775382555372583,51.58848957577833],[4.775181082114258,51.588448970926635],[4.774695903494166,51.58836643065977],[4.774660266942969,51.588440851034484],[4.774386062579946,51.58876391014353],[4.774259677626577,51.58893313610476],[4.773529512450279,51.588932902623995],[4.773508901841904,51.588856389695856],[4.773270541099847,51.58887581293183],[4.773172106600154,51.5888986670466],[4.772848199654639,51.58894820217028],[4.772684874124039,51.58864801713045],[4.772533076521919,51.5886687925447],[4.772452888373588,51.588516460377484],[4.772348609557888,51.58854467635743],[4.772260465516151,51.58823409936573],[4.772250864608031,51.58819719480729],[4.771697163331574,51.58827338349374],[4.771121084603493,51.58840338448501],[4.770914102886064,51.58844993460596],[4.770939257349716,51.58851029211433],[4.77097859684276,51.58858870195768],[4.771163725422523,51.58887641995226],[4.770888424003378,51.58895946422576],[4.770832616475723,51.58903108051747],[4.770786284301842,51.58904252176776],[4.770648718350839,51.58907775183044],[4.770611312288546,51.589069464708736],[4.77044590155792,51.589029940692846],[4.770099245534174,51.58894811176583],[4.770007082159279,51.588934142231224],[4.769860246953266,51.58890819860956],[4.76965287061622,51.58887744074288],[4.769429036084084,51.58878367396841],[4.76943780367777,51.58877563035992],[4.769348930510168,51.5887320146413],[4.769334317840182,51.58874542064397],[4.769077677250441,51.58862361458751],[4.769096643161567,51.588608433863726],[4.769035002201724,51.588578445026464],[4.769006315500564,51.588565709074665],[4.768883009405388,51.588507528903406],[4.768680870801081,51.58841027986338],[4.768481594349956,51.588314843372196],[4.768365479574576,51.58825849845381],[4.76820780314261,51.58818125920759],[4.767664591031764,51.587911415443344],[4.767486863940648,51.58782328243257],[4.767574529039464,51.58774374658539],[4.767624225016792,51.58769726809846],[4.767625704707184,51.58769457929664],[4.767628725441976,51.587684707616624],[4.767528264054864,51.58764462462536],[4.767567737129442,51.58760708079781],[4.767572127113246,51.587602609655505],[4.767440045494356,51.587553370249545],[4.767404900983368,51.587590936974266],[4.767222576901938,51.58752255455745],[4.766925290623662,51.58741940472679],[4.766864965851175,51.58750447839669],[4.76687215563544,51.58750631429368],[4.766848602816283,51.58754034681555],[4.766735033715665,51.587509182412795],[4.766742407821408,51.5874975360903],[4.766709344680558,51.587488371871885],[4.766627568100538,51.58745378051625],[4.766656990834356,51.58741258814144],[4.766600927924263,51.58739700968931],[4.7660259461345,51.587235754164965],[4.765969800875052,51.5873316361439],[4.765945026079112,51.587349482147765],[4.765894947307413,51.58742382318673],[4.76587580854648,51.58745158680235],[4.765891630887684,51.587455266382705],[4.766032539994059,51.587491970106285],[4.76597064754207,51.58758602379823],[4.765927798471948,51.58776467337989],[4.765879199009363,51.587836325628565],[4.765490871334158,51.58805898203172],[4.765106271802983,51.58790412720612],[4.764805068541094,51.5881919641426],[4.764549146353962,51.58843959177507],[4.764384778372015,51.588640065785846],[4.764383335465269,51.5886400581018],[4.764381657827061,51.588762296906836],[4.76437155745263,51.58876224311787],[4.764374023857852,51.588792818187294],[4.764382681327484,51.58879286429195],[4.764383963876564,51.588804556567595],[4.764385234090729,51.588817147657906],[4.764386516641126,51.58882883993348],[4.764376416251875,51.58882878614492],[4.764377661793154,51.58884317486478],[4.76438776218561,51.588843228653204],[4.764389007730864,51.58885761737293],[4.764391683855562,51.58887291259132],[4.764392917067401,51.58888820012568],[4.764395605530563,51.588902596529216],[4.764398281660075,51.588917891747386],[4.764400957791368,51.588933186965455],[4.764403646259691,51.58894758336875],[4.764406322394503,51.58896287858672],[4.764397664892398,51.588962832483716],[4.764400341026071,51.588978127701765],[4.764410453783725,51.588977282673596],[4.764413191597892,51.588988083817696],[4.764415917078337,51.5889997837765],[4.764418654895144,51.58901058492046],[4.764422786292561,51.589024989006866],[4.764426917692585,51.589039393093124],[4.764431049095212,51.589053797179204],[4.764435180500445,51.58906820126511],[4.764439311908283,51.58908260535085],[4.764444886240017,51.589097017119805],[4.764449029987925,51.58911052239045],[4.764454604326139,51.5891249341589],[4.764460178667881,51.58913934592703],[4.764465753013143,51.58915375769492],[4.76447133969591,51.58916727064782],[4.764478356972109,51.58918169009806],[4.764483931328294,51.58919610186503],[4.764490960946525,51.58920962249979],[4.764497978235458,51.589224041948796],[4.764505007862172,51.58923756258265],[4.764465518499118,51.589276004179204],[4.764466961426109,51.5892760118623],[4.764566437131473,51.58938800265728],[4.764570790587379,51.58938622807323],[4.764712790395582,51.589554175701075],[4.764772493748232,51.589620111721736],[4.764836550748349,51.58968427311799],[4.764837981361504,51.58968517961122],[4.765071492450621,51.58980956859033],[4.765166147701107,51.58985231943605],[4.76538695727672,51.589955965976],[4.765376721155413,51.58996579923611],[4.765411130253065,51.58998216202168],[4.765554501760644,51.590050340186146],[4.765769553676249,51.59015305651123],[4.765857069360795,51.590190375574394],[4.765960408503517,51.59023137414391],[4.766165644389613,51.59031336334735],[4.766175695909653,51.59031701224137],[4.766388344131877,51.590384658326556],[4.766506138426788,51.590423935377885],[4.766794908487335,51.59051805220335],[4.766830822922413,51.590529928151604],[4.76729917982192,51.59068252449489],[4.767552038350341,51.59076476364903],[4.76792697439565,51.590889896065605],[4.768084855950986,51.590952754646125],[4.768178134755392,51.590991001343994],[4.768258524941834,51.591021988720385],[4.768311633379687,51.591042944000485],[4.768394897462749,51.59107484536971],[4.768582948255524,51.591147750569256],[4.768663351248596,51.59117783885269],[4.768781051584726,51.591224304137306],[4.768792766991379,51.59121178176382],[4.76889324963329,51.591250964855995],[4.76888155873887,51.59126168960921],[4.768904524127914,51.59127079981734],[4.769571906258491,51.59153949559129],[4.769585027828129,51.5915296772044],[4.769655331159126,51.591559711466445],[4.769645095598118,51.59156954509975],[4.770170349654356,51.59178445297112],[4.770369534917343,51.591887975924465],[4.770522874426969,51.59196698706345],[4.77132206710958,51.59145703897518],[4.771361320811264,51.59143567255815],[4.772039130819383,51.5917880048987],[4.772712401875799,51.591943454786836],[4.773600310579532,51.59212789229063]]],[[[4.772319298112001,51.58985598791559],[4.772488762628734,51.59012923930263],[4.772486461451579,51.59029911547726],[4.772463605613702,51.59049495112494],[4.772336131036839,51.59063720290721],[4.772125159345776,51.590551598899516],[4.772180747445252,51.59049616068202],[4.77221730887258,51.590460397747165],[4.772261603096998,51.59027995582132],[4.772251916500426,51.590249342978645],[4.771963901599117,51.58977951188394],[4.772192910084567,51.589705210448166],[4.772319298112001,51.58985598791559]]]]}}]}