{"type":"FeatureCollection","name":"beschermde_gezichten","features":[{"type":"Feature","properties":{"gezicht_uri":"https://linkeddata.cultureelerfgoed.nl/cho-kennis/id/gezicht/10134190","gezichtsnummer":"196","naam":"Nijmegen - De 19de-eeuwse Stadsuitleg"},"geometry":{"type":"MultiPolygon","coordinates":[[[[5.879482503628584,51.83969532261973],[5.879465209928217,51.83970618135585],[5.879397436886675,51.83974511615146],[5.879282076367584,51.83981121594191],[5.879173940918592,51.839874588778905],[5.879236990897874,51.83993454726251],[5.879294178192611,51.83998913720783],[5.879480417802175,51.840168125725064],[5.879610357564777,51.84010825650398],[5.879723203998173,51.84021025163046],[5.879564205038734,51.84026664751894],[5.879366186185823,51.84033758843754],[5.879330107941751,51.84035571672815],[5.87853475166651,51.84073836385868],[5.87819986386384,51.84089976066135],[5.877830345244571,51.84107927827048],[5.877795707007697,51.84109650121494],[5.877764951714929,51.8410705631947],[5.877678558631328,51.84099901647648],[5.877540123002712,51.84107869370372],[5.877382892176447,51.84116474122077],[5.877400441372621,51.841177251785595],[5.877386009492598,51.84118450286149],[5.877369911313937,51.841171986233164],[5.877260269973696,51.84123086932835],[5.877276368143039,51.84124338597162],[5.877189805891316,51.84128958873121],[5.877173717510864,51.841277970883546],[5.877128999971523,51.84130242650308],[5.877181706229068,51.84134535114763],[5.877401434150038,51.84153498926368],[5.877290252884452,51.841585789180435],[5.877207935479345,51.841622086889565],[5.87702022063763,51.841707362353596],[5.877018769603976,51.841707368410646],[5.876827633918003,51.84174501888722],[5.876826182883102,51.84174502494185],[5.87660670030011,51.84184481386194],[5.876450759782611,51.84191647315679],[5.876402426200217,51.84187532765375],[5.876351180865303,51.84183329542064],[5.876291971469631,51.84185960882277],[5.87622988921393,51.84188863071208],[5.876170699197732,51.841916741667994],[5.876063985839466,51.84197830797402],[5.87607424073417,51.841987253731894],[5.87610353487849,51.842012299430884],[5.875908619622263,51.84210299619124],[5.87595844307682,51.84214773108274],[5.876005364531509,51.84219247804179],[5.8758696097539,51.842252367442036],[5.875912119532018,51.842291739721325],[5.875964903853316,51.8423418553668],[5.875909939407446,51.842358263561394],[5.875866544341708,51.84237102815842],[5.875837611032503,51.84237923827841],[5.875776861778027,51.84239746819532],[5.87576817494877,51.8423993020602],[5.875682835689945,51.84242482509295],[5.875678492270842,51.842425742021994],[5.875604722372095,51.84244762144356],[5.875519382928776,51.84247314435755],[5.875422464153617,51.842501411931316],[5.875334222384035,51.842526946785384],[5.875321211564875,51.842531495148414],[5.875331515163692,51.84254493500818],[5.8753054740228,51.84255223411712],[5.875305483767306,51.842553132924635],[5.875349678289743,51.842614070750805],[5.875355482542381,51.84261404660492],[5.875355492287903,51.84261494541245],[5.875365680017837,51.842751527932734],[5.874900111238443,51.84277413734171],[5.874909470005497,51.84283432126089],[5.87485580960968,51.842837240818156],[5.874867125667835,51.842944156701314],[5.874810747950537,51.84296416564197],[5.874625740235866,51.84303234787303],[5.874521661596719,51.843069632915956],[5.874498376249125,51.843063437680236],[5.874907958985395,51.84349857618463],[5.875208891495536,51.84381641608082],[5.875436434361618,51.84405725965813],[5.875501014348207,51.844124404537574],[5.875653675563504,51.84428466295711],[5.875666891651228,51.84429898951065],[5.875684490358629,51.84431599436269],[5.875694726206368,51.84432314253604],[5.875710737271647,51.844327570122886],[5.87581336910785,51.84442421839571],[5.875555400991804,51.844455853077186],[5.875548155129347,51.8444567820795],[5.87549599270987,51.84446418992867],[5.874935138497657,51.84453393596378],[5.874822096770392,51.84454788846741],[5.874294567779094,51.84461299871267],[5.874236600458713,51.84462043009632],[5.874229354542314,51.844621359017246],[5.874223559753678,51.844622281915186],[5.874219225816309,51.84462409759769],[5.87421343102711,51.84462502049509],[5.874207645960856,51.84462684219964],[5.874201860894131,51.84462866390389],[5.874196066103988,51.84462958680046],[5.874191732164805,51.844631402481916],[5.8741859568196,51.84463412299281],[5.87418017175106,51.84463594469599],[5.8741715135923,51.84464047486506],[5.874162855431796,51.844645005033506],[5.87415420699167,51.8446504340087],[5.874145568271411,51.84465676179062],[5.874125427450619,51.84467302462508],[5.874083704355382,51.844706455111876],[5.8740808312558,51.8447091635758],[5.874077967876487,51.84471277084708],[5.87407655562784,51.84471637209751],[5.874070867749074,51.84472718186942],[5.874069455499409,51.84473078311978],[5.874068043249519,51.84473438437011],[5.87406525763055,51.84474518210031],[5.874065374275054,51.844755967789204],[5.87406690317072,51.844763152227834],[5.874068441787323,51.84477123547383],[5.874069931802106,51.84477482468279],[5.873853495798413,51.8448898761284],[5.873798197160252,51.84487572388174],[5.873738622860294,51.844868780118276],[5.873670409751016,51.844868164071556],[5.873600794063084,51.8448720480373],[5.873548621129559,51.844878556214326],[5.873496487017123,51.844888659598034],[5.87344149914684,51.84490326902175],[5.873369214066327,51.84492873625513],[5.87335620235489,51.84493328440012],[5.873214864116679,51.84501476615124],[5.87313003264825,51.84508792412375],[5.873088589758154,51.84514741967313],[5.873050378861418,51.845237462645244],[5.873049015015388,51.845245557920535],[5.873044845873149,51.84526265328654],[5.873043491725503,51.8452716473692],[5.873042137577323,51.84528064145183],[5.873042186077845,51.845285135489114],[5.87304223457838,51.84528962952643],[5.873040841629088,51.8452950283792],[5.873040899829588,51.845300421223946],[5.873040958030102,51.84530581406868],[5.873042496481458,51.845313897327806],[5.873042574082434,51.84532108778744],[5.87304411253461,51.8453291710465],[5.873044151335241,51.84533276627632],[5.873044199836037,51.84533726031359],[5.873045728588877,51.84534444476516],[5.873047237941757,51.8453498316018],[5.873047286442885,51.845354325639086],[5.873048786096028,51.84535881366826],[5.873050295449762,51.84536420050485],[5.873051795103534,51.845368688533966],[5.873054745910071,51.84537317055489],[5.873056255265005,51.84537855739143],[5.873057754919855,51.84538304542047],[5.8730755470844,51.845418026810925],[5.873077037041661,51.84542161603224],[5.872974431852014,51.84546159011482],[5.872913725767731,51.845484312587004],[5.872874331223867,51.84546470099017],[5.872833553431387,51.84545138703766],[5.872776871131484,51.845443531969025],[5.87273621940942,51.84544190247975],[5.872685467765608,51.845445707847055],[5.872624587103617,51.84545225163528],[5.872539220895756,51.84547597476757],[5.87208529084304,51.8456387449981],[5.87199277465868,51.84567238459679],[5.871864017957902,51.84570976919505],[5.871595252426775,51.845817841769495],[5.87146961003097,51.84587498772127],[5.871196730635003,51.846005547538184],[5.871198724611183,51.84592104765489],[5.871191507412362,51.845924672811265],[5.871172535902404,51.8459148637334],[5.871022089708638,51.845824700516836],[5.87097684272612,51.84580061817737],[5.87089219219577,51.845756024750585],[5.870887809728522,51.84575334627194],[5.870833817278903,51.845725704534416],[5.870829444474143,51.84572392486124],[5.870801717866977,51.845709657568484],[5.870625248725817,51.84562858955903],[5.870364207861259,51.84551011793422],[5.87028107715439,51.84547180974287],[5.870212535287253,51.84544063222478],[5.869869798463888,51.84528204760696],[5.869789590166172,51.845245524743405],[5.869680204915566,51.84519474023208],[5.869602937744908,51.84516180053859],[5.869570887327018,51.84515024727309],[5.869318578109539,51.84503353513399],[5.869217948866126,51.844987208456594],[5.869058976024803,51.844913257011605],[5.869000641910854,51.844886531109516],[5.868945219757584,51.84486069207157],[5.868827908467571,51.84488274594918],[5.868671493234944,51.84491215093711],[5.868348542598184,51.84497459717045],[5.868333694982265,51.84494319838932],[5.86833368537623,51.8449422995813],[5.868311370766658,51.84489115676969],[5.868286105910439,51.84483553181183],[5.868272757543056,51.84480862111319],[5.868170958342302,51.84465263895429],[5.868114469885773,51.844662757792406],[5.867837812557411,51.84471153018484],[5.867745103207342,51.844727190279634],[5.867627782081367,51.84474834415048],[5.867387325371912,51.844789776485044],[5.86717880279386,51.84483197655855],[5.867108065549268,51.844730696121374],[5.867068051441598,51.84465266003951],[5.867026318109703,51.84454946324752],[5.867000226562214,51.844552266474324],[5.86680949258156,51.84435709745912],[5.866797941066456,51.84436253775539],[5.866774474187083,51.844339263631554],[5.866765748316516,51.84433750159775],[5.86675854058777,51.844342025290686],[5.866755638347117,51.844342037151236],[5.866694557268821,51.844329702891024],[5.866685745246443,51.84431985157704],[5.866666957272075,51.844327119123705],[5.866565149187055,51.844305962723176],[5.866329618275837,51.844264678819194],[5.86607813507303,51.844224358391976],[5.866080979941073,51.84421895369824],[5.865986408835468,51.844195969568375],[5.865955830262484,51.84418620700837],[5.865904888304074,51.84417203327682],[5.865900515844566,51.84417025341926],[5.865837879001556,51.84414803774025],[5.86572871104894,51.84411702331514],[5.865724415031564,51.844122433917995],[5.865619619659474,51.84409319925528],[5.865456617637332,51.84404892133808],[5.865354743922539,51.844021472226586],[5.865332910447678,51.84401526925961],[5.865257328647938,51.844003892184205],[5.865193403476396,51.843996961815364],[5.865178844667564,51.84399252688162],[5.864960586878298,51.843937687168314],[5.864912566802355,51.84392529880575],[5.864829634366518,51.84390496290676],[5.864758329921641,51.84388637732218],[5.864606985985144,51.84384654501955],[5.864379965817993,51.84378634679453],[5.864131113089846,51.843719944938066],[5.864058358124911,51.84370136482495],[5.863856084220749,51.84364825580291],[5.863726584447277,51.84361552441318],[5.863719309932937,51.843613756259636],[5.863528674115426,51.84356329595565],[5.8634020484911,51.84352785600022],[5.863345303701346,51.84351370470974],[5.863207060112105,51.84347741283874],[5.863113933615091,51.84345352169373],[5.862981523257405,51.84341990244161],[5.862945141496964,51.84341016262909],[5.862937867046346,51.843408394426994],[5.862889848088988,51.843396005234744],[5.862831643039791,51.84338096076905],[5.862742889196452,51.84335884930122],[5.862659949286986,51.843337613056654],[5.862597381634074,51.843321687304375],[5.862459319513051,51.84330247191758],[5.862344664621816,51.84330113853591],[5.862272157667146,51.84330592634242],[5.862259116846434,51.84330777683257],[5.862209836762136,51.84331336941291],[5.862177950757824,51.84331709387258],[5.862172155888096,51.84331801617583],[5.862147544282802,51.843323508876836],[5.862059226983486,51.84334274209815],[5.861965086293285,51.843360201119495],[5.861904311124527,51.843376626245416],[5.861855106730827,51.84338940914783],[5.861491593188126,51.84345829253164],[5.861413811697697,51.843513436566816],[5.86139508947604,51.84352699493336],[5.861192626982527,51.84359342876361],[5.86118250715418,51.84359706502905],[5.861173838421592,51.84360069543247],[5.861090043754826,51.84363608890168],[5.860920936720741,51.843700589856375],[5.860931198462824,51.843710435747376],[5.860855939797292,51.84372961533911],[5.86080674417475,51.84374329661129],[5.860763390750749,51.84376054967411],[5.860756173055581,51.84376417419046],[5.86070845682865,51.84378054599221],[5.860704122425733,51.84378236117647],[5.860652081206207,51.84380144694838],[5.860647746798999,51.84380326213056],[5.860534995388384,51.84384506395749],[5.860524875450275,51.84384870016631],[5.86044242698708,51.843874200421645],[5.860440985328966,51.84387510508282],[5.860355747913693,51.84391140268918],[5.860334085207528,51.8439213773528],[5.860271970914508,51.84394859319252],[5.860182417666246,51.84398850345911],[5.860054439496172,51.844100476262085],[5.860027236496963,51.84413564090979],[5.860012961342398,51.844158169604064],[5.859980189787048,51.84421582785234],[5.859964482343111,51.84424016000498],[5.85989881621795,51.8443437919477],[5.859838869363608,51.84443931119319],[5.859785283450002,51.844587836759125],[5.85976239559946,51.84461938857578],[5.85971516866983,51.844682498038686],[5.859662335161158,51.84476450584057],[5.859630947828673,51.84481586648303],[5.859601068153594,51.84487261412861],[5.859528811864936,51.84476324566549],[5.859489320043764,51.84473374266867],[5.859439594913952,51.84469709006597],[5.859415980810247,51.84465943352407],[5.859413059690795,51.84465764758518],[5.85936188357659,51.844621000788536],[5.859358953034951,51.84461831603926],[5.85935311080614,51.84461474415853],[5.859310698119843,51.8445834551603],[5.859287310392799,51.84456737000786],[5.859259522173296,51.84454680831851],[5.859220040142532,51.84451820403892],[5.859215658488845,51.84451552512313],[5.859180548738709,51.84448870093685],[5.859179088189162,51.84448780796445],[5.859157151684623,51.84447171694911],[5.859143997327423,51.844462781385104],[5.859141057386648,51.84445919782132],[5.859130824130985,51.84445204820161],[5.859108878239337,51.84443505836808],[5.859105957146624,51.84443327242146],[5.859088411752458,51.84442075912206],[5.859073825142064,51.8444136270037],[5.859060699080819,51.844407387857416],[5.859059238536286,51.844406494883515],[5.859027144251775,51.84439044468905],[5.859021311498874,51.84438777160069],[5.859011106537915,51.84438331839757],[5.859000892159358,51.84437796638449],[5.858936703695417,51.84434586595464],[5.858923577672901,51.84433962679291],[5.858878366891744,51.84431823620341],[5.858841900540516,51.84430040583837],[5.858922834391145,51.844130198444326],[5.858905383342502,51.844126673207796],[5.858831235248482,51.844113488541815],[5.858813793629254,51.84411086210075],[5.858495519719735,51.844066299629986],[5.858427279782956,51.84406297829634],[5.858395336487355,51.84406130887428],[5.858302465273245,51.84406168175949],[5.858277805761797,51.844062679603915],[5.85750392127995,51.84402353798734],[5.85755691749871,51.84395681090297],[5.857696815433021,51.843735133720884],[5.85790890024415,51.843478111785],[5.857754595764235,51.84343199061343],[5.857622104925119,51.84339027602717],[5.857629275853451,51.84338215765655],[5.857227442213621,51.84325613164954],[5.857242953727423,51.84321292486212],[5.857129637704687,51.84320079486113],[5.857142528591718,51.843184563990555],[5.85675901099504,51.84314475233743],[5.856478670812844,51.84311890840155],[5.856342137913504,51.84310687048815],[5.856179420071065,51.84308864514291],[5.856148909905048,51.84308517168998],[5.856009465672839,51.843072246178004],[5.855962974921146,51.84306703882768],[5.855777049440972,51.84304980448019],[5.855749075517905,51.84315058703455],[5.85513039062262,51.84310272038064],[5.855041180773094,51.84275702004673],[5.854390256005543,51.84281803851071],[5.854329366881413,51.84282367400175],[5.854280077006599,51.84282836444418],[5.854172800104855,51.842838678725066],[5.85408685445792,51.84252712086687],[5.854037068057283,51.84234395418891],[5.853987095684902,51.84214281128875],[5.853984081755007,51.84213203711548],[5.853634395401051,51.84199500523099],[5.853628572589821,51.841993230682945],[5.85362421013753,51.84199234917671],[5.853619838373836,51.84199056886042],[5.853615466610486,51.84198878854391],[5.853611094847484,51.84198700822731],[5.853605272038203,51.84198523367815],[5.853600900275944,51.84198345336112],[5.853595077467526,51.84198167881143],[5.853590696395024,51.84197899968416],[5.853586324633946,51.84197721936661],[5.853581943562399,51.84197454023903],[5.853577562491376,51.84197186111125],[5.85357318142087,51.8419691819833],[5.853568800350887,51.84196650285521],[5.853564419281429,51.84196382372695],[5.853561489258339,51.84196113883146],[5.853557108189834,51.84195845970291],[5.853533360796662,51.84190731980883],[5.853474155451122,51.84179519922456],[5.853441553078282,51.841729712947455],[5.853343793059968,51.84153774810781],[5.853327478091739,51.84150365673612],[5.853317097544019,51.84148212564565],[5.853308177341236,51.84146148760021],[5.853299238536596,51.84143905193411],[5.853294708655549,51.841421991835894],[5.853290169473118,51.84140403292751],[5.85328561168484,51.84138427639898],[5.853283965258648,51.84136540715294],[5.853282309529194,51.84134563909691],[5.853282104826654,51.84132586527719],[5.853281760554665,51.84129260930756],[5.853282876611205,51.8412602463842],[5.853285443688489,51.841227877697094],[5.853288010762159,51.84119550900978],[5.853293479872585,51.8411631287949],[5.853296177205321,51.841143343447285],[5.85330164630366,51.84111096323179],[5.853307208445117,51.841087571116105],[5.853315542341288,51.84105158413188],[5.853323959972901,51.84102368643711],[5.853332377594142,51.84099578874168],[5.853342246218895,51.840967885281216],[5.85335356584446,51.84093997605537],[5.853366336468134,51.84091206106377],[5.853383348430897,51.840873343055996],[5.853400425512701,51.840840916715784],[5.853417502569985,51.840808490373],[5.853437490925737,51.84077695130673],[5.853458893028149,51.84074181123107],[5.853458883720123,51.84074091242105],[5.853498962682918,51.84068772118094],[5.853527573166788,51.84064805821082],[5.853540473935065,51.84063272654007],[5.85355623015002,51.84061288928378],[5.853576320735779,51.84059123710382],[5.853584915020058,51.84058041677982],[5.853653780888044,51.8405046398854],[5.853658096637028,51.84050102734069],[5.853662421697344,51.84049831360588],[5.853668197755759,51.84049559410259],[5.853673973813473,51.84049287459899],[5.853681219493724,51.8404919469467],[5.853688465173674,51.84049101929396],[5.853694269167542,51.84049099621951],[5.85370152415987,51.84049096737601],[5.853708797778078,51.84049273615211],[5.85371462039828,51.840494510696686],[5.85383674426118,51.84037717497113],[5.853829461341327,51.84037450739282],[5.853823620101736,51.84037093523385],[5.853817778863072,51.84036736307451],[5.853814830299002,51.84036288056464],[5.853810430741348,51.8403584038248],[5.853808923857723,51.84035301673463],[5.853807426289336,51.84034852845447],[5.85380737040009,51.840343135594225],[5.853808765504368,51.84033773696391],[5.853811620916606,51.84033323137352],[5.853815918006453,51.840327821202884],[5.853847495176772,51.84029443828369],[5.853863279086413,51.84027729741582],[5.853950885751895,51.840189760793756],[5.853986778414899,51.840152765281005],[5.854006877907701,51.840132011836616],[5.854110295702801,51.840030030635255],[5.854162018407674,51.83998038821521],[5.85417063107906,51.83997136546794],[5.854201017789895,51.83996315490859],[5.853385266771091,51.83965719534952],[5.853548582895864,51.83945430576031],[5.85354557856218,51.83944443038203],[5.853587256200334,51.83940561430082],[5.85362315785046,51.83936951770629],[5.853685120871334,51.839327924409645],[5.853714000400217,51.83931432688363],[5.853744330871767,51.83930072358133],[5.853790593938578,51.83928436037396],[5.853880404374941,51.83926962164953],[5.853900689852812,51.83926684442458],[5.853838978626298,51.83933270570913],[5.853885160205221,51.8394484733262],[5.85388233280454,51.839455675349136],[5.853973622470518,51.83944362721276],[5.853985220869756,51.83944268222555],[5.854030135540068,51.83943621160758],[5.854044626545626,51.839434356258785],[5.854085197626743,51.83942880174859],[5.854086648590926,51.83942879597517],[5.854124327054765,51.83942415180847],[5.854167800044457,51.839418585721866],[5.854206929454991,51.839413935754195],[5.854254745991464,51.83940745350039],[5.85428662989089,51.839403731193755],[5.854340240932202,51.839396326991185],[5.854373575779582,51.8393925988843],[5.854419941306462,51.83938612234024],[5.854453276139623,51.8393823942108],[5.854505445494079,51.83937589452085],[5.854540221945563,51.839371261777956],[5.85458658742632,51.8393647851681],[5.854621373191662,51.8393610512113],[5.854672091535218,51.8393545572274],[5.85471121150491,51.83934900828165],[5.854759037232849,51.83934342463259],[5.854785117200073,51.83933972531755],[5.854843080965409,51.83933230353903],[5.854872062840883,51.839328592639085],[5.854931477538009,51.839321165033795],[5.854963361319861,51.83931744254345],[5.855016972146284,51.83931003803194],[5.855058993954504,51.83930447740039],[5.855102476052563,51.83929980977781],[5.855144497840589,51.83929424911571],[5.855186519618196,51.839288688438586],[5.855229992344678,51.83928312195882],[5.855273465060366,51.83927755546292],[5.855312594233105,51.83927290512692],[5.855356057583143,51.839266439790485],[5.855402432184111,51.83926086166849],[5.855440110370504,51.839256217079715],[5.855487926560531,51.83924973432383],[5.855525604728716,51.83924508970757],[5.855570528328667,51.839239517310546],[5.855609657437387,51.83923486687549],[5.855656031974133,51.83922928865343],[5.855695161065051,51.83922463818993],[5.85567571880481,51.83916898728339],[5.855657746249506,51.83911512820027],[5.855630806199324,51.839036137189666],[5.855867002515915,51.839005532038755],[5.855894579926728,51.839006320731876],[5.855910615231528,51.8390134474568],[5.855919451927749,51.83902599602008],[5.856139790516141,51.839005340986176],[5.856099313786837,51.83888056296368],[5.856248508435397,51.83885569777271],[5.856344102256458,51.83883913634375],[5.85655269164224,51.83880504479669],[5.856582460102564,51.83887683350824],[5.856598392397834,51.838874073230166],[5.856662301245749,51.83901943082429],[5.856669546626928,51.83901850298773],[5.856759383704578,51.83900645849147],[5.856772817203254,51.83904235862754],[5.856792279511479,51.839099806971376],[5.856934519800856,51.83910373185872],[5.857036114662984,51.839106021638464],[5.857179974818817,51.839126118995424],[5.857236524489181,51.839122297086575],[5.857385841322893,51.83910911497811],[5.857396942096444,51.839060532734024],[5.857511464011529,51.83905018643511],[5.857562200363377,51.83904548882268],[5.857612936704573,51.83904079118835],[5.857720213158092,51.8390313725806],[5.857725495888439,51.839120337293096],[5.857813938297868,51.83911369066702],[5.857918331769321,51.83910608113667],[5.857921384021756,51.83912045045096],[5.858185213121227,51.83909602170564],[5.858177572885923,51.83905919962714],[5.858460301475208,51.83903828978908],[5.858380788736661,51.83865030699147],[5.858347445368785,51.8386531374258],[5.85834285743034,51.8386306846601],[5.858311231010883,51.83852025340155],[5.858329942681489,51.83850579671019],[5.858314690403106,51.838434848995476],[5.858305495800432,51.83838814584037],[5.8582963294287,51.8383441391136],[5.858533018946688,51.83836116552093],[5.858628855546961,51.83836797128649],[5.858647727038049,51.838368794310334],[5.858663696671228,51.83836962899113],[5.858727584622324,51.83837386650245],[5.858737214016354,51.838323492340535],[5.858755144185192,51.83823443437146],[5.858711522315675,51.83822562119956],[5.858707018948604,51.838211257734976],[5.858694856257577,51.838158274602094],[5.858778915625819,51.83814894831235],[5.858936915473083,51.83813393162534],[5.858938366394738,51.838133925791965],[5.858921700031937,51.83806657922634],[5.85900285734328,51.83805726444268],[5.859178258395921,51.83804127860992],[5.859175262345021,51.838032302185205],[5.859132347288196,51.83795247736321],[5.85912778729224,51.837932721055914],[5.859115567661899,51.83787434510679],[5.859097459640178,51.837807903209516],[5.859094435361991,51.83779623035314],[5.859077806569823,51.83773247904615],[5.8590626569887,51.83767141833075],[5.859049005447316,51.83761484582714],[5.859047432099344,51.8376031671345],[5.859017199075264,51.837487337359896],[5.859012676849397,51.837471176286165],[5.859011150605634,51.83746399164187],[5.858988473609417,51.83737689460076],[5.858971816872561,51.83731044684559],[5.858964251637483,51.83728081528944],[5.858955169601908,51.83724489789734],[5.858943101048648,51.837200902882515],[5.858882749222742,51.836980028975916],[5.858882730392268,51.836978231356156],[5.858873695558691,51.83694680800568],[5.858832733003222,51.836776191596215],[5.85883272358904,51.836775292786285],[5.858805581699956,51.836677427478534],[5.858778383451201,51.836574169303546],[5.858737515721856,51.83641254095184],[5.858728443456292,51.83637752234789],[5.85871790151738,51.8363407119537],[5.858705786383259,51.83629222285916],[5.858701273801862,51.83627696058075],[5.858672606356666,51.836171910585996],[5.858655959947359,51.836106361585124],[5.858639294766549,51.83603901496124],[5.858624202815397,51.83598334703533],[5.858612059650803,51.83593216149866],[5.858609016806879,51.835918691006704],[5.858593906115584,51.83586122545586],[5.858592379993968,51.835854040804584],[5.858575771455465,51.83579208702967],[5.858560623215673,51.835731026233375],[5.858559106512278,51.83572474039157],[5.858545465609056,51.83566906662455],[5.858542460435412,51.8356591913706],[5.858527312286027,51.83559813056891],[5.858618639931406,51.83559057287572],[5.858711408974004,51.835582110470945],[5.858730260475654,51.83558113586313],[5.858713661260868,51.83552008091582],[5.858700001407114,51.83546260954535],[5.858781182313428,51.83545599134794],[5.85876758828081,51.835404811655415],[5.858747870939272,51.83532309574214],[5.858730772974886,51.835214403860455],[5.858726222847651,51.83519554634048],[5.858706524496366,51.83511562803816],[5.858689793735232,51.83504198974219],[5.858685262464321,51.83502492984042],[5.858659412806977,51.834911778873874],[5.858653393103086,51.834891129559786],[5.858635174059618,51.834813901842956],[5.858618462347438,51.83474206115412],[5.858616955079035,51.834736674122446],[5.858598717343462,51.834657648777984],[5.858582052791094,51.83459030213335],[5.858580526715073,51.834583117480726],[5.858560744220243,51.83449510985564],[5.858547084876518,51.834437638459576],[5.858542563128909,51.83442147736109],[5.858525823489769,51.83434694022463],[5.858510675809894,51.834285879410416],[5.858507633109057,51.834272408912945],[5.8584909123972,51.834199669390486],[5.858471167873156,51.83411525698674],[5.85845456955592,51.8340542019908],[5.858433327349721,51.833965301354965],[5.858409089609283,51.83386742426485],[5.85839089021326,51.83379199411996],[5.85838020809694,51.83374170152841],[5.858353920571942,51.833447883775165],[5.858392978530068,51.83343694074324],[5.858434938009397,51.833425986044396],[5.858471122607446,51.833417751071394],[5.858521824294922,51.833410356617904],[5.858562389396018,51.833404800563486],[5.858607325612244,51.833401024628415],[5.858666750692411,51.83339539275795],[5.858723208342321,51.83338348084651],[5.859012081382391,51.833260076182086],[5.859012043715184,51.83325648094095],[5.859010555283549,51.83325289153397],[5.85901051761647,51.833249296292834],[5.8590104799494,51.83324570105171],[5.859010442282336,51.83324210581055],[5.85901040461528,51.83323851056944],[5.859011817712087,51.83323490949423],[5.859011780044927,51.833231314253084],[5.859013193141401,51.833227713177855],[5.859014606237648,51.83322411210258],[5.859016028750541,51.83322140983758],[5.859017441846365,51.83321780876228],[5.859020305705154,51.83321420185275],[5.859021718800412,51.8332106007774],[5.859024592075438,51.83320789267803],[5.859026005170156,51.83320429160267],[5.859028878444525,51.833201583503204],[5.859031742301369,51.833197976593404],[5.85903461557499,51.83319526849382],[5.85903893961075,51.83319255455975],[5.859041812883594,51.83318984645996],[5.859046136918402,51.833187132525616],[5.859049010190468,51.83318442442567],[5.859053334224321,51.833181710491075],[5.859209008516826,51.8330849075487],[5.859367555380535,51.83298539629185],[5.85977818881888,51.83326688018517],[5.859884856711901,51.83320083456723],[5.859967021773138,51.83315016800853],[5.860021801523584,51.8331166898741],[5.860072540367368,51.83311288999193],[5.860124729962138,51.83310908423997],[5.860133840402988,51.83314769799012],[5.860194589664377,51.8334063213814],[5.860199111901378,51.83342248241761],[5.86025092120406,51.83365867060984],[5.860276774128622,51.83377182123908],[5.860292018451499,51.83384186992726],[5.860317852699784,51.83395322292454],[5.860337458959329,51.83402415286427],[5.860355652264985,51.83409868389096],[5.860375296425072,51.83417320906312],[5.860377049436092,51.83420196513322],[5.86038613198374,51.834237882428006],[5.860392246839488,51.834267519754185],[5.859964582568702,51.83429980462261],[5.859975379823584,51.834360882784885],[5.85999069937339,51.834438121987894],[5.86000153444496,51.83450279538685],[5.860010682814253,51.83454500437992],[5.860013725983092,51.83455847483736],[5.860021319757258,51.83459080276552],[5.860025955301188,51.83461774952633],[5.86003198503462,51.83463929757996],[5.860042537082087,51.83467700667289],[5.860077057204719,51.83478652701028],[5.860137855579267,51.83504964442681],[5.860562540164949,51.8350092813387],[5.860571575783262,51.835040704565635],[5.860582222863655,51.8350874017067],[5.860592907761698,51.835137694086136],[5.860603564336525,51.83518529003457],[5.860619272674246,51.83529938035161],[5.860632897126912,51.835353256257385],[5.860634414106926,51.835359542072325],[5.860670878458177,51.83551579448211],[5.860707399771831,51.83567743973634],[5.860711960228903,51.835697195987144],[5.8607076077003,51.8356972135527],[5.860725792851138,51.835770845695436],[5.860739493191339,51.83583191206392],[5.860757659544662,51.83590374658075],[5.860786492378363,51.836024075830274],[5.860818293257035,51.83615068502614],[5.860818331071565,51.83615428026523],[5.860833473061058,51.83621444195327],[5.860859243845533,51.83631950312759],[5.860945763347387,51.83668228837332],[5.860961028623136,51.83675413456661],[5.860971752172841,51.83680802213906],[5.860973240879056,51.83681161151934],[5.860994508371554,51.83690230927607],[5.861053656019761,51.83714565818671],[5.861053712771374,51.83715105104453],[5.861061260440946,51.837178884845535],[5.861062758625437,51.8371833730341],[5.861079456234831,51.83725341572828],[5.861090142209476,51.837303708047806],[5.861091630941631,51.837307297426314],[5.861149290908257,51.83754705689701],[5.861194823824467,51.83773742869677],[5.861260039003493,51.83772997444531],[5.861343964531937,51.83770806298598],[5.861354092490382,51.83770532551517],[5.861410535892054,51.837691614692396],[5.861456955448646,51.83769052822795],[5.861555607651134,51.83768923059076],[5.861559960371791,51.83768921299351],[5.861649907127184,51.83768795047139],[5.861660063474979,51.83768790940277],[5.861764519292394,51.83768658812181],[5.861767421105926,51.83768657638515],[5.861857367849725,51.83768531370409],[5.861864622383266,51.83768528435661],[5.861961823654768,51.83768399224754],[5.862115600797194,51.83768157222908],[5.862157677086802,51.83768140191486],[5.862301316831313,51.837680820383696],[5.862369509435797,51.83768054424175],[5.86258855835001,51.83767606155643],[5.862659652757519,51.83767577348885],[5.862832301105725,51.837674174907576],[5.862925159100611,51.83767379845463],[5.863026703534238,51.8376715890064],[5.863032507158506,51.837671565470636],[5.863128247957619,51.83766937947032],[5.863131149769577,51.837669367699945],[5.863226900061081,51.837668080428536],[5.863228350967001,51.83766807454214],[5.863242850523752,51.83766711686791],[5.863340051712814,51.83766582361761],[5.86334295352447,51.83766581184202],[5.863370511230142,51.83766480116097],[5.863438694295469,51.83766362558848],[5.863543149999256,51.83766230272481],[5.863635988941364,51.83766012809095],[5.863640341658145,51.83766011041655],[5.863733190103001,51.83765883451508],[5.863836194880704,51.83765751728326],[5.863884065245958,51.837656423965136],[5.863949784233907,51.83769660511169],[5.863950069730343,51.83772356938975],[5.863950517008886,51.837765813425335],[5.863952177283224,51.83778558133377],[5.863952995713612,51.83786287892997],[5.863982109127272,51.8378717491116],[5.86401705475671,51.83788329212926],[5.864040393099354,51.83789488230859],[5.864117539010898,51.8379179388118],[5.864172873677756,51.83793658969135],[5.864236923402708,51.837956103961],[5.864497075451847,51.83799639299715],[5.8645625763187,51.83801590118654],[5.864663032694533,51.838047850973176],[5.864932387052281,51.83813484169313],[5.86497562855806,51.83810770018715],[5.865040481180614,51.83806608908911],[5.865041922560608,51.83806518437115],[5.865103892305934,51.83802538267389],[5.865109734133476,51.83802895427181],[5.865227955515554,51.837957463699496],[5.865184113207368,51.83792798032449],[5.865010891714468,51.83787565381793],[5.864874038739602,51.837832167483455],[5.864947148303765,51.83774827696449],[5.865110472180126,51.837551662980445],[5.865126489340322,51.8375569908281],[5.865130784805962,51.83755158024348],[5.865164270037043,51.83756223002072],[5.865210116865852,51.83750721352256],[5.865178082564975,51.83749655784785],[5.865198147089525,51.837473106060926],[5.865209592076442,51.83745777901866],[5.865598290306502,51.83757933702331],[5.865666950718821,51.837623100611964],[5.865688571011336,51.8376095297254],[5.865835540884365,51.837512753545425],[5.865888126842296,51.83754579639964],[5.865954457382548,51.83750687530381],[5.86596022275717,51.83750325638695],[5.866026553172473,51.837464335250345],[5.866032318535858,51.83746071632999],[5.866101531502393,51.83741998569066],[5.866102972840402,51.83741908095964],[5.86613179958839,51.83740098633615],[5.86613901583191,51.83739736148826],[5.866164969441256,51.83738197512854],[5.866172176118261,51.837377451469536],[5.866242830162903,51.83733581601489],[5.866245712827796,51.83733400654944],[5.866314925406635,51.837293275784134],[5.866314915843012,51.83729237697507],[5.866320690724954,51.83728965684957],[5.86633078959372,51.83728422252248],[5.866401433780145,51.837241688163225],[5.866441810026314,51.83721815320374],[5.866490834168315,51.83718918981606],[5.866649427180688,51.8370941628198],[5.866756122740354,51.837030807416475],[5.866757573625144,51.837030801486456],[5.86684553187064,51.83697920760784],[5.8668469731796,51.836978302867706],[5.866895996799989,51.83694933931061],[5.866934931220161,51.836926708922036],[5.866908681299622,51.83691423237189],[5.866954755169131,51.83688078660859],[5.866987857253036,51.83685548350482],[5.866989298555178,51.836854578762924],[5.867058318158488,51.836795871377724],[5.867064150402471,51.83679854406986],[5.867065591701262,51.83679763932701],[5.867131977601011,51.83676411041914],[5.867146409721788,51.83675686059976],[5.86720990333294,51.83672424232632],[5.86732822337765,51.83666263653504],[5.867231689648891,51.836590224808155],[5.867371743586433,51.83652583350572],[5.867429500338976,51.83649953052658],[5.867494434662086,51.83646600735156],[5.86759260454782,51.83641976419216],[5.867579441288386,51.83640993075481],[5.867553539725732,51.83629408536868],[5.867547458231808,51.83626804366546],[5.867539887534622,51.83623841266525],[5.867532307259843,51.83620788285542],[5.867515417854624,51.83612076371028],[5.867848567720554,51.83606816507496],[5.86790764012991,51.83602927259018],[5.867932141495295,51.83601389178308],[5.8680506314491,51.83596846382442],[5.86809656912104,51.835922434284946],[5.86834337737187,51.835800976763245],[5.868555537101231,51.83556011402905],[5.868562157160102,51.83550076287268],[5.868572370657762,51.83537038794489],[5.868578990667385,51.8353110367863],[5.868623341775239,51.83525242966423],[5.868825237465717,51.835273173441735],[5.868829589949181,51.83527315557517],[5.869256624019092,51.83531724312855],[5.869512586065899,51.83537371751828],[5.86950472823331,51.835452848487904],[5.869504757113589,51.83545554491467],[5.86950477636711,51.83545734253252],[5.869504795620633,51.83545914015039],[5.869506265707909,51.83546093180434],[5.869506284961494,51.835462729422176],[5.869507755048947,51.835464521076105],[5.869509225136516,51.83546631273003],[5.869510695224205,51.83546810438391],[5.869512165312012,51.8354698960378],[5.869513635399933,51.83547168769166],[5.869516556322126,51.835473473381484],[5.869518026410341,51.83547526503526],[5.86952093770585,51.835476151916005],[5.869522398167207,51.83547704476081],[5.869525319090092,51.835478830450405],[5.869528230385977,51.835479717331005],[5.869531141681975,51.835480604211504],[5.869534052978088,51.83548149109195],[5.869650466397712,51.83551337101466],[5.869842564313314,51.83556741072811],[5.869846926458297,51.83556829163269],[5.869849828132598,51.835568279696375],[5.869852729806896,51.835568267760024],[5.869855631481194,51.83556825582359],[5.869858533155488,51.83556824388706],[5.869862885666925,51.83556822598218],[5.869865787341216,51.83556821404549],[5.86986867938145,51.835567303299875],[5.86987158105568,51.83556729136303],[5.869874473095741,51.835566380617266],[5.869877365135682,51.83556546987139],[5.869880257175507,51.835564559125494],[5.869883149215213,51.8355636483795],[5.869997870293685,51.835843617106384],[5.869971783974322,51.83584642099006],[5.869950069461744,51.83585100457746],[5.869935618812147,51.83585645712374],[5.869909638465901,51.83586914789085],[5.869836107684473,51.83591259510673],[5.86976691004589,51.83595422675737],[5.869699172761127,51.83599675120977],[5.869629974866695,51.83603838277962],[5.869562246954196,51.83608180596169],[5.86972731066381,51.83618539366821],[5.869755079218759,51.836204155283326],[5.869872444537766,51.836189290955126],[5.869931833325564,51.836180058144855],[5.869922525234152,51.83625919510309],[5.869917242098281,51.83630775465408],[5.869911901140379,51.83635092135187],[5.869910652615337,51.83636980230525],[5.869904101654521,51.83643544519076],[5.869897589214487,51.83650468331047],[5.869893352230267,51.83651548692199],[5.869889568076745,51.83656853454534],[5.869812643100446,51.83656615443469],[5.869813240360539,51.836621880578434],[5.869777257558854,51.836648994029694],[5.869693106983844,51.83664934010352],[5.869691733158445,51.83665653653998],[5.869689139598802,51.8366853103532],[5.869689245537437,51.83669519724968],[5.869815529327796,51.83670007097289],[5.869810197860337,51.836744136472866],[5.869763769859185,51.83674432743075],[5.86975985068356,51.836784791726174],[5.869754509519741,51.836827958414524],[5.869693543761608,51.83682551258796],[5.86969225660897,51.836840798303065],[5.869679612822885,51.836879500775176],[5.869660751390498,51.83687957833311],[5.869659435334505,51.83689216762153],[5.869647648578229,51.83701086406823],[5.869442977719816,51.83700271696917],[5.869434243541925,51.83700005632172],[5.869424048856233,51.83699650282781],[5.869416746312935,51.83699203859856],[5.869410865778083,51.8369848719797],[5.869409378929748,51.837117008793264],[5.869403231392375,51.837220401613166],[5.869399475480592,51.83727614564317],[5.86939568105931,51.83732829443778],[5.869391905879529,51.8373822408494],[5.869386689418483,51.83743709203177],[5.869384365118403,51.83749103247991],[5.869379139011171,51.83754498485258],[5.869375363794266,51.837598931262235],[5.86937158856853,51.83765287767147],[5.869363874472502,51.83774549074078],[5.869361174773013,51.83776437764773],[5.869358860051282,51.837819216901956],[5.869357584770313,51.83797112749228],[5.86936044087463,51.83810234759425],[5.869365679106026,51.838185020103005],[5.869373809580573,51.838266781877245],[5.869381372203996,51.83829551394123],[5.869388905961377,51.838321549578744],[5.869380489158341,51.83834854961255],[5.869373513647962,51.83837464487474],[5.869372226344162,51.838389930583666],[5.869370900539857,51.83840162105802],[5.869373602714342,51.83851846021504],[5.869381117254639,51.83854269823509],[5.869385903190062,51.83858312673443],[5.869397003028026,51.838671168237944],[5.869398973744813,51.838719697938664],[5.869399599407175,51.83877812049611],[5.869400013307919,51.838816769264604],[5.869396132133412,51.83886082877248],[5.869383862918514,51.83893458473795],[5.869373898801299,51.83895260264643],[5.869360053453563,51.83901468005992],[5.869346025200484,51.839059680109],[5.869341807094603,51.83907228131478],[5.869323445199199,51.83911909686394],[5.869302123617011,51.83916053148193],[5.869296521901632,51.839179430307276],[5.869282233703265,51.83920016251744],[5.869265072451054,51.83922360307368],[5.86924788231293,51.83924434720175],[5.869227732512559,51.83925971039734],[5.869184607927821,51.8392976391666],[5.869128511225941,51.83934371083208],[5.869055147168114,51.839403336101945],[5.869437510342765,51.83947277426901],[5.869513104838229,51.83948594628443],[5.869587248413947,51.83949912421617],[5.869671577676118,51.83951495676399],[5.869755906997394,51.83953078925114],[5.869841687343074,51.83954661570937],[5.869924565817264,51.83956245404335],[5.870008904953827,51.83957918515683],[5.870091773906772,51.8395941245641],[5.870171731338779,51.83960817704903],[5.870256051366415,51.839623110367796],[5.870340381094382,51.839638942434334],[5.870404358736364,51.839651262861],[5.870692239253849,51.83970490673189],[5.870853808656653,51.83975187982156],[5.870834093630632,51.8398076896653],[5.870815829531305,51.839863493525115],[5.870797555733132,51.83991839857346],[5.870787736769696,51.83994989872375],[5.870780771483439,51.83997689287198],[5.870758501817789,51.84006507175961],[5.87074330358596,51.840136143388214],[5.870732834716983,51.84024225059906],[5.870733809632174,51.840333030233595],[5.870737271470818,51.84038514915379],[5.87074243528561,51.84046063110846],[5.870754612775214,51.84051361295877],[5.870773997016054,51.84056207086764],[5.870797724642982,51.8406096120246],[5.870831618981144,51.84065801012151],[5.870997030782583,51.840792155438066],[5.871078924612185,51.840851141725985],[5.871092913045518,51.840802546248504],[5.871180591725685,51.84085971091378],[5.871169389449288,51.84089750873417],[5.871218839690754,51.84090809094211],[5.871271133992688,51.840913268308505],[5.87107785793422,51.841021927242366],[5.871088092301765,51.841029075822135],[5.871094002613456,51.8410389387768],[5.87109414751401,51.84105242089887],[5.871091322766704,51.84105962333152],[5.871079820913443,51.84106955809028],[5.871065426685655,51.84108040362293],[5.871056768895186,51.84108493356379],[5.871064072265643,51.84108939768774],[5.871184640021794,51.841236311520426],[5.8712253168811,51.84124063797701],[5.871269456276177,51.84129708331725],[5.871320966874137,51.84136428440466],[5.871359215420127,51.84141266438348],[5.871262508899803,51.84146070230409],[5.871185981300932,51.84149607304477],[5.871077724140209,51.841549551540346],[5.871069085580312,51.84155587909811],[5.87103448302147,51.84157669528238],[5.871081379673733,51.841619646603554],[5.871137079225638,51.84167155008072],[5.871191327870846,51.84172345951596],[5.871094775068816,51.841785878226396],[5.871157865298203,51.84185033508582],[5.871198958191121,51.84189331029626],[5.871229304426276,51.84188150010092],[5.871320343036156,51.84184606946788],[5.871335008068439,51.841860390529455],[5.871376072141673,51.84190066925354],[5.871396589706382,51.841919460398074],[5.871425919876656,51.841948102499934],[5.871442074687598,51.84196601279198],[5.871468493161639,51.84199376805113],[5.87148023686457,51.842006303455065],[5.871512517578377,51.84203942759756],[5.871558031809602,51.84208867636948],[5.871577108158509,51.842108372279355],[5.871596213535208,51.8421307646099],[5.871622612859308,51.84215672221766],[5.871644620378779,51.84217910255943],[5.871671039102924,51.842206857771984],[5.87168717475998,51.842222970413566],[5.871734121074588,51.84227041550859],[5.871756138378744,51.842293694636936],[5.871759233958902,51.842311658811504],[5.871740447642638,51.842318927169906],[5.8718299584864,51.84241113885174],[5.871883444404207,51.84239204213563],[5.871901050613896,51.84240994636953],[5.871918676191361,51.8424296482165],[5.871946575322717,51.842460093795424],[5.871921984738822,51.842467386160074],[5.87208792918274,51.84265006552207],[5.872116853671454,51.84264095751771],[5.872125531015783,51.84263822511502],[5.872206490463984,51.84261002623538],[5.87228744012639,51.8425809284921],[5.872437759713029,51.842525477265646],[5.872617129181532,51.842472602220894],[5.872756014026187,51.842433377148495],[5.872720655530369,51.84238408681822],[5.872685297112089,51.84233479647697],[5.872821269671002,51.842294684526394],[5.872796233379146,51.842260631914414],[5.872784663737844,51.842264275183936],[5.872767086315741,51.84224906750614],[5.872745126671463,51.84223118141492],[5.872727442653073,51.842206086844875],[5.872672833057986,51.84212092223519],[5.872697423330798,51.84211362971332],[5.872662055459618,51.84206344055525],[5.872592761306649,51.84196215739569],[5.872877821634786,51.84188727234579],[5.872796889891277,51.84178334092733],[5.873097764622572,51.84169490717103],[5.873147284098944,51.84171178021881],[5.87331537118575,51.84168951164653],[5.873505184766934,51.84166355740053],[5.873673261783516,51.84164038950825],[5.873691208330373,51.841689751747495],[5.873761398170335,51.84187372457383],[5.873780844518251,51.8419275748197],[5.873801751670253,51.84198231785237],[5.873822688017595,51.84203975730417],[5.873827109156368,51.842046030905614],[5.873853869184622,51.842105243896256],[5.87388060985156,51.84216265926482],[5.873914800173664,51.84223802068774],[5.873998766781265,51.84221969542025],[5.87410691514747,51.84215632735288],[5.874167489765608,51.84212191976079],[5.874196355159744,51.84210741839824],[5.874258361242713,51.842071207121734],[5.874310287709156,51.842042228439205],[5.874339143281134,51.842026828233884],[5.8743982859568,51.84199422416186],[5.874479048263511,51.841948047562255],[5.874628321836868,51.84179642111035],[5.874735445513635,51.84177260602831],[5.874720633441045,51.84174480327768],[5.874705850583702,51.8417196969481],[5.874679206447785,51.841671269842244],[5.874692236547831,51.84166851916552],[5.874968487954065,51.84158467713496],[5.875256307575709,51.84149719094287],[5.875138618154861,51.84134937043983],[5.875094512823854,51.84129652179191],[5.875050349162239,51.84123828028082],[5.875009155816507,51.84118631834214],[5.874982686950098,51.84115406984076],[5.87515337109795,51.841103923536124],[5.875802906270389,51.84091965334494],[5.87581323890501,51.84093578958832],[5.876062080512014,51.840867339511334],[5.876172034900876,51.8408372193756],[5.876290665880059,51.84080436642649],[5.876253785460724,51.84074879154865],[5.876515567151278,51.84066950039106],[5.876732494031085,51.840602080813866],[5.876678093793088,51.840536691825],[5.876526755920464,51.84036384529463],[5.876814984990276,51.84031500400936],[5.876822366998312,51.84032665823569],[5.876874021611383,51.8404064401912],[5.876906510429526,51.84045843781241],[5.877049748071494,51.84042008830354],[5.877148131899044,51.84039361094258],[5.877242182204449,51.8403689492936],[5.877427889411878,51.84036637588554],[5.87764782313504,51.840308829376625],[5.87756832444011,51.840203996366135],[5.877242491566559,51.83973076560935],[5.877417510918003,51.83967969902691],[5.877611343489019,51.83962405931175],[5.877705362559364,51.839596700868945],[5.877805165786761,51.83956752046918],[5.877987632661287,51.83980045802693],[5.878042426656915,51.83976876913129],[5.878100102916457,51.83973527045438],[5.878157769289576,51.83970087294164],[5.878226974702239,51.83966013517338],[5.878336561938094,51.83959675713284],[5.878137780208229,51.839464559409784],[5.878359130165891,51.83940430907509],[5.878363473238926,51.839403392046975],[5.878450246405097,51.839376962183024],[5.878532686212887,51.839352348097016],[5.878599214453156,51.839332294832985],[5.878616576887136,51.83932772787649],[5.878712065305176,51.83930216016623],[5.878715035898295,51.83930843966301],[5.878751221488868,51.83930019844242],[5.878785221505909,51.83935758231553],[5.87894011077447,51.83932367590797],[5.879051579148577,51.83929983864809],[5.879236879131739,51.83926041127726],[5.879368597960896,51.83949625605287],[5.879387863296388,51.83953302803739],[5.879393775226732,51.83954289057383],[5.879482503628584,51.83969532261973]]]]}},{"type":"Feature","properties":{"gezicht_uri":"https://linkeddata.cultureelerfgoed.nl/cho-kennis/id/gezicht/10134267","gezichtsnummer":"1392","naam":"Hattem"},"geometry":{"type":"MultiPolygon","coordinates":[[[[6.06994769540509,52.47639005686635],[6.069467564811763,52.47618071295986],[6.069374094098622,52.476132717639985],[6.069209576497633,52.476059066877944],[6.069122423247666,52.47603889671576],[6.069011610893898,52.47601167246373],[6.068699125191663,52.47598291149449],[6.068408965699598,52.47597019915967],[6.068145519686627,52.47597171288897],[6.06794241604236,52.47597287949857],[6.067744991871984,52.47596053168392],[6.067442809690517,52.475931708250926],[6.06652443614202,52.47584170606367],[6.066349158410872,52.475833722824895],[6.06608721249054,52.475837020917524],[6.065852089436444,52.475861735207836],[6.065741638266251,52.475857873715235],[6.065669301173768,52.475843907556495],[6.065592162593546,52.4758048034305],[6.065534129433593,52.47576379239148],[6.065494787870852,52.47569391390268],[6.065457259016098,52.475550326343345],[6.065423745709906,52.47538065162237],[6.065413601237975,52.47519915923866],[6.065397311729139,52.475096793287015],[6.065418501299253,52.47494298330718],[6.065480402565486,52.47475658483051],[6.06564239911169,52.474379075319014],[6.065756631629236,52.474150135179144],[6.065791000499944,52.47408792365142],[6.065869534112092,52.47402635800923],[6.065952993247382,52.47399801840518],[6.06611922635795,52.473992572537796],[6.066263701500944,52.47400792268316],[6.066473359755049,52.47405076082621],[6.066561951957112,52.474069127146684],[6.066665150738153,52.47408021955182],[6.066703345930701,52.474075506769196],[6.066767741587385,52.474051769699564],[6.067263495750844,52.473844007943505],[6.06750270964435,52.47370332663671],[6.067717221611878,52.47358345825799],[6.067826200317448,52.473492057251285],[6.067934140480744,52.473333254724366],[6.068578270457684,52.473108457358094],[6.068767298266683,52.47305434339916],[6.069172189109856,52.47296842930213],[6.069798674822461,52.47284079341673],[6.069833925284737,52.472836096577275],[6.069939926498158,52.472838182332985],[6.070037194942729,52.47284660966136],[6.070159564982594,52.47286028486833],[6.070296957274976,52.47289364621204],[6.070950822219175,52.47301390567924],[6.071324294399266,52.473085449403925],[6.071359656178159,52.47308794159202],[6.071405319642351,52.4730903743032],[6.071419635881893,52.47315949659816],[6.071657222256416,52.473770184072],[6.071682742041864,52.4738023922538],[6.071768535457312,52.473925027628106],[6.071903257443351,52.474070748203054],[6.072000393986178,52.474165456158424],[6.072066736492166,52.47426753208799],[6.072131087460586,52.47452600463467],[6.07213578115168,52.47454395281592],[6.072084136242161,52.47463053269534],[6.071875048632507,52.47481508873169],[6.07183718746804,52.47484137161276],[6.071789121605095,52.474874004775856],[6.071679855438208,52.474946537010574],[6.07157964196633,52.475033397114565],[6.071399484293775,52.47518542970025],[6.071364746860668,52.47522337833976],[6.070741390195734,52.4757455620561],[6.070453941858907,52.47600336729896],[6.070151827976704,52.47626485137456],[6.06994769540509,52.47639005686635]]]]}},{"type":"Feature","properties":{"gezicht_uri":"https://linkeddata.cultureelerfgoed.nl/cho-kennis/id/gezicht/10134270","gezichtsnummer":"1395","naam":"Deventer"},"geometry":{"type":"MultiPolygon","coordinates":[[[[6.152549348469848,52.2470941163857],[6.152899305314715,52.24717813407306],[6.153602142222153,52.2474306358183],[6.156249791123576,52.24853873910351],[6.158482923373997,52.24946523437399],[6.158988854134874,52.24967494812334],[6.160038160798711,52.25005727280215],[6.16072294977982,52.25027749325324],[6.161635834982146,52.250560928922894],[6.162110135106912,52.25071870560678],[6.162355610244158,52.25077102360604],[6.162901313677295,52.25099214424012],[6.163624834613793,52.251416124228875],[6.163982691835282,52.251949464028094],[6.164513106925701,52.25230010694118],[6.165699201969817,52.252374985981675],[6.16554934489,52.253268495283585],[6.164654855011449,52.25320427897401],[6.164522582940386,52.25334536440282],[6.164358443460326,52.253422843624925],[6.164109589302239,52.253513463247174],[6.16403818008759,52.253533706813975],[6.163872464857832,52.25360490402324],[6.16360490108591,52.2537145206685],[6.163253881595337,52.25382558387172],[6.162819484067238,52.2539425864404],[6.162498539621496,52.254014800929],[6.162260516699527,52.25405501199899],[6.162032509325998,52.25408167469387],[6.16186814368679,52.254146568517584],[6.161764734719647,52.25417960394481],[6.160881532177256,52.254765126549884],[6.160906801371608,52.25503909886897],[6.160918599830441,52.25512800402775],[6.16121799645359,52.25558443687402],[6.161304019016881,52.25573037958314],[6.161448256742141,52.256023345896935],[6.161459728064402,52.25609337807484],[6.161525140364373,52.25623316402619],[6.161467844372489,52.25630724222933],[6.161344177746109,52.25635479103482],[6.161134497860973,52.25642537361677],[6.160897476833702,52.256523998094366],[6.159773396375967,52.256989749769595],[6.1593560822622,52.25716505040141],[6.159004761105935,52.2573453112327],[6.158687681973158,52.25755770459132],[6.158431860466501,52.257839804463096],[6.158259327136806,52.258026086058045],[6.158125462899497,52.25807729325442],[6.157856191114264,52.258175223196474],[6.157494636851729,52.25827285552459],[6.157153600095201,52.25837125181361],[6.15666810075044,52.258501147832625],[6.156471273361308,52.25855366207644],[6.156213260834326,52.25862544937603],[6.156006289245286,52.258684320559986],[6.155695660033352,52.258762740841995],[6.155467857387615,52.258802871556085],[6.155313157908922,52.2588353360017],[6.154668970967133,52.258852106474684],[6.154597316296894,52.25885886368103],[6.154473387172378,52.258892025930535],[6.154313928871742,52.25898833557589],[6.154242018202336,52.259065201508136],[6.154253153532723,52.2591163614434],[6.153973204899515,52.25910559561969],[6.153765236842816,52.25910694539879],[6.153667111064545,52.25910758213932],[6.153385140755304,52.25906447083782],[6.153124272789492,52.25897088861265],[6.152645620025769,52.25890388397053],[6.152321222184389,52.258778354435485],[6.15219617870894,52.25874680710597],[6.152007186184488,52.25865904860471],[6.151766827134771,52.258565330610146],[6.151484905966448,52.25843952385156],[6.151055776316647,52.2582706267078],[6.150595663398772,52.25808844608828],[6.150084295857069,52.257906594721945],[6.149885275131798,52.25783148096885],[6.149676326941035,52.25777530599695],[6.149727971270837,52.25771205584722],[6.148887721878507,52.257226726175396],[6.148091533048113,52.25674739842976],[6.14737644486931,52.25629900183483],[6.147114730616062,52.25615417963616],[6.146824932359576,52.25599425768451],[6.144174569446848,52.25413635266372],[6.142266040700938,52.252830012650215],[6.143132065007165,52.25242809740704],[6.14352892638408,52.25216849671466],[6.14404386385725,52.25161872077424],[6.144352666502368,52.25126260980254],[6.144559324086746,52.251100397534934],[6.145352083036122,52.25052726236121],[6.147082318995567,52.24954093197694],[6.147748003932292,52.24916184245781],[6.147977125359216,52.24903003901096],[6.14835458211372,52.24883795760872],[6.149064693044371,52.248574521022114],[6.14979404592494,52.24832353925095],[6.150104258738131,52.2481390768441],[6.15169833749464,52.24742140325085],[6.15239158915187,52.24711671013533],[6.152549348469848,52.2470941163857]]]]}},{"type":"Feature","properties":{"gezicht_uri":"https://linkeddata.cultureelerfgoed.nl/cho-kennis/id/gezicht/10134271","gezichtsnummer":"1404","naam":"Beesd"},"geometry":{"type":"MultiPolygon","coordinates":[[[[5.19835157564401,51.88644413360072],[5.197789339556804,51.8864701940435],[5.197570157589414,51.88643478629526],[5.197227770389852,51.88633805859687],[5.196953705655015,51.88622885684426],[5.196647767087471,51.886100727336114],[5.196240368918267,51.88592209772013],[5.195790932015562,51.885724522789246],[5.195422558622355,51.88559269307817],[5.195242795339784,51.8855115048789],[5.194929607972901,51.88538246020509],[5.194604810297427,51.88525159800918],[5.194316226142877,51.8851441639477],[5.193978217035093,51.88504653509397],[5.193634349296508,51.88496058042614],[5.193016134217467,51.88483552215082],[5.192155393432069,51.884702867830875],[5.191544139676406,51.88464882102995],[5.191331944397787,51.8846799267732],[5.190450295875504,51.88468025216861],[5.189497196761646,51.884744267840674],[5.188623976269626,51.88480930957143],[5.188092069879638,51.884877619896564],[5.187814157154866,51.88433245694337],[5.187479797914116,51.88374405347968],[5.188998373776662,51.88323698613476],[5.189454785556443,51.88315685993302],[5.189742515800052,51.88312228915702],[5.18999238072224,51.88311102378329],[5.190024361190309,51.88310478560758],[5.190096595793653,51.88319299224883],[5.190189365026033,51.88323539284653],[5.190831263229044,51.8832517469972],[5.192180602531538,51.88324230843932],[5.192629012502906,51.88333203580554],[5.193168879947002,51.88343269842561],[5.193263166939731,51.88346071779065],[5.193287714780535,51.88349401505296],[5.193243677576087,51.88360180218898],[5.193268217735701,51.88363689710504],[5.193890897827825,51.883733198825226],[5.194335047387821,51.88380223953323],[5.194853299123391,51.88386510800809],[5.195158064001082,51.88392313147973],[5.195903987561843,51.8840717560029],[5.196015695398435,51.884102497993496],[5.196371035886446,51.88422261991856],[5.196677040777267,51.88433187484263],[5.197390552347441,51.8845918924566],[5.197752723914213,51.884816285645286],[5.198314535840681,51.88488639966037],[5.198564310518954,51.8848984855138],[5.198461369914158,51.88554727644033],[5.198352435322836,51.886239201490646],[5.19835157564401,51.88644413360072]]]]}},{"type":"Feature","properties":{"gezicht_uri":"https://linkeddata.cultureelerfgoed.nl/cho-kennis/id/gezicht/10134276","gezichtsnummer":"1405","naam":"Beusichem"},"geometry":{"type":"MultiPolygon","coordinates":[[[[5.293112134907218,51.94649184095768],[5.293275709977221,51.94686498274649],[5.293532356047268,51.94724718656385],[5.293407174771637,51.94729292687169],[5.293372233352467,51.94730907783949],[5.293318347927703,51.94734229131878],[5.293306625712269,51.94738362779308],[5.293318225978353,51.94740071466105],[5.293405352903499,51.94746909456099],[5.293317987707023,51.947514864882265],[5.293605438716983,51.94777395442854],[5.292932825927623,51.94807542222327],[5.293369917586693,51.94841912126787],[5.293669528694254,51.94842924661592],[5.293645770218137,51.94866292146544],[5.293638312454316,51.948751898917],[5.293639709024432,51.94877976350738],[5.293614869723544,51.94883367309126],[5.293579910340742,51.94885791350126],[5.293098133290089,51.94901302576342],[5.292770646227755,51.949115229358725],[5.293017331643468,51.94939585931608],[5.292008604506909,51.94973570186046],[5.291504916544214,51.949243638111206],[5.290972282256061,51.94936903920448],[5.290720966546171,51.94921873033832],[5.290355107460358,51.94889934826695],[5.290321802172399,51.94883011158206],[5.29020275317013,51.94872664906424],[5.290067728191214,51.94861238738476],[5.290192928178801,51.948561257719994],[5.28985027070298,51.94827874485679],[5.291602907018393,51.947623141564485],[5.29114716635158,51.94716796674144],[5.292270921947424,51.946744633799526],[5.293112134907218,51.94649184095768]]]]}},{"type":"Feature","properties":{"gezicht_uri":"https://linkeddata.cultureelerfgoed.nl/cho-kennis/id/gezicht/10134277","gezichtsnummer":"1406","naam":"Bredevoort"},"geometry":{"type":"MultiPolygon","coordinates":[[[[6.62043938015517,51.945572284204125],[6.620171697808488,51.94572970518155],[6.619730703911071,51.94614423387576],[6.619669333888101,51.94618712621074],[6.619579348886854,51.9462473978456],[6.619394522261889,51.9463500135793],[6.61924200655537,51.94641094042178],[6.619041674839327,51.946478660549225],[6.618764491855772,51.94650223997099],[6.618489329586305,51.94649343675582],[6.618267307010116,51.94645980576372],[6.618107593044076,51.946417431689596],[6.617941717701695,51.946362537151956],[6.617825038648292,51.94629813822625],[6.617714028853678,51.946228286370086],[6.617593777080675,51.94613965401087],[6.61744599608775,51.94600186953141],[6.616670531503214,51.94525220084041],[6.616547474554517,51.94516719241994],[6.61647555692624,51.945143673952096],[6.615314979227369,51.94509647745309],[6.615052306935768,51.94495899146059],[6.614826776060089,51.944849882146485],[6.614800011801919,51.94482858780282],[6.614799520319632,51.94481061471222],[6.614787793211092,51.944754105783275],[6.614734387735584,51.94471601034373],[6.614653845260696,51.94469617648841],[6.614653228611348,51.94440763243608],[6.614740539652167,51.94393029768238],[6.6147695524012,51.94387426218504],[6.614790631079996,51.94379403893762],[6.614847812246615,51.94375748527521],[6.61488013033157,51.943662762037945],[6.614910945034715,51.94356625666978],[6.614970456393428,51.943348997419335],[6.615375638112527,51.943219815691215],[6.615743503238521,51.94310900082239],[6.615382063034637,51.94260399418289],[6.615605992323842,51.94254861831526],[6.615222431770691,51.94197912073783],[6.615714975430336,51.94169441212867],[6.61581138750492,51.94165654899698],[6.616252213464386,51.94150182196506],[6.616734224685729,51.94115159854742],[6.616626949463031,51.941111370746434],[6.617060009765313,51.94077963618149],[6.618155461762784,51.941532243857665],[6.618705185398434,51.94190133171191],[6.61880277911096,51.94195963732836],[6.618890194767428,51.942018049522446],[6.618919522196958,51.94202673131493],[6.618731039781199,51.94220758984033],[6.619354516512278,51.94266669205937],[6.619480905552087,51.94303212319888],[6.619815611316285,51.943727068369874],[6.619972948303424,51.94368316945254],[6.620141605047874,51.94383960897988],[6.619805389830058,51.94393752097343],[6.619869495581525,51.94399437907565],[6.619916349588249,51.94405860936871],[6.61995499727076,51.94414180286245],[6.619958178763841,51.94420469333608],[6.619960817372538,51.944247813438885],[6.619952020462723,51.944298244770884],[6.619933931258342,51.94432809858035],[6.619911208234659,51.944348112951765],[6.619793845659156,51.94441766103091],[6.619406708671299,51.94462127850331],[6.619409814257691,51.94462843724217],[6.618818553326127,51.94492048794063],[6.618994209528947,51.945013931928685],[6.619870180221999,51.945343638710014],[6.62043938015517,51.945572284204125]]]]}},{"type":"Feature","properties":{"gezicht_uri":"https://linkeddata.cultureelerfgoed.nl/cho-kennis/id/gezicht/10134279","gezichtsnummer":"1401","naam":"Aalten"},"geometry":{"type":"MultiPolygon","coordinates":[[[[6.580840555821389,51.927974160904796],[6.580800937438229,51.92774174606071],[6.58080122874035,51.9274244284405],[6.580749382283418,51.927114831646044],[6.580742039633832,51.92705737608446],[6.58063020682493,51.92656950570358],[6.580971367074598,51.92660469344805],[6.581601476178482,51.926625257796196],[6.581542680320064,51.92649191801447],[6.58205334780552,51.926395037900576],[6.582222057141272,51.92694345444167],[6.582056211172167,51.92699458087019],[6.58194150192431,51.92732834336911],[6.581949486985221,51.927355229441766],[6.581961994682942,51.9276067966722],[6.581745002871837,51.927593721221804],[6.581746095795952,51.927853494670025],[6.581772145505723,51.92790356873942],[6.581797669431182,51.92793387216139],[6.581828697079732,51.92795243381693],[6.581842496611084,51.92797926078489],[6.581855344518093,51.92802497450392],[6.581212849916038,51.92803150447962],[6.581192519619215,51.927977776545035],[6.580840555821389,51.927974160904796]]]]}},{"type":"Feature","properties":{"gezicht_uri":"https://linkeddata.cultureelerfgoed.nl/cho-kennis/id/gezicht/10134280","gezichtsnummer":"1402","naam":"Acquoy"},"geometry":{"type":"MultiPolygon","coordinates":[[[[5.139045527534388,51.87870999391582],[5.138646387813963,51.87893026350296],[5.138336116064686,51.87909948643718],[5.138020007998524,51.87927319034489],[5.137842372165902,51.87935550626691],[5.137491570077034,51.87949947363199],[5.13663000676256,51.879823017631985],[5.136200387101614,51.880036023252075],[5.135948271073084,51.880190982730824],[5.135830117293334,51.88028330992457],[5.135635498476782,51.88054445403483],[5.135488924787265,51.880784128724244],[5.135470742941712,51.88091891478877],[5.135132521196796,51.88088762954576],[5.134744331005794,51.88096139951085],[5.134434564101193,51.880259643634744],[5.134345414583802,51.88010035834052],[5.134607525189677,51.87997688294682],[5.135098344414996,51.879728959927036],[5.13547112620846,51.87955178994024],[5.135884619087707,51.87936571749806],[5.136361933474559,51.87919326233695],[5.136834847407934,51.879027986531774],[5.136813075862429,51.87876458191678],[5.136724280938645,51.878540583141934],[5.13719818470977,51.87845710183963],[5.137834877901493,51.878348796806975],[5.137847629507561,51.878406349212476],[5.138106298930462,51.878376337404504],[5.138129102266722,51.878454584255046],[5.139045527534388,51.87870999391582]]]]}},{"type":"Feature","properties":{"gezicht_uri":"https://linkeddata.cultureelerfgoed.nl/cho-kennis/id/gezicht/10134281","gezichtsnummer":"1403","naam":"Batenburg"},"geometry":{"type":"MultiPolygon","coordinates":[[[[5.63914639178164,51.824425879731194],[5.639117494875888,51.824705480954464],[5.638872462862741,51.8247248826782],[5.638587277731948,51.824827063215906],[5.638515173012126,51.82490272028439],[5.638505551048034,51.824998017905116],[5.638588441845202,51.825035591518244],[5.63783755863943,51.82538594843532],[5.636867914592992,51.82578800028425],[5.635163108021398,51.82650799221739],[5.634064412063997,51.826928270346684],[5.63223787634552,51.827687125807635],[5.629559904958879,51.82551120773193],[5.63063311601518,51.82520517721988],[5.630601828849342,51.82505243946383],[5.63055860252648,51.82483770655305],[5.630414737591678,51.824520714683544],[5.630321118637192,51.82437529681224],[5.630208129594955,51.82413464201914],[5.630067475757468,51.82387426993925],[5.6294343989235,51.824022090156085],[5.629270594271319,51.8240413040221],[5.629137148523592,51.82404157940259],[5.628861211564132,51.823978330746826],[5.628615841747274,51.82393479298931],[5.628062727607891,51.82384694522428],[5.627838578731268,51.82397414175013],[5.627785952722772,51.82389784837362],[5.627724254283401,51.823752362943125],[5.6276931508009,51.82363198224464],[5.627598899500877,51.82336611900655],[5.627455669112972,51.82316327480795],[5.627207570775236,51.82287885070741],[5.627012093868956,51.8226698210018],[5.626549639218016,51.82217011216176],[5.627326057501428,51.82197797087983],[5.627847127154683,51.821773764976406],[5.629347911374158,51.82115586919369],[5.630518826323454,51.82069773368981],[5.632681654964935,51.82181228168294],[5.63274379781566,51.82177080495004],[5.633543059977292,51.82231382561455],[5.633689359471138,51.82280788006639],[5.63388081981416,51.82280747748399],[5.634021627460514,51.82282785452333],[5.63417705319542,51.8228688739226],[5.634358720693107,51.82293410648554],[5.634642148325519,51.82304047072646],[5.637518537675016,51.82409949143907],[5.637897788263064,51.82421912584958],[5.63828694883513,51.82429469467334],[5.638809627662937,51.82438255958177],[5.63914639178164,51.824425879731194]]]]}},{"type":"Feature","properties":{"gezicht_uri":"https://linkeddata.cultureelerfgoed.nl/cho-kennis/id/gezicht/10134282","gezichtsnummer":"1407","naam":"Bronkhorst"},"geometry":{"type":"MultiPolygon","coordinates":[[[[6.179838515798383,52.06859441444178],[6.180092096129482,52.06850102550573],[6.180822535469335,52.068486218256105],[6.181936861544766,52.0684885911006],[6.181948059775283,52.068544243800574],[6.181888577673987,52.0687262114777],[6.181795372521432,52.0689803140874],[6.181781810554215,52.069284214501415],[6.181841639582024,52.06945009676996],[6.182105457315943,52.06968650978922],[6.182219982109461,52.069893369454306],[6.182365544638463,52.070205184067255],[6.18255669055334,52.07045556935562],[6.182950541341642,52.070621891377286],[6.183381334671327,52.07081492764315],[6.183641837783762,52.07094619504109],[6.184018612445014,52.07113599890723],[6.18432480947464,52.071375715638325],[6.184765840896181,52.07173316583146],[6.185145929323144,52.07202631061043],[6.185650647619341,52.07235546188942],[6.185881116867897,52.072519286325104],[6.186198182112666,52.07271308354087],[6.186533503260549,52.07286720692751],[6.186758924519977,52.0729115178181],[6.186924408842974,52.07302994038682],[6.186838415596143,52.073196810183624],[6.186855635597843,52.07334410349552],[6.186787716728277,52.07378769410212],[6.186823920794707,52.07409934674391],[6.186810752683956,52.07458660887584],[6.186800457962509,52.074826669747445],[6.186502602362112,52.07489250928198],[6.186056811464145,52.07500609133255],[6.186299561160133,52.0752848835016],[6.186581951545217,52.07557778762216],[6.186976863035739,52.07588161203437],[6.187368267776694,52.076152201785106],[6.187769838971267,52.07642002461919],[6.187846794815885,52.07648152166576],[6.187585077590311,52.07661093603155],[6.187217996471502,52.07688488028102],[6.186633471445729,52.077235802129316],[6.18613696495072,52.077533092339735],[6.185536424842061,52.07780501915424],[6.185738036499661,52.077903423975215],[6.185627951778678,52.07794731465908],[6.185069606402213,52.07813176533915],[6.184489200230924,52.07838827002523],[6.184320062003365,52.07847480474731],[6.184186025597013,52.078648289378116],[6.183997472338711,52.07887337662535],[6.183723930833167,52.07907746609492],[6.183306875181534,52.079332860097956],[6.182803449189956,52.07957175801225],[6.18235891276826,52.0797590222518],[6.182045957867418,52.079962474950975],[6.181329255190204,52.080268420867924],[6.181025680025272,52.08034327326297],[6.179984525298056,52.08061724104946],[6.179695339592172,52.08026953780836],[6.177147539377056,52.08114324701233],[6.17405744954942,52.082212876054996],[6.172782486891123,52.08271934320809],[6.172751390975788,52.08252719878287],[6.17271528745804,52.082299134128974],[6.172741162674225,52.08211110396753],[6.172620092004054,52.08202921798642],[6.172581871193564,52.08151443733868],[6.172655288063001,52.081458219714406],[6.172639737651537,52.08140349414325],[6.172593711727673,52.08135796017355],[6.172545728495526,52.08120098303111],[6.17244054215242,52.08119269587243],[6.172336167545947,52.08114755075505],[6.172272754914656,52.08102573111766],[6.172290320823088,52.08086292393369],[6.172222255634189,52.08064226283036],[6.17221345442914,52.08047333948492],[6.17216395168639,52.080312776940445],[6.17209954682993,52.08013433686388],[6.172053569095745,52.079925213392265],[6.171929587717486,52.0796770606059],[6.171804330372726,52.07935611010008],[6.171526878234371,52.07892471674071],[6.171266942063792,52.07857679830671],[6.171141850152461,52.078264834382594],[6.170835238822002,52.07783363344877],[6.170471438350445,52.07746842740432],[6.17010697196191,52.07714816670507],[6.17020939936496,52.07708276930745],[6.170256945732128,52.076965603925196],[6.170099073288605,52.07669700115214],[6.169946416629583,52.07655959425879],[6.169915640548252,52.076468117018905],[6.169586766189734,52.076013690907835],[6.169401082011265,52.07582257224443],[6.169168380136218,52.07561199095377],[6.168833252699237,52.07538321331302],[6.168585171446907,52.07521048425482],[6.168362953177181,52.07501511212948],[6.16811818517048,52.074864831142534],[6.167637185681623,52.074635219517795],[6.167296364215249,52.07449725819359],[6.166890100023031,52.07437051521857],[6.166155875491159,52.07434121743229],[6.165529816006024,52.07432468294715],[6.165184169965051,52.07424427323142],[6.164584907661174,52.07409093294899],[6.16383528401678,52.07393049163964],[6.162813444812989,52.07363341707463],[6.162182947729382,52.07344431670068],[6.1617013758716,52.073263222151375],[6.161339246690861,52.0730723522229],[6.160873243358982,52.072863287926324],[6.160419111894097,52.072581337783184],[6.160040172899903,52.07226114122151],[6.160294419525422,52.07211835464457],[6.160549161814255,52.07200432715145],[6.160838687454511,52.07187748685394],[6.161201070454136,52.07174657168952],[6.161659811529833,52.07153682267061],[6.162337999303308,52.071197093513895],[6.162849200595295,52.07098519683196],[6.16316937057705,52.07085994658305],[6.163632601448616,52.070741841971106],[6.163890197324832,52.07062509181774],[6.164106816632001,52.07050052183669],[6.16434378957042,52.0703722217802],[6.16453807780656,52.07022173194864],[6.164717010097479,52.07011089217874],[6.165068252298831,52.06992790571994],[6.165394648474464,52.0698259780896],[6.165691453672233,52.06969997643436],[6.166423573012935,52.06936166456252],[6.166762227132701,52.069126623450636],[6.167024698724612,52.06895590356421],[6.167349264989548,52.068749716936495],[6.1679408718256,52.06838446208223],[6.168311813011827,52.068161786145296],[6.169151732579611,52.06765196201329],[6.169392815067723,52.06751014168954],[6.16960664460596,52.06739456834321],[6.169872294789346,52.06724000000849],[6.170132251632349,52.06709355849179],[6.170415869474173,52.066965834719596],[6.170647869760944,52.06688878881701],[6.170784348244462,52.066853724806776],[6.170896870602746,52.066866458697916],[6.171060589711464,52.06688784014819],[6.171284824569924,52.066783879401434],[6.171281529968366,52.06676232912184],[6.171310388957018,52.06666146664052],[6.171689378392521,52.06648366839471],[6.172122177901953,52.066297420691285],[6.172308840113547,52.06621348291451],[6.172470585363194,52.06612252024869],[6.172548478154713,52.06607346333264],[6.172721307543981,52.066115455090795],[6.172868820276361,52.06621064720661],[6.173012874609538,52.06635799508141],[6.173183894441451,52.06646291721618],[6.173427811020355,52.06631747423347],[6.174334179500759,52.06693701410087],[6.174879416193483,52.06733874657385],[6.175167674739224,52.06755793349869],[6.175485751298617,52.0678137726843],[6.176042818377164,52.06805812318428],[6.176198586639275,52.06787641235542],[6.176269836644826,52.06778155651775],[6.176390382202944,52.06758749761485],[6.176475706035077,52.06738109083991],[6.17761257267442,52.06775277777113],[6.178630779205704,52.06809379177545],[6.179050557747225,52.068243773320134],[6.179474873214538,52.06840271128549],[6.179838515798383,52.06859441444178]]]]}},{"type":"Feature","properties":{"gezicht_uri":"https://linkeddata.cultureelerfgoed.nl/cho-kennis/id/gezicht/10134283","gezichtsnummer":"1408","naam":"Buren"},"geometry":{"type":"MultiPolygon","coordinates":[[[[5.342059852744281,51.912396004934095],[5.340513213809316,51.91265246700111],[5.340726722496681,51.912784678762684],[5.340764454604545,51.9128386231865],[5.340751293720158,51.91291681586369],[5.340814834543629,51.91331322312042],[5.340807039670353,51.91382644964218],[5.340875867850488,51.914736987248325],[5.34102614888206,51.91559272825796],[5.341201311797919,51.91628489243147],[5.339722897456784,51.91649463166342],[5.338751814216731,51.9166353522794],[5.337315522508711,51.91685047147599],[5.335316614994802,51.917147119967915],[5.334824467788833,51.91663636943314],[5.334182724976372,51.91603926234947],[5.333535113695053,51.91550237035917],[5.332271811001774,51.91451218122493],[5.331757801171332,51.91410297478186],[5.332120031597592,51.913832598027405],[5.331269661738229,51.91276439226435],[5.330951150571668,51.912943107055234],[5.330609476439086,51.91304720729928],[5.329933478290612,51.91318619877376],[5.328860582430603,51.91341667078399],[5.328424451515818,51.91350364017607],[5.328290693492192,51.91353862759601],[5.328156912886484,51.91359069254592],[5.32782530287006,51.913769392286724],[5.327563407405468,51.91398318060402],[5.327246535545829,51.91400459162603],[5.326886105584628,51.91399272294579],[5.326553265180586,51.91399974270857],[5.32619861987672,51.91400944671948],[5.326016969277791,51.91399047718892],[5.325671146254857,51.91392558163522],[5.325435945634144,51.91374209807742],[5.324879872286092,51.91332295233895],[5.324739056905062,51.913205131558605],[5.324583683482318,51.913105279392184],[5.324408043629131,51.912947891350235],[5.32430932951222,51.91286514669703],[5.324161280394947,51.912725749527766],[5.324210767790548,51.912673644082425],[5.324330041667826,51.91260359935506],[5.324569997942583,51.912494969199045],[5.324725598518826,51.912429437505246],[5.324859415701355,51.91235131051455],[5.324973012069948,51.91218149242407],[5.325099670345459,51.91202426467242],[5.325248109307203,51.91188053062935],[5.325409602697258,51.9117547797679],[5.325600258902226,51.91155803666141],[5.325723993087494,51.9114106937851],[5.325815772988065,51.911248952911485],[5.325880039524348,51.91101349389025],[5.325851340342339,51.91074383105482],[5.325823965042927,51.91056944448641],[5.325827044232482,51.910442711573445],[5.325869326771869,51.910342065037554],[5.325926496398538,51.90998076657006],[5.325951313312214,51.90989898626909],[5.326216177017872,51.90962767807663],[5.326479288788379,51.90957568203716],[5.32658101018704,51.90958112737656],[5.32680697592454,51.909051834613685],[5.327524540841295,51.90930926462066],[5.327751147113052,51.90938667825182],[5.32798940978808,51.90944162664132],[5.328378844166728,51.90947238179611],[5.32887583923595,51.90948880772614],[5.32927839328361,51.90948900629283],[5.330259405345196,51.909442745442625],[5.330648898797111,51.90942765295291],[5.330951158178249,51.909443077665564],[5.331315879095484,51.9094819007251],[5.331844943177767,51.90942013139925],[5.33283762378735,51.9093352049684],[5.333359381274572,51.909303985552974],[5.334253025066648,51.90939786834432],[5.334177702847708,51.90918750909442],[5.334140064215838,51.90906345410316],[5.334165099337089,51.908783031504335],[5.334329625438861,51.90851885042245],[5.334543559219407,51.908254691185036],[5.334838710848799,51.90812808812732],[5.335775884917286,51.90826242588354],[5.336744967232134,51.90845789002742],[5.337096459278322,51.90862881698643],[5.33751181046746,51.90887796772692],[5.338014250616946,51.909228720744494],[5.338428059052214,51.909570446698616],[5.33870552374474,51.90967212853639],[5.338924742351451,51.90988254387164],[5.339024960831322,51.90993651444525],[5.339151321357231,51.910006674463546],[5.33950292496989,51.910092205727956],[5.339780452961557,51.910139056639366],[5.34001877570677,51.91015443229266],[5.341302066089316,51.91011628925946],[5.341822182942549,51.91171909768765],[5.342059852744281,51.912396004934095]]]]}},{"type":"Feature","properties":{"gezicht_uri":"https://linkeddata.cultureelerfgoed.nl/cho-kennis/id/gezicht/10134284","gezichtsnummer":"1409","naam":"Culemborg"},"geometry":{"type":"MultiPolygon","coordinates":[[[[5.226393277283381,51.95047689777551],[5.227699667939333,51.95124986524663],[5.229351432559562,51.952272255584774],[5.230508010310534,51.952652205179305],[5.231466838028405,51.95301300662304],[5.230926807119504,51.95353091137791],[5.230310899566852,51.954111630074735],[5.230215850815625,51.95425261843939],[5.230263275485792,51.95441896378665],[5.2303777211221,51.95455573728863],[5.230367083229365,51.95468605232995],[5.230000809546231,51.95501093736501],[5.229681252506747,51.955287347381145],[5.229161916429293,51.955698311777915],[5.228775243189703,51.956027659685354],[5.228538850622412,51.95623137388908],[5.228494982039093,51.95629513111291],[5.22850062019158,51.95634637156785],[5.228532447538998,51.9563967485044],[5.228765855514048,51.956627161313406],[5.229007877560546,51.956890841636735],[5.229199196111455,51.95709423233811],[5.22935733367953,51.9572184819098],[5.229514134023582,51.95730947306634],[5.230103940687403,51.95755204474261],[5.230735834067054,51.95782612815594],[5.234892124138966,51.96002020956956],[5.235089700921266,51.96010585305688],[5.234398914287482,51.96044740941055],[5.233907790897779,51.96068675622555],[5.233499728304904,51.960886661321744],[5.234597495594344,51.96152265725441],[5.235223321100229,51.9618946799674],[5.236177327347106,51.96246126612539],[5.235386036655919,51.96282696738805],[5.234586039717692,51.963181866181394],[5.233729106654807,51.963588816935065],[5.232878058428914,51.96397239980506],[5.23222371703894,51.96427174644919],[5.231802559394072,51.96445994368145],[5.231594389083125,51.96448843098956],[5.231368870250827,51.964484537414876],[5.231209489930619,51.96429018102541],[5.231115487315226,51.964124673380475],[5.231050560869206,51.963966394792834],[5.230962679676169,51.96371460831991],[5.23092370692282,51.96362467449066],[5.230561969749044,51.96346330478074],[5.229772905511017,51.96317552833617],[5.229583073371803,51.962955063157594],[5.229280008742727,51.96307599785719],[5.228946349514343,51.9632076765051],[5.228740988584116,51.963265823636874],[5.228615804570609,51.96328093502926],[5.228497962161582,51.96327718094248],[5.227764482063417,51.963321130918814],[5.22701625499519,51.9634198843451],[5.226413557702997,51.9635098436565],[5.225689649327232,51.96372277213911],[5.225210372314725,51.9638821037735],[5.224140576483661,51.96437947254328],[5.221598864053906,51.96549585552803],[5.220946140528207,51.9649385653281],[5.220516665043864,51.96460898950017],[5.220170132761282,51.964279529797494],[5.219149894093171,51.96356980667125],[5.216799797143805,51.962099551762385],[5.214449898911848,51.96099596897469],[5.213447418075263,51.96062777421265],[5.215718840233948,51.958265406076286],[5.217712519996936,51.95619381231762],[5.219675182058622,51.95419854010278],[5.221566345757905,51.952215717665936],[5.222914241811742,51.95316586458265],[5.223550230565479,51.9526858805214],[5.224740568454675,51.951764438737975],[5.225376563135649,51.951271861233046],[5.225941084814102,51.950830415260384],[5.226393277283381,51.95047689777551]]]]}},{"type":"Feature","properties":{"gezicht_uri":"https://linkeddata.cultureelerfgoed.nl/cho-kennis/id/gezicht/10134285","gezichtsnummer":"1410","naam":"Doesburg"},"geometry":{"type":"MultiPolygon","coordinates":[[[[6.139771107023547,52.00860420847159],[6.140131448187556,52.009072000250384],[6.140250814191909,52.009241118477505],[6.140260942227492,52.00932374760516],[6.14025481699269,52.00947928738524],[6.140199506120388,52.00965491658682],[6.140026572533813,52.00985197188194],[6.139854489962686,52.010013067580864],[6.139565748603888,52.01025310872763],[6.139520402406292,52.010588668631655],[6.139451699210897,52.01100797059831],[6.139429097250574,52.0111366502132],[6.140569933743428,52.01150147391836],[6.140916467531303,52.01175272951143],[6.140940461876345,52.01213997886212],[6.140977379240542,52.01286241529353],[6.140869491242501,52.013116581189564],[6.140602394650585,52.013691755903906],[6.140472699659106,52.01394875754944],[6.140427858028246,52.01405420966166],[6.14058263419069,52.0142491673707],[6.140752224540573,52.01437212227621],[6.14083629178261,52.01443360430022],[6.141006397685694,52.01458711632637],[6.141065628354171,52.01464426305806],[6.141127434982009,52.01476790790661],[6.141128039975644,52.014803857895494],[6.141012401301737,52.014943919974826],[6.140684507377674,52.01536937677056],[6.14065702309223,52.01546752702635],[6.1406751976051,52.015508757591164],[6.140760567015166,52.01564753212771],[6.140948867311982,52.015843173496435],[6.141577143295459,52.01638654490839],[6.139604733320176,52.01656456079429],[6.139631050941878,52.016656973680114],[6.139641873992331,52.01678094525545],[6.139577042140971,52.01691079364722],[6.139436192498424,52.01702494873854],[6.139294316080024,52.01707798868004],[6.13906922912772,52.01712077399019],[6.138881667873674,52.017142645706116],[6.139149264560176,52.017636200249164],[6.139143209908982,52.017796233537226],[6.139069122200419,52.01789557999585],[6.138937771157088,52.0179683268483],[6.138804359818318,52.018005132871124],[6.137958118523807,52.01801592790272],[6.137138097066084,52.018026549754545],[6.136568699749232,52.01804006439608],[6.135853934166741,52.01807247811741],[6.135042966296607,52.01810190352491],[6.134255499161602,52.018142859142564],[6.133641975482695,52.01821866007853],[6.133303405179473,52.01827114255049],[6.132873331729264,52.01834038312019],[6.132645468421826,52.01839216212903],[6.131934168138225,52.018545874173846],[6.131196439450324,52.01877525198617],[6.129856922793912,52.01917471085592],[6.129210847531754,52.018430048501266],[6.12866087589383,52.017769268553224],[6.128245958225145,52.01708156911449],[6.127918377209049,52.01630073740985],[6.127792263523197,52.0157217759875],[6.127775439677078,52.01549717053719],[6.128258020262449,52.01534492404029],[6.129664022746376,52.01491989553641],[6.130321867563402,52.01470810954065],[6.130468161622166,52.01465774904291],[6.13050742469926,52.0145658187663],[6.130477677196733,52.014441067119726],[6.130535825831675,52.0142582341133],[6.130692403091039,52.01394983962133],[6.130944891745723,52.01371544291499],[6.131276800602443,52.013439196543345],[6.131727939120603,52.013062422942994],[6.131795424756698,52.01300357092099],[6.131590892794788,52.012879925425636],[6.131223315974458,52.01267461681696],[6.131141417110097,52.012567273126244],[6.131152585569861,52.01245035252735],[6.131321243504067,52.012256034142425],[6.131596850882719,52.012098790483726],[6.131956230325851,52.011898770192545],[6.132598668810843,52.011552241702866],[6.1328098032068,52.0114601205029],[6.133242289724821,52.01136479795889],[6.13353657506454,52.01128023781469],[6.133817949564116,52.01112025575085],[6.134098569764499,52.011002523575655],[6.134215020060797,52.0107357257435],[6.134199274845496,52.01057762871106],[6.134197476764618,52.0104697785372],[6.13434270626414,52.01026931248555],[6.134474614344006,52.010143535121514],[6.134578372191631,52.0099019851939],[6.134650985336752,52.00980175195088],[6.134675131744082,52.00967755770831],[6.134645992783155,52.00950246770453],[6.134547458856909,52.00927119114407],[6.13427538783848,52.009114721931006],[6.13401753470987,52.00902467651002],[6.133841524853919,52.008951189283245],[6.133706144635165,52.008868455553426],[6.133515856495097,52.00881213652102],[6.133366965772814,52.00870521923882],[6.133277772235885,52.008597024395705],[6.133464537136832,52.00852932530211],[6.13359631863997,52.00848354704658],[6.133963968623807,52.00851986460202],[6.134571573981686,52.008621171717586],[6.134996159605715,52.0086652140074],[6.135461285100143,52.008607427255136],[6.135878574287371,52.00856342576276],[6.136335515295621,52.00853894496368],[6.13677016115451,52.00857482718006],[6.137122817116836,52.00867235200486],[6.137380809842384,52.00877047937902],[6.137695339311216,52.009026442671015],[6.137978857665974,52.00908305895814],[6.138234896258301,52.0090643468162],[6.138475828248137,52.00901337207782],[6.139771107023547,52.00860420847159]]]]}},{"type":"Feature","properties":{"gezicht_uri":"https://linkeddata.cultureelerfgoed.nl/cho-kennis/id/gezicht/10134286","gezichtsnummer":"1411","naam":"Elburg"},"geometry":{"type":"MultiPolygon","coordinates":[[[[5.846162204845092,52.45047112498766],[5.846695943688324,52.45115570437619],[5.844821203370358,52.451663566618954],[5.843511139857052,52.45201194360198],[5.842072307890838,52.45242910576214],[5.839842939025956,52.45308205038624],[5.837201815490524,52.45390188802226],[5.836126717130049,52.454221428868564],[5.835923435953449,52.45405053710432],[5.835808357222884,52.453873019780865],[5.835535084070706,52.452892615705835],[5.835186961426788,52.451783073377634],[5.835146889157699,52.45174817350972],[5.834513093966042,52.45177123948943],[5.833997187684329,52.4518145288774],[5.833772885511792,52.45189086984722],[5.833449242785946,52.45203588986178],[5.832554949398596,52.452485935298725],[5.832300620164276,52.452356571843325],[5.831515392240282,52.451364599394175],[5.831000786483709,52.451537291346945],[5.829020358808338,52.4504679869802],[5.828386132120313,52.45000389750146],[5.8263646133399,52.4487828124144],[5.825827919477954,52.44791390845614],[5.825542286939386,52.4474413224499],[5.825368587586655,52.44698270182851],[5.825264421672776,52.446564267739824],[5.825227924492276,52.44614648208978],[5.825231656081732,52.44578067538654],[5.82526465904684,52.44554867478445],[5.825444815482822,52.44502673100106],[5.82576453073086,52.444339798227276],[5.826071739531701,52.44372750742715],[5.826491487302652,52.44289640104714],[5.827140330969473,52.44321574726481],[5.827680943230211,52.44344741447604],[5.82834571283367,52.44373973223941],[5.828649851771103,52.44385543733059],[5.828831094523767,52.44388891445035],[5.830449237687608,52.44406172295319],[5.83075288334989,52.44456748402937],[5.830942819983263,52.44458744405373],[5.831391756839663,52.444620812960906],[5.831875568250521,52.444611807793216],[5.832111307406826,52.44465226536308],[5.834917257795409,52.444613832265595],[5.834681183630848,52.44294124246916],[5.835366463841564,52.44293146176564],[5.83628726781942,52.44294145580753],[5.836972556788191,52.44293256453721],[5.837880890338563,52.44287338938467],[5.83805983171027,52.44282507442345],[5.838160751827516,52.442769866194205],[5.838261176821266,52.442666126971915],[5.838415883712999,52.44240489870693],[5.840502607407391,52.442808561825224],[5.841672677439639,52.443030564952345],[5.842626478979617,52.44310239727659],[5.84299787800845,52.44317646428444],[5.843134527554791,52.443306257971216],[5.843147423529674,52.44341585651013],[5.843069282327546,52.4435401855066],[5.842508609401166,52.443796689606174],[5.842091666099701,52.44401399270439],[5.84174284450825,52.44427686946602],[5.841493578626462,52.444495324420856],[5.841214217393078,52.44479118712448],[5.841023353142708,52.444968074474914],[5.840689713947672,52.445278523898786],[5.840161355379183,52.44567779502908],[5.839625219507256,52.44603664947967],[5.840370875778016,52.44645980919637],[5.84085569573001,52.44669073108853],[5.841205622074603,52.446819709996404],[5.841927478965258,52.44707128897499],[5.843008448491897,52.44748505576771],[5.843536946676514,52.44766996215537],[5.844053028316852,52.447934004488125],[5.844324540001852,52.44815944332111],[5.844550744838265,52.448412917838304],[5.844744796940792,52.448686288700294],[5.845188738249957,52.44922652231711],[5.845695746350136,52.44988963953759],[5.846162204845092,52.45047112498766]]]]}},{"type":"Feature","properties":{"gezicht_uri":"https://linkeddata.cultureelerfgoed.nl/cho-kennis/id/gezicht/10134287","gezichtsnummer":"1412","naam":"Gortel"},"geometry":{"type":"MultiPolygon","coordinates":[[[[5.907522454827564,52.31031124142136],[5.907321412164218,52.31155064977668],[5.907285280996026,52.31234713073513],[5.907062338276503,52.31372145190438],[5.905600134665832,52.313586763933145],[5.90252651464484,52.31587412187933],[5.901981768436634,52.31632408870238],[5.901683308789567,52.316386505101086],[5.901372616640786,52.31640583240205],[5.897419622839378,52.31661350028725],[5.896170982896557,52.31669168379605],[5.894931291819521,52.31678329740008],[5.89406938410353,52.316565895575735],[5.893557498367137,52.31643327187351],[5.892341271831091,52.31626680751609],[5.891680301379789,52.316177954139356],[5.891278761730271,52.316075408249716],[5.890997619620993,52.31598493093508],[5.890414380130933,52.31576631467818],[5.889852248337252,52.31546851302779],[5.888848820133271,52.314792397472665],[5.887669812197943,52.3140190496341],[5.886829140782054,52.313465360910804],[5.886384577283099,52.309532370968086],[5.886309993638506,52.30915879239827],[5.887151069607826,52.30923522980021],[5.888552815165704,52.30935781888742],[5.889553377961985,52.30940300408503],[5.890213612217103,52.30943614776033],[5.891003663655986,52.30940851610648],[5.891951857968314,52.309361329572205],[5.892621600427524,52.30932790927603],[5.893535861934326,52.309262879450515],[5.893665242797965,52.3092928838119],[5.894046341747006,52.30927956621296],[5.894565116494013,52.309252174804904],[5.895095631076504,52.30922562946135],[5.895185289770032,52.30924411864576],[5.896028876264101,52.30915420729389],[5.897048205361637,52.30904555638479],[5.897607690134872,52.308988316174116],[5.897567665136162,52.30818497674242],[5.897608657906146,52.30817940704697],[5.898856973235932,52.30809401863648],[5.899459981554075,52.30837901770594],[5.89952328052409,52.30865466988572],[5.899776209315372,52.308844115484376],[5.899856590909128,52.30894802577759],[5.899889146262524,52.30910067775299],[5.901490835059956,52.30926538782109],[5.901700731136382,52.30928334890125],[5.902000268209703,52.30931799614538],[5.902341226415564,52.30938391955259],[5.902671994680158,52.30945617789799],[5.903048646835224,52.309565085221884],[5.903440392058213,52.30971077555835],[5.904060413063709,52.309689191779555],[5.904510281181868,52.3096629567857],[5.904925281086062,52.30928724598479],[5.90524435260662,52.309236415017864],[5.90612998206515,52.309232530518756],[5.907209233105679,52.30923407928615],[5.907829688064048,52.309250222725765],[5.907909151374387,52.30927413988413],[5.90798039675848,52.30934752630229],[5.908042021374697,52.30947578087708],[5.908074679026398,52.309634721705926],[5.908030547328465,52.31024788662788],[5.907522454827564,52.31031124142136]]]]}},{"type":"Feature","properties":{"gezicht_uri":"https://linkeddata.cultureelerfgoed.nl/cho-kennis/id/gezicht/10134288","gezichtsnummer":"1413","naam":"Harderwijk"},"geometry":{"type":"MultiPolygon","coordinates":[[[[5.621564960509833,52.34861464834225],[5.622691918674801,52.34940961281198],[5.622609974169708,52.34945561293585],[5.622916442799199,52.349680592104455],[5.622920936522934,52.349697659657664],[5.62293152063588,52.34975605820152],[5.622964157807598,52.34982160288493],[5.623011213537504,52.349838585563795],[5.623041125903028,52.3499436812627],[5.623011141517797,52.35010102471054],[5.62291081395681,52.3502782811889],[5.622742910494984,52.350443988276496],[5.622706271145616,52.35045394765522],[5.622697966295406,52.350548334373954],[5.622736388492563,52.35059768984405],[5.622781144676467,52.350734212748975],[5.622806496448697,52.35080965837725],[5.622926716884557,52.3510610725664],[5.623027863536153,52.35103750303511],[5.623075236128966,52.35111380344601],[5.623208180312064,52.35127351808156],[5.623346996280811,52.35143322083792],[5.623397396229635,52.351526591574796],[5.62307048898472,52.351876863073706],[5.622903651258162,52.35196797084574],[5.622560561478139,52.352036061473726],[5.622337681455129,52.35207694922958],[5.622260072909522,52.35211125653423],[5.622144446117299,52.352172602229466],[5.622071378517905,52.35223296452203],[5.621351598260456,52.35267838101975],[5.621189105069504,52.35275959135312],[5.621095519849816,52.35282628497267],[5.620947883259465,52.3529416185827],[5.62087768196928,52.35298939177547],[5.620565788635961,52.35285159818725],[5.618607573212804,52.351967468530155],[5.616432611753777,52.351160121687315],[5.616229697964554,52.35108861382142],[5.616010617007247,52.351012643076324],[5.615776762590999,52.35091782645477],[5.615611987709974,52.35084174998026],[5.615392811895002,52.350746904243415],[5.615244155079277,52.35066540356912],[5.615205750396724,52.35061784317121],[5.615074148738594,52.35071336577817],[5.614894117457169,52.350809880267],[5.614598036455551,52.350886844921305],[5.614505986677612,52.350967910606],[5.614405231712571,52.35106876573663],[5.614351415031963,52.35116413803858],[5.614272573542308,52.35124517816154],[5.614117608930116,52.3513650111573],[5.613937923803334,52.35124312404816],[5.613802491062068,52.35116429250339],[5.613715570833929,52.351100646854654],[5.613671273678043,52.35104860343608],[5.613615051503145,52.350960632304606],[5.613573524798112,52.35087622806523],[5.613536410486603,52.350793612890755],[5.61347101129813,52.35063285942421],[5.613399769390149,52.3504775096744],[5.613361110132162,52.3503796184175],[5.613273413068748,52.35016318414619],[5.613247770890196,52.35002751989418],[5.613206154139956,52.34992514041553],[5.613161478611334,52.34979850015227],[5.613067157698653,52.349433782383706],[5.612977045791783,52.34931891275124],[5.612367312337478,52.348900352863986],[5.612310789774613,52.3487521644913],[5.612261974753798,52.3475200523295],[5.612284511677805,52.34733396530791],[5.612370176577045,52.3471522518896],[5.612454788663896,52.34705232792677],[5.612621167956877,52.34687046051555],[5.613445261106841,52.346449163672375],[5.614218969273056,52.346795502330075],[5.614343955383022,52.34684289677846],[5.61502113507084,52.346679816377545],[5.61528627169692,52.34658403621313],[5.615596604792619,52.34643064724937],[5.615981284006769,52.34618094586313],[5.616363126017341,52.34595102152045],[5.616626936658248,52.34588400135457],[5.616829580622246,52.34590787460018],[5.61702510609202,52.345974003256316],[5.617204591875459,52.34605993560591],[5.617329849607216,52.34615945470599],[5.61750995752831,52.346364921020225],[5.617635688499246,52.346555214052806],[5.617777568299095,52.34674637421904],[5.617980857602391,52.346893374922395],[5.61839853883493,52.34706422288449],[5.619325131063557,52.347449774754395],[5.620402990776828,52.34785209763149],[5.621641616618202,52.3478460531742],[5.621712312772541,52.347893547474904],[5.621763071310922,52.34805612308201],[5.621781001000764,52.3481163047011],[5.621903422749932,52.34850882162005],[5.621564960509833,52.34861464834225]]]]}},{"type":"Feature","properties":{"gezicht_uri":"https://linkeddata.cultureelerfgoed.nl/cho-kennis/id/gezicht/10134289","gezichtsnummer":"1414","naam":"Hummelo"},"geometry":{"type":"MultiPolygon","coordinates":[[[[6.239273977300058,52.005968881328045],[6.240396363223692,52.00655219557615],[6.241028217808703,52.006462220490896],[6.241053693074412,52.00657619048601],[6.241110469718315,52.00672768530813],[6.237475759135681,52.00822184167238],[6.234712414357554,52.0065887816567],[6.234072016331023,52.0070751799673],[6.233254916079248,52.00668915704092],[6.233084536054439,52.006844985403674],[6.232524484271744,52.006573061610794],[6.232748272645936,52.00639168226456],[6.232864471793527,52.006451969367276],[6.233211885696059,52.00618430912164],[6.233164826977601,52.006160378365784],[6.233385867885107,52.00598800609306],[6.233606435394728,52.00586777048016],[6.233483817700177,52.00577607029534],[6.233901869709489,52.0055474495163],[6.233629238371758,52.00537862843188],[6.233746494139181,52.00526363001332],[6.234022508918738,52.00538029278717],[6.234313046522034,52.0051094431035],[6.234183878724991,52.0050564416425],[6.234304180595296,52.00494861157683],[6.234417506596779,52.004857011039235],[6.234463715015667,52.00483600457822],[6.234533239977973,52.00481572903321],[6.234563463824355,52.00479663536519],[6.234593279779147,52.00475597206312],[6.234576105734235,52.004694973492725],[6.234544216609207,52.0046259911878],[6.234524249199344,52.0045713047252],[6.234812087124872,52.00454316454141],[6.234927179164113,52.00454503189163],[6.235105415629582,52.00457430863809],[6.235251887661771,52.00461819579147],[6.235499621690538,52.00470270010824],[6.235583425935219,52.00474434211056],[6.236135312393476,52.00420104700842],[6.236142302885416,52.00433942055339],[6.237151165276242,52.00485437257605],[6.239273977300058,52.005968881328045]]]]}},{"type":"Feature","properties":{"gezicht_uri":"https://linkeddata.cultureelerfgoed.nl/cho-kennis/id/gezicht/10134290","gezichtsnummer":"1416","naam":"Ubbergen"},"geometry":{"type":"MultiPolygon","coordinates":[[[[5.897819760307035,51.8357743745338],[5.897672445061305,51.83557816736524],[5.897453882307509,51.835240251550395],[5.897504477729142,51.83522385220614],[5.897617994166217,51.835382454918516],[5.897887643935396,51.83574711358739],[5.898020353303385,51.83580675885629],[5.898136950791142,51.83585299138565],[5.89830989674734,51.835878304802016],[5.898747202598641,51.83592943121171],[5.899021892181616,51.83597047925863],[5.89934808766817,51.83607512022011],[5.899682693132977,51.836153656890254],[5.899957384928844,51.83619470274378],[5.900198472092361,51.836215221329574],[5.900403226682997,51.83623050523943],[5.900652465942169,51.836202449323935],[5.900439796456493,51.835620025951144],[5.900329546588201,51.83536703237187],[5.900252188753903,51.835199285645714],[5.900204861466334,51.83512039375308],[5.90007383471802,51.834953780400646],[5.899938732833423,51.8348114536697],[5.899771396997519,51.8346414032439],[5.899709440396571,51.8345517888549],[5.900045647044865,51.83451706232923],[5.900320216528719,51.83454822049259],[5.900697721433488,51.83457263560938],[5.900895030171415,51.83457177192081],[5.901099049282787,51.83452323943556],[5.9014158092739,51.834437359676684],[5.901619519196221,51.834361862122215],[5.901966435418848,51.834248883132624],[5.902357964374434,51.83410424746864],[5.90276864935636,51.83398559298266],[5.902990124601545,51.83394147473869],[5.903375485740221,51.83389214094208],[5.903563540557396,51.83384367438302],[5.903810777689525,51.83376888028092],[5.903955483707693,51.83373588441295],[5.904412895368959,51.83364398385881],[5.904874709115732,51.83355655634658],[5.904976928125687,51.83348779263376],[5.905485305777999,51.83303432490732],[5.905808236247993,51.8327299851869],[5.905908566426441,51.832623477254366],[5.906001942737926,51.83254306666063],[5.906224413023235,51.83246028728155],[5.906637031497602,51.8323856543058],[5.906906006022544,51.83230985853966],[5.907182679491488,51.83227267862907],[5.907491216490105,51.832230862513065],[5.90784044584975,51.832195156975345],[5.90808437499757,51.8322120513019],[5.908350023563368,51.83222525324454],[5.908582524170511,51.832257477770085],[5.908745608913845,51.83230888630083],[5.908946766960876,51.832390686242],[5.909184670520233,51.83263860983223],[5.90930264665445,51.8328034735157],[5.909427804427262,51.83296201315669],[5.909597768018152,51.8332309118658],[5.909794662898506,51.833319920152356],[5.910476833105684,51.833468785558686],[5.910510837741317,51.83352346381633],[5.910600859481379,51.83365429453443],[5.910681614405941,51.833861568873964],[5.910503576427784,51.83389741827038],[5.910629212921589,51.834221343096104],[5.91073357875645,51.83446266839545],[5.910845124623744,51.83457272930205],[5.911036465102839,51.83468243387976],[5.911115770390278,51.83476477408411],[5.911195964934646,51.8349235126018],[5.911286148379355,51.8350678248301],[5.911378107548889,51.83523999343683],[5.911547850705117,51.835488216722084],[5.911716946652401,51.835680713892614],[5.911931753207163,51.83593592597245],[5.912078607851415,51.83608717494123],[5.909833142462209,51.836635609886265],[5.908074666986858,51.83701735118012],[5.90734391252796,51.835555466309486],[5.906843595181137,51.83570239814426],[5.906632810056204,51.83579321654514],[5.906278297245012,51.83600241992929],[5.906206241898208,51.836044984655416],[5.905984654769588,51.836205960004975],[5.90564051936292,51.83643489026129],[5.904980856430511,51.836731727227125],[5.904686201409191,51.83684807998125],[5.90441278149321,51.83691849701681],[5.904198898264687,51.8369931453503],[5.904019845746069,51.83706853872993],[5.903892900611614,51.83713291618368],[5.90348811931525,51.83738907259861],[5.903037213570205,51.83767239588521],[5.902629531033815,51.837929460897215],[5.901162581220183,51.837038843214636],[5.900762281383287,51.837307554458874],[5.90088401749392,51.83742207439],[5.900564999788313,51.83756638774983],[5.900180884054324,51.837728063004214],[5.899679346111397,51.83802687510188],[5.89915132746787,51.8384219775071],[5.899264684032129,51.83856529885612],[5.898751953925055,51.83864663409133],[5.898508493470663,51.838673761886895],[5.898342003590819,51.838706845854894],[5.898196907768797,51.83883511449909],[5.8980275020074,51.838994948536694],[5.897708290760096,51.83912397443972],[5.897391796266639,51.83923680835968],[5.89705945164501,51.83935959763925],[5.896590118298496,51.839558484112096],[5.896257657333199,51.83967138426225],[5.895957967775117,51.83973110925456],[5.895812992948255,51.839742523937666],[5.895453873470173,51.83980789832228],[5.895068392147089,51.8398518133181],[5.894811924989992,51.83988438280752],[5.894536766981144,51.83993231299052],[5.894170702975074,51.84002557779572],[5.893693427677052,51.84016516286385],[5.893326191937933,51.840283597861536],[5.893307587953302,51.84017761387982],[5.893255292008102,51.840172446332815],[5.892894671327573,51.84010478963353],[5.89272424863404,51.83991766445672],[5.89333888137341,51.8397343461495],[5.893694656558842,51.83962944330249],[5.894242047932274,51.83953180116718],[5.894576024666207,51.83942429327925],[5.894917305245344,51.83932124707966],[5.895223710750133,51.83921385663237],[5.895402847420876,51.8391438694946],[5.895154839685595,51.83876832538571],[5.894889009512325,51.83835600502642],[5.895071460784654,51.83832285687384],[5.895218460980013,51.838234133248775],[5.895350981869705,51.83814816869263],[5.895442450599285,51.838024630119946],[5.895521570919696,51.83796406445123],[5.895674200141874,51.837860035413236],[5.89579951530439,51.83777859581543],[5.895981455778593,51.83770050596095],[5.896137045793893,51.83760185657244],[5.896294268936472,51.837519379185764],[5.896454484773871,51.83744497824595],[5.896499218469471,51.8374232116895],[5.896497635420333,51.83741153351253],[5.89674045969369,51.837328683936605],[5.896885676914892,51.83721120273872],[5.897037852664771,51.837067624473484],[5.897116327936758,51.83695043296714],[5.897225515461283,51.83685468030976],[5.897273755774808,51.836758293662804],[5.897248429228745,51.83669997851016],[5.897178013903956,51.836631971983344],[5.898099506029456,51.83626123238661],[5.897985445326802,51.836054993459115],[5.897819760307035,51.8357743745338]]]]}},{"type":"Feature","properties":{"gezicht_uri":"https://linkeddata.cultureelerfgoed.nl/cho-kennis/id/gezicht/10134291","gezichtsnummer":"1417","naam":"Zaltbommel"},"geometry":{"type":"MultiPolygon","coordinates":[[[[5.256783624573793,51.81420237310231],[5.25719242743854,51.81425495882598],[5.257528783665572,51.81428589106784],[5.257902932896861,51.81428630345285],[5.25841342059746,51.8142796734806],[5.258662809870417,51.81429522685468],[5.259074467677154,51.814364887064],[5.258671714777592,51.81676973731639],[5.258587530273504,51.8173026559636],[5.258401956648555,51.818296567112036],[5.255716414882706,51.81813899220322],[5.253584955436848,51.81796670705768],[5.251485464955422,51.81777913987186],[5.248923680608036,51.817482232484615],[5.247017480585265,51.81717886257959],[5.244824129408832,51.81688230469783],[5.242232576522339,51.81640095323097],[5.242340856538047,51.81610177373081],[5.243517512370941,51.814123078368404],[5.242310674373119,51.81375846526551],[5.241825315228878,51.813618545625296],[5.242137688364561,51.81298525074437],[5.24142756290959,51.812845950477104],[5.241477343814004,51.812698602738514],[5.241548966339865,51.81252341806929],[5.241696302151731,51.812253050286145],[5.24181740669701,51.81202219874219],[5.241961679936482,51.811801262942794],[5.242086785379161,51.81167827668698],[5.242316407155308,51.81152126339712],[5.242218559735278,51.81128474811076],[5.242139480670535,51.81107432223631],[5.242070570246214,51.810858515835584],[5.24203913397205,51.81071376396322],[5.242129636729536,51.8105278161707],[5.242270931362111,51.810329347246196],[5.242522483784544,51.810113936075396],[5.242677990924989,51.81000446919491],[5.242982677130286,51.809950014534515],[5.245052992252011,51.80960558654578],[5.244684104558434,51.807951276077894],[5.245893899801691,51.80779094677765],[5.246579645762088,51.80782233029763],[5.247258092600087,51.80786988021227],[5.24820467193228,51.807955495041604],[5.248542400105824,51.807994544284455],[5.24906522958474,51.80819650021507],[5.249674948784397,51.80843630680187],[5.250483042687641,51.80876982050129],[5.250707492989186,51.808869852632],[5.251248705284644,51.80923361111904],[5.251588430211222,51.809577360192506],[5.251821145087749,51.80982480925212],[5.252118754513177,51.81019277685422],[5.252340567864557,51.8102083119787],[5.252791557752388,51.810201638175535],[5.253128110329276,51.81015528318352],[5.253489494242586,51.81004783447252],[5.253638895050822,51.810032724183245],[5.253825837779005,51.81007158664894],[5.253938920842879,51.810078905699804],[5.254349400260522,51.81004072059599],[5.254736654396482,51.81001059741543],[5.255110791784282,51.81000292917172],[5.255260055271684,51.81003455626789],[5.25533371390562,51.81013530889285],[5.255532696922533,51.81052113381114],[5.255656525327255,51.81082238342423],[5.255818055082636,51.81112457390513],[5.256072082562675,51.8115338292039],[5.256180456664734,51.81166607936412],[5.256594830776842,51.81178968164561],[5.257217956340352,51.81193688342041],[5.257728064285187,51.81205339687335],[5.257939493344424,51.812154299590986],[5.258288289909685,51.812393773835495],[5.258523910250711,51.81265739175367],[5.258548232087906,51.81277336851899],[5.258523161958261,51.81291985168505],[5.258435865931139,51.81302042590915],[5.258297903997565,51.813089485149455],[5.257936306339549,51.81326705778279],[5.257523885536372,51.81346704416362],[5.257181289381594,51.813590705152635],[5.256768906429492,51.81377540867086],[5.255994975752637,51.81411430764697],[5.256783624573793,51.81420237310231]]]]}},{"type":"Feature","properties":{"gezicht_uri":"https://linkeddata.cultureelerfgoed.nl/cho-kennis/id/gezicht/10134293","gezichtsnummer":"1418","naam":"Zoelen"},"geometry":{"type":"MultiPolygon","coordinates":[[[[5.397259355663282,51.916583708096724],[5.395926334302142,51.9157362240499],[5.394573105325527,51.91542712261132],[5.394795397118864,51.914922866997976],[5.394684929867114,51.91488871886361],[5.393554134457608,51.91475126667341],[5.391628309185826,51.91451047238575],[5.394628952534571,51.91046739797084],[5.390729744449478,51.910284224589525],[5.391600002513841,51.90769557422159],[5.391720578107886,51.907306377604144],[5.391830992759687,51.90704301697664],[5.391868748440415,51.9067904451641],[5.391942840469265,51.906607081469325],[5.392423800389741,51.90627539338687],[5.393664782430809,51.906160280151596],[5.394812760521686,51.906069428317785],[5.39612784613381,51.90597765363312],[5.397442931575493,51.905908334895855],[5.398182581285654,51.90589658233006],[5.39885803925532,51.90492308694973],[5.39933324257889,51.905047975115714],[5.401227617254643,51.9034802075202],[5.400785736650821,51.9029984887667],[5.400449848075805,51.902217446839195],[5.401663001764391,51.90183080642488],[5.402088804565472,51.902036584078935],[5.402514603529583,51.902219889506554],[5.402700627287214,51.90232322997839],[5.402904116243336,51.9025056645836],[5.403126529556018,51.902780675432254],[5.403644030219876,51.903364841015616],[5.40399725077511,51.90369735655313],[5.404163001868875,51.90396068881172],[5.40433016374841,51.90410897077456],[5.404423267885584,51.904383998069946],[5.404331825318565,51.90465096314545],[5.404292695584267,51.904922414604336],[5.404423595649352,51.905231591732004],[5.40475645658358,51.905472427588364],[5.405127065892837,51.90562157636207],[5.405923405446524,51.90566729123858],[5.40634921003449,51.905747217612294],[5.406849156678155,51.905895440796364],[5.407368039471425,51.90613623772557],[5.408154369882822,51.90650461798453],[5.40847565882819,51.90679577963701],[5.408756280949397,51.90712469863965],[5.40904995339521,51.90738710135046],[5.409489006305862,51.90776272777224],[5.409673690499002,51.90801436375773],[5.409840920738217,51.90823184742821],[5.409813455669589,51.90852037603775],[5.409736573658578,51.908796330616276],[5.409736732509894,51.90911091981083],[5.409896731462849,51.909388626130045],[5.409481109592178,51.90941027807395],[5.409029164555648,51.909449911876706],[5.408644069309488,51.909490430495104],[5.408152880336342,51.90952107987297],[5.407818651344881,51.9095687772453],[5.407219919941133,51.909601239343594],[5.406702604154085,51.909710085027555],[5.406887472851398,51.910396757177686],[5.407147735450516,51.910671753734015],[5.406406704161587,51.91102691452415],[5.406461979808299,51.91114195514083],[5.405777615186667,51.911497102560155],[5.405091349235764,51.91076376790394],[5.404759915146343,51.91055978481877],[5.40405492363685,51.91018597733103],[5.404220442694736,51.90977878496806],[5.403351326997566,51.90961891775846],[5.403054986732098,51.90997399488784],[5.40273974491472,51.91031738903933],[5.402498593196086,51.9105924618183],[5.402184769146269,51.91085585874165],[5.401147293942904,51.91145190956866],[5.400686683475318,51.91176295776924],[5.400444060770496,51.91204701470757],[5.400249467345868,51.91257464756813],[5.400184183206342,51.912975531231],[5.400129104878605,51.91349056457616],[5.400027526288866,51.91404065721198],[5.399750038074486,51.91444156381683],[5.399231373543762,51.91520831703565],[5.398860846600517,51.915598445186355],[5.398621084462928,51.91582766956887],[5.39810227470493,51.91614770142864],[5.397259355663282,51.916583708096724]]]]}},{"type":"Feature","properties":{"gezicht_uri":"https://linkeddata.cultureelerfgoed.nl/cho-kennis/id/gezicht/10134295","gezichtsnummer":"1422","naam":"Wijk bij Duurstede"},"geometry":{"type":"MultiPolygon","coordinates":[[[[5.344261258714305,51.96475864871924],[5.344411010545176,51.964883639008924],[5.344930027517172,51.96535121212315],[5.345358933357261,51.96571808323906],[5.34611505849146,51.96628730143994],[5.346808653533018,51.966833124055626],[5.34711835517394,51.96710197654015],[5.348227971416983,51.96785106431516],[5.349401803324463,51.968420398292416],[5.349602545859282,51.96850585016928],[5.350511782231815,51.968810835710514],[5.351084984665216,51.96898628203332],[5.352272069941376,51.96943874485188],[5.352548487102275,51.96953230340115],[5.351747169534615,51.97074367345806],[5.350863124028574,51.97162424719077],[5.350407310701977,51.97200610402466],[5.349517539330643,51.97271139610743],[5.349630949455556,51.97283636800114],[5.349757328877729,51.97311683948783],[5.349959361232286,51.973428793344745],[5.348444297500687,51.97349841381222],[5.348028050812961,51.97352164577465],[5.34769910351037,51.97356827477279],[5.34743416988658,51.97363829370043],[5.345931757613255,51.9741833609765],[5.345704671074194,51.97423810931327],[5.345489284319177,51.9742308428806],[5.344505682917209,51.97399589973258],[5.343963090817947,51.9737305508559],[5.343426398125614,51.9733914985402],[5.343250485249847,51.973204478944396],[5.343086445346226,51.972783770705405],[5.342922570250983,51.97219857847186],[5.34284729419219,51.971793183013936],[5.342696530299752,51.97120080475653],[5.342558419381406,51.97106053688448],[5.34238244948339,51.970943623767155],[5.340564652005959,51.97112178448544],[5.340602561317407,51.971051691595534],[5.340481762822769,51.971063328485556],[5.339585340156025,51.97104769031815],[5.339295793681936,51.97100083456734],[5.338652595823129,51.97097720243674],[5.338640574702648,51.96997950857589],[5.340584736405302,51.96999557243672],[5.34086121216769,51.970011860049425],[5.340942721318934,51.96999571328264],[5.341011149081416,51.969964281419635],[5.341163998875411,51.96991400727793],[5.341108740975793,51.969874437680495],[5.341028870734273,51.96971172023945],[5.341015808840843,51.969677560009764],[5.341028976724138,51.96960835610353],[5.341122226099435,51.9694951413573],[5.34133054044587,51.96927950594581],[5.341521290178683,51.96916273345313],[5.341682907813808,51.96907291398898],[5.341649510194666,51.96900189440329],[5.341562226062518,51.96897489611609],[5.341319220300299,51.968964016076626],[5.341361838941721,51.968553272331214],[5.3415830312271,51.96854796511199],[5.341664526552768,51.96854260366597],[5.341788248247333,51.96851119266398],[5.34185667043841,51.9684824567583],[5.342056092373265,51.968419615862906],[5.342033254959566,51.96797559048326],[5.342024714263225,51.96778593637289],[5.342029142827593,51.96772302072574],[5.342051004313586,51.967688873961265],[5.342148567596088,51.96762060098173],[5.342179139145209,51.96760713035853],[5.342111329537048,51.96702556843481],[5.341923588101873,51.965608058443244],[5.343665097703665,51.96433328870641],[5.344261258714305,51.96475864871924]]]]}},{"type":"Feature","properties":{"gezicht_uri":"https://linkeddata.cultureelerfgoed.nl/cho-kennis/id/gezicht/10134301","gezichtsnummer":"1428","naam":"Renswoude"},"geometry":{"type":"MultiPolygon","coordinates":[[[[5.550247298669215,52.07028900242993],[5.553762346452043,52.06913989882075],[5.555073596885519,52.07072083479889],[5.555860169369657,52.070450966944776],[5.558277687060448,52.07065869727744],[5.558206784941061,52.07080620465548],[5.558582145103813,52.071323371430466],[5.55853020022589,52.07146995257452],[5.558706877485217,52.07152092723842],[5.558501042281088,52.07185378552164],[5.558604990893181,52.07195609815398],[5.558620358756699,52.07216010490414],[5.55827976901783,52.07234575465425],[5.558021714216413,52.07275598531408],[5.557908825400327,52.072986243598734],[5.557422564198836,52.07322333400415],[5.55700784012093,52.073479194136524],[5.556159636799882,52.074049359318735],[5.555992969157535,52.07394713452708],[5.555894907157351,52.0738582932829],[5.555769006843018,52.07373623599182],[5.555675392670716,52.07366626312817],[5.555498734077795,52.07362157554865],[5.555167492656645,52.0735842988671],[5.555043489125104,52.07357818412572],[5.554960180978514,52.07353336257694],[5.554824219016936,52.07344996729306],[5.554006242587102,52.07352842678555],[5.554017143797866,52.073713565460665],[5.552948849652399,52.073945169210766],[5.550042453188055,52.07451187913037],[5.547300599180947,52.072169756312285],[5.544519752177582,52.07317028278896],[5.544591583181579,52.07327265066586],[5.544042440741075,52.07348460326429],[5.543272434690023,52.072686588128654],[5.542246962830768,52.07307802556445],[5.54173763321758,52.072573566339805],[5.541253066872543,52.07205648917993],[5.540960597415146,52.071411528640404],[5.540877196140167,52.071334340222094],[5.541154611481168,52.07057358726971],[5.541318675561212,52.069934320977325],[5.541380065730809,52.069550450082296],[5.541576649984274,52.069461210486345],[5.541637619293784,52.06937844026296],[5.541654850467008,52.06930022145596],[5.541609210050393,52.069176246009995],[5.541537026211186,52.06896781751559],[5.541379993622706,52.06868400039114],[5.541379637057541,52.0685806380648],[5.541384987052934,52.068440417176014],[5.541469079049086,52.06829649785473],[5.541579474676066,52.06816782368327],[5.541740957425223,52.068051665622704],[5.542045210318425,52.06789127801529],[5.542402047589787,52.067755088064736],[5.542785271431272,52.06765840965524],[5.543296901119903,52.06758133349245],[5.543680401591279,52.067564645629936],[5.544193771179949,52.06756845589432],[5.544472915382211,52.06773616008233],[5.544928090674053,52.06777959242088],[5.547087179321635,52.067960934188406],[5.547362946547606,52.06799651147561],[5.547570198128518,52.0680402707717],[5.547746965592802,52.068123618807526],[5.549141723752141,52.06906994917885],[5.549621414954051,52.069433304931515],[5.550247298669215,52.07028900242993]]]]}},{"type":"Feature","properties":{"gezicht_uri":"https://linkeddata.cultureelerfgoed.nl/cho-kennis/id/gezicht/10134361","gezichtsnummer":"1493","naam":"Gorinchem"},"geometry":{"type":"MultiPolygon","coordinates":[[[[4.98480105501127,51.830373834166295],[4.986205687395772,51.831315236171875],[4.986221461316662,51.83133596347206],[4.986179110702483,51.83136727839188],[4.985684394321519,51.831530975032585],[4.98422491024779,51.83201944059792],[4.984224508413327,51.83206438145379],[4.984396758694951,51.83259529087415],[4.984407722074301,51.83266723605592],[4.984280991981179,51.83272432728353],[4.983977373385306,51.83276912604654],[4.983298765091598,51.83288993528515],[4.983256290141664,51.8329347313947],[4.983234004985414,51.83299307962497],[4.983120209427575,51.83403444893065],[4.983089218734348,51.83409276716693],[4.982974605366361,51.83409237263953],[4.982806893036558,51.834027078323196],[4.981985166271584,51.83376537803598],[4.978811097547939,51.83532646018316],[4.977126872439833,51.83513902349519],[4.972076254050028,51.834519948227396],[4.966445210392484,51.83190493741014],[4.964200581526591,51.83023400718234],[4.961758756869801,51.829953732599684],[4.961473099146319,51.82932530254375],[4.961459103285555,51.82911761833715],[4.961638033128095,51.82891153244974],[4.961837872463333,51.828795406663524],[4.96196486577542,51.82871227401614],[4.961749503641901,51.82816769182063],[4.961607311420501,51.82786336641139],[4.961481542324406,51.8278170692531],[4.961210459111009,51.82779721016099],[4.961021881612182,51.82779652575042],[4.960660231660008,51.82753634461147],[4.960591309539531,51.82746148993394],[4.96050009727999,51.82728947879265],[4.96052135115651,51.82504423748593],[4.96266507711635,51.82475718773765],[4.965943884654042,51.82423059009937],[4.971934643220121,51.82327848394698],[4.975580573294716,51.822711568662434],[4.983070396456294,51.82163021354191],[4.987803929010017,51.82105677087441],[4.992825971634018,51.820814882266326],[4.993072077911342,51.82451805260011],[4.993119357881102,51.826908240097374],[4.994349935406191,51.826689450779035],[4.99385065920936,51.82921353263361],[4.992875184091806,51.8291176794319],[4.992664167485742,51.830685454233084],[4.992104294261089,51.83067278539245],[4.992088470586076,51.830657451786564],[4.99201316853751,51.830641917995216],[4.991837729386505,51.83063054121917],[4.99037620767018,51.83053752382618],[4.989766958077507,51.83053096884602],[4.98931332248799,51.830316406212106],[4.989162816758896,51.830274549208795],[4.989066054502264,51.8298967063565],[4.988959311320102,51.82966354355254],[4.988836389624361,51.829455493402634],[4.988845641675272,51.82939350450577],[4.98884746875958,51.82918677640493],[4.98886484773235,51.82902594215011],[4.985821401984963,51.82934185755418],[4.98480105501127,51.830373834166295]]]]}},{"type":"Feature","properties":{"gezicht_uri":"https://linkeddata.cultureelerfgoed.nl/cho-kennis/id/gezicht/10134386","gezichtsnummer":"1515","naam":"Woudrichem"},"geometry":{"type":"MultiPolygon","coordinates":[[[[5.000535381843653,51.820933109725694],[4.999200122624655,51.82086578491217],[4.997129308981111,51.82082117075774],[4.995777799809726,51.82078880795412],[4.992692552768382,51.82081263628036],[4.989379798780882,51.820976731496586],[4.987848994391239,51.82104523919618],[4.995684530355585,51.81633022263485],[4.999062697933924,51.8164430109683],[4.999095497053189,51.8161707691666],[4.999015390853167,51.816041969344596],[4.998649179909431,51.815118541921905],[4.999733853020524,51.81462416675231],[5.00090151578366,51.81459655571727],[5.002412299701436,51.814126927392664],[5.00256103435264,51.81369147465422],[5.00301966888564,51.81347725365411],[5.002512047576729,51.81297403511584],[5.003625027453263,51.81237994493403],[5.005663600437983,51.812076487226626],[5.006521851974352,51.81193186313835],[5.006927178048482,51.811844191261535],[5.007380718779342,51.81171352941562],[5.008002331271741,51.81142700974367],[5.008198363219721,51.81156786283138],[5.008000222636835,51.811677780913044],[5.007237201155308,51.812568766104405],[5.00712593201758,51.81269424426693],[5.007016188158025,51.812810738806526],[5.00682018888771,51.81300964755931],[5.006146408858883,51.81380294060308],[5.008185216166159,51.814512438714665],[5.009559314940577,51.814942920230074],[5.010223832297238,51.815078984174136],[5.010210840439762,51.81541870598089],[5.010180791494217,51.815717026107194],[5.01016754358504,51.8160873078001],[5.010093407996316,51.81645469735123],[5.009934240396141,51.816757995582776],[5.009698432751954,51.81703408179722],[5.009442431452917,51.81729661987552],[5.009106556604638,51.817571483987564],[5.00869977225496,51.817827242774875],[5.00836672122229,51.81793762522132],[5.00751585943445,51.81822520322209],[5.006704789747575,51.81843650221722],[5.005364422561697,51.8188087661179],[5.004598299863067,51.81901929793059],[5.004080175867898,51.819230634397066],[5.003378922427269,51.81948631221866],[5.0029933045961,51.81963515790614],[5.002451431212178,51.8199084297837],[5.002133528050098,51.82010962758791],[5.001474299700396,51.820536212478686],[5.000973078432279,51.82080242035154],[5.000535381843653,51.820933109725694]]]]}},{"type":"Feature","properties":{"gezicht_uri":"https://linkeddata.cultureelerfgoed.nl/cho-kennis/id/gezicht/10134389","gezichtsnummer":"1518","naam":"Ravenstein"},"geometry":{"type":"MultiPolygon","coordinates":[[[[5.64833984123806,51.80066287695717],[5.648017450301816,51.80031843910327],[5.647882006457469,51.80021177809029],[5.647769696497423,51.80009427939349],[5.647608096593522,51.79997689008545],[5.647087536055882,51.79970749362418],[5.646833173467095,51.7995930053804],[5.646767568979982,51.79952933283102],[5.646749773886391,51.79946016134995],[5.646753522493753,51.79935588730773],[5.646829911343466,51.79927841769141],[5.646946824087148,51.79918917328958],[5.647348366058012,51.79893301160234],[5.647400227878339,51.798876269415345],[5.647469226231496,51.79877454702592],[5.647501463127227,51.79858302195407],[5.647525636251401,51.7982503964641],[5.647572457414147,51.79807411929997],[5.647712986194188,51.79780774962908],[5.647828090271934,51.79765738703233],[5.647918664062114,51.79752685341951],[5.647940169495173,51.79748545881837],[5.647939961489552,51.79744950556702],[5.647736066177444,51.79728636949281],[5.647033420635456,51.79685918094419],[5.647243320108613,51.796807481472406],[5.647388017427234,51.796761319416454],[5.647687423411297,51.796645602605366],[5.647790018617838,51.79658874748217],[5.647872355406554,51.796538229218385],[5.64793865270954,51.79647156739946],[5.647978856897875,51.796404963590874],[5.647986946030645,51.79629978096854],[5.648240256467735,51.79573474376149],[5.648326830585096,51.795665340030645],[5.649123962736476,51.795390313369204],[5.649233806362717,51.79533433961499],[5.649622600307377,51.7948885425427],[5.649798299490113,51.79469130242834],[5.650499299133849,51.79483803913236],[5.650548500009998,51.794823547120544],[5.650646922682089,51.794798158360585],[5.650732246704513,51.79476381053335],[5.651452864895455,51.79454736476714],[5.65234221044223,51.79418402158454],[5.652444894678058,51.79414424017789],[5.652890627323581,51.79426637230367],[5.653129894653952,51.79452739316743],[5.654394276070906,51.79532179207418],[5.654496913107654,51.795273919395626],[5.657154862398852,51.79444808351745],[5.657346056197059,51.79466516318392],[5.657379686785934,51.794713623223586],[5.657473557576091,51.79489677089486],[5.657575221518258,51.795170683697414],[5.657800650984848,51.795535992802265],[5.65944455888131,51.79674652397534],[5.658849760151758,51.797153282070454],[5.658158337991609,51.79764565057859],[5.657107544545624,51.79840759697087],[5.6560123272739,51.799262216516574],[5.65352912463656,51.79757266632825],[5.652001023280106,51.79828621388429],[5.652142301451336,51.79839825004339],[5.649875667213056,51.79950982613373],[5.649685326405414,51.79943654736044],[5.649146676634058,51.799797289227214],[5.648752625790991,51.80009478709525],[5.648506145616032,51.800340720765014],[5.648412788245578,51.80049193436331],[5.64833984123806,51.80066287695717]]]]}},{"type":"Feature","properties":{"gezicht_uri":"https://linkeddata.cultureelerfgoed.nl/cho-kennis/id/gezicht/10134394","gezichtsnummer":"1521","naam":"Megen"},"geometry":{"type":"MultiPolygon","coordinates":[[[[5.560711640135615,51.82390932272414],[5.560706651245406,51.82374394395017],[5.560666802207504,51.82356603302655],[5.560590286428615,51.823283012289565],[5.560510725350559,51.82296224480411],[5.560543816166324,51.822892086525854],[5.560630390502839,51.82277421072244],[5.56068974166284,51.82274356242043],[5.560750512017911,51.822704822445935],[5.560799768715747,51.822689469275296],[5.560889617407603,51.82266866292625],[5.561046194002072,51.82264955525661],[5.561501839491358,51.8227010113259],[5.56201989422511,51.82276225980047],[5.562606153644225,51.8228314935077],[5.562749837128429,51.822853749400316],[5.562762730073774,51.82281238354817],[5.563106612637254,51.822843327422966],[5.563340168930524,51.82285106630692],[5.56352149099457,51.822854389104215],[5.563517590768578,51.82185848243491],[5.56366251065953,51.821826805065264],[5.563924721120197,51.821745514677374],[5.564166730662531,51.82169121933923],[5.564676873324858,51.82158708181043],[5.564904451394581,51.821551682394535],[5.565240842654729,51.82152420688594],[5.565673299711092,51.821581973836864],[5.56593460418882,51.821639101406454],[5.56618142292859,51.821700744700394],[5.56632509741519,51.82172119855384],[5.56662794658034,51.82164792956563],[5.566691965940433,51.82169816650878],[5.566661621627928,51.821726975782305],[5.566646103973185,51.82183665778931],[5.566634969786277,51.82195442262723],[5.56687551109338,51.822259659200114],[5.567294986480646,51.82269585090952],[5.567560086162422,51.82297408319348],[5.567710176233674,51.82314642911204],[5.567751012962222,51.82320209418997],[5.567784615434425,51.82326226458632],[5.567926505953394,51.82355956133478],[5.567970594370756,51.82370240860605],[5.567984244316567,51.823850695824326],[5.567952925227668,51.823998153536174],[5.567703040911583,51.82426099918082],[5.567554178595614,51.82439605394859],[5.567282442037732,51.82463646134578],[5.567071003522633,51.824721276668456],[5.566863801006483,51.82477732230675],[5.566707316261462,51.824820706209394],[5.566563814350342,51.824846093285956],[5.566468097404868,51.82485073386409],[5.5662951055444,51.82475572142986],[5.565985322733916,51.824549461517776],[5.565799135780157,51.824418514957436],[5.565634828681492,51.82431809529118],[5.565473501633557,51.82423744529629],[5.565300645787941,51.82417568818815],[5.564920173133356,51.824064809634734],[5.564670417359046,51.82399687627431],[5.564365348854012,51.82387958989493],[5.564185225756349,51.82381334793601],[5.564092274013435,51.82378292772718],[5.564008064182476,51.82376238147863],[5.56395433594423,51.823747182247104],[5.563865848836036,51.82374551794045],[5.563726619163966,51.823750221843866],[5.563606316309707,51.82377287386332],[5.563519385263119,51.82379817209028],[5.56344987413619,51.82382703941821],[5.563363037858628,51.82387660600883],[5.563229971703878,51.823973880360015],[5.563143219206817,51.82404501876884],[5.56295864047025,51.82395181648082],[5.562935576332456,51.82398870340553],[5.562899454133668,51.8240247110572],[5.562843010810379,51.824057153791344],[5.562783596287122,51.824071624191326],[5.56261102142623,51.82408087089216],[5.562357092386417,51.824057880746864],[5.561281925694325,51.82397049715003],[5.56087852717013,51.82392974888952],[5.560804544801388,51.823928060786415],[5.560737797607736,51.82392186773851],[5.560711640135615,51.82390932272414]]]]}},{"type":"Feature","properties":{"gezicht_uri":"https://linkeddata.cultureelerfgoed.nl/cho-kennis/id/gezicht/10134397","gezichtsnummer":"1524","naam":"Heusden"},"geometry":{"type":"MultiPolygon","coordinates":[[[[5.129263683151066,51.734803258981884],[5.129327156651671,51.73458857366476],[5.129115530607603,51.73412879619787],[5.128947392771833,51.733912702223776],[5.128632794606175,51.733487752126145],[5.128579799474282,51.733388761843976],[5.128542871962932,51.733264639203135],[5.128529054449907,51.733149556023804],[5.128488391508263,51.732919360912234],[5.128402458362696,51.73275827726623],[5.128303137485318,51.732660083443875],[5.128166185681803,51.73256090756124],[5.127827138900811,51.732363310079556],[5.127288907429289,51.732065497983236],[5.127192185751396,51.7320194422306],[5.126752130586441,51.73176768662544],[5.126055506101128,51.73132749867588],[5.126015318303848,51.731268085098954],[5.125982518788914,51.73118262133266],[5.125978892927597,51.73105857202578],[5.1259416472315,51.730991075330316],[5.125862600643838,51.730892924579344],[5.125747190142579,51.73082525357786],[5.125549641818731,51.730693580882146],[5.125295777771467,51.73053841198325],[5.125246969221143,51.730468192684],[5.125234269911662,51.73041153678859],[5.125243376680117,51.730338750318666],[5.125355655625521,51.73019698287657],[5.127804090943334,51.72754991979866],[5.128424908920571,51.72453654908979],[5.130356162464074,51.724698094548145],[5.133047187683396,51.724875639185775],[5.133461038291998,51.72489091716542],[5.133938535728856,51.724912623133406],[5.134290970972115,51.727886778661635],[5.13490342551919,51.72785214414805],[5.135973514347428,51.72777264655314],[5.136183862853948,51.728209039064446],[5.13880997061764,51.728125645625944],[5.141000081402826,51.727567585064605],[5.141484720752812,51.72601449101101],[5.141983598150283,51.726100027285135],[5.142401527743439,51.72616651661451],[5.143747800159893,51.72639493089099],[5.144509855569496,51.726527742713614],[5.145769388609132,51.72674067371692],[5.146051353140035,51.72679248837642],[5.146175765088544,51.726804429226135],[5.146345093621064,51.72680747372541],[5.146526082507511,51.72679526147691],[5.147124411463272,51.72669042387757],[5.148642703276291,51.72641937374955],[5.149504786735502,51.726249444340155],[5.150256695397901,51.72611164457718],[5.150970874499423,51.72599174097021],[5.151177967460585,51.72596878793997],[5.152525504589634,51.72874983519249],[5.152093808212131,51.7288181817862],[5.152536047991787,51.7297862290631],[5.152318642493287,51.72984062356065],[5.152114174952199,51.72991212172238],[5.152057424259031,51.729969534258565],[5.155123829448395,51.73266949257424],[5.154750400720722,51.7329420028803],[5.153564759771728,51.73379535039478],[5.152321990827908,51.73476901717111],[5.152749478069315,51.734964922701955],[5.154114615684238,51.735245388132725],[5.154364877950071,51.735280940368995],[5.151873928401588,51.73824845917058],[5.15165285471952,51.73816532132847],[5.151168800595145,51.737984578481786],[5.150676012246328,51.73781370334084],[5.15005236178367,51.73719942941333],[5.147952880232953,51.73643204282742],[5.146726225715284,51.73597291887696],[5.146411307096551,51.73557408281621],[5.14628442588782,51.73547764543353],[5.14535678776843,51.73514765630637],[5.14503321884754,51.735015756664524],[5.144675260604126,51.734818169061064],[5.143795311196285,51.73585271826252],[5.143795074057509,51.735896761346915],[5.143309769990083,51.73783636676684],[5.13670135583627,51.7369550479455],[5.130200739655697,51.73651043286255],[5.129906839736201,51.735495886818875],[5.129693918436215,51.735261718710305],[5.129440106749652,51.73509037975931],[5.12925322663156,51.734859863469424],[5.129263683151066,51.734803258981884]]]]}},{"type":"Feature","properties":{"gezicht_uri":"https://linkeddata.cultureelerfgoed.nl/cho-kennis/id/gezicht/10134398","gezichtsnummer":"1525","naam":"Grave"},"geometry":{"type":"MultiPolygon","coordinates":[[[[5.740587721501445,51.761375170664614],[5.740551840531616,51.76141752481047],[5.740533151150718,51.761435558162674],[5.740471000498409,51.7614528236934],[5.740036106253044,51.761594354546126],[5.739705658502403,51.76138501819632],[5.739615312705134,51.76131607850058],[5.739485219979934,51.76116546289675],[5.739499801515411,51.760806777956674],[5.739864846873939,51.76081017414278],[5.739570958827622,51.76027354599597],[5.739005657366877,51.760408274336434],[5.738935592733506,51.760339273224396],[5.738402273214981,51.760489183093334],[5.738292688852503,51.7603672678945],[5.73879681449522,51.760188682921765],[5.739418034292498,51.75998098066682],[5.738859094935565,51.759073023196905],[5.738575642887087,51.75912960221761],[5.738267947632942,51.75867660521779],[5.738236188039226,51.758690183117764],[5.737781049863152,51.758833564033644],[5.737727501314709,51.75883911733304],[5.737637610365022,51.758827701151304],[5.737557781425068,51.7588063674657],[5.737393771631734,51.75876281408787],[5.73729640188712,51.75872085909529],[5.737236836757078,51.75869766694632],[5.737149612961438,51.758656580373135],[5.737088272058287,51.75859114750145],[5.73706146946996,51.75849684827839],[5.737034555505753,51.758388167780375],[5.73695757496159,51.75817357242343],[5.736929338461699,51.758081075147075],[5.73696378575655,51.758040524075525],[5.737006951040833,51.75800354236805],[5.737038585098208,51.757973785873226],[5.737133403381719,51.75787373038591],[5.737182271180208,51.75782504653112],[5.737239905703649,51.75778622381793],[5.737324989145288,51.75773833055928],[5.737401584564875,51.75771652926029],[5.737586701758755,51.757680920698064],[5.73827984060916,51.75759884829961],[5.73840291543244,51.75759398522681],[5.738372752857676,51.75725431025688],[5.738349250709176,51.757212134731155],[5.738833407448322,51.75707765296864],[5.739047443061559,51.7574077873488],[5.739174525811902,51.75735976661881],[5.73931176771984,51.75731441177292],[5.739389774725448,51.757288110677266],[5.739582081154956,51.757246185394905],[5.739646832965421,51.75737722278368],[5.739721534009148,51.75748396124732],[5.74037651730906,51.75752423485717],[5.740656590529722,51.75759260182636],[5.740817822236982,51.75765143948111],[5.741061716252236,51.75772351006339],[5.741215664866708,51.75777697606476],[5.741378346317512,51.75783580857024],[5.7417898347668,51.75803860308596],[5.741282083969184,51.758304400473094],[5.741602792974475,51.758751058327505],[5.741762545721359,51.758989669196154],[5.741938444560364,51.75925519647053],[5.742041253430643,51.75943555406846],[5.742073528405283,51.75948758963687],[5.742128222466746,51.75962764460497],[5.742168446812807,51.75976954107998],[5.742223636526868,51.75997251400593],[5.742219439751003,51.75999140257292],[5.742305144499008,51.76002260263533],[5.742265012868443,51.76007665524987],[5.742196103436108,51.76015506398792],[5.741711928364333,51.76084325120898],[5.741479778723062,51.760977881954034],[5.740869967792545,51.760793662096766],[5.740751027947604,51.760957611704555],[5.740743555531927,51.761113135287026],[5.740733881077361,51.76117248856949],[5.740696720935145,51.76123641901824],[5.740587721501445,51.761375170664614]]]]}},{"type":"Feature","properties":{"gezicht_uri":"https://linkeddata.cultureelerfgoed.nl/cho-kennis/id/gezicht/10134477","gezichtsnummer":"1616","naam":"Neerijnen / Waardenburg"},"geometry":{"type":"MultiPolygon","coordinates":[[[[5.291124972058296,51.8308666468209],[5.290870711308782,51.83104620591211],[5.290700527873611,51.83125549507567],[5.290579185143217,51.83169043190918],[5.290403098480877,51.83194465756023],[5.290270613980678,51.832161167800564],[5.290221013588106,51.832288761559056],[5.290245450756016,51.832393945487055],[5.290329194364311,51.83258097233488],[5.290135983347653,51.83270035810729],[5.289784326812001,51.83296252723316],[5.289603959933236,51.83317899701062],[5.289433616491871,51.833455696823904],[5.288929712289948,51.83433883198046],[5.290005749781816,51.8345644353691],[5.289046549851793,51.83665253170906],[5.285548823363726,51.835818136777206],[5.284882024774346,51.836828748000435],[5.284748540351997,51.83682863174533],[5.281877243152814,51.834932248185936],[5.280588776615976,51.83558993305333],[5.27947981887533,51.83457773212217],[5.277773914118551,51.83505523574763],[5.276232477105845,51.835307262250716],[5.275835574073523,51.83446198145449],[5.274880119509268,51.834782855446946],[5.274421313424383,51.83491724145029],[5.273997156076184,51.83511907170242],[5.273513810587049,51.83520129805821],[5.272539862253951,51.835364838884345],[5.271004263022009,51.8355880396996],[5.270763377977496,51.83560308151459],[5.270001725631138,51.83557985361221],[5.269915046090715,51.83655230716157],[5.268935800949078,51.836506384136136],[5.268597817700045,51.83647638199279],[5.267945028991451,51.83643077967281],[5.266320197076693,51.836361707103705],[5.266296774937356,51.83589788386936],[5.266253306179017,51.83533516805637],[5.266009333735731,51.83487920705078],[5.265769479198059,51.83451223450189],[5.265299757823833,51.83384481208644],[5.264996979933511,51.833145203346874],[5.264688169107169,51.83253367339576],[5.264527082516246,51.832018472331555],[5.264482519688301,51.83186742135262],[5.264392714676644,51.83181519504986],[5.26415048021628,51.831799661450944],[5.263314847919645,51.831797884675794],[5.262640388447859,51.831745938074036],[5.262073183911223,51.83173095412542],[5.261928026286689,51.83176046106724],[5.261819094861352,51.831805286699584],[5.261552070836139,51.8318355619261],[5.261444226367993,51.83149029350345],[5.261722851868944,51.83146092974681],[5.261837953254062,51.830761758057584],[5.261979059952703,51.83062258889222],[5.262257433281271,51.83068220838328],[5.262483144553094,51.83037504616063],[5.262673959054798,51.83009571044466],[5.262812682625156,51.82976688328806],[5.262946972912134,51.829466814030795],[5.263107123754286,51.82925755439318],[5.263321004524967,51.82902767794978],[5.263556921351229,51.82869625578718],[5.263660742396895,51.82839525478063],[5.265047140661048,51.82855130396871],[5.265856165958717,51.828714831529965],[5.26671759615193,51.82881279219338],[5.267483300717465,51.82890525603381],[5.268327460373324,51.82895375128176],[5.269062727834625,51.82903808449338],[5.269807977328702,51.829189835786785],[5.270192227996216,51.82925853054219],[5.270642217688838,51.82915021851681],[5.271295413959245,51.82899716353826],[5.271791962104728,51.82883316516448],[5.272345141647786,51.82864585030491],[5.272721230396507,51.82850060577345],[5.273074204173727,51.828316687630426],[5.273390829788823,51.828164192501205],[5.273961503571866,51.82793643932254],[5.27440883038915,51.827723845270334],[5.274860484696745,51.827519343174394],[5.275271462059341,51.8273372715147],[5.275692539253496,51.827175881234226],[5.276231187289896,51.82698404007373],[5.276853982784599,51.82678508478435],[5.277482398107826,51.826658937186316],[5.278255848967751,51.82654101028318],[5.278859586282075,51.82641932661555],[5.279685081074722,51.82637244633628],[5.280762779903232,51.82640848186878],[5.281299229449616,51.8265222198377],[5.282547053930999,51.82701050683036],[5.283923841712984,51.8275725984667],[5.285343925332818,51.82824886361041],[5.286201852096968,51.82863071041859],[5.287246783989693,51.829078325122374],[5.288019134754236,51.82946817531527],[5.28895816424884,51.82993366203291],[5.290081468889917,51.830392102894784],[5.291124972058296,51.8308666468209]]]]}},{"type":"Feature","properties":{"gezicht_uri":"https://linkeddata.cultureelerfgoed.nl/cho-kennis/id/gezicht/10134478","gezichtsnummer":"1617","naam":"Nederhemert - Zuid"},"geometry":{"type":"MultiPolygon","coordinates":[[[[5.164329740062345,51.75248356276053],[5.162465790336322,51.753668281402916],[5.163089445165143,51.75406946110366],[5.160415971431428,51.755796399652645],[5.160765116890698,51.75635435866433],[5.160861366598547,51.75651184246213],[5.160956950854354,51.75680235410069],[5.160975166361889,51.757214060680845],[5.16071915472078,51.75772231350185],[5.160053732775874,51.75813269839038],[5.159605770599926,51.75850125582767],[5.158203444829697,51.75826842231438],[5.157902057638986,51.75772133527805],[5.157529091710465,51.75758038571008],[5.157380202979024,51.75752256797864],[5.157088160575501,51.75741862819389],[5.156895891003327,51.75734724205231],[5.156573329935765,51.75726391452109],[5.156437317947289,51.757237580513646],[5.156088973295885,51.757098472467206],[5.155690044734217,51.75693859010391],[5.155415625235337,51.75678883976003],[5.154505223700584,51.75638884855901],[5.154096015756124,51.75625860227698],[5.153726012237798,51.75610955682422],[5.153347302692585,51.75596408822772],[5.152918063353852,51.75578795672181],[5.15202159756587,51.755501228603194],[5.15152554956091,51.75536270956479],[5.151104782623274,51.75523063188532],[5.150631903512132,51.755093953374946],[5.150183610269514,51.75496451340172],[5.149807322433947,51.754913417094926],[5.149435507984729,51.754838059790735],[5.149011557003291,51.754762595451446],[5.148497753027802,51.75469863177213],[5.147868079603364,51.754636227181116],[5.147399093819817,51.754587630506585],[5.146614320458811,51.75455096855446],[5.146124926954909,51.754527492626146],[5.145686136684689,51.75452029809165],[5.14510960262566,51.754542479655285],[5.144428657712372,51.75458961004473],[5.143745938624131,51.75469695552521],[5.143001669870763,51.75493719822251],[5.142633071288985,51.7545373423624],[5.140887615052312,51.752728805684384],[5.139682356034115,51.75173304259409],[5.139255225640677,51.75145349787563],[5.140214124232546,51.750886550715],[5.140447271099534,51.75115310017167],[5.141622973669956,51.75012638765023],[5.140922750682625,51.74973661749365],[5.140945003103526,51.749373529923766],[5.141687943158955,51.74909644473595],[5.141692348789663,51.74641968637134],[5.142512702238089,51.746276686246944],[5.142242182595716,51.74569456718798],[5.142175243486837,51.74548859125946],[5.142041893676917,51.74497956482785],[5.142521780664317,51.744867312150426],[5.142686294200577,51.744702267274],[5.143330175344094,51.74478809955919],[5.143681833765286,51.74482478414769],[5.144246143834568,51.744898761133875],[5.145241749727138,51.74501047870934],[5.14588425937142,51.74508371025218],[5.146606337311947,51.74517058423207],[5.148108429834301,51.745342639257224],[5.149102734994984,51.745430052470816],[5.150201189820004,51.7455383412318],[5.150793068730096,51.745605151588656],[5.15234310130923,51.74575298003444],[5.152655762996523,51.745773380329],[5.154286968951177,51.745906963788656],[5.155617052837094,51.74603004304868],[5.156152713411498,51.74604997525025],[5.156654978912872,51.746087816309824],[5.157152901273504,51.746125646697436],[5.157610271437784,51.74616519329127],[5.158967970294875,51.74627121045568],[5.160707912461155,51.74638514139644],[5.161663168927611,51.74647237257219],[5.164948774489452,51.746757286787314],[5.164986801445188,51.746974879774385],[5.165045335352713,51.747144872703174],[5.165258813753801,51.74731426003286],[5.165433249617378,51.747472786997534],[5.16535321564494,51.7478474547563],[5.165118233171431,51.74822272802851],[5.164764805459615,51.74853665469296],[5.164157235190173,51.748996609318446],[5.162102520660579,51.750421850451886],[5.162023842228246,51.75051787602685],[5.162003142793399,51.75060322671371],[5.162539665802658,51.751335017738036],[5.162707116843054,51.751443199902475],[5.162886042499116,51.751573874929754],[5.163251200174939,51.751822654254546],[5.163558799189299,51.751997617303715],[5.164329740062345,51.75248356276053]]]]}},{"type":"Feature","properties":{"gezicht_uri":"https://linkeddata.cultureelerfgoed.nl/cho-kennis/id/gezicht/10134479","gezichtsnummer":"1618","naam":"Mallemse Molen"},"geometry":{"type":"MultiPolygon","coordinates":[[[[6.664931373855432,52.103677982157905],[6.664778584847284,52.105941264602976],[6.664389733741778,52.10597334555622],[6.664238525897895,52.10599476003696],[6.663925637497866,52.106028712908085],[6.663467685542556,52.106094798641614],[6.663249140974769,52.10610974994051],[6.662840677193935,52.10617080283957],[6.662502005263892,52.10622211006021],[6.662081533306435,52.10632284172386],[6.66173121176235,52.10642640875367],[6.661477436482064,52.106485783724224],[6.661019869383606,52.10564397012767],[6.661304356958662,52.10425569451664],[6.662902681779776,52.10394536139592],[6.663480809376924,52.10384561581358],[6.66384841678002,52.10378590205322],[6.664177084849507,52.10374278928068],[6.664635628220338,52.10369826770472],[6.664931373855432,52.103677982157905]]]]}},{"type":"Feature","properties":{"gezicht_uri":"https://linkeddata.cultureelerfgoed.nl/cho-kennis/id/gezicht/10134480","gezichtsnummer":"1619","naam":"Laag Keppel"},"geometry":{"type":"MultiPolygon","coordinates":[[[[6.228316599458792,51.991202203371316],[6.232180530433906,51.994588373524586],[6.226842012300947,51.99565039804309],[6.224440896356208,51.996197837393446],[6.224197754108166,51.99557576089387],[6.223829206202113,51.99525569293337],[6.223648481768889,51.99509068957197],[6.223292578009717,51.99482356260284],[6.223044215662889,51.99462308476199],[6.223025387538648,51.99455041112506],[6.222706271318721,51.99414729359712],[6.222470618389396,51.99408155284012],[6.222038606498923,51.99394889219987],[6.221776784223398,51.99349413070026],[6.222697870664257,51.99322782245777],[6.223863125171079,51.99293819794973],[6.225134365882421,51.99255522455603],[6.22657599995623,51.99202001344689],[6.227260715874857,51.991730187569026],[6.228316599458792,51.991202203371316]]]]}},{"type":"Feature","properties":{"gezicht_uri":"https://linkeddata.cultureelerfgoed.nl/cho-kennis/id/gezicht/10134524","gezichtsnummer":"214","naam":"De Parken"},"geometry":{"type":"MultiPolygon","coordinates":[[[[5.95441398423861,52.22125692938296],[5.954533803819794,52.22101277836696],[5.954624984975651,52.22081819896644],[5.954644910704479,52.22077406190593],[5.954749956833159,52.22051919603505],[5.9548122932008,52.22035801080841],[5.954871679539362,52.22019504212566],[5.955178549832126,52.21935678150104],[5.955459245290396,52.21944980478146],[5.955522311718695,52.21934613894491],[5.95553663505045,52.21932180233228],[5.955792282682829,52.219401463386944],[5.95595833650092,52.21945549034595],[5.956008989736196,52.21941120498345],[5.956061106175695,52.21936691254722],[5.956097883992926,52.21938201494081],[5.956266540930942,52.21918166795924],[5.956363065608328,52.21906256072586],[5.956405661992345,52.21907493856263],[5.956539361926396,52.21911653748315],[5.95664074313343,52.21914840533954],[5.956721546347944,52.219173181976366],[5.956851219683482,52.21901436711245],[5.956999633295588,52.21906218612187],[5.957110627626247,52.2189304251915],[5.957470680720022,52.21870668218513],[5.957758119158576,52.21852643157077],[5.957942492401782,52.21841139237686],[5.958118154212205,52.218301787836744],[5.958312699296797,52.218181306042794],[5.958356251441573,52.21815413125087],[5.958485478884794,52.21807531009971],[5.958584242656816,52.21801730872274],[5.9587601585772,52.21815577143187],[5.958910747896357,52.21814515535612],[5.95900827881365,52.21810513564229],[5.959159696273466,52.21804508110532],[5.959036779923558,52.217931528715944],[5.959240573767954,52.21784785146622],[5.959133972828516,52.21775129735413],[5.959355128343307,52.2176522561365],[5.95955613243719,52.2175793774836],[5.959665332828013,52.217536604225934],[5.959698802573225,52.21752206106225],[5.959746858506291,52.21750385193086],[5.959821137195116,52.21747652754975],[5.959883756095527,52.21745285490045],[5.960115474873822,52.21737892746552],[5.960124358370256,52.21738697357184],[5.960279710202071,52.21751924223071],[5.960337401309634,52.217567497468615],[5.960607967840333,52.21744214869275],[5.960502920716126,52.2173527786756],[5.960457120708116,52.21731884661079],[5.960404062433546,52.21728944378755],[5.960355486471731,52.21726720959715],[5.959995548876168,52.217156606432454],[5.96035542852717,52.21680792173274],[5.960421903711201,52.21674288514296],[5.960396855489724,52.216729524738824],[5.960330571177832,52.21669569209315],[5.960200963975957,52.21663070872291],[5.960381957079553,52.216481527537624],[5.960502142310299,52.21638297437416],[5.960852672402978,52.216104440105816],[5.960802611164612,52.216080415710906],[5.96102598623794,52.215927432336265],[5.961030410551904,52.215930107236545],[5.96104349820517,52.2159237519915],[5.96105233525408,52.215928203044],[5.961090714085519,52.2159540817387],[5.961149762983632,52.2159942407621],[5.96125378060506,52.215890372610005],[5.961322932864942,52.21591969677692],[5.961380310158668,52.215943685364486],[5.961451230071643,52.215883120569295],[5.96149831869682,52.21590356394179],[5.961677859692985,52.215982683730566],[5.961705347310101,52.215958282270144],[5.961746536981795,52.21597515904319],[5.961927518704,52.21605247383531],[5.962018735598252,52.21609067819067],[5.962108489451572,52.21612888960164],[5.962171755039504,52.216155545535614],[5.962260022744462,52.21619196646512],[5.962293212086367,52.216155852652534],[5.962384093485186,52.21605474390874],[5.962862709775305,52.21617734432016],[5.962808118854101,52.21625580639735],[5.962722092214281,52.216392843911585],[5.962937892224702,52.21644661851702],[5.963136076128347,52.216495984668406],[5.963133219448705,52.2165013914241],[5.963169915918437,52.2165102003993],[5.963167059241999,52.21651560715581],[5.963218469203858,52.216530635941595],[5.963204150964124,52.21655497349067],[5.963151162880314,52.216644213534835],[5.963391850919271,52.21669876467803],[5.963404810545042,52.21668252296478],[5.963622006198108,52.216730896694415],[5.963637764214742,52.21670475445802],[5.964347812596385,52.216844194523354],[5.964433427367922,52.21667569973176],[5.96457606672686,52.216390980365865],[5.964954448170341,52.2164565391742],[5.965114380970562,52.21648991077517],[5.965410322054904,52.21595367364],[5.965561520923806,52.21599068262877],[5.965759717363089,52.21604094312512],[5.965934398010076,52.216083229359825],[5.966044511443166,52.2161114511321],[5.966067528310513,52.21596842855176],[5.966074295200832,52.21592615161578],[5.966203464866428,52.215956976193574],[5.966395750662522,52.21600277060125],[5.966414842295886,52.2160080697394],[5.966563080715552,52.216042395565935],[5.96668933636042,52.21607413271984],[5.966761278508541,52.216092654378585],[5.966793574071338,52.216100585034305],[5.967075502277004,52.216175598648775],[5.967119550353131,52.21618706669277],[5.967030329875821,52.21630255180754],[5.967056772829861,52.21631051114064],[5.967181613200684,52.21634584993566],[5.967200716779324,52.21635204769179],[5.967244776768148,52.21636441443408],[5.9673593867116,52.21640070211692],[5.967356483717975,52.21640251399142],[5.96740785982742,52.216414844714535],[5.967383430268167,52.21644911931475],[5.96751851374017,52.21648440740788],[5.967539115768879,52.216493294152265],[5.967746670015778,52.21658754667393],[5.967788388399095,52.21653251448908],[5.967840114771144,52.216459456994606],[5.967913087603351,52.21644471716392],[5.96803878678669,52.21665801387152],[5.968293232503721,52.21709357990338],[5.96842775560286,52.21708572716744],[5.968546218353746,52.217080649785466],[5.968645635657583,52.217073868493976],[5.968662059728868,52.2170989540805],[5.968818961805814,52.21734804837051],[5.968982042940491,52.217509928087765],[5.969051766445116,52.217582387481244],[5.969159980882906,52.2176888115939],[5.969237479324951,52.21779628586769],[5.96925995670408,52.21783662117528],[5.969270469656396,52.21785724180763],[5.96931868004196,52.21796306283742],[5.969428318483454,52.21795443288271],[5.969439830362632,52.21805144683659],[5.969449644008969,52.21813049310275],[5.969459481193303,52.21821133685717],[5.969467796389638,52.21828769410192],[5.969471569036771,52.218352389312614],[5.969480131068938,52.218447620200905],[5.96948892817888,52.218560825987936],[5.969507774274658,52.21877105292429],[5.969516207188762,52.21885639760762],[5.969523071072152,52.218933660802726],[5.969529958485895,52.219012721486266],[5.969538344477257,52.21909447118438],[5.969543510075042,52.21915376669474],[5.9695521076824,52.219251693798434],[5.969554029370113,52.21928673763155],[5.969559053967592,52.21933524820016],[5.969579575619726,52.21956164528367],[5.969586322182938,52.21962992101632],[5.969591605454323,52.219698203967184],[5.969601936952116,52.21981679496908],[5.969612350791067,52.219941677181126],[5.969619062198928,52.22000725667272],[5.969627801208794,52.22011596869279],[5.969638003592566,52.22022467348994],[5.96965330138557,52.22038728130755],[5.969656674786061,52.22042141916674],[5.969663703751989,52.22051126475716],[5.969676862052023,52.220510301028455],[5.969683314997821,52.22055610812607],[5.969688868938994,52.2206450621886],[5.96969578043749,52.22072592032665],[5.969711713516064,52.22093706033202],[5.969720499973622,52.22104936730484],[5.969729227687782,52.22115718055179],[5.969738073025012,52.22127398124158],[5.969745455041353,52.2213907891497],[5.969754288711558,52.221506691088756],[5.969763604532306,52.22165944154969],[5.969773795857019,52.22176724755944],[5.969782547365873,52.221876858277],[5.969465110452892,52.22188741244721],[5.969403671790774,52.22188951307483],[5.969227182955784,52.22204677498692],[5.969237631534751,52.22217435341612],[5.969269112091817,52.22267932513667],[5.969277092335315,52.2228419690096],[5.969260063876443,52.22321865112673],[5.969228303135483,52.22325206340303],[5.969281903064272,52.22332190570388],[5.96930478279054,52.22339279826458],[5.96932568213526,52.22342415328802],[5.969336337454551,52.223455558823055],[5.96933779453633,52.223567003111874],[5.969345487763925,52.223595726845396],[5.969372417272459,52.22364053415642],[5.969416955172109,52.22368884982966],[5.969461422649056,52.22373177302025],[5.969367238800104,52.22380414168994],[5.969526319691182,52.223993903149406],[5.969706219617513,52.22420872812796],[5.96989266047458,52.22414039787684],[5.969935571297907,52.22417613815474],[5.970403785762287,52.22483714200094],[5.970679170619574,52.22474320463646],[5.970708393073401,52.22473946499437],[5.970929934463452,52.22466916201394],[5.971129883552542,52.225630790199176],[5.971287719974449,52.22639399105506],[5.971314333386985,52.22652598325811],[5.971121335114876,52.22654131882244],[5.96937703867043,52.22668025954404],[5.969015884299216,52.226708105184905],[5.968463204636457,52.22675217247972],[5.968295096388143,52.22676827967035],[5.967983794989974,52.22680306717116],[5.967724618302511,52.22679445507569],[5.967278751852188,52.226836193939725],[5.967250979570255,52.22683902679947],[5.966905968407409,52.22687038186726],[5.966482030288486,52.22691021243746],[5.966254195671128,52.22694818099791],[5.965890121714559,52.22697693018511],[5.965135640057009,52.22703545290308],[5.965107867512568,52.22703828525905],[5.963803644982848,52.22714263165931],[5.962065097977325,52.227276942117925],[5.961382274465561,52.22733149666835],[5.961307702166226,52.227337252133616],[5.960912933205302,52.22736973041824],[5.960595593857616,52.22739104573189],[5.960555735436853,52.227251026357116],[5.960475759392488,52.227064464124894],[5.960433408820649,52.227071860173346],[5.960163205948096,52.22711631427856],[5.959919311930994,52.22715794373583],[5.959899776946266,52.227118491258196],[5.959898313387502,52.22711849835787],[5.959733486032047,52.22716244025849],[5.959648876890594,52.22718442176743],[5.959561363651261,52.227208214896685],[5.959473838765328,52.22723110921616],[5.95940090321672,52.227250337557045],[5.95934259992629,52.227155347225136],[5.959088840979748,52.22722668320084],[5.959141254922373,52.227319005783855],[5.959116478219946,52.22732721502061],[5.959033401290212,52.227354581468575],[5.958908042378303,52.22739473582977],[5.95889346440394,52.227399300427656],[5.958780896579475,52.227409732284194],[5.958668317165175,52.2274192652885],[5.958586426516013,52.227425054457846],[5.958473835487871,52.22743368853185],[5.9584168139383,52.22743845844175],[5.958358317276215,52.227442336659706],[5.958177007527937,52.22745669568847],[5.958023470934636,52.2274682237548],[5.95785968926368,52.22747980114288],[5.957710543221411,52.22749130757921],[5.95749497222748,52.22745909347917],[5.957425771591579,52.227312923213475],[5.957169058512752,52.22738247171535],[5.957096204690118,52.22729384214399],[5.957032270574444,52.227215955084226],[5.957002136598601,52.2271486904698],[5.956964408870857,52.227059891276895],[5.956719129068862,52.22710781240944],[5.95667242163772,52.227117924526596],[5.956657383683407,52.2270865390368],[5.956625936244995,52.22703096507243],[5.956586837770111,52.22694936277757],[5.956586757308443,52.226943071560136],[5.956584259252606,52.226862191537585],[5.956580573522287,52.226802888461016],[5.956580550533587,52.22680109097029],[5.956580401107098,52.226789407280584],[5.95657093016635,52.226735524909074],[5.956572255783306,52.226724732906156],[5.95657889535287,52.22667167163638],[5.956581431635448,52.22664110017622],[5.956574290113925,52.22654046892551],[5.956569221344744,52.22648746412142],[5.956577393385582,52.22643978826369],[5.956579056098578,52.22634091214936],[5.956580485149894,52.22633820885455],[5.956526985831412,52.226160504289815],[5.956228506522031,52.226168234927975],[5.95622565307036,52.22605949377412],[5.956224159772961,52.225942656854045],[5.956219927939404,52.22572606622658],[5.95621938806461,52.225683825183935],[5.95621774547408,52.22555530456284],[5.956215167770234,52.22546813329169],[5.956213502229339,52.225337815174214],[5.956215763014709,52.22528567381852],[5.956228199357792,52.22522809061024],[5.95624802206906,52.22517586460265],[5.956252286197134,52.22516595723723],[5.956258025305629,52.22515694156286],[5.95626228942968,52.225147034197036],[5.956268028533726,52.225138018522166],[5.956273756147859,52.22512810410134],[5.956279495247156,52.22511908842584],[5.956286697837645,52.2251100656953],[5.95629243693201,52.22510105001916],[5.956299639516971,52.225092027287836],[5.95630684209902,52.22508300455601],[5.956314044678154,52.225073981823755],[5.956321258742909,52.22506585783674],[5.956329924808108,52.22505682804828],[5.956334246350603,52.225051414408085],[5.956396452614912,52.224994490032046],[5.956379078874667,52.224894806876925],[5.956072463777649,52.22483786269826],[5.956072337459882,52.22482797649504],[5.956079533632799,52.22470390726726],[5.956055893421053,52.22457189741849],[5.95594435927273,52.22454816717491],[5.955834323152845,52.22452712601403],[5.955721348712778,52.22450520010011],[5.955621580063674,52.22448590689745],[5.95550566741545,52.224463096123884],[5.95535161287156,52.22443327839793],[5.955411449938673,52.22430536064948],[5.95528086880048,52.22427992385412],[5.955351702507455,52.22409622754396],[5.955381368536308,52.22401249625892],[5.955419402265154,52.2238963678464],[5.955454692426664,52.223794633444264],[5.955464546572037,52.223764026768926],[5.955481224687407,52.22369473879082],[5.955504864356904,52.22359755445797],[5.955504113792805,52.223424089428185],[5.955659203822508,52.223420646315574],[5.955645183778508,52.22335420253057],[5.955631186724737,52.223289556235216],[5.955583204423772,52.22308486056518],[5.955677638691886,52.22303047777239],[5.955612720194793,52.22298944550902],[5.955479933775226,52.22290559747093],[5.955366727338125,52.22297984408636],[5.955243368269345,52.22306132985475],[5.955237537495709,52.22306315551399],[5.955094541983615,52.2229820525729],[5.955143874222767,52.2229485595966],[5.9551511340153,52.2229440306628],[5.95492989020329,52.22280937587523],[5.954804514338872,52.22273268185259],[5.954739187600102,52.22277434079648],[5.954728863491124,52.222768098820836],[5.954644818762144,52.222719068763695],[5.954529824950616,52.2226531101617],[5.95441925606057,52.222589826590834],[5.954326385762068,52.22253724350809],[5.95419075640942,52.2224596992933],[5.954161270834889,52.22244276368258],[5.954415901431951,52.222326493912256],[5.954288560763988,52.222210261522434],[5.954332210879219,52.222190278196415],[5.954252876682947,52.22205134508961],[5.95424527357506,52.22202891157584],[5.954240677377443,52.22201275522797],[5.953853871613757,52.22174766856986],[5.954068255515418,52.22157406941457],[5.954133455251805,52.22152252462269],[5.954184158424147,52.22148183503953],[5.954318867193835,52.22137243297415],[5.954324663443215,52.221367911120375],[5.95433045969142,52.221363389266344],[5.95433624449121,52.22135796866549],[5.954342040736948,52.22135344681081],[5.954346362163745,52.22134803323996],[5.954352158407161,52.221343511384845],[5.95435647983177,52.221338097813614],[5.954362276072869,52.22133357595797],[5.954366597495286,52.22132816238637],[5.954370918916654,52.22132274881461],[5.954375240336973,52.22131733524266],[5.954379573204338,52.22131282041713],[5.954383894622647,52.22130740684484],[5.954388216039904,52.22130199327246],[5.954391074087519,52.22129658673101],[5.954395395502861,52.22129117315829],[5.95439824210045,52.22128486787017],[5.954402563513788,52.221279454297175],[5.954405421558224,52.221274047755365],[5.954408279601967,52.22126864121352],[5.954411137645019,52.22126323467155],[5.95441398423861,52.22125692938296]]]]}},{"type":"Feature","properties":{"gezicht_uri":"https://linkeddata.cultureelerfgoed.nl/cho-kennis/id/gezicht/10134535","gezichtsnummer":"205","naam":"Berkeloord"},"geometry":{"type":"MultiPolygon","coordinates":[[[[6.420820183747676,52.16106607170118],[6.421141479414801,52.16092932606004],[6.421264394378284,52.1608725194277],[6.421167559205755,52.16079337023905],[6.421177975415021,52.1608013686237],[6.421416789689472,52.160700400642774],[6.421415893806164,52.160661757706286],[6.421412367119764,52.16063572181738],[6.421409048780648,52.16061867265778],[6.421400784195319,52.16057739776755],[6.421385296759336,52.16053978163314],[6.421374463903229,52.16051380980686],[6.42137444306968,52.16051291113388],[6.421350167415874,52.16047447319772],[6.421332090907195,52.1604512614483],[6.421273287271006,52.16043649648282],[6.421281971366714,52.160432824921315],[6.421283057633773,52.16041663599544],[6.421233836960758,52.1603739224645],[6.421191693422942,52.16032125945662],[6.421147901293801,52.1602605211853],[6.421091669653618,52.160167533140125],[6.421027653117714,52.16005393962663],[6.421289131997786,52.15998513200482],[6.421485230208715,52.15993307657246],[6.421710385614692,52.159873575096626],[6.421625220722929,52.15979342505782],[6.42149107066006,52.159554607068515],[6.421933193452895,52.15946084343062],[6.4218808632255,52.159410067743536],[6.421836005862412,52.15936641732512],[6.421835985020262,52.15936551865206],[6.421777664328651,52.159308503479835],[6.42172385241953,52.159256841865435],[6.421700598283535,52.159262438973784],[6.421667722563314,52.159231267378566],[6.421583999339892,52.15915020580835],[6.421557072741239,52.159123476285764],[6.421518248274407,52.159087862541305],[6.421437510474736,52.159009471254386],[6.421447655470071,52.15900578686706],[6.421377562909736,52.15894527930608],[6.42135668963041,52.15892748521745],[6.421394451344888,52.15891726668273],[6.421557187515996,52.158876289904505],[6.421488306178418,52.15880498551446],[6.42151439912873,52.1587957681265],[6.421466706497149,52.158692817942025],[6.421556528711735,52.15865877254414],[6.421631884876207,52.15863114594953],[6.421650892793832,52.158316379632105],[6.421574289627731,52.15822716589803],[6.421569906133958,52.158227204343156],[6.421518723702488,52.158225855510885],[6.421477988842866,52.15798172390641],[6.421457496582027,52.157854266054414],[6.421515442643713,52.15783218533584],[6.421454014577283,52.15776710755051],[6.421458335525285,52.15776437308969],[6.42143735860388,52.157742085643484],[6.421278905751318,52.157778530452454],[6.421140887929032,52.15781389704212],[6.420990365065236,52.15787723761924],[6.421010154824578,52.157848300757145],[6.421022847049462,52.15782841466765],[6.421049838393372,52.15779492039014],[6.421066893209759,52.15777409719664],[6.421075389373221,52.15776233758874],[6.42109517902689,52.1577334007121],[6.421128538787102,52.157659402064276],[6.421128372172235,52.15765221267649],[6.421133571120278,52.15762430256059],[6.42113311292778,52.15760453174403],[6.421126560239546,52.15757402808358],[6.421114204643909,52.15754537300695],[6.421094564182819,52.157517680647885],[6.421073566733824,52.15749449446175],[6.421197013884299,52.157461053402585],[6.420967167320305,52.15725453371341],[6.420956710334781,52.15724473795587],[6.420843269851555,52.15714236379576],[6.42075971862015,52.157068490986475],[6.420644776281368,52.15696433208748],[6.420474070378952,52.1570395340138],[6.420173159281183,52.15679318687047],[6.42054343806736,52.15662725014448],[6.420428518187761,52.156523989696424],[6.420174865441755,52.156298801066384],[6.420219618601533,52.15627503881174],[6.420387274956274,52.156194470807705],[6.420423427806083,52.15617797466769],[6.420643016738617,52.156068187902804],[6.420696556795342,52.156045247320975],[6.420842732283682,52.15598374287947],[6.420883268066537,52.155967208181295],[6.421157648599109,52.156203898719745],[6.421162136027877,52.15620835365892],[6.421193298126773,52.156228754143946],[6.421378756502475,52.156159713769675],[6.421423610174056,52.1562033643955],[6.421683738198426,52.156455459269736],[6.421812588802296,52.15640309415996],[6.422142935151699,52.15672108737783],[6.422196681922679,52.156770052810025],[6.422557946810288,52.157097660957334],[6.42262812147353,52.15716176253229],[6.422696835207356,52.15722587689314],[6.422964432234244,52.157106675733],[6.423233488952842,52.15698746113165],[6.423300032781437,52.156958113140384],[6.423409971844581,52.15690950785447],[6.422730477327127,52.156282681150905],[6.42200028304512,52.1556113526318],[6.422075779712806,52.1555900164688],[6.422109134363715,52.15557893749694],[6.422201785052568,52.15566711121179],[6.422449725146406,52.15589773883332],[6.422675083949519,52.156099800800455],[6.422785624619349,52.15620309754612],[6.422882682109194,52.1562921308933],[6.423103473756078,52.156486142452124],[6.423146784864778,52.15652621055603],[6.423442471364073,52.15679866295762],[6.423454369032752,52.15680754698308],[6.423457333014039,52.15680931865269],[6.423464742968295,52.15681374782645],[6.423478039142322,52.156819922991914],[6.423503107760675,52.15682959013797],[6.423523646912454,52.15683300508466],[6.423536859600899,52.156835585551214],[6.423551491658921,52.15683635583076],[6.423566102841987,52.15683622743547],[6.423582154267478,52.15683518752555],[6.423593822337534,52.156834186133366],[6.42360690977271,52.15683137455389],[6.424040170118649,52.1566091441758],[6.424007545346684,52.15658875729342],[6.42423564340219,52.156468102720005],[6.424262444651958,52.15648943960564],[6.424734333041492,52.15623181153012],[6.425227965054321,52.155966799287796],[6.425387053758541,52.15589528808894],[6.42551420723551,52.15583304640836],[6.425635787941066,52.15578253879719],[6.425760416047357,52.15573739736385],[6.425889510826988,52.155695811885074],[6.425959203288555,52.1556763220599],[6.425995479190036,52.155665216253304],[6.42617422925249,52.15562229421385],[6.426225053043402,52.15560836359987],[6.426371889234046,52.15557560984986],[6.426473766818651,52.15555763382834],[6.426565521472813,52.15554424121874],[6.426623734168562,52.15553384074004],[6.426661512735746,52.15552451919679],[6.426709393176547,52.1555097154577],[6.426942762134476,52.15542765994465],[6.427018214218341,52.15540452327991],[6.427033243807507,52.155422367905636],[6.427136534766698,52.15533966113091],[6.42714229525235,52.1553360149061],[6.4271108378287,52.15530303458081],[6.427119520445062,52.155299362590306],[6.427201816699776,52.1552563905967],[6.427246439365942,52.155227233650066],[6.42730521171215,52.15517817703605],[6.427415618335798,52.155087317535305],[6.428066550992671,52.15517685311706],[6.428384692001924,52.155220785381665],[6.428622223344008,52.15525464236441],[6.428777662633069,52.15527753878532],[6.428872904634048,52.15528838272145],[6.429073582179839,52.15537110261261],[6.429240781770632,52.1554595111207],[6.429267416880874,52.1554736574925],[6.429410904171329,52.1555478935649],[6.429416811444458,52.15555053793279],[6.429562544709999,52.1554081293348],[6.430258661200203,52.15567972157348],[6.430363385276465,52.15572104160373],[6.43040051182824,52.15568386004408],[6.430966148031053,52.15512515898057],[6.431056176356077,52.15503807181219],[6.431784586800685,52.15531566124026],[6.431681117342591,52.15551522522081],[6.431488492036654,52.15590164212207],[6.431466103277311,52.155944086675966],[6.43137525498299,52.15612106715419],[6.431288536898323,52.15628722469737],[6.431261995792468,52.15633959340105],[6.431235538743192,52.15639555678377],[6.431197897498929,52.1564731917456],[6.431153287043039,52.15656527010403],[6.431030281447304,52.15680455609244],[6.431023291259005,52.15681810082231],[6.430861454067206,52.15714671717478],[6.430761960291423,52.15732916676499],[6.430390825878007,52.157019647821976],[6.430373334442325,52.15702160025352],[6.430368972089444,52.157022537696726],[6.43031929394618,52.15702297709867],[6.430186962118138,52.15705111318645],[6.429927143414692,52.15712711693606],[6.42988216356802,52.15714099747169],[6.429851689945903,52.15715025545847],[6.429835722566899,52.157154890907556],[6.429789302537731,52.15716968299674],[6.429699384642558,52.15719924128924],[6.429605167230463,52.157232432943125],[6.429584879399472,52.1572398031164],[6.42950078475261,52.157268410929326],[6.429383335894519,52.157308099716],[6.429342739091303,52.157321941311295],[6.429196613001316,52.15738525359557],[6.429008491280807,52.15746511610245],[6.428824731322631,52.157544040923916],[6.428649653653096,52.15761929335726],[6.428544018114821,52.157664270119035],[6.428296574245503,52.15776982324287],[6.428289331423433,52.1577725837495],[6.42817780862527,52.15781581443314],[6.427956202566382,52.157901363918945],[6.427946079327179,52.157905947536435],[6.427742152951031,52.1579976325953],[6.427575838613919,52.158072806089706],[6.427574377456634,52.158072818979065],[6.427552627749121,52.15808020169302],[6.427393157611277,52.158135539702336],[6.427385914673725,52.15813830015361],[6.427383013307831,52.15813922459965],[6.427261616746559,52.15819782205112],[6.427179252297672,52.15823809806333],[6.427161885933191,52.158245442051864],[6.427076557083262,52.15828394641704],[6.42688707131637,52.15836831179193],[6.426697605771443,52.15845357553524],[6.426509558802874,52.15853702875453],[6.426427109311006,52.15857370955433],[6.426421327416552,52.158576457071334],[6.426252274713021,52.15865974250314],[6.426261230152534,52.15866775331378],[6.426174585041113,52.15871256060608],[6.426079256382901,52.158761039749294],[6.426067692501816,52.158766534748956],[6.426063350813947,52.158768370705516],[6.425923122823545,52.15883432347758],[6.425793018105707,52.15889569265108],[6.425668695020146,52.15895431420145],[6.425554495345243,52.159008352209305],[6.425444553477077,52.159056959484055],[6.425431528250465,52.159062467284606],[6.425350538090981,52.1590991344707],[6.425312944433923,52.159116543647784],[6.42526086428437,52.159139473455625],[6.425259424002243,52.159140384988696],[6.425229052601843,52.15915413514579],[6.425184215608502,52.15917430460071],[6.425111887674992,52.15920640110231],[6.425019332855465,52.15924856296657],[6.424983179234813,52.159265060508616],[6.424926715147762,52.15928802874133],[6.424851464445847,52.15932015079695],[6.424806543506704,52.15933672541917],[6.424713820926622,52.159371697665364],[6.424658838666134,52.159395551588474],[6.424587929402488,52.15942583757137],[6.424537309721712,52.15944875420803],[6.42445627633419,52.15948362343673],[6.42432604234618,52.159539598961345],[6.424288427025563,52.15955610914021],[6.424146836155004,52.15956364609578],[6.424072419013456,52.159568794634],[6.424038853012008,52.15957088743503],[6.423729473692727,52.15959068509722],[6.423462406534364,52.15960741361982],[6.42298358894356,52.1596313944977],[6.422975383762575,52.15978157550487],[6.422969621067296,52.15991106137069],[6.42348342740102,52.159883177724964],[6.423484951246135,52.1598858609039],[6.423493259377518,52.1599289329933],[6.423498227563402,52.15995405730846],[6.423505011870502,52.15999444621783],[6.423527702771595,52.1600904244316],[6.423551875876935,52.16018728847202],[6.423574566979756,52.16028326667312],[6.423576216110702,52.16029134188564],[6.423577865242257,52.16029941709813],[6.423594335713008,52.16037927054858],[6.423614125411392,52.16047617309142],[6.42363243307749,52.160572189797435],[6.423642265363493,52.16061794504715],[6.423648903749966,52.16065204323603],[6.423680049943674,52.16079738418554],[6.42351611929851,52.16103881919923],[6.423384940250468,52.16105435342699],[6.42334081032659,52.161042157136656],[6.423199172832722,52.161047895620875],[6.423132810680618,52.16108533160361],[6.423083253131563,52.16109116000495],[6.422843792984187,52.16122719240807],[6.422813502870948,52.16124453663416],[6.42274569969987,52.1612828839027],[6.422686559702816,52.16131666079523],[6.422517781643826,52.16141252229797],[6.42244789238982,52.16136100213748],[6.422440690333089,52.16136555963105],[6.422316564490002,52.16143316437982],[6.422312243241101,52.16143589887122],[6.421847529829196,52.16169075710056],[6.421631026420329,52.16180860849057],[6.42141598315291,52.16192644667046],[6.42135391872109,52.16196024852297],[6.421356945465312,52.1619647162614],[6.421358531757048,52.161970095485245],[6.421357195474338,52.16197550033449],[6.421345692679724,52.16198369089031],[6.421264985508781,52.16203293669462],[6.421262000433488,52.16203026629938],[6.4211019843655,52.16212604891061],[6.421019277237494,52.1620890219587],[6.420955796104106,52.162061713850505],[6.420879937523188,52.16200485195842],[6.420833846281966,52.16197109939086],[6.4208249119702,52.16196398684476],[6.420768383587768,52.16192133716453],[6.42074158072229,52.16189999950893],[6.420699936008845,52.16186890449142],[6.420615102197898,52.16180313252294],[6.420493070509551,52.16170892301144],[6.420390348140571,52.16162802705891],[6.420314491018959,52.161571164795184],[6.420203105712606,52.1614948388395],[6.420108065265331,52.16143005475955],[6.420102136951313,52.16142651125563],[6.420392459449506,52.161277454961144],[6.420432875305606,52.16125552838094],[6.420435777018874,52.16125460410548],[6.420559842778029,52.161184305308176],[6.420555375722768,52.16118074902408],[6.420620466297199,52.16115141534681],[6.420711588793305,52.161110168403795],[6.4207144696707,52.16110834544842],[6.420820183747676,52.16106607170118]]]]}},{"type":"Feature","properties":{"gezicht_uri":"https://linkeddata.cultureelerfgoed.nl/cho-kennis/id/gezicht/10134541","gezichtsnummer":"291","naam":"Arnhem - Van Verschuerwijk"},"geometry":{"type":"MultiPolygon","coordinates":[[[[5.919514803842465,51.97706600408649],[5.919433151997426,51.97705378999217],[5.919347133993044,51.97704159559978],[5.919264026836863,51.977029387974085],[5.919179464325269,51.977017186873724],[5.919093446459397,51.97700499229555],[5.919007428640077,51.97699279765444],[5.918922866266613,51.976980596369366],[5.91883392708746,51.97696751597654],[5.918759573904454,51.976957066087486],[5.91866924332931,51.97694938486772],[5.918594890214354,51.97693893487447],[5.918508872655972,51.97692673986827],[5.918427231982451,51.976915423861236],[5.918344125308125,51.976903215584755],[5.918258107885772,51.976891020394895],[5.91816480288796,51.97687795921358],[5.918147306211722,51.97687534171133],[5.918193929557875,51.976756485022044],[5.918193780572612,51.97674390201018],[5.918193738005413,51.97674030686393],[5.918193589020273,51.97672772385203],[5.918168815445181,51.976725139212185],[5.918170938768701,51.976658615862526],[5.918171755677819,51.976604682096074],[5.918174017329366,51.976549842970954],[5.918174844874614,51.97649680799021],[5.918177127800171,51.97644376643741],[5.918177976622989,51.9763925290291],[5.918177338141331,51.97633860183225],[5.918179695546201,51.97629185178458],[5.918182021022101,51.97624240537661],[5.918180278329487,51.97621814470933],[5.918178482432185,51.97618939010873],[5.918167730837088,51.97614180041821],[5.918163194464343,51.97612743954645],[5.918145219252485,51.97608437664401],[5.918130303777622,51.97605388360957],[5.918119924669913,51.97603775144688],[5.91810210913181,51.97600817033719],[5.918082934004395,51.975986684875195],[5.918057873596222,51.9759598329709],[5.918043075246236,51.97593922657823],[5.918001708019932,51.97588728090334],[5.917874717469017,51.97573325449755],[5.91770797606805,51.97554075740357],[5.91771960825874,51.97553980608944],[5.917745708916938,51.9755315988177],[5.917924004660586,51.97547057231196],[5.917986329438133,51.97544871896689],[5.918228425700244,51.9753676296253],[5.918314631780634,51.975396003004576],[5.919417653762112,51.97574785326253],[5.919578362088979,51.97579925820079],[5.919603103223491,51.975799146185125],[5.919829068422997,51.97583048093969],[5.919970473413971,51.975849614723096],[5.920113323208002,51.97586784295421],[5.920372805218097,51.97590262010458],[5.921259111373458,51.97601994083494],[5.921162746728157,51.97623879532901],[5.921141740060412,51.97630810099955],[5.921120551422638,51.97636212729925],[5.921100828814571,51.976417045773175],[5.921068446388634,51.97650887394783],[5.921034597745527,51.97659980993333],[5.921034608444198,51.97660070871955],[5.921021895108022,51.97663312448717],[5.92099419995143,51.97662965487],[5.920973032380334,51.97668547871357],[5.92094067089459,51.97677910442261],[5.920919503187002,51.976834928255506],[5.920945753767322,51.97683930328219],[5.920933040299914,51.97687171903928],[5.920913253062357,51.976921244761044],[5.920897778496899,51.9769662567321],[5.920865373871903,51.97705628727233],[5.920844205941026,51.97711211108979],[5.920825916683746,51.97716522533549],[5.920811822492953,51.97720393918606],[5.920807563217485,51.97721294686089],[5.920791714156071,51.9772265012997],[5.92078447989685,51.97723012946465],[5.920771434701391,51.97723468283078],[5.920755467995307,51.977238350616545],[5.920730715378042,51.977237564089464],[5.920612613577036,51.97722012317525],[5.920512040872291,51.97720799565358],[5.920500397621232,51.97720804845793],[5.920500365556763,51.97720535209924],[5.920491611743014,51.97720359412925],[5.920372065403457,51.9771870583598],[5.920286046890671,51.97717486465492],[5.920197106932423,51.97716178529425],[5.920111099195556,51.977150490247574],[5.920026546906024,51.9771391885433],[5.919940528578077,51.97712699458542],[5.919854510296679,51.97711480056456],[5.919771402868035,51.97710259329785],[5.919692672364525,51.977091264987365],[5.919602277341151,51.97707819176674],[5.919514803842465,51.97706600408649]]]]}},{"type":"Feature","properties":{"gezicht_uri":"https://linkeddata.cultureelerfgoed.nl/cho-kennis/id/gezicht/10134548","gezichtsnummer":"219","naam":"Arnhem - Geitenkamp"},"geometry":{"type":"MultiPolygon","coordinates":[[[[5.935840220680634,52.00246572473015],[5.935916200962965,52.002367397622876],[5.936254462096221,52.001924492622],[5.936291706747012,52.001873984165094],[5.936297432450259,52.00186586794716],[5.93633897953034,52.001809946397145],[5.936439790097345,52.00171779485243],[5.936778052196145,52.00127578709967],[5.936805278800413,52.00123970659534],[5.936871414397046,52.00117018747847],[5.93700179876974,52.00099610347356],[5.937199618350581,52.00073991027374],[5.937254092251038,52.000669546622],[5.937583789182272,52.00024285664052],[5.93764256408972,52.000167079679834],[5.937989429018724,51.99971603968389],[5.938042422215116,51.999643884915685],[5.938162781526563,51.99948422782662],[5.938334864020117,51.99926770181126],[5.938376339840059,51.999206386840434],[5.938433689103089,51.999133312643146],[5.9385540456557,51.99897365514593],[5.938767643365625,51.99869940856064],[5.938824958158172,51.99862363782542],[5.938835172968677,51.998625387590245],[5.938846832815436,51.998626231744616],[5.938864272803048,51.998623453458414],[5.938884569667358,51.9986161676058],[5.938897519655953,51.998603523207905],[5.93891321587201,51.998577383431794],[5.938928845684405,51.99854585096622],[5.938941286674315,51.99849186262697],[5.938942554671644,51.99847657651645],[5.938939133522196,51.99843524623895],[5.93892549761757,51.99839216620479],[5.938897223404213,51.998342862991336],[5.938861713068259,51.99829718903896],[5.938841029160651,51.998273017543404],[5.938810053119009,51.99824080480879],[5.938771774577504,51.99820682864092],[5.93874382140231,51.99818359004634],[5.938721781067538,51.99816751438807],[5.938724682173862,51.99816660195304],[5.938973247417496,51.99801263464212],[5.938977582456653,51.998009917808254],[5.939852081676956,51.99748448924135],[5.940026945803556,51.99737670640297],[5.940269777802978,51.99723085275119],[5.940404766311892,51.99731380949731],[5.941627021357964,51.99806487275718],[5.941958698466712,51.99827363603214],[5.942160840251851,51.99836975655712],[5.942626794784764,51.998603051730136],[5.943069456500293,51.99883645513652],[5.943525428644934,51.999085972937195],[5.94395531852047,51.999345499593176],[5.944131460231391,51.99945791880071],[5.944322309346918,51.99958195292555],[5.944331090806349,51.999585506669504],[5.944348564343594,51.99958542391209],[5.944358723720012,51.99958267929448],[5.944497019128168,51.99969617603633],[5.944770241315506,51.99988633283415],[5.944961094022744,52.00001036591],[5.945648336027835,52.00047000457858],[5.945823164680794,52.00059321349688],[5.945854024145287,52.00061553778336],[5.94621680141275,52.00086279123994],[5.94624309093988,52.00086895814187],[5.946278072642548,52.00087148839522],[5.946301326503091,52.00086778254501],[5.946458347943239,52.00096411015602],[5.946456902986719,52.000965015858704],[5.946311107847202,52.00106817587894],[5.946215706540615,52.00112525575897],[5.946137655840694,52.001172365957764],[5.946001783605162,52.00125390644235],[5.945904958940529,52.00131368932711],[5.945822561436224,52.00136261762413],[5.945805221645874,52.001373485961395],[5.945802331679999,52.00137529735069],[5.945800897899894,52.001377101825284],[5.945799553742839,52.001386096539925],[5.945795913367704,52.001444537983346],[5.945732916421057,52.001414276772486],[5.945719900346484,52.00142152923574],[5.945550646201864,52.001512216007],[5.945473994339022,52.00155482495331],[5.94545807699367,52.00156298998874],[5.945400221132036,52.00159472369025],[5.945319211594746,52.00163825204461],[5.945249806700298,52.00167812996108],[5.945229531873379,52.00168721446892],[5.945054294303128,52.00176534523537],[5.945048514259913,52.00176896797696],[5.944579969939762,52.002033648138955],[5.944609708950236,52.00208294304783],[5.944582219835362,52.00209745462368],[5.944492560744029,52.00214821404567],[5.944421474601326,52.002170122770124],[5.944326012674894,52.0022227072154],[5.944233529986173,52.00228067047317],[5.943926102783107,52.002503238658655],[5.943318816666102,52.00285485817691],[5.943340849803016,52.002870034177256],[5.943026819956621,52.00303061171678],[5.942593749777592,52.005219516834934],[5.942393633904815,52.0062298501745],[5.942094326502197,52.007699055268134],[5.942010483497437,52.008103026287365],[5.941745795125176,52.00801708748022],[5.933810631032304,52.00549165306024],[5.933660016051715,52.00544201817318],[5.933747536092924,52.00533375178781],[5.933769051958268,52.005306686872586],[5.935067825904885,52.00361174023928],[5.935089235990442,52.00345704138923],[5.935278394800284,52.003205386078996],[5.9353314294498,52.003135928899844],[5.935368709126104,52.003088117084374],[5.935405988723026,52.00304030525682],[5.93545613249265,52.00297265915461],[5.935504863861489,52.002908614942065],[5.935545033641399,52.00285899193291],[5.935580856625783,52.002811186836645],[5.93561812476776,52.002762476159546],[5.935666833677204,52.00269663431648],[5.935715575447211,52.00263348879602],[5.935752843295625,52.00258477807536],[5.93578865483755,52.00253607413348],[5.935840220680634,52.00246572473015]]]]}},{"type":"Feature","properties":{"gezicht_uri":"https://linkeddata.cultureelerfgoed.nl/cho-kennis/id/gezicht/10134549","gezichtsnummer":"246","naam":"Arnhem - Mussenberg"},"geometry":{"type":"MultiPolygon","coordinates":[[[[5.926237133604105,51.99252049523847],[5.926171391064132,51.9925019210112],[5.926129018635614,51.992489531501725],[5.926124640126182,51.99248865273046],[5.925937625848642,51.992434680637466],[5.925908399845262,51.9924258261662],[5.925898165346265,51.99242227770774],[5.925835356486859,51.992405487523314],[5.925679046297323,51.992362160407126],[5.925676123706282,51.99236127495387],[5.92553149337167,51.992320590669905],[5.925474519165415,51.99230467242224],[5.925449682607315,51.992297595415806],[5.925439448173776,51.99229404691728],[5.925420413623451,51.992285145688165],[5.925413058610434,51.99227888751221],[5.925402716273036,51.9922663511736],[5.925401195632463,51.992260965133255],[5.925402586779877,51.992255565769334],[5.925406846549516,51.992246557947006],[5.925501845419668,51.99215534107408],[5.92557238526503,51.99208850457203],[5.925579589144658,51.992082179766555],[5.925753764761317,51.991915997096854],[5.925766727328028,51.99190425291308],[5.925805582590306,51.99186632400197],[5.925847338746758,51.991827482959735],[5.925886193874471,51.99178955402181],[5.925900590646362,51.991776005588015],[5.925925059737929,51.99175252385463],[5.925965370611221,51.9917145882221],[5.926005670613377,51.99167575379192],[5.926047415615574,51.9916360138944],[5.926053174286211,51.99163059451313],[5.926091996655463,51.99158996915554],[5.926208733516804,51.9914905625974],[5.926218816526363,51.99148152805795],[5.926260561159205,51.99144178808417],[5.926300882278699,51.99140475111946],[5.926341170902766,51.99136501778971],[5.92637861259087,51.99133069049593],[5.926418911890824,51.991291855923016],[5.926457776883853,51.9912548255784],[5.926495196765521,51.99121870067975],[5.926565744473866,51.99115276236088],[5.926574371478195,51.99114373446681],[5.926577250750294,51.99114102476324],[5.926595917344526,51.99111936716145],[5.926751375750457,51.99097124546933],[5.92676881351839,51.990968468975915],[5.926776114413597,51.99097023314988],[5.926784903616436,51.990974686995635],[5.926790791935341,51.99098005298227],[5.926860190776734,51.99106062958443],[5.92689562903977,51.99110181331319],[5.926931067368002,51.991142997031005],[5.926941420693534,51.9911564320207],[5.926965028258557,51.99118238985156],[5.927000455891604,51.99122267476415],[5.927037361096757,51.991264750551004],[5.927072788860046,51.99130503544117],[5.927091964041203,51.99132562059129],[5.927125925211833,51.991365013363946],[5.927161342308056,51.99140439944305],[5.92719677029338,51.99144468429472],[5.927232198342456,51.991484969135406],[5.927266148929113,51.9915234630828],[5.927304532160889,51.99156732966562],[5.927310442278198,51.99157449319272],[5.927407970318018,51.99169359012872],[5.927409458686616,51.99169627979271],[5.927441975373018,51.99173657794135],[5.92747595882833,51.991777768176824],[5.927508497300118,51.99181986387344],[5.927539536617293,51.99185837111502],[5.927573531089328,51.99190046010481],[5.927606058906908,51.991941656989965],[5.927623800393049,51.99196404630671],[5.92765630663073,51.99200344561059],[5.927690312159611,51.99204643334886],[5.927722829353198,51.992086731417146],[5.927753879877973,51.992126137383586],[5.927786418864381,51.99216823300051],[5.927821880535305,51.99221121400808],[5.927920921426732,51.99233479772922],[5.927922399005873,51.99233658860301],[5.927957860940722,51.992379569568165],[5.927988901032557,51.99241807668699],[5.928021429608567,51.99245927345314],[5.928061324506368,51.99250762700347],[5.928068712459861,51.99251658136309],[5.928079055599719,51.99252911746572],[5.92816185515971,51.99263390016983],[5.928203271356128,51.99268763967415],[5.928206291644979,51.992696614114166],[5.928202032395666,51.99270562203652],[5.928194828786692,51.99271194700162],[5.928186136726302,51.99271558231264],[5.92809179551084,51.99274028468028],[5.927971323713117,51.99277139894316],[5.927956797139874,51.99277416222819],[5.927926288077661,51.99277969548594],[5.927876884693639,51.99278801208877],[5.927839074377864,51.99279178121921],[5.927731434522838,51.99280036542513],[5.92772707762756,51.992801284280276],[5.927680520983663,51.992804194719554],[5.92761065891755,51.992806313385564],[5.927588820248573,51.99280641372057],[5.927555334289258,51.99280656755976],[5.927500009660245,51.992806821707944],[5.927456310656182,51.9928052247661],[5.92744610844515,51.992804372792875],[5.927364523262517,51.992800253325335],[5.927336828461187,51.99279768400765],[5.927316424047409,51.99279598003961],[5.927261001973078,51.99278814502484],[5.927221605761166,51.99278113524092],[5.927195345235774,51.99277676163878],[5.927087326415441,51.99275388783627],[5.92705228716459,51.99274595916404],[5.92697487504163,51.992725641277595],[5.926904774993301,51.99270798628863],[5.926874103534293,51.99270003752195],[5.926764542606294,51.99266997983467],[5.926662282988028,51.99264168622527],[5.926656437730927,51.99263991536772],[5.926539565127709,51.99260719450617],[5.926446062842858,51.99258065821969],[5.926340870201932,51.992550580112315],[5.926237133604105,51.99252049523847]]]]}},{"type":"Feature","properties":{"gezicht_uri":"https://linkeddata.cultureelerfgoed.nl/cho-kennis/id/gezicht/10134553","gezichtsnummer":"276","naam":"Arnhem - Spijkerkwartier-Boulevardkwartier"},"geometry":{"type":"MultiPolygon","coordinates":[[[[5.915916436565201,51.98048702202177],[5.915941862168777,51.980421292825234],[5.915964429670667,51.98036007064344],[5.916034958018662,51.980169200687754],[5.916064474168947,51.98008008338006],[5.916078986771234,51.980076422776506],[5.916093149546708,51.98004310222053],[5.916078573353706,51.98004137010755],[5.91612799982002,51.979912614536914],[5.916145871681779,51.97982354957736],[5.916147305970354,51.97982174545779],[5.916159472423342,51.97974259333242],[5.916175846260433,51.97964993976744],[5.916183752189964,51.97957979514321],[5.916189012193636,51.97953213327329],[5.916202284086046,51.97942331464032],[5.916216947772622,51.97930909673782],[5.916223472328296,51.97924525016056],[5.916229996865716,51.97918140358233],[5.91623655319485,51.97912025336264],[5.916241844900519,51.97907528784687],[5.91624933709069,51.97897009053909],[5.91625672321014,51.97885590536412],[5.916264321368265,51.97875969591749],[5.916264268349438,51.978755201984804],[5.916273067435524,51.9786374151111],[5.916268884070428,51.97852957382121],[5.916666168862069,51.978523291565956],[5.917096928876184,51.97851685713017],[5.917098288742078,51.97850876149358],[5.917139020078034,51.97850678027737],[5.917540532701673,51.97848879116873],[5.917670014457228,51.978483712977734],[5.917805307340893,51.97847770958929],[5.917934767759148,51.97847083353414],[5.9179012481642,51.97834424916303],[5.917851993833192,51.97811796516573],[5.917841348466258,51.97807936332301],[5.917833188586522,51.978004796886445],[5.917843376615718,51.97800475091349],[5.917850067234832,51.97783214450855],[5.918139516327953,51.97781555780882],[5.918264683009069,51.977814992611464],[5.918395682038569,51.97781529976959],[5.918398930462893,51.977720907473426],[5.918497547864472,51.97769080041492],[5.918501892835224,51.97768898311486],[5.918597886809431,51.97768315635673],[5.918597929410189,51.97768675150231],[5.91862993804938,51.97768570801855],[5.918632891497419,51.977689290009366],[5.918696780950164,51.977676417577584],[5.918701147215938,51.97767639784292],[5.918828968627749,51.97765424801603],[5.918949523467896,51.97763302974342],[5.918934008637268,51.97779758661993],[5.919147966887376,51.97779751778743],[5.919961493147648,51.97791158223711],[5.920038516499545,51.977779104571916],[5.92017848298061,51.97779914347228],[5.920199662743744,51.9777442185647],[5.92059183452778,51.97779816812203],[5.920877557842265,51.97783552165949],[5.920900149405535,51.97777699487764],[5.921375410087101,51.97784135071407],[5.921343037911189,51.977934077732286],[5.921347404200518,51.97793405789938],[5.921312163853606,51.978030393274025],[5.921295233875658,51.978075411900726],[5.92128679028238,51.97809971878512],[5.921265665203673,51.97815913781409],[5.921260004010384,51.97817264604414],[5.921238793236029,51.97822487477968],[5.921214799964272,51.97828790216188],[5.921206377693101,51.97831400661192],[5.921164062856083,51.978427451917725],[5.92116420197996,51.978439136135634],[5.921115348031906,51.97861463069801],[5.921073000583429,51.978725379608974],[5.921051842830669,51.978782102237155],[5.921032086987256,51.97883432432419],[5.921029250963979,51.9788406290401],[5.921003844405224,51.978907258125496],[5.920981327301817,51.97897207641997],[5.920960147921978,51.97902700145809],[5.920957322574384,51.979034204958076],[5.920937566510908,51.979086427027646],[5.920929090443397,51.97910803752557],[5.920903704979475,51.979176464159046],[5.920889556747322,51.979210684078886],[5.921235734125042,51.97919023698611],[5.921295376303217,51.97918726961739],[5.921303071144838,51.97922228921442],[5.921304858468405,51.97925014496598],[5.92131866426323,51.97930940533777],[5.92133260926636,51.97938034992345],[5.921343108069102,51.97940636843659],[5.921356731960994,51.979450349443184],[5.921367262912946,51.97947906431133],[5.921395848523212,51.979557133060304],[5.921395859230041,51.979558031846146],[5.921419853631905,51.97961724592109],[5.92143331704963,51.9796477451302],[5.921434826073182,51.979652232447066],[5.921483970791871,51.97974548795902],[5.921550099663679,51.979798218727616],[5.921658920005157,51.97989120299219],[5.921647351043221,51.97989754741124],[5.921563521490104,51.97994736425467],[5.92147680217457,51.97999899183515],[5.921551621563024,51.980048087781135],[5.921620597692657,51.980095412565475],[5.921695438825406,51.980146305990274],[5.921806957018142,51.980221301166914],[5.9219937653069,51.98026269699896],[5.922065374513928,51.98028663985475],[5.92216037912876,51.98031946458713],[5.922255373158149,51.98035139045677],[5.922350367322562,51.98038331624939],[5.922449749608631,51.98041701966201],[5.922549142774048,51.980451621775906],[5.922572527529809,51.98045960482826],[5.922671920884041,51.98049420683789],[5.922761061388648,51.980523462450535],[5.922856013330758,51.98055179269093],[5.922872056199501,51.980554416118984],[5.922956690808081,51.98057200726096],[5.923023816336396,51.980586082783326],[5.923242616398655,51.98062463436498],[5.923354852379998,51.980637605232914],[5.923455433537362,51.9806497303063],[5.923566214124443,51.98066270760954],[5.923668293923691,51.980678421003795],[5.923768853746909,51.98068874823808],[5.923812573085349,51.98069304292496],[5.924061800374736,51.980719769293096],[5.924118694781226,51.98073029556062],[5.924090348425987,51.98079424222435],[5.923996876970405,51.98101128802447],[5.924117293092393,51.98122106556855],[5.924127374222843,51.9812120311975],[5.924150544404414,51.98120203822878],[5.924162167161015,51.98120018749114],[5.924188377557966,51.981200966646355],[5.924299148951054,51.9812130444709],[5.924548433269612,51.98124426372785],[5.924531397638163,51.98128029494446],[5.924495849214356,51.981350566449464],[5.924468829322699,51.98140372112579],[5.924465972083799,51.981408228351356],[5.924438876743452,51.98145509152404],[5.924416040301983,51.981492946890896],[5.924408913327972,51.981505563129126],[5.924383327252691,51.98155691356551],[5.92436901942689,51.981577652111426],[5.924350441843616,51.98160649966735],[5.924329028501661,51.9816416520128],[5.924324747982487,51.98164886223846],[5.92431758866008,51.981658782115396],[5.92428908052448,51.98170924704094],[5.924283376736613,51.981719160268156],[5.924259127536458,51.98176061739173],[5.92424913242722,51.98177684205503],[5.92424484111776,51.981783153492486],[5.924227718924967,51.98181199438141],[5.924204882124529,51.9818498497058],[5.924215092546549,51.981851600750154],[5.92420793316767,51.9818615206202],[5.924169246635588,51.9819129308262],[5.92416636780815,51.98191564047387],[5.92413492669502,51.981964321082394],[5.924119163064304,51.981985066242665],[5.924094816714279,51.98201843426458],[5.924079042284698,51.98203828063418],[5.924061833800172,51.98205993121677],[5.924058976478777,51.98206443843212],[5.924021734406322,51.982114943158706],[5.924007404716187,51.98213388408912],[5.923981559598126,51.98216366359047],[5.923948522678801,51.98220066658447],[5.923938473566603,51.98221239729479],[5.923896821495709,51.982259326770055],[5.923883904246981,51.982274665901734],[5.923855190851707,51.98230805380071],[5.923833647709833,51.9823324206314],[5.923813560117393,51.9823567808164],[5.923770441452477,51.98240281810282],[5.923730233850784,51.98244884209198],[5.923704366859766,51.982476823961285],[5.923685713202903,51.98249937991347],[5.92363541314896,51.98255353941664],[5.923632534248248,51.982556249051115],[5.92363110017404,51.982558053260874],[5.923605243810405,51.98258693389327],[5.923693180841707,51.98263686748194],[5.92375476699428,51.98267433755286],[5.923842747390736,51.98272786616913],[5.923658260563371,51.98288150967857],[5.923791515173495,51.98294741548029],[5.924179410527557,51.983126310657866],[5.924239391450983,51.98315120412692],[5.924278929456294,51.98317079792171],[5.924360927538658,51.983210870959134],[5.924453899384701,51.98343785131444],[5.92451703981791,51.983483403394395],[5.924491118873664,51.983506891507986],[5.924491172724088,51.98351138543268],[5.924708704038109,51.983685664072695],[5.924499752352898,51.98374144777247],[5.924422841532266,51.98376157347819],[5.924414140128454,51.9837643097284],[5.924329972668733,51.98378626618895],[5.924250161220551,51.98380730386305],[5.924170338933581,51.983827442698086],[5.924086171235513,51.98384939898436],[5.92400200345486,51.983871355210454],[5.923907678508596,51.9838960542322],[5.923904778021567,51.98389696630294],[5.923813342701587,51.98391985439337],[5.923721896533264,51.98394184362778],[5.923520156047918,51.98399219967573],[5.923102203361695,51.984100167345304],[5.923007888177112,51.98412576443115],[5.922904871312825,51.98415409758001],[5.922810566638368,51.98418059329285],[5.92270465972575,51.98421073709533],[5.922605998643808,51.984238151313384],[5.922520395232712,51.98426191067719],[5.922472520229362,51.9842756110942],[5.922360790318962,51.98430578108795],[5.92199080370308,51.9844081335061],[5.921928575640766,51.984438976810544],[5.921716791407002,51.9845019590887],[5.921602191984723,51.984535736734685],[5.921487603099746,51.98457041305428],[5.921377359559935,51.984603271857104],[5.92106692144703,51.984694564857016],[5.92102051188677,51.98470915686085],[5.92102493234083,51.98471363096506],[5.921014785595197,51.98471727235643],[5.921010365141787,51.98471279825188],[5.920982889698082,51.98472820313211],[5.92095691268491,51.984747196540276],[5.920942687855871,51.984775124945074],[5.920944443091162,51.98480028432424],[5.920884483178186,51.984777186752105],[5.920736820616905,51.98472392670793],[5.920729660011768,51.98473384636382],[5.920702002651348,51.9847339718297],[5.920400578107064,51.98460410907637],[5.920276271119562,51.9845561355677],[5.92016373774849,51.98451889457847],[5.920001552512781,51.984468395928374],[5.919837922678351,51.98441880243182],[5.919694768218037,51.9843772055057],[5.919723379285052,51.98433483077213],[5.919625595404023,51.98431370149023],[5.919551144483401,51.98429606184622],[5.919478149257197,51.984278415566905],[5.919403698452849,51.98426077582939],[5.919279660127562,51.98423527089887],[5.919205230801271,51.984219428606345],[5.919120601429231,51.98420273356752],[5.918952798506131,51.98416933672526],[5.918947082567823,51.98417835090674],[5.918783700039303,51.984149428005715],[5.918786515399469,51.9841413257768],[5.918725272320807,51.98413261424743],[5.918682984432326,51.98412651352654],[5.918680126439034,51.98413102061082],[5.918658249354818,51.98412752414038],[5.918662562981205,51.984123010478605],[5.91859840868972,51.984114312039104],[5.918467114373553,51.984090636707286],[5.918462843328444,51.98409874550423],[5.918347582349016,51.984076795277666],[5.9182877631345,51.98406538058925],[5.918144770880406,51.984037263555564],[5.918129120821588,51.98406789455361],[5.918025579598368,51.984052182938484],[5.917830131755516,51.984019808107455],[5.917640464169566,51.98398381154707],[5.917551468942036,51.983967135073556],[5.917490183819187,51.98395482775747],[5.917345747416347,51.983927615100214],[5.917196933691646,51.98389952315927],[5.917046653908465,51.98387053880202],[5.916899306799642,51.98384333871157],[5.916903535630912,51.983831634827496],[5.916559223594793,51.983766671450496],[5.916556397244194,51.9837738748412],[5.916470335291832,51.983758982015935],[5.916476051675203,51.983749967953656],[5.91634912639416,51.98372627060081],[5.916267420850764,51.98371045919264],[5.916159450627241,51.98368937286194],[5.915996008065482,51.983655053366974],[5.915982960515716,51.983659606201066],[5.915898312196023,51.98364111126791],[5.915812197734323,51.98362172403051],[5.915731926995161,51.98360410813502],[5.915644357061826,51.983584727316206],[5.915578663774088,51.98356884348025],[5.915505692466682,51.98355299230248],[5.915440009863018,51.98353800717488],[5.915301345556156,51.983506271919644],[5.915215231610027,51.983486884244215],[5.915121818520917,51.98346573160466],[5.914974399846019,51.98343223759583],[5.914815304795493,51.9833960992873],[5.914810885090364,51.98339162494794],[5.91477454776408,51.9833962821315],[5.914771604821682,51.98339359883294],[5.914541005624003,51.98334250073018],[5.914535172627189,51.983341628051946],[5.914529360771425,51.98334255294565],[5.914498888161483,51.98335077908107],[5.914491599557581,51.98334991292708],[5.914471136508056,51.98334281400568],[5.914452097364776,51.983333012196354],[5.914440357396883,51.98332497532764],[5.914425653380032,51.98331245757814],[5.914413860581825,51.983299926775956],[5.914407879641483,51.98328647108514],[5.914404788777634,51.98327120477105],[5.91441235991852,51.98317229914022],[5.914418877017429,51.98310755390807],[5.914470686706826,51.98305698695289],[5.914554011985561,51.98296313464472],[5.914625797908513,51.982878322363575],[5.914663104066695,51.982832314533034],[5.914700378427463,51.98278361033194],[5.914760476802723,51.9826952550533],[5.914809088917443,51.98262043377911],[5.914864756658932,51.982526705319245],[5.914944682368092,51.98239152162551],[5.91496313938355,51.982351890115076],[5.914995951087549,51.98229511633836],[5.915022982745986,51.98224196382887],[5.915040079284345,51.982210427914644],[5.915051438168029,51.982186108420905],[5.915111016552205,51.98205371243179],[5.915153487666403,51.98195195355847],[5.915164888754459,51.981931229198025],[5.915193978800844,51.98192930092869],[5.915273722516417,51.98177883763613],[5.915335009323672,51.981668005861906],[5.915403425347979,51.98154455835888],[5.915457634974334,51.98145083614504],[5.915527410564659,51.981319292952065],[5.915588547847055,51.981195878032004],[5.915644032136166,51.98108686982159],[5.915686649433171,51.98099769375291],[5.91579738368787,51.980759903908044],[5.91581864437131,51.980711271307754],[5.915851316049992,51.98064281305981],[5.91589098969376,51.98055095363964],[5.915916436565201,51.98048702202177]]]]}},{"type":"Feature","properties":{"gezicht_uri":"https://linkeddata.cultureelerfgoed.nl/cho-kennis/id/gezicht/10134558","gezichtsnummer":"275","naam":"Arnhem - Sonsbeekpark e.o."},"geometry":{"type":"MultiPolygon","coordinates":[[[[5.909689735826482,51.987759447120766],[5.909632165630841,51.98781632931943],[5.909567452657242,51.98788492803787],[5.909541207180838,51.987881449272315],[5.909437660130618,51.987865730115246],[5.909252789791155,51.98786744969109],[5.909207786985322,51.987878435431284],[5.909187678501728,51.9879018943269],[5.909178902109989,51.98789833794768],[5.909164396876932,51.987902896486176],[5.909131364434267,51.98794169288235],[5.909089419517868,51.987965248663066],[5.909322758657754,51.98812510405321],[5.909189665669304,51.988197601431004],[5.908968345755901,51.988319925883154],[5.908953746223324,51.98831639532038],[5.908917895889688,51.98836329364634],[5.908998245721414,51.98838720567411],[5.90906835292124,51.98840666893324],[5.909062571682977,51.9884102899156],[5.908983016797249,51.988454685677425],[5.909083737204874,51.98847760843998],[5.909099792574541,51.98848113252655],[5.909068361903251,51.98853250544792],[5.909059805107552,51.98854782356841],[5.909036962545977,51.98858657471891],[5.909024122087917,51.988609102502735],[5.909005552651849,51.98863974519506],[5.908982689075036,51.98867669876246],[5.908974121761992,51.98869111809035],[5.908948430250105,51.98873527485626],[5.908939841994808,51.98874789660938],[5.908912715551343,51.98879385739733],[5.908909877198463,51.98880016181508],[5.908878435628275,51.98885063589781],[5.908841264958333,51.98890922487364],[5.908836991715707,51.98891733331838],[5.908812682526932,51.988955192094366],[5.908805529066879,51.988966009808905],[5.908796951184622,51.988979530337346],[5.908771227963655,51.98902099070495],[5.908762670973768,51.98903630880301],[5.90873837211417,51.989075066349216],[5.908725520911132,51.98909669531323],[5.90870552664112,51.989130040770014],[5.908691230065535,51.98915257497126],[5.908674095065623,51.989181413582465],[5.90865980891252,51.989204846565805],[5.908654079810857,51.989212961458136],[5.90864122852785,51.989234590412565],[5.908631215653598,51.98924991495493],[5.908611221245494,51.9892832603952],[5.908608361912322,51.9892877672332],[5.908576909209597,51.989337342446674],[5.908574039416646,51.98934095049778],[5.90854260754342,51.9893923232739],[5.908505456890973,51.98945270971229],[5.908505592761303,51.989464393930874],[5.90841539546126,51.989470186673174],[5.908401736051168,51.989547546787314],[5.908382702661443,51.98966358050295],[5.908411658875345,51.989774907395855],[5.908538419433254,51.98978333391228],[5.908524864662706,51.98986968189691],[5.908516777764091,51.989925445344774],[5.908510000343436,51.989968619335336],[5.908503202006504,51.99000999575331],[5.908542519710223,51.99001072031296],[5.908599296851425,51.99001046862949],[5.908685211384567,51.99001188539743],[5.908664586793336,51.99011624138777],[5.90866327733475,51.9901288308455],[5.908236698830597,51.99012892368927],[5.908226518480498,51.99012986761988],[5.90788289084607,51.99012689519115],[5.907925032128954,51.99024535448071],[5.908023205460137,51.99042468623958],[5.908073925796597,51.99052962500009],[5.90841585440818,51.99113751846939],[5.908609224788093,51.99148990243087],[5.908780477601917,51.99181811568192],[5.908900925016691,51.992034200027135],[5.909006573991472,51.99222967676147],[5.909074999683021,51.99235431083204],[5.9092132662519,51.9925999772419],[5.909339729972058,51.9928322134009],[5.909356101011329,51.992862701013216],[5.909436071297961,51.992978295298236],[5.909679305074493,51.993360117508175],[5.909766734894416,51.99349095857253],[5.90994904350408,51.99376698870879],[5.910146312373215,51.99407710765803],[5.910191217999997,51.99418207132991],[5.910205601057283,51.99429166486329],[5.910206188336248,51.99434199683502],[5.910200867855991,51.99438516442011],[5.910184067415068,51.994442764356904],[5.910159955624421,51.994497700301956],[5.910118623769902,51.99457428476073],[5.910031015101679,51.99467803986294],[5.909832637073497,51.99489733758611],[5.909544813199363,51.995188039906246],[5.909428207760691,51.99530270928607],[5.909323354420251,51.9954263146978],[5.909002077495138,51.9957207594612],[5.908854945311097,51.99584005782869],[5.908609681442854,51.99603529288939],[5.908401749541979,51.99618542044208],[5.908122982652913,51.996379904080555],[5.907714130262354,51.99665765524538],[5.907638927558093,51.99670203073713],[5.907420066747434,51.99678928668078],[5.907397786279409,51.99700240824075],[5.907421364768736,51.99702657241098],[5.907439150369235,51.99705345869087],[5.907448178802355,51.99707858603695],[5.907432876092105,51.997265610626066],[5.907370275946363,51.99726678629953],[5.907327939660328,51.99738292274178],[5.907330543070474,51.99748178266806],[5.907350682340726,51.998213342212786],[5.907354627206619,51.99830230905253],[5.907347073603682,51.99852974672863],[5.907354817359247,51.9986950974093],[5.907396091829928,51.99911466899815],[5.907403439441666,51.99924586583545],[5.906990407664253,51.999165898026476],[5.906751082728964,51.99912201375349],[5.906428551222338,51.99906051967792],[5.905981980195897,51.99897620222028],[5.905682800596654,51.998919097271404],[5.905277096995704,51.99884268648663],[5.904573663712383,51.99870826133269],[5.904413139246535,51.998678406999815],[5.904380990817886,51.998668661208576],[5.9043531277515,51.99865170592134],[5.904339846497495,51.998636484184594],[5.904335322621164,51.99862302160901],[5.904323144888878,51.998577234767836],[5.904305267216593,51.99854225895324],[5.90428011943773,51.998508213924744],[5.90424924061888,51.998482283560165],[5.904215522215467,51.99846265748466],[5.904164341023629,51.998444006977095],[5.904069549485537,51.99843183989532],[5.904060802529811,51.99843097949809],[5.904002620777729,51.99843662811491],[5.903959031088155,51.99844490909291],[5.903902481558391,51.99846583061512],[5.90386629665659,51.99848486500315],[5.903837412949541,51.99850566497504],[5.903821571967058,51.99852101467299],[5.903799999806183,51.99854447901649],[5.90378269233492,51.99855893631851],[5.903769680645978,51.99856708293714],[5.903747932333476,51.99857526791934],[5.903729023709773,51.99857714861199],[5.90369553333594,51.998577295666344],[5.903339985367593,51.99855638549793],[5.901745698345583,51.9984492185704],[5.901436768068797,51.99842989639199],[5.90118290179507,51.99838696321679],[5.901189612640083,51.99846423333812],[5.901190400891456,51.998786910122696],[5.901182104714399,51.99895233121919],[5.901156211337412,51.99910704322978],[5.901122800103612,51.99924111497092],[5.901067989862424,51.999413929897344],[5.900892741907232,52.00000522700037],[5.900804012159379,52.000268072944934],[5.900754440967675,52.000262896384974],[5.900638440060387,52.00068765072138],[5.901083040679662,52.00098052572337],[5.900990762668769,52.001442028776644],[5.900918904104135,52.001779403972265],[5.900888722002504,52.001941325222965],[5.9007892001103,52.00240645499336],[5.900753896516112,52.002502783948245],[5.900708296137783,52.00259016953631],[5.900698246685286,52.00260279702551],[5.900561706254574,52.00276068822838],[5.90037173667747,52.0029583608745],[5.900000653480316,52.003364452571155],[5.899675557839958,52.00371731175996],[5.898694466323733,52.0047804031213],[5.898521996742534,52.00498159190182],[5.898358202010737,52.00517734974898],[5.898329742038689,52.00523589733301],[5.898226583829887,52.00615135402548],[5.898177651231254,52.0063304336461],[5.898169066836097,52.00634395337384],[5.898156082617307,52.00635479572177],[5.898140175428888,52.006364751933354],[5.89811841205794,52.00637203708698],[5.898102433118278,52.00637570179841],[5.898092238615201,52.00637574607],[5.897899866237364,52.00636489653496],[5.897131803316683,52.00631879258068],[5.897095373962982,52.006317152818845],[5.896566113933702,52.00626641460137],[5.89634005220214,52.006238630619436],[5.896036650961971,52.006197698296454],[5.895747752577432,52.00615130952514],[5.895517200524637,52.006112757423054],[5.895064530074427,52.00600865057828],[5.894620518354147,52.00589731401577],[5.894170429251149,52.005763531238756],[5.89363994985789,52.00560402679158],[5.89321617188854,52.00547821657161],[5.893081732967102,52.005438347433554],[5.893002807176013,52.005413519577345],[5.892745570795562,52.005332831806754],[5.892536535875292,52.005264520046055],[5.891973684955342,52.00507458696265],[5.891277738237705,52.00483398829547],[5.890606626780259,52.00459957106002],[5.890090474506104,52.004416619793666],[5.889548012468834,52.00422479032867],[5.889090251023574,52.00405327011652],[5.888556464927699,52.00385510727677],[5.888129383180139,52.00369154204882],[5.887918725883806,52.003607050094224],[5.887612990487972,52.00348521141534],[5.887336452205485,52.003369539623385],[5.887267717027779,52.003343765778816],[5.88709249445549,52.00330226552117],[5.887045823965304,52.00329617202779],[5.88699621089553,52.003287394529956],[5.886948024033512,52.0032759144647],[5.886901253364287,52.00326083304715],[5.886858831456832,52.003243935481755],[5.886792969178122,52.00321455384143],[5.886703636573421,52.00316999172641],[5.886715156372619,52.00315825803151],[5.88658626471808,52.00309229189394],[5.885227350036045,52.002422133192795],[5.882645813275432,52.00114860711933],[5.883396367928322,52.00041199882191],[5.88358501522009,52.00022065108394],[5.883819739918142,51.999982369379715],[5.884004064977654,51.9997955333425],[5.884244549972252,51.99955183345733],[5.884361709938213,51.99934910168744],[5.88451176131774,51.99909230096121],[5.884607855204592,51.99895976670114],[5.884921699374169,51.99902854789219],[5.885031634245645,51.99883123897583],[5.885174409515753,51.99857536699207],[5.885284342169727,51.998378057829385],[5.885427124553602,51.99812308431325],[5.885535598906922,51.997925781072965],[5.885684062785573,51.99765819953097],[5.885682606708916,51.997658205701484],[5.885853129845068,51.99741030470507],[5.886529060757138,51.99665152125893],[5.886736760606499,51.99673512941256],[5.886782632775726,51.99667021882621],[5.886822116298068,51.996685331237565],[5.886910978136416,51.99655821871359],[5.886985499596541,51.996450941314144],[5.887090624982575,51.99647656067166],[5.887273151192221,51.99652252399526],[5.887303808250957,51.996529584298145],[5.887305274319398,51.9965304768951],[5.88795303121686,51.99664187251762],[5.887957379262918,51.996640056346955],[5.887993870725411,51.996647990462456],[5.888024879276003,51.99655617776013],[5.888068610709372,51.99656048570535],[5.888242070437725,51.99657682473828],[5.888357168030212,51.99658262622399],[5.8884853197628,51.99658387781441],[5.888549365470548,51.996581807195156],[5.888664272050812,51.99657053142027],[5.888752899441156,51.99655307577713],[5.888835672425532,51.99653294854334],[5.888918405091187,51.99650922610199],[5.888996729304718,51.99648192708767],[5.889073567193329,51.99645193787167],[5.889153236524891,51.99641474588001],[5.889160265056154,51.99639224512941],[5.889215644717607,51.99639650293984],[5.889218375580999,51.99638031233954],[5.889256010987007,51.996360377442436],[5.889310977793736,51.99632778492766],[5.88939485367354,51.996276193528864],[5.889421974425951,51.996227540898474],[5.889436695863012,51.996241859327405],[5.889449961279043,51.99625618397151],[5.88947059750663,51.99627856661348],[5.889516046734835,51.99630623627383],[5.889567279854871,51.99633028589325],[5.889618422354424,51.99634624640459],[5.889673902763398,51.996359491872276],[5.889748261261119,51.99636816250877],[5.890016403424287,51.996387689686905],[5.890224777764834,51.99640118005204],[5.890344263441013,51.99640875848879],[5.890414223769088,51.996414751026855],[5.890427338179143,51.99641559375212],[5.890864350792961,51.996431699928834],[5.891193576598607,51.99644467104434],[5.891240179866013,51.99644537018486],[5.891296965280042,51.996445126840655],[5.891360929774467,51.99643586439472],[5.891407411703908,51.99642577802406],[5.891584552434106,51.9963809758838],[5.891924949212671,51.99622222043178],[5.892020470098748,51.99617057718253],[5.892026243591248,51.99616605825162],[5.892033442739284,51.99615883671023],[5.892037699461389,51.99614893130553],[5.892028193932346,51.99608066098401],[5.892041288027308,51.9960797059554],[5.892027586536834,51.99602673376057],[5.892019850885221,51.99598631958727],[5.892010638982012,51.99594411408782],[5.892004278396794,51.995896503367554],[5.892000495811383,51.9958192201754],[5.892001627901991,51.99579045273976],[5.89200801717165,51.99571132823155],[5.892012000540668,51.99567715557523],[5.892017520897213,51.99565016696672],[5.892018936415676,51.99564656556943],[5.892039976821483,51.99557546765264],[5.892066891802562,51.995508838669444],[5.892098103843165,51.99543589942027],[5.892130792033788,51.99536475148624],[5.892150740650687,51.99532601613449],[5.892169334493415,51.99529627490132],[5.892205258513108,51.99525387563274],[5.892232628776932,51.99522769203077],[5.892264397379129,51.99520418602832],[5.892299088066473,51.995181566299806],[5.892336721094964,51.99516163041699],[5.892423634996063,51.99512170858509],[5.892454058877468,51.995108095443626],[5.89249465442091,51.99509264093748],[5.892581588315592,51.995054516563144],[5.89275544552359,51.994977368834654],[5.893124886298341,51.99481309201315],[5.893211712632635,51.99489451211901],[5.893384142600981,51.99482006608675],[5.893460944246136,51.99478737764482],[5.893468163245701,51.99478195358896],[5.893792769270269,51.994644832543806],[5.893868114340627,51.994612150106825],[5.894004315547504,51.99455313933178],[5.894186873691624,51.99447325548674],[5.894498442781141,51.99434248048349],[5.894766524533632,51.99422897009954],[5.895001311313,51.99413268063286],[5.895078130967508,51.99410178870911],[5.8946336896832,51.993684851687526],[5.894657433413904,51.99359576498498],[5.894671392489252,51.99354267373181],[5.894671382313746,51.99354177494475],[5.894877148482773,51.993583132054745],[5.894945730502535,51.99359631848662],[5.895037678938394,51.993615695812124],[5.895367862269284,51.99358640600231],[5.895367852079803,51.99358550721529],[5.895476159641613,51.99337830809617],[5.896038770164704,51.99330217139298],[5.896051904173928,51.99330481106672],[5.896182972030632,51.99305077358941],[5.896220029984778,51.992980504391596],[5.896267013877165,51.99288682261102],[5.896268459589638,51.99288591752272],[5.8964660374263,51.992591144422725],[5.896551788608019,51.99244965660444],[5.896579450813388,51.9924495368099],[5.896593999655058,51.992448574970545],[5.896618658120691,51.99244037869423],[5.896640374123433,51.99242949866359],[5.896662049255333,51.99241502348089],[5.896685108768454,51.99239425047862],[5.896755773732199,51.99233462149826],[5.896855270375302,51.99224970027134],[5.896918696280612,51.99219369788307],[5.89696626049516,51.99215124667574],[5.897058487091191,51.99206725561216],[5.897107445587842,51.99201940531414],[5.897147729988664,51.99197698559096],[5.89728282454598,51.99182180080263],[5.897387590195599,51.99168831936687],[5.897496497757584,51.99153504557203],[5.897539437295331,51.99147014340384],[5.897583760947772,51.991398943392696],[5.89758801599487,51.99138903778256],[5.897590794702732,51.99137734091579],[5.897590671902201,51.99136655547124],[5.897586161025642,51.99135399140535],[5.897578758879117,51.99134323754832],[5.897566968663092,51.99133070506869],[5.897553753282902,51.99132087526624],[5.897537636403997,51.991311956883244],[5.897514260654422,51.99130486765574],[5.897477792331481,51.99129873405727],[5.897200747927876,51.991262184754426],[5.897124930385526,51.991252626336575],[5.896955784122976,51.99122998992398],[5.896938293291902,51.99122826806541],[5.896642343946836,51.991193597042894],[5.896420756412598,51.99116849049838],[5.896349327201172,51.99116071024512],[5.896164207998631,51.991141737165734],[5.896086955422134,51.99113398195269],[5.895821692625395,51.99110906324074],[5.895810025332892,51.99110731603126],[5.895559362229409,51.99108592891991],[5.895436937393853,51.991074773188245],[5.895295586428653,51.991063699090326],[5.895235835019663,51.991058564208345],[5.895130921397492,51.991050927844626],[5.895120730374698,51.99105097185433],[5.894812831387404,51.99098938289985],[5.894871717461431,51.99091812106725],[5.894904764437905,51.99087932867294],[5.894917724616521,51.99086668908922],[5.894968139947137,51.99081883338727],[5.895031209828722,51.99073137444462],[5.895132966120934,51.99058891968733],[5.895171652682404,51.99053392389425],[5.895230415360399,51.99045187642971],[5.895234711582014,51.99044556605247],[5.895240463642939,51.99043924938662],[5.895244759861935,51.99043293900903],[5.89524904589356,51.99042572984385],[5.89525334211006,51.99041941946594],[5.89525763832535,51.99041310908783],[5.895261924353019,51.99040589992218],[5.895266220565812,51.99039958954376],[5.895269050751824,51.99039238666663],[5.895271891123536,51.99038608257685],[5.895276177146346,51.99037887341063],[5.895279007329463,51.99037167053326],[5.895281847698472,51.990365366443186],[5.895287446938828,51.9903455679634],[5.895112440937102,51.99031935889835],[5.894944755038352,51.99029671329865],[5.894724608361148,51.99026979968954],[5.894684731023909,51.990219637198535],[5.894600527742179,51.990112140715965],[5.894544402617604,51.9900413751471],[5.894523726055538,51.990015398223974],[5.894421177496942,51.989959214134466],[5.894396214922884,51.98994044632414],[5.894212213978007,51.989762372199095],[5.89430208839311,51.98972782913851],[5.894032073858818,51.98953933957506],[5.894058126035743,51.9895257448338],[5.893936318394577,51.989439981879556],[5.893904473472091,51.98945629804497],[5.893829648246719,51.98940538698924],[5.893779714075535,51.989366952319976],[5.893676903920127,51.98928739909181],[5.893281974915518,51.98899518120929],[5.893208586669383,51.98894246591331],[5.893145449991326,51.98889509946108],[5.893092615538652,51.98885757580868],[5.893057443328175,51.98883705396647],[5.893047181814892,51.98883080628073],[5.893012029927898,51.98881208200062],[5.892985693917785,51.988800510450325],[5.892934579118176,51.988786348951166],[5.892917069115008,51.988782828916925],[5.892880593329945,51.98877579509987],[5.892852902964886,51.98877321765808],[5.892812120658678,51.98877159532386],[5.892801930150893,51.98877163913207],[5.892784460708924,51.9887717142298],[5.89292967437922,51.98873873197134],[5.893138780065319,51.98869109339851],[5.893217169220485,51.98867098186822],[5.893471200522514,51.98860517277362],[5.893556878432657,51.98858592847215],[5.893897950704643,51.98849277873349],[5.893905209275204,51.98849094979857],[5.894012581181794,51.98845902805534],[5.89409529621537,51.98843530196927],[5.894185249378723,51.98840794929729],[5.894273736492292,51.98837970404519],[5.894368036417947,51.988350534828484],[5.894460870279085,51.988320473027166],[5.894546455675484,51.988293138915324],[5.89464653762743,51.98826034920489],[5.894752401805826,51.988223939128964],[5.894842313433743,51.98819299080372],[5.894940908640717,51.98815751076313],[5.89494236440722,51.98815750447843],[5.895058357369175,51.98811565740728],[5.895148227834516,51.9880811136973],[5.895226502983502,51.98805111416371],[5.895316363002912,51.98801567153755],[5.895385923736278,51.98798750720908],[5.895407658263578,51.98797842497684],[5.895454018432676,51.98795845034279],[5.8954859024889,51.9879457289075],[5.895585891247254,51.98790484930863],[5.895593129268915,51.987901222694234],[5.895698889884904,51.98785582388956],[5.895861118804668,51.98778321582562],[5.895890060518419,51.98776781050974],[5.895981252796821,51.98772157562674],[5.896065247747532,51.98768256246776],[5.896098556577274,51.987667138204685],[5.89618688795874,51.98762540969867],[5.896260743344166,51.98759093443867],[5.896330241582738,51.98755737682563],[5.896409889102625,51.987520179901324],[5.896560479921863,51.98744852008244],[5.896705277939555,51.98737958165979],[5.896797944759259,51.98733513741217],[5.896845708295841,51.987310661983614],[5.896878996144815,51.98729343992414],[5.896958581423377,51.98725084990218],[5.89705841396585,51.98719648723671],[5.897081572839406,51.98718470202131],[5.897151028940385,51.98714754877244],[5.897220444027497,51.987106800331965],[5.897331819504244,51.98704339905432],[5.89735640327419,51.98702891110759],[5.897459023542289,51.98696375002088],[5.897474924015276,51.986953793882016],[5.897526951646738,51.986920311352065],[5.897587641925284,51.98688049938163],[5.897645441115817,51.98684249759135],[5.897785581738939,51.98674841073816],[5.897787027223243,51.9867475056307],[5.897804352557808,51.98673484676444],[5.897941509404854,51.98663448085157],[5.898012245569561,51.98658204138196],[5.89805121191007,51.98655221067292],[5.8981536559437,51.98647176958884],[5.898189679942255,51.986439255119556],[5.898524011481562,51.98639555691835],[5.898582188568472,51.986390809807894],[5.898715990694032,51.98637944195094],[5.89891818023719,51.98636507990912],[5.899019997683166,51.98635744619664],[5.899107268285849,51.98635077454622],[5.899187260328045,51.98634413451706],[5.899255627223792,51.98633934271318],[5.899328361224365,51.986334531852954],[5.899348730848544,51.98633354431906],[5.899497099936971,51.98632301096918],[5.899657104327765,51.986311527901584],[5.899667294267772,51.986311483500366],[5.899773499129895,51.98630562768164],[5.899793868730882,51.98630464007068],[5.899882656485741,51.98630335422533],[5.900122016421557,51.98597513560362],[5.900137689730575,51.98594540578048],[5.900167775979056,51.98590302943875],[5.900205006932044,51.985848937103654],[5.900210716567826,51.98583902504243],[5.90023080826183,51.98581377009431],[5.900283866487401,51.985743429707576],[5.900289586378171,51.985734416429906],[5.900486711195554,51.9857865873711],[5.900604992480947,51.985818429049274],[5.900610835823586,51.98582020120528],[5.900621056528086,51.98582285308383],[5.90071743058297,51.98584849845776],[5.900702008975193,51.985773063874454],[5.90068810486789,51.98570301565717],[5.900684997916059,51.98568595140725],[5.900841219589312,51.98572571668205],[5.901009117941584,51.9857681272341],[5.90099070210209,51.985685515108514],[5.901060781013332,51.985703185582274],[5.901176109896468,51.985731444257404],[5.901335222923727,51.98576939857688],[5.901460762588735,51.98579941000054],[5.9015644464529,51.9858277192155],[5.901612628584031,51.985840092131895],[5.901630148428048,51.98584450966139],[5.901670876812793,51.98584163500623],[5.901766869834519,51.98583402438943],[5.901771216272991,51.98583220770759],[5.901824880779062,51.9858148950798],[5.90190466509345,51.98579027745851],[5.901908505928199,51.98574442019463],[5.902014224091737,51.98569631935212],[5.902072152180518,51.985669999622296],[5.902174968950685,51.985622810168216],[5.902285074236804,51.98557648753451],[5.902387931879352,51.985532893043356],[5.902396624647184,51.98552925963363],[5.902492193351028,51.98548479814797],[5.902583415497904,51.985442153296674],[5.90263698622836,51.985416751213236],[5.902673223129446,51.98540310990383],[5.902687717883703,51.98539765337699],[5.902719598063134,51.98538492998176],[5.902758725592268,51.985369478309885],[5.90279498308981,51.98535763453749],[5.902905490268648,51.98534636402533],[5.902968032544423,51.98534159559834],[5.903017463405325,51.98533598581216],[5.903082927342689,51.985332103342266],[5.903136745883339,51.98532827192443],[5.903161471640542,51.985326365785674],[5.903161419924476,51.98532187184969],[5.903279339777174,51.98532225328848],[5.903400181325313,51.98532352061775],[5.90351664551059,51.98532390820789],[5.903627287005722,51.98532432125108],[5.903697169660227,51.98532491319894],[5.90369515910466,51.98540312046537],[5.90369402440041,51.98543098925919],[5.903690344942018,51.98561706376306],[5.903732507958542,51.985612384427455],[5.903773246350785,51.985610407831956],[5.903803815676836,51.9856102735567],[5.903832939677256,51.98561104445522],[5.903837317080718,51.98561192405838],[5.903916027504945,51.98562056659107],[5.903918938869944,51.985620553799755],[5.903969980992709,51.98562841902376],[5.904054607454048,51.98564512496182],[5.904145077439488,51.98566360281921],[5.904222508526801,51.98568753092469],[5.904254689066746,51.98570087193822],[5.904281026152393,51.98571244096961],[5.90430301692668,51.98572582677047],[5.904320661388403,51.98574102934323],[5.904333980268982,51.98575984626386],[5.904849283039955,51.985756680459815],[5.904863653113192,51.985740438221946],[5.904915403972034,51.98568358396731],[5.904978623704633,51.98561139904167],[5.905034679024748,51.98554913278575],[5.905136692912722,51.98543273415083],[5.905385273502604,51.985150304509574],[5.905475785723803,51.98504653990382],[5.905512250044823,51.98505267103413],[5.905615768448475,51.98506659608914],[5.905849152976959,51.98510691339369],[5.906092665179264,51.98514179255579],[5.906238481548199,51.98516272109564],[5.906646766019381,51.98522114028705],[5.906748881566708,51.98523956470706],[5.907043385340666,51.985277811961154],[5.907283935918451,51.98530820758892],[5.907657182565003,51.985357789891665],[5.907708204169673,51.98536385592027],[5.90817611239278,51.98541661291774],[5.908591533731841,51.98546241009695],[5.908964678497495,51.985503000381286],[5.909206624463912,51.985527992896195],[5.909248881001487,51.985531400662744],[5.909576838021958,51.98556679658627],[5.909875650507614,51.98559962462665],[5.910419322123373,51.98565742897973],[5.91049366683175,51.98566608653797],[5.910559256487433,51.985672985343946],[5.910575289983733,51.98567471165922],[5.910595648561256,51.98567282339237],[5.910623222594349,51.98566551001127],[5.910643455246601,51.98565283630061],[5.910659352322493,51.985642878382635],[5.91067249543546,51.985646415215385],[5.910789243892718,51.985671062834406],[5.91085616678627,51.985792107330184],[5.910821254674278,51.985918998223184],[5.910810175967552,51.985967584528055],[5.91088765311345,51.985995103385],[5.910965119854496,51.98602172340443],[5.910951129887129,51.98607032268739],[5.911045855126328,51.986078889135506],[5.910985923420633,51.98618252185438],[5.910953072311073,51.986236598132884],[5.910925298498758,51.98622683465357],[5.910971338725343,51.98630482808802],[5.910972909929309,51.9863147082529],[5.910820876423486,51.986260556428306],[5.910778493127573,51.98624636379347],[5.91072963948017,51.98630141008096],[5.910690167580101,51.98628720445443],[5.910608241789914,51.986377452376644],[5.910648070525038,51.98642221676102],[5.910615029960449,51.98646011479268],[5.910531781802633,51.98643711560023],[5.910454180593791,51.98652374883656],[5.910528715587476,51.98654858452114],[5.910479861305231,51.98660363070338],[5.910560250777524,51.986631136818325],[5.910634775515012,51.98665507364888],[5.91061321260938,51.98667853926935],[5.910555739395723,51.98674351100082],[5.910638841226098,51.98675392716843],[5.910624703774276,51.986789943402194],[5.910609110579479,51.9868259661126],[5.910525977148633,51.98681285356581],[5.910472818352234,51.98687331189265],[5.910451255257231,51.986896777482976],[5.910432561628982,51.986916634972054],[5.910389466798446,51.986966262492146],[5.910264012298246,51.98694434968957],[5.910248198559895,51.98696149784236],[5.910210863478031,51.98700570668376],[5.91016059451715,51.987064354349165],[5.910114629716705,51.98711758985871],[5.910126296522809,51.98711933565127],[5.910117687940828,51.98713015992014],[5.91009042740385,51.987164436767365],[5.910071733504483,51.98718429419873],[5.910061490969461,51.98717984557055],[5.91001702359177,51.98723666971425],[5.909853373683307,51.98718526477674],[5.909808916513302,51.987242987628264],[5.909755861000957,51.98731243349114],[5.909881233230613,51.987452094289125],[5.909845384555617,51.987498992901344],[5.909820993164687,51.987529661602125],[5.909753516065328,51.987610856368256],[5.909719070501169,51.98765325454259],[5.909714766110484,51.98765866666192],[5.909720599576128,51.98765953957804],[5.909709110722412,51.987673073109924],[5.909757359929618,51.98769083539837],[5.909689735826482,51.987759447120766]]]]}},{"type":"Feature","properties":{"gezicht_uri":"https://linkeddata.cultureelerfgoed.nl/cho-kennis/id/gezicht/10134575","gezichtsnummer":"292","naam":"Villapark Overbeek"},"geometry":{"type":"MultiPolygon","coordinates":[[[[5.97141019137271,51.99830453140104],[5.971417307761033,51.99829191236385],[5.971418740410601,51.99829010757806],[5.971451527293195,51.9982360146202],[5.971477303194367,51.998202629688734],[5.971484478131535,51.99819450453309],[5.971490232139653,51.99818908294091],[5.971547619810256,51.99812318290004],[5.971603727026182,51.99807077172196],[5.971633847496602,51.998035567500075],[5.971719852139801,51.9979308752702],[5.971734166671896,51.99791192859709],[5.971861704993287,51.997753998576385],[5.971913314220266,51.99769172241086],[5.971953427270578,51.99764118823065],[5.971970618550226,51.9976195307206],[5.972032279137116,51.99754641850774],[5.972086741354383,51.997479633901044],[5.972108242022727,51.997453460765485],[5.972128298343121,51.99742819364331],[5.972192764934427,51.997346977869995],[5.972195618380122,51.997342469502044],[5.972277322642394,51.99724319124428],[5.972313148879957,51.99719897010569],[5.97236758679011,51.99713038781248],[5.972412043480967,51.997078034189386],[5.972417785498894,51.997071713774105],[5.972486619169268,51.99699047610573],[5.972546786804039,51.9969146745321],[5.972669998305492,51.996760360465736],[5.972717284148415,51.996701700791355],[5.972734486441503,51.996680941945016],[5.972764428965117,51.996632255771296],[5.972811550150508,51.99656101317744],[5.972882707158506,51.9964348219156],[5.97291102891298,51.99637356007179],[5.973023248013495,51.99638109077508],[5.973043655762102,51.99638278681046],[5.973071343603405,51.996384446583335],[5.973100487465012,51.9963860990975],[5.973231634868476,51.99639353532193],[5.973426929423077,51.99640694358349],[5.973429853216003,51.996407827848124],[5.973630948449703,51.99641940919137],[5.973635316507448,51.996419387415],[5.973966115244328,51.996439309850636],[5.974279418482258,51.99645752100445],[5.974279430254459,51.99645841978146],[5.974371241955523,51.996464253377525],[5.974516973554283,51.99647341304252],[5.974726817263665,51.996485847670186],[5.974737346201466,51.99640040567923],[5.974749071920992,51.99629518332014],[5.974754778164176,51.99628616645976],[5.974756033890062,51.99627087997836],[5.975261117486874,51.99625667117708],[5.975263935179187,51.996249466403825],[5.975281554417549,51.99614960753696],[5.975284136255298,51.996124427224395],[5.975283994748631,51.99611364190112],[5.975283888618681,51.996105552908666],[5.975284507379493,51.996041732466466],[5.975282909866793,51.99603095442228],[5.975279844556834,51.99601928488022],[5.975275370410991,51.99601121772499],[5.975272387647993,51.996005839621404],[5.975262113067476,51.99599959913561],[5.975251850281355,51.99599425742586],[5.975151067611331,51.99597049264133],[5.975501098465655,51.99601368435821],[5.97572578357421,51.99604761503422],[5.975895010875939,51.9960719356448],[5.976172195548926,51.99611189457018],[5.976313664649863,51.99612916287343],[5.976366199121896,51.99613788811993],[5.976462508434882,51.99615358475191],[5.976609849095299,51.99617441863038],[5.976717783018533,51.99618825913418],[5.976725074895104,51.99618912142598],[5.976978870217324,51.99622200498454],[5.977159758783061,51.99624716414815],[5.977307100071672,51.99626799715227],[5.977578439466881,51.99630618442355],[5.977597415013037,51.996309684529734],[5.977623682476102,51.99631404686886],[5.97769663715296,51.996325365534275],[5.977675081088267,51.996347045806424],[5.977663669759962,51.99636507980812],[5.97765792857269,51.99637140047874],[5.977580499335718,51.996462571552364],[5.977497399570838,51.996565455896544],[5.977464491005936,51.99660966399666],[5.977420099860946,51.99666651340541],[5.977378549653762,51.996717955527345],[5.977367090775498,51.996732394393284],[5.977349890610439,51.99675315391343],[5.977325504946547,51.99678114016645],[5.977316898930458,51.99679107053546],[5.977239527436168,51.996886735264155],[5.977232365583276,51.99689575954688],[5.977252773722508,51.996897454851485],[5.97716987351818,51.997015618161775],[5.977182989689506,51.99701645121444],[5.977126002096185,51.99711201362618],[5.977096087652842,51.997162498452745],[5.977088949384743,51.99717332027961],[5.977073275936817,51.99719946511624],[5.977040898742625,51.99728411804009],[5.977000151769229,51.9973966768303],[5.977000187250419,51.99739937315995],[5.976953793247657,51.99752544278236],[5.977194101381771,51.99752873193176],[5.977354302878276,51.997530624833246],[5.977546537587947,51.99753235676115],[5.977585862899794,51.99753305823495],[5.977702382787775,51.99753516988676],[5.977710893698068,51.997407492467254],[5.977834693517658,51.99740956744192],[5.977834764580443,51.997414960100535],[5.977949839967582,51.99741797759501],[5.977947035494654,51.997536638017785],[5.978048983012749,51.99753792367122],[5.978360637964385,51.99754085205589],[5.978395656528318,51.99765662589965],[5.978415415174465,51.99771944510954],[5.978429148077068,51.99776701439113],[5.978450848991487,51.997866676103826],[5.97845378483467,51.99786845901942],[5.9784640840008,51.99787649677605],[5.978474395027405,51.99788543330809],[5.978523453110046,51.9979615877626],[5.978565088702144,51.99802699348019],[5.978375965512234,51.99804052778142],[5.978224676358694,51.99805207402473],[5.978134494737436,51.998059717772584],[5.978031220286608,51.998068326048],[5.978029764214742,51.99806833336129],[5.977859569625902,51.99808177175899],[5.977827559722072,51.998083730152885],[5.977798461960372,51.99808567391731],[5.97773446582288,51.998091388215805],[5.977643064768396,51.99811701442402],[5.977573031172799,51.998106579894],[5.977381906859452,51.998078776192344],[5.977365854559755,51.99807616021979],[5.977234535918096,51.9980561457437],[5.977203472514044,51.99813000608168],[5.977193599437931,51.99815432416595],[5.977179488264459,51.99818855069815],[5.977159706558358,51.99823449053216],[5.977131507748221,51.998304741138924],[5.977130075328446,51.99830654599388],[5.977115964058998,51.998340772517906],[5.977104705784679,51.99837049055448],[5.977076613264209,51.99844883013447],[5.977050356430714,51.998445366452806],[5.977005123196354,51.99843840256899],[5.976974153767169,51.998519453054485],[5.976975621680868,51.99852034453063],[5.976964304135148,51.99854556867123],[5.976960101445534,51.998558173441026],[5.976958645357532,51.998558180741064],[5.976934719692062,51.99862121918679],[5.976899594591396,51.998718469524874],[5.976897462885341,51.998777803364526],[5.976857624712593,51.99895956786297],[5.976846590779285,51.99900636262335],[5.976835521350138,51.99905046105333],[5.976817549739684,51.999123356816796],[5.976806539372487,51.99917194912506],[5.97680089229578,51.99918545996271],[5.97680092776683,51.99918815629167],[5.9765922432856,51.99915414745978],[5.976460898192651,51.999132334575016],[5.976437966792557,51.999160313343175],[5.976370652161425,51.9992460398805],[5.976347732461691,51.99927491740718],[5.97633343126309,51.99929476341181],[5.976277611577454,51.99936874746268],[5.976231807340745,51.999429198803746],[5.976160374957697,51.999423264610535],[5.976145742931192,51.99941794485331],[5.976131760477312,51.99946205779568],[5.976083637741946,51.99945690569247],[5.976057309540358,51.99944804913215],[5.976021426171293,51.99948777751123],[5.976004295177238,51.99951392948728],[5.97615636936334,51.999561705333534],[5.976169533505997,51.99956613360323],[5.9761739491137,51.999569706837626],[5.976190084560621,51.999578614406055],[5.976374914598643,51.99968105492869],[5.97639399782241,51.99969264421211],[5.976402793651598,51.999697094334735],[5.97612622089953,51.99981622671137],[5.976123320451767,51.999817140067265],[5.975949564926761,51.99989261314653],[5.975700467505559,51.99999722563319],[5.975550745172507,52.00001774892552],[5.975365692655109,52.00012024269547],[5.97520236350801,52.00021363923636],[5.975133011052078,52.00025533229308],[5.975096300927308,52.00023214603878],[5.974941802933417,52.00011067643517],[5.974938855295692,52.000107994656084],[5.974821338957428,52.000030383054366],[5.974671517114018,51.999932259458085],[5.974594914712823,51.99986522932772],[5.974631023476201,51.9998425781376],[5.974811566745784,51.999729322020386],[5.974830319624734,51.99971574581521],[5.97488243374174,51.999692115758876],[5.974789029619769,51.99967640330596],[5.974664964485577,51.99965455205275],[5.97457448454387,51.99963972366237],[5.974448963491978,51.99961787945161],[5.974389121144679,51.99960739214767],[5.974316150176548,51.99959517266723],[5.974300097510772,51.999592556277584],[5.974269201072437,51.99956844191599],[5.974239760787971,51.999544320279746],[5.97421913965846,51.99952644647562],[5.974198506773787,51.99950767389116],[5.974183627753788,51.99948347958036],[5.974176158821925,51.999469135482606],[5.974174643848095,51.999464648865064],[5.974168701665865,51.999455690161014],[5.974164097894364,51.999437736424724],[5.974160926701481,51.999417977869406],[5.974082049254173,51.99939949586801],[5.973957973461703,51.99937674509019],[5.973895207555084,51.9993653732832],[5.973867200189507,51.99933944673692],[5.97386988888304,51.999322355456],[5.9739033856085,51.99910017605665],[5.973903373842934,51.99909927727996],[5.973719775073603,51.999090305636926],[5.973623613278503,51.99908629087278],[5.973527439742294,51.99908137725325],[5.973447295144654,51.99907728251025],[5.97344600194236,51.99897841706292],[5.973444638208879,51.99887415895328],[5.973444250251551,51.998844499318324],[5.973441371651892,51.99873575457893],[5.973441265846305,51.99872766558743],[5.973439185012029,51.99856858208588],[5.973280295005003,51.99855589128274],[5.973082031957462,51.99853890219266],[5.973039758407256,51.99853551738734],[5.973022261854638,51.9985338068507],[5.972984356577496,51.99853040027143],[5.972921662575646,51.998524420603104],[5.972918750400122,51.99852443510322],[5.972886681234259,51.998521898269004],[5.972781702004836,51.998511634873566],[5.972660694124925,51.99850055232385],[5.97265778195084,51.99850056681747],[5.972653413689712,51.99850058855787],[5.972542610215846,51.99849035393577],[5.972526569786219,51.99848863607999],[5.972485752411151,51.99848524383027],[5.972382252913938,51.99847677038743],[5.972255420881305,51.99846571639401],[5.972252508709313,51.99846573087767],[5.972100899824572,51.998453002271475],[5.972054246443251,51.99844874005447],[5.971962395792232,51.99844020832667],[5.971851592622827,51.998429973053355],[5.971810763627945,51.99842568179222],[5.971711562318756,51.99841179338734],[5.971708650150039,51.998411807857515],[5.971676581131933,51.99840927069326],[5.971364604220938,51.998382057630884],[5.971381667205692,51.99835051365967],[5.97141019137271,51.99830453140104]]]]}},{"type":"Feature","properties":{"gezicht_uri":"https://linkeddata.cultureelerfgoed.nl/cho-kennis/id/gezicht/10134580","gezichtsnummer":"217","naam":"Dieren"},"geometry":{"type":"MultiPolygon","coordinates":[[[[6.105805986169861,52.04572479935377],[6.10580011251654,52.04572213868849],[6.105940647320224,52.04557746648202],[6.105478392213794,52.04538613842656],[6.105389550844144,52.045481957411596],[6.10508611566526,52.04537684625092],[6.105150481405142,52.04530005238902],[6.104898308108012,52.04520990838564],[6.104769287630121,52.04534552077132],[6.104772260422692,52.045349098008586],[6.104680622712704,52.04527055867099],[6.104584641410918,52.04519384340981],[6.104537480496036,52.04516177256952],[6.104525776698738,52.04515914736583],[6.104255106742729,52.04500619594206],[6.10406826824815,52.04489947309562],[6.104029968543914,52.044874538808735],[6.103995984001485,52.04484598287834],[6.103978119041689,52.044822721829654],[6.10396751312479,52.044797618903175],[6.103964295768325,52.04477876286607],[6.103966908656289,52.04475987133154],[6.103976751771957,52.04473734041789],[6.103989509995659,52.04471479175408],[6.10406084778886,52.044618181567095],[6.104087965570099,52.04458206286062],[6.103994149549572,52.04454937706404],[6.103922988464647,52.044565989433394],[6.10383181430739,52.04451620947619],[6.10376270504679,52.04447887889741],[6.103743584229627,52.044468209208134],[6.103727407297166,52.04445931927654],[6.103700941198495,52.044445098929735],[6.103654706985288,52.044379765041896],[6.103648732937318,52.04437081300556],[6.103614375015578,52.04431888941434],[6.103608372214428,52.04430813987217],[6.10356059443252,52.044237422304306],[6.103393610662282,52.044004740062306],[6.103402964967367,52.04395165162892],[6.103409547990969,52.04390756844839],[6.103388135923411,52.04384477995585],[6.103214675379538,52.0438449362663],[6.103039403824325,52.04373184957056],[6.102877394564056,52.04362767038419],[6.102827307109586,52.043594717815495],[6.102618141095483,52.043458466710064],[6.102578342824518,52.043430844543025],[6.102557693404059,52.043415689754625],[6.102522282119364,52.04338893974984],[6.102262514515285,52.04318738020368],[6.102045562249234,52.04301971600369],[6.101995375625112,52.042980471809855],[6.101991154615766,52.04289870305263],[6.101772345551173,52.04270588212241],[6.101749384313217,52.04272849248191],[6.101747926818352,52.04272850132869],[6.101654282848935,52.0426149170896],[6.101639435391958,52.04259792924967],[6.101626031092175,52.04258003381016],[6.101611169313648,52.04256214721414],[6.101596321890601,52.042545159368586],[6.101582917623922,52.04252726392398],[6.10153381654565,52.04246464312146],[6.101523399010067,52.042451223743605],[6.101512981480744,52.04243780436475],[6.101502563957679,52.04242438498493],[6.101492146440875,52.042410965604184],[6.101481714589108,52.042396647470035],[6.101471297085038,52.042383228087346],[6.101462337070488,52.042369799860495],[6.101357947352294,52.04222212468535],[6.101397256252679,52.04221918968954],[6.101125310962402,52.04171029842402],[6.101125124623329,52.041698614640474],[6.101047394006589,52.04112023335757],[6.101122818116887,52.04100562332849],[6.101233793711406,52.040926751194746],[6.101747975932448,52.040813972778665],[6.102249411949073,52.040724639362615],[6.102258127813907,52.04072278874003],[6.102476081641573,52.040680117975725],[6.102825533891024,52.040657320789144],[6.102820902996821,52.040641169824795],[6.103000531702222,52.040571765869124],[6.103418275313298,52.04062675070696],[6.103519053427814,52.04063962010366],[6.10357889420573,52.04064464899086],[6.103797896631067,52.04066758470253],[6.103800768324442,52.04066487070155],[6.103818243062966,52.040663865483175],[6.103871016790306,52.04059163701293],[6.10417137224254,52.04068868043023],[6.104188947745673,52.04069396642251],[6.104235308467648,52.040767388913025],[6.10425965289531,52.04074027542734],[6.104261009550629,52.04073397528406],[6.104265209081793,52.04072316362408],[6.104276623770805,52.040707813813285],[6.104427018622374,52.040542409874824],[6.10465191612273,52.0402965549248],[6.104678380063889,52.04031077507084],[6.104698884714038,52.04031694197382],[6.104726690854309,52.04032396320812],[6.105089363685214,52.03994423919391],[6.105122264192406,52.03990538842159],[6.105230560268989,52.03984180908997],[6.105398061440007,52.039743712528065],[6.105612083760066,52.03954735823579],[6.105885640641273,52.039246374609846],[6.106971042208243,52.03985275196061],[6.107023999952091,52.03988298870811],[6.107034288467932,52.03988831883563],[6.107165066773013,52.039954033230565],[6.107220809477218,52.03997616329459],[6.107248644710052,52.03998498143702],[6.107299783967509,52.039992758178],[6.107339206174494,52.03999701121655],[6.107368455473161,52.040003124159256],[6.107393332565096,52.04000926384427],[6.107462119799539,52.04002681978529],[6.10757777548095,52.04005847032294],[6.10763641886896,52.04007968359986],[6.10770242167701,52.04010534600478],[6.107752248402915,52.04012211898652],[6.107794802588014,52.040139835306334],[6.107827010263083,52.04014862654694],[6.107859174545906,52.04015472152355],[6.107894239187851,52.04015989989425],[6.107929390656054,52.040170470764735],[6.107979217539094,52.04018724364993],[6.1080247301127,52.04020763829377],[6.108077631095818,52.04023427955694],[6.108105611389791,52.040252085012554],[6.108123317445526,52.04026545918236],[6.108142509873368,52.040280621926996],[6.108166248250376,52.04030654291012],[6.108184012245291,52.0403235120772],[6.108201848629895,52.040344974999776],[6.10823449080918,52.040380728677285],[6.10830430683245,52.04046209548874],[6.108356402390752,52.0405291893745],[6.108420302292768,52.040605199318655],[6.108452843474074,52.04063466167263],[6.108489771457183,52.04066499597872],[6.1085353861236,52.040691681683114],[6.108561837045288,52.04070500220117],[6.10860437762087,52.04072181947371],[6.108723370849911,52.04077951480867],[6.108760110809454,52.04079816525935],[6.108792435045252,52.04081414624562],[6.108855568199973,52.04084252212013],[6.108865842665308,52.04084695333453],[6.108962801169829,52.040893997427254],[6.109211006326356,52.04101022342344],[6.109288844877536,52.041046598434754],[6.109363841170807,52.04108748503287],[6.109480037475976,52.0411523874889],[6.109526661103335,52.04115120257194],[6.109684079287621,52.041151135377845],[6.11033871725172,52.04116239606377],[6.110956948542352,52.04117567463398],[6.110813419101326,52.042034949532415],[6.1109158046248,52.04295832789802],[6.111074352760248,52.043568564385694],[6.111309849531916,52.044159451700615],[6.111604283351212,52.04469874199165],[6.112041477071694,52.04532164359685],[6.112672060910832,52.04609345826258],[6.112901136301408,52.046376079813896],[6.113133844027952,52.04661283768921],[6.113589835521267,52.04704416474002],[6.114162011714513,52.047537691459134],[6.114761691612237,52.04801846169163],[6.11571473847231,52.04871276437061],[6.116462132652456,52.049220475903965],[6.117323964304258,52.04977151625316],[6.117546382724865,52.04991125457335],[6.11662469006709,52.05007067012212],[6.11657224108026,52.05007279273702],[6.115995000387843,52.0501671501569],[6.115269389784896,52.05028219681277],[6.114799914128312,52.05036959000852],[6.114468557099586,52.05043365723978],[6.114397346778485,52.05044757968645],[6.114374095909248,52.05045221749125],[6.114185348488366,52.05050012275841],[6.114179488310658,52.050498361264445],[6.113736641644475,52.050609854434036],[6.113613272796439,52.0506438727238],[6.113467163162744,52.05071398473797],[6.113436637882861,52.050719566068594],[6.113247159618564,52.050812416293994],[6.11304754914554,52.05090982287194],[6.112992985324906,52.05087150915862],[6.112208429461838,52.05040894659578],[6.112226986982455,52.05038456365779],[6.112247002223517,52.05036017173967],[6.112264203890295,52.05034208902012],[6.112288635994299,52.05032036641138],[6.112292950965861,52.050316744479794],[6.112300137729672,52.050310408343606],[6.112314511251196,52.050297736069936],[6.112337558381101,52.050280516177],[6.112359162318751,52.050264204007696],[6.112390883017943,52.05024243648461],[6.11240677248364,52.05023335021906],[6.112428449194632,52.050221531785006],[6.112440009131514,52.05021516870194],[6.112467487636616,52.050201516843124],[6.112480490732652,52.050194246026564],[6.112505082874735,52.05018240961827],[6.112545608115569,52.050164183169265],[6.112659953253638,52.05011314364861],[6.112774254417287,52.05005940776835],[6.112850887517215,52.05002028537666],[6.112871091705604,52.05000757709628],[6.11290132509839,52.04998402092137],[6.112963045466966,52.04992431706858],[6.112984546977796,52.04990171353759],[6.113008905613348,52.049875497031266],[6.113054663623204,52.04982038572909],[6.113058963907903,52.04981586501984],[6.113055071825772,52.04975566677412],[6.11304457625209,52.049737754692515],[6.11302209825912,52.049700142013926],[6.112961442724011,52.04964568673042],[6.113215274509026,52.04947603875035],[6.113175726770208,52.04946459770539],[6.113162534475962,52.049460184854404],[6.113084809321015,52.04943190123046],[6.112993848278612,52.0493965084361],[6.112938105555426,52.049375279914095],[6.11284594933739,52.049356073483864],[6.112709712314408,52.049315566482925],[6.112081444795242,52.049139668507124],[6.111568529234501,52.04897474244336],[6.111562756637229,52.04897837331765],[6.111546881989898,52.04898835822047],[6.111532494123452,52.04900013165274],[6.111519578491842,52.049012794865064],[6.111508120550275,52.049025449107994],[6.111489097760333,52.04902107194039],[6.111462757400042,52.04901494210701],[6.111341303204454,52.048986926340696],[6.111290080267183,52.04897465763654],[6.11110421150808,52.04892995982939],[6.110931418754327,52.048882484831225],[6.110578473261584,52.048783085103196],[6.11041439871201,52.0487337581041],[6.11028545420636,52.04869320351484],[6.110182864421786,52.04865967766048],[6.110052375558579,52.04861373926515],[6.109918884517924,52.04856242611965],[6.109811777151522,52.048519939282535],[6.109706098650372,52.0484756459012],[6.109581310967855,52.04842158244555],[6.109422648952704,52.04834615452182],[6.109416760237621,52.04834259528873],[6.109300255297692,52.04825971786901],[6.109275242854871,52.04824548985036],[6.109101758835504,52.0481548721352],[6.108966537198682,52.048086490581866],[6.108801872859404,52.04800031255374],[6.108701940304259,52.04795059002295],[6.108609426657834,52.04790891150143],[6.10860060825521,52.047904471340516],[6.108593247515787,52.047900022247134],[6.108584443602622,52.04789648083555],[6.108575625204918,52.04789204067276],[6.108479921281364,52.04783330365146],[6.108719473090916,52.047681729616855],[6.108772884667326,52.04764904405084],[6.108646222635129,52.04756892475899],[6.108489891909013,52.047547411662606],[6.10837064924205,52.04747533617436],[6.106845598020318,52.046556167253186],[6.106292118731734,52.04622248450885],[6.10648033554377,52.04605145407025],[6.106516255611821,52.04601887638543],[6.106513325966588,52.046017995446256],[6.106451687903355,52.04599230569741],[6.106391521951121,52.04596750576279],[6.106280008026561,52.04592234613859],[6.10625358356821,52.04591082262533],[6.106106827783671,52.045849698974926],[6.105805986169861,52.04572479935377]]]]}},{"type":"Feature","properties":{"gezicht_uri":"https://linkeddata.cultureelerfgoed.nl/cho-kennis/id/gezicht/10134581","gezichtsnummer":"279","naam":"Staverden"},"geometry":{"type":"MultiPolygon","coordinates":[[[[5.735720272589465,52.2921896683101],[5.735620694010185,52.29220164608847],[5.735491814685075,52.292215507708505],[5.735379121809068,52.29223741049325],[5.734907828790984,52.292325080943996],[5.734028138070188,52.2924840536019],[5.733644644661831,52.29255348570797],[5.732391728779953,52.29278454327384],[5.732169240567759,52.29282473923886],[5.727764906814668,52.293638325989924],[5.727625849875243,52.29366389245392],[5.727612575140487,52.293653145371074],[5.727460635276582,52.293527754184204],[5.727380973683886,52.29346147403624],[5.727417232775158,52.293411038119004],[5.72742438271462,52.293387649324416],[5.727441538408723,52.29333097696082],[5.727440058864997,52.29332918366655],[5.727431092124159,52.29330674005414],[5.727423639348889,52.293290583522534],[5.727411637832946,52.29325466698759],[5.727424685260468,52.293235755098415],[5.727429013751228,52.29322675486268],[5.727447862303874,52.29319973727192],[5.727514496094736,52.293096185994166],[5.727566444373563,52.29298908186963],[5.727613740305816,52.29284873636137],[5.727615831639254,52.292739079500386],[5.727589942800742,52.29261242647345],[5.727585380273577,52.29259086895977],[5.727404205073399,52.29266688802878],[5.727331144388637,52.292696758011694],[5.727246990909056,52.29261790781327],[5.727087493088495,52.29246197945069],[5.727044677001286,52.29242165762054],[5.727000237138193,52.29236066856424],[5.726948283105688,52.29227543410673],[5.726894829172853,52.292185710050305],[5.726879896908162,52.29214980188072],[5.72685164935331,52.29209775399094],[5.726823443088407,52.292051098639945],[5.726795401763703,52.29202601346656],[5.726734949487208,52.29197945076576],[5.726620004362863,52.29189889103675],[5.726543312727326,52.29183709566805],[5.726468100757725,52.29177709355567],[5.726447367843236,52.29174929098209],[5.72642954581516,52.29171878371532],[5.726428066366052,52.2917169904078],[5.726402895163395,52.29168380790323],[5.726352731257184,52.29164081058011],[5.72626417064023,52.291560174768414],[5.726165329760176,52.291476872049024],[5.726078372631927,52.29141420704738],[5.725932396680831,52.29130048087012],[5.725886713007497,52.29126825583447],[5.725724252311154,52.29110694143916],[5.725725690622161,52.291103342208125],[5.725897505728757,52.290761314343186],[5.725907607984022,52.29074061349933],[5.726037650141074,52.290687212770955],[5.726205697012589,52.290620221199966],[5.727211001858532,52.29021378139441],[5.727354926962262,52.290059676141595],[5.727490077735344,52.289908292311004],[5.727529340867527,52.28986773422377],[5.727671811865897,52.289715430314615],[5.72781134369318,52.28956223592238],[5.728096267035372,52.28925582971858],[5.728235795959682,52.28910263481446],[5.728517789084652,52.28879713479173],[5.728654376967376,52.28864304909217],[5.728777890809113,52.28850428025381],[5.728838990650354,52.28844478424375],[5.728897131453376,52.28838170164603],[5.728934940168321,52.28834294483726],[5.72897853521405,52.28829428471832],[5.729126830970044,52.28813836702762],[5.729273660086133,52.28798245339039],[5.729420481250837,52.28782564080885],[5.729568780821115,52.28767062131081],[5.730297052270661,52.28689286300325],[5.730443873175469,52.28673694788277],[5.730881405579706,52.28627010868938],[5.731301537338927,52.28582848429926],[5.731611131508569,52.28549683164851],[5.731756491626716,52.28534271665347],[5.731903309273968,52.28518769844182],[5.731933847875245,52.28515705085973],[5.73202722185578,52.2851028516444],[5.732095786687926,52.28506220646243],[5.732158517292968,52.28502517339],[5.7323437635216,52.28491228501729],[5.732403576677205,52.2848770578934],[5.732648634428518,52.28472894188608],[5.732680721543461,52.28470907492616],[5.732768161818147,52.28464590467866],[5.732838134831145,52.28459806470921],[5.732858455918012,52.28457283944732],[5.732886020515731,52.28453680764047],[5.732898454767021,52.28443970312858],[5.732778981783243,52.28434118695848],[5.732739162232133,52.28430894738015],[5.732563712710547,52.28379625754985],[5.732340451593629,52.2831650682507],[5.73194482481428,52.28203825537949],[5.731854739770568,52.28175989661127],[5.731589528287349,52.281007492834284],[5.731333257069164,52.28027303792383],[5.731318283489765,52.280231737677134],[5.731315276250979,52.28022185986069],[5.731128011567475,52.279693023949406],[5.731120518012886,52.27967147505143],[5.731095065017817,52.27960144432824],[5.731072570562439,52.27953500010614],[5.73106508401535,52.27951434996348],[5.731006643300181,52.27934734701847],[5.730999142910582,52.279324899351735],[5.730876415601394,52.27899270791967],[5.730868957036281,52.27897565280078],[5.73083900469789,52.27889215340617],[5.730804594042905,52.27880057795144],[5.730801600912446,52.27879249763832],[5.730726766058799,52.27858959102243],[5.730723772956771,52.278581510707006],[5.730647417970501,52.278371418215166],[5.730644424897667,52.27836333789739],[5.730627980378451,52.278321143047414],[5.730566383195818,52.27812448929095],[5.729968859849057,52.27645629113448],[5.729859466733326,52.27614113663231],[5.729832538692993,52.276069312316864],[5.729766614907187,52.27588075964555],[5.730963404948941,52.275651689125496],[5.732901724817561,52.275252366760554],[5.734905921233382,52.27485012227657],[5.735005923082059,52.274522671698385],[5.735220285220415,52.273830877901254],[5.735316105306015,52.27353130151766],[5.735354959708169,52.27344130891343],[5.735420658461996,52.27322450904523],[5.735434950511306,52.273178629082224],[5.735483503825118,52.273017604134736],[5.735519201874974,52.27289885977879],[5.735706571373725,52.27231679575039],[5.736013827866246,52.271329925802604],[5.736115483312152,52.27102853381342],[5.73613695099477,52.270963758138116],[5.738095001547206,52.27105412736665],[5.738091773511991,52.27101638813388],[5.738031685583368,52.271013870270366],[5.737910735951139,52.27035362501566],[5.73789371323458,52.270238631512555],[5.738810741251863,52.27022691753279],[5.739043657156505,52.27022352763637],[5.739522716716479,52.270222099702046],[5.740617082000364,52.27021883043836],[5.741257271456908,52.27021421691789],[5.741635230574239,52.270211285852],[5.742966869953603,52.27020009236778],[5.743054763522196,52.27019892882872],[5.743042899541325,52.27018098893327],[5.743017641856368,52.27013702471013],[5.743272733667718,52.27015872556554],[5.743403206088951,52.27016911757094],[5.743429021762373,52.27009983351646],[5.743708615547128,52.2693404180363],[5.743787437937437,52.26912177607781],[5.744076198786449,52.26841086612559],[5.744169443491636,52.268164318042494],[5.744332960210392,52.267729711925966],[5.7445265146634,52.26720513643591],[5.745131286438518,52.265536063676],[5.745290360670707,52.265097874312445],[5.745291782085064,52.26509247730634],[5.745895394328154,52.263468342525705],[5.745813242826405,52.263453312677626],[5.745830486860221,52.26341191629676],[5.745917504278141,52.26312224387978],[5.746122833198042,52.26279086787145],[5.74621311807531,52.26254342807963],[5.746370822424939,52.26211962166912],[5.747124256126639,52.26001417455581],[5.747343700578686,52.25943918275799],[5.747542765516728,52.258880430772265],[5.747683225769282,52.25850071529576],[5.747856699204044,52.25803821067429],[5.74790816410556,52.25788256385067],[5.747921199765444,52.25786454835326],[5.747926999868708,52.257857340364524],[5.74798497892453,52.257782564174974],[5.748111051497039,52.257796559509046],[5.748345555938442,52.25781651466339],[5.749135467650439,52.257874315016096],[5.750111481940906,52.257943222551425],[5.750883454170321,52.25544851860225],[5.74972510128328,52.255283108672046],[5.749622453007184,52.25526724561357],[5.750174621088787,52.25311745406586],[5.750479520170033,52.2531524679027],[5.750566582865028,52.25287447546919],[5.75060622558336,52.25288693647121],[5.750652999589492,52.252876007100504],[5.75068472520601,52.25281569085354],[5.751167055252268,52.25287891776474],[5.75129900211597,52.25289648671694],[5.751413500656572,52.2523928139685],[5.750873710301398,52.25228662335326],[5.750893521424701,52.2522020765346],[5.75083630621196,52.25218966974175],[5.750925637644886,52.25201053637248],[5.751251269254275,52.25135881240344],[5.751546250004511,52.25072066379476],[5.751586538217985,52.250633357292294],[5.751891568221255,52.24997180827967],[5.751905968509883,52.249942103880684],[5.75216532527606,52.249426298394766],[5.75241143821856,52.24890334295305],[5.752574114906849,52.24856309866771],[5.752604333648636,52.24849829257838],[5.752643190406654,52.248415484030005],[5.752701865560927,52.248427885428],[5.753014322023661,52.24849522558699],[5.753133011394776,52.24850474447616],[5.753285564564696,52.248536627911406],[5.754627698525593,52.24881108295426],[5.756838307207709,52.24927334998622],[5.756935124270056,52.24929371895622],[5.758362527162689,52.24960291726263],[5.759261749114959,52.24978973125418],[5.760240324545631,52.25000864404943],[5.760402889538069,52.25001082674256],[5.75983372964108,52.25094286752091],[5.759814948720658,52.25097348550018],[5.759643028129001,52.25125355021948],[5.759533216772474,52.25143095728889],[5.759159019572039,52.25203971561536],[5.75900732219938,52.25228735935724],[5.758961091714849,52.25236300288778],[5.75894520088848,52.25238911769227],[5.758803601993758,52.25261875365228],[5.758702457960549,52.252782650834426],[5.758602762616969,52.25294474579645],[5.758287780643728,52.253457144864264],[5.758131740166614,52.25371199132518],[5.758082622743825,52.25379303626478],[5.757873105757933,52.25413343488962],[5.757810956818488,52.25423249631348],[5.757487296834099,52.254760199664354],[5.756902077296144,52.255712947639005],[5.756857281812578,52.255785889435934],[5.756761921858184,52.255942576445825],[5.756458502074676,52.25644145230688],[5.756110262649367,52.257011471325804],[5.755762036661641,52.25758418555012],[5.755668126164086,52.25773996830025],[5.755197084328954,52.25851708791432],[5.754600323973561,52.259503114581655],[5.754477364463771,52.25968954533439],[5.753766276414465,52.26084759070052],[5.753595774058117,52.26113123667497],[5.753260525578275,52.26168682579804],[5.752773487221931,52.26248825173178],[5.752143328221359,52.263522902700934],[5.751977192329286,52.26380563387893],[5.751786476805378,52.26412798714104],[5.75145981758312,52.26466466978849],[5.750917652647025,52.26553995768621],[5.750495642037348,52.2662423071045],[5.750258542552399,52.26662771515731],[5.750047433212341,52.26696720494428],[5.74998091291805,52.2670734656263],[5.74957894986103,52.26772272176329],[5.749257899870372,52.26823511351538],[5.749227443357601,52.26827295572858],[5.749365865999608,52.268360612065734],[5.750719188824762,52.26921658962213],[5.750862041697369,52.269307825698874],[5.751262599719153,52.269560947202905],[5.751299246565769,52.269563530594546],[5.75170822212389,52.26959192906923],[5.752937956204457,52.26966182801458],[5.753006847883468,52.269666108598244],[5.753115309207026,52.26967206413503],[5.753445073526021,52.2696881190023],[5.753572565078328,52.269692217548766],[5.753793845959848,52.26969962004731],[5.754629138074953,52.26972668456774],[5.755717950060463,52.26976194035099],[5.755785362258545,52.26976442636649],[5.75751603966382,52.2698210293316],[5.759148536334782,52.26987432102405],[5.759775737010158,52.26989391519663],[5.760071757543526,52.26990376652939],[5.76007322254423,52.26990376190493],[5.759844251568701,52.27142612320046],[5.759826260582492,52.271552009481574],[5.759814954467814,52.27160147817373],[5.75980772711424,52.27161318514147],[5.759797516912026,52.2716186100411],[5.759787284109379,52.27162133866423],[5.75977427937074,52.27164295045783],[5.759736172798595,52.27164127307641],[5.759681980714134,52.27164324153472],[5.75956773629784,52.27164719684999],[5.758868888469335,52.27164760018595],[5.758278417428623,52.27164316507564],[5.758228635452904,52.2716469165779],[5.758195021615548,52.27165690875723],[5.758162962820096,52.2716776814303],[5.758113420758606,52.27171019316183],[5.758081264410103,52.271719281949785],[5.757839034580327,52.272012146441845],[5.756895931951655,52.273472926192646],[5.756875674413065,52.2735035481722],[5.756845317947425,52.273553076168625],[5.755967448960486,52.27493724737083],[5.755876298857048,52.27507684301824],[5.755537753350981,52.27559739479893],[5.755074761710193,52.2763079759985],[5.754834584227096,52.276677223997254],[5.754602785584126,52.27699701245106],[5.754652960220871,52.27703999789349],[5.755402385425281,52.27765153201222],[5.755454205545996,52.277716082730194],[5.755478103945734,52.27777083387882],[5.755493277855696,52.27783370125074],[5.755492162611747,52.27787594743788],[5.755482263220673,52.27791911978973],[5.755452028789221,52.27798392627459],[5.755381012404273,52.27807851963031],[5.755369982604482,52.27816214063958],[5.7553630135814,52.27820530384642],[5.755357487487431,52.27824576621277],[5.755350525883752,52.278289828176014],[5.75534775910498,52.27830960997981],[5.755214020618284,52.27914679169441],[5.755009249211559,52.280431787046886],[5.754820496143458,52.28170594650054],[5.754647661843988,52.282602568132],[5.753761784440026,52.28304572226116],[5.753754486920029,52.2830493400226],[5.751323021141033,52.28427111035543],[5.749054900770533,52.28541143978893],[5.747914967641208,52.285985650436366],[5.74709306849473,52.286382720930085],[5.746770426581925,52.286537394508045],[5.7466565716748,52.28659436403465],[5.746560208637128,52.2866395961209],[5.746549986100916,52.28664412110812],[5.746323638747627,52.28674547257167],[5.746125310253489,52.28686830918453],[5.746021806966326,52.28693693077454],[5.745959259390054,52.28699554135198],[5.745949145554802,52.28701354764309],[5.745908639343752,52.28707928149894],[5.747631549503486,52.28736164758879],[5.749432267491505,52.287657231772464],[5.749567284747544,52.28767928724663],[5.749662679925038,52.28769517266742],[5.749670037193501,52.28769874521399],[5.749584080565211,52.2877619234152],[5.749091704795929,52.28813103315589],[5.748182914996334,52.2888411521621],[5.748101336331726,52.28890251832919],[5.747029133470503,52.289708397848074],[5.746970856586287,52.2897517166813],[5.746861769005377,52.28985540832829],[5.746796265294597,52.28991133197188],[5.746459906639468,52.290185583838],[5.745749047207467,52.29073150404003],[5.745673288222362,52.290788356943175],[5.74499430043715,52.29129013566994],[5.744312358653577,52.29179102056587],[5.744302777640432,52.29187553467275],[5.744294611753884,52.29195375305353],[5.744292149842946,52.292012181075194],[5.744288135507276,52.292059828449624],[5.744283016611742,52.29215241806909],[5.744283088848477,52.29216140563232],[5.744283110519507,52.292164101901236],[5.74424699543198,52.29259472574837],[5.74420321138512,52.29298313015164],[5.744185297516498,52.29312519119502],[5.744183903967096,52.29313418318483],[5.744177044537897,52.29319262447563],[5.744175650984745,52.293201616465254],[5.744159152167066,52.2933373817779],[5.744143433131756,52.2935702127432],[5.744127757259989,52.293808436232545],[5.744013668125164,52.2951165024059],[5.743977410400091,52.29571250141552],[5.743973546984049,52.29577902261638],[5.743940790146585,52.29644601438224],[5.743897042143907,52.29702226272244],[5.743873210616491,52.29734050180773],[5.743870531377055,52.297371967097696],[5.743837735797436,52.29803446485727],[5.743837800740644,52.298042553655364],[5.743837836820218,52.29804704743206],[5.743849816829893,52.298078468475964],[5.744016701272442,52.29841410733183],[5.744021164077553,52.29842218285029],[5.744036061766364,52.298451797509635],[5.744088229107703,52.298558594444366],[5.744534052224357,52.29949017772227],[5.744769504103726,52.29996491850896],[5.745702181221227,52.30181626918138],[5.746454693661345,52.3033167382698],[5.746494860131928,52.303388518270786],[5.746503794918682,52.30340556785743],[5.74666297428172,52.303689995897486],[5.74673891761597,52.303834467866366],[5.74702962443189,52.30442767420223],[5.747274028209753,52.3049149652733],[5.747314292194562,52.3049984287715],[5.747472293362677,52.305317012736744],[5.747649751056724,52.30568407104183],[5.748552652885334,52.307630758726184],[5.748585784532278,52.307918265632814],[5.74857718447335,52.30794255886955],[5.748434979533785,52.307945689904514],[5.747932148436945,52.307958909726565],[5.747511427456709,52.307971877125496],[5.747273901023305,52.307973499761786],[5.747152201641856,52.30797387045524],[5.746395641742886,52.30797976721117],[5.745620013020585,52.30798481817834],[5.744822303377698,52.30797914556567],[5.744740192923593,52.30797939398347],[5.744061308156137,52.30798054692826],[5.743271030946259,52.307987424265086],[5.74255111233006,52.307991388478015],[5.742486604133317,52.30799248118283],[5.741818004420859,52.30799628665612],[5.741040908559728,52.30800131198699],[5.740234494464005,52.308007318561614],[5.739567346301834,52.30800930942186],[5.739227159776157,52.30800852558499],[5.738476484487029,52.30801705046734],[5.738208208599786,52.308024138928694],[5.738032307049177,52.30803095261964],[5.737840361734128,52.30804859894866],[5.737680702401422,52.30806974433128],[5.737071176408614,52.30812727427745],[5.736447106335621,52.30820012323115],[5.736434001825066,52.308211846028804],[5.73613256965054,52.3081048833125],[5.736154589092862,52.30792146818863],[5.736067395012945,52.307834544409275],[5.735925738228148,52.30772081801786],[5.735516146626127,52.30747036878784],[5.735150919903063,52.30726742261816],[5.735000702170002,52.307183379898476],[5.734726266629701,52.306964886027494],[5.734572851122968,52.30684669870811],[5.734372587714295,52.306737636563],[5.734115051634083,52.306617058125056],[5.733923770095443,52.30653133701104],[5.733819037709705,52.30645075444184],[5.733702393723847,52.30634683854561],[5.733367365193185,52.306065604870085],[5.733174012114144,52.30590169515767],[5.733186514624273,52.305812679800965],[5.733186472611701,52.305807287271975],[5.733192001257502,52.3057641298709],[5.733236251049846,52.305421566905295],[5.733448637101615,52.30370158722984],[5.733699160148164,52.301798144449805],[5.734139991367464,52.298172984771774],[5.734174777980808,52.29774686246911],[5.73418310313195,52.297686619981064],[5.734187262188797,52.29765604935851],[5.73420248861221,52.297540961219056],[5.73426103923917,52.2973421595975],[5.734261025194989,52.29734036208505],[5.734263893812519,52.297332264668576],[5.73442097769945,52.296798828518575],[5.73453653135691,52.29639134295865],[5.734546532472839,52.29635805881229],[5.734683502322313,52.2958777091715],[5.734751972077858,52.2956357367631],[5.734944599525081,52.29496288469846],[5.735014644871724,52.294735287890155],[5.735018943822629,52.29472269235396],[5.735087522598329,52.29449509980725],[5.735185650593936,52.29411013414562],[5.735190823858875,52.29402203872177],[5.735404804467466,52.293270030358336],[5.735567349920872,52.292688940901634],[5.735546801164315,52.292685406371014],[5.735579773504607,52.29259093750452],[5.735609905836991,52.29250816111124],[5.735637120662989,52.292427190867464],[5.735691599368333,52.292271541656305],[5.735720272589465,52.2921896683101]]]]}},{"type":"Feature","properties":{"gezicht_uri":"https://linkeddata.cultureelerfgoed.nl/cho-kennis/id/gezicht/10134587","gezichtsnummer":"234","naam":"Laag-Soeren"},"geometry":{"type":"MultiPolygon","coordinates":[[[[6.079085713161745,52.06741018379336],[6.079167086243006,52.06739083017437],[6.079297832972761,52.067357703833274],[6.079398205518016,52.0673409348966],[6.079476884288183,52.067335978245225],[6.079541160864143,52.067342791056156],[6.079545619236928,52.06734815785037],[6.079582508061428,52.067375804833894],[6.07960184163253,52.06739995968636],[6.0796347312663,52.06745189868875],[6.079648370803758,52.06748507535432],[6.07966652442046,52.06752721381686],[6.079689303452148,52.06758550409259],[6.079720345402962,52.06761228657962],[6.08108328909814,52.06888330495834],[6.081175031640098,52.06896815361971],[6.081510970339958,52.068811574093544],[6.082150715324811,52.06849590524211],[6.082509603186481,52.06831491887682],[6.082755549217746,52.06818673090002],[6.082836530741592,52.06814220969958],[6.083140066689533,52.067966042496636],[6.083459305965369,52.0677682096308],[6.083689708646316,52.067672469603785],[6.083962583291681,52.06758816269199],[6.084065661174866,52.06755789125008],[6.084300856584028,52.06748908669016],[6.084595715598961,52.06741183884075],[6.084865824535782,52.06733743337821],[6.084997912995654,52.06729710206634],[6.085082017603465,52.06726604331425],[6.085189118267278,52.06721327617638],[6.085375723491698,52.067115095888916],[6.085443645985111,52.06707514446335],[6.085541841678656,52.06701254261613],[6.086257933939023,52.06654629297048],[6.086900216444382,52.066117329676736],[6.087799788212256,52.065542119959105],[6.087864499854163,52.06557678952422],[6.087978574642147,52.065504203938595],[6.088168279053232,52.06560464326664],[6.088259352154576,52.065646346380845],[6.088376800644576,52.06569598190144],[6.088469191477476,52.06572868865723],[6.088543970735143,52.06575430954787],[6.088624611259834,52.065781693150605],[6.088766738005457,52.065823990611534],[6.088826765917842,52.065838913181224],[6.088873542727965,52.06584582515949],[6.088975845900457,52.065859596920404],[6.089008012036628,52.06586479824226],[6.089064897953387,52.06586535805327],[6.089102699677987,52.065857942069115],[6.089134654282249,52.06584966208983],[6.089096846851681,52.06594965813868],[6.089075847351635,52.06600551107706],[6.089059152065778,52.06605684418278],[6.089023352490081,52.066191882805825],[6.089012645239491,52.066253067402684],[6.08899693682077,52.06636731307131],[6.088989075531681,52.06642398652861],[6.088989315237332,52.066439265296296],[6.088986990908822,52.066477030220156],[6.088985160086589,52.066546251429656],[6.088957579780117,52.06655450529899],[6.088943554988715,52.06668312228185],[6.088980632359426,52.06672245007856],[6.088980857963987,52.06673683009451],[6.089011320849424,52.066819341378974],[6.089082779332619,52.067004974352685],[6.089154266620152,52.06719240477841],[6.08923798514702,52.067415715642504],[6.089275029839182,52.06754582586938],[6.089356862914517,52.067834762830174],[6.089418539507708,52.06804741895136],[6.089383675748173,52.0681491951702],[6.089223289140135,52.06861664662611],[6.089121357573719,52.06890578015586],[6.089077130189033,52.069061542155445],[6.089030140902301,52.06922720777394],[6.088953428023298,52.06945057590246],[6.08891167916901,52.069578459180114],[6.088832259822627,52.069815325857036],[6.088713907770181,52.070173767041766],[6.088627377565616,52.07042236075399],[6.088571832083987,52.0706006607825],[6.088527558859083,52.070753726289254],[6.088509571894835,52.07081585297385],[6.088435460565468,52.07101943083951],[6.088343586614736,52.07129951531584],[6.088183552810369,52.07151169400149],[6.087997434510229,52.07173481368203],[6.087747063690093,52.0720464010072],[6.087725609205274,52.072073493645796],[6.087549737747064,52.07229924813404],[6.087704700693211,52.072321696233],[6.087801128162052,52.07233190867096],[6.088199992824046,52.07237447700686],[6.088164320049436,52.07242502403901],[6.087969410886345,52.07273897819144],[6.087818810981083,52.07299514304132],[6.087736288330469,52.073127762518475],[6.087674198172145,52.07326115924731],[6.087562650655838,52.073496418285394],[6.087547141968914,52.07353066619675],[6.087472810724842,52.07372076213232],[6.08735676366045,52.074041436919345],[6.087242356362184,52.074373786662214],[6.087218602394477,52.07444044154702],[6.087006623061457,52.07441024207004],[6.086885158566869,52.07475791353654],[6.086737188724334,52.075183041972224],[6.086705030201696,52.07517873879963],[6.086600740820165,52.07550563473537],[6.086481248803891,52.07588655082786],[6.086411734595487,52.0761053800611],[6.086408972000266,52.07611528362953],[6.086403404649086,52.076132394515966],[6.08626179403224,52.07659164014358],[6.086222835730814,52.076712315036005],[6.086210354518046,52.076753735444704],[6.086465132965441,52.07672166279734],[6.08637051462536,52.077014345344395],[6.086279947773535,52.07728633058419],[6.086169647321665,52.07760247567442],[6.086065137763305,52.07791588978021],[6.085981677943336,52.078176147737075],[6.085963586194529,52.07823198272304],[6.085911020269226,52.07832217787143],[6.085828777079502,52.0784736696746],[6.085788020342265,52.07857278304882],[6.085737347575588,52.078690830708645],[6.085664304414721,52.078871030479036],[6.085609521659941,52.07900618027443],[6.085550474811393,52.0791485459854],[6.085547627622159,52.07915305703095],[6.085529352473022,52.07919720819639],[6.085516743612793,52.079230539769945],[6.085466293950213,52.0793629672994],[6.085405815549878,52.07950713907828],[6.085499510037367,52.07962163426955],[6.08542277596833,52.07984589854569],[6.08535311018758,52.08005573954087],[6.085294440009557,52.080222371344256],[6.085227578259434,52.0804250049672],[6.085153576557789,52.080637568010516],[6.085099898337862,52.08084371875549],[6.085076530559058,52.08093553814031],[6.085075268202034,52.08094812927708],[6.085069405169222,52.08094636634818],[6.084693260064797,52.08086859816229],[6.084286566804272,52.08079640256391],[6.083212717905776,52.08060141421372],[6.082772352790882,52.08052132287136],[6.080471162816195,52.080108842767075],[6.080178555567278,52.08005483698693],[6.080175624205386,52.08005395540025],[6.080139128436422,52.080052372440825],[6.080161910757762,52.08001628511669],[6.080093142231685,52.08000320718003],[6.080150850123832,52.07996152140892],[6.080109880798519,52.0799536729315],[6.080098183238046,52.07995194407848],[6.08003015632206,52.07970426647747],[6.080023806253113,52.07967104702749],[6.0799651762399,52.079559037812835],[6.079917049790036,52.0794658422789],[6.079912645851264,52.07946407051357],[6.079517174282121,52.079549987034135],[6.079415413098039,52.079573055915695],[6.079296189120042,52.079598923814395],[6.079420294511238,52.07979413999998],[6.079345067724543,52.079835029524965],[6.07915700710996,52.07993770250248],[6.079025362775258,52.08000948353301],[6.07879099702058,52.08013669634909],[6.078611602817504,52.080233924562876],[6.078575440476627,52.08025391113567],[6.078448128771865,52.08032296958251],[6.078355548297648,52.08037384745799],[6.078219539092353,52.080446552016454],[6.078121150951624,52.08049926143967],[6.078243614425212,52.08068280363899],[6.078152075060666,52.080706710275194],[6.077178367771252,52.08094881079],[6.077088272169722,52.08097180930501],[6.07734958956837,52.081266893078975],[6.077310466698525,52.08128420010443],[6.076152342470174,52.08120469169964],[6.076148187778863,52.08121909731071],[6.075935829409898,52.081828848345076],[6.075913416543858,52.081889201122515],[6.076022210684101,52.081943393711875],[6.076192689372602,52.082024190367186],[6.075575448919485,52.08239542128178],[6.075560805631107,52.08239191152814],[6.075051873245918,52.08231219200913],[6.074671620111905,52.08225149365962],[6.074474186171798,52.08222028783005],[6.074297230778524,52.08219255754585],[6.074134891088674,52.0821665394263],[6.074064689826754,52.082155263987545],[6.073934540322324,52.08213534970512],[6.07372247815418,52.08210153140654],[6.073558680341603,52.08207552099358],[6.073504567374136,52.082066847972115],[6.073505833019413,52.08205425695585],[6.073516271887703,52.081878923973534],[6.07289460975843,52.081772886985675],[6.072889631450084,52.081923919667645],[6.072885944267063,52.08196888270859],[6.0728734238896,52.08210378032053],[6.072867921729194,52.082220660445415],[6.072875973740072,52.08227004930754],[6.072883446874468,52.082281690615545],[6.072923151262344,52.08230213261122],[6.072861994457435,52.082404955403625],[6.072806436211641,52.08239718930515],[6.072777274097343,52.082398257868455],[6.07272338136922,52.08240396450936],[6.072609981133732,52.082429791691375],[6.072488048391365,52.082470049706565],[6.072464817834602,52.082477375504176],[6.072177407909122,52.082572525627846],[6.072040955198832,52.082617361766616],[6.071545952282872,52.08278023059694],[6.071537268219127,52.08278477520482],[6.07152858415362,52.08278931981202],[6.071518468790254,52.08279567039625],[6.071509812232305,52.08280201250492],[6.071499710618999,52.08280926183893],[6.071491095322029,52.0828183002004],[6.071486801427582,52.082823718132296],[6.071481076233369,52.082830942041234],[6.071472529703774,52.082844474158314],[6.071469735879459,52.08285257986944],[6.071466955809094,52.082861584331944],[6.071465648303088,52.0828714790715],[6.071479850505527,52.08294150541135],[6.071497396807713,52.08303937609192],[6.071510030248701,52.08310222088977],[6.07154644444946,52.08328896624371],[6.071567018749323,52.08339400996794],[6.071593882477203,52.083528678575945],[6.071627159571117,52.083701060822534],[6.071647748013556,52.08380700327631],[6.071537123714329,52.08382382496195],[6.071512433456863,52.08383115904687],[6.070957849864588,52.08401055037837],[6.071039653634328,52.08411254225904],[6.070875586833663,52.084164727965664],[6.070923809517643,52.08426511715728],[6.070965963308052,52.08435026142838],[6.071057761440569,52.08434253789187],[6.071060747894807,52.0843470147096],[6.071092592189685,52.08452120305899],[6.071103780372113,52.08458495510673],[6.071122854126623,52.084687311103885],[6.07112760195574,52.0847115519756],[6.071232124269823,52.08524934483502],[6.071125735422592,52.085257153211714],[6.071143336879926,52.08535861891303],[6.071159410774022,52.085455599325165],[6.071176943636898,52.08555257126267],[6.071193045176661,52.08565134916899],[6.071213537253181,52.08575100040887],[6.071246622050345,52.08591080018761],[6.071278303181405,52.086074203428524],[6.071079132979155,52.08612120023316],[6.070022771816737,52.086693591431256],[6.068442515150856,52.087549438897476],[6.06842514454077,52.08755852765251],[6.068333969262753,52.08760759170129],[6.068306481698357,52.08762303074668],[6.068226882059974,52.08766573597073],[6.0680676823269,52.087751146257496],[6.0680097888754,52.08778204108092],[6.067853492577788,52.08786653546351],[6.067578407644597,52.08800744323814],[6.067559591379905,52.08801743904314],[6.067513314365393,52.088044671207896],[6.067393271985174,52.08811457431497],[6.06739184035287,52.08811638024158],[6.067352789679725,52.088139076466376],[6.066963388077275,52.08805503637271],[6.066172617131815,52.08786724705361],[6.06597785020005,52.087820731454634],[6.06555267490817,52.087686558350214],[6.065310758913248,52.08760975292089],[6.065027829220697,52.0875223970326],[6.064887101081614,52.08747916401187],[6.064592446887325,52.087388279209925],[6.064088101614745,52.08722848999293],[6.063598512615589,52.08707939986125],[6.063336123613022,52.08699911262764],[6.062236484591971,52.086645886998745],[6.061503410581165,52.08641099668546],[6.06053831862919,52.086076759307],[6.06024333068162,52.085962496010175],[6.060040796659856,52.08588365713986],[6.05991019618433,52.08583406854686],[6.05983535905545,52.0858057333327],[6.059233720609652,52.08557726903778],[6.058788946077466,52.08539824196003],[6.058642165582273,52.085339755913566],[6.058606936160888,52.08532557543457],[6.058498964525131,52.08532529195261],[6.058432869002581,52.0852960072062],[6.058411580915566,52.08523860339295],[6.057449408530097,52.08470658163148],[6.05732015198869,52.08464889306749],[6.056468092083104,52.08416117837993],[6.055975288171922,52.08389073296382],[6.055826896159506,52.0838214666208],[6.055322388880889,52.083548388429634],[6.054822599760592,52.08329775209738],[6.053227466881629,52.082578729846105],[6.052939453328004,52.082440140523495],[6.052392834727452,52.08217807381493],[6.05241467650082,52.082175253979315],[6.052455723279999,52.08218850461503],[6.05248942262345,52.082198201415295],[6.052540667626908,52.082210495591895],[6.052583093018353,52.08221834541712],[6.052622574084393,52.0822244142002],[6.0526955940509,52.082229394659485],[6.052769939038065,52.08222537928783],[6.052807787404622,52.082219772445676],[6.05284120585906,52.08221059530508],[6.052868789126791,52.08220145113088],[6.052899276587535,52.08219139170734],[6.052926859831507,52.08218224751952],[6.052955848325725,52.08216950006316],[6.052978974870089,52.082154988072425],[6.053009301669302,52.08213414356916],[6.053020677549954,52.08211430500926],[6.053033538978696,52.08209625571081],[6.053047685187829,52.08206651435925],[6.053064494642367,52.082019680181894],[6.053251926173343,52.081576396150744],[6.053339544760435,52.081386247539555],[6.053527466503715,52.080976216947015],[6.053593469449814,52.080804166998725],[6.053596199414511,52.08079156793174],[6.053600522075338,52.080787948155574],[6.053619392017409,52.080781549585595],[6.054017616452806,52.08077839705046],[6.054046710959273,52.0807728393595],[6.054110694718329,52.0807589946564],[6.054243011536084,52.080729482855006],[6.063325870594263,52.07918204166314],[6.064303675523712,52.07901553398602],[6.064319748295437,52.0790172392524],[6.064352644785274,52.07897390623524],[6.064648860110847,52.07859379494224],[6.064923544671267,52.078237176366045],[6.064943530020786,52.078208298765325],[6.065534136036793,52.07742561196607],[6.06598882751075,52.07681987640766],[6.067199933371421,52.07521207085852],[6.067387472694656,52.075170540513156],[6.067418020440244,52.07516497110142],[6.06743080571286,52.07514242645991],[6.067442528872826,52.075145954081194],[6.067459648790266,52.07512068790511],[6.067515356750895,52.07504306658092],[6.067194429662747,52.07494604834446],[6.066164249874764,52.07463470383098],[6.066653534435218,52.07429212368434],[6.067191161333715,52.073963643677196],[6.067579948437812,52.07372770197931],[6.067901125569243,52.073554169181136],[6.068283256167136,52.07336050871176],[6.069056436495161,52.07298481718289],[6.06959384201124,52.0728351949744],[6.070488980162201,52.072805736649926],[6.071296375759972,52.072666224776334],[6.072031035314229,52.07253971396794],[6.07262622702915,52.07235468734514],[6.072730423883436,52.07230104975335],[6.072776474814343,52.072260334215365],[6.07304928039103,52.07188303369849],[6.073262040128929,52.071585179616115],[6.073396210374254,52.07139384535144],[6.07342918901677,52.07135680104266],[6.073440691013547,52.0713459480262],[6.073459430012686,52.07133145750667],[6.073472418010269,52.071322393494334],[6.07348540600259,52.071313329480574],[6.073499866213679,52.07130515571937],[6.07350856164567,52.07130150971565],[6.073523021848708,52.07129333595159],[6.073538954270631,52.071286052439305],[6.073556345119383,52.07127876042544],[6.07357229132329,52.07127237566137],[6.073617295806341,52.07125863087299],[6.073937032893489,52.071183961425795],[6.07457798990461,52.07103640892412],[6.075776363053421,52.07090536953476],[6.075968652945362,52.070889863787414],[6.075964324376586,52.0707982080984],[6.075966812152017,52.070770329714435],[6.075849402523218,52.07053372428885],[6.077146521915948,52.070091995860885],[6.07742823159998,52.06991687027454],[6.077529585346243,52.06977426050295],[6.077573045485778,52.0697551302395],[6.077582879596052,52.06973080408245],[6.077692179487514,52.06944163768855],[6.077706363837856,52.06922673326345],[6.077577672456371,52.068920985429216],[6.077238343468975,52.06857512546941],[6.077159997657676,52.06850727312693],[6.078880093166266,52.0675057692295],[6.079085713161745,52.06741018379336]]]]}},{"type":"Feature","properties":{"gezicht_uri":"https://linkeddata.cultureelerfgoed.nl/cho-kennis/id/gezicht/10134590","gezichtsnummer":"1415","naam":"Nijmegen"},"geometry":{"type":"MultiPolygon","coordinates":[[[[5.855892317175432,51.84575846824063],[5.855903692563564,51.8457359516412],[5.855872684674304,51.84568484123053],[5.855889762471444,51.84551309331844],[5.856190900736768,51.845026512971614],[5.856272332903981,51.844903045489595],[5.856739498828356,51.845030611071124],[5.856768090452118,51.84498914971408],[5.856909643536479,51.8447863426769],[5.85698984727641,51.844684451926625],[5.85699270264436,51.84467994626131],[5.85728367861056,51.84433362380478],[5.85728511096151,51.84433182037312],[5.85728798504848,51.844329112318995],[5.857287966277649,51.84432731470056],[5.857290821593221,51.84432280902783],[5.85729079343681,51.84432011260014],[5.857292197630555,51.84431561274066],[5.857292141317588,51.844310219885216],[5.857292122546602,51.844308422266714],[5.857290643269356,51.84430573165226],[5.857290624498432,51.84430393403379],[5.857289145221428,51.84430124341934],[5.857287665944598,51.844298552804844],[5.857306286481486,51.84427510819117],[5.857347843305643,51.84422460627604],[5.85750392127995,51.84402353798734],[5.85827924746944,51.84406177496929],[5.858395336487355,51.84406130887428],[5.858427270374875,51.84406207948722],[5.858496970832586,51.84406629380184],[5.858813793629254,51.84411086210075],[5.858831235248482,51.844113488541815],[5.858922834391145,51.844130198444326],[5.858841900540516,51.84430040583837],[5.858923577672901,51.84433962679291],[5.859002343282166,51.84437796055012],[5.859022762621994,51.844387765766],[5.859059238536286,51.844406494883515],[5.859089862876632,51.844420753286585],[5.859108878239337,51.84443505836808],[5.859141057386648,51.84445919782132],[5.859158602810425,51.84447171111275],[5.859180548738709,51.84448870093685],[5.859215658488845,51.84451552512313],[5.859220040142532,51.84451820403892],[5.859259522173296,51.84454680831851],[5.859288761521658,51.84456736416988],[5.859310698119843,51.8445834551603],[5.859358953034951,51.84461831603926],[5.859415980810247,51.84465943352407],[5.859439594913952,51.84469709006597],[5.859489320043764,51.84473374266867],[5.859528811864936,51.84476324566549],[5.859601068153594,51.84487261412861],[5.859630307869598,51.844893169893616],[5.859671232197086,51.84492086938155],[5.859715058857074,51.84494855716859],[5.859748652099626,51.84496909537395],[5.859798311731696,51.84499945618153],[5.859868476184224,51.84504771131532],[5.85976028194192,51.84510926865635],[5.859729977689315,51.84512556993271],[5.859705478003978,51.845141847828835],[5.859594503625969,51.84521510121878],[5.859575799012488,51.8452304569116],[5.859616874528088,51.845272537359286],[5.859572294374884,51.84531136723666],[5.85948639447274,51.84542316999734],[5.859471176666102,51.845494240143005],[5.859469481296046,51.845609299359396],[5.859412349331625,51.84569671741511],[5.859405253782247,51.84571202636328],[5.859341384754323,51.845987330468695],[5.859176045188805,51.846273828845625],[5.859092422997423,51.846326298252855],[5.859053504780307,51.846351622455074],[5.858985751172133,51.846395039510384],[5.858948274605138,51.84641945903447],[5.858874763121743,51.84646739340493],[5.858816044846008,51.84668065606448],[5.858774317929122,51.84671497992606],[5.858780593514628,51.8467598970399],[5.858823158555553,51.846805567160004],[5.858856894041324,51.84683958774665],[5.858653046427587,51.84691411230425],[5.858683907697184,51.84695084102698],[5.85872066799233,51.846996534505266],[5.858741267348072,51.847023417132604],[5.858775050014977,51.8470619317856],[5.858814797664984,51.84711570284904],[5.858841220813668,51.84714435974685],[5.858866221036188,51.84717571889768],[5.858707039501852,51.84721950322331],[5.858653862308516,51.847269153436066],[5.858657113041716,51.84730239769992],[5.858796616009028,51.84759665884016],[5.859287130562723,51.8475946865984],[5.859622637407681,51.84761940297661],[5.860010643719778,51.8476681757464],[5.860285303775328,51.84770302268244],[5.861154634792363,51.8474280631871],[5.861193704181334,51.847417119227785],[5.861336545843702,51.847613389618004],[5.861407921069326,51.847638268926055],[5.861691840561629,51.84758768471892],[5.861890336232273,51.847556321177436],[5.862342624996039,51.84750775075321],[5.862964629689184,51.84745129987154],[5.863237145596344,51.847420532779495],[5.86343287964108,51.84740266052912],[5.863646123287894,51.84739370533283],[5.86402325937174,51.84737509546524],[5.864188603042026,51.84736543505382],[5.864359741984646,51.84735485199855],[5.864788911467358,51.84731625345353],[5.865016437617557,51.84728566531255],[5.865514672024373,51.847191054367336],[5.865714461605099,51.84714529751982],[5.865882391077452,51.84710596222376],[5.865967763894908,51.847082243929044],[5.866148591205922,51.84702757522977],[5.86662863054145,51.84686022718452],[5.866848332086959,51.84677663546901],[5.867037768473692,51.84671294173192],[5.867240312998596,51.846653688302546],[5.867432852056316,51.84660885702213],[5.867597933187548,51.8465749239986],[5.867865971852916,51.8465333782959],[5.868070397719707,51.846514563845695],[5.868438894298507,51.84650316594395],[5.868800269361679,51.846504379972956],[5.869151524604446,51.846509229840656],[5.869276307670668,51.84650691960169],[5.869557665098838,51.84648958419265],[5.86967218380072,51.84647742840274],[5.869767808088234,51.846462653658214],[5.869885113390663,51.846439700033336],[5.870029923636784,51.84641034119533],[5.870346942426812,51.84633533092954],[5.870585692872002,51.84626963070562],[5.870698508558926,51.84623411089493],[5.870832898633998,51.84618052511481],[5.87146961003097,51.84587498772127],[5.871595252426775,51.845817841769495],[5.871864017957902,51.84570976919505],[5.87199277465868,51.84567238459679],[5.872539211205633,51.84547507596006],[5.872623135948531,51.84545225763813],[5.872685458072575,51.845444809039556],[5.87273621940942,51.84544190247975],[5.872776871131484,51.845443531969025],[5.872833553431387,51.84545138703766],[5.872874331223867,51.84546470099017],[5.872913725767731,51.845484312587004],[5.872951785569562,51.84551471586685],[5.873135809450986,51.845757541671844],[5.87330954123298,51.84598782595552],[5.873345039104409,51.84604969938485],[5.87338653592266,51.846129524900384],[5.873416268128386,51.84619501758521],[5.873440496655183,51.846288397340416],[5.873456134677838,51.84639259885628],[5.873457154091628,51.846486973621374],[5.873458134675254,51.846577753156254],[5.873444884869532,51.846694658231996],[5.873411764777484,51.846852992616796],[5.873387958339051,51.84693308867385],[5.873373824892699,51.846968202278816],[5.873332516492219,51.84704028120351],[5.873140407067748,51.84739342505176],[5.872969471412587,51.84769165122878],[5.872691244598391,51.84826896371139],[5.872563375135627,51.848523866407966],[5.872309170329159,51.84904175462957],[5.872115748028107,51.84940928364681],[5.871863951809201,51.849882218514225],[5.871501143145346,51.85055964922798],[5.856875828963888,51.852533634569646],[5.856023942838191,51.850872378034495],[5.855474688692477,51.84983550488288],[5.855030340081644,51.84897528364059],[5.854715837033916,51.84831858155671],[5.855640696524607,51.84821512145886],[5.85635129228862,51.84816284623876],[5.85618514727349,51.847678133292774],[5.856099721420523,51.84727938684803],[5.856120590734853,51.84677505058696],[5.856155475319219,51.846362340630144],[5.855672618897732,51.845843837098684],[5.855892317175432,51.84575846824063]]]]}},{"type":"Feature","properties":{"gezicht_uri":"https://linkeddata.cultureelerfgoed.nl/cho-kennis/id/gezicht/10134600","gezichtsnummer":"236","naam":"Landgoed Groevenbeek"},"geometry":{"type":"MultiPolygon","coordinates":[[[[5.604629103661847,52.27808100386275],[5.604648156787996,52.27808186755992],[5.604680388698072,52.278080909435204],[5.604687715131799,52.27808089594378],[5.604690645705287,52.27808089054706],[5.604731656133782,52.27807721991487],[5.604733117020309,52.278076318448356],[5.60481367256868,52.27806897984019],[5.604835643059457,52.27806714180436],[5.605431259729793,52.277912352065535],[5.60622607889798,52.27774280964177],[5.606810150776915,52.27762578292954],[5.607111729831134,52.27757129521092],[5.607151256523333,52.277564031397105],[5.60718200938505,52.27756037901635],[5.607218641119846,52.27756031077936],[5.607249425129638,52.277562949754376],[5.607286079124563,52.27756737533455],[5.607337394729687,52.277573571127704],[5.607391618620292,52.27757526759691],[5.60743703753143,52.27757428413316],[5.607546892656154,52.27756599024268],[5.607614277222192,52.277562269399425],[5.607883784127057,52.27754109426911],[5.608305683115726,52.27752053209918],[5.60900879189201,52.27747517366986],[5.609329545956943,52.27744670877528],[5.609631233175213,52.27741468381668],[5.60997679674942,52.277366397364105],[5.610651772149737,52.27726356055136],[5.61062848722768,52.277003858320555],[5.610624010132968,52.27698768882063],[5.610622422870087,52.276963424868825],[5.610628211562266,52.27694903350034],[5.610634027365993,52.27694003473682],[5.610650068269249,52.27692472519495],[5.610670509424403,52.27691030610104],[5.610780045750046,52.27683909547646],[5.610927506087672,52.27673365942062],[5.611077973181353,52.27664349667294],[5.611167035655599,52.27658041347894],[5.611196245250071,52.27656148378322],[5.611222533410731,52.276544357174096],[5.61124591373873,52.27653172995632],[5.611270759288204,52.276519099954],[5.611297074590457,52.27650736593374],[5.611321938244022,52.27649833099098],[5.611370227491562,52.27648565647643],[5.611431699275268,52.27647205813803],[5.611466824047924,52.27646390245848],[5.61149021787358,52.276453971495],[5.611500447281734,52.27644855941053],[5.611510663076794,52.27644045102239],[5.611516487709487,52.27643324974991],[5.611520838034488,52.27642425372499],[5.611520788126723,52.27641436728144],[5.61152070645953,52.27639818946471],[5.611517735164994,52.276390106122314],[5.611513289567498,52.27638022802756],[5.611504434672283,52.27636766197837],[5.611426165250562,52.276246475813714],[5.61137157557295,52.27617198101558],[5.61131400577536,52.27608760530784],[5.611244700860068,52.27600055550483],[5.611073689646956,52.27579326247518],[5.611060385029577,52.275769919510815],[5.611044095679402,52.27573579688623],[5.611039627616462,52.275721424933664],[5.611038099026885,52.27570884496236],[5.611042426741518,52.2756953551151],[5.611046795200052,52.27568995417736],[5.611055532113941,52.27567915230133],[5.611067208492667,52.27567014240541],[5.611075972565578,52.27566473313429],[5.611090597462114,52.27565931275197],[5.611118404682575,52.275652968598685],[5.61113596451135,52.27564844142244],[5.61131596728162,52.27560495871047],[5.611569048341208,52.275525385856966],[5.611659659336479,52.27547937608375],[5.611766455461104,52.275446817111536],[5.611904020593523,52.275414199503956],[5.612054694987557,52.27536627757858],[5.612221508958307,52.27532281859212],[5.613098735981595,52.27523755771511],[5.613429741340112,52.275211758376514],[5.613540999761169,52.275192670895805],[5.613672647079094,52.27514927724875],[5.613773598511051,52.27512032277149],[5.61397119714892,52.27508039735231],[5.614085403736094,52.27506489880298],[5.614193777044596,52.27505480401409],[5.614302177862345,52.275050101732],[5.614392991830783,52.2750445344073],[5.614491145495738,52.27504164921703],[5.615495250212307,52.27512779260497],[5.615600753027166,52.27512938616962],[5.615915703813066,52.275116193784044],[5.616163241884786,52.2751004349411],[5.616500165466118,52.275086299620256],[5.616977686333096,52.275060205782296],[5.617644243504457,52.2750391339719],[5.618165756092726,52.27502013969864],[5.618485271796792,52.275602820415266],[5.61974720520157,52.27539542133668],[5.619781290451652,52.27546905389915],[5.619959922387931,52.27544533379304],[5.620053897605549,52.275483795942556],[5.62032683498389,52.275561451067816],[5.620467673693569,52.275595326491725],[5.620721475063087,52.27565594174459],[5.620853244322534,52.27563680682227],[5.620989361797804,52.275608675379424],[5.621295044950232,52.275504710567795],[5.621422242643066,52.27545232933492],[5.621635568989115,52.275339558994474],[5.621686718028148,52.27531429170609],[5.62172326250667,52.275298041163865],[5.621770034845894,52.27527637763673],[5.621808049200016,52.27526102292545],[5.621846068273469,52.27524656696916],[5.621930892744794,52.27521673878047],[5.62209182147023,52.27517058121387],[5.622246912878166,52.27512892892831],[5.622459122484669,52.27508266879101],[5.622874839831761,52.27500724149354],[5.623011006558151,52.27498899416071],[5.62318088669326,52.27497337564393],[5.623311254538101,52.2749668236494],[5.623658445422618,52.27495534372034],[5.624868483961123,52.274915166256974],[5.62522880770312,52.27489376873927],[5.625422139198029,52.27487989728623],[5.625600770566742,52.27485706742208],[5.625814474335069,52.274817089672965],[5.626221276425388,52.27472009795502],[5.626450945881859,52.27465222465504],[5.627140003418756,52.274458488512764],[5.62786288501611,52.274288946398165],[5.628205366872288,52.274220839742654],[5.629683945068062,52.2739922202268],[5.629784981543032,52.27398122741643],[5.630098341794409,52.27394732860753],[5.630281396859704,52.27393077399796],[5.630467313207883,52.27390163033073],[5.630566829997674,52.27388075343243],[5.630635593407606,52.273862636174336],[5.630676538702158,52.273848171336226],[5.631052139080463,52.27367572997763],[5.631367814197554,52.27353037463798],[5.631483293061968,52.27348160186839],[5.631587060506654,52.27343465077426],[5.63170694416047,52.273387666224394],[5.631835618330568,52.27334066334416],[5.631965801903768,52.27330174619063],[5.632120867620935,52.27325828340897],[5.63213695923547,52.273253756150794],[5.63217206775089,52.27324379678287],[5.632308155851391,52.273212955999306],[5.632395954205717,52.27319300065143],[5.632640426303653,52.273155642976114],[5.632819037089678,52.273131004667015],[5.633048877176442,52.27309727168404],[5.633157176694294,52.27307547553682],[5.633429345327104,52.27301289277674],[5.633792270551423,52.27293573949033],[5.634042560577839,52.27289117654183],[5.634262152700724,52.27285926016782],[5.634733768648487,52.27283130932356],[5.634881684778726,52.27282021388327],[5.635016414840457,52.272809145926765],[5.635121827591934,52.27279544303021],[5.635253617266692,52.27278258342043],[5.635379536390865,52.27276793844485],[5.635524461670349,52.272746063154074],[5.635628414030902,52.272733261653194],[5.635746997301821,52.27271683416112],[5.635858254950787,52.272700421973596],[5.635965147382047,52.27268941154107],[5.63601346570581,52.2726839170917],[5.636102736521111,52.27266575343705],[5.636181721318304,52.272642218734525],[5.636281217489258,52.272618640722165],[5.636376328322382,52.272596869433215],[5.636483169965498,52.27257687086284],[5.636584186405661,52.272563175939176],[5.63668231294025,52.272556677254265],[5.636811151059643,52.27254022702978],[5.636937033630728,52.272519289026384],[5.637046779772724,52.27249478991575],[5.637128668693871,52.27246675454669],[5.637200291714093,52.27243694329655],[5.637277759855259,52.27240442329323],[5.637359577642371,52.27236380502705],[5.637458920743377,52.27231326301508],[5.637613871294475,52.27225091891828],[5.637689909175673,52.272224693118986],[5.63779672906222,52.272201098292875],[5.637897718894901,52.27218290841165],[5.638139184656309,52.27213386161084],[5.638528369487838,52.272039561170104],[5.63872873514962,52.271977118950694],[5.639017010180178,52.27191538776203],[5.639210095066526,52.271861049246844],[5.639644289304722,52.27169564562227],[5.640215633900847,52.271431081084884],[5.640379311569894,52.27135882808789],[5.640426091150534,52.271340752238174],[5.640506546608094,52.271319009034904],[5.640628013422628,52.271295380224515],[5.640746544862268,52.27127085881283],[5.640812369963946,52.271252741920414],[5.640862115278172,52.27124095097417],[5.640922049274486,52.271217454005686],[5.640984877398386,52.271187659342004],[5.641049134562045,52.27115157012748],[5.641097286293941,52.27111731305818],[5.641149807435345,52.27107855268384],[5.641192119347335,52.27104790324409],[5.641237376713406,52.27101994378713],[5.641291455150653,52.27099735800275],[5.641358734396247,52.2709774401196],[5.641430439572812,52.270962905338656],[5.64151531471243,52.27094564582123],[5.641592813106052,52.270919414352505],[5.641655681521708,52.27089680946649],[5.641718529287152,52.270870609479324],[5.641781402717687,52.27084890329326],[5.641854485055081,52.27081908605906],[5.641917301690045,52.27078749336436],[5.642020897242738,52.2707135700887],[5.642054438581578,52.27068653437227],[5.642108263632009,52.27061990863301],[5.642177837850281,52.27048943562308],[5.642459427139442,52.27003134927039],[5.6425856340531,52.26981357209826],[5.642713464897302,52.26962365339314],[5.642762742811908,52.26953097260712],[5.642791825789562,52.26949316098166],[5.642826768715011,52.26945533666493],[5.642863207595993,52.26942290176889],[5.642909875551846,52.26938595082218],[5.642960933246091,52.26934809157185],[5.643020791165745,52.26931201079347],[5.643079215037851,52.26928132576137],[5.643134734718976,52.26925514088551],[5.643200509277372,52.269228933754576],[5.64326047556921,52.2692117269637],[5.643342463286698,52.269202561387736],[5.643427406855765,52.26919788323362],[5.643512381502235,52.26919859762109],[5.643607626640357,52.26920198598449],[5.643698507937857,52.26921077641913],[5.643787950220394,52.269224063802206],[5.643877351036706,52.26923016098086],[5.643952081191803,52.26923269487391],[5.644032655743836,52.26923251967483],[5.644111786082028,52.269235942676055],[5.64417918610374,52.26923759359272],[5.644230455626578,52.2692365832432],[5.644287533132426,52.26922657244463],[5.644344532621811,52.26920308011266],[5.644405859413169,52.26916789420983],[5.644453964799735,52.26912644562674],[5.644521094115232,52.269081360461186],[5.644639346827129,52.269010099252434],[5.644946154507393,52.26886472672936],[5.645036733006071,52.268821387645055],[5.645112744997816,52.268792460758505],[5.645200518433859,52.26877069835696],[5.645286878991635,52.268757926762376],[5.645383525651233,52.2687505252889],[5.645461101486428,52.26873867154989],[5.64548890468532,52.26873321807511],[5.645572282896338,52.268711465009254],[5.645648320479682,52.268687031613275],[5.645771106409619,52.268640026361716],[5.645826649850128,52.26861833405493],[5.647705630706284,52.26776575726123],[5.647949580311919,52.26764658010059],[5.648091188856907,52.26756268093143],[5.648699180580607,52.267070603002985],[5.648823201579648,52.266985843106106],[5.648893210739554,52.26693355881604],[5.648915094521082,52.26691823107992],[5.64905229889523,52.26683344172231],[5.649085838329715,52.266807302762615],[5.649326509987036,52.26663060813991],[5.649418359017854,52.26655580558121],[5.650232254486233,52.26595900388502],[5.650887300269453,52.26550455839338],[5.651100445453613,52.26538184830604],[5.652046282819046,52.264809904816225],[5.652314940736738,52.26466280095783],[5.652418676325373,52.264617629060076],[5.653152050477732,52.265020430466215],[5.653172897167782,52.26507700661598],[5.6532248984942,52.265199123476485],[5.653279560865115,52.26527629535065],[5.653867102452218,52.265785476735],[5.654329282788301,52.266152032907186],[5.654570686840072,52.26634472414177],[5.654804773883982,52.26653833023902],[5.65507142672834,52.26678758631267],[5.655267457550424,52.26698577169322],[5.655388209699538,52.26708975591442],[5.655470581509872,52.26714529313161],[5.655593819454723,52.26717557161113],[5.655719867978817,52.26718607043233],[5.656830121703777,52.267157476253004],[5.657442431877481,52.26715158281567],[5.658053331721937,52.26715467723135],[5.659095056163599,52.267179246887814],[5.659632743393662,52.26718789434538],[5.659770132042221,52.26713634692263],[5.6598978227808,52.267175598433376],[5.660113585742114,52.26724340725037],[5.660345518781795,52.26732016606815],[5.660508589869039,52.267395286253205],[5.660941972788302,52.26759381150226],[5.661094658412081,52.26764738424953],[5.661396895761639,52.26772128159936],[5.661678802496525,52.26782398636191],[5.662114613351398,52.26793981398546],[5.662729373357868,52.268091173821],[5.663047769975769,52.26817132070554],[5.663097740214168,52.26819726857654],[5.663156528148162,52.268227689719154],[5.663256452192601,52.268276889048884],[5.663507395838137,52.268346406993224],[5.6637318758853,52.268400707125785],[5.663878847626704,52.26847675913427],[5.664149129117711,52.26859296692662],[5.664363591756887,52.268685038072505],[5.665234686637002,52.26906137659604],[5.665654617929476,52.269211382158154],[5.665907153917268,52.26929976561498],[5.666406064069007,52.26942801140888],[5.666645265235158,52.26949215777838],[5.666802370541514,52.26954751025459],[5.666874098994668,52.269538352633624],[5.667010496716531,52.26956229660048],[5.667152709307355,52.26957903639459],[5.667557157277668,52.269595153822365],[5.667718891633474,52.26968734403413],[5.667774766029956,52.26971956735735],[5.668118883699034,52.269925468546646],[5.668464446825508,52.27012777017308],[5.668549776309091,52.270184190013],[5.668607401444882,52.27026134772018],[5.668734520547288,52.27043900300956],[5.668800902361933,52.270510747072485],[5.668850929836164,52.27054478138322],[5.668956867941684,52.27061643102208],[5.669262935454196,52.27082691352563],[5.669408613686447,52.270927228770375],[5.669501185517149,52.270970148931156],[5.66999322834419,52.27116580441872],[5.67029557876765,52.27125136287918],[5.670581677191199,52.27131538886835],[5.670979155419233,52.271384539283545],[5.671187429378053,52.271420888622636],[5.671367988152417,52.27147617863568],[5.671470875945044,52.271528060222764],[5.671601905020603,52.2716275092408],[5.671805143268489,52.2717923949919],[5.671893444872716,52.27185419792354],[5.672094926366372,52.271973249688244],[5.671978232499359,52.27205352241827],[5.671969407458756,52.272048151023164],[5.671674709130016,52.27224389616911],[5.671610521284308,52.272287192128466],[5.671520943842584,52.27225505175944],[5.671475422626148,52.27223898331244],[5.670889505456782,52.27248845498186],[5.669890123157131,52.2729222648631],[5.668860022067649,52.27336692482433],[5.668418736920922,52.27355492222574],[5.66790079472251,52.27390128515884],[5.667004789546656,52.27447413532817],[5.666012555486072,52.27512629826223],[5.665134184910862,52.275715270412405],[5.665023222735908,52.27577844591366],[5.663679292476432,52.27666959179812],[5.662783427944437,52.27728285414687],[5.661855374853223,52.277907868550386],[5.660955075409361,52.27852292468212],[5.660435596121464,52.278876448165505],[5.660349225814484,52.278890129581306],[5.656644904098978,52.28131185355406],[5.65658014912278,52.28126616363002],[5.656538943956186,52.28123749673432],[5.655854632231027,52.28075820950096],[5.654927501220682,52.28010510617843],[5.653858997911321,52.2793309798897],[5.652831861015181,52.27860708238279],[5.651926857339391,52.27796379218309],[5.651856224216833,52.27791361894566],[5.651812078596192,52.27788226065058],[5.65043995306536,52.27753210715889],[5.648919710334328,52.27715710027625],[5.647374552561127,52.27677673607264],[5.64589248353152,52.27640610007036],[5.644381290897032,52.276062472229654],[5.644250735842099,52.27603669189229],[5.644168590203333,52.276020692649226],[5.644095246303977,52.27600647176002],[5.644014565991289,52.27599046922291],[5.643835602218085,52.275954907124316],[5.643586287806029,52.27591590237742],[5.643410374271062,52.275901004890216],[5.643114349770217,52.27589265888877],[5.642818485635378,52.27591217389212],[5.642540239939309,52.27593794150741],[5.642313333154028,52.27597348413851],[5.641463087596699,52.276157769309876],[5.637198976260163,52.277151931354176],[5.637100935692274,52.277175507025056],[5.637027768985389,52.27719273856696],[5.636906314449741,52.27722175625884],[5.636657548917059,52.27728070241303],[5.635091798709655,52.27765609251079],[5.63502009570244,52.277673319733935],[5.634898643550867,52.277703234127884],[5.634815228230179,52.27772228334139],[5.634813762957793,52.277722286413216],[5.634717175125998,52.277744059501636],[5.634715714858945,52.27774496133841],[5.634714249585807,52.27774496440902],[5.634611810568364,52.27776854722578],[5.634608880020509,52.27776855336438],[5.634526929727425,52.27778759930508],[5.634522538905896,52.277788507275936],[5.632868830559244,52.27816315320535],[5.632412295801626,52.278279145282696],[5.632249945882912,52.27833340881106],[5.632220689584999,52.27834245727031],[5.632059804495848,52.27839671749746],[5.631910779972233,52.27847611867225],[5.631788150106378,52.27855906010799],[5.631585644843828,52.278772489285764],[5.631511383609551,52.278858026668914],[5.629340363392609,52.281387159362446],[5.628845549120326,52.28147805027395],[5.628737217251564,52.281498044917704],[5.627283976414769,52.28185242900881],[5.627232750214142,52.28186421720315],[5.626549575547285,52.282899195494835],[5.626557106125306,52.28293692880728],[5.626737112153328,52.28370681447938],[5.62690523075107,52.2844452667629],[5.626901023380507,52.28448032753643],[5.626854848529364,52.28488576885821],[5.62683798474902,52.28501972057395],[5.626798070040086,52.28522741860344],[5.626757893259153,52.28538658328644],[5.626740583169993,52.28543784857122],[5.626717294632797,52.28546755537313],[5.626675055920356,52.28551617486635],[5.626634316553972,52.28557108273032],[5.626580600365632,52.285665562980554],[5.626521031480259,52.28576185261208],[5.626470139411553,52.28583655403581],[5.626413317248145,52.285898684595175],[5.626319870821876,52.28596358559486],[5.626218965829854,52.286004234686935],[5.6260960677753,52.28604313062289],[5.625939524673613,52.2860937785086],[5.625616091712297,52.2861789165897],[5.625440514667151,52.286233197326595],[5.625264966090405,52.28629287039368],[5.624969380808931,52.28637884934705],[5.624839186478183,52.28642405008066],[5.624589075173897,52.286518025561634],[5.624438462933845,52.2865821411538],[5.624290795783874,52.286648946966096],[5.624173862006319,52.286707601968764],[5.624049624021757,52.28677076537421],[5.623976508312185,52.2868014702954],[5.623898909584076,52.28681600620795],[5.623786065243377,52.28681713104369],[5.623684950266478,52.2868191310652],[5.623595650735349,52.28683818407635],[5.623221189629019,52.28697554662061],[5.623076335972212,52.287020774691484],[5.622969510817505,52.28705154629338],[5.62288897539156,52.28706518862781],[5.622682399877972,52.28707908223235],[5.622352758136042,52.28710130949836],[5.621980694894601,52.28713889933603],[5.621766847778104,52.287163591087875],[5.621630662228327,52.28718543202877],[5.621206139543301,52.287280645100736],[5.621154891274396,52.28728973435779],[5.62079322162227,52.28735336433109],[5.619941953331863,52.287400882139984],[5.619351150373681,52.287369688828],[5.619103577975185,52.287391745708476],[5.619017987349602,52.28727956688811],[5.618907571278933,52.287184513419774],[5.618566408573203,52.28696498235612],[5.618448839478701,52.28690319712711],[5.618321114560914,52.286861204693814],[5.618184657193591,52.2868309132687],[5.618111378490946,52.286831056537636],[5.618026468594784,52.28684919798251],[5.617878557560457,52.28687105751283],[5.617806245153964,52.28677502982176],[5.617710185486829,52.28662152685146],[5.617646606625411,52.286513797945375],[5.617599051346613,52.28638716348224],[5.617566123928666,52.28625510782243],[5.61754201797206,52.28612842759704],[5.617531218570644,52.28602419078643],[5.617530412418714,52.285868704325544],[5.61752402836409,52.285768053998694],[5.617492571824121,52.285636894210526],[5.617433042160089,52.28546174916533],[5.617351241438809,52.28523092343887],[5.617285734446112,52.2850333205812],[5.617220330412069,52.28485549052873],[5.617145952459936,52.28464262568111],[5.617081875541453,52.284437829706896],[5.617061023798295,52.28437315848583],[5.616986298775392,52.284092886066965],[5.616927992349637,52.28387010326224],[5.616918641829042,52.2837622684353],[5.616922805885627,52.283717321581086],[5.616934394880914,52.28369123456304],[5.616896004548692,52.28363558516633],[5.616745365817518,52.283411184220135],[5.6167010491278,52.28334296342223],[5.616627205298542,52.28323255752931],[5.616424861268864,52.282927366809986],[5.616201915905261,52.282605138943445],[5.615937604114817,52.28221738015708],[5.61553295603666,52.28161059092964],[5.615163751032272,52.28105496206558],[5.61490974736917,52.280673472424894],[5.614371666565485,52.280617885714456],[5.614361766941112,52.28040129983618],[5.614222493218191,52.28038898475927],[5.613910311482686,52.28037790031226],[5.613819459056999,52.28037807466591],[5.612995058708798,52.280497393169064],[5.612194077086942,52.28061216742686],[5.611454614323538,52.280722325582346],[5.610662403360116,52.28083437646545],[5.610114753666551,52.28091540234971],[5.609879003203252,52.28095089929692],[5.60977211594032,52.28096817750054],[5.609687186822112,52.28098092036939],[5.609581755797755,52.280996398106694],[5.609451435668873,52.28101641646372],[5.608224298523559,52.281190385317615],[5.607049852600954,52.28135345804211],[5.606612010359218,52.281417186496334],[5.606250318847747,52.28147088559199],[5.606198298931473,52.281322684145835],[5.606159649462423,52.281211307672436],[5.606112327436469,52.28112421419129],[5.60606071127213,52.2810578004788],[5.606050387172361,52.28104433798007],[5.60602385532512,52.28101293000434],[5.605979911529794,52.28101660651316],[5.605953397449434,52.28098879358976],[5.605907740533564,52.28094214182836],[5.605873833289894,52.280900860947405],[5.605817799497349,52.280829961429234],[5.605754332903064,52.28073750503028],[5.605727721878589,52.28068991917729],[5.605683212664551,52.280578553378724],[5.605641740454943,52.28048875255326],[5.605594402543046,52.28039806378304],[5.605526439373355,52.28028494373608],[5.605449688831152,52.280172738661896],[5.605406919851109,52.280117093610755],[5.605334645376087,52.28002105814723],[5.605244681187702,52.27990348468674],[5.605173863935989,52.27980564888066],[5.605110369289869,52.27970690074504],[5.605024749466198,52.27957853379011],[5.604990800028741,52.279528264970295],[5.604965695524409,52.279488765138396],[5.604962707594252,52.27947708656583],[5.604953743813228,52.27944205084742],[5.604944780046369,52.27940701512815],[5.604904714099269,52.279304628577236],[5.604888300474626,52.279244440869384],[5.60488360507597,52.27918333278547],[5.604878790804661,52.279097957979054],[5.604873884087819,52.2789937090539],[5.604854399105644,52.2789047661791],[5.604785581863271,52.2786163860024],[5.604727136980578,52.2783513548357],[5.604713698534687,52.278300149370914],[5.604695763057672,52.27822828034419],[5.604695714664734,52.27821839390032],[5.604695481499103,52.27817075921597],[5.604693805042445,52.2781276210678],[5.604693629070343,52.278091670362045],[5.604689233209044,52.27809167845721],[5.604692269365755,52.278113243483936],[5.604684964922331,52.27811775081389],[5.604676199588269,52.278123159609244],[5.604641103044749,52.278137604642986],[5.60463671157705,52.27813851150385],[5.60463062612291,52.27809268514456],[5.604629103661847,52.27808100386275]]]]}},{"type":"Feature","properties":{"gezicht_uri":"https://linkeddata.cultureelerfgoed.nl/cho-kennis/id/gezicht/10134608","gezichtsnummer":"266","naam":"Arnhem - Patrimoniumbuurt-Vogelwijk"},"geometry":{"type":"MultiPolygon","coordinates":[[[[5.922689749117577,51.99368810355059],[5.92249741465531,51.9936763953534],[5.922421609162432,51.99366865082133],[5.922214575993602,51.99364532421999],[5.922018120663319,51.99365430713545],[5.922032165311387,51.99361109930714],[5.921960684932815,51.99359973948164],[5.921709845587083,51.9935658251536],[5.921561007854446,51.99353863760432],[5.921374241007074,51.99350533029656],[5.921188866128225,51.993466623377834],[5.921128980131543,51.99345071624781],[5.920826681721212,51.993374788485895],[5.920330018918515,51.9932386204589],[5.920109511491576,51.99318389209252],[5.920075907686363,51.99317415717726],[5.91980568592182,51.99310167680638],[5.919795462428387,51.993099026601215],[5.919672759248277,51.99306542650114],[5.91955443468622,51.993032705288655],[5.919550045577659,51.99303092748835],[5.919427364110177,51.992999124700134],[5.919370401867755,51.99298410228072],[5.919234585393644,51.9929496622218],[5.919198091452647,51.99294173779459],[5.919177676611036,51.992939133630486],[5.919161650855575,51.99293830727779],[5.919118037332056,51.99294389751363],[5.919093329396118,51.99294760457736],[5.91899451893708,51.9929642303492],[5.918982882255292,51.99296518179327],[5.918972733478429,51.99296882300697],[5.91896696311721,51.992973343257624],[5.918962648673332,51.992977856925926],[5.918961246065878,51.99298235742986],[5.91896129937694,51.99298685135161],[5.918966008327188,51.993015592704616],[5.918922987046082,51.99294837475292],[5.918813202574478,51.992776295141844],[5.918715162113295,51.99261225185098],[5.918554738661738,51.99234422572655],[5.91854439822449,51.99233168878262],[5.918275442407218,51.99199674006517],[5.918170413661192,51.99185699634839],[5.91814533365199,51.991829245751816],[5.918114387572517,51.991797926297814],[5.918082006945405,51.99176841097591],[5.917983611645544,51.99169694843382],[5.917819042681573,51.99157005673362],[5.91769420856374,51.99147893890258],[5.917579661729632,51.991395864045586],[5.917492925601491,51.9913252473516],[5.917319496680258,51.99118760890767],[5.917231294879758,51.99111609979449],[5.917162221375234,51.991061582250225],[5.917085465052371,51.9909729436351],[5.917066209621647,51.99094516656797],[5.917009963057749,51.990867221498064],[5.917007008867508,51.990863639474306],[5.916887088441756,51.99069519904079],[5.916790844594304,51.990559009857286],[5.916876505543176,51.99053884980335],[5.916997000330898,51.99050954445823],[5.91708410630639,51.99048847891067],[5.917310579333078,51.990433528428426],[5.917477532699969,51.99039322719309],[5.917525426393573,51.990380427594815],[5.917539952839245,51.990377665596924],[5.917619789768528,51.990357531259775],[5.917683655005904,51.99034106423715],[5.91770108245897,51.99033739030211],[5.917782375076216,51.99031724928831],[5.91786366762027,51.99029710821837],[5.918228059274034,51.990209175636494],[5.918444338693155,51.99015426898351],[5.918470479668777,51.9901487579111],[5.918482083675792,51.990145110164],[5.918490776027913,51.990141475568144],[5.91850954198827,51.99012790830459],[5.918522420719652,51.9901089746357],[5.918538189784164,51.99008823024235],[5.91855526551383,51.99005489628278],[5.918559558412104,51.99004858505828],[5.918562406139207,51.990043179195446],[5.918563798042508,51.990037779909656],[5.918563734122525,51.990032387200884],[5.918562193073196,51.99002520349957],[5.918557729726198,51.99001713416751],[5.918550365389476,51.990009976773884],[5.918543022360917,51.99000461694936],[5.918531311868482,51.98999927685451],[5.918818914426554,51.98994314845018],[5.918830603621149,51.98994669094692],[5.918862780893693,51.98995912916118],[5.918897869825884,51.98997155420426],[5.918927146152869,51.98998490434795],[5.918966655895187,51.99000180354937],[5.919003243360286,51.99001781711779],[5.919067640774573,51.990046288581475],[5.919136427072854,51.990076537826695],[5.919162770559192,51.990088103510246],[5.919225733683239,51.99011837904068],[5.919250621391174,51.9901299512897],[5.919315061797029,51.99016201775579],[5.919380958123042,51.99019407759915],[5.919446843872136,51.99022523862072],[5.919461487533557,51.99023236301701],[5.919515694735208,51.99026088035062],[5.91958016753992,51.990295643024325],[5.919646096276973,51.99033039907196],[5.919679804613989,51.990349121963284],[5.919713470273242,51.990364249706374],[5.919732534907865,51.99037584821775],[5.919783862819329,51.99040707496361],[5.919791184705894,51.99041063714084],[5.919808782866569,51.99042134344741],[5.91987034445615,51.9904561191456],[5.919934860540145,51.990494476761526],[5.919962703041794,51.9905096308088],[5.9199978888489,51.99053014458288],[5.920093170104419,51.990584541737505],[5.920119535505019,51.99059790477426],[5.920236697441517,51.99065579800255],[5.92031273261577,51.99068331721229],[5.92034488944879,51.99069395744958],[5.92038729065843,51.990709045403285],[5.920413570694828,51.99071521809781],[5.920429788115062,51.990732222401974],[5.920636602392671,51.990860716556476],[5.920672998628557,51.990860551481966],[5.92084460696967,51.99084449284318],[5.921240790240741,51.99073663236075],[5.921359559107311,51.990684859552374],[5.921491270610083,51.99074178662587],[5.921567370979848,51.990774697729236],[5.921652238692773,51.99081026544443],[5.921653705255884,51.99081115761343],[5.921658104945564,51.99081383412029],[5.921734205559844,51.99084674511509],[5.921808850435903,51.99087966267758],[5.921887884414579,51.99091435790637],[5.921968385089364,51.99094994524676],[5.921971307515439,51.99095083079247],[5.921975696515767,51.990952608503115],[5.9220561973288,51.99098819578301],[5.92212938682196,51.99102111976116],[5.922206965442101,51.99105582139539],[5.922293311506952,51.99109317959153],[5.922373812824019,51.99112876665269],[5.922457247450096,51.991166137976215],[5.922536282434581,51.991200832766566],[5.922627028841951,51.99124086718984],[5.92270606408931,51.99127556186541],[5.92278071039151,51.99130847880727],[5.922785099458871,51.991310256487566],[5.922867068160084,51.99134673536375],[5.922947570386986,51.991382322029764],[5.922953426075898,51.99138499185641],[5.923017827956894,51.99141346114609],[5.923092474717156,51.9914463778889],[5.923260748617002,51.99151661889489],[5.923257879868038,51.99152022730156],[5.923407163454534,51.99158516164884],[5.923540346824802,51.991642978560634],[5.923736466694698,51.9917283720708],[5.923789168748823,51.991752400144364],[5.9237950245361,51.991755069928836],[5.923888695706063,51.99179598887277],[5.923972122071954,51.99183246033095],[5.924057015218961,51.99186982386848],[5.924073105266198,51.99187604225831],[5.924178456305992,51.99191960415859],[5.924207735474233,51.99193295298056],[5.92423845977622,51.991945396363924],[5.924269205631813,51.99195963730701],[5.924279439896693,51.99196318590774],[5.924288218278544,51.99196674115556],[5.924298452546546,51.99197028975462],[5.924310153470148,51.99197473048843],[5.92432184362672,51.99197827243717],[5.924333544554715,51.9919827131686],[5.924345234715209,51.991986255115066],[5.924356924877545,51.99198979706031],[5.924368615041728,51.991993339004416],[5.924444590382027,51.992015462828775],[5.924463581535743,51.992020769081236],[5.924526389344761,51.992037560000306],[5.924646181551738,51.9920711683474],[5.924877009601669,51.99213662703892],[5.924957331542618,51.99215693299759],[5.925052298741863,51.99218436259756],[5.925185227127491,51.992220606827395],[5.925211530281564,51.99222857601414],[5.925117997346729,51.99232068477819],[5.925239268224817,51.99235608342748],[5.92522184060955,51.99235975847823],[5.923910641090127,51.992656071892775],[5.923357423980696,51.99278263387466],[5.923088778796045,51.99284228227308],[5.922863681468437,51.992890945747746],[5.922849186759802,51.99289640475432],[5.922840547928612,51.99290453359049],[5.922838441590646,51.9929719556436],[5.922838038184995,51.99306004309539],[5.92279201174752,51.99322923324871],[5.922769371988474,51.99328416513508],[5.922709522254254,51.993393196395814],[5.922665096999151,51.99345272160609],[5.922699098852282,51.99349571078287],[5.922689749117577,51.99368810355059]]]]}},{"type":"Feature","properties":{"gezicht_uri":"https://linkeddata.cultureelerfgoed.nl/cho-kennis/id/gezicht/10134609","gezichtsnummer":"274","naam":"Arnhem - Sonsbeekkwartier-Noord"},"geometry":{"type":"MultiPolygon","coordinates":[[[[5.909525060315974,51.9931181179417],[5.909436071297961,51.992978295298236],[5.909356101011329,51.992862701013216],[5.909339729972058,51.9928322134009],[5.9092132662519,51.9925999772419],[5.909074999683021,51.99235431083204],[5.909006573991472,51.99222967676147],[5.908900925016691,51.992034200027135],[5.908780477601917,51.99181811568192],[5.908609224788093,51.99148990243087],[5.90841585440818,51.99113751846939],[5.908073925796597,51.99052962500009],[5.908023205460137,51.99042468623958],[5.907925032128954,51.99024535448071],[5.90788289084607,51.99012689519115],[5.908226518480498,51.99012986761988],[5.908238144212226,51.99012801845401],[5.90866327733475,51.9901288308455],[5.908664586793336,51.99011624138777],[5.908670410103513,51.990116215569294],[5.908753402729449,51.99011674641044],[5.908843664036327,51.9901163461234],[5.908917921699012,51.99011691558901],[5.909002370156073,51.990117439796855],[5.909091175633959,51.99011704577863],[5.909179991575326,51.9901175504793],[5.909230945537224,51.99011732433456],[5.909274630828415,51.990118029264515],[5.909370725910743,51.990118501510295],[5.909372181738229,51.99011849504694],[5.909466820994816,51.99011897367757],[5.909562926553592,51.99012034455219],[5.909564382381103,51.99012033808647],[5.909657565815576,51.99012082302938],[5.909659021643083,51.990120816562495],[5.909743470114266,51.990121340238346],[5.909752205079306,51.99012130143041],[5.909830830242225,51.99012185091562],[5.909854133961092,51.990122646194834],[5.909921112507093,51.99012324737355],[5.909942949920092,51.99012315031953],[5.910007016812783,51.99012376439007],[5.910092921120235,51.9901242813439],[5.910124949325955,51.990124138949845],[5.910174447461609,51.990123918869095],[5.91021666645922,51.990123731136755],[5.91026471925338,51.99012441627761],[5.91030693825097,51.990124228512855],[5.910357892213036,51.990124001880034],[5.910446708179033,51.99012450562445],[5.910502040114656,51.99012515828494],[5.910541347456696,51.99012498339068],[5.910638887896532,51.99012454933711],[5.910685484869945,51.990125240785076],[5.910734983003226,51.99012502046854],[5.910778668323567,51.99012572484001],[5.910816519837254,51.99012555633458],[5.910866017970042,51.99012533596289],[5.910870406450646,51.99012711408869],[5.910895271014099,51.99013689053662],[5.91096692160863,51.99016353645781],[5.911002019023252,51.99017686264371],[5.911050271438138,51.99019462439111],[5.911111699891255,51.99021861925508],[5.911170185232062,51.99023993070109],[5.91122429262678,51.990260362791126],[5.911241846660859,51.99026747523963],[5.911300332127089,51.99028878662062],[5.911323730532449,51.990297670679105],[5.911377838066637,51.99031810269822],[5.911402702846382,51.9903278790383],[5.911475809881649,51.99035451815955],[5.911503596884953,51.990365180284996],[5.911553316049266,51.990383834120884],[5.911623511591933,51.990410486130514],[5.91162497794285,51.990411378424895],[5.911627900130423,51.99041226422795],[5.911705395981057,51.99044068130303],[5.911782891929793,51.990469098326884],[5.911828222771262,51.99048597395445],[5.911880853883329,51.99050461466367],[5.912032945161587,51.99056236020586],[5.912085586971856,51.990581899608564],[5.912244979048352,51.990641409961306],[5.912307864596088,51.99066539769856],[5.912326874805155,51.99067250348457],[5.91238098324765,51.990692935039995],[5.912407304299348,51.99070270466602],[5.912454101988914,51.99072047233576],[5.912487733901756,51.99073290579224],[5.912530143047152,51.99074889536641],[5.912568163612378,51.9907631068632],[5.91259886282432,51.99077375572276],[5.91267198183086,51.99080129288246],[5.912693924925457,51.99081018317123],[5.912748023163931,51.99082971577159],[5.912812365094942,51.99085369673262],[5.912819686502285,51.99085725934416],[5.912891339388679,51.99088390408748],[5.912927893789819,51.99089722318899],[5.912961525966286,51.99090965650938],[5.913036111812812,51.99093808571915],[5.913046344958719,51.99094163529902],[5.913104842703942,51.990963844563886],[5.913128231273561,51.99097182947634],[5.913176495929692,51.990990489132635],[5.913207205987657,51.99100203661804],[5.913253993758622,51.99101890518265],[5.913289092520857,51.9910322306828],[5.913335890902919,51.991049997999966],[5.913369523306826,51.99106243120316],[5.913409010811462,51.991077534699286],[5.913448487791537,51.991091739396815],[5.913490897618094,51.99110772862289],[5.913530385203408,51.99112283207806],[5.913572795088507,51.99113882127446],[5.913650293424327,51.99116723706212],[5.913656148533178,51.99116990735236],[5.913691247532844,51.99118323273192],[5.913726335996615,51.99119565931579],[5.913773134722089,51.991213426458124],[5.91379800051938,51.991223202289326],[5.913866721724602,51.991248061901544],[5.913893053985174,51.99125872997874],[5.913945697421555,51.99127826854502],[5.914011496500232,51.99130224232697],[5.914021740368937,51.991306690606706],[5.914093394686059,51.9913333346143],[5.914100705709062,51.99133599836046],[5.914175292985335,51.99136442684433],[5.914286425006625,51.9914052751729],[5.914438490717178,51.99146032123415],[5.914554022549746,51.99150384608568],[5.914637377351581,51.99153493146486],[5.914644688439689,51.99153759517704],[5.91464614431225,51.99153758864841],[5.91471195472162,51.991562460821754],[5.914726576916515,51.99156778823636],[5.914787998635485,51.99159088238575],[5.914807009628995,51.99159798776904],[5.914865509100505,51.99162019615399],[5.914925464505803,51.99164239797763],[5.914931309171487,51.99164416941904],[5.914940086752074,51.99164772536559],[5.915017597414547,51.9916770390331],[5.915039530818574,51.991685030097074],[5.915040997279081,51.9916859223485],[5.915103875199468,51.991709009798605],[5.915122886292996,51.99171611513056],[5.915122896877881,51.99171701391556],[5.915184308418775,51.991739209072016],[5.915203319537825,51.99174631439095],[5.9152647417463,51.99176940829018],[5.915285208771065,51.9917765070595],[5.91528521935922,51.991777405844466],[5.915340786360678,51.991797829495106],[5.915365652823065,51.99180760499327],[5.915367108704255,51.99180759845568],[5.915412452835258,51.99182537148023],[5.915441697566034,51.99183602613262],[5.915488487045693,51.99185289380429],[5.915523587123232,51.9918662186344],[5.915525053599286,51.99186711087979],[5.915539675989895,51.991872438192836],[5.915555764861017,51.991878657749005],[5.915623032158598,51.99190352287023],[5.91564204341667,51.99191062811789],[5.915644976376453,51.991912412605636],[5.915690299530696,51.991928387952754],[5.915757566977305,51.99195325299665],[5.915764888797827,51.99195681542374],[5.915766344683783,51.99195680888121],[5.915878956706631,51.991999446725224],[5.916035436462677,51.99205806621974],[5.916019782182405,51.9920886969073],[5.916018347498107,51.99209050102264],[5.915984222506445,51.99215986454474],[5.915957217856921,51.99221571355981],[5.915925972665743,51.992282367619715],[5.915913187624243,51.992309390064],[5.915857679601992,51.99241749945759],[5.91584490508065,51.9924454206788],[5.915827847629291,51.992480551807],[5.915802256102928,51.992532799101966],[5.915783710884163,51.992565240412],[5.915732358014814,51.99265535441932],[5.915665117065049,51.99275632577624],[5.915322406351454,51.993203685892745],[5.915148383245294,51.99326289122558],[5.915088891286016,51.99328023605415],[5.914982978853244,51.99331217047134],[5.914715986767916,51.99338976892993],[5.914604239499936,51.9934208303399],[5.91449249207683,51.9934518916438],[5.914444594235539,51.9934646900074],[5.914441692936971,51.99346560184471],[5.913704199748761,51.99364957060236],[5.913486410049183,51.993701778704164],[5.913403653417396,51.99372192326411],[5.913333947462302,51.993737515229355],[5.913209084311884,51.993767735142185],[5.913177127342024,51.99377416987385],[5.913052190175189,51.99379809812578],[5.912931589090928,51.9938193103677],[5.912848716052271,51.99382956790305],[5.912717796702209,51.9938400400516],[5.912615933039608,51.99384498927537],[5.912550436453211,51.993847079490884],[5.912511136391744,51.993848153845676],[5.912417955719639,51.99384856995873],[5.912329121830606,51.99384716892767],[5.912270862853933,51.99384563134683],[5.91218348492284,51.993844223706496],[5.912010121885422,51.993836009024555],[5.911908121377396,51.993829273429796],[5.911804633395361,51.99381984788489],[5.911673408850366,51.99380425410395],[5.911536308043034,51.99378419221214],[5.911432736149675,51.993767576058744],[5.91136853791058,51.993756177350164],[5.911190471309808,51.99371921979932],[5.91110576392968,51.99369712632708],[5.911021025123048,51.99367233643809],[5.910721423184449,51.99357659645226],[5.910717002880212,51.9935721219665],[5.910643912032573,51.99354727996324],[5.910513787858896,51.99350111970842],[5.910483087270623,51.993490470310846],[5.910390954121467,51.99345582571404],[5.910292997376358,51.9934212069444],[5.910192076482622,51.993382107113405],[5.910175987812713,51.993375886824865],[5.909525060315974,51.9931181179417]]]]}},{"type":"Feature","properties":{"gezicht_uri":"https://linkeddata.cultureelerfgoed.nl/cho-kennis/id/gezicht/10134613","gezichtsnummer":"1735","naam":"Heerewaarden"},"geometry":{"type":"MultiPolygon","coordinates":[[[[5.39683752453389,51.815094004128774],[5.397136342702943,51.815419357773145],[5.397803663290328,51.81631813534274],[5.398427501850561,51.81721691325079],[5.398903372620385,51.817886499451866],[5.399065868463217,51.81811568625919],[5.399689757078817,51.8190144572617],[5.40050221931108,51.81991320336801],[5.401706349297379,51.8208927907252],[5.401841258937327,51.82095928767519],[5.401045134674104,51.82144206050704],[5.401013231476728,51.8214618387092],[5.400639087278932,51.82167850221273],[5.400228680885054,51.82190325812509],[5.400043042342641,51.82196439970856],[5.399721074569897,51.82207139645844],[5.399716719191083,51.82205701554937],[5.399708011221408,51.822038140928946],[5.399641265695898,51.82194826449218],[5.399523790734811,51.821986927007735],[5.399504928280689,51.821962660434565],[5.399378751251085,51.82200402023771],[5.399075635490013,51.82210382254228],[5.398939304781617,51.822146081749416],[5.398608629927444,51.822251278654726],[5.398585424337759,51.822257572793774],[5.397475909990021,51.8226037286518],[5.396679660680571,51.822856369728015],[5.396153064409989,51.822481597129666],[5.395997842581051,51.82236655805075],[5.395887602088965,51.82233600598463],[5.395694665963178,51.82220119494393],[5.395099910043048,51.82179855867482],[5.395025927634367,51.82174103821319],[5.394522570866796,51.82140221011698],[5.393937986493343,51.82098428705426],[5.393402733657624,51.82061759206759],[5.393124233175699,51.82043873839922],[5.392220575840296,51.81988869388809],[5.392156755093234,51.81985094555762],[5.391997202803326,51.819748485050624],[5.391915985219366,51.81977725122134],[5.391833308937013,51.81972871745893],[5.391923227525447,51.81968916494569],[5.392130619744528,51.819597474808745],[5.392221990034294,51.81957410105975],[5.39236412113635,51.8195354447266],[5.392504801633098,51.81949678828865],[5.392786162704924,51.81942576676181],[5.393034165159336,51.8193583416148],[5.393243008651694,51.8193008052217],[5.393350332542752,51.81928372160434],[5.393417047837691,51.81927652730491],[5.393453296591173,51.81920551724333],[5.39346199434838,51.819174956325455],[5.393472147062831,51.81917675344233],[5.393530137418898,51.819012263161326],[5.393572180250311,51.81889361440231],[5.393606974705874,51.81879923462005],[5.393650468262652,51.81868597876825],[5.393654817421586,51.8186733948109],[5.393702658009577,51.818534971268],[5.393711356532871,51.81851160102201],[5.393782391356075,51.81830216802936],[5.393747569956438,51.818210488688685],[5.393759141825843,51.81800465443377],[5.393609758491173,51.817997472200716],[5.393634394875114,51.8178680383383],[5.393666301938847,51.817869834213894],[5.393748970094006,51.81787342486239],[5.39375035374779,51.81742580410728],[5.393880880282671,51.81742579656897],[5.393880869230415,51.81735299079476],[5.393877941504047,51.8171741224541],[5.39387647880864,51.817092328394715],[5.39387502279869,51.817054577335576],[5.393824263303609,51.817057276792106],[5.393774917681229,51.81681639137942],[5.393760404473663,51.81674628294191],[5.393738636350276,51.81665190632275],[5.393735733807163,51.81663842393634],[5.393673368646554,51.81661415888526],[5.393647231785911,51.816395743012514],[5.393490591172225,51.8163094633933],[5.393483338721024,51.816301374260284],[5.393203391718028,51.81595713478358],[5.393142471704241,51.815886129854476],[5.393126515849687,51.815862760924254],[5.393013371517581,51.81567221331694],[5.392940849357704,51.81559401817557],[5.39292489347635,51.815568851543325],[5.392919088431899,51.815537392542055],[5.393026402290497,51.815511320844266],[5.393590580383419,51.81576835805633],[5.393671799462865,51.815806104642995],[5.393753018678345,51.815843851173234],[5.393761720812248,51.815848344859425],[5.393809583187319,51.81587710488791],[5.393896605955827,51.81593013121045],[5.393987980644375,51.81598944906864],[5.394043102243612,51.816067644599194],[5.394093870881444,51.81613056013826],[5.394143188555793,51.81618808272168],[5.394254875603186,51.81629683516522],[5.394349150278119,51.816345366519144],[5.3944274541549,51.816283341872484],[5.394475305552882,51.81624019468092],[5.394542008831393,51.816188956733896],[5.394629014748794,51.816133223252784],[5.394721820690737,51.81607299514286],[5.394827677075671,51.81600377772479],[5.394910331697504,51.81594894315947],[5.394903079833656,51.81594534829818],[5.394911778333801,51.81592826981406],[5.394920477456049,51.815914786676785],[5.39492772695659,51.815904898983845],[5.394932076907236,51.81590040450691],[5.394984280050027,51.815868042855605],[5.395042284571312,51.81583837729608],[5.395222096192766,51.81573589748704],[5.395297499308838,51.81568465850033],[5.395311999717102,51.81567387143589],[5.395383053081562,51.81562892455888],[5.395401903994635,51.81561723833692],[5.395577360321603,51.815499478063174],[5.39683752453389,51.815094004128774]]]]}},{"type":"Feature","properties":{"gezicht_uri":"https://linkeddata.cultureelerfgoed.nl/cho-kennis/id/gezicht/10134614","gezichtsnummer":"1679","naam":"Oosterwijk"},"geometry":{"type":"MultiPolygon","coordinates":[[[[5.079628396523812,51.88488921523875],[5.079319936818661,51.88517963000836],[5.078853710644528,51.884752360006026],[5.077546437583895,51.883703577797476],[5.077516103876308,51.88367922932285],[5.07743810659967,51.883616105312754],[5.076618552967913,51.88303958665266],[5.076428568959887,51.88320896422995],[5.076418352522287,51.88321612789315],[5.076324908578383,51.8832868887097],[5.076209597560663,51.88336927644245],[5.076192075557752,51.883382712598255],[5.076159930117504,51.88341049140888],[5.076092746731668,51.88346424367618],[5.075685246104938,51.88316295327839],[5.075578291533978,51.88308716756817],[5.075436598225312,51.88299421173844],[5.075291982039559,51.88290394448334],[5.075247107530725,51.882882253328226],[5.075241266831861,51.88288673199951],[5.075200724601495,51.88286864766737],[5.075135572855667,51.882838813116884],[5.075035657471369,51.88279540366421],[5.075140821187029,51.88271029362603],[5.074840951694598,51.882598041396896],[5.074604844590879,51.88250663123327],[5.074474461837076,51.88245864607554],[5.074325267257176,51.88240072350185],[5.074210829926758,51.88235727467781],[5.074094927943221,51.88231561950979],[5.074026841725857,51.88229027069711],[5.07400076164893,51.88228121283992],[5.07391818940607,51.88225043234385],[5.073835604760378,51.882221449426964],[5.073829807813574,51.882219636298316],[5.073806626289571,51.88221148496235],[5.073687807806593,51.88217161928318],[5.073635660461457,51.8821517057752],[5.07359365465113,51.88213541464958],[5.073563217663436,51.882126345067654],[5.073516842288139,51.88211183992304],[5.073505248448993,51.882108213634005],[5.073469027111605,51.8820955332456],[5.073098681177882,51.88209364511639],[5.073062372139778,51.882093548062265],[5.07305657524069,51.8820917348955],[5.073039178272396,51.88208719421196],[5.072953670946429,51.88206089936528],[5.072892803619627,51.882041861043476],[5.07274059470958,51.8820001074213],[5.072633327487656,51.881970158769754],[5.07257388764388,51.88195471944446],[5.072515881344619,51.88194198043377],[5.072431745239554,51.88192737373708],[5.072370821730275,51.88191642451142],[5.072333104496984,51.88191003161146],[5.072272206191834,51.881895487060596],[5.072146052637589,51.88186638618314],[5.071992373779249,51.88182732415327],[5.071935820161857,51.881814588751816],[5.071863303299459,51.88180001281792],[5.071744462430292,51.88176374044705],[5.071589382344761,51.88171748344335],[5.071518311796112,51.88170381001557],[5.071479148819146,51.881696514121515],[5.071448681027967,51.881691938084124],[5.071342773135533,51.881675474433614],[5.071303629137147,51.881665482025596],[5.071096271701768,51.881618184992384],[5.070851261145642,51.88155550603295],[5.070800511249489,51.8815436845421],[5.070799065224479,51.8815427818133],[5.070732371181558,51.88152642318572],[5.070636680912954,51.88150279572899],[5.070451116365661,51.881454657422026],[5.070362688096971,51.88143104931518],[5.070240900430435,51.881401059320574],[5.070153893058966,51.88138194906592],[5.070097334191096,51.8813701115978],[5.069894349071301,51.88132102656323],[5.069679726695762,51.88127460624015],[5.069540543622739,51.881240074335864],[5.069518790339386,51.88123552135316],[5.069457881169461,51.881222772980166],[5.069325972782663,51.88118646281933],[5.069196937518114,51.88115465446259],[5.069005592051863,51.88110290287785],[5.068931637672414,51.88108652356508],[5.06888520129919,51.88108100477565],[5.068859116603386,51.881072844595224],[5.068822884695982,51.88106196041084],[5.068783741792691,51.881051967163174],[5.068674938094036,51.88103459441887],[5.068603824977609,51.881027210956525],[5.068506589103127,51.88101706010253],[5.068432552293201,51.881012365114124],[5.068323659676596,51.88100757550134],[5.068272828269478,51.88100743755693],[5.068171165456326,51.881007161602135],[5.06815375665941,51.88100441783179],[5.06809280995579,51.88099706166108],[5.068082650049573,51.88099613523565],[5.068069591865721,51.88099430210287],[5.068030430068003,51.88098700505921],[5.06797235618386,51.880984150806704],[5.067827174694906,51.880976565640744],[5.067718301370469,51.8809690790119],[5.06767185888746,51.88096445856119],[5.067574623360554,51.88095430693586],[5.067475935553928,51.88094415127861],[5.067387394896452,51.88093671966145],[5.067345303063841,51.880933009757456],[5.067304663561483,51.88092930379194],[5.067277101363011,51.880924734579835],[5.067226302002545,51.880920102091245],[5.066996950074798,51.88090329832424],[5.066976623955921,51.88090234410121],[5.066872107920704,51.88089486856098],[5.066700804315757,51.880884514285235],[5.066650005060587,51.88087988154739],[5.066610811583444,51.88087707812175],[5.066591944208665,51.88087522897606],[5.066578886121006,51.88087339567762],[5.066539699057474,51.880869693410006],[5.066520838092594,51.880866945434676],[5.066497620166771,51.88086418556583],[5.066278402999487,51.88085190223146],[5.0662595228309,51.8808518506688],[5.066208742888725,51.88084452128562],[5.065989564384077,51.88082684450303],[5.06595472795395,51.88082405276784],[5.065911177610384,51.88082123719794],[5.065857473869767,51.8808165961759],[5.065813904285676,51.880816477024496],[5.065748325235242,51.8808477569032],[5.065698670267563,51.880886270999],[5.065672573422556,51.880879907747556],[5.065669675200427,51.88087900098192],[5.065598582094001,51.88086891924601],[5.065295162693745,51.88085190942628],[5.065173219214858,51.88084438463243],[5.065142739782936,51.8808416045961],[5.065139835142538,51.88084159663553],[5.065073060577602,51.88083691943125],[5.064935148094936,51.88082845177856],[5.064795776906765,51.880820878797515],[5.064689809108229,51.880813397331124],[5.064576579750235,51.88080589583298],[5.06456351532237,51.88080496112865],[5.064498186746979,51.880801186403176],[5.064444483177487,51.88079654473518],[5.064319641803895,51.88078811225941],[5.064135261887444,51.88077861714576],[5.064125102112811,51.880777690378125],[5.064069939839565,51.8807739433641],[5.064065589338788,51.88077303256532],[5.064026389664008,51.880771127095464],[5.0639174851978,51.880768131034536],[5.063895693976271,51.880768969919124],[5.063808541998168,51.8807705277809],[5.063702542183643,51.880767539514196],[5.063645901795865,51.8807673835751],[5.06359797531425,51.880767251605334],[5.063584904455682,51.88076721561019],[5.063491975521854,51.8807642631486],[5.063362699863754,51.88076660346997],[5.063265375180499,51.88076903173026],[5.063185497710826,51.88076881151093],[5.062992326521042,51.88077007639206],[5.06276574553616,51.88077214755576],[5.062726532958879,51.8807720392881],[5.062594372051868,51.880771674289505],[5.062351835009176,51.8807710040701],[5.062222598213458,51.8807679502289],[5.062144186052404,51.88076593568194],[5.061988827057739,51.88076011281451],[5.061836359742883,51.88075609541972],[5.061715843427724,51.88075216632976],[5.061415265879729,51.88074414271287],[5.061410908929871,51.88074413063369],[5.061290386176557,51.88074109992508],[5.061106007102783,51.88073160005678],[5.061066833642855,51.88072609832792],[5.060892692567231,51.88070673934273],[5.060754826914657,51.880691975057545],[5.060661950494014,51.88068182981451],[5.060612643540994,51.88067180559488],[5.060587986811565,51.88066724288619],[5.060577840180953,51.88066451817614],[5.060502456861157,51.88064543306814],[5.060369072471652,51.88061360290466],[5.060325581434308,51.8806026959038],[5.060298033204703,51.88059632741892],[5.060015309391459,51.880529925543584],[5.059874670684243,51.880497175782324],[5.059870320295503,51.880496264828224],[5.059780453711249,51.88047174589464],[5.059641300370087,51.88043450581166],[5.059465885442803,51.8803908725834],[5.05933687909739,51.880356356945924],[5.05925143548317,51.88032286158602],[5.059216691561496,51.880307484404156],[5.059186298018597,51.88029301819158],[5.059080627265346,51.880245084866495],[5.058901105852162,51.880167283553945],[5.058725928826835,51.88009129178119],[5.058695522467834,51.88007862307697],[5.058670912182501,51.88006776824168],[5.058546388952329,51.880016186379244],[5.058343652434595,51.87993562276927],[5.058165533254985,51.87986501493782],[5.058082996020687,51.87983152686032],[5.058084632329252,51.87980636403121],[5.058084645473658,51.87980456639573],[5.058087885224413,51.87975873482584],[5.058071995537634,51.87974700545176],[5.058041602741736,51.87973253894253],[5.057982249768535,51.8797063064226],[5.057830227071177,51.87964206304134],[5.057763626099042,51.87961401242175],[5.057699916607899,51.87958776754444],[5.057660810369034,51.879573276502626],[5.057543472054823,51.87953249975225],[5.057219077935372,51.879406651016026],[5.057098882056226,51.87935957394078],[5.056971431673743,51.87931157751854],[5.056839644549454,51.87926087225618],[5.056778438143132,51.879289462924866],[5.05677118339591,51.87928854368859],[5.056655127282778,51.879271139394625],[5.056627600193274,51.87926207359586],[5.056277096268533,51.87913255344427],[5.056120674883241,51.87907458730348],[5.056081576212024,51.87905919691806],[5.05607723265156,51.8790573870058],[5.056023644465966,51.879037461588496],[5.055864339069547,51.8789767904671],[5.055631167631252,51.87888894563298],[5.055444356585372,51.87881651144989],[5.05540958862786,51.87880472841165],[5.055367585929142,51.878789329587185],[5.055241604520839,51.8787395377531],[5.055137347457134,51.878697896703756],[5.055027288225742,51.87865534032313],[5.054925922779772,51.87861550493189],[5.054830339948857,51.878579281154764],[5.0547478075591,51.878545790732225],[5.054695686096077,51.8785240711822],[5.054446637659689,51.878423595343975],[5.05425404809547,51.87834754754598],[5.054128069158241,51.87829775451679],[5.054068693753854,51.87827511528844],[5.053996281559392,51.8782479448804],[5.053598115976994,51.87808502457355],[5.053492436379031,51.878039782669816],[5.05342293603182,51.87801172133895],[5.053408453748818,51.878006287181236],[5.053376598071267,51.877993612973896],[5.0533621224659,51.87798727999288],[5.053240562218603,51.87792940903022],[5.053130600055013,51.8778742674248],[5.052991707187668,51.877803763211766],[5.052852814755758,51.87773325883425],[5.052805098543946,51.877705259117796],[5.05280220078627,51.877704352034684],[5.052768940022369,51.87768538180643],[5.052677817750609,51.87763568641196],[5.052572233681052,51.877577860233025],[5.052416036401514,51.877491126992545],[5.052332196017791,51.8774387555642],[5.052270018554207,51.87740262488472],[5.052233860512321,51.87738274740824],[5.052202039053764,51.87736557879408],[5.052089308962283,51.87729245157973],[5.05197508687294,51.87722471301939],[5.051954849764801,51.87721207156941],[5.05194906104171,51.877209358543524],[5.051921596417,51.87719220228303],[5.051912916686973,51.87718768333281],[5.051805942727428,51.8771217629613],[5.051782808014423,51.8771082143738],[5.051753898015453,51.87709015511102],[5.051737990827443,51.87708112133102],[5.051727872337554,51.877074800586],[5.051696057989231,51.877056733016786],[5.05169316699508,51.877054927088686],[5.051641115739257,51.8770242180059],[5.051610753656344,51.87700615456063],[5.05156012119698,51.87697994367727],[5.05148493558416,51.87693568588903],[5.051438639739133,51.87691218385306],[5.051396687104916,51.87689049188443],[5.051147822841365,51.87676753860463],[5.051127566039519,51.87675759346451],[5.05111598881082,51.87675216733071],[5.051076920718294,51.876733180007655],[5.050971320683759,51.876678048839224],[5.050706504933964,51.87655235245979],[5.050613921615715,51.87650444893732],[5.050556063023667,51.876473722733316],[5.050522790671584,51.87645654950274],[5.050488066168542,51.87643937210133],[5.050408512539383,51.87639689877365],[5.050236403464923,51.876302926301115],[5.050156850314683,51.87626045280265],[5.050110576051026,51.87623425378961],[5.050060005921122,51.876199952900386],[5.050009429135487,51.87616655080685],[5.049967531755184,51.87613766778637],[5.04991696184286,51.87610336683531],[5.049795606494554,51.87601942659196],[5.049619345882445,51.875898476176],[5.049552876930491,51.87585424218027],[5.049464686463006,51.87580185618075],[5.049396765651594,51.87575761792236],[5.049297079780404,51.87568901968114],[5.049295634375388,51.87568811668746],[5.049204668459619,51.87561864460609],[5.049165635906137,51.87559516255819],[5.049052996207246,51.87551124661031],[5.048990911830539,51.87546342956218],[5.048969230962268,51.875449884598964],[5.048956229201295,51.87544085880154],[5.048910003762132,51.87540836759107],[5.048759758030597,51.87530456866607],[5.048704853835977,51.8752675581902],[5.048668726123011,51.875244084343294],[5.048636921057871,51.87522511712588],[5.048625364804862,51.87521699429344],[5.048532874358234,51.87515740449819],[5.048420182820016,51.8750806784813],[5.048402811350514,51.87507343769673],[5.048401365983219,51.87507253469204],[5.048385446651657,51.875065298092],[5.048365252116058,51.875047263116365],[5.048277125517707,51.874986786864106],[5.048180306700062,51.87492358895393],[5.048142747720096,51.874897414302126],[5.048112408788358,51.87487665349738],[5.048079206261434,51.87485049139716],[5.048059032259491,51.87482975991584],[5.048012923227283,51.87478198845214],[5.0480263038502,51.87474068057021],[5.048029289357899,51.87472990314272],[5.048022123564808,51.87471729873777],[5.047975974047874,51.87467492016452],[5.04778683075493,51.87453055999702],[5.047652590884234,51.87442321051915],[5.047628040599155,51.87440516282659],[5.047606340309484,51.87439431406346],[5.047581729029986,51.87438435571951],[5.047522192532949,51.874384183617444],[5.047466971665851,51.874389416986766],[5.04744234685243,51.874381256248746],[5.047425002946791,51.87437042004898],[5.047409124727203,51.87435779041084],[5.04725760354498,51.87423151491735],[5.04720275620293,51.87418731319575],[5.047149347491326,51.8741449132861],[5.047081546902237,51.8740853937847],[5.047039673713806,51.874053813262655],[5.047022357199621,51.87403938173279],[5.047020911893238,51.87403847871106],[5.04700358859852,51.874024945996034],[5.046973291538715,51.87399879199016],[5.046896826392971,51.87393295542942],[5.046709236945992,51.87377601427781],[5.046658746962971,51.8737318249245],[5.046654431493611,51.87372641939294],[5.046645800557996,51.873715608329384],[5.046621448263149,51.873671494715204],[5.046675331841908,51.87365097763464],[5.046910957034633,51.873600426560024],[5.047161136472023,51.87354542294873],[5.047388048082432,51.873494845700435],[5.047710972655116,51.87342117570264],[5.048013533243489,51.87335194021948],[5.048330627176208,51.87328094820031],[5.048638994159306,51.87321172785451],[5.048941524901893,51.87314608524747],[5.049145165664097,51.87309993179866],[5.049241177618014,51.873076838234994],[5.049279005593156,51.87306705982628],[5.049430310585755,51.87302884488728],[5.04965582563803,51.872970169714094],[5.049664551502043,51.872968397107265],[5.049830410145591,51.87292572927575],[5.050428411583911,51.87276655296425],[5.051071529807505,51.87259312129593],[5.051614230751129,51.872449060972606],[5.051905189229195,51.872376186992184],[5.052081241332981,51.87232905088978],[5.052116163976812,51.87231926328207],[5.05214236096683,51.87231124845583],[5.052151113362638,51.87230588039127],[5.05215405089514,51.87230139458178],[5.052223187181082,51.87237709403848],[5.052249658366493,51.87233222764351],[5.052283490011615,51.872273899665025],[5.05228639409592,51.87227390794309],[5.052382429418685,51.87224721653318],[5.052436268568079,51.872232089711105],[5.052513407147189,51.87220804086383],[5.052549808368305,51.87219466199021],[5.052622624105347,51.87216610657257],[5.052676456398372,51.872151878458276],[5.052820528630621,51.872109144379486],[5.052974798202278,51.872061944946104],[5.053136340959232,51.87201296831567],[5.053223696363276,51.871981757353325],[5.053340098948626,51.87194973003059],[5.053600518829782,51.871882158100476],[5.05361347387683,51.87189747511607],[5.054159010094292,51.872349340161314],[5.05482261205847,51.87274221342776],[5.055362036596773,51.8730412532088],[5.05574568296886,51.87319873373629],[5.055964476362523,51.873263168170354],[5.056211044874344,51.87330251300603],[5.056451812113576,51.873340942155885],[5.056951043123084,51.873380996398744],[5.05754879925655,51.87345098660025],[5.058150729554247,51.87354615287698],[5.05900811178341,51.87365820892649],[5.05965194277605,51.87378314613731],[5.060275448009363,51.87390802325744],[5.061097523282029,51.87408468202371],[5.061287455777442,51.87412565665369],[5.06180361833951,51.874235846460564],[5.062372266938187,51.87431741633048],[5.062743793149941,51.874348104436756],[5.063388096994116,51.87441010386175],[5.064430591331464,51.87443005008834],[5.065296307916012,51.87439647153872],[5.065815141906192,51.87433766974828],[5.066520132555372,51.87423892623106],[5.067232367862896,51.874141995887676],[5.067765685541277,51.87408771911076],[5.067862995536968,51.87408528710716],[5.068523963041205,51.87405022930642],[5.06906110718296,51.87407056044955],[5.069598042558206,51.87412055017071],[5.07028754511559,51.874157466479446],[5.070943909252538,51.87415743726113],[5.071604913259236,51.87411696920387],[5.072282071551724,51.87405047447319],[5.072684454472624,51.874029980153985],[5.073089452748066,51.874050837915426],[5.073326164164369,51.87404877395919],[5.073506318745103,51.87403577251446],[5.073658770621886,51.87403887592654],[5.073825537067107,51.87407167891341],[5.074118380499122,51.87414166994615],[5.074885284489692,51.8743252757563],[5.075531917945834,51.87447260414953],[5.075950665922575,51.87460584301225],[5.076456841655111,51.87469616748546],[5.077232712613717,51.874845625864225],[5.077914477978165,51.87495438382596],[5.078618034835346,51.87506229621603],[5.079518655925918,51.87523363906673],[5.079862285583433,51.875311838229926],[5.080269510577102,51.87543424547241],[5.080531736958529,51.8755248137123],[5.080816880749439,51.87566218058105],[5.081072750832962,51.87583362624972],[5.081184041720118,51.8759112160062],[5.081322502732203,51.87605089604903],[5.081459744404541,51.87615641699571],[5.081913452432026,51.87649286232244],[5.082228420487919,51.87673097279625],[5.082572089118946,51.87702039044551],[5.082846360029408,51.87726468557195],[5.083176396136726,51.877638556642765],[5.083448148337594,51.878041937683385],[5.08365948085307,51.87836067148904],[5.083933396439542,51.878659792046236],[5.084102287088792,51.878812130952916],[5.084425845394946,51.879072728450524],[5.084811595577526,51.879372135005745],[5.085285391643181,51.879753560510714],[5.085341735495426,51.87979774817646],[5.085167694849358,51.87997886568513],[5.084818132891251,51.88034469145396],[5.084752314063138,51.88041373237632],[5.084749391327241,51.88041642135928],[5.084747932978965,51.88041731644098],[5.084702591262214,51.88046483799411],[5.084767637222343,51.88051084600069],[5.084763262169233,51.88051353124637],[5.084987284230244,51.880675897885],[5.085005826420133,51.88072628033042],[5.084982166872167,51.88078913793938],[5.084880401792536,51.88080415637927],[5.08463756810377,51.880847574333934],[5.084367073271901,51.8809008076943],[5.084215819788509,51.88093187704998],[5.084169181996551,51.880956025343366],[5.08414138204019,51.88098651404538],[5.084107712209132,51.88102597595198],[5.084114628865533,51.8810772273877],[5.083782249489814,51.8812615296947],[5.083467350080561,51.881437786726444],[5.083363827315982,51.88149774106214],[5.0832778295266,51.881543359271056],[5.083242821502384,51.8815657396031],[5.083202137613357,51.88156833087216],[5.082844617725709,51.88138853730829],[5.082656055654335,51.88156691697222],[5.082613682169567,51.88160455822485],[5.082428120360203,51.88176856393723],[5.082332027687836,51.88180336925382],[5.082305812266886,51.88181408726176],[5.082305617430074,51.88184284947649],[5.082323383878482,51.88200738237365],[5.082328657553732,51.882086493533365],[5.082319858142014,51.882099054394686],[5.082306671192579,51.882116098047085],[5.082302271481364,51.882122378476964],[5.082297835235753,51.88213405182175],[5.082293350276205,51.88215291571973],[5.082285917958991,51.88217806381498],[5.082294333792552,51.88222212856384],[5.082330095018956,51.882303116488636],[5.082340121579084,51.88232381570336],[5.082380428791244,51.88237695152128],[5.082344143850628,51.88237326205965],[5.082338297835728,51.88237863990389],[5.082333922455914,51.882381325058155],[5.082189272712063,51.8825085842792],[5.081651399654617,51.883007838086115],[5.081914930241786,51.88312716917158],[5.081835994708764,51.88320156738487],[5.081749742011051,51.88328403604049],[5.081689809196917,51.883340506847176],[5.081622583696566,51.883401452835045],[5.081512963505843,51.88350273608484],[5.081398961159249,51.883607603168386],[5.081135429131322,51.8834882709316],[5.079628396523812,51.88488921523875]]]]}},{"type":"Feature","properties":{"gezicht_uri":"https://linkeddata.cultureelerfgoed.nl/cho-kennis/id/gezicht/10134616","gezichtsnummer":"220","naam":"Gelselaar"},"geometry":{"type":"MultiPolygon","coordinates":[[[[6.534011308304009,52.17204305639476],[6.533930534791902,52.17219934587589],[6.533870852606396,52.172323071013125],[6.53381657742035,52.17242966505898],[6.533749702191266,52.17255795438388],[6.533695149187997,52.17265376464516],[6.533638995739228,52.172744197221576],[6.533571449591577,52.17284642577007],[6.533524926253033,52.17291339412493],[6.533509449242962,52.17293691509755],[6.533421809607273,52.17305372069847],[6.533393409012546,52.17308635590943],[6.533352362040531,52.17313888908748],[6.533241378761582,52.17308693411523],[6.533226577931276,52.17307988695841],[6.533219177517877,52.173076363379316],[6.533173267268578,52.173053438805645],[6.532298381364141,52.17263047786326],[6.532100013118659,52.172534426641924],[6.531601308627056,52.17224263923508],[6.531518376323182,52.17220119694822],[6.531403473922897,52.17216725564985],[6.531318402678812,52.17215639548812],[6.531300794581801,52.17215386966074],[6.531162829978217,52.17213273595493],[6.530792968553514,52.172076097959106],[6.53068532880784,52.17204028782293],[6.530658480589453,52.17207650279627],[6.530618985051962,52.172132615450636],[6.530531240056071,52.17241660935209],[6.530450387242799,52.172684356749144],[6.529466203962222,52.17267321681223],[6.52866773571999,52.17266386724992],[6.528571803672519,52.172457157036625],[6.528372588397538,52.17204200975146],[6.528279536224152,52.17183347370158],[6.528268845367411,52.17181559975954],[6.528261238609855,52.17180398805864],[6.528259777042536,52.17180400219637],[6.528195652019026,52.171811813401206],[6.528186790644307,52.171808303640816],[6.528175029128251,52.17180572079851],[6.528091328948248,52.17179124958675],[6.528007605833494,52.17177587966998],[6.527708136236492,52.17172753995403],[6.52752468229503,52.17169965086759],[6.526776023557064,52.1715792463976],[6.526716390046468,52.17153398021975],[6.526709311874131,52.17154303727039],[6.526683753547908,52.171515419261766],[6.526665732655638,52.17149671711618],[6.526556949636322,52.17141597090445],[6.526542425918712,52.171419706652834],[6.526376527660492,52.171678384986414],[6.526323972334898,52.17179574528288],[6.526312203015072,52.17190731850561],[6.526310741443563,52.171907332619156],[6.523638286722254,52.172364564952616],[6.523065913697369,52.17273681536557],[6.523057304324091,52.172743190331815],[6.522624751041296,52.17252084002028],[6.521899970805539,52.1721323124628],[6.521339185274598,52.17238579256451],[6.521202962269502,52.172490471838394],[6.519920919657506,52.17226369070286],[6.519884881404596,52.172341339270126],[6.519844412605146,52.17241723263154],[6.519785330953943,52.17250858541226],[6.519750046359046,52.17255836183424],[6.519703137373933,52.17261094644265],[6.519611808692051,52.17269901324076],[6.519514268146493,52.17277275772711],[6.519275839758003,52.17294043750613],[6.519157949635844,52.17301887130512],[6.51897294278222,52.17298738836318],[6.517683953507162,52.172775031425026],[6.517194247967214,52.17277702674377],[6.517185455573429,52.172776212099876],[6.517113836989688,52.17277689810885],[6.517003601234711,52.17217661247072],[6.516999216482253,52.172176654465616],[6.516412984619394,52.17217687442452],[6.51640271681548,52.17182911151105],[6.51641000192549,52.17182814290823],[6.516440558423881,52.17182245720452],[6.516716436337065,52.17174790666539],[6.516902083129046,52.17168950035276],[6.517015953316268,52.171625489155666],[6.517029312317381,52.171633451003274],[6.517088758396546,52.17161400543333],[6.517096293912097,52.171622921918676],[6.517228340013312,52.171583904673],[6.517199872861796,52.17144125762296],[6.51719336627583,52.1714152528271],[6.517113985677044,52.17110949977506],[6.516998673131552,52.170654878983406],[6.51698782771243,52.17063071346304],[6.516968627429923,52.1705652801036],[6.516888903824658,52.170303574619076],[6.516868333363771,52.17024174982949],[6.516656722602057,52.16956333421331],[6.516638848224237,52.169492494899735],[6.516411765232466,52.168780070016616],[6.516386538707761,52.168707503308696],[6.516379185849348,52.168705775962515],[6.516374755932776,52.16870402063554],[6.516280657550372,52.168393913506705],[6.516294589642792,52.168366814147966],[6.516281578457616,52.168314804422685],[6.516203102523433,52.16798657034731],[6.516186781953037,52.16791931155022],[6.516180936173005,52.16791936750131],[6.516176506342509,52.167917612166406],[6.51617344696659,52.167912248247546],[6.516089974120523,52.16755979250734],[6.516048292181615,52.16741457499403],[6.516037448077882,52.16739040936907],[6.516038750293393,52.16738410483917],[6.516032404204877,52.167364390501504],[6.516011722596377,52.16729807227821],[6.515977205949254,52.16720492044203],[6.51595805414645,52.16714128416954],[6.515948648835318,52.16711620590084],[6.515933290063799,52.167029162788985],[6.515931260092895,52.167006710542914],[6.515930805249406,52.16698873755829],[6.515942366013572,52.16692570625021],[6.51596527688801,52.1668490833226],[6.515980510904782,52.16681567946483],[6.515983320007123,52.16681115824829],[6.515987681490294,52.166810217643395],[6.516007578442395,52.16673002807981],[6.516033411914006,52.16665337716602],[6.516049902517626,52.166611871469364],[6.516075002282487,52.1665639913079],[6.516282849708835,52.16622852227142],[6.516306942606865,52.166198629033],[6.51632671955869,52.16617147370554],[6.516342044076488,52.16614166439577],[6.516362013722249,52.16600664317057],[6.516373277877998,52.16593192937145],[6.516376615497293,52.16589054953435],[6.516394020864136,52.16582746221279],[6.516409805551096,52.165758098333455],[6.516426067966618,52.165707606086734],[6.516442648868016,52.16566969492779],[6.516458064145994,52.16564348019833],[6.516480763501017,52.16561629686156],[6.51650652208255,52.165594477433125],[6.516529585435784,52.165581672475746],[6.516640244839097,52.16550690580977],[6.51679391716381,52.16522588652621],[6.516848383766833,52.16512559063392],[6.516915114609043,52.16499012142472],[6.516915091848381,52.16498922277541],[6.517008854882333,52.16488225834814],[6.517260920476877,52.1647926534972],[6.517440441833481,52.1647244172152],[6.517441880402226,52.16472350456295],[6.517594003969947,52.16461238493778],[6.517774605329493,52.16441380200101],[6.517777436877961,52.16441017939001],[6.517883619614832,52.164274331427414],[6.517923329346166,52.16422631077735],[6.517945548693102,52.164180255524386],[6.517964594760359,52.16412434314517],[6.517975217901164,52.16402446700125],[6.517983621296671,52.16401000455645],[6.517960360799625,52.16389966683989],[6.517957535964893,52.16378823433779],[6.517952270271987,52.16363817392542],[6.518002280108857,52.16353522356637],[6.518092633293024,52.16346694221516],[6.518321379225672,52.163322727665225],[6.518534892810467,52.16321191687359],[6.51935005386421,52.16273398723613],[6.519455152942138,52.162670956471054],[6.519573628754013,52.162731840968455],[6.520885002376184,52.16205318219327],[6.52097418436282,52.16205412268413],[6.521085467176316,52.1620045140152],[6.521578565579505,52.16179572938485],[6.522315703962422,52.161470437926205],[6.5225383549233,52.16137481255376],[6.522704520404504,52.16129950568976],[6.522778150729331,52.16126374091481],[6.522830045607452,52.16123537632521],[6.522886118181177,52.16119888166704],[6.522866435953198,52.161172105126084],[6.522825476002651,52.16117070177989],[6.522803489053641,52.16116821687378],[6.522791730654759,52.16116563348108],[6.522778442407596,52.161160368210794],[6.52271474065971,52.1611268245133],[6.522299059236214,52.16087374936655],[6.521914616406602,52.160641945084066],[6.521732259968821,52.16054032948319],[6.521684495969259,52.16050123871332],[6.521673262016549,52.16046179655243],[6.521814038301858,52.16042268987703],[6.522221776603802,52.160306408113826],[6.522234813019094,52.16030178831301],[6.52224497277568,52.16029899393241],[6.522284287790701,52.16029322235609],[6.522294493273962,52.160292225268606],[6.522314995704249,52.160293825685606],[6.522320863341632,52.16029466808213],[6.522413375849515,52.16031175504499],[6.522680685431238,52.160363113969936],[6.522905300631418,52.16040229925528],[6.523034503663191,52.160425324504885],[6.523241424911639,52.16045838747072],[6.52352031145282,52.16050513864801],[6.523781412310673,52.1605421730088],[6.524381608839336,52.16063706087451],[6.524425628205136,52.16064382739193],[6.52507418478453,52.1607436386593],[6.52558623258783,52.16082049457289],[6.525672833778677,52.16083493944214],[6.525687491738608,52.16083659569019],[6.525712424034002,52.160839950496396],[6.525894508581653,52.16087324857955],[6.526081137630723,52.160912794584895],[6.526313454704669,52.16096717982065],[6.526388435549521,52.160984433005424],[6.526747267258887,52.16107085351002],[6.526926545873883,52.16110867146682],[6.527080869258736,52.161142235991974],[6.527189527625432,52.16116185979384],[6.527305469218413,52.16118051422376],[6.527446297592784,52.161200725683464],[6.527590002589094,52.16121911142344],[6.527730716331731,52.16123482930693],[6.527927071499191,52.16125450323182],[6.528289027700722,52.161291451041336],[6.528265520144854,52.16134381289511],[6.528324153035289,52.1613504365843],[6.528310345357511,52.161382030602944],[6.528136343971276,52.161779216443094],[6.528336533703072,52.16177727974456],[6.528601373195381,52.16184572776097],[6.528871575481102,52.16189524702048],[6.52915405536329,52.16191048975498],[6.529734168698643,52.16190487162715],[6.530032515386266,52.16191186873187],[6.530325224449299,52.16192700954884],[6.530618210120822,52.16195293339449],[6.530908964853516,52.162005844237264],[6.531458997403764,52.16213803638691],[6.531726996851766,52.16221543546908],[6.531951182660634,52.16229415806901],[6.531983630065102,52.1623055284454],[6.532029367160728,52.16232216303718],[6.532109013014758,52.16235015376859],[6.532709467238972,52.16256724330833],[6.533849857116778,52.16297773218638],[6.533945833447057,52.16301545049765],[6.53404194856518,52.16305856060165],[6.534129319295952,52.16310265452963],[6.534212421894556,52.16315128425009],[6.535115727720526,52.163719570885334],[6.535322063509335,52.16384250550018],[6.5354316110756,52.163896270173545],[6.535559623780487,52.163929180960366],[6.535695756646705,52.163936844181755],[6.535837086835229,52.16391928827208],[6.537135592089715,52.16365674979694],[6.537163217722258,52.16365108723659],[6.53737406297908,52.16360858220415],[6.53755874359962,52.16357172520242],[6.539007253493838,52.16328882658034],[6.539154123733999,52.16325952725328],[6.539277775738985,52.16323674662737],[6.539159807997643,52.16336643733498],[6.539132646939481,52.16339007323995],[6.538986635384123,52.16350925120393],[6.538929784749612,52.163571828412856],[6.538893136863548,52.16362432075158],[6.538876831034636,52.16367212010245],[6.538863169344897,52.16370910718714],[6.538855376030318,52.16374693584137],[6.538851804191642,52.16377843118308],[6.538851247756988,52.16381349256392],[6.538852106220516,52.16384674238859],[6.53885275586957,52.16387190441793],[6.538855098841696,52.16390603861793],[6.53886317102876,52.16393562252515],[6.538875928774942,52.163976845996736],[6.538887132426899,52.164014489159776],[6.538898266489583,52.16404943638984],[6.538912694439861,52.1640987333824],[6.538951014438577,52.16422420105937],[6.53901427113135,52.16446627836111],[6.539067785858464,52.16467069820648],[6.53912074485332,52.164910179393985],[6.539133387857654,52.16500353843336],[6.539169832638936,52.16528273116215],[6.539167815094391,52.16531780680703],[6.539163755969617,52.16533043063396],[6.539161343865548,52.16535022933738],[6.539153480901582,52.165385362070005],[6.539149653854565,52.16540697233225],[6.53914436544997,52.16542859686618],[6.539137731728554,52.16545472888963],[6.539128128871339,52.16547909216896],[6.539117134271914,52.1655061656498],[6.539100619140087,52.16554587722541],[6.539087142735594,52.16559005347391],[6.539059400804408,52.16564785208418],[6.539021614911641,52.16571293972959],[6.53895116891015,52.165815199953975],[6.538877498199609,52.165905806306306],[6.538811180459066,52.1659981385602],[6.538744630434294,52.16608148434029],[6.538674832608968,52.16615227760454],[6.538542543208115,52.16629379268586],[6.538162209142207,52.1667361530493],[6.537753775232942,52.1672228308159],[6.537437474722343,52.16759804770242],[6.537355214835099,52.16769592774936],[6.536916907012119,52.16821525300856],[6.536664458916223,52.1685161379919],[6.536471721686167,52.1687517220505],[6.536330090371926,52.168928381410716],[6.536181382076943,52.169114098214735],[6.535897650826309,52.16944944318184],[6.535699244700686,52.16969227204303],[6.535680777526644,52.16971312583472],[6.535550322997375,52.16986990024845],[6.535266559093609,52.17020434503869],[6.534987083004442,52.170535151901646],[6.534701826016826,52.17086871089742],[6.53453632898807,52.17108425146031],[6.534517883817033,52.171106003712126],[6.534427142355932,52.1712156493575],[6.534399298467719,52.17126985226862],[6.534351871238836,52.171358402626126],[6.534289245107245,52.17148125776854],[6.534221327128727,52.17162573717556],[6.534147516233793,52.171768476096126],[6.534083727848365,52.171903027704985],[6.534044698988483,52.1719771143719],[6.534011308304009,52.17204305639476]]]]}},{"type":"Feature","properties":{"gezicht_uri":"https://linkeddata.cultureelerfgoed.nl/cho-kennis/id/gezicht/10134617","gezichtsnummer":"1733","naam":"Hoog Soeren"},"geometry":{"type":"MultiPolygon","coordinates":[[[[5.86504099724695,52.222624136086296],[5.865024773069297,52.22206694836541],[5.864997580232591,52.21980568763869],[5.864499582308032,52.21962794313367],[5.864447907718367,52.218766206445885],[5.864442458222723,52.21866736088055],[5.86443335973136,52.21850112033802],[5.864137649235766,52.218490631196225],[5.864085885318588,52.21843960894781],[5.863584396777144,52.21793381400878],[5.863421812099861,52.21778257347984],[5.863327413228523,52.21771284817734],[5.863194777599166,52.21762530107175],[5.863230974915274,52.217589203236805],[5.86329611071829,52.217522429590076],[5.863876548164939,52.21692867882667],[5.864263026179881,52.21653434327554],[5.864345505760265,52.216447725400215],[5.86530933249078,52.21544885711883],[5.866104257689512,52.214939611724745],[5.86694140030079,52.21468365009206],[5.866988066749773,52.21466907964956],[5.869251821710263,52.21495196497207],[5.870929572317837,52.21435908502745],[5.870885404301583,52.21433409970813],[5.870843938153039,52.2142884309602],[5.870838865462022,52.21422553592575],[5.87082578406755,52.214098859087095],[5.8708224771307,52.21406381953619],[5.870663028773294,52.21245023230169],[5.871101646137087,52.212554492939674],[5.871267493862806,52.21260144913661],[5.871311523599447,52.21261385171544],[5.87153900770393,52.21267763185776],[5.871787044358718,52.21274761876549],[5.871884127586045,52.21279485640739],[5.872338341717543,52.21298713059035],[5.872937741682148,52.21320936473692],[5.873095070000946,52.21327972217544],[5.873183514343213,52.2133395774838],[5.873276573911735,52.213420086066485],[5.873469429775478,52.2136619670487],[5.873630216430225,52.21391476545353],[5.873732665477467,52.214184881277156],[5.873782923214383,52.21436533241607],[5.873818353326867,52.21452786871032],[5.873835518586223,52.21462576687342],[5.873846811607072,52.214721891649226],[5.873836117825869,52.21481451188499],[5.873809289803813,52.21490360344624],[5.87377658932765,52.214990921613655],[5.873743702158418,52.21506116338793],[5.873758333950005,52.215061103072465],[5.874589350783254,52.215051382879594],[5.878098754006181,52.215896988632096],[5.880119161453291,52.21599552541862],[5.880111745073617,52.2161186916729],[5.880118313355958,52.21631550093111],[5.880120273159713,52.216492555880116],[5.880146370942464,52.21673512224262],[5.880172180479041,52.216951624664794],[5.880228768713754,52.2170403692682],[5.88023188426308,52.217057433407774],[5.880229952842724,52.21714732122777],[5.880245560506899,52.21723533819032],[5.880280319886163,52.217334959514695],[5.880356289467878,52.2174559797976],[5.880430796202705,52.2175770061429],[5.880485842839292,52.21765856667916],[5.880536460051827,52.21773655051229],[5.880656568139164,52.21787895725015],[5.880717468656393,52.217960493203925],[5.880812363472688,52.218072446083966],[5.880882104002291,52.21815933776826],[5.880926909211394,52.218240940928276],[5.880987980147684,52.218337755582574],[5.881011930923716,52.21838619044478],[5.881022781923344,52.21844097168812],[5.881038192267578,52.218511013410016],[5.881029980652647,52.21856227921319],[5.881005742546284,52.21861990364337],[5.880961287303214,52.21870188016624],[5.88093707892886,52.21876220084794],[5.880810094418741,52.21918786303814],[5.880807297309964,52.219199559098776],[5.880717270101504,52.219394974524576],[5.880636032025637,52.219591251929444],[5.880565066443596,52.21979018272605],[5.880501416929687,52.21998908289695],[5.880446566840352,52.220189743849964],[5.880477854683887,52.22023994574088],[5.882311366703875,52.22154271561012],[5.883569668084708,52.222437126951135],[5.883941367732751,52.22269711329683],[5.882650997906105,52.22378828253419],[5.881570826341165,52.22470329189959],[5.880089745667726,52.223781927251416],[5.878834348636223,52.22301509614504],[5.878722849413328,52.222990394157144],[5.878555719833464,52.22296412603981],[5.876194779278133,52.22293618015286],[5.874951362094676,52.22272022045045],[5.874688748705325,52.22266108589466],[5.874411885304222,52.22263706262692],[5.874133942114084,52.22264809621968],[5.87386370888103,52.22269504922252],[5.873617253279026,52.222775159089906],[5.873403316246727,52.22288479478172],[5.873229165748624,52.22301943256766],[5.873106450569031,52.223173631896806],[5.87309355419328,52.22319885127211],[5.873067751590148,52.223248391262416],[5.872943625674099,52.22313924896063],[5.87277732522886,52.22305454751403],[5.872692131987034,52.22302613644553],[5.872602617122862,52.22300403465907],[5.872508790401255,52.222989140900864],[5.87241357866009,52.22298144313014],[5.872316972061203,52.2229800425878],[5.872220443794234,52.22298583201348],[5.872125467041524,52.222999704151576],[5.872034949060734,52.22301984947286],[5.87194888981973,52.223046267987584],[5.871867289290149,52.22307895970546],[5.870552337472949,52.22368654452196],[5.870101677326311,52.22383129746214],[5.869774045593554,52.22384971438509],[5.869639503871972,52.22385925226858],[5.868695434037904,52.22303891096815],[5.86857764345454,52.22310859864651],[5.868251278786012,52.223243849653386],[5.867447070539071,52.22344665681302],[5.867306869538511,52.22347419097992],[5.867163625182509,52.223490951804905],[5.866841732354894,52.22349855171446],[5.866570953993185,52.223496056435835],[5.866351522413481,52.22350503647464],[5.866060758290724,52.22354935852131],[5.866069307043682,52.22352775274671],[5.866129080407364,52.22337022100981],[5.866214086748742,52.22297350717965],[5.86628107933007,52.222806958093614],[5.86595945634039,52.222703103840324],[5.865102519152146,52.22262927980649],[5.86504099724695,52.222624136086296]]]]}},{"type":"Feature","properties":{"gezicht_uri":"https://linkeddata.cultureelerfgoed.nl/cho-kennis/id/gezicht/10134618","gezichtsnummer":"1734","naam":"Radio Kootwijk"},"geometry":{"type":"MultiPolygon","coordinates":[[[[5.811482287886258,52.186905725771176],[5.811436974770294,52.186907686324666],[5.8113844016475,52.18691506575632],[5.811324559942166,52.18692696528865],[5.811257415423975,52.18693978983937],[5.811229700768268,52.18694707984518],[5.811184396148993,52.18694993906957],[5.811086321691375,52.186939505915646],[5.810955564694208,52.186875262166815],[5.810096225515508,52.18646579722438],[5.810006550725957,52.1864157859282],[5.81119224795021,52.185469589460425],[5.811932369298243,52.184878213857516],[5.806417166103158,52.18072302051772],[5.80195863512326,52.17736378980348],[5.806518945712932,52.171025505159704],[5.808805830546489,52.16784638206807],[5.809647060332113,52.166692007065734],[5.811065173083784,52.16687836359694],[5.814581983392405,52.16734203662928],[5.81661621887475,52.16760249036404],[5.825199911244458,52.168714200955826],[5.825340416709116,52.16873255391758],[5.826239057352419,52.16884875280562],[5.829463236049202,52.16925195331046],[5.832232787250994,52.169939904871576],[5.832267195395914,52.16987236486377],[5.833125956268768,52.16614268545098],[5.833196177043791,52.165856600585165],[5.833220124891887,52.16576662972249],[5.834150424836357,52.16175354607574],[5.838132172410696,52.161238653052735],[5.838497072683314,52.161192316987545],[5.840969624190716,52.160879033103285],[5.846689535395908,52.160144132987895],[5.847415007936444,52.16006041161024],[5.847349399451908,52.16248384438755],[5.847350057799598,52.16254765692009],[5.847350447245732,52.16258540517841],[5.847296115262905,52.16454411124973],[5.847288122506454,52.16490276518761],[5.847280092543114,52.16525782403251],[5.847269049990239,52.16574591756226],[5.847266297111506,52.16590411775753],[5.847263377323989,52.166046140132984],[5.847253023139633,52.16631761923264],[5.847220560340149,52.167421476638026],[5.847199025872593,52.16830957840044],[5.847181875640171,52.169197662922556],[5.847171548100476,52.1694718381704],[5.847170701380037,52.16967317337723],[5.847165608612572,52.16988800718245],[5.847162688283265,52.170030029458715],[5.847160636318986,52.17011452494936],[5.84715863997183,52.170204413040125],[5.847167561672384,52.17036076997557],[5.84715966282393,52.170445288263004],[5.847147035765885,52.17049656927601],[5.847131234934785,52.17052359498245],[5.84703503269772,52.17069204624123],[5.846963243660572,52.17081815851498],[5.846882841311284,52.17095958396042],[5.84682815688562,52.17104338574354],[5.84679776605379,52.17107316466532],[5.846751120030651,52.1710859296595],[5.846299442348494,52.17122969949391],[5.845824512402547,52.17138704004545],[5.845307308206759,52.1715562273076],[5.844841104949884,52.17170993476764],[5.84481052786042,52.17172173783835],[5.844289151745261,52.17191250805569],[5.844236712322035,52.17193068731658],[5.843757557146695,52.172105113110256],[5.843288658265491,52.17228219369143],[5.843211450439681,52.172308557488265],[5.842123497412211,52.17270463653918],[5.842015746305732,52.17274639698749],[5.841916692456923,52.17278093338852],[5.84188464289497,52.172791842569005],[5.841826390918107,52.17281363836649],[5.84175781466325,52.17282648589993],[5.841719853699299,52.17283112620024],[5.841125688311328,52.172910711317726],[5.84066583313717,52.17297269990678],[5.840595684826253,52.17297476717955],[5.840518254901278,52.17297955880313],[5.840392530604681,52.1729791431307],[5.840224459646893,52.172983383988814],[5.840076945207647,52.17299653370349],[5.839719268216758,52.17304374539749],[5.839114936609088,52.17313054978918],[5.839155161613248,52.1732049962429],[5.839290632501715,52.173301547708014],[5.839343613289148,52.17333639791054],[5.839383264621102,52.173354221950056],[5.838875713763698,52.1733265061676],[5.838031169728611,52.173801608276925],[5.837714615219028,52.17386843032343],[5.837387899505421,52.17394248071572],[5.83691538863956,52.17405573464543],[5.836270920939092,52.1742235695901],[5.835738739672576,52.174364010004055],[5.835673254740905,52.17439391946501],[5.835622379205124,52.17442287454752],[5.835504701169106,52.17449612481048],[5.835487420977294,52.174522255737145],[5.835470213056311,52.17455557680035],[5.835464494156751,52.17471378763858],[5.835462256218263,52.17536362974717],[5.835474285640507,52.17539683969068],[5.835494959873098,52.17541743355536],[5.835528944737543,52.17545325645239],[5.835751669792688,52.17564924724374],[5.835877341651446,52.175788982325386],[5.836475097690036,52.176351154444355],[5.83655718235927,52.17637241300527],[5.836604117687252,52.17638751382026],[5.836633573465028,52.17640897282863],[5.836677775307284,52.17644295886117],[5.83682696997448,52.17659518650996],[5.838093933323142,52.17769497731181],[5.837952423163576,52.177725178591295],[5.834957418165237,52.17837383533717],[5.834954503228431,52.17837474520292],[5.838389372179133,52.18059517785264],[5.838492352891796,52.18065769999394],[5.838355392606553,52.18070496152827],[5.834112570660638,52.181894945554994],[5.833742242293398,52.18200060881307],[5.832778443750582,52.182269399300324],[5.831442841233229,52.18264474223661],[5.830621928227852,52.18287522723626],[5.829544294184629,52.18302218218948],[5.828776208240623,52.18312572538838],[5.827613837601963,52.18328106902846],[5.826663248938513,52.18341314244365],[5.826524530860336,52.18343253392108],[5.823284048222614,52.18385620751991],[5.822385949572478,52.18397546916296],[5.822242045888449,52.18406318349176],[5.821686019925537,52.18432408693151],[5.82115096734795,52.184336841928506],[5.819953872444701,52.18483737661524],[5.818944663444779,52.18571650482771],[5.818524890722576,52.18585735419317],[5.818100754709322,52.18600091438968],[5.817951450419001,52.18598528125474],[5.817438774813777,52.18589457576999],[5.817286433900932,52.185867268482],[5.81727203870385,52.18634548202079],[5.817201755507386,52.18633585142979],[5.817078623453477,52.18630484220892],[5.81702438171355,52.18629065906355],[5.816953994661817,52.18627024311637],[5.816868915928213,52.18624269024527],[5.81678972958172,52.18621960985113],[5.816685667893453,52.1861948223687],[5.816578889647233,52.1861916158565],[5.816480902175812,52.186190174857956],[5.816407798774517,52.18619133964421],[5.816322997439508,52.18619254693677],[5.81623522835857,52.18618927096676],[5.816157625776329,52.18617876757443],[5.816079971338993,52.186162871526136],[5.815989027097679,52.18613354174774],[5.815864278608332,52.186086358757066],[5.815737981729896,52.186030193270184],[5.815524990122875,52.18593030129845],[5.815301850191388,52.18583943375938],[5.815091845324718,52.185745821761394],[5.815056605208835,52.18573066999286],[5.815014088495929,52.1857191397977],[5.81495251974436,52.18570318467487],[5.814851384728087,52.185678384966586],[5.814624231384156,52.18562617905159],[5.814517273686826,52.18560409655047],[5.814483633959763,52.185603319596986],[5.814438305071878,52.185603483766265],[5.814384288992985,52.18561266736463],[5.814272007890979,52.18564543065133],[5.81411335726574,52.185722402786475],[5.81385583377834,52.18585815425611],[5.813739405811133,52.185916098396916],[5.813713240439736,52.1859323713766],[5.813691427348603,52.1859450334208],[5.813643405826689,52.185969474586436],[5.813507976818099,52.186028385978325],[5.81340168908094,52.18607640635185],[5.813360935483143,52.18609632714999],[5.813298196706108,52.186110934550534],[5.81321807424067,52.18614268187103],[5.813140850375255,52.18617172227501],[5.81308845016986,52.186197077820445],[5.813043421230122,52.18622869832586],[5.812985481031615,52.18628643057718],[5.812908797601747,52.186372093196645],[5.812856860547359,52.18644598209643],[5.812816278025723,52.18648387806048],[5.812740918884032,52.18655515500967],[5.812624873704598,52.18665354259485],[5.812572584153816,52.18669058189038],[5.812552224048761,52.18670233968299],[5.812507159912057,52.186730364911085],[5.812460590579447,52.186753901554354],[5.812306156788678,52.186813778853015],[5.812211435432929,52.18684827448192],[5.812137057094282,52.18686921478199],[5.811896263126846,52.186920414590226],[5.811856807641653,52.186923253016296],[5.811785165175433,52.18692440967688],[5.811717866699066,52.18692105666973],[5.811640255339107,52.18690965154081],[5.811550980127793,52.18690188351069],[5.811521734823263,52.186901988702495],[5.811482287886258,52.186905725771176]]]]}},{"type":"Feature","properties":{"gezicht_uri":"https://linkeddata.cultureelerfgoed.nl/cho-kennis/id/gezicht/10134634","gezichtsnummer":"1419","naam":"Zutphen"},"geometry":{"type":"MultiPolygon","coordinates":[[[[6.201825702633948,52.14739842205911],[6.201710309233198,52.14740011802767],[6.201094342875898,52.147353137696165],[6.200910156991419,52.1473481170195],[6.20091283294992,52.14733461605268],[6.200833912563708,52.147333362968105],[6.200735984335874,52.14733134213848],[6.200635150734613,52.14733024010328],[6.200575221824485,52.147328855833706],[6.200021748083491,52.14726346216117],[6.199582306209702,52.14720177450116],[6.198603995178238,52.14699368934936],[6.1985863993628,52.1469902150954],[6.198568787210397,52.14698584211801],[6.198551109704097,52.14697787425487],[6.198484766013165,52.1469450739017],[6.198484749675182,52.146944175180884],[6.198472948353524,52.14693796454312],[6.197707216140698,52.14636707829527],[6.197529172511479,52.14621729799159],[6.197257000031276,52.14603310961596],[6.196831738891711,52.14570525971846],[6.196582293632676,52.145484960414386],[6.19657994658674,52.14535554453643],[6.196697190689102,52.14521452169783],[6.196764375288819,52.14505227044521],[6.196798081528261,52.14497743585312],[6.196733923776024,52.14482327701337],[6.196659648782629,52.14459458442122],[6.196660901536869,52.144421999808486],[6.196621979706277,52.14420924347871],[6.196603009934311,52.1440493813446],[6.196101182039191,52.14400968109234],[6.195857446413924,52.14378125158426],[6.195644768026733,52.14365417681508],[6.195456358136635,52.14357637114884],[6.195305379099739,52.143548643324905],[6.195162412913289,52.14339861905753],[6.19494011796196,52.14338576076702],[6.194532957651873,52.14341012132214],[6.194066165846588,52.143449269881536],[6.193746519986552,52.14346583814797],[6.19268351122227,52.14341557942061],[6.192029645700997,52.14336970975306],[6.190861855225632,52.14334172179408],[6.190479747307994,52.14345937621776],[6.190014503266195,52.143584786134944],[6.189759645581626,52.14362966509265],[6.189255463140629,52.14353961714694],[6.188329851163953,52.143330189932946],[6.189486491214559,52.14160016144862],[6.190594306990782,52.139840791889505],[6.191077440846533,52.138115333449875],[6.191900137770645,52.138131293178006],[6.192052945867244,52.13818058481668],[6.1923448990501,52.13825049812443],[6.192484855991929,52.138235160924054],[6.192682457856216,52.13817628571505],[6.192797488049584,52.138074830374315],[6.192887980560368,52.13790882655327],[6.194051825473886,52.13845365040913],[6.194759112911102,52.137580534128624],[6.194908539852825,52.13744288770761],[6.195087046860669,52.13729785114988],[6.195248953393431,52.1372041616492],[6.1961032527807,52.136788434836035],[6.197156078974612,52.13628594870967],[6.19733044450086,52.13623531476785],[6.197552443479446,52.13623378907952],[6.197751163831218,52.13631781231909],[6.197963960035338,52.13645297200854],[6.198402661428389,52.13680139866927],[6.198554142234387,52.13685788171719],[6.198718114780262,52.13687832519911],[6.19920455683762,52.13663858233451],[6.20063400890768,52.13572450040307],[6.20073306099421,52.13570943557658],[6.202039216329988,52.13700642270851],[6.202512335555811,52.13739774042897],[6.202196329885307,52.137531155214006],[6.201638589981947,52.137705788009846],[6.200582374850887,52.13802137987497],[6.200272774250213,52.13818620446851],[6.200014357403823,52.13835427071782],[6.1997644031217,52.13858609531951],[6.199662119175657,52.13874499509425],[6.200505763605525,52.138947708101284],[6.201257100076462,52.139214869742986],[6.200946645893519,52.139733842753934],[6.200664067902927,52.14025981321777],[6.200447026835155,52.14053455612217],[6.200844077796956,52.140598330530175],[6.201264715450902,52.14059362933905],[6.201593854818475,52.14069831765277],[6.202658500240177,52.140921060733845],[6.20335626113512,52.14105195681061],[6.204463139261804,52.141346298092955],[6.204956168613934,52.14146512114676],[6.204797164522198,52.14171699869882],[6.204794741471165,52.14182397681813],[6.204591235001644,52.142278400414405],[6.204238641668417,52.14296845256128],[6.204144184015278,52.14331515827624],[6.204102572238441,52.14359588287386],[6.203795845831953,52.143599805202456],[6.203778842902621,52.143628685651656],[6.20375187770649,52.14367201643676],[6.203704713474768,52.14388896208933],[6.203658697190717,52.14408882191552],[6.203616734042724,52.144270676969086],[6.203591543775005,52.144411069502574],[6.203571736211835,52.144526257405325],[6.203565073391645,52.14456135806418],[6.203609759098398,52.14484777673246],[6.203617983754465,52.14489805449068],[6.203507620385343,52.1449347719483],[6.203484362609854,52.14494122479751],[6.203468359529938,52.14494493091853],[6.203466898727148,52.14494494103116],[6.203319932844508,52.144977417522476],[6.203087617166742,52.145056324963214],[6.203057268811814,52.14507451163112],[6.203029891333467,52.14509537423759],[6.202978287904679,52.14514966130191],[6.20290659436641,52.14522386167079],[6.202896565793579,52.14523471705348],[6.202847801545503,52.145284490247626],[6.202839217334392,52.14529443680009],[6.202830616694771,52.14530348463166],[6.20277755196748,52.14535778171206],[6.202725947929626,52.145412068664804],[6.202717347244472,52.14542111648807],[6.202687507569124,52.14546716338868],[6.202653433158578,52.14552132907173],[6.202649034271764,52.14552046065917],[6.202637003496137,52.14558166455902],[6.202635608355856,52.14558526954243],[6.202627303192449,52.1456104943235],[6.202617701399718,52.1456447164086],[6.202598563451372,52.14571675545689],[6.202577931771544,52.14578700716253],[6.202566951170144,52.14582573294543],[6.202561551169795,52.1458500387977],[6.202546631357007,52.1459130603287],[6.202530316341633,52.14597968683927],[6.202515412861104,52.146043607085346],[6.202515445698501,52.14604540452578],[6.20250994713258,52.14606431805367],[6.202505810891215,52.14607782915921],[6.202500180969948,52.14608955292493],[6.202491711455155,52.14610579049265],[6.202491744291661,52.146107587933066],[6.202456290403613,52.14616625725644],[6.202420820005852,52.14622402784856],[6.202385349516635,52.146281798429676],[6.202339964885526,52.14635671537518],[6.20233853686678,52.14635852291432],[6.202314818634611,52.146419807563476],[6.20229110033775,52.14648109220734],[6.20226739839015,52.14654327556614],[6.202242317586824,52.14660996261811],[6.202207404597528,52.146698289628524],[6.202111200267495,52.14695062793414],[6.20210698177013,52.14695964542338],[6.202060904877814,52.14739679693748],[6.201989305179534,52.147396392869254],[6.201825702633948,52.14739842205911]]]]}},{"type":"Feature","properties":{"gezicht_uri":"https://linkeddata.cultureelerfgoed.nl/cho-kennis/id/gezicht/10134635","gezichtsnummer":"211","naam":"Zutphen - Coehoornsingel-Deventerweg"},"geometry":{"type":"MultiPolygon","coordinates":[[[[6.207435292912853,52.15132339164352],[6.207239873305898,52.15142362241587],[6.207060375392599,52.15151565266535],[6.206937410430862,52.15142392766873],[6.206876716427574,52.151381205558906],[6.206568518580212,52.151148751894894],[6.20613741176316,52.15082726771925],[6.205848593651428,52.15061535076948],[6.205847116175788,52.150614462193055],[6.205823295211204,52.15059035905998],[6.205839234164134,52.15058305774347],[6.205784435757768,52.15054299064796],[6.205737057769864,52.15050916385374],[6.205252577231767,52.15014490293854],[6.204929902027056,52.14991883729255],[6.204804089790826,52.14983072516769],[6.2046264859515,52.14970701860311],[6.204349715486061,52.149513889999206],[6.204252042044056,52.149446255463204],[6.204157323700268,52.149380398040805],[6.204061144690492,52.14931455066137],[6.20399457963467,52.14927007008356],[6.203975340615677,52.149256720843184],[6.20389547921878,52.14920424280563],[6.203830328906382,52.149237052008814],[6.203723189339797,52.14929082509863],[6.203489917100757,52.14939850245974],[6.203346532407671,52.14946780626421],[6.203265508060601,52.14951151101481],[6.203258252605054,52.14951425772542],[6.203248075243649,52.14951702465609],[6.203242247868706,52.149517963816386],[6.203236387623755,52.149517105537285],[6.2032276054741,52.14951626747792],[6.203223189747475,52.149514500368646],[6.203211337784446,52.14950559405188],[6.20307344814866,52.14939599167304],[6.202971098324538,52.14931220944139],[6.202748541796026,52.14928678387305],[6.202745603480947,52.14928590536139],[6.202742632316329,52.14928322941033],[6.202715941123656,52.149261842006176],[6.202702644808937,52.14925384446084],[6.202693764177945,52.14924761404341],[6.202680500718549,52.14924141393494],[6.202673146730168,52.14923876829154],[6.202659932545667,52.149235264339815],[6.202648228575261,52.1492344464429],[6.202637985548664,52.1492336184422],[6.202623392537154,52.149234618187464],[6.202610276890578,52.14923650654841],[6.202597177664758,52.149239293627545],[6.20258847769004,52.149242949118886],[6.202576855826233,52.14924662481345],[6.202517581099128,52.14928119032512],[6.202490053020734,52.149293964319995],[6.202466874925493,52.149304910567444],[6.202440774926599,52.149315877010864],[6.202413181131929,52.14932505610888],[6.202403020178821,52.14932872168645],[6.202391201264065,52.14932161272603],[6.202360784065264,52.149336204329366],[6.202353380829036,52.14933086250685],[6.202269171211982,52.14936020725801],[6.202208172520723,52.14938040319648],[6.202174702016701,52.14938782518855],[6.202168874635735,52.14938876429584],[6.202163030841312,52.1493888046831],[6.202158647995491,52.14938883497335],[6.202146894755066,52.14938532086748],[6.202126326588766,52.14937917117945],[6.202111585808377,52.149372082383564],[6.202096812208942,52.14936319614627],[6.202086437869538,52.149355178339476],[6.201976736035113,52.149268749559866],[6.201760452379697,52.14910665614304],[6.201579577144193,52.14896319329733],[6.201304872192085,52.148962393647885],[6.201271237899021,52.148960828183895],[6.201219629752226,52.148935118292435],[6.201185733189601,52.14891917328389],[6.201041924662622,52.14880511524328],[6.200813779009179,52.14863321480723],[6.200634517092973,52.14849782889173],[6.200558945446092,52.14843992602278],[6.199835641403244,52.147875052655024],[6.199825284181679,52.147867933366186],[6.199733612051441,52.14780834326083],[6.199607946901924,52.147727415292024],[6.199600560622902,52.147722972014506],[6.198970339564956,52.147294074690855],[6.19876914278816,52.1471570392997],[6.198692213012759,52.14710453759078],[6.198472948353524,52.14693796454312],[6.198484749675182,52.146944175180884],[6.198484766013165,52.1469450739017],[6.198551109704097,52.14697787425487],[6.198568787210397,52.14698584211801],[6.1985863993628,52.1469902150954],[6.198603995178238,52.14699368934936],[6.199582306209702,52.14720177450116],[6.200021748083491,52.14726346216117],[6.200575221824485,52.147328855833706],[6.200635150734613,52.14733024010328],[6.200735984335874,52.14733134213848],[6.200833912563708,52.147333362968105],[6.20091283294992,52.14733461605268],[6.200910156991419,52.1473481170195],[6.201094342875898,52.147353137696165],[6.201710309233198,52.14740011802767],[6.201825702633948,52.14739842205911],[6.201989305179534,52.147396392869254],[6.202060904877814,52.14739679693748],[6.20210698177013,52.14695964542338],[6.202111200267495,52.14695062793414],[6.202207404597528,52.146698289628524],[6.202242317586824,52.14660996261811],[6.20226739839015,52.14654327556614],[6.20229110033775,52.14648109220734],[6.202314818634611,52.146419807563476],[6.20233853686678,52.14635852291432],[6.202339964885526,52.14635671537518],[6.202385349516635,52.146281798429676],[6.202420820005852,52.14622402784856],[6.202456290403613,52.14616625725644],[6.202491744291661,52.146107587933066],[6.202491711455155,52.14610579049265],[6.202500180969948,52.14608955292493],[6.202505810891215,52.14607782915921],[6.20250994713258,52.14606431805367],[6.202515445698501,52.14604540452578],[6.202515412861104,52.146043607085346],[6.202530316341633,52.14597968683927],[6.202546631357007,52.1459130603287],[6.202561551169795,52.1458500387977],[6.202566951170144,52.14582573294543],[6.202577931771544,52.14578700716253],[6.202598563451372,52.14571675545689],[6.202617701399718,52.1456447164086],[6.202627303192449,52.1456104943235],[6.202635608355856,52.14558526954243],[6.202637003496137,52.14558166455902],[6.202649034271764,52.14552046065917],[6.202653433158578,52.14552132907173],[6.202687507569124,52.14546716338868],[6.202717347244472,52.14542111648807],[6.202725947929626,52.145412068664804],[6.20277755196748,52.14535778171206],[6.202830616694771,52.14530348463166],[6.202839217334392,52.14529443680009],[6.202847801545503,52.145284490247626],[6.202896565793579,52.14523471705348],[6.20290659436641,52.14522386167079],[6.202978287904679,52.14514966130191],[6.203029891333467,52.14509537423759],[6.203057268811814,52.14507451163112],[6.203087617166742,52.145056324963214],[6.203319932844508,52.144977417522476],[6.203466898727148,52.14494494103116],[6.203468359529938,52.14494493091853],[6.203484362609854,52.14494122479751],[6.203507620385343,52.1449347719483],[6.203617983754465,52.14489805449068],[6.203609759098398,52.14484777673246],[6.203565073391645,52.14456135806418],[6.203571736211835,52.144526257405325],[6.203591543775005,52.144411069502574],[6.203616734042724,52.144270676969086],[6.203658697190717,52.14408882191552],[6.203704713474768,52.14388896208933],[6.20375187770649,52.14367201643676],[6.203778842902621,52.143628685651656],[6.203831824905769,52.14364989073734],[6.203837700835328,52.14365164770956],[6.203842198226251,52.143657908400414],[6.203874515852578,52.143667571741325],[6.203878931025208,52.14366933882914],[6.20391574607172,52.14368526284791],[6.204068293498023,52.14379835806215],[6.204117765386797,52.14386722555171],[6.204143026142348,52.14389042022486],[6.204205365502675,52.14394391834313],[6.204295854557368,52.14401879338178],[6.20451469857597,52.144161988946884],[6.204529487386322,52.14417177361179],[6.204593041487536,52.14421178059334],[6.204672861815239,52.144262460779544],[6.204734938930137,52.144301579090914],[6.204876771081889,52.144387782535055],[6.205264762608905,52.14459272201216],[6.205449075059641,52.14468492187996],[6.206560900319148,52.14516347049251],[6.206909323940112,52.14528149262301],[6.207127026741165,52.1453617729146],[6.207400300127755,52.145524359028855],[6.207444521169454,52.14554562344443],[6.207533871952536,52.1456375817902],[6.207602622834378,52.145721593888574],[6.207583813809984,52.1457316119305],[6.207592727460768,52.14573963942209],[6.207613245131475,52.14574309200468],[6.207619352783155,52.14575743085752],[6.207770399588132,52.14594693267721],[6.207829940178304,52.14600674021262],[6.207966954936384,52.146068704972656],[6.208015387762738,52.14616004893131],[6.208226994791016,52.14614689088024],[6.207687804428707,52.14661983541402],[6.207639044029564,52.146669610569404],[6.207614077270362,52.146662593608454],[6.207592081797683,52.14665825247216],[6.207577423658565,52.146655657952046],[6.207551095181691,52.146654043456515],[6.207523322369032,52.146653337837336],[6.207501442545258,52.146655287718524],[6.207444568208984,52.14666107636595],[6.207189545584942,52.146697005772836],[6.206962212858326,52.14672914679016],[6.20679607092212,52.14675187372514],[6.206749471910325,52.146760287117345],[6.20657753580275,52.14678575051631],[6.206366255176174,52.146816880001765],[6.20632254475014,52.146823475489406],[6.206306524738677,52.14682628327589],[6.206297809043244,52.146829040321315],[6.206287731453173,52.1468371998302],[6.206263358614184,52.14686253648174],[6.206223163632752,52.14690146553617],[6.206159908062212,52.146957632585675],[6.206010550164867,52.14709888791426],[6.205960672757527,52.14716754562857],[6.206224198209634,52.14783354909991],[6.206230305705272,52.14784788802002],[6.206262667032965,52.14793934429095],[6.206296333714682,52.14794270577154],[6.206388865344613,52.14796902799583],[6.205945790222478,52.148426915124176],[6.206107322473897,52.14855073133438],[6.206092845209168,52.1485580225426],[6.205969755288909,52.148618200302664],[6.20582928232538,52.14868658811409],[6.205842612002729,52.1486963827453],[6.205854464273558,52.148705288798205],[6.205915252579064,52.148753403778166],[6.205974563597812,52.148800630150916],[6.206027948569319,52.14884340347609],[6.206039800916227,52.148852309510026],[6.206103544469638,52.14890220153961],[6.206155468753547,52.148944984951356],[6.206142435809222,52.14895136730013],[6.206039600073001,52.149000618455666],[6.206206945435032,52.1491225964951],[6.206215826529975,52.14912882664716],[6.206279537684256,52.149176921139926],[6.206297316414878,52.149190280151224],[6.20636101124715,52.149237475880085],[6.206430493018988,52.14920193867713],[6.206502863559248,52.14916458369424],[6.206670243808699,52.149288358506936],[6.206833192621342,52.14940946738482],[6.206988755007549,52.149526133221926],[6.206994697877582,52.1495314849087],[6.207157648459373,52.14965259332963],[6.20721541845665,52.14969533563057],[6.207271760638584,52.14973988550034],[6.20723412254014,52.149759022750715],[6.207353979882289,52.14984088188822],[6.207431007146176,52.14989787148513],[6.207467977285905,52.14992188283334],[6.20749115446869,52.149910935606165],[6.207525202721738,52.149934967261856],[6.207566671495803,52.1499652391199],[6.207615898206773,52.14994062813762],[6.20768684103072,52.14990508003422],[6.207769372285144,52.14986405824673],[6.207834563654362,52.14991304044019],[6.207847910666194,52.149923733559675],[6.207939763252714,52.14999230449092],[6.207919491542936,52.150002332751164],[6.207955050654082,52.150029050269495],[6.207989165369948,52.15005667666449],[6.208023214001952,52.15008070817504],[6.208089933069429,52.15013327492923],[6.208159541171384,52.150184023865606],[6.208227688457221,52.15023478293209],[6.208285509843662,52.1502802208565],[6.208106018680548,52.15037225270082],[6.208117871848625,52.15038115852189],[6.20813960466422,52.15037112005707],[6.208184293849373,52.150417548285525],[6.208197657631528,52.15042914008255],[6.208326565586297,52.150526215399246],[6.208246955595896,52.15056721722914],[6.208426381203855,52.150709781208064],[6.208611552674978,52.150846911891165],[6.208268422439248,52.151019181052455],[6.207909135838973,52.15118706747375],[6.207826146020025,52.15112382784648],[6.207435292912853,52.15132339164352]]]]}}]}