{"type":"FeatureCollection","name":"beschermde_gezichten","features":[{"type":"Feature","properties":{"gezicht_uri":"https://linkeddata.cultureelerfgoed.nl/cho-kennis/id/gezicht/10134258","gezichtsnummer":"1383","naam":"Zwolle"},"geometry":{"type":"MultiPolygon","coordinates":[[[[6.09195918230542,52.5075256135493],[6.091635487211438,52.50773245405049],[6.091933392803917,52.507940095298146],[6.091984984700354,52.50794248498981],[6.092061858509521,52.50796000332445],[6.092158424347592,52.508011557446416],[6.092206568462919,52.50798251092738],[6.092398724785936,52.50802450896029],[6.092535603066599,52.50810997595123],[6.09273868755982,52.50819055513264],[6.092880869470574,52.50823914100393],[6.09295644368914,52.50826745161754],[6.092977178303318,52.5082745183071],[6.093052379113958,52.50827946331492],[6.093055180600172,52.50845470489179],[6.093321197504581,52.50850974321762],[6.093483943408568,52.50855461088864],[6.093652408480684,52.50858865914629],[6.093890730500888,52.50866183637467],[6.094031787621764,52.50873199782188],[6.094117846040566,52.50877103033623],[6.09425708562572,52.50881963210414],[6.094346713784508,52.508805616314554],[6.094438841347229,52.50876372398288],[6.09451293462345,52.508699470129145],[6.094599880159909,52.50860997427764],[6.094717434251657,52.50859219658825],[6.094797591034989,52.508538691502174],[6.094846821663725,52.50839369733645],[6.094893307958704,52.50826130216663],[6.094916012628115,52.508115567485596],[6.094895641504586,52.50803929440809],[6.095172273633556,52.50802146564133],[6.095340031723993,52.5080114764582],[6.095628619124262,52.508004360365774],[6.095840706038564,52.50800309327238],[6.096029242155408,52.50800286532319],[6.096189650279241,52.50799381762766],[6.096301570571031,52.50799224972752],[6.096421966473347,52.50805983560354],[6.09638081336613,52.508157147844265],[6.096388393509709,52.50826225750329],[6.096391511873783,52.50836469755904],[6.096594806780556,52.508366177981415],[6.096668246500633,52.50835315602197],[6.096933284958901,52.50834707639827],[6.097130645101901,52.50834589513657],[6.097283661150688,52.50833509269512],[6.097433847097222,52.50833149708971],[6.097478003272231,52.50832943512216],[6.097735532669906,52.50831441107028],[6.097878238611274,52.508303669630656],[6.097938054296633,52.508542381510026],[6.097485374471135,52.508696085303505],[6.097605687346881,52.50875827791703],[6.097693240655532,52.508981544809124],[6.097790246694362,52.509517523634216],[6.097894910279226,52.50961396261349],[6.097975226973199,52.509662014354426],[6.100274388711301,52.51065122962179],[6.100399448961241,52.51073316359956],[6.099917533319452,52.51154045106646],[6.09984692579578,52.51163794145033],[6.099840736059787,52.51171077821693],[6.099890924634475,52.51180844149795],[6.100019238077534,52.51190923028059],[6.100309454521929,52.51209263027246],[6.100826176135953,52.511798324009824],[6.101414112317467,52.512173163027335],[6.101612401390403,52.51231936546304],[6.101765993489297,52.51243438026134],[6.101928860712746,52.51257630177322],[6.102020152823214,52.512664728852336],[6.102111649038762,52.5127657372729],[6.10224212742517,52.51290875233977],[6.101446652292316,52.513273948199675],[6.101224500466576,52.51338313699716],[6.101122799894448,52.513470928921905],[6.10110770130247,52.51353932555782],[6.101125241442011,52.51362190589081],[6.101206048597971,52.51369961157106],[6.101886046728571,52.514299482689765],[6.102000601987134,52.51445967037173],[6.102035686418859,52.51462483072804],[6.102015876595528,52.51513005308165],[6.102015320299626,52.5151866782932],[6.10197134323614,52.51529119943874],[6.101887156575198,52.515369000068475],[6.101802649569788,52.515427029854884],[6.101584790701376,52.51552900329163],[6.101407188332392,52.51556961827679],[6.101168637111178,52.51557644702927],[6.101050820016746,52.51557895368794],[6.100554334913823,52.515578345702345],[6.09976525070956,52.515704421387234],[6.099268450800555,52.51577571065065],[6.09910444677952,52.51602025888811],[6.098876706436796,52.51624092282132],[6.09874932899353,52.516290220025105],[6.097672349266731,52.516379361793724],[6.096680300360261,52.516711549444324],[6.095941918765862,52.51696941378851],[6.095532719508673,52.51708420300902],[6.09533391920757,52.51708988383758],[6.094989902016252,52.51704340420557],[6.094018966661325,52.516304123111524],[6.093801951604208,52.51618408370663],[6.09357430340077,52.51613600793215],[6.093604461871711,52.51608729534942],[6.093108797410714,52.516046207151234],[6.092278368419788,52.51598373964059],[6.091938916452967,52.51576106736288],[6.091592977253492,52.51559325692371],[6.090395050888354,52.51576573665171],[6.089048804315501,52.515968741010674],[6.088999335002806,52.515915108220234],[6.088685126854409,52.51514762969561],[6.0886276081778,52.51505090394205],[6.088522392529738,52.51501198074567],[6.088418821427713,52.514983832836286],[6.088314305496016,52.51498894448773],[6.088202666836614,52.51500937703908],[6.087893795713718,52.51466967389906],[6.088180972359843,52.51457091107909],[6.088293240900886,52.51449744805956],[6.088338048881061,52.514443257670564],[6.088344257955022,52.51437042151514],[6.088227354909898,52.514059243267134],[6.088114794482845,52.51392868973398],[6.08804168888784,52.513870702419084],[6.087921746349022,52.51383186571372],[6.087760573695837,52.51379417118449],[6.087609080661574,52.513809446040035],[6.087457673051703,52.51383011274946],[6.087355103104103,52.51386487111519],[6.087264327513835,52.51371441548825],[6.087230843314829,52.51355373531291],[6.087210863956138,52.513315682164134],[6.087221039276645,52.5129354471304],[6.087155875297864,52.51235613222752],[6.087067356965207,52.512069051725405],[6.086294749275742,52.51118743191801],[6.086164057244328,52.51102732432847],[6.086114533460633,52.510876624644986],[6.086037548334685,52.51010774038471],[6.086061770274576,52.50996289740264],[6.086109195009516,52.50988802090786],[6.08628114633122,52.50977016873944],[6.086414012027456,52.50969568721022],[6.086498955385684,52.509664628561104],[6.086622222041533,52.509635141366765],[6.086770826542811,52.509624378535314],[6.086948412726166,52.50967635768799],[6.086981044067584,52.50969054530467],[6.087101492919056,52.50966916307319],[6.087160741366068,52.509596912645165],[6.087229282845972,52.509553367638354],[6.087310690232825,52.50957805236607],[6.087434511958658,52.509583612669346],[6.087469519009808,52.50956183574365],[6.08766816253932,52.50945550780102],[6.088142139154863,52.5091561167375],[6.088236248800968,52.50905310187895],[6.08829734149258,52.50891163546057],[6.08835245382595,52.50885738405925],[6.088408108369651,52.50883728229673],[6.088456412861879,52.50881812272842],[6.088530195793696,52.508919246284144],[6.088704851943946,52.50887956664169],[6.089310125505509,52.50877891880633],[6.089139048488064,52.508580406797556],[6.089259350364454,52.50855003562371],[6.089370500589407,52.50849994579333],[6.089500783217282,52.5084488438004],[6.08960990250791,52.50836371413051],[6.089539706990504,52.50830301418132],[6.089445488920468,52.50821369611982],[6.089319813022167,52.5080913101078],[6.089297091804937,52.508051899182355],[6.089412845018654,52.50801346593126],[6.089563760024383,52.50796314044912],[6.089767324572562,52.50788913512123],[6.089931265298769,52.50782435183845],[6.09015988081628,52.507751096147295],[6.090093917993536,52.507678687547724],[6.090264149382126,52.507639031797204],[6.090445876709277,52.50758133242818],[6.090666054143238,52.50753329107148],[6.090813977493843,52.50748028544547],[6.090928412628974,52.507451744881855],[6.091085516058741,52.5074202546862],[6.091183320145936,52.50736484977455],[6.091466840598534,52.507317329654185],[6.091795773521411,52.50725426012782],[6.09195918230542,52.5075256135493]]]]}},{"type":"Feature","properties":{"gezicht_uri":"https://linkeddata.cultureelerfgoed.nl/cho-kennis/id/gezicht/10134259","gezichtsnummer":"1384","naam":"Vollenhove"},"geometry":{"type":"MultiPolygon","coordinates":[[[[5.954401795958063,52.67876982189044],[5.955413562347836,52.678797345466556],[5.955517121059081,52.67880134416607],[5.955360488187533,52.67972417269024],[5.955191543246882,52.680610212338514],[5.95590276940161,52.68060681326374],[5.956185294495908,52.68061355026593],[5.956380847686001,52.68064137329816],[5.956542974736667,52.68071429170733],[5.956643464278341,52.680709317000826],[5.956658879827858,52.680757773701316],[5.956677229404483,52.680804418922705],[5.956698478062066,52.680846556691456],[5.95654375577802,52.68088863833955],[5.956520691399722,52.68093458313344],[5.956330213163489,52.68095616526778],[5.956315054099533,52.68104161556761],[5.956281685376381,52.68109120447697],[5.956290033369624,52.681164859008405],[5.956014257228257,52.681222797309],[5.955873796043392,52.681224367772685],[5.955743894847708,52.681242064421866],[5.955603573136077,52.68125441845654],[5.955485454540012,52.681268463653716],[5.95534364238344,52.68127992579035],[5.955156154252535,52.68130418789007],[5.955132605768357,52.68154156058846],[5.955193858834429,52.681589798552984],[5.955173848781405,52.68187208998919],[5.955140838348864,52.681949536950725],[5.95514140735239,52.68245101600137],[5.95465787152572,52.68245332420268],[5.95466262533988,52.682363430242866],[5.954727537188232,52.682351437225364],[5.954727014681564,52.68231099764338],[5.954738089520868,52.68225252846009],[5.95435494474943,52.68224177432529],[5.954369199534007,52.682429537310384],[5.954030565122856,52.68243025310767],[5.954010913181474,52.68216792265092],[5.953493613745111,52.68218926001492],[5.953475920021479,52.68230797434656],[5.953184604870607,52.682308462412514],[5.953199001675491,52.68239287288645],[5.952940228958568,52.68239410418112],[5.952859950884041,52.68236123367855],[5.952857835667083,52.682311814543205],[5.952761199564409,52.68227183207752],[5.952435886165208,52.68227337870142],[5.952482763332537,52.68212396958788],[5.952020255729416,52.68203629585855],[5.951907817563233,52.682032336257606],[5.951863029478482,52.682114331775175],[5.951753651732867,52.68246355154646],[5.951229405824993,52.68240492660856],[5.95129395081194,52.68224914319921],[5.951253402829859,52.68220080504425],[5.951004451426865,52.682160644771116],[5.951075432773485,52.681930237810676],[5.950770223863309,52.68188495150531],[5.950691715235842,52.68187453897402],[5.95062213638468,52.681868577648004],[5.950533253984325,52.68185641673413],[5.950465153866523,52.68185044831181],[5.950296411136521,52.68183776672881],[5.950251970006022,52.68183168615838],[5.950180866526298,52.68182213694269],[5.950112639825035,52.68180628307956],[5.950066708553913,52.68179931078087],[5.949988223272803,52.6817906951008],[5.949923126743816,52.6817883070049],[5.949852103984571,52.68178504819916],[5.949797289179148,52.68177721911357],[5.949761766302207,52.68177469102029],[5.949731105301085,52.681805392283906],[5.949631918527908,52.6817968742891],[5.94964034184483,52.68176178466199],[5.949496415139986,52.68172382062582],[5.949327374155137,52.681687772554056],[5.949245172932409,52.681619858919674],[5.949138443835029,52.68159969289703],[5.949068796654898,52.68158833871165],[5.94897346432689,52.68164990153784],[5.948903050930728,52.68169427105236],[5.948843765898998,52.68168376650437],[5.948722675117613,52.6816969202981],[5.948691795178887,52.681710546788224],[5.948637704320596,52.68175933263899],[5.948522780645425,52.681792228787735],[5.948529694509096,52.6818703841394],[5.94850972789704,52.681927995979244],[5.948652405473319,52.68198394135297],[5.948606339414188,52.68208211848246],[5.948699761210777,52.682102347814315],[5.94886145577764,52.68214202632381],[5.948948963041174,52.682162283393765],[5.949070273450363,52.68216620387395],[5.949272100362942,52.682221869034365],[5.949180609676457,52.68235261471216],[5.949422305038704,52.68240359765078],[5.94946529093913,52.68241148283686],[5.949532051150744,52.6824282427179],[5.949580974920508,52.68243789720994],[5.949669812205468,52.68244646420028],[5.949815058982114,52.68247183980926],[5.949908516699209,52.682494764161824],[5.949935213987687,52.682500928824176],[5.949888931523812,52.68258203193385],[5.950050433158466,52.68260643163387],[5.950197240023161,52.682638090380934],[5.950302597104256,52.68266635036656],[5.950282344448302,52.68270149604352],[5.950260912567906,52.682760013821806],[5.950280665793068,52.68280126106682],[5.950255488908516,52.682913719315536],[5.950244903290441,52.68301083036557],[5.950243120862757,52.68310250746086],[5.950194518734618,52.68311801566166],[5.949978878017848,52.683138807976015],[5.94988725450778,52.683143735080044],[5.949771879258024,52.68314158477355],[5.949644789278532,52.683148476881534],[5.949548764044096,52.68315612067864],[5.949479367382496,52.6831645372143],[5.949388428827542,52.68310744955051],[5.949127315149182,52.683157214062696],[5.949049689779406,52.68321599711149],[5.948999872744228,52.68325218094206],[5.948706064805151,52.683289516994016],[5.9485170512116,52.683311079642884],[5.948121324555458,52.68335788236731],[5.947941125426244,52.68337490896427],[5.947824477389965,52.68338893958614],[5.947767632480101,52.68345391481065],[5.947660361161891,52.683507444402494],[5.947366378192514,52.68364723112709],[5.947291707545317,52.68359006524738],[5.947036586021903,52.6834142202156],[5.946845624490797,52.68328300832975],[5.946642765598801,52.68314645983176],[5.946384623160836,52.68296523533777],[5.946165158189965,52.68280180274146],[5.946047367711936,52.68272596578568],[5.946099061308683,52.6824884628539],[5.946133090025031,52.6822573338939],[5.946158017528314,52.68200827344144],[5.946162891612945,52.68192646771446],[5.946218395491265,52.68187228408485],[5.946179732388806,52.6818553902865],[5.946071811283191,52.681857694926855],[5.945836643270426,52.68185430628658],[5.945635085156336,52.68181930443279],[5.945445944646172,52.681714144390234],[5.945308781371687,52.68150988177287],[5.945325834571199,52.6813390463937],[5.945383913312847,52.681138360940544],[5.945469132681962,52.680978888814124],[5.945528466784603,52.68087705575022],[5.945600155306297,52.68081650541872],[5.945648333793454,52.68076774870939],[5.945723104955984,52.68071706966295],[5.945771534603515,52.68068808339814],[5.945811103749265,52.68066003744672],[5.94586401492376,52.68063462494243],[5.945934726903236,52.680613622343806],[5.946034965925182,52.680588886102356],[5.946086604054054,52.68057965630691],[5.946194247552662,52.68055578384447],[5.946251697235156,52.68053843824588],[5.946318018709944,52.68052105090812],[5.946378471335579,52.6805072859797],[5.946453756075584,52.680497046120294],[5.946555599054379,52.68048218773369],[5.946623536299716,52.68047557717655],[5.946701892667919,52.68047430983673],[5.946778861977998,52.68048023867338],[5.946879535322477,52.68048965075461],[5.946950624483191,52.680498303291955],[5.947043904710203,52.680507750032795],[5.947129849056719,52.6805217248046],[5.947172867074955,52.680532306802114],[5.947232092868928,52.68053831889491],[5.947326828962328,52.68054596113285],[5.94743793328787,52.6805616145999],[5.947549072083752,52.68057996393905],[5.947615759991753,52.68059133295602],[5.947706163542823,52.68060708372363],[5.947712089578934,52.68060795450523],[5.947739564522995,52.680559294518304],[5.947756482508324,52.68049450745793],[5.947777744605045,52.680422510214505],[5.947788713540837,52.68035505505164],[5.947980042389925,52.68039998733024],[5.948067545777143,52.68042024506274],[5.948292814978342,52.680459624484904],[5.948501716209355,52.68049099232363],[5.948564700451017,52.680443961959426],[5.948626091064788,52.6803879519564],[5.948674403562912,52.68034997792474],[5.948853582478243,52.68036980220647],[5.949016289684922,52.680373527206],[5.949084819891358,52.68029771155046],[5.949135100482689,52.68018243872265],[5.94908170895622,52.680170109021404],[5.949148323246107,52.6800601512858],[5.949186935404009,52.67995751554686],[5.949209708009776,52.67988820702977],[5.949248492349724,52.67979905114646],[5.949285579438878,52.679692827723215],[5.949283675363822,52.679659584341636],[5.949101381001538,52.679627193451815],[5.949127393831828,52.679464403478626],[5.949405417283381,52.679466684263666],[5.949436917711375,52.679270615883745],[5.949556948661462,52.67929071872933],[5.949636108381033,52.67912138629307],[5.949670363364199,52.67902506196667],[5.949716631002619,52.6789430602161],[5.949771850528267,52.678867307089035],[5.949798027674869,52.6788330321457],[5.949825372597062,52.678774486413616],[5.949848155099587,52.678706076415],[5.949882001236337,52.678693334284425],[5.949942093349741,52.67865170912082],[5.950007431867,52.678557933724576],[5.950071049727454,52.678445293453734],[5.950114508581104,52.67837498810055],[5.950168236629287,52.67829834312091],[5.950225036791132,52.67823067070364],[5.950272930865356,52.67816034428812],[5.950294475701203,52.67811081303266],[5.950365411908306,52.67810778097345],[5.95045264680473,52.678107367813915],[5.950553396157104,52.67812306741005],[5.950656096728968,52.67817560492675],[5.950733572729568,52.67810603686557],[5.950855068112182,52.67812523274515],[5.951050549207459,52.67814857128338],[5.951549446099679,52.67830977054096],[5.9521292410658,52.67855236634963],[5.952466449603609,52.67867298895982],[5.952554055694427,52.67870133132902],[5.952682796013982,52.67870880762837],[5.954401795958063,52.67876982189044]]]]}},{"type":"Feature","properties":{"gezicht_uri":"https://linkeddata.cultureelerfgoed.nl/cho-kennis/id/gezicht/10134260","gezichtsnummer":"1385","naam":"Vilsteren"},"geometry":{"type":"MultiPolygon","coordinates":[[[[6.346288906341588,52.512715202839075],[6.345599597069638,52.511567633866676],[6.345516317139071,52.51139574008336],[6.345341456954878,52.511280310768015],[6.346221045040374,52.510404975360444],[6.346489223120067,52.51020507381532],[6.346663559923092,52.51009311301012],[6.349475071713256,52.510741728088995],[6.34959863268201,52.51039559186735],[6.349800272981519,52.51038766399458],[6.349662392603514,52.50973896092408],[6.34865371308307,52.509282469956766],[6.348365188542061,52.50922369114227],[6.348611769768244,52.50850625904135],[6.348979043715739,52.50758202555084],[6.34884622867125,52.50723257596741],[6.348710094388204,52.50666295050458],[6.348590063628174,52.5063592350431],[6.351382555316347,52.50567415908773],[6.353019146224778,52.508577404829445],[6.353154109924035,52.508552038438395],[6.35351572185633,52.508517635149154],[6.35431197192811,52.50842036740374],[6.354341942374145,52.50851090044836],[6.354951524147862,52.50843222742366],[6.354982121739385,52.50848410737206],[6.355182594061455,52.50875929760529],[6.35539857537766,52.50920423154578],[6.355595837466092,52.509534273252434],[6.355723303285068,52.509771410822836],[6.355806935214225,52.50995767541905],[6.355922910689536,52.5101409794219],[6.356117952512195,52.51036947551365],[6.35631254269602,52.51057730288895],[6.356491157278665,52.51086255613204],[6.356718767438842,52.5112993034826],[6.356866556104853,52.51158930205487],[6.357590009398156,52.51159596820676],[6.359218553792621,52.511629369696756],[6.359239699297334,52.51171997383317],[6.359193422281391,52.51202683926418],[6.359192377824541,52.512247050486735],[6.359165858929927,52.512447697161456],[6.359152743307591,52.51258801530395],[6.359099682971343,52.51285449083752],[6.359062268515896,52.51296175297372],[6.358954659063704,52.51315946883776],[6.358893321259131,52.513250748760434],[6.358787973495975,52.51335047824071],[6.358637953199769,52.51349551281334],[6.358471393561864,52.51362540326314],[6.358324880813878,52.51372906454293],[6.358137263410322,52.51383935362656],[6.35790575314063,52.513963483421975],[6.357658741682926,52.514052686938584],[6.35739923467152,52.5141096358565],[6.357083221800338,52.514142779053074],[6.356829874309666,52.51414485042257],[6.35662621245891,52.514128539456195],[6.356467469243464,52.514145116149166],[6.356400857751481,52.514197790039],[6.356237484791123,52.51427192653235],[6.356049398823318,52.514495463065224],[6.355961303147978,52.51457617453662],[6.355771459778733,52.51471973304625],[6.355641691738176,52.514848420184514],[6.355483508003554,52.51502497477181],[6.355345018566324,52.515159125475236],[6.355191010219451,52.515257451246995],[6.355023330541161,52.515337013875126],[6.354844945353865,52.51539868789328],[6.354574272954179,52.515484482760876],[6.354360928336022,52.51556441685957],[6.354179086812242,52.51567015851503],[6.35400753577886,52.51577491722273],[6.35388559397963,52.515857700535776],[6.353602682754104,52.51599032971334],[6.353440535443069,52.51605366685537],[6.353311382074914,52.51607628972019],[6.353029093774927,52.51610285581865],[6.352775872381697,52.51611120893111],[6.352483350283862,52.51607404331425],[6.352258548089269,52.516034528449325],[6.352113269407972,52.515993467484286],[6.351932972675579,52.5159005616469],[6.351742169301494,52.51579875312874],[6.351579216469592,52.515690426378406],[6.351397664997084,52.51560741656885],[6.351073095992307,52.51551927726852],[6.350751158506323,52.51548414400791],[6.350424900575393,52.51545353888516],[6.350194897476213,52.51544551983155],[6.349925495910054,52.515454897027034],[6.349483479316248,52.51545309114703],[6.349407569016415,52.51548516442996],[6.349135177465997,52.51556017535432],[6.348821932397966,52.51565349255191],[6.34853097679733,52.51575561610841],[6.348252488656198,52.51588909537827],[6.34798026249806,52.51603960016014],[6.347866435858006,52.51595423881823],[6.347753007236502,52.51581944100778],[6.347639592174663,52.51575295058733],[6.347578260480844,52.51571030554216],[6.347465771640331,52.51561864149671],[6.347351419368072,52.51550901674305],[6.34724951608723,52.51542984978569],[6.34715752588828,52.51540003565126],[6.347115332029031,52.51528892787067],[6.346992143552369,52.515179374282624],[6.346857953194667,52.515105860955565],[6.346765561773036,52.514989766468396],[6.346529081193564,52.514819112758225],[6.34646628738273,52.51470907013991],[6.346383926650685,52.514647720080255],[6.346280289584383,52.51448857450525],[6.346198066169231,52.51443351469788],[6.346108760450683,52.5143236862418],[6.3459419237531,52.51403562633256],[6.345806557856361,52.51383988664098],[6.345633696674652,52.51354558348734],[6.34556085000259,52.5134473058135],[6.345389864364236,52.51323927046057],[6.346288906341588,52.512715202839075]]]]}},{"type":"Feature","properties":{"gezicht_uri":"https://linkeddata.cultureelerfgoed.nl/cho-kennis/id/gezicht/10134261","gezichtsnummer":"1386","naam":"Stokkum"},"geometry":{"type":"MultiPolygon","coordinates":[[[[6.509184030622912,52.21076748889465],[6.509146216123951,52.211357499897254],[6.509125480054318,52.211928472457174],[6.509071269348058,52.212448528151114],[6.509059780309723,52.21268953151512],[6.509880974460628,52.21270149887877],[6.509743434728247,52.21339852369876],[6.510504479112416,52.21404205772157],[6.511592580812594,52.214018215344964],[6.511324325181075,52.21510119857608],[6.511177878071199,52.21515472688914],[6.511041782451663,52.21556050906331],[6.510861798895469,52.21550289777556],[6.510721055432864,52.2154925522526],[6.510498111645291,52.21547220249162],[6.510310212229599,52.21544882232008],[6.51019447611564,52.21544363139405],[6.509949587721522,52.215423489362905],[6.509804410395895,52.21541138720434],[6.509526190272062,52.21540414529426],[6.509302033498187,52.21539369225612],[6.509142543317297,52.215394309356036],[6.509005111379913,52.21539921091089],[6.508738867039806,52.215402639638256],[6.508510479803935,52.21539851730005],[6.508232373042975,52.21539576555745],[6.508015689924859,52.21539153111222],[6.507775598759523,52.2153875184791],[6.50743908489915,52.21538981359025],[6.507063922768532,52.215368205224884],[6.506861847337371,52.2153629312251],[6.506489543956473,52.215338597348214],[6.50617450131102,52.215321809248955],[6.505997048934667,52.21530641292315],[6.505846761751166,52.21526559088143],[6.505733568939051,52.215245090901725],[6.505474771986528,52.2151954090859],[6.505310058704418,52.215162812749334],[6.504961501133735,52.215093306254055],[6.504738920021056,52.21502889817667],[6.504528449284697,52.21498055449661],[6.50437834486253,52.21494691973229],[6.50433562506475,52.21493563887529],[6.504451433516281,52.214535449941145],[6.504309524576286,52.21453679298674],[6.504293648969741,52.21431222874651],[6.50428986450137,52.21421968219285],[6.504275861830966,52.21412813119407],[6.504255062779871,52.21405731824118],[6.504217247204812,52.21394981313292],[6.504163046330132,52.213830777903276],[6.50412793355941,52.213772684379705],[6.504091290325618,52.2137119087527],[6.50402178630672,52.21362447828226],[6.50396745278606,52.21355847683974],[6.503933916087689,52.21350486263796],[6.503894415045776,52.21344681056056],[6.503870647478042,52.21343265367542],[6.503791940045963,52.213386657603714],[6.504581628589462,52.21266728936816],[6.504616591029246,52.21236943632035],[6.504684418219716,52.212215089447255],[6.504688939646321,52.21216201400157],[6.504703067505041,52.21202525378331],[6.50471004122012,52.211953279092725],[6.504713570578256,52.211860663267096],[6.504716741777181,52.21181209489158],[6.50473489997376,52.211719340564684],[6.504782000099922,52.21161372819716],[6.505504178496208,52.211762390941566],[6.50556635323601,52.211616186797286],[6.505592771639545,52.2115611061192],[6.505612842062943,52.21148631069345],[6.505668732015998,52.211264661909965],[6.505666565817727,52.21117839200975],[6.50567972778714,52.21111984148207],[6.505677719529261,52.2110398620936],[6.505663354028324,52.210933932895465],[6.505635149760457,52.21085959487474],[6.505611627473849,52.21079689764733],[6.505567083812694,52.21071282698121],[6.50553825177596,52.21067175265549],[6.505490808832593,52.21064703410254],[6.505915328866505,52.210654696545745],[6.50615341233218,52.21063805807639],[6.506340973219003,52.21064886392154],[6.50660595235985,52.21065444099889],[6.506891592180233,52.2106670123675],[6.507063152367667,52.21068156428409],[6.507300382802641,52.21068920078339],[6.507483691219647,52.21070543832324],[6.507772053842576,52.21070989199231],[6.507968324685232,52.21071791599159],[6.508177829109769,52.21072851056503],[6.508331496439035,52.210729747681945],[6.508524954867515,52.21074229176509],[6.508702186268419,52.21074959655671],[6.509022867827269,52.21075913325087],[6.509184030622912,52.21076748889465]]],[[[6.509186956329055,52.21076746108464],[6.509184030622912,52.21076748889465],[6.509185040771861,52.210749502109806],[6.509186956329055,52.21076746108464]]]]}},{"type":"Feature","properties":{"gezicht_uri":"https://linkeddata.cultureelerfgoed.nl/cho-kennis/id/gezicht/10134262","gezichtsnummer":"1387","naam":"Staphorst"},"geometry":{"type":"MultiPolygon","coordinates":[[[[6.210322677522963,52.64570561374147],[6.210273351382215,52.64567539807741],[6.21029520963961,52.64565906935197],[6.210944956118778,52.64516475353134],[6.211535205218034,52.64543837288486],[6.211759841720973,52.645519499068456],[6.211968429465593,52.64537515180546],[6.212959685597846,52.645836514323825],[6.212879423779094,52.645890097706484],[6.21334330383583,52.646121446255115],[6.213747910786653,52.64579328853662],[6.214211507064732,52.646009357068024],[6.215423060259475,52.64506353236394],[6.218568376328613,52.64644720839657],[6.218454835918922,52.64653787678342],[6.217814751828047,52.64667985907529],[6.216063180099155,52.64805997230765],[6.215144178211747,52.64869369913256],[6.216670485430274,52.649233987194556],[6.217195900084751,52.649434334150754],[6.220364090436785,52.647092514971106],[6.220517212745913,52.64698538989569],[6.222392295211581,52.647916808609644],[6.223504035078133,52.64693475419536],[6.227573920483764,52.64858310524968],[6.226258900644253,52.649983649422055],[6.228548448628516,52.65078352510101],[6.228316954437861,52.65104220385357],[6.232727091178092,52.65229522091026],[6.232866928519826,52.65211268006649],[6.234853719773985,52.65268091519656],[6.234526299194218,52.65309846883242],[6.236221695141228,52.65357349114908],[6.235927590877545,52.653955759653286],[6.23686628982667,52.654198005974195],[6.235796442109555,52.65558342066761],[6.235187163908635,52.65533432280989],[6.23439293692087,52.65645442624983],[6.233468980726542,52.656212055416226],[6.233371174866457,52.656352056681335],[6.230346560983584,52.655852276150235],[6.225362650995458,52.654596027318114],[6.224939270192541,52.65517959885587],[6.224537976190859,52.65506109593847],[6.224400411169601,52.65528764897665],[6.217666727585306,52.65331630674643],[6.215272539305021,52.652214075448924],[6.212850247025455,52.6509466230099],[6.213518313648854,52.65048092648488],[6.21101096365617,52.6493191807771],[6.209901496874522,52.64878222729239],[6.209675720886232,52.648640889790926],[6.210301645763844,52.64821324981489],[6.210037440082287,52.64807128035165],[6.209853395712186,52.64818579570248],[6.209614460079923,52.6480517390893],[6.209256979559838,52.64829507468298],[6.207383434291078,52.64735265466041],[6.207242198875059,52.647465073091304],[6.205864704664498,52.64689218381537],[6.205704494191511,52.647017313490714],[6.204716642973014,52.6465774372321],[6.203733042137686,52.64628581597971],[6.203167018858321,52.64604165029424],[6.202600768575054,52.64578490110481],[6.202617319794106,52.64556189964163],[6.202412055934705,52.64548871207252],[6.200626893981651,52.6454757775067],[6.200076021454718,52.64660926392507],[6.198779191768611,52.645997095464246],[6.199744056192734,52.64519691492393],[6.196556642477712,52.64381662537221],[6.191959306772509,52.64119206145272],[6.18930477781469,52.639919413149016],[6.190169331328717,52.639206265496504],[6.186602020188702,52.63769166790735],[6.185656385319089,52.63727651497823],[6.186058213025665,52.63695116630156],[6.184638492976981,52.636215644048974],[6.184698385719662,52.63617839373291],[6.183194875603022,52.63538140338439],[6.184382494234462,52.63448009309472],[6.184074501888647,52.6343581322976],[6.184007078805222,52.6340611006853],[6.183637410200631,52.63387753906309],[6.183335035063781,52.634065604805585],[6.182383856717586,52.634481799630656],[6.181738003323376,52.63372847985624],[6.181552614916754,52.63360569277961],[6.18000576322556,52.62924813382878],[6.180867890654703,52.628485637027985],[6.179815459327637,52.62778535080777],[6.179289328930077,52.625716356731175],[6.180573666254198,52.62117901574625],[6.181682622728717,52.61880161464439],[6.182410763634709,52.617256293300706],[6.183044741229156,52.61703904540785],[6.183577195870927,52.61684224707642],[6.185711607940512,52.61606668240399],[6.185830414848623,52.61602274398721],[6.185918657181139,52.616003277092524],[6.185955779506958,52.616014711216415],[6.185978300808421,52.616035230963654],[6.186024967405421,52.615921675143795],[6.186121562609521,52.61571161768349],[6.186552062290439,52.61486210259756],[6.186801852024045,52.61463213996095],[6.187130676581335,52.61436389726118],[6.188849687535906,52.61300329055638],[6.188422354857321,52.612806651527436],[6.187312489433681,52.61104449811163],[6.19018891405205,52.60871620586235],[6.191541598020894,52.60647276500998],[6.192362856518811,52.60367209063689],[6.192284955896865,52.6027217414393],[6.192161057643968,52.60224264872439],[6.19146260949497,52.59948192585044],[6.190787354063048,52.59734027994125],[6.190227418001177,52.59520593850574],[6.190198920194285,52.59396675305853],[6.190811307710708,52.59363816153543],[6.190578704571075,52.58824901972712],[6.189293099105344,52.585476968737595],[6.190856846406072,52.58489119355401],[6.192847083064918,52.58447236908958],[6.193159115325857,52.58499422503439],[6.193609050828054,52.58571376824223],[6.194580830317511,52.586887228252856],[6.19526477966309,52.587892774830756],[6.196288783856035,52.58957455956447],[6.196906475481498,52.59090499761406],[6.198015004730287,52.59260146937917],[6.198904508297164,52.59418079240674],[6.200527530860735,52.59679494355596],[6.200147981219467,52.59726219682782],[6.199438488463994,52.59816670142659],[6.199343123442859,52.598277900000134],[6.19860226598972,52.59884378447281],[6.198824217247305,52.599033701995936],[6.200068918362638,52.60217441350816],[6.199902108013507,52.603613555861074],[6.199129884441526,52.60576505217773],[6.198409769956766,52.60610161087276],[6.196216088283681,52.6100405102828],[6.195743395776325,52.610670156275994],[6.19166831633293,52.61405374652201],[6.190036831157177,52.614624702569536],[6.18970479466384,52.61471592190359],[6.190398453199335,52.615507524069194],[6.188022510812444,52.61874646791987],[6.187143376288244,52.62091207629292],[6.186281914477473,52.6256821197212],[6.187579705180465,52.62971863191867],[6.188629605033299,52.630270574245124],[6.188712308510638,52.63148601635004],[6.191231320545731,52.633131674655885],[6.194872039846382,52.63479392773249],[6.201287616009804,52.63774656338949],[6.20145065991688,52.63761602741122],[6.201913731092169,52.637891464269835],[6.20101928550499,52.63857434603094],[6.202790160225167,52.639504988097755],[6.20233225001927,52.64062526687462],[6.204268363536258,52.64161676686145],[6.20519466122678,52.64097768039577],[6.205895568599221,52.641406947194824],[6.205634600799187,52.64159478429528],[6.206931526025217,52.64229315710831],[6.209825552094114,52.6437749614102],[6.20974846690044,52.64399838308984],[6.207455071846138,52.64572723497678],[6.209265656049447,52.646546062968305],[6.210247231771531,52.64577983305658],[6.210322677522963,52.64570561374147]]]]}},{"type":"Feature","properties":{"gezicht_uri":"https://linkeddata.cultureelerfgoed.nl/cho-kennis/id/gezicht/10134263","gezichtsnummer":"1388","naam":"Rheeze"},"geometry":{"type":"MultiPolygon","coordinates":[[[[6.585514457376335,52.54506556869332],[6.585147686012717,52.54600043808293],[6.58486777558112,52.54660546539123],[6.583465297601959,52.547624479331446],[6.584028668544262,52.54790192374361],[6.583147713428106,52.548581315923485],[6.582752067819618,52.5488890995331],[6.582375413129726,52.548864131526365],[6.582208142707256,52.548839750539955],[6.582033064170228,52.5487992693865],[6.581871971545797,52.548730784136175],[6.581675655565218,52.548450534497576],[6.580755727483853,52.54872673603517],[6.579714391257464,52.549039203871246],[6.579477898763449,52.549072139480586],[6.579289725550519,52.54903807750162],[6.579183418087794,52.54897802638234],[6.579037669249018,52.548877026126405],[6.578881117337414,52.54875815802099],[6.578635924414807,52.548578161925384],[6.578496553034693,52.54844024587505],[6.578450196915861,52.5483616161311],[6.578408505675509,52.548291927621236],[6.57828664135069,52.54803788940781],[6.578160629573499,52.547848606841356],[6.57786778725282,52.54737787365607],[6.577799657709785,52.54725721814465],[6.577797595848339,52.54718084016963],[6.577812426802932,52.54712945933153],[6.577863931183923,52.5470165916135],[6.577943015602911,52.546996923153266],[6.578024417067685,52.54695386238494],[6.578102215354025,52.54688656990513],[6.57808152537106,52.54683015263488],[6.577886758615176,52.546496851623615],[6.577575106765011,52.546038889692404],[6.577374238653064,52.54575238705117],[6.577210977430006,52.54554819729567],[6.577162406150026,52.54549655348932],[6.57991770967682,52.545544392521194],[6.580042401523602,52.545630323628025],[6.580471480472796,52.545632301505925],[6.580860739471559,52.54563377956677],[6.581367045837768,52.545656548783505],[6.581547106634996,52.54566372479304],[6.581901243584484,52.545348273446784],[6.58201723284085,52.54527609977692],[6.582111624458294,52.545223018449455],[6.582246103227143,52.54518031906286],[6.582375051384499,52.5451511573562],[6.582504121128068,52.54512648832775],[6.582605552030604,52.545115579713276],[6.582707007237949,52.54510556957574],[6.582833348095864,52.54508901695882],[6.582949444684592,52.545075263858905],[6.583043359715082,52.545059037747144],[6.583132706812738,52.54503746474193],[6.583242079142275,52.54499321961411],[6.583337357723596,52.5449185569372],[6.583342522222829,52.54489154060944],[6.583334896525255,52.54482780203134],[6.583309364943966,52.54475615465325],[6.583306197869801,52.54474809729393],[6.583293651421429,52.5447203606731],[6.58358580830647,52.54467517154087],[6.583869560139023,52.54464624500834],[6.584327800682332,52.544582301728866],[6.584475160738971,52.544851356642575],[6.585286379592954,52.54502742518147],[6.585514457376335,52.54506556869332]]]]}},{"type":"Feature","properties":{"gezicht_uri":"https://linkeddata.cultureelerfgoed.nl/cho-kennis/id/gezicht/10134264","gezichtsnummer":"1389","naam":"Oud Avereest-Den Huizen"},"geometry":{"type":"MultiPolygon","coordinates":[[[[6.370714181082604,52.621198833634494],[6.370585292180306,52.62111451777325],[6.370259112007035,52.62105699972035],[6.36982147959673,52.62103455563174],[6.369755601051973,52.6205974018207],[6.369719703135226,52.620246281481165],[6.36955069042409,52.619621239585804],[6.369436553038416,52.61953590175354],[6.369362052607228,52.61937384110168],[6.369342114095205,52.61914212444465],[6.369449684358475,52.61886711170553],[6.369790883667497,52.61853983603007],[6.370376071653602,52.618095498492025],[6.371138918638885,52.617540037318214],[6.371374207304122,52.61729811795286],[6.371481228555855,52.617065349710664],[6.371542890624919,52.61665320392892],[6.371649527556382,52.61640336210965],[6.37186562107565,52.61596387209957],[6.372585193535468,52.614731089601776],[6.373129357465349,52.61384308701672],[6.37386291175387,52.61264433287415],[6.374599686214719,52.612775722865656],[6.37461162185596,52.61271540624385],[6.375432928971082,52.61286316503827],[6.375382528541623,52.611867749774056],[6.375308604369917,52.61173175197433],[6.375001098570168,52.611253468542685],[6.37470272163495,52.61045784334702],[6.374128249869344,52.609990764200624],[6.374940389754768,52.610061308297524],[6.376366286795533,52.61017796764355],[6.376634056539382,52.61020180197729],[6.377750737423983,52.610355172997934],[6.379333977418367,52.610573843111354],[6.3800981927673,52.610678905497096],[6.380498316974513,52.609697700231834],[6.382460936444365,52.61010998625216],[6.382867201584309,52.609402845682105],[6.384375045193056,52.61000855129783],[6.384829477390398,52.61077677856281],[6.384719884642922,52.610957452667854],[6.383863271659116,52.611076089842946],[6.383205711293767,52.61131348710769],[6.383081393868842,52.61136575915541],[6.383026546354912,52.611486653942904],[6.383018301974412,52.61170961768602],[6.38329987054938,52.611690180497256],[6.383800149523213,52.61174440463516],[6.384274122602127,52.61181053145739],[6.384126121621658,52.612120949993255],[6.384059262783641,52.61223295835592],[6.383860676016082,52.61220047136141],[6.383734107611669,52.61221860974737],[6.383482333139636,52.61231509218362],[6.383386537565006,52.61245340710815],[6.383361010851758,52.612565068457805],[6.383351791884467,52.61274489946114],[6.38321318392174,52.61288357320452],[6.383118862523016,52.613021875522875],[6.383136032068506,52.613193396346595],[6.383270554251057,52.6135266103542],[6.383484771946157,52.613662325630706],[6.383571055065957,52.61375597268657],[6.383603489341527,52.61388422452419],[6.383522340076135,52.61408263411862],[6.383470126050891,52.614254736720824],[6.38350340285389,52.614485441073505],[6.383550100556309,52.61465671415769],[6.383508853969484,52.614726265210905],[6.383385369480047,52.614880990051205],[6.383317935191854,52.61496783720879],[6.383278030098508,52.61509669561149],[6.383236762338854,52.615165347967604],[6.383168351318394,52.615209062358325],[6.382976745121201,52.61548569146614],[6.38289452544465,52.61557176351767],[6.382838310345607,52.6156324520829],[6.382643116130384,52.61568531750234],[6.382431817016799,52.61567899883916],[6.381965410044049,52.615622687592705],[6.381667692050488,52.615582039197236],[6.381454647873937,52.61549843938861],[6.381283692628748,52.615447741436995],[6.381000374515436,52.61539079307066],[6.380859149599552,52.615348833490046],[6.380700443759302,52.615186585066006],[6.380499148997086,52.61503457896204],[6.38035772294036,52.61498363279669],[6.38024463464795,52.61501064238437],[6.380066983614325,52.615252098128245],[6.379788876288119,52.61542608658871],[6.379635219187518,52.61548758768596],[6.37945235661777,52.61549810276485],[6.379213575595004,52.61551717339857],[6.379087765230377,52.61556945358403],[6.379061071609738,52.61562989385629],[6.379219570499794,52.61578315848143],[6.379285179924929,52.61587698119632],[6.379287306662371,52.61597133400505],[6.379204491516186,52.616031344166935],[6.379035298478804,52.61605882102783],[6.378711977554366,52.61606151979667],[6.378585395902144,52.61607965271439],[6.378393554738094,52.616347288472475],[6.378239305696097,52.61638272841374],[6.377943143452224,52.61641126276955],[6.377413915769757,52.61664755677508],[6.377062598895454,52.616718790646544],[6.376936600671927,52.616762981167824],[6.376755267599601,52.616841785594985],[6.376503249376763,52.61692926725451],[6.376467323690282,52.61717043588645],[6.37616747874265,52.61762680935093],[6.376072032311336,52.61778219165909],[6.376102406040054,52.617885296998665],[6.376358853454184,52.617994609243176],[6.376516381956956,52.61810474466905],[6.376644707667388,52.618163893400215],[6.376870861668013,52.61823930370059],[6.37693056407892,52.61833317685733],[6.376709095119521,52.6185318514256],[6.376777746971229,52.6190894135737],[6.376602410891424,52.61917266154882],[6.376589203589352,52.61917636659694],[6.376527879221282,52.619207435306144],[6.37631906831192,52.61931253198011],[6.376312229140678,52.619402465539174],[6.376441287488247,52.61942835404282],[6.376822436327616,52.61950067631387],[6.376852024946718,52.6195687360929],[6.376867839105903,52.61968095014647],[6.377243182947938,52.62002025300232],[6.377188126828862,52.62013305753153],[6.377189845049939,52.620209438338044],[6.377179265333272,52.62032996115283],[6.37696031375292,52.62064096082231],[6.376863125764936,52.6207190642649],[6.376401297801398,52.620868510233],[6.37630481735729,52.62091245421155],[6.376276640203167,52.62097290609012],[6.37629370778217,52.62107522331845],[6.374869373646617,52.62104393109133],[6.37444331430319,52.62094501272666],[6.374034445582343,52.620888192049804],[6.37397571299525,52.62083745020684],[6.373821444647581,52.62087288442306],[6.373582833381045,52.620900929778806],[6.373089093342146,52.62087896350601],[6.372552152582121,52.62084027691992],[6.372071650461214,52.62074989046973],[6.371912751903108,52.6218324221369],[6.371785567775339,52.62182448847653],[6.371362964297001,52.62188011804435],[6.371178033452627,52.621733353448505],[6.371046942316683,52.62161670077826],[6.370843472188664,52.62130112133059],[6.370714181082604,52.621198833634494]]],[[[6.376527879221282,52.619207435306144],[6.376602410891424,52.61917266154882],[6.3767504621339,52.619123793945946],[6.376527879221282,52.619207435306144]]]]}},{"type":"Feature","properties":{"gezicht_uri":"https://linkeddata.cultureelerfgoed.nl/cho-kennis/id/gezicht/10134265","gezichtsnummer":"1390","naam":"Kampen"},"geometry":{"type":"MultiPolygon","coordinates":[[[[5.920618490749211,52.55181407579196],[5.921739880946307,52.552369842834516],[5.922637599644054,52.55174566616853],[5.9240132247684,52.55089823188852],[5.926448102919706,52.55167718421166],[5.925439607689706,52.55360955708825],[5.92497503246596,52.554325261502846],[5.923144517481209,52.556211005944164],[5.922508893224197,52.55668930689555],[5.920093936348398,52.558551573841285],[5.919858118548843,52.558683848046634],[5.919611056360233,52.55886200780672],[5.919489958814005,52.55896950068368],[5.919174553752168,52.559227953591666],[5.919022715633597,52.55935445723278],[5.918970259484396,52.55940681901293],[5.918774691887821,52.55957575888],[5.918555659281063,52.55975558830921],[5.918293036500845,52.55998953658752],[5.91820276946583,52.56008610530163],[5.917977963397904,52.56027674429837],[5.917800105189652,52.56044740077699],[5.91752591513988,52.56070117121049],[5.917458860680699,52.56076617983458],[5.917255637952832,52.560912682897495],[5.917100742035159,52.561031109023766],[5.916894438027543,52.56116684037175],[5.916592187568264,52.561418037593036],[5.916444564257626,52.5615283417735],[5.916281064143525,52.56166747609997],[5.916132223361927,52.56179935497701],[5.915967095668872,52.56192591380277],[5.915767113720561,52.562097564420476],[5.915611241301862,52.56225823349059],[5.915497347312626,52.56235310777604],[5.915266382401169,52.56252399668638],[5.915094134357099,52.562672155602364],[5.914689838782448,52.563024460056376],[5.914589116428197,52.563111186281375],[5.914400427012089,52.563241442493045],[5.914234115106796,52.56339316869541],[5.914061849461934,52.56354042740507],[5.913899819843976,52.56368045054924],[5.913724495148858,52.56381873497051],[5.913519578064774,52.56394906172767],[5.913338062513837,52.56406310715379],[5.913079945163196,52.56418468159038],[5.912861655285312,52.56430697781782],[5.912665389046276,52.56442108752095],[5.912439723070764,52.564543415612434],[5.912362000042498,52.56458060767003],[5.912190566730844,52.56467483452114],[5.911951582465799,52.5647936256339],[5.911799169673612,52.56487518552533],[5.911514625733162,52.56500765812501],[5.911236118086083,52.565151786941634],[5.911089612528128,52.56523421856267],[5.910975359385144,52.56530033045085],[5.910825721778346,52.56536749706376],[5.910560440013534,52.565507970983326],[5.909829452017141,52.56381258222495],[5.909757113848546,52.56355765985897],[5.909541568954789,52.56304093697167],[5.909398554731782,52.562795312717206],[5.909369524111166,52.56271006055544],[5.909406753974805,52.562242554222706],[5.909804678926524,52.56172313099273],[5.909700704180313,52.56116277756559],[5.90957673199423,52.560781360469306],[5.909337874521214,52.56053615782812],[5.90905635165609,52.56029923092838],[5.908115593290186,52.5596832357169],[5.908350423352988,52.559588736249935],[5.908682848457536,52.55939225034509],[5.909042479064432,52.55912733991569],[5.909215074199771,52.559007947715536],[5.909352374595477,52.55889679916987],[5.909518366985977,52.55871811896108],[5.909747745542952,52.55816438631358],[5.909800454331135,52.557883748412664],[5.909823335391239,52.55745045657989],[5.909806240226654,52.55712788536401],[5.909677892966241,52.55687410794812],[5.909536910475173,52.55679833589153],[5.909849763771915,52.55669450254907],[5.910168929305725,52.55662569129992],[5.910614889197586,52.55655542131953],[5.910865349440854,52.556537240450666],[5.910961352442035,52.55642627215806],[5.911699486973792,52.55575435189764],[5.911885000308075,52.555607037713315],[5.912271278926652,52.555231454610606],[5.912808206774074,52.55475364575277],[5.913222387466279,52.5543698472164],[5.913827474951873,52.55379826273302],[5.914028039011956,52.55367784042953],[5.914250116210683,52.55350699292242],[5.914401829767748,52.553370609632104],[5.914554456021118,52.55331061480494],[5.915428557099084,52.55304339711459],[5.915664713565152,52.5529407883304],[5.916049559339374,52.55257328755405],[5.916145648497766,52.55247130189789],[5.916159065935426,52.55236069729942],[5.91621407761007,52.55227597069399],[5.916351026680753,52.55213875191942],[5.916599215136207,52.55193363141876],[5.916695204507653,52.5518235570948],[5.917118499442592,52.55109908197205],[5.917482205173458,52.55118283745701],[5.917971326025581,52.55127411960652],[5.918375904201613,52.551323537481096],[5.918325606696412,52.55179919525829],[5.918231158335288,52.55203688486926],[5.918108501649894,52.55225852329878],[5.918040538283623,52.55236937213995],[5.918042886101998,52.55256438784276],[5.918113922901213,52.55270876692011],[5.918240260794177,52.552792683043556],[5.919419052744607,52.55236319784203],[5.919897735468932,52.55219927718386],[5.920245100979241,52.55202785584689],[5.920618490749211,52.55181407579196]]]]}},{"type":"Feature","properties":{"gezicht_uri":"https://linkeddata.cultureelerfgoed.nl/cho-kennis/id/gezicht/10134266","gezichtsnummer":"1391","naam":"Het Stift Weerselo"},"geometry":{"type":"MultiPolygon","coordinates":[[[[6.848239623620248,52.355458690176164],[6.847723805508359,52.35588843514921],[6.847145792178867,52.356346810774504],[6.846547694857216,52.35681981336182],[6.846012648572663,52.35724619211574],[6.845833798680823,52.35743266904897],[6.845468943622051,52.357856047878265],[6.84525426637773,52.35811397748786],[6.845160411500877,52.358161876206985],[6.845060795093244,52.35816849707753],[6.844817319839339,52.35813104714074],[6.84414701986057,52.3579271664296],[6.843398319305748,52.357660426068556],[6.843373983159925,52.35763465790991],[6.84327085722471,52.357534353038],[6.843170091533534,52.357505929916144],[6.842915774266399,52.357361642097395],[6.842688227919689,52.35722781102793],[6.842553467692724,52.357147670213735],[6.842412484100133,52.35705681916585],[6.842260933694807,52.35695710905461],[6.842082113994738,52.356831666405874],[6.841927040658413,52.356714021479284],[6.841785205143402,52.35659711248155],[6.84167889083581,52.35653369977885],[6.841493644718002,52.356391256433135],[6.841331148644787,52.35627100532862],[6.841209247712272,52.35617991832582],[6.841058669792496,52.35606491369357],[6.840893270582046,52.35594559656287],[6.840757486851307,52.355834005313504],[6.84058149311458,52.3557049301798],[6.840228978870416,52.35543060566724],[6.84175055847723,52.353570988530215],[6.842346631752807,52.353662535656355],[6.842785776284735,52.35371376308354],[6.843105036675905,52.35377994762926],[6.843124857573291,52.353847120199475],[6.843485392579177,52.35414201187472],[6.84391192115836,52.35434530232944],[6.844284643510561,52.35447464638825],[6.845167227279415,52.35466242672309],[6.84546897735073,52.354731517422834],[6.845823674452102,52.35480355011009],[6.846061439794417,52.35484646158427],[6.846613722492036,52.35494481961766],[6.846948488722407,52.35499102710132],[6.847428473900296,52.35503364351909],[6.847790294691755,52.35505434585156],[6.847970211238486,52.35507909107266],[6.848073388911087,52.35513624470911],[6.848239623620248,52.355458690176164]]]]}},{"type":"Feature","properties":{"gezicht_uri":"https://linkeddata.cultureelerfgoed.nl/cho-kennis/id/gezicht/10134267","gezichtsnummer":"1392","naam":"Hattem"},"geometry":{"type":"MultiPolygon","coordinates":[[[[6.06994769540509,52.47639005686635],[6.069467564811763,52.47618071295986],[6.069374094098622,52.476132717639985],[6.069209576497633,52.476059066877944],[6.069122423247666,52.47603889671576],[6.069011610893898,52.47601167246373],[6.068699125191663,52.47598291149449],[6.068408965699598,52.47597019915967],[6.068145519686627,52.47597171288897],[6.06794241604236,52.47597287949857],[6.067744991871984,52.47596053168392],[6.067442809690517,52.475931708250926],[6.06652443614202,52.47584170606367],[6.066349158410872,52.475833722824895],[6.06608721249054,52.475837020917524],[6.065852089436444,52.475861735207836],[6.065741638266251,52.475857873715235],[6.065669301173768,52.475843907556495],[6.065592162593546,52.4758048034305],[6.065534129433593,52.47576379239148],[6.065494787870852,52.47569391390268],[6.065457259016098,52.475550326343345],[6.065423745709906,52.47538065162237],[6.065413601237975,52.47519915923866],[6.065397311729139,52.475096793287015],[6.065418501299253,52.47494298330718],[6.065480402565486,52.47475658483051],[6.06564239911169,52.474379075319014],[6.065756631629236,52.474150135179144],[6.065791000499944,52.47408792365142],[6.065869534112092,52.47402635800923],[6.065952993247382,52.47399801840518],[6.06611922635795,52.473992572537796],[6.066263701500944,52.47400792268316],[6.066473359755049,52.47405076082621],[6.066561951957112,52.474069127146684],[6.066665150738153,52.47408021955182],[6.066703345930701,52.474075506769196],[6.066767741587385,52.474051769699564],[6.067263495750844,52.473844007943505],[6.06750270964435,52.47370332663671],[6.067717221611878,52.47358345825799],[6.067826200317448,52.473492057251285],[6.067934140480744,52.473333254724366],[6.068578270457684,52.473108457358094],[6.068767298266683,52.47305434339916],[6.069172189109856,52.47296842930213],[6.069798674822461,52.47284079341673],[6.069833925284737,52.472836096577275],[6.069939926498158,52.472838182332985],[6.070037194942729,52.47284660966136],[6.070159564982594,52.47286028486833],[6.070296957274976,52.47289364621204],[6.070950822219175,52.47301390567924],[6.071324294399266,52.473085449403925],[6.071359656178159,52.47308794159202],[6.071405319642351,52.4730903743032],[6.071419635881893,52.47315949659816],[6.071657222256416,52.473770184072],[6.071682742041864,52.4738023922538],[6.071768535457312,52.473925027628106],[6.071903257443351,52.474070748203054],[6.072000393986178,52.474165456158424],[6.072066736492166,52.47426753208799],[6.072131087460586,52.47452600463467],[6.07213578115168,52.47454395281592],[6.072084136242161,52.47463053269534],[6.071875048632507,52.47481508873169],[6.07183718746804,52.47484137161276],[6.071789121605095,52.474874004775856],[6.071679855438208,52.474946537010574],[6.07157964196633,52.475033397114565],[6.071399484293775,52.47518542970025],[6.071364746860668,52.47522337833976],[6.070741390195734,52.4757455620561],[6.070453941858907,52.47600336729896],[6.070151827976704,52.47626485137456],[6.06994769540509,52.47639005686635]]]]}},{"type":"Feature","properties":{"gezicht_uri":"https://linkeddata.cultureelerfgoed.nl/cho-kennis/id/gezicht/10134268","gezichtsnummer":"1393","naam":"Hasselt"},"geometry":{"type":"MultiPolygon","coordinates":[[[[6.094244341268575,52.58572955008648],[6.094769647402075,52.58664853285495],[6.095096341150337,52.5873278339145],[6.095259860998994,52.58786161178775],[6.095422156693883,52.5883190034432],[6.095176293157548,52.58844629368965],[6.095510551017837,52.58867707508652],[6.095714417625109,52.58878280943347],[6.095932071047852,52.58891991718812],[6.096131455335743,52.58902208259789],[6.096216124870297,52.589056628110214],[6.096352134449021,52.589071993358225],[6.096461700249022,52.58909470634665],[6.096721569172333,52.58919561075391],[6.097279790663612,52.589404377712796],[6.097383962702535,52.589458578145724],[6.097428475459036,52.589473590578976],[6.097560294705169,52.58959503129958],[6.097547521979512,52.58962656374277],[6.097502287044932,52.58965829035883],[6.096556720403864,52.59013847915931],[6.09635178994023,52.590242159902374],[6.096178814940256,52.590314193479685],[6.095992732699032,52.59039708995851],[6.095679170316723,52.590536468858865],[6.095409367879287,52.59064412993104],[6.09528771757717,52.590696083737015],[6.095160482400598,52.59076784306864],[6.095135902876411,52.590799445621975],[6.095116948917208,52.59090561034394],[6.095109106380416,52.590968569137544],[6.095115889836214,52.5910233520511],[6.095133204741655,52.59109065459074],[6.095173101566007,52.591185683549476],[6.095237316173901,52.59132460593534],[6.095277068965902,52.59141064828069],[6.095324590094164,52.5915209103609],[6.095369739997699,52.59157546447282],[6.095423597534005,52.591712651025105],[6.09537309219801,52.5917839529364],[6.095340639132565,52.59196838883359],[6.09533726510462,52.59212568902238],[6.095484547978684,52.59247442180012],[6.095101240596232,52.59305010537529],[6.094639184310155,52.593409659686664],[6.094357537952565,52.593608161793576],[6.094212363994642,52.59375821745917],[6.094148558688874,52.59382869923296],[6.09410505233187,52.593876591575565],[6.094035920803392,52.59398305469869],[6.093986102883997,52.59409749152062],[6.093903429792935,52.5941878577805],[6.093775211205881,52.59429107736248],[6.093661417601587,52.59437353991295],[6.093533068192388,52.59446867131939],[6.09346299761416,52.594516721402826],[6.093380732063356,52.5945405779096],[6.093277431750568,52.59454119211407],[6.093154255643619,52.594498784736714],[6.093102043776892,52.59446404413123],[6.092790185269647,52.594343668395524],[6.092686208819662,52.59430204520521],[6.092583765848955,52.59426400778628],[6.09249764219712,52.59423126581793],[6.092355096458474,52.59417728899413],[6.092283758977541,52.59414625656052],[6.092218568975776,52.59413046621317],[6.092070379980942,52.59409269991616],[6.091933982482128,52.594053964720906],[6.091830180057394,52.59402312466245],[6.091682049254194,52.59398895250778],[6.091578376512804,52.59396620014364],[6.091444557613767,52.59390408178892],[6.091328706058794,52.59385803412198],[6.091282456637306,52.59382685233903],[6.091206765219984,52.593800338787126],[6.09104164184914,52.59371863321414],[6.090939043695506,52.59367070913495],[6.090860214720496,52.593632530302685],[6.09069804399313,52.593550806759325],[6.090567121556168,52.59348507529231],[6.090437804334776,52.59342742285909],[6.090229630870857,52.59332979371314],[6.089898174301445,52.59318256415825],[6.089678154820398,52.59308230791542],[6.089526762230419,52.593028380043556],[6.089433221934505,52.592992983497176],[6.089314738715276,52.59296672177236],[6.089175266874341,52.592919912916756],[6.089071469045406,52.5928890704313],[6.088968932239411,52.59284473926566],[6.088721838055201,52.59280485699818],[6.08847656339162,52.59278653329416],[6.088347122193517,52.592720790644755],[6.0882754751819,52.59266998530686],[6.088204200222464,52.59264254503529],[6.087931692870515,52.592582140059584],[6.087879787620801,52.59256626895318],[6.087737939012972,52.59255542214051],[6.087550402379634,52.59254843957592],[6.087473482647456,52.592537209521616],[6.087388998963608,52.592514340362726],[6.087200348498544,52.592437261900564],[6.087093401956917,52.59239385385859],[6.08702227096922,52.59237539945724],[6.086945337394842,52.592363270401364],[6.086875639336673,52.5923421112419],[6.086314056802973,52.59201378261785],[6.084614910726776,52.59123467747209],[6.085055504557249,52.59091393427512],[6.086761910433988,52.58973462981427],[6.086865199594526,52.58973402129461],[6.087379159708082,52.58957461070848],[6.087748197902011,52.58939628055624],[6.087809070280435,52.589326718210025],[6.088169677936849,52.58926796931223],[6.088403790656636,52.58914256057144],[6.088737479845347,52.588968929738385],[6.088788422138736,52.58892459035195],[6.089065092461714,52.588784548944524],[6.089188836226359,52.588771235088785],[6.089291822282949,52.58875175262899],[6.089455576819954,52.58865641627412],[6.089549036264711,52.58868731956163],[6.091111762201639,52.588040857195196],[6.091988933667845,52.58743529337424],[6.093328299153099,52.586483655036545],[6.094244341268575,52.58572955008648]]]]}},{"type":"Feature","properties":{"gezicht_uri":"https://linkeddata.cultureelerfgoed.nl/cho-kennis/id/gezicht/10134269","gezichtsnummer":"1394","naam":"Gramsbergen"},"geometry":{"type":"MultiPolygon","coordinates":[[[[6.674277932791774,52.61102770780186],[6.674228561164282,52.61105610578508],[6.674140943225194,52.61108941213285],[6.674105544019324,52.61109069442782],[6.674047631038727,52.611129970569046],[6.674027570290422,52.61115086048039],[6.674054585974801,52.61116584758444],[6.674090536868183,52.61118343431526],[6.674114626732217,52.6111993519098],[6.674158220698257,52.61122584391083],[6.674182652117631,52.611253442307],[6.674193615067034,52.611274894950746],[6.674187338066648,52.6113127129265],[6.674176527766236,52.61134698477806],[6.674167456216559,52.61139022587995],[6.67416547604828,52.61142350325924],[6.67420838230962,52.61147696695777],[6.674245095386581,52.611520610841744],[6.674286604579023,52.61157678607474],[6.674329537411182,52.61163114825073],[6.674355524066146,52.611661426187005],[6.674366198190014,52.611672995046604],[6.674362269149992,52.61169011498567],[6.674278552860207,52.61170540297042],[6.674196049889739,52.61171168966319],[6.674113809583044,52.61172696154066],[6.674008109485158,52.611747880334306],[6.673911502174051,52.61177678982542],[6.673847105983679,52.61179636228411],[6.673747651332678,52.61182889771352],[6.673624158991384,52.61184731242254],[6.673521279260199,52.61186370619394],[6.673405245929636,52.611884736333465],[6.673314069729568,52.61189740797495],[6.673218543960388,52.61191282305782],[6.673106807382003,52.61192931234647],[6.673022722740815,52.61193202010618],[6.672931546330301,52.61194469145466],[6.672841740985807,52.61195375266066],[6.672693075629256,52.611969742396056],[6.672595994675388,52.6119824773784],[6.672475506068426,52.6120026560019],[6.672372678005378,52.61202084582995],[6.672277099169484,52.61203446310808],[6.67221544421583,52.61204681455226],[6.672181632428854,52.61200134105941],[6.672140466483798,52.61195684591067],[6.672085517489331,52.61189542246462],[6.672044351741085,52.61185092728078],[6.67201080254195,52.61181443898389],[6.671975436385615,52.61176628581849],[6.671915291574122,52.61172918631465],[6.671883533336985,52.61170346431505],[6.671853303664459,52.6116795233941],[6.671821440611653,52.61165020727789],[6.671778136053377,52.61163359819273],[6.671729110747092,52.61162334260912],[6.671661237264394,52.61162497530959],[6.671621356871984,52.6116245076957],[6.671522826495752,52.61163815628519],[6.671454821909245,52.611635296242994],[6.671459258218622,52.61158491501443],[6.671460794792178,52.61153636274997],[6.671467921091546,52.61147696435502],[6.671464261148029,52.611452736094634],[6.671437351019207,52.61144134250049],[6.671394440006694,52.611438211148986],[6.671341353751938,52.61144058262418],[6.671212620754117,52.611431188419076],[6.671199999678133,52.611403461775],[6.671198374717587,52.611347753218354],[6.671194059711326,52.61130106182034],[6.671232445856931,52.61125031364682],[6.671197945901548,52.61123181156878],[6.671166240859593,52.61120788642219],[6.671134483436993,52.6111821642166],[6.67110428073744,52.61115912162482],[6.671076820547486,52.6111288589184],[6.671036468909497,52.611112217653066],[6.670993007948062,52.611090217125664],[6.670940271400534,52.61105393588394],[6.670903824011178,52.61101927621494],[6.670861551047166,52.610987375909986],[6.670811635844014,52.61094657008313],[6.67076638470266,52.61091380311658],[6.670725535597797,52.61088008976234],[6.670692459804383,52.61085977453532],[6.67071143893402,52.61085237900948],[6.670771197393737,52.6108256678895],[6.67083680759131,52.61079709589063],[6.670924217847493,52.61075660376838],[6.670967870507552,52.61073456063257],[6.670994203586095,52.61072618678007],[6.671055647396931,52.61070664776824],[6.671106627774523,52.61068272776925],[6.671134733570169,52.61063388834186],[6.671139327398214,52.61058889826414],[6.671162288942682,52.61056617987636],[6.671204386624804,52.61054145703132],[6.671268939430632,52.6105272771529],[6.671333413561276,52.610510401663696],[6.671426595893443,52.6104653527231],[6.67146732214468,52.61044423984298],[6.671528450770762,52.61041391828448],[6.671571945492798,52.61038648377565],[6.671594932924998,52.610364663829415],[6.671663014209842,52.610370219374154],[6.671723767756396,52.61037765173315],[6.671805369412217,52.61039115027681],[6.671867756381971,52.610403957751245],[6.671902177297482,52.61041976406431],[6.671969910298278,52.61046397197493],[6.672007466955154,52.61048603600523],[6.672082475476163,52.61052656992929],[6.672179257609661,52.61055428496357],[6.672274249054826,52.61057123358621],[6.672375485775922,52.610599799082195],[6.672459961429899,52.610610569661446],[6.672638267659866,52.610649086780114],[6.672704873463761,52.610654657697566],[6.672796178478116,52.6106464791516],[6.672837061686614,52.61063075695329],[6.672881290599713,52.61062848066293],[6.673004806089555,52.61061096525539],[6.673063375487724,52.6105941527354],[6.673136994015716,52.610587064178134],[6.673275925999254,52.61059185182478],[6.6734081603769,52.61062008085726],[6.673433804494179,52.61063867818611],[6.673446321734005,52.610662810495626],[6.673594393468868,52.610727719006846],[6.673694890612681,52.610781458044805],[6.67372825658727,52.6108116562017],[6.673764259582647,52.61083104008306],[6.673960742629423,52.610733638220744],[6.674016564700117,52.61077437876186],[6.674081059315729,52.6108087336662],[6.674159652850476,52.61087079887339],[6.674163498109462,52.61090131672],[6.674174513499188,52.61092456641629],[6.674218553823124,52.610966333311524],[6.674233760996494,52.61098144830802],[6.674264201645943,52.61101257681914],[6.674277932791774,52.61102770780186]]]]}},{"type":"Feature","properties":{"gezicht_uri":"https://linkeddata.cultureelerfgoed.nl/cho-kennis/id/gezicht/10134270","gezichtsnummer":"1395","naam":"Deventer"},"geometry":{"type":"MultiPolygon","coordinates":[[[[6.152549348469848,52.2470941163857],[6.152899305314715,52.24717813407306],[6.153602142222153,52.2474306358183],[6.156249791123576,52.24853873910351],[6.158482923373997,52.24946523437399],[6.158988854134874,52.24967494812334],[6.160038160798711,52.25005727280215],[6.16072294977982,52.25027749325324],[6.161635834982146,52.250560928922894],[6.162110135106912,52.25071870560678],[6.162355610244158,52.25077102360604],[6.162901313677295,52.25099214424012],[6.163624834613793,52.251416124228875],[6.163982691835282,52.251949464028094],[6.164513106925701,52.25230010694118],[6.165699201969817,52.252374985981675],[6.16554934489,52.253268495283585],[6.164654855011449,52.25320427897401],[6.164522582940386,52.25334536440282],[6.164358443460326,52.253422843624925],[6.164109589302239,52.253513463247174],[6.16403818008759,52.253533706813975],[6.163872464857832,52.25360490402324],[6.16360490108591,52.2537145206685],[6.163253881595337,52.25382558387172],[6.162819484067238,52.2539425864404],[6.162498539621496,52.254014800929],[6.162260516699527,52.25405501199899],[6.162032509325998,52.25408167469387],[6.16186814368679,52.254146568517584],[6.161764734719647,52.25417960394481],[6.160881532177256,52.254765126549884],[6.160906801371608,52.25503909886897],[6.160918599830441,52.25512800402775],[6.16121799645359,52.25558443687402],[6.161304019016881,52.25573037958314],[6.161448256742141,52.256023345896935],[6.161459728064402,52.25609337807484],[6.161525140364373,52.25623316402619],[6.161467844372489,52.25630724222933],[6.161344177746109,52.25635479103482],[6.161134497860973,52.25642537361677],[6.160897476833702,52.256523998094366],[6.159773396375967,52.256989749769595],[6.1593560822622,52.25716505040141],[6.159004761105935,52.2573453112327],[6.158687681973158,52.25755770459132],[6.158431860466501,52.257839804463096],[6.158259327136806,52.258026086058045],[6.158125462899497,52.25807729325442],[6.157856191114264,52.258175223196474],[6.157494636851729,52.25827285552459],[6.157153600095201,52.25837125181361],[6.15666810075044,52.258501147832625],[6.156471273361308,52.25855366207644],[6.156213260834326,52.25862544937603],[6.156006289245286,52.258684320559986],[6.155695660033352,52.258762740841995],[6.155467857387615,52.258802871556085],[6.155313157908922,52.2588353360017],[6.154668970967133,52.258852106474684],[6.154597316296894,52.25885886368103],[6.154473387172378,52.258892025930535],[6.154313928871742,52.25898833557589],[6.154242018202336,52.259065201508136],[6.154253153532723,52.2591163614434],[6.153973204899515,52.25910559561969],[6.153765236842816,52.25910694539879],[6.153667111064545,52.25910758213932],[6.153385140755304,52.25906447083782],[6.153124272789492,52.25897088861265],[6.152645620025769,52.25890388397053],[6.152321222184389,52.258778354435485],[6.15219617870894,52.25874680710597],[6.152007186184488,52.25865904860471],[6.151766827134771,52.258565330610146],[6.151484905966448,52.25843952385156],[6.151055776316647,52.2582706267078],[6.150595663398772,52.25808844608828],[6.150084295857069,52.257906594721945],[6.149885275131798,52.25783148096885],[6.149676326941035,52.25777530599695],[6.149727971270837,52.25771205584722],[6.148887721878507,52.257226726175396],[6.148091533048113,52.25674739842976],[6.14737644486931,52.25629900183483],[6.147114730616062,52.25615417963616],[6.146824932359576,52.25599425768451],[6.144174569446848,52.25413635266372],[6.142266040700938,52.252830012650215],[6.143132065007165,52.25242809740704],[6.14352892638408,52.25216849671466],[6.14404386385725,52.25161872077424],[6.144352666502368,52.25126260980254],[6.144559324086746,52.251100397534934],[6.145352083036122,52.25052726236121],[6.147082318995567,52.24954093197694],[6.147748003932292,52.24916184245781],[6.147977125359216,52.24903003901096],[6.14835458211372,52.24883795760872],[6.149064693044371,52.248574521022114],[6.14979404592494,52.24832353925095],[6.150104258738131,52.2481390768441],[6.15169833749464,52.24742140325085],[6.15239158915187,52.24711671013533],[6.152549348469848,52.2470941163857]]]]}},{"type":"Feature","properties":{"gezicht_uri":"https://linkeddata.cultureelerfgoed.nl/cho-kennis/id/gezicht/10134272","gezichtsnummer":"1396","naam":"Den Haller"},"geometry":{"type":"MultiPolygon","coordinates":[[[[6.578084869457418,52.192748745626744],[6.578849335835728,52.19322282327993],[6.579374580697841,52.19399414296067],[6.580126158242154,52.194695757185656],[6.578514491729619,52.195141698991144],[6.579369122790893,52.195375763386195],[6.579828838569782,52.1956102179779],[6.579947532322208,52.19567283821849],[6.580317527713576,52.195943253716955],[6.580545957711218,52.196116223873865],[6.580714583405134,52.19635002283445],[6.580689632937607,52.196401510837944],[6.580651977253954,52.19668863159432],[6.580667593338644,52.19678015853057],[6.580681717309346,52.19681597053886],[6.580295711511986,52.19693133375933],[6.580121814910771,52.19699241723767],[6.57994993341912,52.197074154123435],[6.579716972707373,52.197223923311334],[6.57941993839507,52.19749388918778],[6.579267689785975,52.1975987973491],[6.579100071390743,52.197675995544],[6.578587909733918,52.19788790746673],[6.578312719730134,52.197990459969006],[6.57798488175854,52.19809354306635],[6.57760384329381,52.198176487867705],[6.577211560059782,52.19827662335721],[6.57653880322798,52.19844610089324],[6.576294819155829,52.19851237931231],[6.575269202601762,52.19867012362075],[6.574725616498687,52.198472450133316],[6.57474117626909,52.19845251841712],[6.574740915928702,52.19833297130989],[6.574624546817114,52.19830268179822],[6.574500626346742,52.19826347944441],[6.574361794660668,52.19821364052254],[6.574270047743625,52.198174114271296],[6.574249240982166,52.19810690830414],[6.57429817711951,52.19796709119251],[6.574372931408392,52.19786296913961],[6.574267832086325,52.197816386249414],[6.57406789005585,52.197833678065116],[6.573846229862529,52.19780444668103],[6.573635843724352,52.19720971223865],[6.573552703310934,52.197218637902914],[6.573207967362327,52.19718165384645],[6.57313003072047,52.197166257422325],[6.572961154660935,52.196921663991134],[6.572850831198011,52.196898502971735],[6.572784809314159,52.19689107644559],[6.572191263636284,52.19706872215332],[6.571536118552763,52.19707529890969],[6.5716479256262,52.196879122006976],[6.571510874269833,52.19684094721226],[6.571829009006575,52.19648270044262],[6.571688707659353,52.19610208900366],[6.571618656136406,52.195887962166395],[6.571475740218195,52.19579411626255],[6.571465449037138,52.195627029704184],[6.571480542838756,52.19547946353161],[6.571503569060914,52.195355188368126],[6.571557524253886,52.19518386153833],[6.571673479992913,52.19492382308915],[6.571698105688283,52.194859756122405],[6.571772215980323,52.194731372633306],[6.571827960952675,52.19462744295575],[6.571932974797528,52.19445110899052],[6.572037581663634,52.194259498210336],[6.572137055317323,52.19409490498258],[6.572187045125375,52.19399462838412],[6.572273261621801,52.19382657267008],[6.574331602772964,52.19400543290165],[6.574725986171552,52.19398528505966],[6.575037139335564,52.19397046807751],[6.576030430858575,52.19392091508611],[6.576020770302099,52.19383292305104],[6.575985628020232,52.19372181707515],[6.575917884705179,52.19359485982129],[6.577277341886826,52.193071497431184],[6.578084869457418,52.192748745626744]]]]}},{"type":"Feature","properties":{"gezicht_uri":"https://linkeddata.cultureelerfgoed.nl/cho-kennis/id/gezicht/10134273","gezichtsnummer":"1397","naam":"Borne"},"geometry":{"type":"MultiPolygon","coordinates":[[[[6.760591656776374,52.30345620129809],[6.76041464457218,52.30355360661076],[6.760325213834175,52.30353261839756],[6.760121946567639,52.303484974637776],[6.759631362774193,52.30336638316343],[6.759583407833512,52.30335810392269],[6.759518610434578,52.303480528763025],[6.759046248340512,52.30336220872615],[6.759327078482495,52.30313963122062],[6.759435150011375,52.30302871318261],[6.759600605739212,52.30279087193873],[6.759660384712621,52.30263419499173],[6.759652706325128,52.30261299863114],[6.759625196698416,52.302536994011376],[6.759593423819899,52.30245208602304],[6.759531586202499,52.302328533594086],[6.759467592722991,52.302205905041895],[6.759428525197602,52.30213166152748],[6.759431763526568,52.30212542165219],[6.759440344877252,52.3021089264344],[6.759247083746708,52.302008068130256],[6.759147591834488,52.301956134984636],[6.759133580862518,52.30196014481442],[6.758852143604694,52.3021030162085],[6.758726850835332,52.302521901524834],[6.758652294749902,52.30277946906631],[6.758615544612853,52.30290375228151],[6.758613088699414,52.302912068459094],[6.758585989806276,52.30300368221255],[6.758332673269928,52.30309779431368],[6.758229215749115,52.30308512457563],[6.758211739548079,52.30298114695226],[6.758176730624909,52.30293716624444],[6.758122705014683,52.30286471379144],[6.758037847474466,52.302781463759466],[6.757922311591634,52.3026714771404],[6.757799015286866,52.302569904031934],[6.757760382847472,52.302351896887096],[6.75756355651044,52.302321225877996],[6.757404936653863,52.30229609822036],[6.757323039737843,52.302292121645905],[6.757277363768742,52.302291599375515],[6.757274268233867,52.302286790285564],[6.757267228602084,52.302275806652666],[6.757214315719355,52.30221321061115],[6.757138320408039,52.302121974045676],[6.757101008221817,52.302074806219935],[6.757167480401771,52.30201937713331],[6.757142595542089,52.301986732782694],[6.75713583801805,52.30198394366819],[6.756934400913178,52.30145972696823],[6.757072639364053,52.30142039446368],[6.757336459477289,52.30131681261535],[6.757514560755917,52.30122472060497],[6.757632567391105,52.30113975430878],[6.757787346885791,52.300972691394534],[6.757839038230414,52.30090922424931],[6.757893641414476,52.30084129182824],[6.757950672017571,52.30075984800834],[6.75802741539228,52.30062826065756],[6.758039060976556,52.300606525478216],[6.758058339851511,52.3006026614227],[6.758066256269305,52.3005888436913],[6.758112408340639,52.30050126973332],[6.758121234921573,52.30048511333848],[6.758157319265658,52.3004190944501],[6.758224822444215,52.300295047874755],[6.758271292307946,52.3002054386864],[6.758319013495349,52.30012074982174],[6.758363612983166,52.300040384812725],[6.758403078583552,52.29997895585513],[6.75839789301496,52.29997768566562],[6.75844524414735,52.29988244816438],[6.758454076929406,52.299864125363996],[6.758463642540047,52.29984579406125],[6.758484660047331,52.29979091620426],[6.758489715255899,52.29977893838599],[6.758520976147869,52.299715815793306],[6.758559179885776,52.29963869795149],[6.758578880815053,52.29959247360229],[6.758582134438651,52.299584831313766],[6.758589804284258,52.29956683660246],[6.758642878550468,52.299458489832],[6.758650602851114,52.299443685514454],[6.758656208680659,52.299432923778085],[6.758696969926688,52.29936742571763],[6.758711779246051,52.29934228294539],[6.758724425005807,52.29932684623279],[6.758735248580756,52.299313650900544],[6.758780031079003,52.299257310697534],[6.758805203856812,52.29923494205521],[6.758827421873321,52.299221821234056],[6.758913398650579,52.29919903460801],[6.758932613630619,52.2991935981016],[6.758980517432316,52.299132942917204],[6.758988947222918,52.29912294839456],[6.758991537037982,52.29910425754989],[6.759052637212314,52.299077822424344],[6.759114475358723,52.29905107308117],[6.759140737311138,52.2990383457144],[6.759212416003185,52.29902022822097],[6.759209114417295,52.29901491819675],[6.759298168169807,52.298992086580135],[6.759426118916176,52.298959275182504],[6.759471586606228,52.298950315808426],[6.75963242401704,52.29892085273398],[6.759758861215751,52.29881438617209],[6.760054645953645,52.29854491792121],[6.760192497210285,52.29841266420018],[6.760218718833412,52.2983905886802],[6.760274869919283,52.29832646632991],[6.760320433399193,52.29826133435687],[6.760554660439485,52.298335188870894],[6.760824608507627,52.29842010653287],[6.76095558968369,52.29838107392558],[6.761381490225419,52.29825447739611],[6.761396840755485,52.29829334638167],[6.761438818940277,52.298399600616044],[6.761444114778058,52.29841344475475],[6.76144771634636,52.29842228383907],[6.761477399084748,52.29849932351311],[6.7614924926314,52.29854184718352],[6.761506438080916,52.29858114372982],[6.76141695341173,52.29860503148285],[6.761306710606193,52.29863445940148],[6.761321087537645,52.298660809293054],[6.76141000747784,52.29882378559704],[6.761479203936958,52.298950604399614],[6.761530433651881,52.29904450825217],[6.761536915076449,52.299056388026216],[6.761551059371847,52.29908231812016],[6.761567798914104,52.299112991101374],[6.762891762500118,52.29900248754326],[6.763095038141601,52.29941692435374],[6.762975599999624,52.2994561305819],[6.762812723159894,52.29950921760363],[6.762655247355402,52.299579068626564],[6.762540771465839,52.29971015660119],[6.762661476978982,52.29974429162028],[6.763064214430819,52.29987174913886],[6.763145951613086,52.29988536857376],[6.763178522715617,52.29989079619963],[6.763330961081006,52.299968347948884],[6.763545764743556,52.30004376209109],[6.76370456029063,52.30007706825617],[6.763638331251353,52.30021286962718],[6.76359146414157,52.300301613722816],[6.763524237683091,52.3004289052276],[6.763425536655681,52.30062263999186],[6.763513959550656,52.30062579026077],[6.763436852891821,52.30077447328859],[6.763339769344885,52.30095561376372],[6.763102291830682,52.301311423254866],[6.762958440719472,52.301498042607264],[6.762794612002605,52.30169583365207],[6.762632769283702,52.30187778101792],[6.762540689461189,52.30197444852231],[6.762388515687673,52.30213676830052],[6.762271524345329,52.3022467501949],[6.762114191078881,52.30239592504108],[6.762075207874053,52.302432100032235],[6.76199466138922,52.30250684404036],[6.761993858362282,52.30250742866432],[6.761891271576968,52.302582590733905],[6.761818105977866,52.3026362059561],[6.761701384144217,52.302721339028686],[6.761536396063836,52.30284169403781],[6.761505313339741,52.30286216340097],[6.761296138309259,52.30300269931261],[6.761204959243995,52.303062761773205],[6.760591656776374,52.30345620129809]]]]}},{"type":"Feature","properties":{"gezicht_uri":"https://linkeddata.cultureelerfgoed.nl/cho-kennis/id/gezicht/10134274","gezichtsnummer":"1398","naam":"Blokzijl"},"geometry":{"type":"MultiPolygon","coordinates":[[[[5.956322375538294,52.72371495035205],[5.957421495266415,52.723892125743305],[5.958739913406418,52.72408621207537],[5.960332586338612,52.72431131667671],[5.961005485713451,52.72437907169728],[5.963503069036092,52.72486578369434],[5.96322840509953,52.725366792704605],[5.962676416415007,52.72639308642447],[5.962490658536249,52.72678941396159],[5.963142705930044,52.72695701385599],[5.963432442897218,52.72703919075992],[5.963563621780961,52.72710865439885],[5.964479102546783,52.7276083898198],[5.964553492160226,52.72763678746808],[5.964388260769071,52.72779216586483],[5.965180277259651,52.72824486332835],[5.965499324136673,52.72841586447915],[5.966563445583895,52.72918177632634],[5.958309304855464,52.730804285410024],[5.957712569281505,52.729884180280735],[5.957327120005964,52.72904484199294],[5.95719864597579,52.728841451919344],[5.95680322752343,52.7280309180032],[5.956559661307192,52.72774180253716],[5.956393093715441,52.72756825097345],[5.956201305471721,52.72739032624347],[5.95576634581039,52.727067074635386],[5.955928062098836,52.726866789930476],[5.956140173341421,52.726557521039894],[5.956239555211519,52.72634495201255],[5.956271932292565,52.72621628267981],[5.95626589427505,52.72597905396653],[5.956151594461917,52.72515548972557],[5.956102283847523,52.724777371402276],[5.956023930805931,52.72455666492741],[5.955933236163703,52.72441150845376],[5.955759061897043,52.724220916894375],[5.955642320798014,52.72412171850087],[5.956322375538294,52.72371495035205]]]]}},{"type":"Feature","properties":{"gezicht_uri":"https://linkeddata.cultureelerfgoed.nl/cho-kennis/id/gezicht/10134275","gezichtsnummer":"1399","naam":"Beerze"},"geometry":{"type":"MultiPolygon","coordinates":[[[[6.533213451017091,52.510712122642204],[6.533080961283363,52.51088597405159],[6.533055267585791,52.51091768059421],[6.533254788636945,52.510999342030715],[6.533686353585561,52.511110218618256],[6.533890629203593,52.51103454148504],[6.53397726401975,52.51108044190973],[6.53418906629305,52.511010983145],[6.534386138296877,52.510998291439115],[6.534445448088384,52.51095637254291],[6.534599013736221,52.51097016676754],[6.534678425394438,52.51102152941695],[6.534725363199769,52.51118375971503],[6.534921360134785,52.51118635727899],[6.535067843154241,52.51121100514809],[6.535163479795328,52.51126310925718],[6.53542909276375,52.51156343674772],[6.535726713682964,52.51184817394827],[6.535754159228643,52.511883860532485],[6.535756076105424,52.51195754430425],[6.5359253566383,52.51240530936583],[6.535512770631203,52.51364786300867],[6.533618986498356,52.51379201572606],[6.53299394929102,52.51383400771224],[6.532865692810906,52.51383075258995],[6.532548885400635,52.513828419410125],[6.531916622046436,52.5138758683362],[6.531206853733307,52.51394563284556],[6.530981102022912,52.51484212380662],[6.531268487672829,52.51501641729182],[6.531032335412193,52.515625390013206],[6.528941688670861,52.514997492475096],[6.528602557270886,52.51578451637931],[6.527709471380512,52.51537516179011],[6.527651101040957,52.51545391925391],[6.527567969214188,52.51554370043666],[6.527367153940028,52.515697529343264],[6.526594091987047,52.516284688326145],[6.525970698742014,52.516734685446345],[6.525484707184181,52.51645712497154],[6.525379306101775,52.51636915455131],[6.525264673874708,52.516265992895875],[6.524567981594477,52.51547273749621],[6.524486018495161,52.515265000248256],[6.524431896698905,52.515165751622476],[6.524291281276371,52.51502598707804],[6.524306002023216,52.51496832232089],[6.524391306756614,52.514905486821235],[6.524523564917033,52.51472086212281],[6.524665362824052,52.5146206336258],[6.524844769864809,52.514550603669456],[6.524970480433087,52.51445502312971],[6.525001392636751,52.51433967930674],[6.524983296374314,52.514152002233175],[6.524908411149741,52.513875887986394],[6.524886962079718,52.51372958817004],[6.524797845989694,52.513244188267805],[6.524746685900372,52.51308828649282],[6.524677941174057,52.51276447637992],[6.524616969537068,52.51239924653153],[6.524529114934409,52.51230571424027],[6.524974996359627,52.512343681747026],[6.525130314724496,52.512368257113486],[6.525233551559324,52.51237265944221],[6.525394079862722,52.512313595382864],[6.525709637825392,52.512210799111315],[6.5258531631531,52.51217796305084],[6.526237164112688,52.51210147249433],[6.526312800040924,52.51206389498531],[6.526404903925344,52.51197942125599],[6.526585920786686,52.51197228961048],[6.526936450196004,52.511968921733086],[6.527048662337116,52.511978629075784],[6.527168377803336,52.51199365704194],[6.52733254533932,52.51207566817086],[6.527399368215929,52.51215322207451],[6.527383318839763,52.512216292903915],[6.527434310580843,52.51219423131398],[6.527803861969328,52.51224280886596],[6.528011008926015,52.51227766773083],[6.528054394157069,52.51230331585043],[6.529113654973119,52.511849111115886],[6.528968713093486,52.51154221533614],[6.528964925281112,52.51139574607796],[6.529120727062018,52.51115426434569],[6.529252559153309,52.510954358374136],[6.529336338170482,52.510833111315804],[6.529632590804258,52.510725097497605],[6.529725359882224,52.51066668013885],[6.529785348044511,52.51065082250505],[6.529957282164463,52.51069141001761],[6.530231424763477,52.51052608397303],[6.53044253921664,52.51037304934755],[6.530594077092705,52.51030867193826],[6.530715238689336,52.51032278355788],[6.530948765863069,52.51040951381121],[6.531191043871904,52.51020854043856],[6.531268703898762,52.510192511588066],[6.531379695841467,52.51021211347939],[6.531465394917073,52.51022207239768],[6.531573923711076,52.510089799197274],[6.531625213683594,52.51007941740087],[6.531951622780684,52.510112219690676],[6.532399935450238,52.510244510660925],[6.532564203552444,52.510273483910225],[6.532623253566772,52.51027830649273],[6.532809632696829,52.51036458962827],[6.532944353088082,52.51039025252379],[6.533267366879491,52.510575881525],[6.533213451017091,52.510712122642204]]]]}},{"type":"Feature","properties":{"gezicht_uri":"https://linkeddata.cultureelerfgoed.nl/cho-kennis/id/gezicht/10134278","gezichtsnummer":"1400","naam":"Giethoorn"},"geometry":{"type":"MultiPolygon","coordinates":[[[[6.094256748553594,52.72598786689986],[6.094470849205408,52.725862572259864],[6.094739943488498,52.725842998522886],[6.094926382131144,52.72583829514309],[6.095077587581492,52.72585177531321],[6.095455456528106,52.72587648862277],[6.095498510965903,52.72588432082159],[6.095528795585486,52.72592638013081],[6.095507333348226,52.726064011070655],[6.095432469046487,52.72637810768169],[6.095397307713149,52.72649245354811],[6.095389688907585,52.72657068696959],[6.095370809073886,52.72668493593919],[6.095120865000514,52.72669900488997],[6.095012610266637,52.72668706676327],[6.094689949766696,52.726689883970565],[6.094079891846995,52.726679129482704],[6.093693439702894,52.726673335720115],[6.093469689533028,52.72665938559217],[6.093258026658925,52.7266606414654],[6.093058899104441,52.72670496086167],[6.093019551084682,52.72683550766014],[6.093036129640554,52.72722185606809],[6.093087308880949,52.72727457661879],[6.093050761758002,52.72739522094916],[6.093013153553584,52.727541934239206],[6.093054241237326,52.72770345894172],[6.09305088513012,52.7277708823325],[6.093234265597386,52.72785157752701],[6.093453740322368,52.727875439333644],[6.093632855015488,52.72796694378782],[6.093598642828409,52.728140598483925],[6.093515086963939,52.72837565848845],[6.093469524144302,52.72857993672742],[6.093202572496974,52.72864173430631],[6.093102509977485,52.728679175048015],[6.093034110496892,52.728752376451496],[6.092969770103088,52.728893855923566],[6.092908051667788,52.72910631812209],[6.092881714064795,52.72930958337694],[6.092864928442884,52.72946246406855],[6.092857810609651,52.72957214922275],[6.092789588389045,52.730024606150735],[6.092781733066015,52.73008846131332],[6.092770723383754,52.73023232059225],[6.092781845636976,52.730371555103325],[6.092781299107415,52.73052164333285],[6.092772102088169,52.73068616223649],[6.092713051738356,52.73088063415747],[6.092682190598404,52.730986865144914],[6.092771586822996,52.731482424446924],[6.09285666228753,52.73170929429619],[6.092984534644938,52.73174358589848],[6.092901370248688,52.731819570834496],[6.093138300321256,52.732006895407956],[6.093164811249435,52.732090318402435],[6.093079408930176,52.73221125233497],[6.093005010229456,52.73227999564973],[6.093002767204839,52.73241661318876],[6.092986391152701,52.732502986652484],[6.092836218786485,52.73255510361052],[6.092784998931672,52.732592254442395],[6.092795355663207,52.732683861673],[6.09283372374139,52.73276811314792],[6.092846188351079,52.7328066838682],[6.092868185812914,52.73288564010913],[6.092903535627486,52.73296631460476],[6.092913285413065,52.733020179515265],[6.092929231459522,52.73309108321272],[6.092894222927313,52.733123644405204],[6.092815907456604,52.7331330958149],[6.09280474390722,52.733175401452336],[6.092873544224573,52.733310699074984],[6.09292194314934,52.733374220669084],[6.093016031804614,52.733424889355504],[6.093109730165881,52.73345129506263],[6.093243326839253,52.73347297047912],[6.093359158957417,52.733494751138586],[6.093402408609587,52.733514266206],[6.093400373865864,52.73357179583678],[6.093376002970752,52.73362136957807],[6.093431612390838,52.733764833537265],[6.093349245340898,52.73379857454928],[6.093319970084673,52.733819418593775],[6.093298617638462,52.73387256925579],[6.093286986669501,52.733977787526975],[6.093284836018146,52.73402812814195],[6.093297822217116,52.73409904933351],[6.093333897748074,52.73450055944275],[6.093633551413973,52.734536527302666],[6.093409474796442,52.73533231795293],[6.092897619680037,52.73526705157623],[6.092523538950478,52.736403442367454],[6.092822351901048,52.736386393327095],[6.092727785366219,52.73667454142261],[6.092889636834614,52.7367032394759],[6.092819515769826,52.73694630714455],[6.093031705576155,52.736974706601075],[6.092959858503454,52.73720250648481],[6.09269720002554,52.73716631762479],[6.092539980201182,52.737517746576124],[6.092456494197493,52.73766652852294],[6.091919198730817,52.737586130511204],[6.091884004949911,52.73769957641742],[6.091913679505902,52.73797979849383],[6.091898677966005,52.73824410824076],[6.09190019346642,52.738522699557855],[6.091931255723162,52.738704953910954],[6.091960194740316,52.73893934602741],[6.091972710236859,52.73925741542946],[6.092044457062304,52.739483465652505],[6.092096956824501,52.73970962979459],[6.092104612927477,52.74018590089948],[6.092056972982757,52.74072271294477],[6.091997342853367,52.74088213768191],[6.091989628604334,52.74113921441663],[6.091953825591504,52.74121491801752],[6.091945121437946,52.74150255672282],[6.091897718258781,52.74159360703845],[6.091839392805347,52.74192647492251],[6.091763928255986,52.74202218481505],[6.09173222617135,52.74216886212479],[6.091684192987364,52.742312939935054],[6.091520867480819,52.742470281820715],[6.091391285188112,52.74270021935184],[6.091232687893253,52.742875507037894],[6.091063089613462,52.74301131632655],[6.090875519775983,52.74313464966158],[6.090703707697255,52.74331720439323],[6.090662371348683,52.743509772458346],[6.0905227006576,52.743665175694616],[6.090400769032104,52.74381867655811],[6.090197182755269,52.74405174589991],[6.090059104692954,52.744214328824896],[6.089963463487527,52.74434520626036],[6.089876245426932,52.744447275207186],[6.089790291724305,52.74453585598895],[6.089704150496248,52.74461275459507],[6.089590291833681,52.74471587922975],[6.089470854989164,52.74484060566979],[6.08937180296828,52.744943642740914],[6.089172635139406,52.74526835245562],[6.089149661878622,52.745313423351],[6.089129636827866,52.745450145150876],[6.089106261618475,52.74556262155881],[6.089074906839761,52.745639196654906],[6.089035300937247,52.74584793055472],[6.088746343214293,52.746299886643804],[6.088738508203191,52.746458105506775],[6.088514571441261,52.746809022438974],[6.088374883711812,52.74677928913013],[6.088123466055358,52.747264274652764],[6.088590108346611,52.74736487789534],[6.088350580434019,52.74775992296183],[6.088145343466292,52.747706310275724],[6.088022082591424,52.74796316771648],[6.088704481148032,52.74812630856593],[6.090327459433851,52.7484816101771],[6.091913123408067,52.7488173390362],[6.091770802921862,52.74908509767212],[6.091993865123508,52.74914129474193],[6.092264360723363,52.74919990663103],[6.092115972934468,52.74945871450611],[6.091601925105158,52.749359304194556],[6.091388155186698,52.749605017319624],[6.091249449150954,52.749821527526],[6.09097327368571,52.75033182895919],[6.090524452344947,52.75023652195371],[6.090289196268649,52.750620760907125],[6.089748236684492,52.75050622347226],[6.089742773674574,52.75053501435127],[6.089214958151662,52.75040871374376],[6.089155259179641,52.750380307084605],[6.089158824296775,52.750325464901934],[6.089223208112365,52.750183988194905],[6.089267518833192,52.749991403474716],[6.088443666420967,52.749783264930024],[6.088189501334949,52.750190078772214],[6.087613801441686,52.75003259824544],[6.086245967508741,52.74970452051441],[6.085941991749468,52.75033270393992],[6.085083609632934,52.751769378873696],[6.085529744926037,52.75188179754863],[6.085326209977447,52.75212204716879],[6.084926670879735,52.75205249261181],[6.084836686248702,52.752075487563914],[6.084701925579305,52.752263208105454],[6.084626078684936,52.752243880854834],[6.084332149573001,52.752202464262304],[6.083959979398119,52.752084216052666],[6.08358681559813,52.75199652852575],[6.083343158044838,52.75194942322033],[6.082535915687221,52.75176181701357],[6.082483523107009,52.751633607913874],[6.08249337701862,52.75160119692802],[6.082524989834611,52.751539900256056],[6.082519549042527,52.75147702255589],[6.082501007339851,52.751428600669946],[6.08244705001884,52.7513884739495],[6.082409797054234,52.751374312166256],[6.081934240154904,52.7512737367098],[6.082085542202024,52.75100773525394],[6.081977074250004,52.75098590058495],[6.081815148613667,52.750955390635],[6.081624942188916,52.75091605834664],[6.081510408436174,52.7508852715639],[6.081134367346056,52.75089555220808],[6.080836382684816,52.750035428696854],[6.081605465971725,52.750154068471076],[6.081750671544448,52.74987731842771],[6.081560427157,52.749835290144944],[6.082019788087795,52.74910196130927],[6.081522000290771,52.74899881786664],[6.08186298145046,52.74845940185651],[6.082129330088209,52.74853783246318],[6.082259377025429,52.74833306672678],[6.08167641790978,52.748181890941154],[6.081811036706068,52.74798518737921],[6.08192704396787,52.748015965267335],[6.082053587329069,52.74777706928125],[6.082325456709216,52.7478303034135],[6.082525838505327,52.747391462653624],[6.082163240242458,52.7473135948135],[6.082264691307786,52.74708023726201],[6.082419564526431,52.74676029170482],[6.082505678656801,52.746587236893994],[6.082401735193334,52.746569869746196],[6.082187768481003,52.74652528488379],[6.081759280888545,52.74649453325446],[6.081501203347784,52.74646997606877],[6.081327391174638,52.74643593997804],[6.081184904279935,52.74641610036351],[6.081018866457321,52.74640538490918],[6.08099911794722,52.746374045223426],[6.081126957590105,52.74612345936497],[6.081197126568833,52.74606553304264],[6.081316745601937,52.746044165403696],[6.081485302615069,52.74602700580059],[6.081503912839405,52.74598645541091],[6.081524003843374,52.74594589638182],[6.081651383277215,52.745760019578086],[6.081734565676292,52.74549531416062],[6.081796132986159,52.74536194616655],[6.081793442082596,52.74528557167395],[6.081804291840665,52.74522259880031],[6.081808762840918,52.74513090447975],[6.081913756148984,52.74493437345359],[6.081968587357172,52.74474981828114],[6.082036659564257,52.74455979354234],[6.082055439200928,52.74443656088821],[6.082053559320243,52.744317942353355],[6.082012197226985,52.744137543370876],[6.082038665001073,52.743938774322366],[6.082006914028043,52.74380415336013],[6.082014089359291,52.74360280076934],[6.082009105773327,52.74347521323744],[6.081979832166922,52.743123090302305],[6.082015368888937,52.74293595149005],[6.082023839640756,52.7427229080782],[6.082072118260902,52.74249884779614],[6.082110971523012,52.742334157284546],[6.082163733493328,52.74201930116612],[6.082146776077549,52.74188369510658],[6.082127142262637,52.74176607884401],[6.082113132156058,52.741629556857596],[6.082181040497143,52.74114924977438],[6.082188015860319,52.74102878202426],[6.0822159480915,52.740922571265266],[6.082246869957545,52.740818140459425],[6.082316345221867,52.74071707936364],[6.082386504010521,52.740659152277274],[6.082467155281917,52.740609252250756],[6.082617765080809,52.74048884418],[6.082774410591168,52.74037559031947],[6.083078772697376,52.740146438027864],[6.083265838254267,52.739990766324475],[6.083369264006376,52.73988321508848],[6.083361971995928,52.73979698161636],[6.083424150981649,52.73960968637832],[6.083490154292912,52.739290258405866],[6.083726848952074,52.73825086384412],[6.08397356337266,52.737097273640146],[6.084360789395224,52.73556270508431],[6.084825880565854,52.73380569658954],[6.084956821550337,52.73375370254656],[6.085261599337945,52.732437999661755],[6.085307640570296,52.73235414946976],[6.085382308962549,52.73230158624147],[6.085586990464322,52.73223208337742],[6.085753096875247,52.73150674709201],[6.085875034569293,52.730982981147584],[6.085941594276959,52.73070039490296],[6.086148139841422,52.729819343132064],[6.08646438175516,52.72848379658507],[6.086375382154924,52.72847263618337],[6.08648813172923,52.72802351625565],[6.086690585993471,52.72716585341345],[6.08679203231913,52.726750950541366],[6.086972211826326,52.72598239041917],[6.087021260690728,52.72553094803873],[6.087068936168074,52.72527183829102],[6.087353476739594,52.72529263250814],[6.087418555455908,52.724918384906466],[6.087125222692136,52.72490303484095],[6.087121509388404,52.724670289926735],[6.087177861885745,52.72402737839146],[6.087257129302301,52.72389300382575],[6.086727035583911,52.72388174141466],[6.086164437904756,52.723874262402994],[6.086252648544582,52.723186228434294],[6.08678708790629,52.72319207509714],[6.08681963012916,52.72263378256617],[6.087492020794597,52.722658586677646],[6.088041297199437,52.72266703651757],[6.08809092556822,52.721882166932666],[6.086709297105441,52.72184086678267],[6.086785379085689,52.72122839528875],[6.086817086977452,52.72098915092288],[6.087067345306672,52.72099666655557],[6.087088752593069,52.72066850996225],[6.086638615665604,52.72065677703889],[6.086690291344975,52.71990604684559],[6.086420857440726,52.719902237972796],[6.086421588198713,52.71966946664551],[6.086966329902308,52.71967435308325],[6.087000146704962,52.719103470483425],[6.086238787348752,52.719064807020594],[6.08627006720085,52.7187986037504],[6.086503327567196,52.718854750965384],[6.086751201281181,52.718899128530055],[6.086997785611448,52.71886262884259],[6.087060557606637,52.718158566029395],[6.087142358203004,52.71762694440242],[6.087136040209382,52.71713808059117],[6.086757244010224,52.71714300419695],[6.086791288658608,52.716957668746566],[6.086947850173967,52.716937875188805],[6.087100717378963,52.7169648363396],[6.087335867694122,52.71695446587743],[6.087350256180962,52.71674318315601],[6.087494911711316,52.71653383001229],[6.087370784773229,52.71636020967856],[6.087148368285772,52.716333657997396],[6.086842515673639,52.7164576819425],[6.086782111176087,52.71656768033239],[6.086644545086188,52.71657208386999],[6.08664698460574,52.71663228344656],[6.08540041532206,52.716604554237456],[6.083955936615164,52.71660223626411],[6.083719164894024,52.71660362239553],[6.083608078312308,52.716597981562444],[6.083395026543745,52.71660192437357],[6.083104909900208,52.716599127795234],[6.082962818361886,52.716598161251824],[6.082825166298993,52.7165971685866],[6.082338204740374,52.71659372326118],[6.081914804516925,52.71658541130689],[6.081171705819303,52.71657536786646],[6.081052865278237,52.716547302002695],[6.081004416930749,52.71647838345808],[6.080938215526911,52.71622263572704],[6.08083033135544,52.71623225178715],[6.080705461899886,52.71610356466819],[6.080572137254461,52.71609535446525],[6.080466832913218,52.715987223530234],[6.080305364017793,52.715977379566326],[6.080222466660742,52.71597606495815],[6.080216593865239,52.71588532896903],[6.080232062708263,52.71583401213541],[6.080303394747957,52.7157590033418],[6.080364353797259,52.71568315621331],[6.080194220156439,52.7156868432985],[6.080130043689386,52.71546523446329],[6.080090292234074,52.71538458160046],[6.080042106292639,52.715238371645285],[6.08001194751442,52.71510913229245],[6.080020589235878,52.71500033746789],[6.080005512089618,52.71488898459435],[6.079882024793543,52.71484746390098],[6.079878842881758,52.71473963662323],[6.080124298809372,52.714726524224346],[6.080782479898222,52.71470291790409],[6.080690021910461,52.714283756817764],[6.080548150877621,52.7142962668645],[6.080397387087427,52.71430792983265],[6.08020830589082,52.714329701643365],[6.079952579086326,52.7143482663128],[6.07941296705342,52.71438286166529],[6.0793927295376,52.71422570425396],[6.079370156339599,52.71410810388552],[6.079343654291912,52.71402288010808],[6.079340218655215,52.71389887740204],[6.07934183167093,52.71381349007821],[6.079345397841146,52.713664282611575],[6.079345020886239,52.71354655310929],[6.079329931797186,52.713434301472404],[6.079351452957261,52.71329757156473],[6.079314684294279,52.71312433338326],[6.079279361417552,52.713042755741675],[6.078379664931527,52.713139654231526],[6.078286121475497,52.712743864123205],[6.078618557213313,52.7127104778293],[6.078412568437244,52.71165838007759],[6.07878187399337,52.71161758937001],[6.07872617796589,52.71136986755685],[6.078587544049857,52.71139943209603],[6.078537165967837,52.71120739965951],[6.078155771816134,52.71123208294295],[6.078117111380991,52.71112625899024],[6.077957593119885,52.711145159479095],[6.077886543907905,52.71067374617443],[6.077730743560462,52.71008239674016],[6.076854001340147,52.71012972141436],[6.076657098985681,52.709558380540045],[6.076411430984969,52.70955620897724],[6.076296477606578,52.70902034137102],[6.076516834674354,52.709012773924314],[6.076230564355978,52.70774364744199],[6.07609740696126,52.70774441851038],[6.075957127300324,52.70719701369312],[6.076468402087346,52.70715361060138],[6.076135361632828,52.706485995734056],[6.076190665170771,52.70642725890598],[6.076090365122267,52.7060701504837],[6.077153591870959,52.70593727038009],[6.078387119923589,52.70581417610246],[6.07987344371405,52.70567791417085],[6.079987287382073,52.70604752273698],[6.080499754512155,52.70598701967476],[6.08122228991162,52.705924390468766],[6.08135417688924,52.705843635228405],[6.081865146049087,52.70578223628833],[6.081936159523739,52.70596875481514],[6.081729588902588,52.70600501083896],[6.081787714103521,52.7061250996113],[6.081890536750159,52.706264699152996],[6.082016889587094,52.706301707440936],[6.082057304879988,52.70642459565264],[6.082252084054081,52.70639110410771],[6.082239324054578,52.70651969519497],[6.082432170911916,52.70673785542692],[6.082572457503568,52.70718729281166],[6.082657608572247,52.70779882131672],[6.083003575651401,52.707781520374105],[6.083082393818037,52.70799315658411],[6.083195144853916,52.70829176976823],[6.083255115493222,52.708527781445724],[6.083325463365761,52.70895156414585],[6.083391231334615,52.70936638639743],[6.083446295332894,52.709572768990526],[6.083218624281016,52.709585784344284],[6.083358075720871,52.7100747689561],[6.083393897017333,52.71046729839937],[6.083482603775216,52.71092871947584],[6.083519726036919,52.711030057164045],[6.083917391316311,52.71100526139558],[6.08407803244144,52.711336845639984],[6.08432773569754,52.71131291500741],[6.084501866954551,52.71212073914227],[6.084278550664083,52.71212923736196],[6.084293223725202,52.71221452941726],[6.084326914017788,52.7124722635098],[6.084341877700004,52.71266899461832],[6.084379122632643,52.71287098746241],[6.084386174234431,52.71303541113706],[6.084407970926584,52.713289619981644],[6.084443779817411,52.7134943173385],[6.084481877416549,52.71365676162832],[6.084579921329061,52.71386648650987],[6.084669396344473,52.71400256685312],[6.084907674565951,52.714189900211956],[6.085906099401635,52.71415887770471],[6.086531829015774,52.71414261981231],[6.087035055095254,52.714146850929964],[6.087456694828248,52.71413897805788],[6.088528226937161,52.714145249353805],[6.08965111864593,52.71412424634048],[6.089609739994147,52.71394294997568],[6.090817085898737,52.71392862709855],[6.090858224568037,52.71409464631061],[6.09092412021359,52.71432792279473],[6.093717761331139,52.71430417851914],[6.093808480983492,52.714515736873324],[6.09398869268165,52.71486246976814],[6.094150956674079,52.71492171983366],[6.09432295681136,52.71494226702562],[6.095185557953415,52.71493084682874],[6.095050983896686,52.71512037785185],[6.094965864541085,52.71534825936121],[6.094896472813234,52.715450227001014],[6.094789852504534,52.71562970556234],[6.094713133413224,52.71573621023588],[6.094662644603726,52.71581739486231],[6.094574084257679,52.71601563886789],[6.094688867229635,52.71615875103206],[6.094804228827097,52.716429477301844],[6.094781636768796,52.716588684352324],[6.094735613665917,52.716763308880005],[6.094664623446802,52.71685809611453],[6.094890921344244,52.71684956077701],[6.095034348761561,52.71684151798037],[6.09507613187372,52.71686283861216],[6.095107845047158,52.71699386246368],[6.095121524902334,52.71710791798626],[6.095159534717678,52.71726227096719],[6.095179889081868,52.717331350981155],[6.095166947441566,52.71735479458573],[6.094877375933168,52.71738617463227],[6.094740663040138,52.71744360666935],[6.094566287146358,52.71745992151603],[6.094341219696307,52.71745317074414],[6.09415488899123,52.7174623663029],[6.094263584226034,52.717962305070586],[6.094382422503156,52.7179894590827],[6.094502755280308,52.71801750280914],[6.094703580718906,52.718081016496676],[6.094664565982584,52.71813966495797],[6.09472042248202,52.71820763524861],[6.094761478562199,52.71836736249257],[6.094838256746659,52.718447790341834],[6.095108595726796,52.71850819381751],[6.095478566852349,52.71850599235333],[6.095924200720895,52.71851502244271],[6.095960237710219,52.72010463524445],[6.095049466700326,52.72007231010876],[6.094876775155191,52.72111135294992],[6.09540981177262,52.721123460146515],[6.095427004916965,52.72127164577923],[6.095564018740776,52.721415523389894],[6.095290192960031,52.72141535555431],[6.094751711129035,52.721432937769855],[6.094732192300757,52.721599316042656],[6.094903389685299,52.72175197830563],[6.094683415356541,52.7220624440742],[6.094600721335843,52.72216628782953],[6.094685949301731,52.722311372946095],[6.094760687276126,52.722448431936776],[6.094778532696555,52.72254538700216],[6.094786670217514,52.72268284193465],[6.09476928495979,52.722797980750684],[6.094815426756247,52.72281388326343],[6.094776158116306,52.72304059277662],[6.094707418598267,52.72327556589844],[6.095001640632149,52.72343828111277],[6.095010880885353,52.7236440317286],[6.094902829294771,52.72410301855917],[6.094792678931168,52.72415669765596],[6.094731486779291,52.7242172753108],[6.094795113909794,52.7243076671492],[6.094696062566703,52.724407114577545],[6.094760677214137,52.72446694428257],[6.094687873840195,52.72463363919453],[6.09453912355172,52.7246803577888],[6.094690192556301,52.724777419649556],[6.09476725726103,52.72487492132181],[6.09459382269778,52.724951444291726],[6.094431634405645,52.72499105290457],[6.094258694037329,52.72500645989888],[6.094134724255429,52.72512133300495],[6.094063759526979,52.72531048441651],[6.093683945935802,52.72608383600404],[6.093710324015417,52.72615917135912],[6.094015088665803,52.726148374650926],[6.094135272888662,52.72607396631261],[6.094256748553594,52.72598786689986]]],[[[6.03379481593602,52.72146070681801],[6.034030467046143,52.721481893943654],[6.034065598902814,52.721354984905524],[6.03422554446233,52.72136130506402],[6.034273213633312,52.72118130391118],[6.034717648226943,52.72120854392232],[6.034771576678703,52.72075080712152],[6.035575867130847,52.72079136322915],[6.035561190033714,52.72029895006473],[6.035617792163628,52.7193217436062],[6.035145376977862,52.71930274776283],[6.03513697572007,52.7191347346691],[6.03535551280332,52.71910029227637],[6.035586406786328,52.719100831859635],[6.035590902558834,52.718603820467465],[6.035637686685935,52.71836450853246],[6.03567924895841,52.7182726135639],[6.037087743473551,52.71834042132803],[6.037071083734772,52.71811493591546],[6.037071993845175,52.71797652948473],[6.037033016453556,52.7177430775295],[6.037777978877337,52.71777855029048],[6.037753849869258,52.71754861220954],[6.039211972114691,52.717571187894265],[6.039181914021948,52.71724152561476],[6.039247198873647,52.717153094206815],[6.039480855314957,52.717141029102805],[6.039728217834333,52.71715495100607],[6.039983924878057,52.71713287817126],[6.04037733808049,52.71711544125238],[6.040754700144075,52.71711336928178],[6.040750547482866,52.71723202197703],[6.040588143535993,52.71735783468392],[6.040529382637152,52.71748667301692],[6.040654285632082,52.71762528742523],[6.040847894045895,52.71760714858069],[6.041194517930585,52.717627711853],[6.041162382771412,52.7177555054488],[6.041111450965023,52.717913059791044],[6.041458077386363,52.717933622290104],[6.042223402610319,52.71794469009154],[6.042168289939625,52.71841681680336],[6.042415767830962,52.718437922201744],[6.042302644919413,52.718890596673404],[6.04232571713188,52.719246359197854],[6.042271148883791,52.719556714852615],[6.04223669955964,52.71972765954035],[6.042172463270817,52.71988618620763],[6.042137141401388,52.7199987194547],[6.042309150814098,52.720020240425974],[6.042296636308328,52.72007423196262],[6.042359072109763,52.72019161934526],[6.043127437125714,52.720205360877756],[6.043072358317726,52.72067928499817],[6.043551989822081,52.72068472898271],[6.043323871975117,52.722256034165945],[6.042312223788248,52.72220858356358],[6.041792628559734,52.72220425305983],[6.041670684837899,52.72226513733384],[6.041474036688451,52.72237855740496],[6.039745399458982,52.72229098792057],[6.039291411036964,52.724609451365254],[6.039008484128311,52.72459572320766],[6.038962884937865,52.72481435932786],[6.038868004105631,52.72520312133687],[6.039300988524249,52.72525377351407],[6.039266216033246,52.72540404848954],[6.038104339713282,52.725312449447976],[6.037708417789686,52.72606413756304],[6.037662570779116,52.726266597665905],[6.037825320322408,52.726460727892956],[6.037887487339178,52.72646038802145],[6.037829665350102,52.726753683234904],[6.037755656501315,52.726754087804956],[6.037709915610161,52.726963736978746],[6.037591752769178,52.72708121491386],[6.03743660308403,52.72769947553051],[6.036830199444297,52.72763538389024],[6.036581925536741,52.728363793943224],[6.036050899306735,52.728292097348756],[6.035932434302553,52.72868997219877],[6.036117796991968,52.72871142940282],[6.036060217561602,52.728922041054254],[6.034241333911093,52.728654242477845],[6.032323521393002,52.728402230491554],[6.031716785296982,52.728315646908946],[6.031752140506001,52.72820311694037],[6.031592051532956,52.728188705779885],[6.031815108299435,52.72775342186539],[6.03192714399475,52.727520049585145],[6.032197125669475,52.726551576567594],[6.032493596182308,52.72657962685001],[6.032528736502979,52.72645271841707],[6.032232147903071,52.726416580488106],[6.032326468975357,52.72608624321576],[6.032397502962086,52.72588364870971],[6.032026475024852,52.725818256426344],[6.032107144891102,52.72546552552497],[6.032217164032598,52.72539752614239],[6.032308971967467,52.72529906927484],[6.032403581001135,52.72508915725652],[6.03269913528933,52.72415020115693],[6.032204560465304,52.724137604625334],[6.032298440860295,52.72377761215352],[6.033287531937559,52.723899863261295],[6.033927599195768,52.72163253754941],[6.033736678524445,52.721633574953415],[6.03379481593602,52.72146070681801]]],[[[6.015029071213366,52.71798972078854],[6.017553426217518,52.71805636056822],[6.020057860825631,52.718177874057226],[6.019840216380878,52.71899326199376],[6.0200030075194,52.718992396425016],[6.01978765427182,52.71986439056276],[6.018915162105404,52.71981330544625],[6.018351172855857,52.719807310970985],[6.019042103632372,52.72030332657845],[6.018806797093268,52.72040792723343],[6.018639542230865,52.7205103689259],[6.018550105834561,52.720775063828036],[6.017015453191099,52.720686135309144],[6.015322771030424,52.72062048896627],[6.014893192450998,52.720595794369174],[6.014509030995168,52.720538505313776],[6.014575276716158,52.72020293781021],[6.014738184634489,52.719692511055946],[6.014700378309071,52.71953274027184],[6.01462570242823,52.71938215095894],[6.014359952031752,52.719117534046795],[6.014808407820847,52.719117865826504],[6.015024193955039,52.719096955963245],[6.015073985220818,52.7189564946778],[6.015083201216981,52.718773109436476],[6.015029071213366,52.71798972078854]]]]}},{"type":"Feature","properties":{"gezicht_uri":"https://linkeddata.cultureelerfgoed.nl/cho-kennis/id/gezicht/10134500","gezichtsnummer":"284","naam":"Hengelo - Tuindorp 't Lansink"},"geometry":{"type":"MultiPolygon","coordinates":[[[[6.772174500001524,52.25444837776546],[6.772175992145677,52.254449259160715],[6.771927010418991,52.254261613361045],[6.772510129313988,52.254172976592905],[6.772510241239521,52.25417657084657],[6.772749328002521,52.25414050749602],[6.772747751899037,52.25413693041792],[6.773752468039703,52.25399390214303],[6.777575494697657,52.25343749187382],[6.778469355035346,52.25331011037589],[6.778698295736062,52.2532777499829],[6.778978227519091,52.25323669827076],[6.779196910139731,52.25339142749085],[6.779478040497335,52.25366946743538],[6.779447094864187,52.25371028238146],[6.780799786121608,52.254343330821776],[6.781181706924847,52.25447186023009],[6.781328067290199,52.25451507746999],[6.781941697093765,52.25469929739529],[6.781683724627915,52.255020551431535],[6.781678684743829,52.25504667882836],[6.781691017902008,52.25506630886875],[6.781719344438908,52.255082154514994],[6.782292861069477,52.25534145437524],[6.782314993055016,52.25534658632885],[6.782332309753683,52.25533829175831],[6.78236404292713,52.25532263575896],[6.782427173618554,52.25537402585941],[6.782485126810343,52.255540535395504],[6.782666169163972,52.256035484501744],[6.783063295282773,52.257021372187616],[6.782932247812834,52.25709303438198],[6.782950241742474,52.25710630515424],[6.783220065222356,52.25725592831846],[6.783405767204785,52.257712168800985],[6.783456342168318,52.25773673999079],[6.783526286253213,52.257678384055794],[6.783878424877062,52.257836920486966],[6.784104271084268,52.25798526386741],[6.78428353408315,52.25800291942699],[6.784323097869893,52.25800335037547],[6.784643517468996,52.25794472762141],[6.784691140294723,52.258015176757155],[6.784685710330524,52.258075466828146],[6.784668675314535,52.258092747331574],[6.784923084435347,52.258637163045655],[6.784711805383457,52.25867292190016],[6.784826350787784,52.25891516663772],[6.784974919755184,52.258888239697185],[6.784996973138139,52.25893741784399],[6.78498827198667,52.2589402174856],[6.785187964725022,52.25937471625096],[6.785636744906633,52.259298391620305],[6.785666544615872,52.25936096133402],[6.785791417470449,52.25946555228031],[6.785674078257247,52.25950739168997],[6.785544854685249,52.25954397830913],[6.785442723288146,52.259603615313694],[6.785360188444334,52.259634255708654],[6.785466392196808,52.25975075357061],[6.785536115394716,52.259731950371574],[6.785691048151104,52.259953940542445],[6.785660551199439,52.259962391626765],[6.785953732861978,52.26024836386769],[6.785260804608699,52.26048039118205],[6.785152502576668,52.260530213116105],[6.785062026837673,52.26058791403536],[6.784926885686462,52.26062277218177],[6.784707569560307,52.26063615372118],[6.784407158868978,52.26077274344483],[6.783852427429897,52.260974363126245],[6.783923482381688,52.26104453550383],[6.783416449569933,52.261225813465316],[6.783085584804799,52.26127916272199],[6.783347232920787,52.26186754167841],[6.783223912414546,52.261859111297994],[6.782804753438685,52.26185327735782],[6.782663888373188,52.26184595255941],[6.782591709537139,52.2618333218052],[6.781008403254134,52.261796282523136],[6.780948784950898,52.26181046931972],[6.78064018964982,52.261779951987],[6.780598145244359,52.26170044656895],[6.780587866267664,52.2616996689228],[6.780503804783258,52.261635041341805],[6.780390568139117,52.26157435335852],[6.780188398524286,52.26148055612472],[6.779979358002335,52.26140122182741],[6.779892170924916,52.261377080795306],[6.779528948426137,52.26128607998144],[6.779645907439671,52.26113818204495],[6.77981285017612,52.26104272934339],[6.779680525831251,52.260886983199214],[6.779660504330005,52.260855758000346],[6.77961888451653,52.26078973061238],[6.779581292259443,52.26071197014479],[6.779559864453598,52.26063581692035],[6.779558937855951,52.260559422046725],[6.779567050609308,52.26049101065085],[6.779584963803807,52.26040810146624],[6.779588034805877,52.26036581735546],[6.779579390931249,52.260323671329964],[6.779566466516341,52.26028517132576],[6.779536194873341,52.26025406692395],[6.77949432093724,52.26022669483212],[6.779409390121953,52.260180953464264],[6.779152628207262,52.26002757215685],[6.778990230530467,52.259940495395256],[6.778780243557148,52.25983060786446],[6.778446778130062,52.25966015079616],[6.778346784554318,52.25960110270613],[6.778198696131003,52.259503069656354],[6.778161132420199,52.25947294967011],[6.778033854500681,52.25938455917408],[6.777825312237807,52.2592270117083],[6.77763468034368,52.25908003976135],[6.777481359707682,52.258955100669205],[6.777313031756852,52.258818652402034],[6.776705787211039,52.258324215554374],[6.776733613458475,52.258277145861115],[6.776643566556417,52.25820809154333],[6.776347243848036,52.25795988708211],[6.776079447080512,52.25773381877853],[6.774325026054317,52.25624429664575],[6.774121864296752,52.25607049954728],[6.772360365687506,52.25458462753243],[6.772174500001524,52.25444837776546]]]]}},{"type":"Feature","properties":{"gezicht_uri":"https://linkeddata.cultureelerfgoed.nl/cho-kennis/id/gezicht/10134588","gezichtsnummer":"1660","naam":"Ootmarsum"},"geometry":{"type":"MultiPolygon","coordinates":[[[[6.895598230445787,52.40863869557168],[6.895584762826776,52.40863167605025],[6.895569826014515,52.40862467524353],[6.8955563278002,52.408616757222525],[6.895542829590708,52.40860883919995],[6.895529331386041,52.40860092117578],[6.895515833186201,52.4085930031501],[6.895502334991183,52.4085850851228],[6.895490305996978,52.40857714837866],[6.895478277007085,52.408569211633264],[6.895443628656531,52.40854448417861],[6.895415071328954,52.40852597133095],[6.895351039580437,52.40845847159144],[6.89533729666019,52.408443365573696],[6.895335796869126,52.40844248579063],[6.895296282146045,52.40840433698533],[6.895281008874985,52.40838745268069],[6.895251839763692,52.40835096986367],[6.89525030937985,52.408349191583035],[6.895187288382082,52.408268195591376],[6.895139234805366,52.40819509892481],[6.895103607914693,52.40814161947819],[6.895095803091538,52.40812823558197],[6.895066144806895,52.40807737677114],[6.895028773587054,52.40801582954077],[6.895022529764241,52.40800512241947],[6.894950542473847,52.4078765995187],[6.894935942515739,52.407879482092575],[6.894887706242406,52.40780099433496],[6.894820769533426,52.407691283654636],[6.894789826222094,52.40764583445491],[6.894761882476708,52.407602144827756],[6.89473960133146,52.40755209089284],[6.894724604868471,52.407500146431445],[6.894729779045546,52.4074362596311],[6.894741043939249,52.407378587484175],[6.89476378676076,52.407312679216155],[6.894795650303042,52.40725564367252],[6.89484318500764,52.40718402639437],[6.894919153392638,52.407127328093395],[6.894758681765942,52.40703319058295],[6.894727187414585,52.40701471497075],[6.894722871737972,52.407017466578154],[6.894488640552598,52.40682898586643],[6.894545172406692,52.40680579402564],[6.894664081897162,52.40675843694744],[6.894774268085186,52.40671388747839],[6.894823484560587,52.406691687532806],[6.894962046796971,52.40644452711723],[6.895370768819334,52.406534603545616],[6.895358861971808,52.40661655388388],[6.895405506604718,52.40664831964162],[6.895489705857651,52.406703876921036],[6.895519945636345,52.406685513967965],[6.895608368887666,52.40673562403553],[6.895615561544028,52.40673103796966],[6.895711851179209,52.40666688915451],[6.895970019998778,52.40652247442323],[6.896109341890136,52.40647036132184],[6.896258488535305,52.40644778609393],[6.896261426785192,52.40644774864482],[6.896336137829894,52.40644050419278],[6.896475490321003,52.40643243571329],[6.896522563541795,52.40643363342542],[6.896657876096355,52.40643640287135],[6.896660814345046,52.40643636541234],[6.896750645311712,52.40644151235144],[6.896948028693033,52.40645427671787],[6.896950630008241,52.40644435579309],[6.897067089061141,52.40645455627009],[6.897164357637202,52.40646230471049],[6.897189424666523,52.40646468168813],[6.897183915788203,52.406475538586136],[6.897312219892817,52.40648828442119],[6.897446492495608,52.406503650648055],[6.897478935835068,52.406506832363654],[6.897558820219564,52.406521993322485],[6.897564329011476,52.40651113640745],[6.897769855381049,52.40654716659374],[6.897925157944537,52.40661889385461],[6.897929626634441,52.40662063461062],[6.89793412597519,52.40662327386226],[6.898007032895091,52.40664931019384],[6.898105160367612,52.40668221574215],[6.898099590379839,52.40669127568996],[6.898301783645077,52.40675880854122],[6.898311699684704,52.406747895342704],[6.898435078838791,52.406788568323144],[6.898439547565722,52.40679030905966],[6.898617959619838,52.4068500549291],[6.898609390113054,52.40685735541668],[6.89886677114426,52.40694845277358],[6.898876840435674,52.40694203200599],[6.898954462567487,52.40697699643196],[6.898985866627065,52.406992775427064],[6.899038268122515,52.407020870724345],[6.899068387143295,52.407042059428825],[6.899256877099156,52.40718167661619],[6.899248215601582,52.407186281663414],[6.899402916236028,52.407326330124604],[6.899457677323783,52.40738046282989],[6.899460676996286,52.407382222291595],[6.899499764809397,52.40740779077252],[6.899502825851462,52.4074113472235],[6.899632030708173,52.40753643995598],[6.899802346102884,52.40770325506211],[6.899822089727944,52.40772187946376],[6.899823589582989,52.407722759189866],[6.89983736449191,52.40773876317929],[6.899851170101224,52.407755665661995],[6.899864975721123,52.40777256814301],[6.89987731218416,52.4077894893919],[6.8998896793479,52.40780730913441],[6.899902015830158,52.40782423038053],[6.899903577073309,52.40782690709557],[6.899905138316649,52.40782958381059],[6.899905199699766,52.407831380800545],[6.899906760943365,52.407834057515544],[6.899908322187155,52.40783673423051],[6.899909883431136,52.40783941094543],[6.899909975506129,52.40784210643034],[6.899911506058698,52.4078438846503],[6.899913067303127,52.40784656136516],[6.8999164046352,52.4078582042597],[6.899930459900572,52.40792544122043],[6.899925964356006,52.40796594857409],[6.899926087124428,52.4079695425539],[6.899926209892871,52.40797313653368],[6.899924894179797,52.40797764777863],[6.899925016948172,52.407981241758385],[6.89992367054267,52.407984854508335],[6.899922354828998,52.40798936575328],[6.899922477597213,52.40799295973304],[6.899921131191155,52.407996572482965],[6.899919784784881,52.408000185232915],[6.899918438378392,52.40800379798282],[6.899918469070377,52.40800469647777],[6.899918561146339,52.4080073919626],[6.899918622530321,52.40800918895246],[6.899917214739534,52.408011004712456],[6.899917276123468,52.408012801702355],[6.899917337507408,52.408014598692226],[6.899915960408346,52.40801731294714],[6.899916021792242,52.40801910993702],[6.899914614001037,52.40802092569699],[6.899914675384883,52.408022722686866],[6.899913267593511,52.40802453844683],[6.899913359669211,52.40802723393166],[6.899911951877644,52.4080290496916],[6.899910544085961,52.40803086545152],[6.899909136294164,52.40803268121143],[6.899909197677808,52.408034478201294],[6.899907789885843,52.408036293961196],[6.899906382093761,52.40803810972104],[6.899904974301566,52.40803992548091],[6.899903566509254,52.40804174124075],[6.899902158716827,52.40804355700057],[6.899900781615951,52.40804627125529],[6.89989937382327,52.4080480870151],[6.899899404514908,52.408048985510035],[6.899864639333521,52.408106958428306],[6.899822374711247,52.40816053270638],[6.899803889169988,52.408178746600235],[6.899768264467125,52.408211561631155],[6.899736740374314,52.40823533539813],[6.899693585533321,52.40826285327614],[6.899686423742125,52.40826833808259],[6.899595552895202,52.40831893760996],[6.899473920965382,52.40837262661477],[6.899414574077602,52.408399452306604],[6.899392781711867,52.408406921723774],[6.899330342948344,52.40842929242566],[6.899240541731605,52.40846819248311],[6.899257132330786,52.40848056503353],[6.899235033112861,52.40847904947104],[6.899014476782025,52.408562765603655],[6.898915798502157,52.40859998097922],[6.898906584597022,52.408588413088225],[6.898899330640122,52.408591202361755],[6.898724806042568,52.40864556586077],[6.898588173515646,52.408690456560585],[6.898560565403246,52.408699797830494],[6.898495095413991,52.408719510114736],[6.898256507487337,52.40879176943222],[6.898108181717589,52.40883860656748],[6.8980050331349,52.40887408043972],[6.897913423466872,52.40890311479204],[6.897795917674887,52.40890551285858],[6.897791479408399,52.408904670594744],[6.897779756413104,52.40890571904049],[6.897766594860732,52.40890768472416],[6.897754994459698,52.408912327149416],[6.897578080380476,52.408982899370976],[6.897565529940446,52.40895968841577],[6.897395929182605,52.408986121637454],[6.897388613781633,52.40898711382757],[6.897335906116239,52.40899317938878],[6.897199729260541,52.40900839939897],[6.897195352270145,52.40900935410414],[6.897119137196979,52.40901571935027],[6.897075091542483,52.40901717990364],[6.89695030061018,52.40902146779857],[6.896944393137914,52.409020644236406],[6.896828141770406,52.40901673314042],[6.8967294290547,52.40900990167565],[6.896691076465985,52.40900589618835],[6.896645347210403,52.40900108584123],[6.896571611113084,52.40899393583798],[6.896466746043704,52.40897909260566],[6.896391203967717,52.408962077762084],[6.896300786155203,52.40893985914872],[6.896220714116567,52.40891930638781],[6.896138958632581,52.408892482823376],[6.896064457429635,52.40886287010186],[6.895986987304627,52.40883239627976],[6.895918301893584,52.408800911586965],[6.895843647941264,52.40876680624406],[6.895679097462612,52.40868260966004],[6.895673098239136,52.40867909054542],[6.895598230445787,52.40863869557168]]]]}},{"type":"Feature","properties":{"gezicht_uri":"https://linkeddata.cultureelerfgoed.nl/cho-kennis/id/gezicht/10134615","gezichtsnummer":"1671","naam":"Meppel - Oud-Zuid"},"geometry":{"type":"MultiPolygon","coordinates":[[[[6.195567931935113,52.68728265813282],[6.195602103113986,52.687371400328615],[6.195656590699971,52.68751932071414],[6.195714019747951,52.68766632234471],[6.195785833956876,52.68787164370802],[6.195837133497362,52.688007003428716],[6.195857367563985,52.68806168849165],[6.195868447403259,52.68810115735189],[6.195877998790514,52.68813794040791],[6.195886104452155,52.68817653075537],[6.195895771697299,52.6882196041425],[6.195900820434723,52.688252822883086],[6.195905902273656,52.68828783886125],[6.195909455640397,52.68832016903654],[6.195914736059295,52.68836596844178],[6.195920148867232,52.68841895679824],[6.19592260399941,52.68847196526368],[6.195924926758878,52.688517784776515],[6.195930323051304,52.68856987451147],[6.195934190864405,52.68861927844375],[6.195936414358522,52.68865970624105],[6.195940116709191,52.68870012398273],[6.195945264824704,52.68873873443075],[6.195950429497468,52.688778243497076],[6.195955494890865,52.6888123608494],[6.195960609937056,52.68884917405782],[6.195967253495745,52.688888673066835],[6.195976854786419,52.688928151963765],[6.195986439545694,52.68896673224063],[6.19599765212637,52.68901339003002],[6.196010376694247,52.68906183499938],[6.196023217138176,52.68911657029849],[6.196037553032552,52.68917219415771],[6.196059564671574,52.6892430442505],[6.196086244715675,52.689326444829405],[6.196113090378475,52.68941883158773],[6.196144372793733,52.6895111881644],[6.196216821125247,52.689750656671585],[6.196279651889583,52.68994974763999],[6.196366140332337,52.69022866470562],[6.19642584906254,52.69041878950678],[6.196474626312202,52.690577533057926],[6.196531345029021,52.69076588067479],[6.196537509130542,52.690779319699246],[6.196597136551968,52.69096495129367],[6.196661549123394,52.69116942363881],[6.196707121720551,52.691314707916945],[6.1967417290831,52.69142681375745],[6.196779509881256,52.69155058148859],[6.196815613136438,52.691663575852516],[6.196817208058334,52.69166985611297],[6.196825000434008,52.69169137261561],[6.197261941585708,52.691643461259545],[6.197340160206856,52.69163394124754],[6.197464176510677,52.69162141303492],[6.197574849030507,52.69160717813925],[6.197742683400679,52.692125501074116],[6.197745691093912,52.69212817677193],[6.197759897478602,52.6921766114328],[6.197784973598571,52.69217284563227],[6.197817956134666,52.69227687364699],[6.197819534634586,52.6922822552749],[6.197722121492858,52.69229370384824],[6.197745798865843,52.69237442828291],[6.19778926971172,52.69240558763848],[6.197619535676285,52.69242561750839],[6.197321627739536,52.69247348205713],[6.197187086590604,52.69255708150076],[6.197103745890972,52.692609775349425],[6.196870506005749,52.69247475611188],[6.196804718532308,52.69243655847139],[6.196737845167186,52.692499924751615],[6.196670943212534,52.69248150669715],[6.196632307547621,52.692471883571045],[6.196585145846128,52.69248119179048],[6.196580708908032,52.692481221980785],[6.196543866919371,52.69248866250376],[6.196512907715041,52.692494265529305],[6.196566112940292,52.69257209309021],[6.196241906739234,52.69271809549107],[6.195913277952527,52.69286502579094],[6.195905949186502,52.69286867053835],[6.195901446012598,52.692865106231395],[6.19593069487011,52.69284693276824],[6.195879846494862,52.69281672162707],[6.195878367503988,52.69281673168179],[6.195878350955471,52.69281583306378],[6.195878334406954,52.69281493444579],[6.195878317858438,52.69281403582778],[6.195878301309922,52.69281313720975],[6.195879763752131,52.692812228537036],[6.195879747203585,52.692811329919024],[6.195881226194274,52.69281131986435],[6.195881209645702,52.69281042124632],[6.19588268863636,52.69281041119158],[6.195884167627019,52.69281040113684],[6.195946169384637,52.69280368849458],[6.195938261390766,52.69277588161387],[6.195931964792195,52.69275525362115],[6.195895056267609,52.692759099471324],[6.195856668747433,52.692762955364486],[6.195855189758364,52.692762965418886],[6.195853710769296,52.69276297547328],[6.195852215232266,52.69276208690963],[6.195850736243226,52.692762096963975],[6.195850719695301,52.69276119834595],[6.195850703147376,52.6927602997279],[6.19584284486512,52.69273518869453],[6.195830334512766,52.692698425788215],[6.195722583555327,52.69271084172232],[6.195562538618559,52.692694853568106],[6.195559448309364,52.692687684724824],[6.195543748654748,52.69263836123532],[6.195493562408814,52.69264409465108],[6.195330559827707,52.692628126283644],[6.195344423574543,52.69257770318737],[6.195345819869995,52.692573200048535],[6.195301367701757,52.69256900839106],[6.195237639162524,52.69256225147124],[6.19494274310704,52.69253279876414],[6.194797488908469,52.692516709146915],[6.194789176908982,52.692547322415216],[6.194747401910252,52.69268870670759],[6.194618994410338,52.692703958064605],[6.194469914027758,52.692721147042],[6.194410919688775,52.69273053469733],[6.19435491633653,52.692741699488586],[6.194293096095251,52.69275829610345],[6.194285750696089,52.69276104213304],[6.194263697977623,52.69276838160084],[6.194209404730479,52.69279211694542],[6.194136181768704,52.69283215782593],[6.194116690674089,52.69281791036061],[6.194115112607982,52.69281252868343],[6.193906987538171,52.69283640858081],[6.19384056494672,52.69284404886762],[6.193842142980362,52.692849430548456],[6.193805234190178,52.69285327575079],[6.193676809373278,52.692867627473554],[6.193607445208959,52.69287618630334],[6.193529207054247,52.69288480524603],[6.193477541265254,52.692890547837656],[6.193424396468354,52.69289630043108],[6.193387504099131,52.692901044122344],[6.193298929388654,52.69291063169786],[6.193173462226384,52.69292496283247],[6.193173412746689,52.69292226697706],[6.193080433941772,52.692933681690164],[6.193072626684239,52.692911266327236],[6.193066232464782,52.69288524646994],[6.193058359259844,52.6928592366318],[6.193034744840608,52.692862092799196],[6.192994910960083,52.692867755025965],[6.192952119081923,52.6928734372761],[6.192910789698625,52.69287821087454],[6.192872418294258,52.69288296442401],[6.192892931239323,52.69295292644209],[6.192749765312866,52.692970073195596],[6.192766940951156,52.69301938703969],[6.192354959368111,52.69305812553992],[6.192350699727566,52.69298715469245],[6.192348891202054,52.692969192331105],[6.192280807911896,52.69296695695391],[6.192206858061122,52.69296745743006],[6.192081159781271,52.692969206752664],[6.192065463927801,52.69291988280009],[6.192059235007645,52.69290284907431],[6.191885158209127,52.69292829250382],[6.191886752473314,52.692934572829664],[6.191959002201039,52.6931641589542],[6.191966858342321,52.69318927024567],[6.191866500095574,52.69320163265997],[6.191820749733729,52.69320733451335],[6.191732190521512,52.693217819542355],[6.19166428796286,52.69322546861858],[6.191652472378033,52.69322644725534],[6.191535746127124,52.693233527701786],[6.191452987611895,52.69323768218914],[6.191468962688662,52.69330228273759],[6.191470754410259,52.69331934649277],[6.191480928710215,52.69339027736853],[6.19149641242215,52.69350880502969],[6.191492109354393,52.69359690965661],[6.191845660605262,52.693598113553286],[6.191835491543676,52.693688954063205],[6.191863609417683,52.69368966259305],[6.19186277260112,52.69372471872062],[6.19186134297882,52.69372742458102],[6.191855363998047,52.69380475579752],[6.19185194785297,52.693860500159],[6.191829287855169,52.69391547596029],[6.191825410616628,52.69394605900205],[6.191824721961187,52.69398920269343],[6.191822406076446,52.694024268822496],[6.191821206967465,52.694039555340765],[6.191821289298026,52.69404404843308],[6.191814947954198,52.69410161003579],[6.191813682976685,52.694113302079884],[6.191809986835807,52.69415376992255],[6.191808655991892,52.69416186749271],[6.191797337003651,52.694270690359446],[6.191793607903899,52.694309360963246],[6.191780826261801,52.69441909244696],[6.191779544801069,52.69442988587139],[6.191766845416591,52.69454411044224],[6.191756741843883,52.69463854539798],[6.19175411303759,52.69465653777187],[6.191750499123737,52.69470149869901],[6.191750680238617,52.694711383500554],[6.19174695106247,52.6947500540988],[6.191743386528762,52.694797710879605],[6.191739805522762,52.69484446904142],[6.191734712517947,52.694889439969394],[6.1917347289827,52.69489033858767],[6.191733678003859,52.6949137126664],[6.191732198941147,52.69491372266968],[6.191517339792134,52.69489360611368],[6.191486246568556,52.69489201888593],[6.191460744936258,52.69503419058146],[6.191312574948494,52.69502081258855],[6.191201447516265,52.69501077897268],[6.191069580310137,52.6949990879487],[6.191064815624308,52.69506203121503],[6.191061283228997,52.69511148520993],[6.190979950850904,52.69511293352347],[6.190959905864702,52.69539167510462],[6.190958541929489,52.69539797542647],[6.190957918203964,52.69544471357209],[6.19066630906272,52.69543410131722],[6.190646013003552,52.69545670663534],[6.190598649517411,52.69545522906354],[6.190567292869755,52.69543926370277],[6.19018421092862,52.69544185019662],[6.189969612750929,52.69543610874741],[6.189976729327976,52.69533989668026],[6.189986886169489,52.695248157739876],[6.18998683688199,52.695245461884326],[6.189912850305798,52.69524416370504],[6.189911207544562,52.69515430185074],[6.189911930946946,52.695112955416384],[6.189866046924608,52.69511146757135],[6.189894793649189,52.69466101013615],[6.189865196127758,52.69466031112247],[6.189723124752756,52.69465677603058],[6.189708175800999,52.694162575626954],[6.189731840409136,52.69416241597531],[6.189801355194398,52.694161946971356],[6.189801503018034,52.69417003454053],[6.190245214454831,52.69416703994059],[6.190243390305131,52.6941481789322],[6.190247827417246,52.694148148977945],[6.190243735404398,52.69408616425522],[6.190225986980936,52.69408628407068],[6.190210342204451,52.69387788439278],[6.190208731711838,52.69387070542674],[6.190111444714542,52.69380845104937],[6.190109752085798,52.69379677898771],[6.190105923442667,52.69366828647661],[6.1901042143902,52.69365571579562],[6.190097213884024,52.6935964468822],[6.190094502841617,52.69344817476543],[6.190121191035268,52.693370703861895],[6.190091610810547,52.6933709035215],[6.189958483367797,52.69337090327975],[6.189969560777133,52.69316771558038],[6.189972617849991,52.69309220164049],[6.189976085609684,52.693039153174645],[6.189979454793836,52.69298071299385],[6.189982626834024,52.69291148938357],[6.189984632002483,52.69285934951561],[6.189835187899833,52.69285676307027],[6.189844918912759,52.69257988858592],[6.189570553930916,52.69237862661577],[6.189539478974417,52.69237793749382],[6.18955309042969,52.69207048001231],[6.189562180209349,52.69192033077544],[6.189285274848363,52.69166066781777],[6.189409231007378,52.69148278206854],[6.189554729975107,52.691269700386194],[6.189592148024785,52.69121282797614],[6.18962384726777,52.69116677889526],[6.189631061334608,52.69115684419626],[6.189691714165194,52.69115733374626],[6.189713176662977,52.691036759087204],[6.1897506107327,52.69098078524434],[6.189865870221745,52.69081284368186],[6.189835733304602,52.69078249020991],[6.18940934504523,52.69067931643653],[6.189480943512223,52.690550315095614],[6.189539280604658,52.69042409934974],[6.189560429947039,52.69036733667104],[6.189600360524085,52.690367067312366],[6.18972230937374,52.689998663826174],[6.189765378962911,52.68992737351779],[6.189838059119417,52.68985768084774],[6.189915454943646,52.689803234727506],[6.190007738030836,52.68975408046083],[6.190003187324615,52.68958604854421],[6.190434035238512,52.689529215993176],[6.190812168541733,52.68950149741857],[6.190819086086801,52.689475387490354],[6.190978887341767,52.68947880139009],[6.190983158187041,52.68938889945024],[6.1910583341849,52.689374910456955],[6.191062358134489,52.689271529217145],[6.191132768294817,52.68923959776698],[6.19116296918724,52.6891926596352],[6.191171556071621,52.68885378004429],[6.19118453509838,52.688754831910515],[6.191219696850364,52.68865573382741],[6.191300949549778,52.68856980511456],[6.191305419003307,52.688571572361525],[6.191376483998366,52.68849469977655],[6.191431906766042,52.688452084692045],[6.191452363761633,52.688438465405426],[6.191534158702198,52.688382190984015],[6.191611681500933,52.68833493270807],[6.191664508282003,52.6883121071525],[6.191680479238996,52.688295821973064],[6.19170657160613,52.68826688609708],[6.192263180505909,52.68805191818246],[6.192427656339888,52.68798789362954],[6.192741900727882,52.68786443709459],[6.192865116479323,52.68780877993742],[6.192991190638822,52.687747710897554],[6.193095230564529,52.68769487959933],[6.193206499413726,52.68763301190782],[6.193524103152448,52.687451112962506],[6.193694011595096,52.687360986587066],[6.193812738797735,52.68730266266927],[6.193931614238675,52.68725242620932],[6.194303175539138,52.687109703346],[6.194420719741155,52.68706756400814],[6.194560462180383,52.68702617260673],[6.195012717175797,52.68692873504985],[6.19529723136917,52.68687827085285],[6.195345915732651,52.68687164895312],[6.195352244267518,52.686894074248315],[6.195419205700754,52.687076960536885],[6.195430202210559,52.68711193635209],[6.195445271326835,52.687127112393036],[6.195470873964764,52.68715210290068],[6.195492073304227,52.687178920789954],[6.195510248912495,52.68720216429735],[6.195567931935113,52.68728265813282]]]]}},{"type":"Feature","properties":{"gezicht_uri":"https://linkeddata.cultureelerfgoed.nl/cho-kennis/id/gezicht/10134616","gezichtsnummer":"220","naam":"Gelselaar"},"geometry":{"type":"MultiPolygon","coordinates":[[[[6.534011308304009,52.17204305639476],[6.533930534791902,52.17219934587589],[6.533870852606396,52.172323071013125],[6.53381657742035,52.17242966505898],[6.533749702191266,52.17255795438388],[6.533695149187997,52.17265376464516],[6.533638995739228,52.172744197221576],[6.533571449591577,52.17284642577007],[6.533524926253033,52.17291339412493],[6.533509449242962,52.17293691509755],[6.533421809607273,52.17305372069847],[6.533393409012546,52.17308635590943],[6.533352362040531,52.17313888908748],[6.533241378761582,52.17308693411523],[6.533226577931276,52.17307988695841],[6.533219177517877,52.173076363379316],[6.533173267268578,52.173053438805645],[6.532298381364141,52.17263047786326],[6.532100013118659,52.172534426641924],[6.531601308627056,52.17224263923508],[6.531518376323182,52.17220119694822],[6.531403473922897,52.17216725564985],[6.531318402678812,52.17215639548812],[6.531300794581801,52.17215386966074],[6.531162829978217,52.17213273595493],[6.530792968553514,52.172076097959106],[6.53068532880784,52.17204028782293],[6.530658480589453,52.17207650279627],[6.530618985051962,52.172132615450636],[6.530531240056071,52.17241660935209],[6.530450387242799,52.172684356749144],[6.529466203962222,52.17267321681223],[6.52866773571999,52.17266386724992],[6.528571803672519,52.172457157036625],[6.528372588397538,52.17204200975146],[6.528279536224152,52.17183347370158],[6.528268845367411,52.17181559975954],[6.528261238609855,52.17180398805864],[6.528259777042536,52.17180400219637],[6.528195652019026,52.171811813401206],[6.528186790644307,52.171808303640816],[6.528175029128251,52.17180572079851],[6.528091328948248,52.17179124958675],[6.528007605833494,52.17177587966998],[6.527708136236492,52.17172753995403],[6.52752468229503,52.17169965086759],[6.526776023557064,52.1715792463976],[6.526716390046468,52.17153398021975],[6.526709311874131,52.17154303727039],[6.526683753547908,52.171515419261766],[6.526665732655638,52.17149671711618],[6.526556949636322,52.17141597090445],[6.526542425918712,52.171419706652834],[6.526376527660492,52.171678384986414],[6.526323972334898,52.17179574528288],[6.526312203015072,52.17190731850561],[6.526310741443563,52.171907332619156],[6.523638286722254,52.172364564952616],[6.523065913697369,52.17273681536557],[6.523057304324091,52.172743190331815],[6.522624751041296,52.17252084002028],[6.521899970805539,52.1721323124628],[6.521339185274598,52.17238579256451],[6.521202962269502,52.172490471838394],[6.519920919657506,52.17226369070286],[6.519884881404596,52.172341339270126],[6.519844412605146,52.17241723263154],[6.519785330953943,52.17250858541226],[6.519750046359046,52.17255836183424],[6.519703137373933,52.17261094644265],[6.519611808692051,52.17269901324076],[6.519514268146493,52.17277275772711],[6.519275839758003,52.17294043750613],[6.519157949635844,52.17301887130512],[6.51897294278222,52.17298738836318],[6.517683953507162,52.172775031425026],[6.517194247967214,52.17277702674377],[6.517185455573429,52.172776212099876],[6.517113836989688,52.17277689810885],[6.517003601234711,52.17217661247072],[6.516999216482253,52.172176654465616],[6.516412984619394,52.17217687442452],[6.51640271681548,52.17182911151105],[6.51641000192549,52.17182814290823],[6.516440558423881,52.17182245720452],[6.516716436337065,52.17174790666539],[6.516902083129046,52.17168950035276],[6.517015953316268,52.171625489155666],[6.517029312317381,52.171633451003274],[6.517088758396546,52.17161400543333],[6.517096293912097,52.171622921918676],[6.517228340013312,52.171583904673],[6.517199872861796,52.17144125762296],[6.51719336627583,52.1714152528271],[6.517113985677044,52.17110949977506],[6.516998673131552,52.170654878983406],[6.51698782771243,52.17063071346304],[6.516968627429923,52.1705652801036],[6.516888903824658,52.170303574619076],[6.516868333363771,52.17024174982949],[6.516656722602057,52.16956333421331],[6.516638848224237,52.169492494899735],[6.516411765232466,52.168780070016616],[6.516386538707761,52.168707503308696],[6.516379185849348,52.168705775962515],[6.516374755932776,52.16870402063554],[6.516280657550372,52.168393913506705],[6.516294589642792,52.168366814147966],[6.516281578457616,52.168314804422685],[6.516203102523433,52.16798657034731],[6.516186781953037,52.16791931155022],[6.516180936173005,52.16791936750131],[6.516176506342509,52.167917612166406],[6.51617344696659,52.167912248247546],[6.516089974120523,52.16755979250734],[6.516048292181615,52.16741457499403],[6.516037448077882,52.16739040936907],[6.516038750293393,52.16738410483917],[6.516032404204877,52.167364390501504],[6.516011722596377,52.16729807227821],[6.515977205949254,52.16720492044203],[6.51595805414645,52.16714128416954],[6.515948648835318,52.16711620590084],[6.515933290063799,52.167029162788985],[6.515931260092895,52.167006710542914],[6.515930805249406,52.16698873755829],[6.515942366013572,52.16692570625021],[6.51596527688801,52.1668490833226],[6.515980510904782,52.16681567946483],[6.515983320007123,52.16681115824829],[6.515987681490294,52.166810217643395],[6.516007578442395,52.16673002807981],[6.516033411914006,52.16665337716602],[6.516049902517626,52.166611871469364],[6.516075002282487,52.1665639913079],[6.516282849708835,52.16622852227142],[6.516306942606865,52.166198629033],[6.51632671955869,52.16617147370554],[6.516342044076488,52.16614166439577],[6.516362013722249,52.16600664317057],[6.516373277877998,52.16593192937145],[6.516376615497293,52.16589054953435],[6.516394020864136,52.16582746221279],[6.516409805551096,52.165758098333455],[6.516426067966618,52.165707606086734],[6.516442648868016,52.16566969492779],[6.516458064145994,52.16564348019833],[6.516480763501017,52.16561629686156],[6.51650652208255,52.165594477433125],[6.516529585435784,52.165581672475746],[6.516640244839097,52.16550690580977],[6.51679391716381,52.16522588652621],[6.516848383766833,52.16512559063392],[6.516915114609043,52.16499012142472],[6.516915091848381,52.16498922277541],[6.517008854882333,52.16488225834814],[6.517260920476877,52.1647926534972],[6.517440441833481,52.1647244172152],[6.517441880402226,52.16472350456295],[6.517594003969947,52.16461238493778],[6.517774605329493,52.16441380200101],[6.517777436877961,52.16441017939001],[6.517883619614832,52.164274331427414],[6.517923329346166,52.16422631077735],[6.517945548693102,52.164180255524386],[6.517964594760359,52.16412434314517],[6.517975217901164,52.16402446700125],[6.517983621296671,52.16401000455645],[6.517960360799625,52.16389966683989],[6.517957535964893,52.16378823433779],[6.517952270271987,52.16363817392542],[6.518002280108857,52.16353522356637],[6.518092633293024,52.16346694221516],[6.518321379225672,52.163322727665225],[6.518534892810467,52.16321191687359],[6.51935005386421,52.16273398723613],[6.519455152942138,52.162670956471054],[6.519573628754013,52.162731840968455],[6.520885002376184,52.16205318219327],[6.52097418436282,52.16205412268413],[6.521085467176316,52.1620045140152],[6.521578565579505,52.16179572938485],[6.522315703962422,52.161470437926205],[6.5225383549233,52.16137481255376],[6.522704520404504,52.16129950568976],[6.522778150729331,52.16126374091481],[6.522830045607452,52.16123537632521],[6.522886118181177,52.16119888166704],[6.522866435953198,52.161172105126084],[6.522825476002651,52.16117070177989],[6.522803489053641,52.16116821687378],[6.522791730654759,52.16116563348108],[6.522778442407596,52.161160368210794],[6.52271474065971,52.1611268245133],[6.522299059236214,52.16087374936655],[6.521914616406602,52.160641945084066],[6.521732259968821,52.16054032948319],[6.521684495969259,52.16050123871332],[6.521673262016549,52.16046179655243],[6.521814038301858,52.16042268987703],[6.522221776603802,52.160306408113826],[6.522234813019094,52.16030178831301],[6.52224497277568,52.16029899393241],[6.522284287790701,52.16029322235609],[6.522294493273962,52.160292225268606],[6.522314995704249,52.160293825685606],[6.522320863341632,52.16029466808213],[6.522413375849515,52.16031175504499],[6.522680685431238,52.160363113969936],[6.522905300631418,52.16040229925528],[6.523034503663191,52.160425324504885],[6.523241424911639,52.16045838747072],[6.52352031145282,52.16050513864801],[6.523781412310673,52.1605421730088],[6.524381608839336,52.16063706087451],[6.524425628205136,52.16064382739193],[6.52507418478453,52.1607436386593],[6.52558623258783,52.16082049457289],[6.525672833778677,52.16083493944214],[6.525687491738608,52.16083659569019],[6.525712424034002,52.160839950496396],[6.525894508581653,52.16087324857955],[6.526081137630723,52.160912794584895],[6.526313454704669,52.16096717982065],[6.526388435549521,52.160984433005424],[6.526747267258887,52.16107085351002],[6.526926545873883,52.16110867146682],[6.527080869258736,52.161142235991974],[6.527189527625432,52.16116185979384],[6.527305469218413,52.16118051422376],[6.527446297592784,52.161200725683464],[6.527590002589094,52.16121911142344],[6.527730716331731,52.16123482930693],[6.527927071499191,52.16125450323182],[6.528289027700722,52.161291451041336],[6.528265520144854,52.16134381289511],[6.528324153035289,52.1613504365843],[6.528310345357511,52.161382030602944],[6.528136343971276,52.161779216443094],[6.528336533703072,52.16177727974456],[6.528601373195381,52.16184572776097],[6.528871575481102,52.16189524702048],[6.52915405536329,52.16191048975498],[6.529734168698643,52.16190487162715],[6.530032515386266,52.16191186873187],[6.530325224449299,52.16192700954884],[6.530618210120822,52.16195293339449],[6.530908964853516,52.162005844237264],[6.531458997403764,52.16213803638691],[6.531726996851766,52.16221543546908],[6.531951182660634,52.16229415806901],[6.531983630065102,52.1623055284454],[6.532029367160728,52.16232216303718],[6.532109013014758,52.16235015376859],[6.532709467238972,52.16256724330833],[6.533849857116778,52.16297773218638],[6.533945833447057,52.16301545049765],[6.53404194856518,52.16305856060165],[6.534129319295952,52.16310265452963],[6.534212421894556,52.16315128425009],[6.535115727720526,52.163719570885334],[6.535322063509335,52.16384250550018],[6.5354316110756,52.163896270173545],[6.535559623780487,52.163929180960366],[6.535695756646705,52.163936844181755],[6.535837086835229,52.16391928827208],[6.537135592089715,52.16365674979694],[6.537163217722258,52.16365108723659],[6.53737406297908,52.16360858220415],[6.53755874359962,52.16357172520242],[6.539007253493838,52.16328882658034],[6.539154123733999,52.16325952725328],[6.539277775738985,52.16323674662737],[6.539159807997643,52.16336643733498],[6.539132646939481,52.16339007323995],[6.538986635384123,52.16350925120393],[6.538929784749612,52.163571828412856],[6.538893136863548,52.16362432075158],[6.538876831034636,52.16367212010245],[6.538863169344897,52.16370910718714],[6.538855376030318,52.16374693584137],[6.538851804191642,52.16377843118308],[6.538851247756988,52.16381349256392],[6.538852106220516,52.16384674238859],[6.53885275586957,52.16387190441793],[6.538855098841696,52.16390603861793],[6.53886317102876,52.16393562252515],[6.538875928774942,52.163976845996736],[6.538887132426899,52.164014489159776],[6.538898266489583,52.16404943638984],[6.538912694439861,52.1640987333824],[6.538951014438577,52.16422420105937],[6.53901427113135,52.16446627836111],[6.539067785858464,52.16467069820648],[6.53912074485332,52.164910179393985],[6.539133387857654,52.16500353843336],[6.539169832638936,52.16528273116215],[6.539167815094391,52.16531780680703],[6.539163755969617,52.16533043063396],[6.539161343865548,52.16535022933738],[6.539153480901582,52.165385362070005],[6.539149653854565,52.16540697233225],[6.53914436544997,52.16542859686618],[6.539137731728554,52.16545472888963],[6.539128128871339,52.16547909216896],[6.539117134271914,52.1655061656498],[6.539100619140087,52.16554587722541],[6.539087142735594,52.16559005347391],[6.539059400804408,52.16564785208418],[6.539021614911641,52.16571293972959],[6.53895116891015,52.165815199953975],[6.538877498199609,52.165905806306306],[6.538811180459066,52.1659981385602],[6.538744630434294,52.16608148434029],[6.538674832608968,52.16615227760454],[6.538542543208115,52.16629379268586],[6.538162209142207,52.1667361530493],[6.537753775232942,52.1672228308159],[6.537437474722343,52.16759804770242],[6.537355214835099,52.16769592774936],[6.536916907012119,52.16821525300856],[6.536664458916223,52.1685161379919],[6.536471721686167,52.1687517220505],[6.536330090371926,52.168928381410716],[6.536181382076943,52.169114098214735],[6.535897650826309,52.16944944318184],[6.535699244700686,52.16969227204303],[6.535680777526644,52.16971312583472],[6.535550322997375,52.16986990024845],[6.535266559093609,52.17020434503869],[6.534987083004442,52.170535151901646],[6.534701826016826,52.17086871089742],[6.53453632898807,52.17108425146031],[6.534517883817033,52.171106003712126],[6.534427142355932,52.1712156493575],[6.534399298467719,52.17126985226862],[6.534351871238836,52.171358402626126],[6.534289245107245,52.17148125776854],[6.534221327128727,52.17162573717556],[6.534147516233793,52.171768476096126],[6.534083727848365,52.171903027704985],[6.534044698988483,52.1719771143719],[6.534011308304009,52.17204305639476]]]]}},{"type":"Feature","properties":{"gezicht_uri":"https://linkeddata.cultureelerfgoed.nl/cho-kennis/id/gezicht/10134636","gezichtsnummer":"257","naam":"Ommerschans-Balkbrug"},"geometry":{"type":"MultiPolygon","coordinates":[[[[6.391625369905376,52.600089747989124],[6.391624140056958,52.60010054365542],[6.391421543999749,52.60008428130014],[6.391255925314167,52.60007130110855],[6.390976423516455,52.60004849791204],[6.390912840786227,52.6000436426057],[6.390748677729254,52.60002975063563],[6.390747160961728,52.600027965906904],[6.39069928115517,52.59993489814539],[6.390710536074549,52.59984582461691],[6.390720315149179,52.59975676355463],[6.390689282384488,52.59975522820126],[6.390423290269695,52.5997421960681],[6.390429526408204,52.59956238897171],[6.39043565656594,52.599507512092316],[6.39035571813807,52.59949740200838],[6.39021955639087,52.599481475273556],[6.390175282648462,52.59948184914786],[6.389976933163503,52.59945745953778],[6.389768232907819,52.59943225819686],[6.389741586856775,52.59942888802487],[6.389593578314059,52.59941126302626],[6.389410028250675,52.59938854511589],[6.38922205101113,52.5993658642725],[6.389034073963245,52.59934318313099],[6.3889882019035,52.599338177413195],[6.38884017352134,52.59931965287444],[6.38865070064185,52.599296084971044],[6.388403508900109,52.59926581314793],[6.388194810434874,52.59924060903718],[6.388151890143067,52.59923557812061],[6.387903202873552,52.59920441909155],[6.387621967089199,52.59916993861565],[6.387676976450384,52.5989924171962],[6.387802247193911,52.59859410470356],[6.387735654127903,52.59858657675418],[6.387738319818441,52.598573971490126],[6.387579964192576,52.598555532392545],[6.387384612630623,52.59853291077517],[6.387170015172278,52.59850775455925],[6.386851808836522,52.59846998845508],[6.386523272737715,52.59843230841462],[6.386316075423139,52.59840798716945],[6.386154749080209,52.59838867239623],[6.38580104482608,52.59834760695708],[6.384387689738626,52.59818242365771],[6.384350999461841,52.59819171941571],[6.384324558036709,52.598197334033436],[6.384298096258492,52.598202050044414],[6.384281883346698,52.598203084924194],[6.384265650088479,52.5982032212009],[6.384244989577854,52.59820339464075],[6.384231667131008,52.59820170893414],[6.38421539318385,52.59820004800223],[6.384196127048215,52.598196614641935],[6.384181267822981,52.598192245514774],[6.384166367913458,52.59818607918393],[6.384155895258138,52.59817987568931],[6.384139397548194,52.59816833013692],[6.384125871688172,52.598157658409235],[6.384118309858232,52.59814963293548],[6.384109211255046,52.59813892404515],[6.383993818096112,52.59812730974189],[6.383314518533312,52.598047625561186],[6.382672257180562,52.597973918481266],[6.382645612544834,52.597970546712965],[6.382521304814715,52.59795630938389],[6.382521203265144,52.59795181637731],[6.381909996056573,52.5978805412609],[6.381565174486684,52.597840287629644],[6.381559616462277,52.59785561327639],[6.381470828593866,52.5978455713274],[6.380989895002726,52.59779117628154],[6.380909982095282,52.59778195842612],[6.379732033738206,52.59764710588902],[6.378814549353128,52.59754242313309],[6.378420933001309,52.59749807392745],[6.37828625739343,52.59748212116561],[6.378288885278303,52.597467718899125],[6.378271115870033,52.59746517086338],[6.378240044688323,52.59746183504735],[6.378108320710714,52.5974458574556],[6.378100921853168,52.59744502041371],[6.377985491624648,52.59743160305904],[6.377708762589974,52.597399757928876],[6.377615529112643,52.59738885141182],[6.377571115875404,52.59738293036635],[6.377432033951278,52.597367912152855],[6.377285533091428,52.59735115808087],[6.377116815681021,52.59733099391662],[6.377125124640354,52.59730665784587],[6.376833579195943,52.59727223786281],[6.374974871151408,52.59705582793729],[6.37360451367199,52.59689555178374],[6.373156125921537,52.596843551132594],[6.372994911540974,52.596828711471034],[6.372998755332761,52.596802615218955],[6.372967685008904,52.59679927802128],[6.372883428873412,52.59679368591506],[6.372880726299862,52.59673888333652],[6.372866539896825,52.596698556393015],[6.372805420176947,52.59660559146811],[6.37273409148447,52.59651810384946],[6.372629815199878,52.596409319066304],[6.372515290011856,52.59630421430153],[6.372457565240242,52.59623099398645],[6.372439093050438,52.5961969939386],[6.37240940656937,52.59612354100359],[6.372405490280288,52.596080432496656],[6.372412756279644,52.59600936933655],[6.372427300138161,52.59593375194796],[6.372609933243471,52.59532287015974],[6.37283801203265,52.5946325189716],[6.37311684646373,52.593704470238336],[6.373429392827434,52.592700643821146],[6.373686787945421,52.59187073734755],[6.373770596680185,52.59159321944084],[6.373958793636017,52.590968806942875],[6.374073590311889,52.59062542089937],[6.374088471871961,52.59056507950392],[6.374103353391805,52.59050473810579],[6.374297543670413,52.58988476891161],[6.374695994302046,52.58863396019719],[6.374719807525595,52.58857713950371],[6.374767035631509,52.588379915560076],[6.374780233872824,52.58837621070984],[6.374788925251195,52.588368948248515],[6.374790340236456,52.588366240163126],[6.374906095476868,52.58800037573937],[6.37512209647749,52.587301131279034],[6.375358971437643,52.58654598864325],[6.375599921631084,52.58577553228892],[6.375636465810121,52.58569433851204],[6.375658276695825,52.585614166136644],[6.375685847679684,52.58552765439343],[6.375741738740932,52.585322268803594],[6.375881270988703,52.58483307316862],[6.376020474529128,52.58439511012817],[6.37619494612463,52.58381934074907],[6.376460888045243,52.58298036701004],[6.376467780003674,52.58295873901706],[6.376464587388243,52.58294798032808],[6.376464526855936,52.582945284510565],[6.376468851696148,52.58294075460958],[6.37647467195541,52.5829371110236],[6.376477541729295,52.58293349201881],[6.376533748748069,52.58274248364295],[6.376567925601197,52.58262176316441],[6.376637045615634,52.58241446919404],[6.376653658540401,52.582365796961014],[6.376652021869957,52.582358620406445],[6.376646040255196,52.58235507515398],[6.376638643960623,52.58235423801163],[6.376622355969303,52.58235167741215],[6.376623447765885,52.58233459160687],[6.376636664223075,52.58233178515593],[6.376643919248745,52.58232633205683],[6.376646809150043,52.58232361165353],[6.376673082588636,52.582245199370725],[6.376685774296169,52.58221902915965],[6.376698667806341,52.5822018450066],[6.376702831095187,52.5821901262489],[6.376767100336566,52.58196399833952],[6.37678819912538,52.58191798501852],[6.376803881453425,52.58189358741618],[6.376830923117572,52.58178371158685],[6.37691576475528,52.5814882064851],[6.377100196393996,52.580897073064996],[6.37722120814052,52.580504198461924],[6.377246347597137,52.580441074629505],[6.377273285217085,52.58039231618996],[6.377301778704799,52.58034713986801],[6.377303072123246,52.58033904011135],[6.377298545693598,52.5803345839825],[6.377291129533528,52.580332848273386],[6.377303537628832,52.58029409749977],[6.3773477922352,52.58029372846843],[6.377355268972947,52.580298159992644],[6.377381560161017,52.580220646128375],[6.377425956060708,52.580226567311584],[6.377441112350901,52.58017880585625],[6.37754322083912,52.5801923346413],[6.377692675610363,52.58021175981175],[6.381663030166578,52.58066840544947],[6.381716257787145,52.5806733522905],[6.381844718822974,52.580677668914014],[6.382076197933926,52.58067033697659],[6.382254347821525,52.580653564987074],[6.382370398642523,52.58063102178835],[6.382506837724623,52.58059662349712],[6.382691307196678,52.580533061565475],[6.383043814732347,52.5803970868885],[6.383141756379203,52.580356719302245],[6.383207691392845,52.580336393177824],[6.38334115828496,52.58030112007294],[6.383463108219162,52.58027852630511],[6.383533630976706,52.58026535170702],[6.383671969939122,52.58024981040302],[6.383816372005472,52.58024140824991],[6.383915207015082,52.58024057863767],[6.384028956153878,52.58024681393909],[6.384160590115242,52.580260987944015],[6.388227594436315,52.58074716135769],[6.390611225739052,52.581040714895785],[6.392688602828199,52.581296369603535],[6.393219711260694,52.58135838039824],[6.394338112919351,52.5814873110017],[6.395000851369618,52.581627289634966],[6.395082233587829,52.58163738419321],[6.395277534613942,52.58166089202341],[6.395980226218381,52.581741206765614],[6.398964731266691,52.58210947797452],[6.400377789162823,52.58228167844454],[6.400978461865566,52.58235204884173],[6.400981432970096,52.582352922252205],[6.401108983779662,52.58238149282734],[6.401110458994366,52.582381480230715],[6.401121033655612,52.582392175259365],[6.401127141315767,52.5824011108767],[6.401130422627531,52.58241546329023],[6.401128947411698,52.58241547588713],[6.40114816657833,52.58241710932719],[6.401166041494483,52.582360333735004],[6.401189665599198,52.582361030775914],[6.402343748505291,52.58249946809079],[6.404043813277832,52.58270332459278],[6.4068375618063,52.58304786627205],[6.406818447455058,52.5831145399474],[6.406808931850618,52.58314967398162],[6.407318908534443,52.583189333957705],[6.407394312210584,52.58319587636037],[6.407772806162867,52.58322857497504],[6.408396648982399,52.58327893572885],[6.409422697634921,52.58336627642166],[6.41077237219906,52.583474187264265],[6.411630105171324,52.583556668262055],[6.412632771620028,52.58365317079723],[6.412609093617435,52.583713593409634],[6.412498288092947,52.58402462867483],[6.412400277547641,52.58431488144336],[6.412311798160821,52.58457089826018],[6.412138560462984,52.585116154293544],[6.411704204215612,52.58642582648176],[6.411629696993232,52.586648467303874],[6.41157494174298,52.58664174943663],[6.411461902236924,52.58698425991243],[6.411212887966686,52.587762052252934],[6.410979572468511,52.58851723911303],[6.411021176525797,52.58852946331041],[6.41104644658625,52.588537334435784],[6.410789419860192,52.589352044436446],[6.410777268436458,52.58940068311906],[6.41055968019273,52.590071248211714],[6.410351745888421,52.59071296874163],[6.410075226123617,52.5915790748115],[6.409776484614274,52.59250558932868],[6.409751697981804,52.59258219870728],[6.409105485025096,52.594499456853],[6.40908613991233,52.594556246161204],[6.409076602859653,52.59459048168832],[6.4089288935737,52.595157981013024],[6.408833578073663,52.59543921885358],[6.408811802022046,52.59551849839196],[6.408730136929351,52.5957519836132],[6.408677521662595,52.59590163282879],[6.408674716228626,52.595907948383356],[6.40862779485705,52.59604856084691],[6.408558099964464,52.596289133162394],[6.408493661057224,52.596501798197856],[6.407805697408337,52.59643131618046],[6.407130954626815,52.596358020331266],[6.407068809567505,52.59635136379376],[6.406385235936144,52.59627903832778],[6.405759319799541,52.59621070835254],[6.405447079512228,52.596175637203544],[6.404806451064557,52.59610922590706],[6.404347705628428,52.596057431561846],[6.403516138511039,52.59596748272759],[6.402751145493394,52.59588414904252],[6.402664850229032,52.5961742922514],[6.402547119890287,52.596573455798016],[6.40246870249657,52.59682128906735],[6.402468723212723,52.59682218766445],[6.402435875186426,52.59693391645046],[6.402414004030895,52.597009600430766],[6.399928434495282,52.59675309945783],[6.39824330400531,52.59657961275776],[6.397950333418747,52.59654795298096],[6.397889665136256,52.59654127908038],[6.397487205454994,52.59649796701066],[6.396917499402023,52.5964345049954],[6.396794687787301,52.59642116865047],[6.396778174339925,52.59647343788967],[6.396760267561894,52.596529314063545],[6.396739697742944,52.5965977956992],[6.396707129517769,52.596593578659785],[6.3964674083644,52.5965668552504],[6.396220267868443,52.596538396844736],[6.395927278393827,52.59650583347534],[6.39576892685603,52.59648740527458],[6.395646115433372,52.59647406774189],[6.39555585152507,52.59646404884795],[6.395356078177104,52.596441477901166],[6.395066041345356,52.596408887350975],[6.394986128067513,52.596399678962754],[6.39477450869352,52.59637541001148],[6.394693119850686,52.59636621394484],[6.39448892032487,52.59634367909115],[6.394198884764768,52.59631108641971],[6.393911800994694,52.59627846802215],[6.393737177520502,52.59625837750038],[6.393618794382975,52.596245000349334],[6.393373153705582,52.59621742210354],[6.393297688692058,52.59620907367154],[6.393123065767147,52.59618898224527],[6.392960289478747,52.59617058778895],[6.392872998668203,52.59616144045891],[6.392633261627044,52.59613381069835],[6.392343228792197,52.59610121348772],[6.392235196736997,52.59608864613225],[6.392187852036841,52.59608365412597],[6.39215380894277,52.59607944832257],[6.392118310683113,52.596076153595035],[6.392077036303167,52.59646657031449],[6.392029960919885,52.59686152992289],[6.391997702415366,52.59712963715202],[6.391968312961863,52.59739412499048],[6.39193982484339,52.597633439542086],[6.391893239080923,52.598049965374656],[6.3918293538884,52.59861403616422],[6.391839212978584,52.59865799262353],[6.391850219842598,52.59868755901329],[6.391861185719696,52.59871532820362],[6.391909496803841,52.59876255448568],[6.391979698474928,52.59879881029257],[6.392056910017327,52.598818828847826],[6.392089561475268,52.5988266415529],[6.392145907276126,52.59883784886121],[6.392428579151652,52.59887050893845],[6.392417634509689,52.59890835001331],[6.392413822564567,52.59893534545044],[6.392404088110688,52.599026203858116],[6.392393288079686,52.599135046730176],[6.392387119386557,52.59918812651141],[6.392381176309181,52.59925109087897],[6.392369002941937,52.599364439227024],[6.392358182235447,52.599472383488795],[6.392353918955869,52.59947960974709],[6.392346929717445,52.599496745570406],[6.392311593742599,52.59956535130295],[6.392297430607549,52.59959153555445],[6.392249448102187,52.599688110225856],[6.392242417771973,52.599703448844835],[6.392211344802162,52.5997648282911],[6.392197243069335,52.59979370832602],[6.392185928856724,52.59981537459467],[6.392170392304216,52.599846064310874],[6.392129439656121,52.59992730031541],[6.392068707295429,52.60004735085314],[6.391842580381862,52.60003488338048],[6.391646010768049,52.600023963068125],[6.391628280562417,52.600023214234156],[6.391625369905376,52.600089747989124]],[[6.389874552104012,52.59839687390322],[6.389915975554055,52.59840101805933],[6.389969245979498,52.59840685972421],[6.390063960361483,52.598417744069124],[6.390158654323785,52.59842772973883],[6.390207497544119,52.59843360868234],[6.390308115067751,52.59844444298201],[6.39035251058579,52.598449460657534],[6.390448700909194,52.5984603322308],[6.390497544203617,52.59846621105482],[6.390546367037007,52.59847119125927],[6.390638130181406,52.598482100078975],[6.390728397135038,52.598492122697245],[6.390771316989765,52.59849715268494],[6.390823132363607,52.5985039050351],[6.390829589567705,52.59846340571308],[6.39083217244609,52.59844720598406],[6.39085261012519,52.59830772355464],[6.390858882952918,52.59825913683468],[6.390866508633878,52.59820514604681],[6.390872924795311,52.598162849520946],[6.390880673326427,52.59811425032753],[6.390888339918125,52.598062056735394],[6.390902279231723,52.597961276416775],[6.390921425068951,52.597829893827],[6.390929132527792,52.59777949742791],[6.390936860450838,52.597729999627276],[6.390944567875306,52.59767960322611],[6.390962422080092,52.59755632048895],[6.390967628599324,52.59752571821768],[6.390961705215072,52.597524869505534],[6.390951375136031,52.59752495680776],[6.390954019361941,52.59751145287139],[6.390924443415985,52.5975090065034],[6.390957546380517,52.59740716543722],[6.390828789971828,52.59739207561769],[6.390430715511184,52.59734690504222],[6.390155474394899,52.59731597506195],[6.389881688919266,52.59728413338459],[6.389638996164336,52.59725652251591],[6.389026352512991,52.597187093662036],[6.388972622109061,52.59735561731551],[6.388895316488124,52.59759084892464],[6.388852593854808,52.597724227542464],[6.388812740687595,52.59785398685138],[6.388950352198765,52.59786900417197],[6.388908099593594,52.598023050598414],[6.388848194904064,52.59824465378842],[6.388826340626339,52.598322132502666],[6.388959546786651,52.59833808574303],[6.389086829582227,52.59835319002847],[6.38921853972762,52.59836825682669],[6.389257032028946,52.59837332471294],[6.38935766963606,52.5983850584184],[6.38948050498264,52.59839930103732],[6.389494260367695,52.598355145117466],[6.389624474445792,52.5983693253192],[6.389772438580324,52.5983851530932],[6.38977983781272,52.598385989407],[6.389874552104012,52.59839687390322]]]]}}]}