{"type":"FeatureCollection","name":"beschermde_gezichten","features":[{"type":"Feature","properties":{"gezicht_uri":"https://linkeddata.cultureelerfgoed.nl/cho-kennis/id/gezicht/10134174","gezichtsnummer":"1462","naam":"Medemblik - Kerksituatie"},"geometry":{"type":"MultiPolygon","coordinates":[[[[5.102472740564242,52.77322448218347],[5.10268667989782,52.77268219190223],[5.102778510139174,52.77268870178968],[5.102861675499647,52.77243187845808],[5.103763157477002,52.772576915101304],[5.10374657312575,52.77262091085726],[5.104537292377682,52.77270906151861],[5.10466021742963,52.77271923839451],[5.105111863516963,52.77276703926742],[5.105071740815187,52.77301497923404],[5.105061571946391,52.77321356282736],[5.104622753671916,52.77324397710236],[5.10469741630909,52.77361530772731],[5.104645535133248,52.773617880794376],[5.104537315706227,52.77362481364632],[5.104414312789558,52.77362631926786],[5.104292843878154,52.773619740309144],[5.103961194208744,52.773575816244744],[5.103509948096989,52.773465104582144],[5.10297575182017,52.77334970006344],[5.102472740564242,52.77322448218347]]]]}},{"type":"Feature","properties":{"gezicht_uri":"https://linkeddata.cultureelerfgoed.nl/cho-kennis/id/gezicht/10134176","gezichtsnummer":"1634","naam":"Twisk Uitbreiding"},"geometry":{"type":"MultiPolygon","coordinates":[[[[5.06235195389318,52.74464355705045],[5.0635655977095,52.744131913247315],[5.066777443383774,52.745770809705625],[5.068843767924132,52.74693205761082],[5.069492378069095,52.74734718384307],[5.069406581807447,52.747742376210425],[5.069321406158949,52.74784729507512],[5.068761282250345,52.748298736308485],[5.067561306668577,52.747943238865005],[5.067517651882866,52.74804017966497],[5.067314951141729,52.748013573778216],[5.066913265033726,52.74806012493274],[5.064607374683692,52.74705276925816],[5.063037505132892,52.74645986974504],[5.061352176835168,52.74566622684042],[5.06235195389318,52.74464355705045]]]]}},{"type":"Feature","properties":{"gezicht_uri":"https://linkeddata.cultureelerfgoed.nl/cho-kennis/id/gezicht/10134186","gezichtsnummer":"1471","naam":"Durgerdam"},"geometry":{"type":"MultiPolygon","coordinates":[[[[5.004161592186021,52.38147925815224],[5.002352211777976,52.38096109719204],[5.002045736356039,52.382934684190275],[4.991677718442634,52.380786620580714],[4.989779484096944,52.38036953056966],[4.984980884230021,52.378145065430225],[4.984252320923455,52.3776743321127],[4.983171467636617,52.37702533608152],[4.982329037361008,52.37648409848723],[4.986535030945974,52.373879401219554],[4.999592800949483,52.377902591967946],[5.002394487953018,52.378797011309686],[5.006104595447312,52.37978416696374],[5.005912259713359,52.37994802164303],[5.005796400042491,52.380099539629974],[5.005682503019956,52.380193542953045],[5.004161592186021,52.38147925815224]]]]}},{"type":"Feature","properties":{"gezicht_uri":"https://linkeddata.cultureelerfgoed.nl/cho-kennis/id/gezicht/10134292","gezichtsnummer":"1457","naam":"Oosterend (Texel)"},"geometry":{"type":"MultiPolygon","coordinates":[[[[4.874495630679228,53.08405234494634],[4.874212104820044,53.084554351709336],[4.874439740350262,53.08461463450492],[4.874470666823981,53.08464981260767],[4.874486616346142,53.084689419638266],[4.87448624501578,53.08472086933568],[4.874395353576647,53.084834603498805],[4.874324004896481,53.0848100356107],[4.874277899712418,53.08479635907363],[4.874045591277429,53.085131443547326],[4.873597725427965,53.085015400846544],[4.873088652196219,53.08490089099273],[4.872691287971567,53.08480572960892],[4.872688750333571,53.084767977161114],[4.872455136208271,53.08470856395182],[4.872495184627348,53.084603598868114],[4.872622206665887,53.08446396170034],[4.872105595297163,53.084356604104734],[4.872275555216699,53.0841201022101],[4.872521472147147,53.083644896573],[4.873122765344699,53.08365826198445],[4.873168599779783,53.0835685978274],[4.873962390565322,53.08371038735928],[4.873939304187967,53.083769596598955],[4.873855078487768,53.083950754579725],[4.874495630679228,53.08405234494634]]]]}},{"type":"Feature","properties":{"gezicht_uri":"https://linkeddata.cultureelerfgoed.nl/cho-kennis/id/gezicht/10134298","gezichtsnummer":"1425","naam":"Vreeland"},"geometry":{"type":"MultiPolygon","coordinates":[[[[5.032721675752703,52.2280510003447],[5.034022041497741,52.22815555895988],[5.035193933209546,52.22821927505967],[5.035444036871572,52.2282424896493],[5.03604784423858,52.22832967067599],[5.036341596174326,52.22838626825564],[5.036687841887761,52.22846818692318],[5.036968246136747,52.22854721305187],[5.037244246325579,52.22862802304393],[5.038225302933049,52.22895179225132],[5.040162590464397,52.229597435580125],[5.040613776167432,52.2297389708828],[5.039880959403003,52.230237443969024],[5.039405784988388,52.23054343173459],[5.039492870950626,52.23063806078696],[5.039252867896481,52.230818909438156],[5.038772827819374,52.23118420032329],[5.038287164239253,52.23151891385402],[5.038104808159296,52.23162712855836],[5.037794527072823,52.23180866536605],[5.037360906790728,52.23203837078532],[5.036954159801438,52.23220074518425],[5.036669334031084,52.2323086538833],[5.03632319844256,52.232394808940015],[5.035936316859926,52.23245028307205],[5.035536402264535,52.232487741392234],[5.03524064215503,52.23249674744056],[5.034955398401251,52.232471630159324],[5.034671867684703,52.232415059722],[5.034347409142566,52.23235117608273],[5.034068527758804,52.23226226170961],[5.033876194778078,52.232150237023184],[5.033731810178177,52.23208329486896],[5.033594273930218,52.23207569304186],[5.03343450299151,52.23210307721833],[5.033150255089518,52.232137278560494],[5.033042072580175,52.23211987737528],[5.032404904105152,52.23198854034868],[5.032296786694466,52.23196304958154],[5.032161130288752,52.23190332201994],[5.031831634284675,52.23173785325018],[5.032151927457857,52.231588718516626],[5.032288721427626,52.23150554219304],[5.032392049375255,52.23139709915127],[5.032467981002146,52.23123644405418],[5.032543364236773,52.23096074236328],[5.032575006864994,52.23066333841898],[5.032596560541061,52.230346130828664],[5.03260967945946,52.23016910889254],[5.032614016132574,52.22999206059354],[5.032141079564222,52.23001131245667],[5.032112655971466,52.2297209183681],[5.032146377936849,52.22971382940166],[5.03214146875102,52.22959517456922],[5.032221970974116,52.22959541645957],[5.032234797543326,52.229455243989165],[5.032609583478007,52.2294455839106],[5.032626609401336,52.2291454396403],[5.032677583101267,52.22844184112724],[5.032721675752703,52.2280510003447]]]]}},{"type":"Feature","properties":{"gezicht_uri":"https://linkeddata.cultureelerfgoed.nl/cho-kennis/id/gezicht/10134303","gezichtsnummer":"1430","naam":"Nigtevecht"},"geometry":{"type":"MultiPolygon","coordinates":[[[[5.02599688230562,52.27272542963919],[5.026536094937493,52.272539230373695],[5.026699134917991,52.272488497061325],[5.027959293229013,52.272106755405055],[5.02865914803141,52.27198305039495],[5.029425712711633,52.27194402860351],[5.03008004355349,52.272015213021554],[5.030600899052211,52.27228821714685],[5.030912936722904,52.27247520563486],[5.030963646311529,52.27254636216814],[5.031655398466201,52.27343644035353],[5.032020870503935,52.273905803809484],[5.032251123784501,52.27424533574816],[5.031329853284967,52.274570621556784],[5.030811065570742,52.27495014212349],[5.030320194573861,52.27458825030859],[5.030219394398395,52.274551095987505],[5.030118644885542,52.27450765026489],[5.030022384828571,52.27445253386313],[5.03031760145855,52.27436354720019],[5.029848285435685,52.27369074011005],[5.030059270425586,52.273508026222466],[5.029789674139509,52.27332655651715],[5.029415076402493,52.273084550134286],[5.029049653380024,52.27334139402132],[5.028854341272672,52.27321497282913],[5.028382728492108,52.27337622193915],[5.028309385646375,52.27338678471049],[5.028194236050287,52.273312735048826],[5.027957909893582,52.273366842892905],[5.027595343265808,52.27345022616077],[5.027462969370324,52.27333208310612],[5.027041499086788,52.27345213548063],[5.02675239889759,52.27369033033929],[5.026594675084402,52.273626934696814],[5.026383864635337,52.27342496450318],[5.026152683952558,52.27302519978176],[5.02599688230562,52.27272542963919]]]]}},{"type":"Feature","properties":{"gezicht_uri":"https://linkeddata.cultureelerfgoed.nl/cho-kennis/id/gezicht/10134308","gezichtsnummer":"1469","naam":"Egmond aan den Hoef"},"geometry":{"type":"MultiPolygon","coordinates":[[[[4.655120411693997,52.62014366842304],[4.655420213044358,52.62023089476709],[4.655621204441688,52.6203103223176],[4.655804388047693,52.620395032383925],[4.655923587918396,52.62042003175085],[4.655877842561165,52.620506928003664],[4.655989734485555,52.62052738864299],[4.656160033317859,52.620587752929886],[4.657810616426886,52.62105804730361],[4.658147240305703,52.62115178381943],[4.65767945865321,52.62184363885096],[4.657577788551678,52.622186332999725],[4.657393601374633,52.62242876045552],[4.657218421107897,52.62266225554788],[4.65658870946791,52.62251998097721],[4.655736044947282,52.6222864574053],[4.654948601407889,52.623281905367044],[4.654652817679929,52.62366204683333],[4.654134584610466,52.62347640807534],[4.65239524715788,52.62283475411995],[4.652273329492474,52.622795354620926],[4.652143908722574,52.62276309850976],[4.651986101500783,52.62275043894342],[4.651982496972438,52.62270098600239],[4.651969786554178,52.622577780136176],[4.651972518039263,52.62241422651966],[4.651985937039974,52.62231814443579],[4.652027211070566,52.62214584180494],[4.652088677428693,52.622002423686375],[4.652177719179202,52.621887935706546],[4.652254107356749,52.6218236988176],[4.652381075502746,52.62173730609277],[4.652540071911246,52.62158999692489],[4.652126702746694,52.62149397244366],[4.652074141964667,52.62163474945516],[4.651549226320435,52.62149758977718],[4.651640871135668,52.62131571284308],[4.651590786567108,52.621308212983465],[4.651822165964028,52.62089442708443],[4.652275396977043,52.62099069913498],[4.652461982678234,52.62069436989384],[4.65266864596027,52.62034513879523],[4.652865607190579,52.62004617679658],[4.652948871574274,52.61992356386246],[4.653235602728753,52.61999723391534],[4.653371266951207,52.62000885642851],[4.653496460503202,52.620028502809625],[4.653870191057209,52.620109898229146],[4.654183383564444,52.62019091914713],[4.654946570599304,52.62038525720831],[4.655120411693997,52.62014366842304]]]]}},{"type":"Feature","properties":{"gezicht_uri":"https://linkeddata.cultureelerfgoed.nl/cho-kennis/id/gezicht/10134309","gezichtsnummer":"1435","naam":"Loenen"},"geometry":{"type":"MultiPolygon","coordinates":[[[[5.027112761819853,52.20887452154825],[5.02656587353476,52.20920091208781],[5.026757476459127,52.20920778849878],[5.027236551445671,52.20930721783827],[5.027385408434246,52.2093535097944],[5.027608560366246,52.20943957461909],[5.027821261906409,52.209551672187956],[5.027943416548109,52.209643720573325],[5.028186314989826,52.20982152112584],[5.028366572673312,52.209965875584466],[5.028600436037422,52.21017600432269],[5.027626702105866,52.21045526465155],[5.027584484012368,52.210429071159446],[5.027499467754015,52.21044858570604],[5.026579599563666,52.2107594591511],[5.026462445879472,52.21077258328606],[5.026387939068463,52.21075887383412],[5.026228997163933,52.210692776400194],[5.025993816755675,52.21064621905152],[5.025196850935687,52.21041458724777],[5.02440872284606,52.210176685638864],[5.02416490061348,52.21011391983317],[5.024197460683913,52.21006818151405],[5.02326607756358,52.209816349999116],[5.022839946640935,52.209683812577715],[5.0226156340421,52.209919502717774],[5.02277892752083,52.209989213637165],[5.022805129834383,52.210005472734494],[5.022819503006539,52.210036974798584],[5.022786934197638,52.210083611506015],[5.0227221123853,52.210138237810064],[5.022656305152281,52.21013443955438],[5.022441731601162,52.21007355803673],[5.021999279080765,52.20996882973672],[5.021696881291,52.20991306803156],[5.020752392683523,52.20947782247331],[5.020051273781229,52.20916106784422],[5.020640569888339,52.208664967244474],[5.020195374577221,52.20836248927357],[5.019776526136253,52.20805919276664],[5.01944101266534,52.20776334459732],[5.019122189765459,52.20739564405507],[5.018944682434851,52.20692322457104],[5.018704051304,52.206300509439906],[5.01863182817157,52.206011771571504],[5.018602133841446,52.20571058327838],[5.018606629663645,52.20516682756106],[5.019129520771226,52.20509026331534],[5.02004803574005,52.20493583352102],[5.020787691293333,52.20482757905467],[5.02142490631585,52.204723496703245],[5.021713789407462,52.20463900571054],[5.022717932431055,52.204386851694686],[5.023049174663678,52.204309678501346],[5.023428288838743,52.20517818195007],[5.023771160262118,52.20600792441338],[5.024764278540268,52.20585458627725],[5.025495690801317,52.20766430015777],[5.024389842837724,52.20782269100264],[5.024189183041932,52.20785083579938],[5.024086402369252,52.207896358267476],[5.024277150493595,52.208007495999865],[5.024479698402949,52.20810698535811],[5.024723166616013,52.20821199270872],[5.024990248088505,52.20829190578723],[5.025314284538695,52.208384575870085],[5.025845694239873,52.2085237180882],[5.026324861696382,52.208610568352434],[5.026697181908268,52.20870338213849],[5.027112761819853,52.20887452154825]]]]}},{"type":"Feature","properties":{"gezicht_uri":"https://linkeddata.cultureelerfgoed.nl/cho-kennis/id/gezicht/10134317","gezichtsnummer":"1472","naam":"Den Hoorn"},"geometry":{"type":"MultiPolygon","coordinates":[[[[4.755032490456209,53.02536914242588],[4.755023762201373,53.02566205059498],[4.754967246664207,53.02565366430837],[4.754932491027714,53.02609650657745],[4.754832793729204,53.02608519615889],[4.754707577470491,53.026086331630275],[4.754508980741337,53.02611134208338],[4.754289348772087,53.02614792317373],[4.754118950690357,53.02618116982024],[4.754035176515531,53.02620229375549],[4.753942224609264,53.02623954445077],[4.753806848842998,53.02632419805198],[4.752445154645207,53.02801899251771],[4.751414524289874,53.02765676405608],[4.751350245609572,53.02777144747274],[4.750519198016845,53.02803122663763],[4.750242403651567,53.02810254284106],[4.750130384745874,53.02811812190943],[4.750038030910248,53.02811403566922],[4.749932460729644,53.028096399488255],[4.749827390998832,53.02804461784501],[4.749677053518414,53.02792879203831],[4.749464580459882,53.0277811827656],[4.749398302334122,53.027726911568124],[4.749257332456722,53.02768392438676],[4.749115743304333,53.02768316946976],[4.748896336254988,53.02770356650028],[4.74863501273912,53.02773632031279],[4.748330479999267,53.02776794424133],[4.747984637750622,53.027770590490526],[4.747758345695703,53.02775230745176],[4.747541432394462,53.027704419237764],[4.747223607938411,53.0276263360998],[4.74668361297359,53.02745270665833],[4.746342197036468,53.02735742085386],[4.745546046727786,53.02716983324413],[4.745201402744345,53.027091600877505],[4.744920979379338,53.027004725898806],[4.746310282449104,53.02517357115707],[4.746692692263401,53.02511541029104],[4.74696170436308,53.02506562785147],[4.74729528870797,53.02498294070503],[4.747650066497281,53.02487790007082],[4.747953973891918,53.02478606613596],[4.748142320919833,53.02474843095399],[4.748354129882636,53.02473698111246],[4.748411131171141,53.024712123688815],[4.748398233812377,53.02457546254154],[4.748413888998813,53.02452432400572],[4.748367638540522,53.02432458043576],[4.748989975652043,53.024267692954744],[4.749268845317498,53.024256599163756],[4.749861982660991,53.02425975992039],[4.750158419778439,53.024270324830184],[4.750377190651095,53.0242921579182],[4.750531681703476,53.024327128104204],[4.750798752115616,53.02440942583891],[4.7514517396221,53.02460071136864],[4.75179283018739,53.024717548178835],[4.752752349149066,53.025250137204225],[4.752846177918333,53.02515268366253],[4.752918083802487,53.02502545894873],[4.753840970243395,53.025209175369035],[4.755032490456209,53.02536914242588]]]]}},{"type":"Feature","properties":{"gezicht_uri":"https://linkeddata.cultureelerfgoed.nl/cho-kennis/id/gezicht/10134321","gezichtsnummer":"1448","naam":"Abcoude"},"geometry":{"type":"MultiPolygon","coordinates":[[[[4.983951446730882,52.27051870154972],[4.983550059505764,52.270837298821256],[4.983133297877911,52.271234935154396],[4.982634300040181,52.271813842938386],[4.982062460981065,52.27250664451661],[4.981354986395344,52.2732897548919],[4.980504810249069,52.27413348745587],[4.97918156840084,52.27559124878951],[4.977608589799389,52.27519933306256],[4.977797230399053,52.27492136356895],[4.978207225137237,52.274312508595585],[4.978150115225995,52.274149631195634],[4.978122151314586,52.274003931501646],[4.97813160321537,52.27393206151784],[4.978242302939703,52.27368438020926],[4.977032993665344,52.27342583512201],[4.976717315085037,52.27397479513773],[4.975970420103621,52.27377896107669],[4.975978809066886,52.27366394593643],[4.976027320934236,52.273487953044146],[4.97608274269348,52.273356923345844],[4.976183740131741,52.27320897518064],[4.976239820889022,52.27316512972663],[4.976059704615787,52.27315461687208],[4.975794903397129,52.27311235164927],[4.975546260357898,52.27306564817506],[4.975375159873173,52.27303089850266],[4.975214573338344,52.27296832291946],[4.975110926129322,52.27292751641336],[4.974846168820334,52.27288075529082],[4.974569266217683,52.27287978916627],[4.97453868056515,52.27301809513959],[4.973967401033254,52.27300441553669],[4.973989895277852,52.27326424271788],[4.973466401240297,52.27331094623046],[4.973438169003681,52.27319580308229],[4.973370094986136,52.27311107912641],[4.973123790802118,52.27312819239935],[4.97293591475013,52.27316438437089],[4.972895118291228,52.273297261441314],[4.972975259863932,52.27428890087928],[4.972443531635886,52.27427445373447],[4.972039262395204,52.27426135062688],[4.971869643948645,52.274538479086935],[4.971053848883708,52.27434776458433],[4.97098374074042,52.274324149410326],[4.970806854153131,52.274281283710216],[4.970463169574557,52.27421356275245],[4.97041160356893,52.27440032803267],[4.970322052746757,52.27457527516394],[4.970202356387776,52.27468360589628],[4.96995519092524,52.27479148671785],[4.969302450012936,52.27502466267027],[4.968989484633363,52.27480605032851],[4.96935623308154,52.274602424335356],[4.969535051807691,52.27443947751123],[4.969663767722242,52.27430691213474],[4.969133003228459,52.274189992121016],[4.969446592672407,52.27340556333692],[4.97048709065403,52.2736932511462],[4.970656260985711,52.273621045796],[4.971378623964508,52.27330362156768],[4.971575737500206,52.2732198289889],[4.971380774419302,52.273073540411396],[4.971212851074784,52.27301273114065],[4.971075468213639,52.272976296300115],[4.970908447300302,52.272975708306625],[4.970928452202241,52.2728733173552],[4.971199796715116,52.272371852104584],[4.972321305813586,52.27261217332339],[4.972440431236913,52.27240676973986],[4.972530755897061,52.27230462519454],[4.972619564821852,52.272207867968945],[4.972837408117516,52.2720998788059],[4.972319900609694,52.271663052284936],[4.971847260558805,52.271129312367314],[4.971671686871432,52.27094714093534],[4.971176442633712,52.27110897796083],[4.971039015239313,52.27107793560028],[4.970903227852788,52.27087163588433],[4.970954224312169,52.270745086837294],[4.970698409123237,52.27068396729262],[4.970728222705452,52.27062924646903],[4.970432911984346,52.27056169571083],[4.970793611447188,52.26990415764637],[4.970691171205421,52.26989211257333],[4.970811988911304,52.269662449301876],[4.971342535840996,52.26979733692379],[4.971382821340636,52.26971928436513],[4.971814036441686,52.26982326176018],[4.97188548020609,52.26970307563216],[4.97342635666197,52.26926717560823],[4.973919714893259,52.269147565452116],[4.974008113864197,52.26909394737745],[4.974098544997855,52.26897921898292],[4.974319396201612,52.26854497874547],[4.974673414228412,52.26860014172764],[4.974367712229894,52.26917968944026],[4.974580944111961,52.26956691123475],[4.974648565034574,52.26970016733839],[4.975665813753612,52.26948620703278],[4.976691900597886,52.269265977184794],[4.977038413342531,52.26918269418676],[4.977778702552471,52.268974045975014],[4.978385285530232,52.268807173703685],[4.978989164924537,52.26861512302414],[4.979472847569687,52.26842984504704],[4.979789144354448,52.26828533243672],[4.979849478518415,52.26825588046295],[4.980614956308023,52.26849399717321],[4.981342845277056,52.26867805279384],[4.981534312005518,52.268727244321035],[4.981771086428257,52.268788275123555],[4.982791302927197,52.26920880541881],[4.983193938211504,52.269397129183595],[4.983533544521022,52.26991239375684],[4.983951446730882,52.27051870154972]]]]}},{"type":"Feature","properties":{"gezicht_uri":"https://linkeddata.cultureelerfgoed.nl/cho-kennis/id/gezicht/10134322","gezichtsnummer":"1449","naam":"Zuiderwoude"},"geometry":{"type":"MultiPolygon","coordinates":[[[[5.043578019242627,52.428450599816806],[5.043311232220631,52.42872574323718],[5.042021807479487,52.42928910830079],[5.041999564203142,52.429313309849945],[5.041999361056901,52.42933937309107],[5.042068491635194,52.429524717486174],[5.041202493151217,52.429898770176884],[5.039646397082924,52.43071028515545],[5.039454648202578,52.43078701549684],[5.039000629114986,52.430933078086504],[5.038422589273551,52.431143484269384],[5.03808331356959,52.43128179214385],[5.037648243331585,52.431447677921994],[5.037261890319561,52.431588540864354],[5.036956610584626,52.4317035783047],[5.036774846563839,52.43181808142348],[5.036055149549161,52.43245945841717],[5.034708654224614,52.43314750137211],[5.034515709299958,52.433187371313956],[5.034268681338221,52.43318663606703],[5.034158558632066,52.4331665355811],[5.03386287839146,52.43318183211899],[5.033610607536232,52.43310109090089],[5.033368206712199,52.433073405002986],[5.033126874178548,52.43309605194024],[5.032948905290597,52.43310181147134],[5.032805981453002,52.43313823310234],[5.032377093311449,52.43326187665331],[5.0321306116367,52.43264279681024],[5.032119497116545,52.43256187577818],[5.03171920610341,52.431687987072564],[5.032264346542286,52.43155121276134],[5.032974547160156,52.43155064100552],[5.032985328429094,52.43148955803248],[5.032959052483982,52.43128186760199],[5.032934685673238,52.43101935893467],[5.032921114688646,52.43069396980747],[5.032884457535377,52.430313687712584],[5.035478546709783,52.43100356708364],[5.035567009262562,52.43097327195064],[5.03566570693371,52.43095019712916],[5.035792447736272,52.43091372407509],[5.035892750943554,52.43087357752109],[5.035997543347982,52.430823557902485],[5.036207818369272,52.43063634140561],[5.036246281720286,52.430606796451826],[5.036317184586607,52.43056566373179],[5.036401348644118,52.430520975205575],[5.036472443401198,52.43045557663296],[5.036556784986791,52.430388419699405],[5.036666569731711,52.430264716519176],[5.036832708889064,52.430080064629045],[5.036921431677062,52.43001651539536],[5.037026171147086,52.42997278597861],[5.037217821265838,52.429908641802605],[5.037460725294599,52.42987071239459],[5.037728645174038,52.429830159988896],[5.038017262029779,52.42977528790488],[5.038138144706768,52.42973520007378],[5.038251590745327,52.42970587526187],[5.038331255397753,52.42967195715307],[5.038545083973786,52.42959169855516],[5.038776739004307,52.42948812439758],[5.038970109169632,52.4293916273394],[5.039080697993417,52.42935150830445],[5.039516066805803,52.42914427548438],[5.039572226325976,52.4291075913319],[5.039610798959175,52.429063665556114],[5.039681583396417,52.42903691052161],[5.039891094334479,52.428944054293645],[5.040156741931056,52.42881720945726],[5.040205528086877,52.42878319967421],[5.040305632407379,52.42876731513401],[5.04042651026299,52.42872722495534],[5.040581464031404,52.42865398044565],[5.040674511989793,52.42860032733094],[5.040790900977273,52.42857010994067],[5.040928161412022,52.42850310453727],[5.041165679139096,52.428400441588295],[5.041336620750036,52.42835061034477],[5.041727392336954,52.42820345571029],[5.042136217267322,52.42800332591418],[5.042716996704018,52.42818925966263],[5.042919547450247,52.428233887069304],[5.043336077193127,52.42836631413851],[5.043578019242627,52.428450599816806]]]]}},{"type":"Feature","properties":{"gezicht_uri":"https://linkeddata.cultureelerfgoed.nl/cho-kennis/id/gezicht/10134323","gezichtsnummer":"1450","naam":"Zaandijk"},"geometry":{"type":"MultiPolygon","coordinates":[[[[4.810980376204065,52.47074333571296],[4.810999784510384,52.47083510329874],[4.811442250326104,52.47087500021362],[4.812159559597731,52.47094319128007],[4.813234814192471,52.47098704705877],[4.813328209641788,52.47127510143846],[4.813526806860854,52.47162208391672],[4.813747773378453,52.471946705267854],[4.813990363840331,52.47230648222579],[4.814251817681918,52.47257377780585],[4.8146677724809,52.472957758442995],[4.815065020939445,52.473309292070205],[4.815394395058912,52.47356073506627],[4.815817080401362,52.47388093224977],[4.816099390924869,52.47413034894911],[4.816368157364532,52.47440306743059],[4.816556468086668,52.47463765039379],[4.816660612531073,52.47489339830928],[4.816595273456228,52.47516630590781],[4.81647430910705,52.47530143605254],[4.816334535828674,52.47541131035676],[4.816032216474255,52.47557073211929],[4.815444597555804,52.475824944934764],[4.815160189431896,52.4759646781899],[4.814979572718434,52.4760455936826],[4.813990974455125,52.47509802401975],[4.813933024424351,52.475026742138276],[4.813851293430742,52.47497332039079],[4.813438685943999,52.47489762684236],[4.813638168065704,52.47449684753675],[4.813130030731184,52.47441080450432],[4.813385541560046,52.47388896460954],[4.812203202090667,52.473698992674684],[4.812183381046681,52.47363867984992],[4.812415655237159,52.47298011818266],[4.812135064931046,52.472940111315935],[4.811907537723483,52.47289406991102],[4.811969269253739,52.472674173851466],[4.811618391634338,52.47260686207484],[4.811686687251212,52.472448113499645],[4.811575003919623,52.472434988842004],[4.811629890671199,52.472288757809046],[4.811308087126215,52.47224944768225],[4.811329685178791,52.47217315819126],[4.811172439634332,52.47215531810205],[4.811215331709684,52.47202610537563],[4.810579158347791,52.47194212557709],[4.810683413436756,52.47162177604432],[4.810460121937301,52.47159013253275],[4.810571301653843,52.47130307078195],[4.810450826907819,52.47128720602939],[4.810481279187525,52.471209162221086],[4.810503663333537,52.47107265992265],[4.810597669430098,52.470861010245365],[4.810300929875686,52.470819122928134],[4.810369297763708,52.47065498284878],[4.810980376204065,52.47074333571296]]]]}},{"type":"Feature","properties":{"gezicht_uri":"https://linkeddata.cultureelerfgoed.nl/cho-kennis/id/gezicht/10134324","gezichtsnummer":"1451","naam":"Westzaan"},"geometry":{"type":"MultiPolygon","coordinates":[[[[4.773367975846372,52.459177183517795],[4.773478167927868,52.45918853912258],[4.77416991846595,52.45927839910977],[4.774587149335541,52.45932369630583],[4.7751541977852,52.45938774077338],[4.775543514586012,52.45943019420396],[4.775706560410586,52.45944990925371],[4.775841839249828,52.45945599946683],[4.776483886982164,52.4595231205532],[4.776736579724038,52.45955048602289],[4.776804318565248,52.45954634097382],[4.776903151704283,52.459527975752216],[4.776971051650305,52.4595121475279],[4.777046084608161,52.459512533694415],[4.777097181209453,52.459541557034235],[4.777180186565541,52.45960399873459],[4.777210537320998,52.459643700428295],[4.777233829319056,52.459661795505575],[4.777249913826386,52.45966906835233],[4.777266060291822,52.45967184770456],[4.777358624515507,52.45968131148147],[4.777446725510002,52.459694347280745],[4.777556808480174,52.459713787382604],[4.777575934617003,52.45971388572731],[4.777739093833068,52.45972550969652],[4.777871530346857,52.45972439288064],[4.777961548374298,52.45970508271114],[4.778435065432763,52.459723692683156],[4.778723058010323,52.45975213391454],[4.778778903438839,52.45975691431834],[4.778872976486209,52.45976368836718],[4.779043294780695,52.45978972746417],[4.77918258126235,52.45982549356294],[4.779285432594031,52.45983590734867],[4.779473282913626,52.45987102333776],[4.779568765840208,52.459882297869754],[4.779701301514911,52.459873989420174],[4.779842356164415,52.4598881935125],[4.779873166000463,52.459894642671436],[4.779921445771723,52.45991466273445],[4.779990520439979,52.45992040908763],[4.780074492619291,52.45991275025808],[4.780188966382551,52.45993400791617],[4.781078167054599,52.460112018111225],[4.781327714290067,52.46015463663776],[4.781502547759136,52.46017350516684],[4.781536362072854,52.46017547543125],[4.781667217886088,52.46018243515134],[4.781867124492045,52.46019693738518],[4.781991898672344,52.46021824588418],[4.782037347883736,52.46023016177475],[4.782122570304617,52.46023868558678],[4.782171048130474,52.46024432554993],[4.782361955600648,52.46027136368862],[4.782403101760537,52.460275168631206],[4.78264122498805,52.460292560780594],[4.782933551873214,52.46032730518775],[4.783211620569436,52.46032872205767],[4.783717011750715,52.4603843224899],[4.783346491853146,52.461227271836336],[4.782779843553737,52.46263903493263],[4.782531496256022,52.46347631285007],[4.781620897139811,52.46335123157101],[4.781409377768484,52.46332408699453],[4.781350732530014,52.463308508410314],[4.781201552407057,52.46324213648467],[4.781015465645103,52.46318456330121],[4.780791124124106,52.46312679417864],[4.780613595382404,52.4630890368769],[4.780384039469065,52.463089659788714],[4.780344127966421,52.4631029369407],[4.780283987383244,52.46308914769477],[4.780187001332852,52.463079663599665],[4.779762730357062,52.463008286152984],[4.779690708195252,52.463002524586045],[4.779469065096274,52.462962742003775],[4.779382440690479,52.46294881655036],[4.779107508402273,52.462932127897936],[4.778944757151352,52.46288995006743],[4.778731448890619,52.46288615931743],[4.778645183416521,52.46284617108239],[4.778506827453803,52.46284905592989],[4.778332182629302,52.46281580381085],[4.778248365471765,52.462811778318496],[4.777941485759753,52.46276436498066],[4.77778617961907,52.462715932476975],[4.777724420435694,52.4627129187463],[4.777608395030754,52.46269704333454],[4.777498490421252,52.46266412281292],[4.77744846488112,52.46266386555952],[4.777300565888052,52.46261187546095],[4.777162743507585,52.46257611473114],[4.776772260958347,52.46250939418584],[4.77637883692863,52.46244265719541],[4.775897283354623,52.46236467941018],[4.775404122456632,52.462274955864785],[4.77530422146565,52.46226365519804],[4.775258597939606,52.462264318498285],[4.775239197187275,52.46228399112709],[4.775140041953451,52.46253782891282],[4.77508183912517,52.46259684672686],[4.775019445996938,52.46263966516472],[4.774533267091507,52.46257693691057],[4.774398384032179,52.46286024859706],[4.77432322090946,52.46286884772051],[4.773966406572047,52.462814874622524],[4.773572784632028,52.462762507484186],[4.773540415112057,52.4627623399564],[4.773522459784114,52.4627838173104],[4.773248599900628,52.463432204369475],[4.773250906478888,52.46347805316334],[4.773270557637802,52.463546460809084],[4.773347592009892,52.46372121943036],[4.773388516114514,52.463741204051665],[4.77343980223031,52.46375674848826],[4.773790027631825,52.46386191846257],[4.773889720007424,52.46388849825869],[4.774008714862814,52.46390259513327],[4.774036496671854,52.46391532146835],[4.77405369231191,52.46394866457146],[4.77405757079126,52.46398733137711],[4.774026623265668,52.46409682025407],[4.773936847156797,52.46441631506905],[4.773906984150004,52.464553671122964],[4.773945153370201,52.464560159872896],[4.773854488164424,52.46462530050304],[4.77351237426148,52.46457140214982],[4.773083486022023,52.464514357120144],[4.772814494453235,52.46449319086491],[4.772652702971275,52.46448785860831],[4.772547896460898,52.464511581917634],[4.772233735681008,52.46466993251043],[4.772102833905737,52.46455960459951],[4.771748117920897,52.46477706178802],[4.771446163629852,52.46458675413874],[4.771409466158587,52.464580272226385],[4.770851736052149,52.46447671306004],[4.770880519075885,52.46441754439941],[4.770563612072144,52.464350287108296],[4.770602532282638,52.46430285513495],[4.77065762518219,52.46425640600647],[4.77074371734024,52.46420292792987],[4.770765913420048,52.464194055709115],[4.770798346592497,52.46418973051256],[4.770871271101189,52.46413079131819],[4.770880775487085,52.463871098549724],[4.770778474281696,52.46371508094097],[4.770764800056925,52.463640412611404],[4.770757994272275,52.46360083170353],[4.77076743010951,52.46345168627795],[4.771419019279787,52.463471249782756],[4.771445030474205,52.46318827486001],[4.771777456807717,52.46319719086514],[4.771774497187064,52.4629868652067],[4.77142143602427,52.46298053830846],[4.771345801742971,52.462917232138814],[4.771361954055069,52.462813958401746],[4.771327042218793,52.462785016679575],[4.771254971485817,52.462782844777436],[4.771307179501236,52.46252067745635],[4.771621469544425,52.462563652667235],[4.771789555311102,52.46211604293347],[4.771340182250801,52.46205259380897],[4.770931944720102,52.46199385060321],[4.770864426979785,52.461981815738866],[4.770729241319134,52.46196853026047],[4.770567759995616,52.46194162643905],[4.770753847754172,52.46146984512392],[4.771308872406017,52.46155361813321],[4.77140297312556,52.46155860071753],[4.771470753057368,52.46155176263195],[4.771503759606198,52.46150609716024],[4.771514396421924,52.461481885814116],[4.771519410701789,52.46143877126251],[4.771545160696062,52.461385877998325],[4.77169805882355,52.46118355155158],[4.77170927063936,52.46111800010455],[4.77176823867639,52.46100416338698],[4.771813377311643,52.46093249669131],[4.771852655689487,52.460859002038404],[4.772075927572071,52.46088622472064],[4.7721603339543,52.46063590789914],[4.772186220146437,52.460573128811085],[4.77224964999034,52.460455719942374],[4.772256334578436,52.46039823381746],[4.772272196498387,52.46031562994166],[4.772277797033136,52.460230276555045],[4.772313656829636,52.46019091698705],[4.772336450142642,52.46013890697139],[4.772431756958186,52.46016276901772],[4.772435398846419,52.460112457202904],[4.772410365053459,52.46000807094702],[4.772510364605536,52.459800076537],[4.772592654331848,52.459807693244095],[4.772667479259774,52.459611252105795],[4.772842319313667,52.45962923470367],[4.772907518079606,52.45938421035098],[4.773324885811615,52.459419626311416],[4.773349448278797,52.45924000097344],[4.773367975846372,52.459177183517795]]]]}},{"type":"Feature","properties":{"gezicht_uri":"https://linkeddata.cultureelerfgoed.nl/cho-kennis/id/gezicht/10134325","gezichtsnummer":"1452","naam":"Weesp"},"geometry":{"type":"MultiPolygon","coordinates":[[[[5.041088046431864,52.3099727806035],[5.04027056652774,52.30987691358755],[5.040327696656338,52.3096964274038],[5.040501821605162,52.30936798628209],[5.039266999767246,52.30920168283303],[5.039042599592679,52.309208212847],[5.038712252260943,52.30926206545546],[5.038348242641507,52.30930772890974],[5.038010795225672,52.3093318990544],[5.037744161124757,52.30930145216934],[5.036946201859758,52.309149895735594],[5.036814468881629,52.30911984607125],[5.036714994587396,52.30908989183469],[5.03662727914133,52.309056377260795],[5.036495731041547,52.30900295963897],[5.036221338409264,52.308841265164666],[5.036401577420181,52.30829893964615],[5.036224119044844,52.30811775949642],[5.036182115546452,52.30805202428764],[5.036182740156758,52.30797293392901],[5.036250907506587,52.30769631342427],[5.036238910590623,52.30754438482423],[5.03674132294404,52.30742453962821],[5.036815144757402,52.307546092953736],[5.037626983039605,52.308352898420885],[5.038348684926545,52.3083172802669],[5.038364321961473,52.3080063502207],[5.038331691404006,52.30786694386308],[5.03833951647402,52.307804052683785],[5.038406380210865,52.30750495773314],[5.038421966515485,52.30738726414346],[5.038456917024935,52.30723098030379],[5.038603349959009,52.30688178834304],[5.038771076286521,52.30662163765338],[5.038992726396709,52.30640298911757],[5.039264471357422,52.30615303037521],[5.040204852783578,52.30552215587832],[5.040895508343168,52.30513680755352],[5.041385412650229,52.30492343338699],[5.041626519481872,52.30483965308383],[5.04161208151663,52.3048108500906],[5.041312123621006,52.30454393585919],[5.041299480800304,52.304472895624414],[5.041333796507509,52.304396600040256],[5.04198579509483,52.303699257149],[5.042241525910502,52.3034303704781],[5.042386375851486,52.30327979847998],[5.042615154764444,52.30308273448077],[5.042822758853263,52.302969194535706],[5.042910982069045,52.30293619664189],[5.044350775928636,52.30254851221604],[5.044665707083818,52.30315609816334],[5.044754073025506,52.30329476545278],[5.045556234843222,52.30346156084832],[5.046153732458043,52.30355136498496],[5.047653873311308,52.303707573519596],[5.048236203285406,52.303864731727906],[5.047978649147753,52.30418485623823],[5.048741345792557,52.30472450847946],[5.049631753095396,52.305439781341995],[5.049597450822164,52.30551607933026],[5.049478210385322,52.30577188985052],[5.049402601553365,52.30588132452108],[5.049201757543041,52.306070392359096],[5.049013916195085,52.30628466272202],[5.048958962202386,52.306377079424294],[5.04893714946938,52.30654598673243],[5.048964145809873,52.30665930955396],[5.049393831600587,52.30703532640064],[5.049467871784297,52.30713260547255],[5.049495252220791,52.30719559786847],[5.049496839507807,52.30737266101833],[5.049475704376035,52.30745259163141],[5.04938555998206,52.307544908045706],[5.049254264565434,52.307649689688475],[5.049068710324748,52.30775521488794],[5.047655974868086,52.30823111421028],[5.047442788817637,52.3083059992115],[5.047298578766957,52.30837299305655],[5.047190860165062,52.30846166220093],[5.04714919245804,52.308541533376946],[5.04706498998653,52.30881451878345],[5.047089993943731,52.308996143125285],[5.047110102562735,52.30905102617889],[5.047172768238644,52.309101537680746],[5.047196132743419,52.309114187675426],[5.046985399590893,52.30925109433805],[5.045495811098552,52.31036847173949],[5.045358404667741,52.310502890936604],[5.044514888581576,52.310167904087756],[5.044399339479917,52.310129820803404],[5.044261767891459,52.310095268667276],[5.044165024806861,52.31009049431994],[5.043830110209347,52.30997627714963],[5.043397841831289,52.310315657257036],[5.043184473168419,52.310222463233316],[5.042676794213162,52.31026322827944],[5.042233810304243,52.309714583713195],[5.042200587316933,52.309649775061615],[5.041249886450475,52.309526562985916],[5.041088046431864,52.3099727806035]]]]}},{"type":"Feature","properties":{"gezicht_uri":"https://linkeddata.cultureelerfgoed.nl/cho-kennis/id/gezicht/10134326","gezichtsnummer":"1453","naam":"Velsen"},"geometry":{"type":"MultiPolygon","coordinates":[[[[4.644922987164461,52.46226145833378],[4.645223860629279,52.46213212088127],[4.645309873678523,52.46209221438229],[4.645425598642158,52.46203541704305],[4.645554866221919,52.461960728858784],[4.64561726279162,52.461925168265246],[4.645778285206587,52.46179944842937],[4.645809573675614,52.461776276007306],[4.64591120189371,52.461682540372145],[4.645966512485551,52.461630757385514],[4.646126934811734,52.46145290452038],[4.646187230736786,52.46136699923693],[4.646407110852531,52.46097740727864],[4.646485391624797,52.46087184121838],[4.646542352339631,52.46080928299986],[4.646961787822272,52.46045239355035],[4.647097263887606,52.46035796945658],[4.647303734083626,52.460241518981604],[4.647438848083457,52.460168662782834],[4.647704435740276,52.46003640257101],[4.648292052730156,52.45973987634915],[4.648153172409564,52.46030254110064],[4.648092670665498,52.460665268030304],[4.648182085719084,52.460949837521575],[4.648203643787152,52.461244769243606],[4.648194335683857,52.461361551629246],[4.648074516899492,52.46157561129107],[4.647935120368096,52.4617284322377],[4.647835282236085,52.46189138621751],[4.647622195592027,52.46231517643517],[4.647578715228529,52.462451518569836],[4.64655438936961,52.462463099470284],[4.645927374451531,52.46247356120298],[4.644922987164461,52.46226145833378]]]]}},{"type":"Feature","properties":{"gezicht_uri":"https://linkeddata.cultureelerfgoed.nl/cho-kennis/id/gezicht/10134327","gezichtsnummer":"1454","naam":"Spaarndam"},"geometry":{"type":"MultiPolygon","coordinates":[[[[4.677901093736945,52.41526691562435],[4.676192214144076,52.41468055495502],[4.676028774141315,52.41460677286552],[4.675896371887345,52.41452239155761],[4.675630561149949,52.414324861518466],[4.67521328336377,52.41385768574363],[4.675110455947638,52.41367102045351],[4.676219774750624,52.41323818019177],[4.676571258097443,52.413134233155674],[4.676811578065353,52.413088039182064],[4.681528320318134,52.41197298251732],[4.681557183300069,52.41200640926033],[4.681953037760484,52.41179126203412],[4.682006101673809,52.41178169135426],[4.682128348762497,52.41185791641665],[4.682187133905188,52.41185826627339],[4.682293773283858,52.41189934590341],[4.682449196637691,52.411922740085764],[4.682522749655831,52.4119186837347],[4.682587656408619,52.41190379056672],[4.682642147071523,52.41189692442447],[4.682712775061676,52.41189195178059],[4.682865659433791,52.411890164512215],[4.683086887904826,52.41193462099101],[4.683752202359822,52.41215068524134],[4.683834873122789,52.412127807864],[4.683943512501156,52.41232079145273],[4.683673254528901,52.41240187443483],[4.683441235014064,52.412481386409546],[4.683245756035144,52.41257369796869],[4.682647511475602,52.41294583102684],[4.682301218456884,52.41318644125745],[4.682857460726646,52.413515107460434],[4.681884409241566,52.41397848066536],[4.68158664252829,52.414032431784825],[4.681190533953024,52.4140777071339],[4.680710013110585,52.414070348648636],[4.679937259727967,52.41395428929639],[4.679567010817176,52.41394488810334],[4.679347379710618,52.413984021055064],[4.679164131593073,52.41404584051637],[4.679073675348095,52.41409563147328],[4.677901093736945,52.41526691562435]]]]}},{"type":"Feature","properties":{"gezicht_uri":"https://linkeddata.cultureelerfgoed.nl/cho-kennis/id/gezicht/10134328","gezichtsnummer":"1455","naam":"Ransdorp"},"geometry":{"type":"MultiPolygon","coordinates":[[[[4.996579014224684,52.39159882810479],[4.996526616534425,52.391710101777846],[4.996484470086174,52.39182500428756],[4.996248887579752,52.39238505437445],[4.996151338545014,52.39261841043892],[4.995947946453878,52.39302577663449],[4.995829549686348,52.393290520206634],[4.995753277803688,52.39344305766085],[4.99565392134789,52.3937141552897],[4.99637171978779,52.39378303409331],[4.996689839793195,52.393860477984795],[4.997195325376226,52.39401583153188],[4.997482320827999,52.39412462745496],[4.998130197418231,52.39429392678309],[4.998408957675252,52.39433708381924],[4.998504355293372,52.394348182023144],[4.998735795419202,52.39526477891741],[4.999035705916612,52.39624900661451],[4.999097049274136,52.396290550607354],[4.99912478839957,52.39647848251527],[4.999306953343258,52.3971522510028],[4.998258123236976,52.39712814058165],[4.997148093933578,52.39704629868134],[4.996169326769464,52.396908257779856],[4.99521087319694,52.39663366431104],[4.994383259937933,52.39635140813124],[4.993848461919991,52.396186058990565],[4.993919179399877,52.39599845269513],[4.994327397337954,52.39552616007138],[4.993742850037894,52.3953390751235],[4.99332241180088,52.39520196493114],[4.992793012396068,52.39509235210398],[4.992443854548632,52.395035465853255],[4.991886273377119,52.3949563129324],[4.991355130470756,52.394878144492324],[4.991035379257566,52.393668241085855],[4.990856758436791,52.39294234273096],[4.990845471960467,52.392890176773],[4.990868134572152,52.39282014916873],[4.990897821040839,52.39278609553777],[4.991835747266224,52.3917259943093],[4.99215524691201,52.39131632599508],[4.992453337854548,52.39083558323532],[4.992650132231585,52.39051178572698],[4.992790223350434,52.390286662938976],[4.99322298012067,52.390354611548204],[4.993416701584438,52.39037592726541],[4.994110667847363,52.390475298641114],[4.994883859050145,52.39058661227526],[4.995464608601629,52.39069818332828],[4.996296281580743,52.39084203654675],[4.99689783346549,52.39092760509804],[4.996579014224684,52.39159882810479]]]]}},{"type":"Feature","properties":{"gezicht_uri":"https://linkeddata.cultureelerfgoed.nl/cho-kennis/id/gezicht/10134329","gezichtsnummer":"1456","naam":"Ouderkerk aan de Amstel"},"geometry":{"type":"MultiPolygon","coordinates":[[[[4.908359938261803,52.29447514251149],[4.908341209040355,52.294989170988075],[4.9080642966568,52.294976365198835],[4.90791181359183,52.29497934244228],[4.907694563415727,52.29500722284219],[4.907496155187662,52.29505495251731],[4.907296047883755,52.2951242457756],[4.906838469702706,52.295416290308104],[4.906551913421154,52.29561735233984],[4.906244891149862,52.29581293774326],[4.905900830868542,52.29604432296611],[4.905426856407319,52.29635966368148],[4.905158511436894,52.2965023755855],[4.90500122569135,52.296542179643076],[4.904491205467585,52.29666592871907],[4.904386845935408,52.29669156743815],[4.904206036594484,52.29673756588737],[4.90424469724854,52.296822209437174],[4.903953614635564,52.29689831576637],[4.903694829169924,52.29697005950991],[4.903884572468736,52.29718115046838],[4.903315140282531,52.29764439186319],[4.902982180647301,52.29793063980849],[4.902186752068078,52.297607413407725],[4.902121012286653,52.297586471760496],[4.901943183486587,52.29749316751775],[4.901879473095672,52.29755492215866],[4.90175352749516,52.297677538608454],[4.90171625186398,52.297734907747845],[4.901615549646061,52.297827967812744],[4.901343701696456,52.29802098857727],[4.90090544581645,52.298282530917604],[4.900610186279057,52.29833704105611],[4.900517469244082,52.29836991453896],[4.900372706605929,52.29846998248987],[4.900171785116073,52.298611163054595],[4.899978418580304,52.29873170238024],[4.899813918749161,52.29875978564912],[4.899425360951753,52.29863235402278],[4.89916851174431,52.29852613671202],[4.898889546584018,52.29843151171208],[4.898593653428032,52.29827659760393],[4.898101458583996,52.2981091868889],[4.898387324646818,52.29784253120972],[4.898072153040188,52.2977082081072],[4.898414909723603,52.29746695357734],[4.898582432316868,52.29729687689554],[4.898676600369947,52.29713188968617],[4.89873097184995,52.29698651127718],[4.898844698516985,52.29677576672861],[4.898885165449635,52.29669504326958],[4.899506022128455,52.29675872251794],[4.899561366411235,52.29652436812569],[4.899713552357908,52.29641534390405],[4.899430645447477,52.29628025857897],[4.899254115816081,52.29620313370799],[4.899043971002943,52.29611688197847],[4.898886320973552,52.296056012595095],[4.899365828051652,52.29537401685229],[4.899138056351536,52.295024348773524],[4.899283881784613,52.294960238047885],[4.899529864707542,52.294852499781584],[4.899752181806024,52.29503137563041],[4.900255881260652,52.2948150461764],[4.900814324644697,52.295087878345356],[4.90113421236963,52.29478989844966],[4.90062742745071,52.2943510052423],[4.900912940629814,52.294247021882846],[4.901351895322915,52.29458856652727],[4.901900472085933,52.294422746363736],[4.902762001448521,52.29418989847353],[4.90305302009772,52.29465666043645],[4.903424845291412,52.29456830368388],[4.90379203709707,52.29450149764229],[4.903996222068487,52.294461886834924],[4.904426538742368,52.29438634889724],[4.904836108650468,52.294331396806875],[4.905398031755451,52.29428515316429],[4.906078546204808,52.29425197236571],[4.906289619458285,52.29425283090713],[4.906552043833217,52.29424940387413],[4.907035403950727,52.29428372367212],[4.907312001284928,52.2943252916924],[4.907688011172936,52.29439152936542],[4.907977753490227,52.29443764304193],[4.908122692667319,52.29445440840187],[4.908359938261803,52.29447514251149]]]]}},{"type":"Feature","properties":{"gezicht_uri":"https://linkeddata.cultureelerfgoed.nl/cho-kennis/id/gezicht/10134330","gezichtsnummer":"1458","naam":"Naarden"},"geometry":{"type":"MultiPolygon","coordinates":[[[[5.150185268527943,52.30495236022736],[5.151083409327994,52.304519150445515],[5.151237808949143,52.30443407514824],[5.151376127982982,52.304339979882215],[5.151454386780029,52.30423587831262],[5.150979736466296,52.30361118400266],[5.151026293962095,52.30340276186684],[5.151042975020226,52.30329853762061],[5.151104952798927,52.30322316446744],[5.151302027227119,52.30310761597255],[5.151553170338999,52.30302542940885],[5.151801042480662,52.30300704861299],[5.153019623787572,52.30296273062876],[5.153296769803509,52.30295339235425],[5.153436149060207,52.30293479360168],[5.154131647189192,52.30254879496871],[5.154255048491993,52.30250140307317],[5.154982241969661,52.30221971937517],[5.155136677733571,52.3021247525491],[5.155849995951657,52.30140803060854],[5.156656047186817,52.300615089390845],[5.156686735949415,52.300634023402736],[5.1581430695389,52.2993884571037],[5.157636273859191,52.29901897814347],[5.156872649291453,52.29898873327642],[5.156741219228874,52.298890511132804],[5.156550332993014,52.29866724355886],[5.154928800739939,52.29925905866232],[5.15477409699597,52.29912663528217],[5.15406679167025,52.29870012420488],[5.154391861613586,52.29849224906458],[5.15453172016468,52.298379278837615],[5.154441049103477,52.29805733986032],[5.154242046224714,52.297707325571224],[5.154268570467363,52.29712137789953],[5.1542392740378,52.296837307971124],[5.154162523048862,52.296657402220596],[5.154086988885993,52.29652513378037],[5.153502520631477,52.29616447146325],[5.153148671255075,52.29599390382908],[5.152870855693338,52.29586033545309],[5.152693949675971,52.29577190514681],[5.152440786138669,52.29568961468672],[5.152024931744306,52.29560340528844],[5.151762789686605,52.29555614767841],[5.151531383617467,52.29551793845079],[5.151084248573771,52.29552603461189],[5.150807100648866,52.29554435537841],[5.149888714007211,52.29568452287003],[5.149827499886592,52.2953437649803],[5.149860856639677,52.295136215262765],[5.149907410439971,52.29492779322634],[5.150047873006056,52.29470158398655],[5.15021916915785,52.294465549834044],[5.150497621235665,52.29420096912559],[5.150776017442497,52.293946274149825],[5.150930781948409,52.29378570288166],[5.150979191304217,52.29350268587502],[5.151011228227608,52.29326637237706],[5.152753701881609,52.293335448935096],[5.154049110135132,52.29340451832466],[5.154403784432938,52.293414204535445],[5.154297838513071,52.29293225336614],[5.154237612895927,52.2926768830673],[5.154215299950479,52.2924593358938],[5.154247074132713,52.29226975721359],[5.154418141044385,52.292071464957914],[5.154695956462538,52.291921017313655],[5.15503650113772,52.29182731488904],[5.15577724165601,52.291724508543545],[5.156116368180965,52.29162091372384],[5.156519106767166,52.291404196492685],[5.157014670015097,52.29109328728877],[5.157307959117356,52.290781983080464],[5.15785934857628,52.29015930422649],[5.158154044988087,52.2898569883487],[5.158386499892491,52.28968667113731],[5.159637470228892,52.28925497635716],[5.159852779010763,52.28928325234717],[5.15994178171515,52.28993593331292],[5.160959896847654,52.29004214261003],[5.161022323710887,52.289871494934964],[5.161068285061045,52.28976822379649],[5.161477730156309,52.289377140311586],[5.161642485469534,52.28925881639813],[5.161442270087779,52.28914429016476],[5.161319780665749,52.28902092428864],[5.160873910781824,52.28879358099079],[5.160692963250972,52.288637746723474],[5.160566345993097,52.288462243242115],[5.160553691106436,52.28835706241262],[5.160590904030051,52.28824478692605],[5.160918509437117,52.28751740687021],[5.161164537947983,52.28755562576852],[5.161736267093067,52.287527956085476],[5.162198553094832,52.28740570421267],[5.162798965881902,52.287502114804674],[5.163277885773786,52.287568632872386],[5.163694021061787,52.287588294124404],[5.165805807242755,52.287621026112525],[5.165821177455767,52.28777204894372],[5.165942312533096,52.288169533752594],[5.16598713442566,52.28829274963119],[5.16611124337018,52.288387352930044],[5.166510984792562,52.288463596375614],[5.167581263483717,52.28868758539527],[5.167541132122666,52.28880075640509],[5.167127250338194,52.2901005129495],[5.168804395178361,52.29091701121354],[5.167876128943037,52.291605551971486],[5.168345373196557,52.291861672646306],[5.170467362568592,52.293151723720435],[5.170651683754408,52.29322755819083],[5.170897752262566,52.29326575681147],[5.17116012821625,52.293266236229],[5.175217492063972,52.29295271380677],[5.174147134250972,52.29424592295713],[5.173859165442497,52.29469029658118],[5.173440142831698,52.29525666585212],[5.172991144341472,52.2956531112929],[5.171400999091081,52.29618858637822],[5.171523488293,52.296321828075726],[5.171707641525355,52.29643540897575],[5.171892113321474,52.29648337977025],[5.172062065685633,52.29650256315412],[5.173712438433566,52.296552288813515],[5.174189958975253,52.296628646384185],[5.174188508335849,52.29693153008034],[5.174358325772021,52.296979470631804],[5.172976845696739,52.29862173062828],[5.172426750979638,52.299302002604556],[5.172232006912871,52.299556900195135],[5.172051037299226,52.299691387059404],[5.171953741916322,52.29980265782362],[5.171706216524498,52.30005745849855],[5.170721359741809,52.30089691116539],[5.169916340345485,52.301529069664596],[5.169525044159978,52.30179888072946],[5.168523796165547,52.30237764099749],[5.168261761646872,52.302594659157094],[5.167766383705062,52.302857980338196],[5.167256383226137,52.303112284542934],[5.166938950657762,52.30326358644659],[5.165966776563004,52.30328963464862],[5.165826600473583,52.30346912677393],[5.165439831101808,52.30370477942651],[5.164159803832392,52.303721247694334],[5.163732464988266,52.30298344870122],[5.163592900044484,52.303039807642854],[5.163914297056616,52.30356080332832],[5.164113591683579,52.30387305295489],[5.162066065616077,52.30460616742702],[5.160706761756575,52.30492533344299],[5.159177554907604,52.30520640814365],[5.157032338388046,52.30552311602584],[5.156042747465021,52.30578632445552],[5.15516444254409,52.30579449182712],[5.152255854686111,52.305722243159664],[5.150597787087592,52.305681190833006],[5.150691716002778,52.30538837909641],[5.150185268527943,52.30495236022736]]]]}},{"type":"Feature","properties":{"gezicht_uri":"https://linkeddata.cultureelerfgoed.nl/cho-kennis/id/gezicht/10134331","gezichtsnummer":"1459","naam":"Muiden"},"geometry":{"type":"MultiPolygon","coordinates":[[[[5.071015762464404,52.33809460833276],[5.066161846507264,52.3370982893876],[5.066420311258414,52.3362541474038],[5.06655522698196,52.33585725708437],[5.066711221870944,52.33579206945126],[5.067071374466435,52.33569687583967],[5.067240630892271,52.335623634456056],[5.067301574871771,52.33551414936776],[5.067385813965596,52.33522587214432],[5.06742337955912,52.33510284227554],[5.067701746256765,52.334750377765836],[5.067865969505817,52.33456028189923],[5.067973917002931,52.334442834335114],[5.068084280306502,52.33419327410362],[5.068137314914963,52.333958838303026],[5.068418217494823,52.33284242487443],[5.068527532805846,52.33253354255046],[5.067591539777725,52.33253101860018],[5.067316629641758,52.33240534690965],[5.06721746725906,52.332118371332115],[5.06698293306552,52.33168363121968],[5.066814395896301,52.33145578633605],[5.066503876457163,52.331183516823685],[5.066469569808641,52.33105849484345],[5.066098433332401,52.33085167015039],[5.066136226132309,52.330697184252614],[5.066231789784645,52.33066868282861],[5.066173505529989,52.33061369977446],[5.066100453883422,52.33057215817468],[5.065982900036963,52.330395680248635],[5.065727367841337,52.33002738945205],[5.065584507263403,52.329902072257624],[5.065034836747783,52.329636338774286],[5.064448498593487,52.32937050271554],[5.06443116271668,52.32933360585476],[5.064206105796873,52.329215252921536],[5.064127135380786,52.32897955953937],[5.064139407003695,52.32890589387098],[5.064321599543701,52.32866462185885],[5.064345554043829,52.32859817820261],[5.064358302017175,52.32845890356582],[5.064287545731014,52.32830412200447],[5.064168440118565,52.32814111949468],[5.064098825075218,52.328031279449455],[5.064099413398064,52.327950391709074],[5.064171985325564,52.32785532014829],[5.064400154488828,52.32774629273659],[5.064713409928096,52.327636598008795],[5.065398533747962,52.32742545439994],[5.065446112632863,52.32733750425376],[5.065303424297425,52.32718971783878],[5.064611743883839,52.32668811789057],[5.065524752546762,52.326403895322926],[5.065655970803669,52.32651480073266],[5.065764304928905,52.32654475447421],[5.06585981436954,52.32652254459174],[5.066233199294867,52.32641300909678],[5.066509872914598,52.32628883005256],[5.066809373108472,52.326253690465805],[5.066929500628113,52.32627558613366],[5.067037414018495,52.326363957666686],[5.067043848063283,52.3264889041981],[5.06705855231772,52.32668757229194],[5.066997088702642,52.32687075520725],[5.066996343725099,52.32697411180989],[5.067055955108939,52.32704797227722],[5.067127360128717,52.32711377567646],[5.067355466466289,52.32701193256368],[5.067379531996604,52.32692931071145],[5.067441975821793,52.32681353804613],[5.067537905365167,52.32673290785624],[5.067621996079207,52.326666625947674],[5.067800761506459,52.3264900507555],[5.067882027444964,52.3264084819354],[5.068069043211105,52.32630832410133],[5.068380915789058,52.3261842356061],[5.068608363502821,52.32617316413655],[5.068908883823723,52.32620003715886],[5.069077097002826,52.32626699849916],[5.069123515514796,52.326339923693396],[5.069634649596826,52.327069300556104],[5.069753566906867,52.3272610577121],[5.07035407069374,52.327803726766994],[5.070609871926408,52.32813785513159],[5.070801149823099,52.32826329574014],[5.070897077887129,52.32838848122769],[5.071206399954257,52.32862388657033],[5.07152484635558,52.32881437692147],[5.071893254979264,52.328993315516875],[5.072013806924941,52.32895678706892],[5.072169457234932,52.328935631024535],[5.072925369804928,52.32908414032576],[5.073176169199472,52.32909199623242],[5.073477207151028,52.329048754906566],[5.073666820779144,52.32920384583256],[5.073535328067724,52.32933561657788],[5.073305077418319,52.32953363425004],[5.07325427892174,52.3298714369749],[5.073108073967369,52.330216176648165],[5.072963373575485,52.3303479116867],[5.073109323898869,52.330454353952184],[5.072987219129225,52.33050256339567],[5.072853572993694,52.330730496002],[5.072887884652792,52.33085731365821],[5.073929697783825,52.33373973302344],[5.074126782623275,52.33387866496044],[5.074626177836358,52.33442374016964],[5.074304440734826,52.33490103512085],[5.072766722228724,52.33512434847227],[5.072286554587836,52.33538730992596],[5.072309347468416,52.33548353883979],[5.072502071641738,52.33561706921621],[5.07272415331407,52.33574887974121],[5.072924298488638,52.335870745141264],[5.07297936477067,52.335967958372954],[5.072924385606402,52.33606577819605],[5.07274901354614,52.33617496219319],[5.072676650012207,52.33624127880586],[5.072676236297263,52.33629969767374],[5.072962452777747,52.33649189563963],[5.073224993029982,52.33671279069366],[5.0733677383001,52.336860567320464],[5.073378853666976,52.3369486761139],[5.073257868165368,52.33704362474108],[5.073057829917664,52.33711319793657],[5.072463151317823,52.33717543067471],[5.072261994540973,52.337195567280226],[5.072129580556506,52.33724644468484],[5.071945251734953,52.33737627531155],[5.071015762464404,52.33809460833276]]]]}},{"type":"Feature","properties":{"gezicht_uri":"https://linkeddata.cultureelerfgoed.nl/cho-kennis/id/gezicht/10134332","gezichtsnummer":"1460","naam":"Monnickendam"},"geometry":{"type":"MultiPolygon","coordinates":[[[[5.034421222715221,52.455936256727796],[5.034638954502813,52.45593690428867],[5.034737422060975,52.45594977948462],[5.034934235730508,52.4559908079865],[5.036659783692657,52.456383281883625],[5.036994607250965,52.456460664762155],[5.037454340316685,52.45655639012411],[5.038127297947584,52.456665324034724],[5.038512302404185,52.45672307786969],[5.038997256814464,52.45679280770597],[5.039376343435834,52.45685503508934],[5.039724962458838,52.457424964382845],[5.039356078871242,52.45756139127509],[5.038936343978736,52.45780282114858],[5.03868100403644,52.45865318480992],[5.038727999157644,52.4586641078863],[5.038611689626618,52.459047531154596],[5.038569292022424,52.45901325412037],[5.038488039648406,52.45905525634198],[5.038176674109878,52.459172076233465],[5.037966159100566,52.459000694469104],[5.037218757342476,52.45918453172451],[5.037268247442664,52.45925208382215],[5.037384833671377,52.45939353111931],[5.037674465606001,52.45979342891075],[5.037829466724327,52.46010125718659],[5.037786706773088,52.460112814916904],[5.037828026206628,52.460283698604584],[5.037996693527099,52.46072458144113],[5.036935137688714,52.461929366641236],[5.036593712367182,52.46230852762245],[5.036211146557234,52.46267947712815],[5.035867373042568,52.462982235566855],[5.035420539282282,52.463291877312784],[5.03501447913411,52.463469522711726],[5.034796223479064,52.46352998913027],[5.034603081562519,52.463577947364634],[5.034515874052429,52.46362711911425],[5.034204738309184,52.46370977685928],[5.034098552251634,52.46374001813291],[5.034042516326959,52.46375512997063],[5.033835333046865,52.46390280600961],[5.033618409588663,52.463796107370186],[5.03340642606544,52.46362381456325],[5.033381958217761,52.46355543682348],[5.033380345709568,52.46265309030069],[5.033314001325528,52.46230148232533],[5.033247274768481,52.46162991921623],[5.033056460522764,52.45991723614459],[5.033108833199388,52.45980774535821],[5.03310060960331,52.45973222602258],[5.033039578054812,52.45963677654185],[5.032564513189621,52.4583303753421],[5.032572748101522,52.45822075275007],[5.031897753689675,52.458180984834385],[5.031599877210473,52.45771633809006],[5.031056187188494,52.456901339554264],[5.030890044407877,52.45634002163955],[5.031326097254839,52.456268532496395],[5.031848298155107,52.45627818727616],[5.03203532450816,52.45625538014563],[5.032234112822233,52.45623350667812],[5.032888132781423,52.456133005386555],[5.032986794492225,52.45612161641806],[5.033845453515696,52.45600284724754],[5.034185686452319,52.45595442947358],[5.034421222715221,52.455936256727796]]]]}},{"type":"Feature","properties":{"gezicht_uri":"https://linkeddata.cultureelerfgoed.nl/cho-kennis/id/gezicht/10134333","gezichtsnummer":"1461","naam":"Middenbeemster"},"geometry":{"type":"MultiPolygon","coordinates":[[[[4.912425322803767,52.54594946833301],[4.912647779339849,52.54637456108128],[4.91266973707755,52.54638902861396],[4.912834757669068,52.5466718911154],[4.913336356182015,52.54746208535665],[4.915207415147181,52.547027359597045],[4.915521836726997,52.54754088838849],[4.916039181930093,52.548380563890326],[4.91490704975009,52.54864478816839],[4.915712415866754,52.54998710436041],[4.914216390563508,52.55035952234207],[4.914387256012838,52.55064959552041],[4.913358710945898,52.55087197694157],[4.912638903133237,52.549667493383616],[4.912199881575385,52.548952142023886],[4.910407352033218,52.54934040159304],[4.91016825809337,52.54895478244915],[4.909464913010057,52.549100246160165],[4.909046629667817,52.549197423477814],[4.908826732983597,52.54881008141435],[4.908885897336836,52.548792345038045],[4.908814711955263,52.54869499480036],[4.909600959724143,52.54851751392968],[4.909533013504871,52.54839321507293],[4.910437442946208,52.54819283690005],[4.910585039437575,52.54817725218594],[4.911094914620468,52.548061563293054],[4.911480565988461,52.547981324024356],[4.911007120745652,52.54718045003569],[4.911112049592533,52.547156604925846],[4.910964398578769,52.54690436672854],[4.910812209321382,52.5469361107294],[4.910499777331491,52.54638033661198],[4.910839638670801,52.546307105478334],[4.910859665692418,52.54636380620314],[4.91149817736478,52.54621088465557],[4.912094311711833,52.54602273941094],[4.912425322803767,52.54594946833301]]]]}},{"type":"Feature","properties":{"gezicht_uri":"https://linkeddata.cultureelerfgoed.nl/cho-kennis/id/gezicht/10134334","gezichtsnummer":"1463","naam":"Medemblik - Haven"},"geometry":{"type":"MultiPolygon","coordinates":[[[[5.10450563634032,52.771873216454715],[5.103872847662698,52.77188339687844],[5.102285422823354,52.771949710030725],[5.102370636610956,52.77183398427071],[5.102417265856582,52.771727153046804],[5.102387928400888,52.77168125039398],[5.102370392510119,52.77164346403255],[5.10234758937636,52.77150411450531],[5.102334633130977,52.7714456694938],[5.102329500210583,52.77132343705948],[5.102285550069088,52.771246045732134],[5.102283456700654,52.77111213774335],[5.102317304480374,52.77091990159629],[5.102338055815139,52.77069078834081],[5.102380222277458,52.77035837827889],[5.102453468806038,52.770031434492516],[5.1024687643481,52.76995777943247],[5.102464972856803,52.7698571184343],[5.102409561468323,52.769719488310145],[5.102100889735833,52.769336812203186],[5.102252283688253,52.7692967337008],[5.103198009260526,52.76900602169283],[5.103294614355862,52.768960419240656],[5.103324387294036,52.768938921873755],[5.103363207249877,52.76889318173038],[5.103399244110451,52.76881957592116],[5.103425200036325,52.768701012185325],[5.104327229951482,52.76851982591974],[5.104413362733188,52.76848947523626],[5.104752324978318,52.76831234062622],[5.105278710379517,52.76802061766086],[5.106016482063995,52.76757302116562],[5.106306234599888,52.76767435634216],[5.106612108097669,52.76780358779015],[5.107005026377205,52.76799143718983],[5.107275425168814,52.76810800202361],[5.10776908358912,52.76829878145521],[5.107999676379388,52.76838469624564],[5.108150592710305,52.76841830074649],[5.108966495846463,52.76849659571369],[5.109222627646942,52.768527748372385],[5.109293803865751,52.768518927560066],[5.109334041924888,52.7684821755647],[5.109391272654466,52.76833582442487],[5.10951126881552,52.76833880007352],[5.109561621984684,52.76834251208278],[5.109637242769148,52.76833370141798],[5.109693801198396,52.768293392590344],[5.109737036117459,52.76825125536555],[5.109817221013434,52.768223582968815],[5.110014665566962,52.76816293216607],[5.110210531434879,52.76811755489701],[5.11058419322491,52.76807259004825],[5.110725061974596,52.768054943313956],[5.111068784439295,52.76805843612039],[5.111213735868158,52.768098313670215],[5.111274268103145,52.76813260358201],[5.111495592837453,52.768279600257365],[5.111815399356298,52.7685526390098],[5.112100849740758,52.768870531489476],[5.112152943857002,52.76906925953223],[5.112242401563945,52.769216849095876],[5.112313161404747,52.76927452768224],[5.112395774862516,52.769332233553776],[5.112614371148136,52.769443274685756],[5.113493128319774,52.76990092535656],[5.114159147038214,52.77026012649887],[5.114855324653292,52.77053671444812],[5.115398302530533,52.77066916068441],[5.115449578073588,52.77076363871993],[5.115360629569595,52.77100967350876],[5.11524508113005,52.77124396472863],[5.115218653958994,52.771443410789075],[5.115144386535254,52.771711047125734],[5.115168199284923,52.77193307473067],[5.115144796227368,52.77212264219297],[5.115134617457934,52.77233021336556],[5.115124349364828,52.77255216315418],[5.115067967016116,52.77280276532696],[5.114981981398851,52.77304790779827],[5.114899086813811,52.77327238768699],[5.114792627431175,52.77347344806264],[5.114681632218602,52.77368887679277],[5.114509880732766,52.77390416644331],[5.114297938851379,52.77414812148884],[5.11404171827606,52.7743632170409],[5.113699519483831,52.77458260818815],[5.113433245857676,52.77474555611233],[5.11324014893611,52.774817905302854],[5.11291524394001,52.77487736950869],[5.112572763927651,52.774903541310785],[5.112188949042284,52.774904453835106],[5.111516322612471,52.774880433297646],[5.111024580756868,52.77484155065893],[5.110501714969603,52.77480349242681],[5.11054313734727,52.774579818082614],[5.110673467756846,52.77412179535482],[5.110958552414221,52.77332622863367],[5.111026360524769,52.77314754903267],[5.110576219849123,52.7730943820349],[5.110502242985277,52.773076236803064],[5.110382545848393,52.77302383563509],[5.110234899135655,52.77293901703552],[5.109763802693919,52.772685393271416],[5.109701715315233,52.77266188314701],[5.109643936838259,52.772659951274704],[5.10922767320163,52.77264010909423],[5.108618131983188,52.772254950962164],[5.107616747698531,52.771741259054174],[5.107462822420265,52.77171303892802],[5.107273584849394,52.77210981009829],[5.106060099076394,52.771862513993334],[5.105451047997666,52.771868265394865],[5.10450563634032,52.771873216454715]]]]}},{"type":"Feature","properties":{"gezicht_uri":"https://linkeddata.cultureelerfgoed.nl/cho-kennis/id/gezicht/10134335","gezichtsnummer":"1464","naam":"Marken"},"geometry":{"type":"MultiPolygon","coordinates":[[[[5.08338216048141,52.44956487829417],[5.09373217638063,52.44886925139745],[5.093784344094622,52.448766024574766],[5.093970091964208,52.44870447050363],[5.094223299639349,52.44867364024193],[5.096098730818226,52.44867825916522],[5.096423103085542,52.448786005938956],[5.096822998645814,52.44904133129654],[5.096923880507268,52.4491350479813],[5.0989778179904,52.45019249065341],[5.099178803879241,52.45027566369281],[5.0999477240505,52.450339542342846],[5.101011714930407,52.45026931650768],[5.103106788726684,52.45021234078991],[5.103377777205355,52.45016176114855],[5.103673840718285,52.450100455885725],[5.10470352305238,52.45010291335538],[5.106123013913821,52.45010628648581],[5.10639269272975,52.45026150978925],[5.10703109932532,52.450727671703355],[5.107452167589331,52.45090392130643],[5.107721980767589,52.4510393694426],[5.107939992701448,52.45122502476768],[5.108174871221533,52.451535645081776],[5.108426392877441,52.45177350559901],[5.108911546829422,52.45205415512468],[5.10925039016569,52.452443208056614],[5.109631646760431,52.45287280281955],[5.110113948427927,52.4533772283345],[5.110349696833006,52.45355303433605],[5.111089508279237,52.45404996794757],[5.111596139143349,52.4541958444571],[5.112624384160878,52.454445384606515],[5.113265086117134,52.45456100694822],[5.114175846963293,52.454779704817994],[5.1144888158549,52.454842438341956],[5.115923501992093,52.45503176904011],[5.11656460577181,52.455084462261695],[5.117528833359679,52.45498330303529],[5.117646458754705,52.454994355385715],[5.118609182120075,52.45514033886176],[5.119764311942591,52.455339774495165],[5.121519813855352,52.45551897543961],[5.121807788725789,52.45558163360856],[5.122010253999198,52.45567465722823],[5.122210877685949,52.45582968977832],[5.122698676310516,52.45618218790187],[5.123254286108081,52.45651326504186],[5.123625266158541,52.45672080135478],[5.124550898037637,52.45717672085144],[5.125588117907676,52.45767422147953],[5.126363041073512,52.457995881245836],[5.127003228128999,52.45821388480937],[5.128352949190348,52.458619475569755],[5.12912851172529,52.45883776296652],[5.129398863767011,52.45890036425089],[5.130125190826445,52.45898462521863],[5.130267904282638,52.45898493446013],[5.130654465639156,52.459305724064585],[5.130973649659107,52.45957513844361],[5.131254214329797,52.459653934925996],[5.132673207884402,52.459797192537934],[5.132874822469152,52.45978953632712],[5.133307338206876,52.459798551651964],[5.133496945295436,52.459832210890184],[5.133618877913517,52.45986482641423],[5.133902602652295,52.459906774878384],[5.134334785972756,52.4599742040801],[5.135009552120819,52.460074502508185],[5.136306309654218,52.46024262143141],[5.136738225275234,52.46035857343837],[5.136899739976041,52.46041733271573],[5.137155236975691,52.46050864469899],[5.138876301583886,52.45979416435361],[5.139011893068427,52.45975310594889],[5.139201554680023,52.459777768734725],[5.139186378325738,52.45986042140774],[5.138970142199208,52.45985188036958],[5.137656095296476,52.46040185028992],[5.137290177558318,52.46058352479883],[5.137411557058537,52.46071499702087],[5.137491638468955,52.46086435704559],[5.137558437793405,52.46102087900346],[5.137583522828643,52.4612689849567],[5.137514628868211,52.46148363959741],[5.137297902577855,52.46182111063953],[5.137229564788549,52.46193690451429],[5.13680844918765,52.46224967765908],[5.136482245237578,52.46243053471394],[5.136090244076166,52.462537554657914],[5.135657047067832,52.46264358720681],[5.135440189577729,52.4627419888642],[5.135236241118687,52.462898835845955],[5.135181471620056,52.46295623904659],[5.135087491128067,52.46292278583787],[5.134965692432574,52.46286500733896],[5.134884857545941,52.4628486580404],[5.13458721371153,52.462921721456254],[5.13434433446282,52.462938280067746],[5.133992576192702,52.46295370706381],[5.132289254620353,52.46310733877822],[5.132106846398656,52.463098857941375],[5.130930483739858,52.462964206959654],[5.127296875061993,52.462576132281825],[5.122832543720528,52.462095324315946],[5.121043069105391,52.461893598664226],[5.120097575838298,52.46179261140504],[5.118962085122506,52.461723541835156],[5.117765867267743,52.46172083049098],[5.114001712059388,52.46177872695953],[5.112576006119736,52.46271641928786],[5.112587352344272,52.463022018444505],[5.112519911753356,52.46321958590335],[5.11202933107708,52.463788252272025],[5.111764764565158,52.46397727309514],[5.109202721881593,52.46518549842178],[5.109038924639915,52.465258811370546],[5.108835029327207,52.46539044831779],[5.108590983845834,52.46558849762169],[5.107115021644963,52.466988858581345],[5.106843691647959,52.46730996762465],[5.10667930139983,52.46747494769246],[5.106517014363066,52.46754017202499],[5.106287400417803,52.46754771715025],[5.106138824717084,52.46753927650393],[5.102716191126633,52.466813021250715],[5.093171679162383,52.46703689986699],[5.091998003097182,52.45966428058616],[5.08338216048141,52.44956487829417]]]]}},{"type":"Feature","properties":{"gezicht_uri":"https://linkeddata.cultureelerfgoed.nl/cho-kennis/id/gezicht/10134336","gezichtsnummer":"1465","naam":"Kolhorn"},"geometry":{"type":"MultiPolygon","coordinates":[[[[4.891390679558997,52.791161240162644],[4.891907268365184,52.79149320425706],[4.892101868273048,52.79158927300806],[4.892188223089703,52.79168758805169],[4.892414463063528,52.79187006120772],[4.892699390139843,52.79184428298563],[4.892958175225971,52.7920331808692],[4.893034764130838,52.79207753383044],[4.893059894268972,52.79208392877889],[4.893133214475335,52.79215522860599],[4.893424454582778,52.79235863887644],[4.89383345207245,52.79263712647039],[4.894049660549626,52.79278989840505],[4.894264226294265,52.792957042062426],[4.894379873718497,52.7930878291442],[4.894442143301631,52.79321929416781],[4.894431843447141,52.793344168432874],[4.89441018927908,52.793424061645545],[4.89429936069461,52.79365546348216],[4.8941564278791,52.79397300592024],[4.894214988865525,52.794038851897085],[4.893945991641903,52.794623679927014],[4.892840899556684,52.794806028350756],[4.892623884962012,52.794855454439485],[4.892095095704064,52.794811920167454],[4.891927673718494,52.79480223792237],[4.891780803660851,52.79481061449228],[4.891397746599656,52.79485934822129],[4.891139280823202,52.79490320712179],[4.890795679829852,52.795002429288395],[4.890539576483016,52.79509931897184],[4.890147546661079,52.79541581856749],[4.890040804518309,52.795415373477574],[4.889643478772736,52.795544923461875],[4.887964236455154,52.79614720969074],[4.886770197420939,52.79658255775367],[4.886627398415191,52.79662329762871],[4.886454947716945,52.7966639127931],[4.885668746714742,52.79579248105448],[4.88583529540003,52.79574914615896],[4.88602302086452,52.79566905408693],[4.8861558815719,52.795589629828676],[4.886245203657308,52.79555765263753],[4.886591825420113,52.79545486151758],[4.886700594352223,52.79540768804619],[4.886818494323435,52.795339883109335],[4.886829077317786,52.79532195388311],[4.886956913226522,52.795292833849174],[4.887095331832537,52.795245784427266],[4.887311313032159,52.79515772071594],[4.887863633104445,52.79495783187932],[4.88829056801262,52.79483200645425],[4.888628151238984,52.794740854466795],[4.889026607692466,52.794641867775574],[4.888873050695412,52.79432578849337],[4.88936934711724,52.79422720959824],[4.889556355176113,52.794209118054546],[4.889719959647448,52.79416306940376],[4.88987909591312,52.794118799253816],[4.889890935395277,52.794120646008246],[4.889865675009061,52.79425624166582],[4.889925005232868,52.794253793115736],[4.890082230804268,52.794247259383134],[4.890242574234859,52.794227258205574],[4.890380680186084,52.79420716414121],[4.890493553141355,52.794189660833396],[4.89065700376131,52.79415709049282],[4.890755021057606,52.79414222110807],[4.891010599185128,52.7940911615668],[4.8913475607221,52.794053920242284],[4.891331757291158,52.793747403833194],[4.892067664009297,52.79356623268079],[4.891372814185494,52.79300166816207],[4.891141643846327,52.79299261831052],[4.890985023518938,52.792946133676544],[4.890914700924935,52.79287214896786],[4.890713093131215,52.7927401018284],[4.89044915296016,52.79261408539706],[4.890392448864901,52.79251589268337],[4.890169984331728,52.79226243550598],[4.889940888874761,52.792070959346965],[4.889873371044334,52.792011364622766],[4.889676924340066,52.79194763711163],[4.889422694848492,52.79188097195885],[4.889295677423989,52.79183910209622],[4.889208521786452,52.791811777551615],[4.890016974043216,52.791375696104716],[4.889837876925544,52.79122037552751],[4.890881178522582,52.790727752095584],[4.890986891381492,52.790818060492526],[4.891045311086281,52.790895590400226],[4.891390679558997,52.791161240162644]]]]}},{"type":"Feature","properties":{"gezicht_uri":"https://linkeddata.cultureelerfgoed.nl/cho-kennis/id/gezicht/10134337","gezichtsnummer":"1466","naam":"Holysloot"},"geometry":{"type":"MultiPolygon","coordinates":[[[[5.026465309777605,52.410229615080446],[5.028421677268143,52.411653793257706],[5.029165428136925,52.41219080308129],[5.029966356891748,52.41274775316782],[5.031109369631445,52.41353670657273],[5.031350593877594,52.41369740982757],[5.031173991947159,52.41372563956398],[5.031299399220105,52.414032492151215],[5.031027123665253,52.4140775106529],[5.030901588065853,52.41378683500336],[5.030470398494407,52.413853843208116],[5.030306777118491,52.41391266844188],[5.030071115043936,52.41397397262643],[5.029991537556449,52.4139997967029],[5.029857158168642,52.41407758334197],[5.029734434973627,52.414167987578296],[5.029632672537255,52.41421082085693],[5.029573780026147,52.414223225723724],[5.029365122893209,52.41421630452809],[5.029221085042737,52.4142158694867],[5.029104740464914,52.41424427816014],[5.028990863004208,52.414331113332906],[5.028694215990679,52.41448120728239],[5.028486285392238,52.41456595987375],[5.028119281816542,52.41469157296728],[5.027844059411324,52.414736575231544],[5.027614480250355,52.41477182905069],[5.027252648530182,52.414803085753896],[5.0271350942902,52.41479913359668],[5.02672958497137,52.41477902687405],[5.026068661928973,52.414717696625544],[5.025722136069827,52.414674398525825],[5.025171574833372,52.41459812100853],[5.024527067059948,52.41450717333378],[5.023656149470884,52.41442361656442],[5.022598255462787,52.41437812476299],[5.021094159849431,52.414435501551246],[5.021050915471077,52.41379904825166],[5.021058569509982,52.41358426905083],[5.021063543190827,52.4135159789077],[5.021096575723782,52.413431597834965],[5.021156286265273,52.41332033646216],[5.021177397217898,52.41325569118604],[5.02117412391696,52.41311817128647],[5.021171689583279,52.412879094451746],[5.021171504258406,52.41272360894232],[5.021169990276296,52.41255104294242],[5.021136321258285,52.41217885355929],[5.021080198978444,52.41185602640045],[5.021011095455878,52.411503500090596],[5.020970762497861,52.411226558240486],[5.020956616584054,52.41098205256299],[5.020944303299028,52.41087146736517],[5.020912513063028,52.410805759819404],[5.020823480586757,52.410730887711814],[5.021047143262933,52.410698325048536],[5.022400770727672,52.41069351261191],[5.022437398585539,52.41088595940921],[5.022521699663302,52.41100036104741],[5.02265967824989,52.41102145703152],[5.022757946370403,52.41104602575382],[5.022907505233197,52.411088727235466],[5.02300276043285,52.41112227406173],[5.023045196229762,52.411144873411544],[5.023280151724338,52.4111689629342],[5.023354972167554,52.41118537032959],[5.023444408242206,52.41121170887393],[5.023545682952073,52.411228197356124],[5.023673522478788,52.41123128589749],[5.024399968364273,52.41118138443913],[5.024665920293399,52.41118938848479],[5.024858344563736,52.41120255965651],[5.02499035069915,52.41123531849828],[5.025287048786052,52.411257795240644],[5.025406004429482,52.41126894358996],[5.025574958457833,52.411276649390516],[5.02568654384634,52.411290471235354],[5.026033416794233,52.411287933980965],[5.026135513288105,52.41174481362403],[5.026247158600476,52.4117514450644],[5.02636029559488,52.411755384671444],[5.026717379566649,52.41176276282569],[5.026552207038831,52.410748462421935],[5.026465309777605,52.410229615080446]]]]}},{"type":"Feature","properties":{"gezicht_uri":"https://linkeddata.cultureelerfgoed.nl/cho-kennis/id/gezicht/10134338","gezichtsnummer":"1467","naam":"Haaldersbroek"},"geometry":{"type":"MultiPolygon","coordinates":[[[[4.832478391336698,52.47208882751126],[4.832428597555028,52.472186558977675],[4.832172684745226,52.472407354228906],[4.832024427850201,52.472610677844735],[4.83166559071751,52.473057476582696],[4.831279905283518,52.47353200978955],[4.831279272614833,52.473582337144535],[4.831099559048172,52.47382865238886],[4.830934443527667,52.47385034691025],[4.830719368403065,52.47386551549316],[4.830177457221173,52.47388813656104],[4.829943271888019,52.47390141646465],[4.829315026956031,52.47388408263105],[4.829075340142314,52.47386677724314],[4.828848876327114,52.47385133113837],[4.8287165234384,52.473842619123246],[4.828413848310751,52.47380164809742],[4.827946693496565,52.47373203932786],[4.827832035868184,52.47372071350118],[4.82748409180643,52.4736516651295],[4.826594681643492,52.47345423150553],[4.82634211760561,52.47340809951033],[4.826058363181682,52.473384288297154],[4.82538031870379,52.47323278326332],[4.824458343284243,52.47305135686691],[4.824114962189001,52.472971535138896],[4.823781746766568,52.47290254578443],[4.823454338942588,52.47283987439169],[4.82350071733285,52.4727807769313],[4.82380631189773,52.47259169277997],[4.823843103890384,52.47259186756534],[4.825197444307768,52.4729146558119],[4.82560655208187,52.47280245183774],[4.825788801845204,52.47259030952323],[4.826511930954849,52.471739013401226],[4.826626719802464,52.471739556071206],[4.826825426978373,52.47173779893725],[4.82692593195919,52.47170412107743],[4.826976355159815,52.471673801576365],[4.827046945583372,52.47156179048432],[4.827075828836453,52.47148912764293],[4.827318672329837,52.47113975940783],[4.82729155328566,52.47107312338927],[4.827686813866543,52.47019241003487],[4.828299131236876,52.47030135078943],[4.828776619715948,52.47036561446293],[4.828876405331361,52.4703885532275],[4.829632878285534,52.47050355823163],[4.830146991451431,52.47058146991116],[4.830025594212856,52.470755258327415],[4.830167990441295,52.47078378873289],[4.830928877114835,52.47089970491264],[4.83134310724642,52.47096276269947],[4.831406274266493,52.470972046330154],[4.831847412649237,52.47100197448114],[4.831507127367563,52.471378756758284],[4.832785422958619,52.471664252985995],[4.832478391336698,52.47208882751126]]]]}},{"type":"Feature","properties":{"gezicht_uri":"https://linkeddata.cultureelerfgoed.nl/cho-kennis/id/gezicht/10134339","gezichtsnummer":"1468","naam":"Enkhuizen"},"geometry":{"type":"MultiPolygon","coordinates":[[[[5.297517377222762,52.7004364590442],[5.296663174214128,52.70145043389703],[5.296785242206679,52.70180191411395],[5.296994117168774,52.70238801779637],[5.297289651620195,52.70328423414966],[5.297527935792724,52.7039656198694],[5.297564657377794,52.70409595737356],[5.297702771250992,52.7045669740771],[5.297720177964349,52.70473773800416],[5.297743533950532,52.704893228677875],[5.2977403208593,52.70501814399232],[5.297663641488098,52.705619309095376],[5.297543358467418,52.70656104415934],[5.297435157099763,52.70665532501133],[5.297187861988089,52.706755791644675],[5.296229704491977,52.70717565045992],[5.295698081848844,52.70739092877347],[5.295425615980579,52.70749586584949],[5.295185931436391,52.707490288967755],[5.295037939055058,52.70750545234972],[5.293668271240055,52.70799057587479],[5.292665783884186,52.7083546524575],[5.292277784536752,52.708509817159786],[5.292095668574913,52.70856539066216],[5.290655154384437,52.70893988427257],[5.289805358232604,52.70915397940085],[5.28974741849208,52.709259078521214],[5.289928772973148,52.70955040147043],[5.289672446735123,52.70970476632401],[5.289136043689347,52.710044928890994],[5.289094478045064,52.71010510676032],[5.288638786565283,52.71074100163772],[5.288425021511288,52.711046378430964],[5.28817563868076,52.71139665960278],[5.287780787159946,52.71129118453602],[5.287830422565365,52.71093534571765],[5.287881354181574,52.71066038980141],[5.287963949081624,52.71012394212246],[5.287821085139692,52.709829053559616],[5.287375690590307,52.70983317484942],[5.286946490506403,52.70987325560066],[5.286831108000206,52.709858779502255],[5.286600256861367,52.709867571779775],[5.286039376191583,52.7099021459314],[5.285651686368118,52.709907208414386],[5.285416462254628,52.70988723666435],[5.28512061932142,52.70984654273555],[5.284830741692932,52.70978608206396],[5.284592664101131,52.70972117184714],[5.284131358329506,52.70956979431462],[5.283817961287562,52.70944460530883],[5.283578515391957,52.7093338587893],[5.283324261349534,52.709228491007444],[5.283089267492087,52.70911325393624],[5.282840887593896,52.70902766137924],[5.282478609695788,52.70892758928037],[5.282264143853513,52.70889235183164],[5.282125140468177,52.7088571805438],[5.281680018380896,52.70875164081952],[5.28141535423407,52.70867142298723],[5.28114332970426,52.70857592031837],[5.280847669127542,52.7084651182396],[5.280691021460122,52.708384995121875],[5.280320059490254,52.70820941886618],[5.279100882650197,52.70759181923033],[5.27898559499231,52.707542286754226],[5.278763827143383,52.70747198750463],[5.27847823942841,52.707481612901795],[5.276470418575006,52.70747976440259],[5.275300027776045,52.707488556826995],[5.274508299746714,52.707542630815496],[5.274326488333325,52.7074723610675],[5.274202458118413,52.707372489121575],[5.274153837005479,52.70729245974246],[5.274172152559332,52.70649893515188],[5.274224119441648,52.70470070811131],[5.274228657793969,52.7040860090778],[5.274179256072898,52.70373547344885],[5.27398723558612,52.70303970564969],[5.273873105184813,52.702548014036736],[5.273824967326409,52.70228285483367],[5.273866602701811,52.70162685099648],[5.273943871637184,52.70092055427599],[5.273888878452699,52.69929746774085],[5.273917096660861,52.69810583112287],[5.279655358585658,52.69867193083368],[5.279476860147303,52.69907258547388],[5.279867314958136,52.69910798670187],[5.279871704671716,52.69912776184004],[5.280279888130649,52.69917306327094],[5.281772249241681,52.69928942519403],[5.282300319642501,52.69931056105461],[5.282658188759428,52.699364796925664],[5.283705315072715,52.699467262845175],[5.287361249293351,52.69990085402047],[5.288111098393967,52.69998146319131],[5.288481091505907,52.69859419276031],[5.290187932548522,52.69872051220144],[5.291161183825464,52.698782411316834],[5.291424481464958,52.69879161008089],[5.293694115514072,52.69792258136962],[5.29521995271215,52.69900489285535],[5.297517377222762,52.7004364590442]]]]}},{"type":"Feature","properties":{"gezicht_uri":"https://linkeddata.cultureelerfgoed.nl/cho-kennis/id/gezicht/10134340","gezichtsnummer":"1470","naam":"Edam"},"geometry":{"type":"MultiPolygon","coordinates":[[[[5.04198326653345,52.50457242016667],[5.045731467427973,52.506874146974106],[5.045966569571814,52.50694672219473],[5.046096703738884,52.50707022333579],[5.046130491674282,52.5072725363793],[5.046093928635727,52.50742971035138],[5.046093248727532,52.5075177846658],[5.046279156292341,52.50785804158261],[5.046266645049345,52.50795237306304],[5.046087559577639,52.50825473294269],[5.046051425776104,52.508356186393215],[5.046156809225614,52.50844276804588],[5.046285974667112,52.508501557064996],[5.047409172249358,52.50877889297069],[5.047202990533884,52.5093490005274],[5.048106438490032,52.5094738134559],[5.048278345702875,52.50953002618043],[5.048565075597705,52.50940322399375],[5.049154042731098,52.509817423232455],[5.049530607756414,52.51007823012802],[5.049979956605625,52.51026015379559],[5.050416271571489,52.51041327918882],[5.051811057074535,52.510821660291896],[5.054327319975731,52.51155851804514],[5.054988981020407,52.51171944819617],[5.05566253901216,52.51186602809541],[5.056265564279209,52.511989939114066],[5.05703466303435,52.5121655371012],[5.057778672587618,52.5123482503401],[5.058181529974781,52.51245092493086],[5.058441510123428,52.5125523037484],[5.058900584504363,52.51282139772002],[5.059277339466586,52.51306779409124],[5.059489274226214,52.5132921646344],[5.059771699260552,52.51354638753597],[5.059912742370391,52.51359710573019],[5.060114182338816,52.513647990206984],[5.05980229128247,52.51418906787664],[5.059573367292965,52.51466566476003],[5.058307721907819,52.51449589847733],[5.057941291557493,52.514444553379775],[5.057309215721726,52.51504944480171],[5.05717826415056,52.515225232924884],[5.056961871011452,52.51559760626265],[5.056360302173554,52.51684607180596],[5.055624822298101,52.51846174259503],[5.055493381458899,52.51870043882616],[5.043793966341103,52.519844511835366],[5.044285706184886,52.51913054028079],[5.044777764511794,52.518373428230525],[5.04516265080906,52.51756567608677],[5.045475920064677,52.51687275457028],[5.0455861251838,52.51633832410042],[5.045600037181589,52.51606335101464],[5.045603498060664,52.515615790559785],[5.045477663611924,52.515123819827615],[5.045233956472833,52.51444457226008],[5.044978924619589,52.51370687356715],[5.044863654444471,52.51337400873581],[5.044584898841255,52.512657810240036],[5.044260473374186,52.51175364304937],[5.04415597134697,52.51136328932654],[5.044030165035518,52.51087131661484],[5.043916194195436,52.51037308678485],[5.043991839675304,52.50973699975937],[5.044017368469129,52.50948452845789],[5.04392433584922,52.50932518293639],[5.043690560292567,52.50889131520568],[5.043621208634997,52.50871765816311],[5.043458145703107,52.50828309585625],[5.043400970699156,52.5080591446293],[5.043203290808375,52.50753101290966],[5.043122384141219,52.5073285624186],[5.04308765109052,52.507249372805965],[5.043124126699904,52.507104781806184],[5.043113302554178,52.50698162336683],[5.043009503663134,52.506692827576614],[5.042913936331986,52.506670980667124],[5.042486420107792,52.505398025575474],[5.042416910346709,52.505245936926414],[5.042276187968723,52.504971412895564],[5.04198326653345,52.50457242016667]]]]}},{"type":"Feature","properties":{"gezicht_uri":"https://linkeddata.cultureelerfgoed.nl/cho-kennis/id/gezicht/10134341","gezichtsnummer":"1473","naam":"De Rijp"},"geometry":{"type":"MultiPolygon","coordinates":[[[[4.856889560787267,52.55853042056705],[4.858106377634364,52.559247647622236],[4.858197208676906,52.559297482780934],[4.858311137555199,52.55938876262514],[4.85882355980933,52.55969841151795],[4.858925489756246,52.55980671336575],[4.859015451224161,52.55992934167653],[4.858094401337749,52.560246090651134],[4.857762398146011,52.560262585753726],[4.856639386626196,52.560326776701416],[4.85577922153588,52.560361576455946],[4.854906835230906,52.56043136593711],[4.853148037219243,52.5605106472571],[4.852293840646578,52.56053915746012],[4.85196176770699,52.560561028461166],[4.850596891370521,52.56062497072873],[4.850144313691009,52.56061214009742],[4.849388288412313,52.56069230132603],[4.84923352959987,52.56068530922984],[4.849141938477892,52.56069837535312],[4.84894130183736,52.56070465606605],[4.847697512041446,52.56075473397693],[4.84766555692279,52.56011199174397],[4.847264288520149,52.56012454784918],[4.847220798090818,52.5599428051848],[4.846876963410174,52.559961912268484],[4.845333600728567,52.56015080502661],[4.84522525289691,52.56008739899522],[4.845186167452552,52.56002790394754],[4.845110045484567,52.55962222591441],[4.845084171042975,52.55944775272692],[4.84514766640671,52.55944085266091],[4.845319612114037,52.5593688396237],[4.845198568436926,52.55901867833291],[4.845184468397601,52.558846056356046],[4.845211639907506,52.55879495232118],[4.845275509698238,52.55875749681755],[4.845384803659344,52.55874361571223],[4.845643193391789,52.55871693345128],[4.845953104077876,52.55869767535565],[4.846273303328601,52.558681159529016],[4.846881161830002,52.55865606587791],[4.847304612298152,52.558637320790695],[4.847258558031461,52.55818324892043],[4.848175974509036,52.55816674562378],[4.848839988961004,52.558131111992566],[4.849030292137293,52.55812478465587],[4.849119236040629,52.55832830237425],[4.84920327997476,52.5584500127075],[4.849736566792037,52.55837243982395],[4.850917438911218,52.5582762210268],[4.851019804368154,52.55883210291683],[4.85130169689327,52.55881270436016],[4.85254277293055,52.55873831073288],[4.853175826822627,52.55870251344639],[4.853553824777121,52.55866197198535],[4.85383533480041,52.55867402149932],[4.854206543269512,52.558707143910546],[4.854510389204863,52.55870131732526],[4.855410498443751,52.55865322466997],[4.855982962170064,52.558627925931404],[4.856201499437191,52.55860373864971],[4.856327507234031,52.55854858031312],[4.856889560787267,52.55853042056705]]]]}},{"type":"Feature","properties":{"gezicht_uri":"https://linkeddata.cultureelerfgoed.nl/cho-kennis/id/gezicht/10134342","gezichtsnummer":"1474","naam":"Broek in Waterland"},"geometry":{"type":"MultiPolygon","coordinates":[[[[4.998067094612533,52.433947805804685],[4.997620527370742,52.43439751336871],[4.997521888597255,52.43457783865504],[4.997115810264569,52.43443629737949],[4.996396165916988,52.435168208772424],[4.99602693947388,52.43551570732257],[4.995833440276988,52.435446763322666],[4.995474452785386,52.43579968647361],[4.994756161082307,52.436373411646635],[4.994256788402411,52.43680136151524],[4.994182632217427,52.43687211719912],[4.994140931039472,52.43693129666233],[4.99411532573976,52.43699951702243],[4.994119242625398,52.43705525272872],[4.994315173428261,52.437845007789875],[4.994408554324469,52.43825964252392],[4.994370685069836,52.438549814329704],[4.993893186587531,52.43849879956822],[4.993225545344944,52.43849658251355],[4.993232091418768,52.43842200774759],[4.993177345416151,52.43829420281853],[4.992683074217772,52.438310533915356],[4.992544840725952,52.43831007377529],[4.991318024649365,52.43834642688831],[4.991282217273292,52.43774593999552],[4.99113951372369,52.43676582185163],[4.991114274506011,52.436628228200405],[4.990689773486991,52.43640931057363],[4.990677791854637,52.43479151339578],[4.990346771038661,52.43480927942379],[4.989965867437208,52.434814294810494],[4.989910559938842,52.434586724647836],[4.989945180548106,52.43416981872783],[4.989967048526936,52.434026990087624],[4.990394749324728,52.43404999276519],[4.990729490210475,52.433616115825394],[4.991121249224973,52.4330539065818],[4.993350815340721,52.43284563487498],[4.993586317025824,52.4328194545333],[4.993749809449922,52.43278854094498],[4.993872154821529,52.432754794333434],[4.994061409320674,52.43263768538505],[4.994471717745784,52.432299316438325],[4.995465773753136,52.43279152826885],[4.996023902870173,52.4330297438932],[4.997057780743661,52.43351218733149],[4.998067094612533,52.433947805804685]]]]}},{"type":"Feature","properties":{"gezicht_uri":"https://linkeddata.cultureelerfgoed.nl/cho-kennis/id/gezicht/10134343","gezichtsnummer":"1475","naam":"Blaricum"},"geometry":{"type":"MultiPolygon","coordinates":[[[[5.244471744549436,52.275544823280846],[5.243844258479892,52.27520612542485],[5.242712529687061,52.27448572901102],[5.242474261598846,52.27431467058513],[5.242344522591435,52.274111388703375],[5.242598497497292,52.273957110107034],[5.243355776823579,52.27402184623255],[5.243828732737358,52.273657517703725],[5.243736576250548,52.27361156847432],[5.244830951206425,52.27272400197786],[5.24470837915135,52.27256836633781],[5.244824249302241,52.27252895972802],[5.244869742374464,52.27250564631317],[5.24485673455287,52.27244990660964],[5.244611183906872,52.272266260810824],[5.245221995364544,52.27184996371347],[5.245325801709248,52.27191749637585],[5.245805819004194,52.27162417153177],[5.245675681227566,52.271544024939715],[5.245956126645147,52.27135022462588],[5.245742617620151,52.271226837329934],[5.245989065085554,52.27112736767937],[5.246461039684878,52.2710569268165],[5.246442874676422,52.27077828486138],[5.247090065298352,52.2708940963041],[5.246934055987482,52.27112040282017],[5.246810775374963,52.271188563519615],[5.246914483481122,52.27128755181102],[5.246804490028302,52.271323372347965],[5.247010501652063,52.2715024728996],[5.246680445650954,52.271633302532855],[5.246763649016349,52.27173046904233],[5.24687903364701,52.27184385161537],[5.246963796344456,52.27191136024957],[5.247045646092396,52.27197347272047],[5.24718459793846,52.27204733679971],[5.247313314344089,52.27211489718729],[5.247978752371346,52.27249316760032],[5.248089926459199,52.27254902241614],[5.248192397143485,52.27257700487653],[5.249296253589609,52.27190241779368],[5.25012395243771,52.27240399731849],[5.249812848250748,52.272566314755004],[5.249448969827298,52.2727375576885],[5.249902324311332,52.27300771711101],[5.249454513107684,52.2733136788542],[5.250327659685802,52.2738153096971],[5.250902685570852,52.274070326729344],[5.252222284396997,52.27472345103793],[5.251884085329877,52.27512032310335],[5.251541774789942,52.274941075011036],[5.251443486577054,52.27498050836287],[5.251054348294903,52.275262276452786],[5.250619306629525,52.27569947825227],[5.250185910464099,52.27559921322995],[5.249972014714553,52.275590876384165],[5.24907100826288,52.27555837088522],[5.248701428826606,52.27519842905689],[5.248579898638668,52.275172222278286],[5.248256065079247,52.27517993141709],[5.248078183738722,52.27536936382708],[5.247945246693868,52.27524248023523],[5.247867726197224,52.27519924779546],[5.247621973243045,52.27507133215654],[5.247213769477147,52.27488480356536],[5.247097895301264,52.27492421249904],[5.246961545077036,52.274951912981535],[5.246688994457539,52.27495967859776],[5.246047475388051,52.274885215495416],[5.245678331265405,52.27485871006977],[5.245322379974024,52.27483042176183],[5.245115711503548,52.27485444067612],[5.244939599197505,52.27494500529728],[5.244615231274665,52.27511987590051],[5.244537270701276,52.275215052034355],[5.244471744549436,52.275544823280846]]]]}},{"type":"Feature","properties":{"gezicht_uri":"https://linkeddata.cultureelerfgoed.nl/cho-kennis/id/gezicht/10134345","gezichtsnummer":"1476","naam":"Bergen"},"geometry":{"type":"MultiPolygon","coordinates":[[[[4.701939221406152,52.66931640803441],[4.701700665261775,52.66935098258722],[4.701552911836718,52.66934563745017],[4.701541036505279,52.66944352998268],[4.701580878861172,52.669448253241676],[4.701578727914772,52.66949137962354],[4.701695452806468,52.66949564720441],[4.701675219648367,52.66965550357497],[4.701756509128575,52.66965687071369],[4.701728170257646,52.669862515329015],[4.701680221594771,52.66990358035583],[4.701630948739982,52.669934751763],[4.701067200796465,52.66996565308623],[4.700985896741764,52.669965184119185],[4.700912180366763,52.66995217672722],[4.700751064600372,52.66995034841224],[4.700756828190262,52.67005463371306],[4.700078096935556,52.67006419614475],[4.700086675010963,52.670177484983284],[4.699681490589971,52.67018413121443],[4.699689800644239,52.67031449429935],[4.699700572766469,52.670381960892755],[4.699568922471559,52.670386592336854],[4.699548036999256,52.67011505679623],[4.699530986664526,52.67007092073097],[4.69951495073396,52.67005644843856],[4.699366363728828,52.67000975444349],[4.699086451467794,52.66994702237928],[4.698861136848754,52.6698908966547],[4.698806535591051,52.66931809303347],[4.698541931857017,52.66931656153204],[4.698547914988352,52.66921773643442],[4.698557572646441,52.669167463749304],[4.698631103664959,52.66909778884995],[4.698666172492789,52.66902968874172],[4.698710237197432,52.66895355216351],[4.698775686325335,52.66883350180232],[4.698699086441124,52.66881598271274],[4.698768815238944,52.668705843096184],[4.698956362156791,52.668435513371605],[4.699326013354558,52.6685257265034],[4.699863923073826,52.66844435560709],[4.699900895321757,52.66853803661736],[4.70012308987349,52.668509662253975],[4.700282862531343,52.668502496437384],[4.700394050882047,52.6684824677655],[4.700400547617901,52.66863438977521],[4.700728710391593,52.66863628395491],[4.700748877064903,52.6687649179748],[4.701238166297915,52.66876774041766],[4.701647575913035,52.66877369543033],[4.701691824296745,52.668780241496435],[4.701772635801532,52.66881216251603],[4.701683256180898,52.66885568499586],[4.701601071285566,52.66891183102014],[4.701733326474116,52.6689629217583],[4.701772916225079,52.66898382054337],[4.701851801651131,52.66904448959622],[4.701998145907161,52.669045332626396],[4.70199999707134,52.669305973419455],[4.701939221406152,52.66931640803441]]]]}},{"type":"Feature","properties":{"gezicht_uri":"https://linkeddata.cultureelerfgoed.nl/cho-kennis/id/gezicht/10134346","gezichtsnummer":"1477","naam":"Amsterdam - Binnen de Singelgracht"},"geometry":{"type":"MultiPolygon","coordinates":[[[[4.910727406192981,52.37746513507737],[4.910546828289432,52.378962656020114],[4.90504640804226,52.379532676926935],[4.900059648850035,52.3811938647892],[4.897931255944853,52.38254402888833],[4.897119704579246,52.38288130656466],[4.895651574984335,52.38335246810333],[4.895363514529714,52.38336834870816],[4.895109573786389,52.383353812254896],[4.892277981326254,52.3829366675172],[4.890736896511661,52.38296616771538],[4.890847099749236,52.384930439818305],[4.891065395886436,52.38747486945466],[4.891013405027724,52.38844532130433],[4.88627180209344,52.3881656171621],[4.886012560784163,52.38809801152328],[4.885859966340289,52.38704311012853],[4.886051234014325,52.38662599219197],[4.88591641712476,52.385688005728554],[4.885858358126459,52.38471708942418],[4.884800077129148,52.385298602106026],[4.884414643336901,52.38548031527022],[4.884029287978351,52.38565483736316],[4.883082228558523,52.3860103174159],[4.882535447075648,52.38552534965824],[4.882432717474965,52.38538829893251],[4.882302173596017,52.38524304061064],[4.881632272236182,52.384092454215086],[4.880742353459589,52.382661405520324],[4.880552807869213,52.38241073672953],[4.880310668641888,52.382264099816304],[4.879804290919468,52.38210554528547],[4.87960068103204,52.38192941256749],[4.879575777734582,52.3817953890883],[4.879644581500124,52.38168693282901],[4.879838573108532,52.3814199306478],[4.879867917201008,52.381294228554225],[4.879800319634159,52.3811690098901],[4.878163551993776,52.37853487937167],[4.87639048358905,52.37576621939014],[4.875611989291221,52.37450727470543],[4.875545378220068,52.374298471872066],[4.875521455615733,52.37408086575448],[4.875482952810619,52.37385420889384],[4.875486519617749,52.373545046826095],[4.87538025778198,52.373209345657706],[4.875260497489766,52.37302547845548],[4.875029255615082,52.37283124245597],[4.874691395811924,52.372587112084034],[4.874542272782542,52.37240311701769],[4.874461789779397,52.37225177481073],[4.874436616449532,52.3721429143732],[4.87446479215637,52.37199204267515],[4.875001711222391,52.3707657449583],[4.875501087801871,52.36986373920834],[4.875641400025696,52.36953809112653],[4.875794662476134,52.3693625938145],[4.876138384996571,52.369096243777705],[4.876482702489971,52.36890539220311],[4.876703974309205,52.36868884351663],[4.877219847128194,52.3678794750288],[4.877290938580589,52.36757060341306],[4.877307044766498,52.367319016402],[4.877365232426483,52.36711075169507],[4.877476666476752,52.36686856284013],[4.87762991241113,52.36669306303572],[4.877781389684657,52.36654361983462],[4.87804337026999,52.36636049834945],[4.878648742946633,52.36593618312856],[4.878869701006923,52.36574479463594],[4.879107644104575,52.36535215346634],[4.879207113400207,52.36512788705011],[4.87927721230318,52.36477586875548],[4.879308264973305,52.36450007861536],[4.879406571822929,52.36424884381812],[4.879577469518545,52.36406892329467],[4.879748960172908,52.36396540079118],[4.880478423448734,52.36372675528336],[4.881021823693611,52.36345315651587],[4.881455686478328,52.3631287560613],[4.881765699036493,52.36233466560493],[4.88182143911016,52.362209974062175],[4.882000308621155,52.36210198592752],[4.88217889083704,52.36201916195418],[4.882454085552859,52.361961016555505],[4.882754031487863,52.3619209514575],[4.883479518066424,52.36189887495245],[4.883752661067615,52.3618919478935],[4.884013070868467,52.36184272373419],[4.88419127131297,52.361793149726694],[4.884424072963973,52.36171864170115],[4.88476829750766,52.36152776562159],[4.886499993887134,52.360673178802934],[4.887791817888158,52.36002612606003],[4.88806749631817,52.35979270885267],[4.888356565175528,52.359543169504086],[4.888964435063628,52.359010060424396],[4.889212730448844,52.358861010004446],[4.889624436149162,52.35867040367367],[4.890059282462101,52.35851045140062],[4.890584793540461,52.358381436225855],[4.890871406407134,52.35834938364554],[4.891213618252951,52.358333741261674],[4.892977688417101,52.35824045668923],[4.897421216389131,52.3579749124566],[4.898023417875868,52.35794414787825],[4.898296356130188,52.357953364396096],[4.898774245115952,52.35801375738618],[4.901502147978378,52.35851031865815],[4.901869315166733,52.35862866501971],[4.904460499514022,52.35914976287066],[4.906083156290872,52.35950778877972],[4.906599344459435,52.35969413386252],[4.906872401289126,52.35982915918055],[4.907657392514754,52.360409353448425],[4.907862180497542,52.360477590737105],[4.908665850000118,52.36068935723313],[4.90885805872884,52.3606991217497],[4.909432939716992,52.3606178574132],[4.909870765017426,52.36058547021726],[4.910157107798074,52.3605785354712],[4.910429524096828,52.360638053078965],[4.910688362532744,52.360731668741785],[4.911110546206734,52.36092570453762],[4.911435402533782,52.3611606912182],[4.911625519813104,52.36122886299876],[4.912219126704857,52.361318427005216],[4.913073005266026,52.361368585955084],[4.913987880714123,52.36148099781862],[4.914887009232746,52.36169400219218],[4.915595131440021,52.3619224168511],[4.916249916780202,52.362058940389154],[4.91650957666877,52.36207704970268],[4.917056894414211,52.36210349132284],[4.91803994245467,52.36215772234672],[4.918442701789124,52.362249194896364],[4.918735397883315,52.36233663551124],[4.9189528172135,52.362462424850854],[4.919282830876844,52.3627702106336],[4.91957522886435,52.36302571816891],[4.91981871937498,52.36318576216013],[4.920172667036188,52.36331298689855],[4.92045979435373,52.36337253933257],[4.921197357068947,52.363459030496784],[4.921879220518939,52.36353720921024],[4.922083875297825,52.36362159909718],[4.924486977845016,52.36505287074156],[4.926009277303666,52.36592073121439],[4.927082380231174,52.36650281563667],[4.92670761766326,52.36710353453994],[4.925613464936546,52.36713252840581],[4.925298400374594,52.36721488528398],[4.924874425361506,52.36732198165734],[4.925331145221042,52.368018513362095],[4.923478585206936,52.36868085571854],[4.921133905791777,52.36949941651738],[4.920557872046203,52.36968139548583],[4.919938610490402,52.37006362674218],[4.919775127497199,52.36997130694132],[4.919209916898852,52.370378913313715],[4.918871481087909,52.37016816178683],[4.917608450630057,52.37060715159148],[4.91638807203496,52.37103730985551],[4.915861972557793,52.37162930358992],[4.915711181988274,52.371586461059536],[4.914949946293581,52.37247051309522],[4.914349381838686,52.372468116295494],[4.912594757079339,52.375472872915715],[4.911406635122033,52.375343175929345],[4.910881328185337,52.37708108118335],[4.910727406192981,52.37746513507737]]]]}},{"type":"Feature","properties":{"gezicht_uri":"https://linkeddata.cultureelerfgoed.nl/cho-kennis/id/gezicht/10134347","gezichtsnummer":"1478","naam":"Alkmaar"},"geometry":{"type":"MultiPolygon","coordinates":[[[[4.752754010438852,52.626454964445124],[4.752986195979544,52.62684355592149],[4.753167614254858,52.62706561114828],[4.753424288222475,52.62729256095194],[4.753983469194573,52.62702502309708],[4.754328304943609,52.62728389602917],[4.754436936067311,52.627432764662274],[4.755185233113951,52.62798317271107],[4.75569903041647,52.62881992383461],[4.75631745053002,52.629675202313166],[4.756455684176128,52.62982063113783],[4.756622749145628,52.630015642804466],[4.756740127614478,52.63017354286395],[4.756811837699778,52.63032311209653],[4.756831868165214,52.630471508544595],[4.756807641834129,52.6306160754095],[4.756745912299091,52.63080088618396],[4.756616641234794,52.6309574781129],[4.756453360451032,52.63111658565615],[4.756211335331421,52.63130762930318],[4.755568687079939,52.63172751795914],[4.754843882785938,52.63210742214632],[4.754500681302877,52.63224579787939],[4.753838511846462,52.63248043524323],[4.752677583174309,52.632781610209136],[4.75055632150557,52.63340117766362],[4.747937389950471,52.634108804181615],[4.74702102313479,52.634347429050166],[4.746805409579318,52.63444512804883],[4.746543338518084,52.63458841149321],[4.746274703042772,52.63477659540457],[4.746160677512559,52.63489730903515],[4.74610680631376,52.635046207511095],[4.74607503885364,52.63519882006498],[4.74546795150594,52.63519554491113],[4.745360901886005,52.63534415601115],[4.74522638951495,52.6354512772204],[4.745122257820469,52.63550104372065],[4.744957577501416,52.63554958435256],[4.74475038856457,52.635575426859496],[4.744505253828901,52.63556960839748],[4.744394601815167,52.63556002293256],[4.744262252718453,52.635518864538405],[4.744018576231522,52.63541329408046],[4.743791858507938,52.63525928354128],[4.743674263399415,52.63511844543809],[4.74348494884994,52.634932282496436],[4.743308456309753,52.634778542916315],[4.743147042390605,52.634704871613714],[4.742536130983493,52.634458903934984],[4.742374759033528,52.63438253560921],[4.742153064968376,52.63428966268312],[4.741953501444176,52.634198706902154],[4.741858098468248,52.634156847567965],[4.741784311247992,52.63415195339154],[4.741546702009371,52.634137182355424],[4.741213215872984,52.63411290266232],[4.741006493356145,52.63410728564927],[4.740466153388515,52.63408637306262],[4.740162077300229,52.63407123768379],[4.739935059584046,52.63403944520671],[4.739711287180089,52.63398789792451],[4.739526249342047,52.63391409299949],[4.739438485870437,52.6338551974683],[4.739336745869815,52.63374230195065],[4.739286782309626,52.63362429613469],[4.739265552770248,52.63356126938374],[4.739274260984352,52.633471443900234],[4.739357826296628,52.63331372289579],[4.739418230336119,52.6332241790765],[4.73952355329354,52.633093538379015],[4.739704785458025,52.632923766922154],[4.73982454654039,52.63281567282333],[4.739951546724989,52.63271750403832],[4.739996729320158,52.63265843385693],[4.740169780151835,52.63254254092343],[4.740335236011106,52.632340328376685],[4.740525312550886,52.6320708447955],[4.740653840364594,52.63186843092696],[4.740752154267174,52.631711687846774],[4.74081388624242,52.63153137882291],[4.740860782045608,52.6313554827537],[4.740894846672616,52.631148061364506],[4.740914351614412,52.63102683887285],[4.740960469669806,52.630702648090086],[4.74097011062686,52.63054901768224],[4.74088540017434,52.63028253312776],[4.740799939681404,52.62996661426095],[4.740773647967844,52.62974538370545],[4.740805047067875,52.629618833483846],[4.740865838940528,52.62950232908399],[4.741024383067618,52.629367482671974],[4.741229329673586,52.62929130565111],[4.741492995483185,52.629239712933725],[4.741618993064216,52.62920894165293],[4.741728678731337,52.62918257532683],[4.741945914089983,52.629174767286074],[4.742115427774915,52.62919815546733],[4.742249166928223,52.62924381758627],[4.742380376263091,52.62936136423751],[4.74242394611816,52.62941192943156],[4.742639784546633,52.62939872016262],[4.742728596084327,52.629385720690415],[4.742982264381705,52.629310703497595],[4.743173704891608,52.62924882962888],[4.7433831962257,52.62916458495766],[4.743823883231152,52.6290267687938],[4.744098683574803,52.62892040803632],[4.744307987823102,52.62884874294942],[4.744575270282546,52.628751327739415],[4.744723981556659,52.62868203056236],[4.744942380940205,52.62859423637384],[4.745086621155924,52.62852761078011],[4.745373557890858,52.628398844385394],[4.745694591826729,52.62826127399723],[4.745911654344065,52.62816358478956],[4.745964601286709,52.62807759230412],[4.746032368945143,52.62798808480726],[4.746122498534623,52.62788431817932],[4.746250190114397,52.62773671622742],[4.746401392583657,52.627597329438935],[4.746475692570013,52.62756627435499],[4.746682973542956,52.627531442132074],[4.746876701180414,52.62751451115026],[4.747120445219847,52.62751133011284],[4.747461203580071,52.627540126232645],[4.747684141383338,52.62754581937252],[4.747891095018791,52.62753345153645],[4.748196041872593,52.62748566090684],[4.748530720414739,52.62742454827869],[4.749771967556665,52.62717866706898],[4.750114168801233,52.627107704300784],[4.75029948739787,52.62705926713729],[4.750508629751399,52.62699747633242],[4.750708975556536,52.626931144414314],[4.750842422170492,52.62689501089048],[4.751088418520487,52.626837909989376],[4.751423347737909,52.62675881598263],[4.752754010438852,52.626454964445124]]]]}},{"type":"Feature","properties":{"gezicht_uri":"https://linkeddata.cultureelerfgoed.nl/cho-kennis/id/gezicht/10134348","gezichtsnummer":"1479","naam":"'s-Graveland"},"geometry":{"type":"MultiPolygon","coordinates":[[[[5.136553260028378,52.259586413683635],[5.135535433038175,52.2595626808119],[5.134410767672249,52.25952433030864],[5.134281876487971,52.25952405465424],[5.133127858223989,52.25949641449933],[5.130269229650359,52.25941923318193],[5.129062530323001,52.25938424857554],[5.128185482167935,52.25933289748331],[5.127097466686226,52.25929096251467],[5.126510283727416,52.25926450339812],[5.126202219676364,52.259346511491096],[5.125729362016222,52.25955578121706],[5.125420776573699,52.25972586657012],[5.125053114500878,52.25997850790592],[5.124499526614258,52.259966493779075],[5.124478467897964,52.25956379349363],[5.124434431724144,52.25933181034565],[5.124225828747968,52.25918844047663],[5.123888464988312,52.25902321280304],[5.120831062305905,52.256924901541346],[5.120640078719394,52.256777969816504],[5.120552672186664,52.25669957877856],[5.120433341491404,52.25657168269877],[5.120411717570866,52.256514111932034],[5.12037721421579,52.25640618036763],[5.120360345062691,52.256288402006],[5.120402931746704,52.25553621852095],[5.120440563573254,52.254633028515066],[5.120504285136738,52.25353036777014],[5.120518234673439,52.25291293646608],[5.120553046485151,52.25223533379082],[5.120614915287314,52.25119648182661],[5.120710460126716,52.24893446334757],[5.12071932929926,52.24843116537944],[5.120738229315792,52.24820920879837],[5.120796759786834,52.24699238955479],[5.120873092629424,52.24500175829571],[5.120929129952406,52.24395570140831],[5.120989573086844,52.24290695787196],[5.121030362496378,52.24196152991536],[5.12107842557513,52.241268676271375],[5.121144343326179,52.240037491432325],[5.121153515505068,52.23972743176694],[5.121237082434137,52.23848190572432],[5.12125566614938,52.23782134145335],[5.121340755251327,52.23631966487874],[5.121400684882381,52.23461750234609],[5.121442364052147,52.23401091659769],[5.121461404050299,52.233518425502844],[5.121496179504836,52.232350982445105],[5.121539606898436,52.231205129420864],[5.121572802163897,52.230056556790906],[5.121642813637945,52.228133313678526],[5.121716900705192,52.227244581300745],[5.121765423996084,52.22646993709992],[5.121842114680107,52.22538887006206],[5.121882146883594,52.22456477326165],[5.121893943274557,52.22430415180461],[5.122237826077891,52.2243121137141],[5.122371112609025,52.22429443679926],[5.122488257690886,52.224283913862145],[5.122789719911298,52.224288183979226],[5.124272152173505,52.22430946766242],[5.126206669665721,52.22435599937639],[5.127972986159869,52.22438505357847],[5.129701123722208,52.224436467808594],[5.130113799528563,52.22444365788586],[5.13849609910595,52.22459371915692],[5.139042233813656,52.22455172564375],[5.139324773683556,52.22453793809493],[5.140260397736799,52.22446170270305],[5.140645871953418,52.224624289002016],[5.140956624500315,52.224801997699196],[5.141217118215714,52.22507037827698],[5.141276865446338,52.22511723947094],[5.141411159313302,52.22518133263527],[5.141532455066964,52.225213941138605],[5.141703382824193,52.225270021056154],[5.141776317616248,52.225314213035475],[5.141938004746795,52.22545386044699],[5.141943680888724,52.225486228496315],[5.141864848426361,52.22757663891685],[5.141736811694808,52.23036080794845],[5.141625415355622,52.233044346228205],[5.141491848686426,52.2357637883663],[5.141421080784837,52.236915881638865],[5.141367718063949,52.23809677189741],[5.141405245659294,52.23819391853029],[5.141440187596289,52.23822904373471],[5.141959090141216,52.23890870279849],[5.142063830083732,52.23903025578639],[5.142133394971517,52.23915892601437],[5.14216290306135,52.2393836829371],[5.14216998151451,52.239693777722685],[5.142382588300612,52.240700855039584],[5.1423305754858,52.24163997517293],[5.142350331600788,52.24177483348474],[5.142477122134172,52.2432140467421],[5.142470386573475,52.24337401604676],[5.14213071593861,52.24363755428321],[5.141597261811683,52.24399326361911],[5.141457457296116,52.24412149890569],[5.141386686243557,52.244210331189635],[5.140320255471094,52.24562189289066],[5.140238751794062,52.245796985121416],[5.140221203861711,52.24632093831363],[5.140168964190596,52.247291513488406],[5.140129937492176,52.24799158283325],[5.140076590563896,52.24863320134422],[5.140071165203685,52.2488192377679],[5.140045891132688,52.24967931871904],[5.139992121822675,52.25039643373548],[5.140005618056097,52.25060318163018],[5.139972722840533,52.25125293158565],[5.13991572113262,52.252551550842725],[5.13992662314658,52.25269807492256],[5.139853049440466,52.254079346959216],[5.136912750479082,52.25400125612042],[5.136835850847592,52.25491515318113],[5.136808486230055,52.25561434644627],[5.13680700021552,52.25587858473885],[5.136780960380542,52.25608165394827],[5.1367069633265,52.25699915185111],[5.136665247620361,52.25764528638538],[5.136580595789018,52.25889351238128],[5.136585649948323,52.25903642909536],[5.136553260028378,52.259586413683635]]]]}},{"type":"Feature","properties":{"gezicht_uri":"https://linkeddata.cultureelerfgoed.nl/cho-kennis/id/gezicht/10134445","gezichtsnummer":"318","naam":"Twisk"},"geometry":{"type":"MultiPolygon","coordinates":[[[[5.06235195389318,52.74464355705045],[5.061352176835168,52.74566622684042],[5.05976738036987,52.74470478194861],[5.057505204265224,52.74344307925035],[5.055338429610729,52.742115095916894],[5.052443950004591,52.74030872581423],[5.051621696363588,52.73978697137048],[5.050860410257754,52.73923392923883],[5.050233836885692,52.73887987314681],[5.049801404165536,52.73869711432389],[5.048502605036954,52.738537955740625],[5.048038985604181,52.73836858211726],[5.047035127784797,52.73798287889081],[5.047623323609878,52.736785707648],[5.047835892831467,52.73648525298272],[5.047994561928848,52.736261931613235],[5.048783270512312,52.735551515317425],[5.050676637043962,52.73655262549273],[5.05152650316443,52.73713287954768],[5.053192135835891,52.73811353600015],[5.054616174074841,52.73894071771053],[5.055776297792424,52.7396251556506],[5.057367239257505,52.740521068340286],[5.058572003990722,52.74118762845569],[5.0598328456938,52.741884885633375],[5.060941415382198,52.74255385308344],[5.062033683568984,52.743229056341306],[5.063043710414388,52.74381595447146],[5.0635655977095,52.744131913247315],[5.06235195389318,52.74464355705045]]]]}},{"type":"Feature","properties":{"gezicht_uri":"https://linkeddata.cultureelerfgoed.nl/cho-kennis/id/gezicht/10134451","gezichtsnummer":"1601","naam":"Hoorn"},"geometry":{"type":"MultiPolygon","coordinates":[[[[5.068936010690154,52.63454299800903],[5.067486879754285,52.63536143072381],[5.067197598532653,52.637359382939756],[5.067046169579791,52.63847786848918],[5.067642351752116,52.638566646609874],[5.06824280534344,52.638677900916555],[5.068807657847114,52.638809727190385],[5.068660843524404,52.63929553564223],[5.06843523380138,52.64005344147874],[5.068343808803834,52.640233836878984],[5.067241358455038,52.64007809576581],[5.067048450638474,52.64060152387816],[5.066929995046506,52.6408411601906],[5.066357578192217,52.64073087370301],[5.066150193319222,52.64080670433481],[5.065571876086515,52.640695499422854],[5.065044422670389,52.640498153423344],[5.064371721462315,52.64036511795302],[5.063744583596508,52.64026455610523],[5.062579021826064,52.6400546775351],[5.062543042523054,52.64012557734088],[5.061650314416896,52.63998114112315],[5.061173207816811,52.64017036056647],[5.060993719303963,52.64026872641629],[5.060828725859194,52.64080300561814],[5.062324820692596,52.641068625819294],[5.062044210446421,52.641456101204795],[5.062295004134454,52.64150531682738],[5.06259289446092,52.64177933762788],[5.062287745756992,52.64188814689053],[5.062447493589549,52.64206293263736],[5.062885178161023,52.64241372448704],[5.062621180889366,52.642551405465845],[5.0620361798911,52.642743029945606],[5.062514611344311,52.64337882501792],[5.062375812619976,52.64336766155213],[5.062099646340911,52.64335162900378],[5.061861667498174,52.64336625635423],[5.061093130794897,52.64360051202687],[5.060690368038938,52.64372073271291],[5.060280289297793,52.64383104613625],[5.059894028126393,52.64391715856551],[5.059677953054591,52.643965992736454],[5.059408689305661,52.64401467994722],[5.059283106061728,52.64401433379312],[5.058940364503162,52.64400979356177],[5.058690434001018,52.64404145704382],[5.058529009301376,52.64409223747069],[5.058328854777232,52.64418514988908],[5.057934311837072,52.644389862548856],[5.057795006587266,52.64444609545798],[5.057672235740765,52.644464628266434],[5.057564380807858,52.64446432941302],[5.057434505322546,52.644445096540075],[5.057089270827492,52.644378533196246],[5.057034638449701,52.64437388801899],[5.056950531036989,52.64435927519149],[5.056859137565432,52.644331161444704],[5.05683584901343,52.64428436393165],[5.056816992882226,52.64423757872513],[5.057013586679029,52.643635091303395],[5.056299460020731,52.643506388840656],[5.05640199924147,52.643230770543454],[5.055441395886943,52.64306902363619],[5.055089913916311,52.642853251370155],[5.055348148888151,52.64269939424251],[5.055480410166818,52.64259731039092],[5.055713213387804,52.64228880362576],[5.055829085983677,52.64220464787976],[5.056351304684768,52.64230945316166],[5.056591588447508,52.641987484845366],[5.056776018242306,52.6420203508664],[5.056923749345707,52.64182484265894],[5.057155695938432,52.641628669271796],[5.057372301103952,52.641507944432895],[5.057639764303775,52.64110606422845],[5.057440638250353,52.64106327299005],[5.05848325575638,52.64032742028184],[5.058793934694101,52.64007124771726],[5.05824112955889,52.63991064850358],[5.058345132289128,52.63983184970267],[5.057532292669531,52.639675021445186],[5.057701371374708,52.63958651776063],[5.057763909051324,52.6395210852191],[5.057856301805012,52.63941439469028],[5.058121559225158,52.638910054248086],[5.058098661917859,52.638811132852],[5.057870446158634,52.63851123087402],[5.057653701665663,52.63825809311527],[5.057086851925264,52.63800398368899],[5.057234184115231,52.63785970028003],[5.057288065392424,52.63776638394681],[5.057327456944323,52.637635281590036],[5.057345141014737,52.63744390545757],[5.05739265219319,52.637214866218464],[5.057880908472259,52.637112867572476],[5.059028670255854,52.63692281757861],[5.059512160067982,52.636864835868195],[5.060805685060851,52.6367380799501],[5.061612797820636,52.63666480064178],[5.061628754081183,52.63330906061003],[5.061667847248389,52.63221723420442],[5.063224137716167,52.632092069807264],[5.063664126933078,52.632116634123186],[5.06382941801709,52.63213595661923],[5.063988801037631,52.63215526282805],[5.064528789615222,52.632240309294154],[5.065192176114192,52.63241825468109],[5.065284994401003,52.632450859549714],[5.065523680946718,52.63253328807545],[5.065862343269223,52.632679794746146],[5.065891766607343,52.63269605103474],[5.066762797534454,52.63316483189806],[5.066886382383845,52.63323256810331],[5.068936010690154,52.63454299800903]]]]}},{"type":"Feature","properties":{"gezicht_uri":"https://linkeddata.cultureelerfgoed.nl/cho-kennis/id/gezicht/10134460","gezichtsnummer":"1593","naam":"Bloemendaalse Park / Duin en Daal"},"geometry":{"type":"MultiPolygon","coordinates":[[[[4.603817733634632,52.40859498449094],[4.603559527548414,52.408153770031554],[4.602899031380895,52.40686053853993],[4.60283944678817,52.40673970656562],[4.602745922348645,52.40662673887521],[4.602707838901467,52.40653660797073],[4.60265346459739,52.40645355944803],[4.602212720433137,52.40594821748917],[4.602151521763389,52.405752775106535],[4.602229174834975,52.4054342203128],[4.602558898786447,52.40399295262496],[4.602612548430234,52.40378478933373],[4.602767803283378,52.40331575180239],[4.603145791994203,52.40213455129016],[4.604015878548475,52.40179247695055],[4.604104034960291,52.40179305983761],[4.604250096448737,52.40175987151631],[4.603862233155583,52.401506545196355],[4.603760560451566,52.401439362430956],[4.603673723665271,52.40136418863057],[4.603638374722735,52.40128576024586],[4.603617797902477,52.401202935639496],[4.603616559796111,52.40110675715278],[4.603650599524203,52.40100991326225],[4.603706439421526,52.4009266953894],[4.603826505067283,52.400784582300275],[4.60390419228132,52.400712294284844],[4.604023494322298,52.40061331776337],[4.604334406505656,52.40039786656719],[4.604726741657173,52.40014789978055],[4.605001608778643,52.39997624931176],[4.605199393027294,52.39984273717027],[4.605333746579722,52.399723186590755],[4.605638485395525,52.399773732454655],[4.60584455023662,52.39983710842723],[4.606040109403428,52.399912997777975],[4.606150739924724,52.39997214859],[4.60631470236268,52.40009007213608],[4.606492233759547,52.400271898817365],[4.606685817336602,52.40046012251637],[4.606881552272512,52.40060971219091],[4.607134225033162,52.40078034865734],[4.607257481297328,52.400873735487735],[4.607348098328654,52.40098488303411],[4.607359629289891,52.401081129217175],[4.607334776904589,52.401157362517004],[4.608282967207105,52.401384703648276],[4.60852846077336,52.401462714764016],[4.609097258649763,52.40162284180049],[4.609208410686249,52.40131798429743],[4.609168484604895,52.40116492819827],[4.60996031482355,52.4010919325054],[4.610405211305154,52.40136268974655],[4.610521404584484,52.401272674233496],[4.610845502390269,52.40114177855056],[4.611244718856624,52.401000588694224],[4.611160677214403,52.40084904183581],[4.611178874715265,52.40081680472827],[4.611367608457379,52.4006958060973],[4.611452629420911,52.400623561224286],[4.611776074973591,52.40052950901313],[4.611954937101154,52.40046866356258],[4.612216782869329,52.40036791543116],[4.612276196352054,52.40033145389896],[4.61264833076559,52.39963732802172],[4.612701557905576,52.39936624234228],[4.61273068197397,52.399297226166055],[4.612832157495469,52.39920801094068],[4.612974314530304,52.39914512640096],[4.613104199632153,52.39911182146559],[4.613328442019173,52.399060258420874],[4.613528737636678,52.39903370457236],[4.614145486200472,52.39897122148898],[4.614286096173244,52.399165378426595],[4.614474391639051,52.39940568444963],[4.614609989342243,52.39955037498181],[4.614883455397055,52.39979393222434],[4.615092923492722,52.399915735386536],[4.615829697669547,52.400302520529834],[4.616021493075201,52.40042690327587],[4.616316151365201,52.400635542405674],[4.616408400603284,52.400738604465324],[4.616495164047997,52.40090364703249],[4.616542148898349,52.40107472221626],[4.616571143537225,52.40126635241571],[4.616657346032918,52.4014637475044],[4.61685787135107,52.401678064274236],[4.617082172613311,52.40187725591015],[4.617385083573443,52.402119201004325],[4.617253162828565,52.40226933963217],[4.617131353272317,52.402344944586034],[4.617375337742571,52.40251100849471],[4.617430374972652,52.40255720429258],[4.617644897528426,52.402727570084075],[4.617961054028787,52.402884214995225],[4.618483209381356,52.40327947568238],[4.618547099763297,52.40340841671388],[4.619020027895412,52.40325329848034],[4.619296790764822,52.40322453437124],[4.619488005479608,52.40321408967037],[4.619586259616815,52.403395382437104],[4.61976005463471,52.403711982456514],[4.620015838016526,52.40421606068714],[4.619632477904726,52.4044598443486],[4.619208988734584,52.404729431382215],[4.618857193658801,52.40493207306056],[4.617893906290106,52.40548216898109],[4.617757082802771,52.40557565276454],[4.61743571215422,52.40588724093908],[4.617104551978235,52.40625448930535],[4.61658134376686,52.406932366077626],[4.616337383140573,52.40718603378632],[4.616240554892932,52.40726090159864],[4.616096453312105,52.407349842172714],[4.615834825315503,52.407436219735644],[4.615255227778168,52.40755288128021],[4.614903320055733,52.40759103279012],[4.614577454715848,52.4076527215471],[4.614371614953042,52.407742156117266],[4.613761459064305,52.40792512114089],[4.613599669486078,52.40801663956111],[4.612663456832739,52.408859874095945],[4.611780967930592,52.40973850556247],[4.611675466469463,52.409804325034564],[4.610588898905506,52.41024929561082],[4.608839127214723,52.411047617076726],[4.608649820390473,52.41111468075807],[4.60856132943082,52.41113207485281],[4.608489430367851,52.41112531074243],[4.608426727998968,52.411097036196416],[4.608383778060799,52.41103204127363],[4.60830012231709,52.410774438581484],[4.608272200413413,52.41069066792563],[4.608220828751565,52.4106031479179],[4.60813771163936,52.41048216404319],[4.608064170638068,52.41040168844539],[4.607974686074737,52.41030852492377],[4.607883842997786,52.4102090608936],[4.60781358984513,52.41010883347496],[4.6077728228198,52.41000340731116],[4.607693532659899,52.40983211627382],[4.607612677476518,52.40974979467367],[4.607483343732017,52.409666255142945],[4.607335695818484,52.409621242691095],[4.607184697739459,52.40959957642705],[4.607024581912488,52.409594926852165],[4.606864054549833,52.409613642783974],[4.60667971366922,52.409649278526594],[4.606501155615133,52.40969034481106],[4.606287866938604,52.40970062315461],[4.606169008769114,52.40968995289877],[4.606028361168303,52.40966475825872],[4.605924563027632,52.409633514990894],[4.605770108116453,52.409557896958624],[4.605586992505071,52.40944074545439],[4.605298632875148,52.40920785439482],[4.604923708293879,52.40888361356185],[4.604589030249881,52.40861086822295],[4.604428297561399,52.408474988234886],[4.603817733634632,52.40859498449094]]]]}},{"type":"Feature","properties":{"gezicht_uri":"https://linkeddata.cultureelerfgoed.nl/cho-kennis/id/gezicht/10134503","gezichtsnummer":"1642","naam":"Hoorn Uitbreiding"},"geometry":{"type":"MultiPolygon","coordinates":[[[[5.061667847248389,52.63221723420442],[5.061628754081183,52.63330906061003],[5.061612797820636,52.63666480064178],[5.060805685060851,52.6367380799501],[5.059512160067982,52.636864835868195],[5.059028670255854,52.63692281757861],[5.057880908472259,52.637112867572476],[5.05739265219319,52.637214866218464],[5.057345141014737,52.63744390545757],[5.057327456944323,52.637635281590036],[5.057288065392424,52.63776638394681],[5.057234184115231,52.63785970028003],[5.057086851925264,52.63800398368899],[5.057653701665663,52.63825809311527],[5.057870446158634,52.63851123087402],[5.058098661917859,52.638811132852],[5.058121559225158,52.638910054248086],[5.057856301805012,52.63941439469028],[5.057763909051324,52.6395210852191],[5.057701371374708,52.63958651776063],[5.057532292669531,52.639675021445186],[5.058345132289128,52.63983184970267],[5.05824112955889,52.63991064850358],[5.058793934694101,52.64007124771726],[5.05848325575638,52.64032742028184],[5.057440638250353,52.64106327299005],[5.057639764303775,52.64110606422845],[5.057372301103952,52.641507944432895],[5.057155695938432,52.641628669271796],[5.056923749345707,52.64182484265894],[5.056776018242306,52.6420203508664],[5.056591588447508,52.641987484845366],[5.056351304684768,52.64230945316166],[5.055829085983677,52.64220464787976],[5.055713213387804,52.64228880362576],[5.055480410166818,52.64259731039092],[5.055348148888151,52.64269939424251],[5.055089913916311,52.642853251370155],[5.055441395886943,52.64306902363619],[5.05640199924147,52.643230770543454],[5.056299460020731,52.643506388840656],[5.057013586679029,52.643635091303395],[5.056816992882226,52.64423757872513],[5.05683584901343,52.64428436393165],[5.056859137565432,52.644331161444704],[5.056950531036989,52.64435927519149],[5.057034638449701,52.64437388801899],[5.057089270827492,52.644378533196246],[5.057434505322546,52.644445096540075],[5.057564380807858,52.64446432941302],[5.057672235740765,52.644464628266434],[5.057795006587266,52.64444609545798],[5.057934311837072,52.644389862548856],[5.058328854777232,52.64418514988908],[5.058529009301376,52.64409223747069],[5.058690434001018,52.64404145704382],[5.058940364503162,52.64400979356177],[5.059283106061728,52.64401433379312],[5.059408689305661,52.64401467994722],[5.059677953054591,52.643965992736454],[5.059894028126393,52.64391715856551],[5.060280289297793,52.64383104613625],[5.060690368038938,52.64372073271291],[5.061093130794897,52.64360051202687],[5.060851804841879,52.64406627972364],[5.060900399032933,52.64428749525299],[5.060708510663702,52.644660831271224],[5.060157867847245,52.644598206395706],[5.059598074129578,52.64457419821269],[5.059159212330542,52.644580178343595],[5.058795580622729,52.64460254133395],[5.058042985322476,52.644478236739005],[5.0578917727703,52.64454612001567],[5.057727484554292,52.6445843095105],[5.056974023291554,52.644772746208865],[5.056772857255405,52.64480274362269],[5.056508044627384,52.6448478418024],[5.055685876604834,52.64493722140312],[5.051075064725981,52.64545182292111],[5.050848321497643,52.6438011531881],[5.051603676149592,52.64200946400962],[5.051453977324832,52.64187872871598],[5.051920787730522,52.64091573062672],[5.053064354721484,52.640516327065505],[5.053366657434817,52.64039495149736],[5.05361883845947,52.640259055244606],[5.053921947680949,52.640030734112926],[5.054873814898398,52.639187712043466],[5.05504692317518,52.63895722727012],[5.055400128086585,52.638744320287586],[5.056524575482068,52.63773191005171],[5.056627039009883,52.63746437938051],[5.055916997461312,52.63680634543767],[5.054913738111759,52.63585630611104],[5.055065562753795,52.63570394947451],[5.055167277963877,52.635536174675494],[5.055243149018185,52.63526946951204],[5.055207718025923,52.635070755617626],[5.055059408546316,52.634757590276955],[5.054973471442552,52.6345964810599],[5.054855608085648,52.634359790870924],[5.054856992188712,52.63417645778087],[5.05492006906308,52.63403913131375],[5.054996324239219,52.633917119703646],[5.055136264036264,52.633772818115055],[5.055350118921018,52.63362063424168],[5.055879114453043,52.63340012765786],[5.061667847248389,52.63221723420442]]],[[[5.06882825769142,52.641476251194774],[5.066381472369758,52.64231715873323],[5.064946021900643,52.6428399213789],[5.064808115757395,52.6429087482071],[5.064706927260793,52.64300733180752],[5.064554886715146,52.64319025596635],[5.064075600693934,52.643472047987274],[5.06397469307519,52.64353198726727],[5.063837291689037,52.643531613805436],[5.062663738890614,52.64339181392062],[5.062514611344311,52.64337882501792],[5.0620361798911,52.642743029945606],[5.062621180889366,52.642551405465845],[5.062885178161023,52.64241372448704],[5.062447493589549,52.64206293263736],[5.062287745756992,52.64188814689053],[5.06259289446092,52.64177933762788],[5.062295004134454,52.64150531682738],[5.062044210446421,52.641456101204795],[5.062324820692596,52.641068625819294],[5.060828725859194,52.64080300561814],[5.060993719303963,52.64026872641629],[5.061173207816811,52.64017036056647],[5.061650314416896,52.63998114112315],[5.062543042523054,52.64012557734088],[5.062579021826064,52.6400546775351],[5.063744583596508,52.64026455610523],[5.064371721462315,52.64036511795302],[5.065044422670389,52.640498153423344],[5.065571876086515,52.640695499422854],[5.066150193319222,52.64080670433481],[5.066357578192217,52.64073087370301],[5.066929995046506,52.6408411601906],[5.067048450638474,52.64060152387816],[5.067241358455038,52.64007809576581],[5.068343808803834,52.640233836878984],[5.06843523380138,52.64005344147874],[5.068660843524404,52.63929553564223],[5.068807657847114,52.638809727190385],[5.06824280534344,52.638677900916555],[5.067642351752116,52.638566646609874],[5.067046169579791,52.63847786848918],[5.067197598532653,52.637359382939756],[5.067486879754285,52.63536143072381],[5.068936010690154,52.63454299800903],[5.074504935043037,52.6384905226327],[5.073938284882503,52.63881706024552],[5.073565906665501,52.63903805995634],[5.073257163636011,52.63924304972372],[5.072918230076449,52.63953782978621],[5.072955000531804,52.64018140233908],[5.072917355169536,52.640281059523446],[5.072802567532119,52.64042544823297],[5.072737475632005,52.64064456103313],[5.072838577540093,52.64076166039231],[5.072598650695228,52.640844605906416],[5.072459509592625,52.64108868648565],[5.072216788955036,52.64156166325935],[5.070537786828079,52.64124535322918],[5.070134519830812,52.64123708923954],[5.069996582103892,52.64151711848485],[5.069168162230026,52.64146188249473],[5.069054515533716,52.6414463005211],[5.06882825769142,52.641476251194774]]]]}},{"type":"Feature","properties":{"gezicht_uri":"https://linkeddata.cultureelerfgoed.nl/cho-kennis/id/gezicht/10134520","gezichtsnummer":"264","naam":"Bergen - Park Meerwijk"},"geometry":{"type":"MultiPolygon","coordinates":[[[[4.698577524623203,52.665250934359264],[4.697804047622091,52.66499121597018],[4.697346773453554,52.664834882767146],[4.697030579776916,52.664731492549734],[4.69694190471587,52.66444787931262],[4.696919511217382,52.664367762742806],[4.696812116707665,52.664052585329166],[4.696679586620467,52.66364379434398],[4.696664217266704,52.66358708536614],[4.698409951901349,52.66349205618964],[4.698686640370056,52.66347478483231],[4.698898210630419,52.66346252839524],[4.699016197498546,52.66432958294356],[4.699202909235063,52.66496156854463],[4.698917623403491,52.66486645066466],[4.698577524623203,52.665250934359264]]]]}},{"type":"Feature","properties":{"gezicht_uri":"https://linkeddata.cultureelerfgoed.nl/cho-kennis/id/gezicht/10134536","gezichtsnummer":"280","naam":"Stelling Den Helder"},"geometry":{"type":"MultiPolygon","coordinates":[[[[4.734144603447805,52.96216504599758],[4.734146091614724,52.962165054128015],[4.734158764445433,52.962113900243644],[4.733603349673166,52.962033580553694],[4.73347428392255,52.96200591522097],[4.733397169144192,52.96198752042722],[4.732786489243099,52.96182152274683],[4.732419181931452,52.96170268655984],[4.732370369992,52.96168264883123],[4.731975290074526,52.96153040900856],[4.7318614055547,52.961483054801846],[4.731602805357252,52.96136031876043],[4.731465517093806,52.96128587625501],[4.731289943532808,52.96118426395763],[4.731152832202043,52.96109813958318],[4.731024744876952,52.96100577402329],[4.730886471271786,52.960898075310546],[4.730768950812683,52.960795882316226],[4.730563687331102,52.96059076089961],[4.730358412236876,52.96038653769893],[4.730259533608983,52.96043002824375],[4.730183398302788,52.96034693379024],[4.72959540017349,52.959764968309194],[4.728578837002481,52.95878792790266],[4.727949488261795,52.9581877529763],[4.727666554455642,52.9579049137585],[4.727615357634311,52.95784621880729],[4.727223181438443,52.95740730862616],[4.726809101742455,52.956941316455605],[4.726117004613125,52.9561646485678],[4.725386955276464,52.95534103626085],[4.725291658785618,52.95524704854916],[4.725184445655816,52.95515389340517],[4.725052293201548,52.955037234997015],[4.724887885131698,52.95488894480991],[4.72482189836767,52.95482477469889],[4.724739927138018,52.95473535364262],[4.724937341942132,52.95447404075683],[4.725134849907259,52.954206437472244],[4.725460657559328,52.95421093780844],[4.725811732203582,52.95421737439043],[4.725811963977302,52.95420209855558],[4.725953313813646,52.9542028806814],[4.726246469630327,52.95420180629472],[4.726738295157318,52.95424855922532],[4.72671410761612,52.95427358786884],[4.726573861079594,52.954592733512555],[4.726579676524898,52.95460175219502],[4.727296956510965,52.95459852550007],[4.72731191719766,52.954593216180406],[4.727336485443084,52.95454302721557],[4.727644250657086,52.95456000312399],[4.727718709212016,52.9542611622965],[4.727759691813022,52.95410951593176],[4.72781403063239,52.95405859246831],[4.727852743701764,52.95386020354131],[4.727936045302339,52.95356680323707],[4.727946202556359,52.95338712846803],[4.727960476639902,52.95332879469287],[4.72858347072043,52.95336008774695],[4.728684631961912,52.95336154383083],[4.728921080379505,52.953370934286575],[4.729170770487017,52.953390282374066],[4.72948895692285,52.95340641228861],[4.729609325022525,52.95341695982449],[4.729865075575793,52.953429150573136],[4.729926023952827,52.95343308038914],[4.729981034416945,52.95343607886753],[4.730147567267626,52.95344418375128],[4.730250189546777,52.953447443848574],[4.730873119374094,52.95348321786603],[4.730939938232814,52.953492571324546],[4.731772456499508,52.953542971118736],[4.732539685700239,52.95358132499781],[4.732970885817194,52.95360255788714],[4.733315857001206,52.95361882421481],[4.733580537062568,52.9536310558554],[4.733720127941471,52.95364979225014],[4.733838888667017,52.95366841461047],[4.733963614469525,52.953686170802094],[4.734109049503807,52.95371212791047],[4.734249953776544,52.95374255335532],[4.734407117280421,52.95378025666843],[4.73450053085743,52.9538023345338],[4.734584024391118,52.95359250558165],[4.734576092652392,52.95352596191595],[4.734625557988363,52.953203615414104],[4.73465484962564,52.953135477679695],[4.73465274822553,52.95307705372556],[4.73472256653649,52.95288602169915],[4.734732515783935,52.952817778341426],[4.734768175278038,52.95272181707465],[4.734811063498529,52.952540523155875],[4.734873508317311,52.952344957499044],[4.734932999255904,52.95224732893932],[4.734948563214328,52.95220158254014],[4.734956652180528,52.95205874073534],[4.734976356853287,52.952034584619646],[4.735004078669937,52.951971830137566],[4.735004710505766,52.95192959685601],[4.734978454098168,52.95189440606931],[4.734987318206248,52.951799197135514],[4.735005203236707,52.95169774685011],[4.735033301188064,52.95160983209945],[4.735046252142357,52.951539807765606],[4.735069644551802,52.95146804309669],[4.73507369549087,52.95139617288511],[4.735080197791378,52.95135936355284],[4.735116191331484,52.95124093762217],[4.735147936344661,52.95110811003309],[4.735179358618924,52.95099684836781],[4.735238169364575,52.95074554606659],[4.735281698628164,52.95052111998755],[4.735298695617859,52.95047897595753],[4.735355073155384,52.95039031670741],[4.735379374491891,52.95035719904692],[4.735470091108403,52.95026063913762],[4.735525823284101,52.95021511168765],[4.735613120576426,52.95014818861286],[4.735643104016377,52.95013307496237],[4.735710442471081,52.95010738109549],[4.735764310492373,52.95008700569068],[4.7357957547398,52.950073697273204],[4.736348732516547,52.94990866175072],[4.736607239493544,52.94983458235788],[4.737082352860793,52.94970236974698],[4.737673988839872,52.94953843705643],[4.737853239959306,52.949490883822165],[4.737890593930536,52.94948030292824],[4.737986304046139,52.94944757269411],[4.738066962763662,52.949426443134676],[4.738231268803515,52.94938330142789],[4.738279116957899,52.94936738547401],[4.738362817711531,52.94934177896237],[4.738453930271015,52.94931800993582],[4.73854653045991,52.94929424891445],[4.738628622881162,52.94927672137565],[4.738703236501752,52.949261849160585],[4.738995699494914,52.94920502330078],[4.739617762860314,52.949095165300584],[4.739968364695478,52.94903056420495],[4.740312987959076,52.94896772703007],[4.740450244566577,52.948942408944106],[4.740502461277874,52.94893280632365],[4.740600850480435,52.948919858891244],[4.740632132500084,52.94891733217754],[4.740663414516139,52.948914805455686],[4.74068573025759,52.94891492618234],[4.740712509147513,52.948915071048816],[4.740740749106064,52.9489170211211],[4.740786788370712,52.94892266208094],[4.740825362420169,52.94893005995462],[4.740855023502809,52.94893651095691],[4.74088463131067,52.94894655628021],[4.740905366108638,52.948952958994646],[4.740931945223997,52.948966582543406],[4.740956996679327,52.94898289378761],[4.740987865841701,52.94900822302575],[4.741391005078444,52.949213498056984],[4.741596612215914,52.94939523841361],[4.741737665194342,52.949515521296306],[4.742195617476254,52.94993856380216],[4.742213536962563,52.94993416724539],[4.742266524417642,52.94997309531671],[4.742337178935364,52.95002469984752],[4.742325197150642,52.950030027116654],[4.742410596494428,52.9500906977021],[4.742501947110802,52.95015140032903],[4.742521287974436,52.950151504662244],[4.742561098716818,52.95017598305885],[4.742634809146572,52.95022221196967],[4.742746949187659,52.95028572248956],[4.74277795313566,52.9503020654387],[4.742918201793196,52.950376511201995],[4.742827899853618,52.95044611932903],[4.742415347214984,52.95077549739898],[4.742367631108468,52.95088307837531],[4.742621430977324,52.9509257855653],[4.742550667971585,52.950982019056475],[4.742523967531313,52.950976483109244],[4.742503151803034,52.95097547216832],[4.742489748432658,52.950976298517325],[4.742477713248981,52.95098522012708],[4.742466993089753,52.951005831325034],[4.742285478926171,52.95140744870521],[4.742102074679356,52.951836015172425],[4.742086544952073,52.95187996535722],[4.742064904343834,52.95193466639217],[4.742060135034889,52.9519553096723],[4.742048895812095,52.95201096550355],[4.742024836363059,52.95212855919825],[4.742082037138666,52.952184584472896],[4.74210833935324,52.95221707796067],[4.742154103064784,52.95224158860379],[4.743470911192222,52.95294873916689],[4.743494570908203,52.95295875178152],[4.7435138466793,52.95296334886313],[4.743528725228972,52.9529634289952],[4.743543617046372,52.95296261054399],[4.743560023252795,52.952960002940834],[4.743579484768354,52.95295201987175],[4.743929668723752,52.952715762175046],[4.744067942573744,52.95262214777676],[4.74409954520013,52.9525980542035],[4.744125209679809,52.952573030017476],[4.744146344331793,52.95255247471778],[4.744167558491603,52.95252652792437],[4.744191814575354,52.952496104228445],[4.744214808098744,52.95245039663453],[4.744308786352499,52.952232529524025],[4.744408767951285,52.952011100005706],[4.744417906875546,52.95199677070912],[4.744431800736138,52.95196269661741],[4.744476431326006,52.95186228749658],[4.74464411317189,52.95148934944383],[4.744749208281509,52.95132456225163],[4.744935445879875,52.95100474404054],[4.745162359236943,52.95075164439286],[4.745199580198897,52.95075004703905],[4.74555712348202,52.95071961566986],[4.745922210901795,52.95068203448698],[4.745798987765563,52.9502590061497],[4.746274271191985,52.950214826037175],[4.746388934515701,52.95020825168843],[4.746476659626794,52.95021231665062],[4.746559776220326,52.95022624203119],[4.746607252578533,52.95023548305495],[4.74663835036219,52.95024553492677],[4.746673792631452,52.95026369795525],[4.746803897464936,52.950320111700066],[4.74695468622062,52.950386521297574],[4.746979819923912,52.95039743978151],[4.747012392482703,52.95040839810842],[4.747040528140158,52.950417535353544],[4.747102763761964,52.950434943115404],[4.747148699924117,52.9504477702859],[4.747197638036877,52.95045881620819],[4.747298582204215,52.950474633846405],[4.747496416185003,52.95047838891471],[4.74765566042218,52.950475646581374],[4.747685415842858,52.95047580580968],[4.747710773854514,52.95047144823454],[4.747737672352748,52.95046350428386],[4.747796341179179,52.95041978418023],[4.747888122912188,52.95035018024389],[4.747934731199321,52.95031717939316],[4.747955770729577,52.95030291348095],[4.748018783842943,52.95026730438373],[4.748092316575513,52.95022456228396],[4.748176303004923,52.95017918007589],[4.748224280120298,52.9501542743105],[4.748365077616633,52.95009032398603],[4.748454224532954,52.949997340544996],[4.750186275173794,52.94937483210337],[4.750430285124506,52.949272787366155],[4.750456311472686,52.94922260145273],[4.750473542630564,52.94916338214032],[4.750515577979082,52.94883200299921],[4.750571213909183,52.94879185998685],[4.750557215903002,52.94873157563752],[4.750529539860906,52.948690988792784],[4.750501785135055,52.948655793442505],[4.750028398923603,52.94816440290854],[4.750372392636554,52.9480413236339],[4.750572871302828,52.94796510757204],[4.75089000495043,52.947847275642246],[4.751012768472255,52.947794908671476],[4.751077250029589,52.947760204429436],[4.751165809610146,52.947706756576885],[4.751228999846417,52.94765856557539],[4.751286226140573,52.94761124145865],[4.751351178974015,52.94754418804412],[4.7514210401221,52.94744660648084],[4.751491031972915,52.947340039033186],[4.751506249256111,52.9473167549842],[4.751497690112741,52.94729154714977],[4.751465420095801,52.9472599226046],[4.751443236189064,52.94725081805208],[4.751412087012734,52.94724436175992],[4.750949444580502,52.94713855432475],[4.750847137171514,52.94711464458804],[4.750713733387455,52.94708068395359],[4.750702965616554,52.94710489025721],[4.750599236366268,52.9470764794649],[4.750428903998487,52.94702434870795],[4.750297277245091,52.94697062668811],[4.750065147149491,52.94687143603175],[4.749806621446345,52.94674604316853],[4.749697310937468,52.94669243950319],[4.749635355542532,52.94665616281796],[4.749597149927423,52.9466236074341],[4.749407676062643,52.94645634534829],[4.749205380371939,52.946250372366826],[4.749163529573254,52.9462636287408],[4.749002323749741,52.94609651690589],[4.748987853902494,52.94596703341609],[4.74881052292941,52.94578365940397],[4.748344387850661,52.945308476118306],[4.747888438820792,52.94484952118916],[4.746979584196866,52.943928926160254],[4.746865333349398,52.94390854358616],[4.7467305512029,52.94376673243711],[4.746787358673922,52.943646617120294],[4.747002711883573,52.94356958806559],[4.747154071168911,52.94359556120837],[4.747749312670778,52.9433803747702],[4.749961187038282,52.94258340100778],[4.750085900911463,52.942600241802694],[4.750567448146417,52.942426671914326],[4.750965259398694,52.942282309895305],[4.751022164273179,52.94225655186771],[4.751473783985111,52.94209450151777],[4.75174443313671,52.94199888635389],[4.752119701959683,52.94186967775839],[4.752509817145627,52.94174234415508],[4.75295204378038,52.94161169127014],[4.753291084041886,52.94151823291031],[4.75374494471313,52.9414056119187],[4.754050944447338,52.941333543972334],[4.754541909445944,52.94122650848862],[4.754956621081029,52.94114602720739],[4.754990910694265,52.94114081670073],[4.755481558823054,52.94105534341061],[4.755724924243924,52.940993723905244],[4.755981428879304,52.94094924775995],[4.756130472753211,52.940929365926245],[4.756726023318948,52.94089296887823],[4.757113317618694,52.940856369558226],[4.757491608757896,52.940825113469174],[4.757904058682076,52.940797630703074],[4.758076744691225,52.94078865481157],[4.7588303878626,52.94072342392352],[4.759204925356514,52.9407460619681],[4.759368336961688,52.940761299149095],[4.760686133599532,52.94077360773178],[4.760867614555881,52.940773660468196],[4.761127904197414,52.940775923177355],[4.761428316155376,52.94078109140737],[4.761761387511656,52.940790923102874],[4.7629685057854,52.940949107832594],[4.763651473471649,52.94104074184642],[4.767360529261216,52.94152464333751],[4.767566419391968,52.94158681962413],[4.767824039886454,52.941672628700765],[4.767948528446822,52.94170562543936],[4.768357159201785,52.941842540452235],[4.768379382160482,52.94184894611601],[4.768403003350911,52.941861649593235],[4.768429484766275,52.94188245576123],[4.768460428656883,52.94190328502972],[4.768490012584602,52.94191512071015],[4.76853148365332,52.941927916581584],[4.768697801498564,52.94194854793688],[4.768721078736731,52.94198551322264],[4.768649633593497,52.942198124362065],[4.768765778506021,52.94240002394324],[4.768627438350017,52.94281897915373],[4.768440967664557,52.94306514347788],[4.76700486469914,52.94728676016261],[4.767058400243973,52.94739307898201],[4.767263392119563,52.94741571021483],[4.768320815717059,52.947547900914536],[4.768484217793796,52.947565821398896],[4.769987253571205,52.94774972940896],[4.769963895202802,52.947823298248544],[4.770664875787994,52.94791228861512],[4.770658696311491,52.94792843247317],[4.771606243701777,52.9480465473071],[4.771858289256116,52.948108953687985],[4.77287566447503,52.94823460715837],[4.772916104467196,52.94810990242065],[4.775142553933382,52.948378340300124],[4.776808879368879,52.94859265391383],[4.777041507239361,52.94866124069471],[4.777255507718,52.9485724679502],[4.777255696282626,52.94855898914081],[4.777577351171727,52.94843212320356],[4.778700991072197,52.94798133477544],[4.778468132234187,52.94728998446462],[4.77960679049125,52.94714660288358],[4.779778823344408,52.94707917988594],[4.78024389339777,52.9462673643674],[4.78014733586067,52.94615004917706],[4.780324065814934,52.945851695714126],[4.780513756324616,52.945797841104195],[4.780516931605963,52.9457834787933],[4.780689220369348,52.94580412367044],[4.780742261891246,52.94573429800856],[4.780952002512094,52.94562932129359],[4.781046009460938,52.94560912916651],[4.781062373199852,52.945609212166985],[4.781211234372674,52.94560277790559],[4.781402824273464,52.945626215584575],[4.781567662289215,52.945647720078114],[4.781665445490787,52.94567697245576],[4.781669084726985,52.9457363019193],[4.782671235855648,52.946206877273234],[4.782737681074941,52.946243159443135],[4.782790974346217,52.946262300677255],[4.78291973859185,52.94631058038587],[4.78308084522134,52.94638688165473],[4.783583391586151,52.94619441367491],[4.783738702388193,52.946152062772725],[4.783853448980202,52.9461382637287],[4.783954620342593,52.94613787582283],[4.784040803518436,52.94614550004842],[4.784120911911575,52.94616208007115],[4.78421264804107,52.94619848904514],[4.784246602664761,52.94621753204884],[4.784304284925493,52.94624208665934],[4.784314586548781,52.94625022649399],[4.78520747905679,52.94612442322547],[4.785480272723114,52.94630103412241],[4.786730707597441,52.946355850834394],[4.786886606530963,52.94659477665978],[4.787281697979902,52.94718268122587],[4.78752764502001,52.9480142690925],[4.787607088141498,52.94829594539791],[4.787501161129632,52.9485335563447],[4.787344300092676,52.94868823568132],[4.786333480117375,52.94937871339322],[4.785677100685501,52.949827432731524],[4.785409699940523,52.950013005861145],[4.785239733992308,52.95014604881403],[4.785196055170573,52.95018447077351],[4.785108647657013,52.950264908994576],[4.784996963760324,52.95037937354475],[4.78491095636963,52.9504661092271],[4.784873314961464,52.95049827094009],[4.784849100776087,52.950527804364555],[4.784821935824606,52.950555525610625],[4.78480069713907,52.95058507402232],[4.78478244640982,52.95061373884088],[4.784771696666684,52.950637948215025],[4.784765410269292,52.95066218008672],[4.78476653796471,52.95068824663129],[4.78477071573787,52.95070893664813],[4.784776406136641,52.950727836988605],[4.784783547079342,52.950749440591274],[4.784801127389005,52.95076929951205],[4.784814306423765,52.95078464299479],[4.784829060168134,52.950793703860555],[4.784858803561508,52.95079475241964],[4.784884232559262,52.95078499542423],[4.78503358250202,52.95074441010055],[4.785161196032575,52.950877154603326],[4.78507277087127,52.95092343895106],[4.784034265808129,52.95156523048512],[4.782632545486263,52.95243073739479],[4.782331543441234,52.95224768709485],[4.782062951952104,52.95208816502949],[4.781944059232323,52.95197073846153],[4.781421649516308,52.95230238959043],[4.78054223440901,52.95283981501337],[4.779452640708439,52.95350916559262],[4.778646573301487,52.954011902647714],[4.778591533588383,52.95401072374101],[4.778563188234272,52.95401597129902],[4.778533292240833,52.95402570420322],[4.778378695777167,52.95412107234589],[4.778360589941181,52.95413895311363],[4.778351361311075,52.95416047370019],[4.778354098660981,52.95417756199298],[4.778251942060319,52.95424713624592],[4.778201152370717,52.954261255862484],[4.778156464933764,52.95426462275439],[4.778114828637323,52.954262613279155],[4.778071779775164,52.954255204690796],[4.77791222873491,52.95417261429458],[4.776999948018772,52.95471344070038],[4.776792802797782,52.954841788544705],[4.775818656627701,52.955441600845425],[4.774945060951128,52.955979014828905],[4.774909640094714,52.955958164437746],[4.774241569716913,52.956376206900416],[4.7739157452494,52.95658302223534],[4.773961683175161,52.95659673768035],[4.773891381172904,52.95662243780256],[4.773834230731868,52.956665279716916],[4.773838682052607,52.95666620120936],[4.773816185197382,52.95667866685488],[4.773784545418815,52.95670636261691],[4.773710735975116,52.956769787915],[4.773695666344141,52.95678319030914],[4.773688011372899,52.95679842805974],[4.77368490891033,52.95680739863072],[4.773683218553698,52.95682176834735],[4.77368455477511,52.95683255900098],[4.773691767089645,52.95684877171346],[4.773700517994216,52.9568613977245],[4.773713758184554,52.95687224947807],[4.773731449722163,52.95688402272652],[4.775124498704836,52.957506739334],[4.775085103584157,52.95755686195061],[4.77609752793274,52.95783972505806],[4.778741101110826,52.95853977927239],[4.777440307840564,52.960358305824684],[4.777391808070636,52.96042096379173],[4.777345932340336,52.96050879727984],[4.777327219865882,52.96056980989356],[4.7773087757478,52.96071799275737],[4.777312058141517,52.9608024824427],[4.777324797461528,52.96084927715069],[4.777392539438933,52.961006886200735],[4.777423186861765,52.961050177660354],[4.777540679328797,52.96116220934142],[4.777991924647316,52.96156620567168],[4.778303206289666,52.96144287964495],[4.778328429561237,52.96144840001572],[4.778403409047698,52.96151438322007],[4.778582100590422,52.96150720534406],[4.778669876632246,52.96150944952658],[4.77879773251675,52.96151908683241],[4.778938693413601,52.96154945959085],[4.779098787410917,52.96159520653314],[4.779218601154862,52.961647937574],[4.782938998930883,52.96016426335119],[4.788559984452768,52.96503984822549],[4.781247363717808,52.968372928529654],[4.775990217397042,52.964112640249326],[4.7759272952445,52.964141973875996],[4.775829979487277,52.964182813989666],[4.775675933632336,52.96423594489001],[4.775544652564015,52.96425773941455],[4.775475978723006,52.964272665014164],[4.775420812608865,52.9642795718776],[4.775353702637004,52.96428911352571],[4.775297073468029,52.964294215548705],[4.775200261551573,52.96429911183021],[4.775012729507376,52.96429905023302],[4.774841580834139,52.96429817362133],[4.774718018256897,52.96430023653263],[4.774171881350933,52.964293842463114],[4.773569241778607,52.96428356127525],[4.773023003958986,52.964284350617426],[4.772522800432403,52.96429256336427],[4.771992717582574,52.96430870807806],[4.771480404471218,52.964331232505586],[4.7705539376765,52.96438127441412],[4.768791857805562,52.96447641486192],[4.768730699111555,52.96448598358402],[4.768672478638247,52.96449826342187],[4.768612808142628,52.964507839784076],[4.768508477203154,52.96451808362721],[4.768253806867725,52.96452934634947],[4.768078026739092,52.964540118497574],[4.767987204818545,52.96454234401993],[4.767932177651765,52.96453936302345],[4.767850387429261,52.964534446045775],[4.767722614585006,52.96451850695364],[4.767419521727828,52.96448098995993],[4.767066148487357,52.96442074516423],[4.766962201074298,52.964404030205145],[4.765429954520442,52.96414175275414],[4.765314089653526,52.96412587301544],[4.7652100025448,52.9641190409304],[4.765071814213194,52.9641030447993],[4.76495302442348,52.96408355489362],[4.764488309670695,52.964003851196985],[4.764000183233165,52.96389616553104],[4.763205844252832,52.96376171764433],[4.762949062963786,52.96371274857972],[4.762310684656018,52.96360067663979],[4.762006076004692,52.963565833888055],[4.761257806527497,52.963437005828595],[4.760708509812819,52.96334066875437],[4.76062383668653,52.96332944116651],[4.760485381195205,52.96333230993879],[4.759901936307893,52.96323039821006],[4.75952227482236,52.963136743040145],[4.758091402654418,52.962971957451074],[4.755076550987165,52.962631640025286],[4.754829668280925,52.96261955041423],[4.754192972410063,52.962701552139464],[4.753296831968004,52.96281632359221],[4.752409629105663,52.962930237152385],[4.751996599515966,52.96298286068011],[4.751968577549025,52.96286319136925],[4.751844200627691,52.962512955609995],[4.751824623727387,52.96242658117542],[4.752039550279395,52.96238458821839],[4.753008239550529,52.962295373324196],[4.752983047738756,52.962185604398684],[4.752668598612781,52.96221448968969],[4.752661667995173,52.96217940555831],[4.752613271738527,52.961925729394366],[4.752610612869416,52.961801701598496],[4.752636987799672,52.96162570623811],[4.75272295696602,52.96134308785753],[4.752725063106452,52.961198416386424],[4.752683817127455,52.96106699453982],[4.752569120111392,52.96086958126244],[4.752359424048218,52.96055304152153],[4.752286392726664,52.960458295347095],[4.752106933389704,52.960416004060875],[4.75198880122587,52.96035247081836],[4.751839864540269,52.9602582196085],[4.751125568228239,52.95994887949747],[4.750305404841178,52.959654248058484],[4.749534834811962,52.95942907161391],[4.7487186829194,52.95926834954081],[4.748510958634466,52.95922590182216],[4.747209692230603,52.95906347488786],[4.747022499718253,52.959041803476055],[4.74673344572332,52.95906541721018],[4.746705000842645,52.959076947253585],[4.745220725878051,52.95911481566947],[4.743871606083593,52.96108639146083],[4.743886434352536,52.96109006586999],[4.743860552468817,52.96112946720405],[4.743732148413746,52.961157532864775],[4.744288768988421,52.96206457047122],[4.744450085658778,52.96232784392458],[4.744566343849134,52.96251808422573],[4.74483817035618,52.96295808661059],[4.74498645731667,52.963197025673736],[4.744999890884543,52.96319440189553],[4.744973166320747,52.963391961332846],[4.744131528260845,52.96334070671931],[4.743157455020044,52.963287834049375],[4.74274251093705,52.96326762465777],[4.742266630594228,52.96324169316621],[4.741884321436716,52.96322884606587],[4.741573632703201,52.96320380348935],[4.741340477388593,52.96316929389425],[4.741196374787554,52.96315144085051],[4.741077585056141,52.96313282580812],[4.740935050838528,52.9631095890231],[4.740606971740531,52.96305299713843],[4.740158669754942,52.962974186030806],[4.739993826968102,52.96294992870936],[4.739855678429057,52.962932106280334],[4.739678970476736,52.9629050883144],[4.739227174261937,52.96286130214362],[4.738723385898481,52.96281094165871],[4.7384648019938,52.962785274986324],[4.738032582247177,52.962726313468906],[4.737584007037332,52.962666362848125],[4.73610609605267,52.9624687065453],[4.734136570140363,52.962204542761974],[4.734144603447805,52.96216504599758]],[[4.742245761404971,52.95831607472205],[4.742260442335656,52.95832963371246],[4.742662411264812,52.958620269125305],[4.742948011102898,52.95883029599281],[4.743105692641484,52.95893538935525],[4.743212101596313,52.95888473958556],[4.743337748829891,52.95884138256577],[4.743445353356022,52.958810509359274],[4.74353785160316,52.95879483178172],[4.743773322315636,52.95877183599394],[4.743916308062222,52.958763619104445],[4.744400230154562,52.95874555357645],[4.74508521098833,52.958716883909645],[4.745764318078547,52.95868278689112],[4.745824197128123,52.95865884463211],[4.745888236163767,52.95865559364144],[4.746261147195542,52.958596485606584],[4.74630740881112,52.958587747155015],[4.746370157833671,52.958571009221544],[4.746422556534837,52.958549722511954],[4.746483777785074,52.958535672282274],[4.746661238215914,52.95851056253504],[4.746989320889671,52.95846379310788],[4.747038215164058,52.95847843340583],[4.747033856614697,52.95847122085271],[4.747267432274061,52.958272971060225],[4.747823101408669,52.95833435710276],[4.747872496679434,52.95831485099576],[4.748034416182002,52.95833458864383],[4.748037589917543,52.958321125848286],[4.748436437012562,52.95842121097559],[4.748617965034089,52.95842307959739],[4.748739655461157,52.95844619595579],[4.748978756777695,52.95847982433377],[4.749001827412082,52.95842872441053],[4.749355153182795,52.9584872254464],[4.749373562006369,52.95844958034062],[4.749539697053408,52.958486412807616],[4.749528899492438,52.958512416081625],[4.750004854480761,52.95863177896101],[4.749957779020081,52.95869623085796],[4.750098631728861,52.95873202909692],[4.750141242866477,52.95866755335172],[4.75035179777296,52.95871989848852],[4.750298744246506,52.95878611596656],[4.750362520558661,52.958800834195465],[4.750559513227334,52.95886478916125],[4.750789165079549,52.95893430959827],[4.750823980867391,52.95889405568161],[4.750954379156231,52.95893249319614],[4.750983137620818,52.95889939619639],[4.75127047075765,52.958993486283696],[4.751196375585403,52.9590739706114],[4.751540007946221,52.95918543395474],[4.751814113998754,52.959166222395446],[4.752203656367924,52.9592932049171],[4.752549680396238,52.95944511731197],[4.752598472980114,52.95946694398341],[4.752621121243612,52.959444597963355],[4.752690616155131,52.959475521008955],[4.752666519077179,52.959495163399254],[4.752804008062978,52.9595579000796],[4.752823693184479,52.95953463964467],[4.752893201461053,52.95956466399106],[4.752866128258305,52.95958429062744],[4.752959302154451,52.95962432567905],[4.752843307159789,52.959720764378076],[4.752999619268023,52.959819546735446],[4.753061206272236,52.95978033287291],[4.753144824744351,52.95986345229706],[4.753012826567861,52.95993464405432],[4.753150746676941,52.96007017328179],[4.753391569005148,52.96019097097103],[4.753571509707073,52.960404905066845],[4.753776334327359,52.960340389200596],[4.75398163978425,52.961062194336776],[4.753944905880744,52.96123454052237],[4.753940623949239,52.96132438282829],[4.753849610101454,52.961749860647025],[4.753949042462877,52.96176925909667],[4.754418282800154,52.96184183874834],[4.754426794269163,52.961870640596786],[4.754777843969849,52.96188328222625],[4.755201800821473,52.9618972069706],[4.755254228069442,52.96197656532043],[4.755438434947746,52.9620000052758],[4.756004463312873,52.96206949558332],[4.756161975015332,52.96208650290707],[4.756233316083279,52.96209317005281],[4.756231775875185,52.96209675652076],[4.756323938344153,52.96210443216709],[4.756519999698219,52.96213152761316],[4.756777037357042,52.96216164028926],[4.756778590520947,52.96215715523334],[4.75686481352311,52.96216390048733],[4.757773939860843,52.96228192091188],[4.757796833513849,52.96224250088802],[4.757831039731346,52.96214113361577],[4.758989391691871,52.96231527434639],[4.759063696979083,52.96232285402654],[4.759081581019474,52.96232115070466],[4.759342478802576,52.96218682532446],[4.759547212718429,52.96212858966937],[4.759935496217334,52.962139614337325],[4.760162734064809,52.96217225928958],[4.760192497531361,52.962172415415075],[4.76022826540038,52.96216900843026],[4.760258132277744,52.962161975888264],[4.760541569956646,52.96211583373884],[4.760575617020562,52.9621285933142],[4.760564463362243,52.96217975784649],[4.760690247653712,52.96222984288269],[4.760987240511978,52.96237967622724],[4.761030087891465,52.9624014682639],[4.760923174459101,52.96248807712164],[4.760914154961113,52.962494320409085],[4.760869070346512,52.962524638254365],[4.760834325485845,52.96256040215777],[4.760841753504818,52.9625613397295],[4.760788207481292,52.96266260647983],[4.760871352422217,52.96267652189786],[4.760865231773927,52.96268817226451],[4.761128047801896,52.96273088691665],[4.761164942823153,52.96275264772537],[4.761282432667671,52.96275865488245],[4.761430903660552,52.96278369574198],[4.761503670378033,52.962794860440766],[4.761577899529042,52.96280783004692],[4.761683303452015,52.96282635463827],[4.762131076095304,52.96294462264429],[4.762187498830723,52.96295390416096],[4.762190565440973,52.9629476296533],[4.76223957296212,52.96295507507601],[4.762461147390255,52.96296791574446],[4.762473052998508,52.96296797796689],[4.762452985013566,52.963018197417846],[4.762506457268369,52.96302566606502],[4.762509523837814,52.96301939154922],[4.762565959630688,52.96302777430581],[4.762624231358184,52.96301190311117],[4.762726698444814,52.963027715486355],[4.762851089584649,52.963071500398264],[4.762928283149582,52.96308538329351],[4.762917621143729,52.963102401937476],[4.763048261514931,52.96312555035766],[4.763205638293526,52.96315243279933],[4.763591903637636,52.96320117825596],[4.76394104168227,52.96324433699416],[4.764279788624305,52.963285643263305],[4.764547191821354,52.96332028643015],[4.764792349225448,52.96334942127773],[4.765001841100937,52.96337477539079],[4.765172703723395,52.963395434886785],[4.765281163983157,52.963408580303955],[4.765518855654857,52.963439472111304],[4.7656911941827,52.96346103718801],[4.765774649746014,52.96345338323265],[4.76597419910557,52.96344543395758],[4.765974442480163,52.96342836090234],[4.766029634610948,52.96341966123458],[4.766015687446012,52.96335398742223],[4.766376680358706,52.963296552010966],[4.766347719338175,52.96313554352335],[4.766326045918834,52.96298535665478],[4.766603218820558,52.96285649194036],[4.766526031672922,52.962319597965724],[4.766416087195752,52.961574945849804],[4.766395902443676,52.96142476665498],[4.766374101683268,52.961283565546054],[4.766357933610401,52.961164859907456],[4.766346911731722,52.96110279587951],[4.766334824175765,52.96101107089621],[4.766311778908248,52.96085278896098],[4.766287284086581,52.96069180353629],[4.766281907670904,52.960651336397675],[4.76627659527446,52.96060637634511],[4.766272668592955,52.96056861268325],[4.766245402681391,52.960393234453456],[4.766225039808805,52.96025563533799],[4.766203265777695,52.960112636986096],[4.766189831526784,52.9600110198208],[4.766185981793017,52.95996786465297],[4.766169481807091,52.95987252209831],[4.765939086837239,52.95828700565499],[4.765818440145674,52.95829446636169],[4.765731520573515,52.95771079070418],[4.765655769092885,52.9574920248714],[4.765670428045961,52.957298891343335],[4.765596514594791,52.95726435826883],[4.765626864178535,52.9572231781984],[4.765501112969273,52.957067057712564],[4.76574918435959,52.956993759821415],[4.765774608430275,52.956984905506324],[4.766024205306773,52.956908919026745],[4.766134790659134,52.956876243640394],[4.766344005737861,52.95681442506037],[4.766354728852148,52.95679291315697],[4.76657278159376,52.95673743063365],[4.76707598538686,52.956616927389526],[4.767478891215294,52.95653813859243],[4.767687413126005,52.9565248411788],[4.767827992568945,52.956580387399306],[4.767984409617701,52.95656861674869],[4.768261480834048,52.95654848424603],[4.768377658333844,52.95654099794947],[4.769180471118205,52.95648943543594],[4.769591548679825,52.95646370213256],[4.769993697883207,52.956437921311924],[4.770096444817245,52.95643305994135],[4.770880581841177,52.956228619108096],[4.770964657829134,52.95617603226836],[4.770898245443601,52.956137047894316],[4.770947767671272,52.95610764778881],[4.77104088546313,52.95604701966362],[4.771064502408273,52.95606062115974],[4.771207141834354,52.95597059272772],[4.77130454758875,52.95602770964238],[4.7713841460901,52.955975998085314],[4.771373791167436,52.95586630943597],[4.771821174077416,52.95558733623757],[4.771892012259842,52.955629038839405],[4.771994106147151,52.955564861580555],[4.772067662426105,52.95551940901671],[4.772084422949718,52.955491637124304],[4.772028312094486,52.955460794236934],[4.772208450423456,52.95534939000583],[4.772246807347843,52.95537295226447],[4.772320350363881,52.955328398126476],[4.772282006114787,52.95530393730631],[4.772658785882276,52.955071327510524],[4.773029533961328,52.954844077432114],[4.773037935772584,52.95477582319459],[4.773107051181484,52.954728549869245],[4.773697457655678,52.954329885278185],[4.773829607418413,52.95424429311729],[4.773921166105542,52.95418814799368],[4.773904875016281,52.95418267249822],[4.774044602460504,52.954087233829675],[4.774104927309571,52.954030029675195],[4.774218487750164,52.953996463439985],[4.774449798997899,52.95373704096742],[4.77447340313064,52.95375154038423],[4.774569461498927,52.95369272187972],[4.774644636643993,52.9537434316076],[4.775061929016292,52.953484960992434],[4.775036849570244,52.95346955548419],[4.7754766315871,52.95319861750154],[4.775494624731199,52.953188824439756],[4.775534860264503,52.953184537111376],[4.77571648068994,52.95307223651936],[4.776926341101092,52.95263718304205],[4.777049451685346,52.952558730366924],[4.777073081200976,52.95257143210298],[4.777135608599515,52.95256905533528],[4.777608339711639,52.9522812033399],[4.778628864120973,52.951656450195074],[4.778659744556883,52.95168266830049],[4.77892990912614,52.95151509730546],[4.778709955696331,52.95138996386612],[4.778941059240418,52.95124915347724],[4.779730731411203,52.950744533594126],[4.78054563988271,52.950242732540616],[4.78029664430896,52.95028011034067],[4.779651066445316,52.950161802932506],[4.778453035761053,52.95071556613056],[4.778427743393672,52.95071543729952],[4.77842002841113,52.9507351683186],[4.777889817840185,52.95066596617047],[4.773940323235108,52.95018206120903],[4.772897670820079,52.95005179386904],[4.773258737641753,52.94892404430212],[4.771503230367707,52.94870382984405],[4.771158664300922,52.94866071618841],[4.771074042351588,52.94864769882316],[4.771023548969854,52.94864114793039],[4.767337279496953,52.94818354262732],[4.765601095412438,52.94796873332187],[4.764684717772083,52.94785702373042],[4.762618784593926,52.94760630402275],[4.762357507265505,52.947566296134305],[4.762298116169802,52.947557897714276],[4.761722940346539,52.94751624662942],[4.761165914446608,52.94745401883362],[4.761148049491356,52.94745482389893],[4.761143702602319,52.94744671325027],[4.760070215854594,52.94770888331758],[4.758133707999332,52.948183079425924],[4.75813225919924,52.94818037584064],[4.757987459987937,52.94821376236258],[4.757917317783542,52.94822867013872],[4.757863592083376,52.94824006971406],[4.757844161223825,52.94824625795833],[4.757695893162307,52.94831377467386],[4.757637189647656,52.94825774895165],[4.757437781314839,52.948363638009226],[4.756994336479411,52.94847183470066],[4.756991387047112,52.94847002184117],[4.75687025938686,52.94851251837023],[4.756477477550047,52.94871803487899],[4.756474580120385,52.948712627669366],[4.756330342420832,52.948809819514075],[4.755323570869323,52.94949466609914],[4.755021551474488,52.949698860366844],[4.755017127325306,52.94969614100546],[4.754620398798934,52.949967232189074],[4.753359539265382,52.95082954891153],[4.753258851585118,52.950898211118876],[4.752970307509833,52.95109528244792],[4.752756883145099,52.9512424273363],[4.752630613195983,52.95133072356192],[4.752615604382227,52.951339630395466],[4.752529870881732,52.95140297947386],[4.752365933769776,52.95152342687533],[4.752317826641352,52.951557320125744],[4.751975044818032,52.951799932189786],[4.751979468989915,52.95180265166215],[4.751606664819786,52.95206307614273],[4.751576580754547,52.952085382459536],[4.751489330239356,52.95215052002569],[4.75102641064606,52.95246797708036],[4.750931811138026,52.952526784552575],[4.75089876383775,52.95254817627019],[4.750906137471903,52.95255270878952],[4.75080998418433,52.95261600115487],[4.750297404068981,52.9529709343388],[4.750265130736976,52.95293930951626],[4.749155914188298,52.95369724751591],[4.748461534782548,52.95416982423027],[4.748162716434642,52.9543542478867],[4.747483221354741,52.954825101183395],[4.7465963692521,52.95543143450173],[4.744651106685039,52.95676897043938],[4.743903008364782,52.95724482641952],[4.743859392129835,52.957276044472415],[4.743736062669757,52.95736434710557],[4.743384630917402,52.957581725655906],[4.742963737345248,52.957867026320756],[4.742712925746056,52.9580220395763],[4.742456093770737,52.95818151308839],[4.742245761404971,52.95831607472205]]],[[[4.725760272883612,52.95280350662648],[4.725666290179637,52.95262325557645],[4.725068806922013,52.95267656211173],[4.725035569322857,52.95261167484417],[4.725032607295027,52.952610759778594],[4.725020936627217,52.95259541799078],[4.724840881635791,52.95240031086828],[4.724805569645365,52.95237405417765],[4.724508360939397,52.95215313482773],[4.724247981665624,52.95195668269325],[4.724377286417894,52.95186843308267],[4.723852309817284,52.95175318852553],[4.72384591845668,52.95187986336986],[4.723705339175737,52.95192671169985],[4.723690570440313,52.951919440469574],[4.723680237799154,52.95191399117576],[4.723665428041028,52.951909415678756],[4.723647642657956,52.95190482365875],[4.72364599071431,52.951915598343724],[4.723563996773476,52.95192592692642],[4.723555028847054,52.9519285730925],[4.723353216006419,52.95199035809759],[4.723149914775806,52.95205213449298],[4.722949588612023,52.95211392707907],[4.722716365413298,52.95218632028604],[4.722587782429972,52.95222694342059],[4.722643538970259,52.95227847679062],[4.722586700174159,52.95229793112621],[4.72233245390915,52.95238278784088],[4.72229656781751,52.95239427070742],[4.722256190801978,52.95240752588629],[4.722208333483535,52.95242343539424],[4.722181963754611,52.952396329023514],[4.722143828508584,52.952360170628],[4.722108668981672,52.95232402877961],[4.722070547569652,52.95228697178165],[4.721970897405342,52.95218666647078],[4.72196358169956,52.9521785378567],[4.721951884803475,52.95216499292614],[4.721935847863979,52.95214333594227],[4.72192277286932,52.952122594098874],[4.72190387002693,52.95209373191835],[4.721887942847626,52.952064886299674],[4.721883616529105,52.952055875667],[4.721872125402061,52.95202885205064],[4.721863555065982,52.952005439312735],[4.721860744003691,52.9519946398049],[4.721856554841625,52.95197664338589],[4.721850919011051,52.951955942948125],[4.721841217467829,52.95190915888337],[4.721809596507221,52.95183619178903],[4.721798078052358,52.95181096532113],[4.721787923978741,52.9517938343427],[4.721766100614435,52.951761361256146],[4.72175007763147,52.95173880566669],[4.721732511990567,52.95171983610475],[4.72171935491629,52.95170448570837],[4.721697380754553,52.951681896972936],[4.721495611596739,52.95135096685492],[4.721467864941072,52.95131666340357],[4.721451732495421,52.951301296400786],[4.720830092858758,52.95059957676392],[4.720877948672207,52.950583667797176],[4.721030511157426,52.95053149764635],[4.721497273925611,52.95036515137322],[4.723415132485199,52.94968295586678],[4.723848654001349,52.95062445766471],[4.723972562721327,52.950597287063296],[4.724040560585535,52.950724374763226],[4.724058263518187,52.9507343582006],[4.724079024016409,52.950738966670755],[4.724083323323687,52.950749774386246],[4.724068199547309,52.950765866259005],[4.724085519800549,52.95080100990866],[4.724125742492665,52.9508955918548],[4.72412924913491,52.95095851715756],[4.724120607503089,52.9510375508461],[4.724113439959015,52.951117491366006],[4.724088350567791,52.95120182571921],[4.724269601347635,52.9512199057042],[4.724358745834513,52.951228488052394],[4.724449364487584,52.951237977163814],[4.724534045672069,52.951246534629405],[4.72458158671969,52.9512512915007],[4.724828150607428,52.95127961794491],[4.724990060705259,52.9512975896396],[4.725097195257525,52.95119933119652],[4.725144613499554,52.95121217505665],[4.725203920454172,52.95122598340737],[4.725657589223556,52.95133363811981],[4.725688751108488,52.95133920253786],[4.725843141016541,52.95136252337667],[4.726195217336874,52.951399518728586],[4.726372183506284,52.95140588930804],[4.727347609949222,52.95174378104477],[4.727313376730532,52.95174449068503],[4.727195953568987,52.95183460637701],[4.726759929241108,52.95183848822435],[4.726758354064716,52.95204067677818],[4.727375222145015,52.95247543816687],[4.726821724661949,52.95257213169516],[4.725760272883612,52.95280350662648]]]]}},{"type":"Feature","properties":{"gezicht_uri":"https://linkeddata.cultureelerfgoed.nl/cho-kennis/id/gezicht/10134537","gezichtsnummer":"209","naam":"Laren - Brink"},"geometry":{"type":"MultiPolygon","coordinates":[[[[5.228494355029808,52.259711401491636],[5.228310788329094,52.25984597165816],[5.228307846122235,52.25984956281556],[5.228304503076388,52.25996550061939],[5.228183862232614,52.26011543432041],[5.228135045641695,52.26025018529429],[5.228117234831759,52.26031577209156],[5.22830883228803,52.26039422327162],[5.228260339742567,52.260438198209684],[5.228330495112671,52.260480535000774],[5.228393339873986,52.26051926682476],[5.228488379616495,52.26056613081702],[5.228560083362597,52.2605851013368],[5.228539513319036,52.26060304929244],[5.228458704103564,52.26067304549836],[5.228370542186195,52.26075112077095],[5.228197567247483,52.260789535788724],[5.228121876896161,52.26065641496475],[5.227960343474477,52.26077213987564],[5.227853647198232,52.26070818298712],[5.227673441748804,52.260720522953484],[5.227496562080877,52.260622317519655],[5.227483350629584,52.26063038867638],[5.227379571905058,52.26057003040644],[5.227285991580883,52.26052496504926],[5.227243366422424,52.2605662511706],[5.227238978737608,52.26056444768181],[5.227181638527962,52.26062458820356],[5.226902214279034,52.26053073698405],[5.226733383707889,52.260638361336355],[5.226683466735863,52.26067064958846],[5.226604184021016,52.260722671052186],[5.226517561303155,52.26077917637777],[5.226432406332496,52.260834784857124],[5.226225428864143,52.260959433391626],[5.226176985640329,52.26098902710229],[5.226075695055007,52.261050904796086],[5.225980276129942,52.26110919529704],[5.225791732952358,52.260996590979715],[5.225775585108653,52.26100645549277],[5.225468758397071,52.26119837468183],[5.225335304216125,52.26124313098586],[5.224966961346014,52.261433167109296],[5.224685209327728,52.2615756858959],[5.224894127632655,52.261724271018615],[5.224779667195182,52.261781635636886],[5.225099607442866,52.26201306029738],[5.224880955051379,52.26212331002221],[5.224515562043898,52.26230525977003],[5.22468063505606,52.262427720395536],[5.224847177032708,52.26254928402605],[5.224766532229461,52.26257164272983],[5.224743049849695,52.26258419335804],[5.224581809163736,52.26261542897914],[5.224420571537006,52.26264576560737],[5.224253451536495,52.262682385351475],[5.224128408330954,52.26242875787095],[5.22380852564859,52.26178299437864],[5.223680577813452,52.26152396970036],[5.223668942365277,52.2615014841809],[5.223645684708083,52.26145291804716],[5.2236238918428,52.2614043539342],[5.223603567066449,52.26135489307009],[5.223584707073157,52.26130543422827],[5.223568756779266,52.26126137207262],[5.223563006820099,52.26123170446502],[5.223558724905807,52.26120114011078],[5.223555907730861,52.2611705777828],[5.223553090559764,52.261140015454586],[5.223551734821143,52.261110353925645],[5.223550382387175,52.261079793623665],[5.223550494684533,52.261049235348175],[5.223552065104541,52.2610204766448],[5.223575923461149,52.260905466147136],[5.223593780825832,52.26082909477041],[5.223718358335063,52.260409537962175],[5.222627044355789,52.26004042445146],[5.222494669896802,52.26018943725486],[5.222275194399885,52.26012711575775],[5.222191853083616,52.26008745329931],[5.222109979944268,52.26004689405347],[5.221836455507063,52.259945848844694],[5.221508822393037,52.259822257767716],[5.221457250536353,52.259904873047695],[5.22107232161656,52.25982793688748],[5.220873264882621,52.2597899084543],[5.220883611682895,52.25976475723083],[5.22093525490855,52.25966326796755],[5.220997224455442,52.259542020083025],[5.22068398799777,52.25948675404048],[5.220462952878242,52.25945139029855],[5.220443737076848,52.25949809964697],[5.220406733005658,52.259601406901105],[5.220396295079978,52.259650824952644],[5.220264792774632,52.25995622381439],[5.220017262981996,52.259954975394294],[5.219999723946691,52.26033513352588],[5.219759454753728,52.26035007282837],[5.219283174446802,52.26041590711645],[5.219022266277703,52.260465867941036],[5.218761357523213,52.2605158281888],[5.218326021196199,52.260598793698456],[5.218192636681901,52.26062376893868],[5.218137642878759,52.260448428712735],[5.218082649508331,52.26027308845563],[5.218027653156273,52.26009864694019],[5.21797119595808,52.259923304525074],[5.217859716815851,52.25958071065018],[5.217788774881777,52.259363104833525],[5.217621750751928,52.2593763471287],[5.217569142309541,52.25934481446138],[5.217453277148684,52.25900131509275],[5.217411285121313,52.25887452713664],[5.217389582572762,52.25880439130323],[5.217369348172919,52.25873335879525],[5.217480685768531,52.25872722717977],[5.21774625643029,52.258604475422395],[5.217872335821574,52.25857319877822],[5.21799107814299,52.25854550661387],[5.218243249709811,52.25847935757511],[5.218449928066194,52.25843651131968],[5.218611106863349,52.258418765633195],[5.218772299128685,52.258397424634424],[5.219205921287783,52.25837467315439],[5.219548667628451,52.258369766852994],[5.219844545386032,52.2583647932443],[5.219935349745994,52.25836582048202],[5.219936953152439,52.257938903230105],[5.221184570733215,52.25800627193741],[5.221194799686344,52.25801257774127],[5.221227923448446,52.2581636189216],[5.22125529269535,52.258286789899564],[5.221307155916548,52.25851874734887],[5.222795491857348,52.258451619755476],[5.222796986361756,52.2584435328325],[5.222852652771112,52.25844091386678],[5.222936748002071,52.25787839574638],[5.222939942443157,52.25780649794884],[5.222326208981876,52.25782092317419],[5.222293144975612,52.25765280559741],[5.221137219905368,52.257742863517876],[5.221032143629992,52.25724928679376],[5.221024921214074,52.257222313303714],[5.220969276350592,52.25721953876937],[5.220964996601203,52.25718897429929],[5.22092252649148,52.257188015816915],[5.220918142751802,52.257185313319226],[5.219940024842719,52.257121019558106],[5.219961150239123,52.25695567425934],[5.2199645012907,52.25684333173],[5.219954944421776,52.256658169912455],[5.219208182522446,52.256610375033276],[5.219262649480474,52.2561484803728],[5.218777959084551,52.25612622041651],[5.218805568441897,52.25579640808824],[5.218594017569369,52.255582197413666],[5.21858817978788,52.25557679642012],[5.218582342007808,52.25557139542633],[5.218576504229152,52.255565994432196],[5.218569201903406,52.25556059134944],[5.218563364127761,52.25555519035466],[5.218557522950352,52.25555068813313],[5.218550220629419,52.25554528504921],[5.218542918310263,52.255539881964815],[5.218537077136931,52.25553537974227],[5.218529774820992,52.25552997665707],[5.218522469102941,52.25552547234494],[5.218515166790404,52.25552006925884],[5.218507861075457,52.255515564945796],[5.218500555361988,52.255511060632315],[5.218491785103273,52.255506554229086],[5.21848447939291,52.25550204991461],[5.218475709137601,52.25549754351016],[5.218468403430348,52.2554930391947],[5.218459629773289,52.25548943156262],[5.218450859522982,52.25548492515634],[5.218443550414839,52.255481319612855],[5.21843478016776,52.25547681320536],[5.218426006516628,52.255473205570816],[5.218417232866918,52.25546959793559],[5.218408459218632,52.25546599029965],[5.218398221026502,52.25546238057268],[5.21838944738118,52.25545877293536],[5.218380673737282,52.25545516529741],[5.218371896687887,52.25545245643237],[5.218361658501839,52.25544884670218],[5.218352881454846,52.25544613783572],[5.218342639864286,52.25544342687746],[5.218332398274974,52.255440715918304],[5.218323621231368,52.255438007049655],[5.218313379644463,52.25543529608885],[5.218303138058808,52.255432585127146],[5.218294361018589,52.25542987625634],[5.218284116026648,52.25542806406652],[5.218273874444442,52.255425353102325],[5.218263629454377,52.25542354091076],[5.218253384465149,52.2554217287183],[5.218243139476757,52.25541991652498],[5.2182328944892,52.25541810433072],[5.218222649502478,52.25541629213561],[5.218212404516592,52.255414479939574],[5.218200694987921,52.25541266564978],[5.218190446593184,52.25541175222546],[5.218180198198867,52.25541083880018],[5.21816995321597,52.25540902660048],[5.218159704822703,52.25540811317348],[5.218147991886423,52.25540719765202],[5.218137740082383,52.255407182996606],[5.218127491690206,52.2554062695668],[5.218115778755079,52.25540535404214],[5.218105526951478,52.255405339383984],[5.21809527856039,52.255404425951326],[5.218085026757013,52.2554044112914],[5.21807477495364,52.25540439663057],[5.21821631911067,52.25515473856165],[5.217835444285953,52.25517935950336],[5.217769309915582,52.25485480573133],[5.218686374781686,52.25478421378402],[5.218802462884385,52.254681019616555],[5.219042328519295,52.254764947338565],[5.220258225737296,52.25467499461098],[5.220266804002676,52.25473073098749],[5.22057296629258,52.25471049085777],[5.220585881370192,52.254781512555034],[5.220987257942023,52.25475601278784],[5.22098003260214,52.2547299380565],[5.221189516100854,52.25471495307454],[5.22121143032149,52.25472936429075],[5.221237774960293,52.25473389515714],[5.22122331730399,52.25468354327182],[5.221315618873176,52.25467378621622],[5.22131561552579,52.25467468499002],[5.221582268366546,52.25464539903393],[5.221540315468744,52.254506029606155],[5.221450154430426,52.25433423657481],[5.221321773088366,52.25420103734306],[5.221278002027407,52.25415693578895],[5.221118897413754,52.25401560421409],[5.220798038085206,52.25405110431316],[5.22053578851797,52.25407859714796],[5.220455207379285,52.254087471342125],[5.220411895007482,52.25392113621951],[5.220320908088444,52.253580370746484],[5.22041467204927,52.253570616458454],[5.220520178738307,52.25355368841804],[5.220671111172354,52.2535296340304],[5.22081710275365,52.25365207342351],[5.220961630648307,52.25377451057512],[5.221002656486433,52.25376917556695],[5.221237655693019,52.25397981979244],[5.221497276182683,52.25387143164139],[5.22145493297382,52.2538372187155],[5.221630959330831,52.253760170330885],[5.222149195434913,52.253813023913075],[5.222192464252629,52.25399284001388],[5.221823290846653,52.25402468035983],[5.221711190886294,52.25423933162213],[5.221683168232,52.25429232033929],[5.221892636092178,52.254280929203965],[5.22190545976001,52.254377116431705],[5.221922546952631,52.25450836197673],[5.221943921090679,52.25466837441792],[5.222129935034688,52.25466324153385],[5.222397971978705,52.25465552635253],[5.222409122829556,52.25480833422891],[5.222927617366219,52.254794675129766],[5.22294986650537,52.25511556992513],[5.222358161467282,52.25512373443119],[5.222364918678784,52.2552765361743],[5.22227263938511,52.25528000263205],[5.222319229074148,52.25575012866221],[5.222202048028759,52.255754459123516],[5.222248554298342,52.25585159205326],[5.222266138982975,52.2558489202439],[5.222287930979674,52.255896585881985],[5.222283530644387,52.255898377302444],[5.222296601869258,52.255928055212],[5.22230099887935,52.25592716256474],[5.222369314345832,52.256067467206194],[5.222478811054077,52.256161092702406],[5.22255073107267,52.25611895027621],[5.222555121451564,52.256119855166695],[5.222584465945114,52.25610551556431],[5.22258597037419,52.256094732319625],[5.222600629323802,52.256091157609916],[5.222616769443368,52.25608309106848],[5.222638784423812,52.2560705388086],[5.222700425639071,52.25603557221359],[5.222707775016223,52.256028392210105],[5.222764992565705,52.256001508432476],[5.222823674608451,52.2559746266626],[5.222872081437224,52.255954022034274],[5.222901415772854,52.25594237867353],[5.222949792700069,52.255929862975975],[5.22299816960009,52.255917347258574],[5.22303920710891,52.255909315225125],[5.223080244602928,52.255901283177344],[5.22311687515846,52.255896840114154],[5.223154970266397,52.2558923990711],[5.223168157923936,52.255890619806536],[5.223190142866898,52.255886156406305],[5.223270733335983,52.25587548280355],[5.22354767372095,52.25583811766761],[5.223851077847381,52.255772926311955],[5.223999011158734,52.25576953543461],[5.224119114600311,52.25576700477762],[5.224146944447742,52.25576614437206],[5.224171848472736,52.25576438114848],[5.224226069915363,52.25575546809802],[5.224281765753998,52.25574386071901],[5.224315493246029,52.255732223059034],[5.224340426822914,52.25572237083636],[5.224410873247269,52.25568202280402],[5.224435938153138,52.25563621961137],[5.224441934300446,52.25559847917622],[5.224467442441116,52.25543134151697],[5.224840816138811,52.255455222928326],[5.22507654579455,52.25547262310171],[5.225111685086326,52.25547536760214],[5.225326914568191,52.255491840399024],[5.225382567341042,52.255491916559755],[5.225590441656508,52.255517366594944],[5.225687004017146,52.25554446185603],[5.225887445332164,52.25560045967708],[5.225993511018508,52.25542983643285],[5.226062282837125,52.255447006942305],[5.226145181344242,52.25520265216953],[5.226180317239915,52.255206295126065],[5.226195147798927,52.25515508495357],[5.226209978323736,52.25510387477871],[5.226212936628175,52.25509578980086],[5.226227578716644,52.25509670850969],[5.226315476317356,52.25468428885116],[5.226142714941298,52.2546696732488],[5.225936315295393,52.25464242863184],[5.225756260934988,52.254619713513385],[5.225584918855642,52.25461768193004],[5.225595878463508,52.254826213494674],[5.225429017307151,52.254799920792664],[5.225415269830125,52.254552737924705],[5.224983466821475,52.25448923193552],[5.224763907776246,52.254456574546275],[5.225025909796265,52.25409472639286],[5.223841190512185,52.25367696135547],[5.223335912806194,52.25368435131791],[5.223352412289246,52.25357831830147],[5.223362928148259,52.253506430579684],[5.223374842338537,52.25345252036621],[5.223386753194445,52.25339950892508],[5.223400022732842,52.253375260281445],[5.223411774901985,52.25336538999337],[5.223530615469444,52.25330623513453],[5.223549630524504,52.25331255290028],[5.223659347339571,52.2533450607101],[5.223752978154538,52.25337125473569],[5.22434207029366,52.252869650166126],[5.224130684334869,52.25260691547533],[5.224157195794665,52.25256560820568],[5.224206960793854,52.252572867036356],[5.2242567258093,52.25258012584609],[5.224348900773567,52.25260362106204],[5.224410335475353,52.252623478779185],[5.224473234684843,52.25264333847948],[5.224533185350269,52.25266858676296],[5.224561141235865,52.2526326740629],[5.224998603441903,52.2527456222282],[5.224950037398949,52.25281116645386],[5.224879399497108,52.25290544128447],[5.224839701786914,52.25294852816771],[5.224791181166558,52.253001489486635],[5.225334436781112,52.25342196393363],[5.225711063346773,52.253755925682],[5.225870220688496,52.25388646579581],[5.226330848102584,52.25407763431506],[5.226100086150666,52.254308306260015],[5.226480076596357,52.2545254288794],[5.226466866772248,52.25453349993231],[5.226634929625964,52.25463259385191],[5.226939022356866,52.254779507196425],[5.226944873982678,52.254781312682574],[5.22701952912017,52.25479130038271],[5.227092716536488,52.254802184826985],[5.227205417092078,52.25482121169292],[5.227318117744161,52.254840238451294],[5.22736641160279,52.25485019029135],[5.227463063849614,52.25485211843259],[5.227550928950169,52.254854034633055],[5.227638794058359,52.25485595076823],[5.22768126208943,52.25485690683588],[5.227766207808426,52.254856122603506],[5.22781015001702,52.25485438427717],[5.227871692251167,52.25484547942015],[5.227936102451314,52.25485365518152],[5.227996103034616,52.25486631886345],[5.22804001634016,52.25487266941767],[5.228086823394527,52.25488891041033],[5.228155569512404,52.25491326989504],[5.228230109664919,52.25495561269405],[5.228262217058145,52.25498711308819],[5.228272436700634,52.25499611460497],[5.228265078770581,52.25500599127834],[5.228285495623046,52.25503028572826],[5.228305912497797,52.25505458017459],[5.228337901409388,52.25511933518469],[5.22833633429498,52.255148093984474],[5.228334770384182,52.25517595401011],[5.228334738327609,52.25518494174975],[5.228333260968133,52.255188534878314],[5.228324351924069,52.255222676484536],[5.228296134516741,52.255332289521604],[5.228770572465963,52.255353597925804],[5.229098492543814,52.25498014499449],[5.229591511249241,52.25513000023599],[5.229932560676152,52.255183482158046],[5.229958915992298,52.255185314757775],[5.230020423367678,52.25518629529619],[5.230055575423398,52.25518544323031],[5.230109782305393,52.25518012257406],[5.230210825832522,52.255182953077416],[5.230503685761056,52.25519682313089],[5.230953235645186,52.255215393459125],[5.231493568443278,52.255239474300254],[5.231782041801504,52.25525153785252],[5.231981507266482,52.25516911220827],[5.232174250502709,52.25533474019624],[5.232406815937358,52.25542042873479],[5.232469447921783,52.255519376287296],[5.232525950449081,52.255696509484245],[5.232575333431623,52.25581521276509],[5.232554636153969,52.255870909945024],[5.232523674410354,52.255930188809565],[5.232491244898949,52.255990364523505],[5.232458868381143,52.25603526107049],[5.232385424583682,52.256097180642016],[5.232265089362505,52.25616622897338],[5.232139076958639,52.25618314061318],[5.231928194575327,52.256178370055146],[5.231787605299794,52.256175489065335],[5.231717312237636,52.256173599120736],[5.231512313355246,52.25616164533042],[5.231231248283841,52.25612352633327],[5.231223893971057,52.256132504415106],[5.231146098670341,52.256181834585355],[5.23080128729752,52.2563629322795],[5.23032100146536,52.256335332841786],[5.230288043071104,52.2565447043987],[5.230255081198616,52.25675497471195],[5.230187643591292,52.256773759540685],[5.230190598116099,52.2567665732392],[5.230199559896981,52.2567171523475],[5.230179191922695,52.25667847785477],[5.230084120652108,52.25664240047668],[5.229994819046918,52.25663149647479],[5.229328576502596,52.25659016401598],[5.229354232490432,52.256376289088266],[5.228879792939302,52.25635228670596],[5.228318950427202,52.25632636882041],[5.22831712676724,52.256427029514256],[5.22831516202686,52.25656723625046],[5.22804263732716,52.25659832705295],[5.227247065246163,52.256681738890244],[5.227297706218114,52.25685437274956],[5.226924089817452,52.25689431203123],[5.226986653500396,52.25741658679754],[5.227068655509155,52.25742119174222],[5.227433249969967,52.257447749381754],[5.227714381291071,52.25746880070902],[5.227718845929553,52.25744903361562],[5.227759851826091,52.25744998768066],[5.227920936564523,52.25745649617439],[5.227934355900673,52.25739000468115],[5.228037190102629,52.25730296165783],[5.22815854382417,52.257361545472236],[5.228173231626382,52.25734988110959],[5.228360695037766,52.25735193058048],[5.228355583194476,52.25755324996224],[5.228452212525111,52.2575632662578],[5.228522504439759,52.257566056918904],[5.228712888414277,52.25757080608194],[5.228928231576342,52.257558511562074],[5.22887767932568,52.25735891521283],[5.229093104371026,52.2573232522773],[5.229373659232468,52.25750697768167],[5.229508540481988,52.25746851014744],[5.22991025996366,52.257351305175895],[5.229907391055192,52.25733422458082],[5.230149298502458,52.25726444137733],[5.23020176133686,52.257339109594035],[5.230289188175153,52.25746685207127],[5.230309699074376,52.25746508172544],[5.230335498636871,52.25762509840107],[5.230345516727037,52.25769162124608],[5.230229780122807,52.25770045547652],[5.230252596441784,52.2578757474264],[5.2302552976603,52.257940463010826],[5.230226020948184,52.25793593026907],[5.23005183176986,52.257906938065084],[5.229842529913333,52.25786711355951],[5.229747392829804,52.25784901138892],[5.229641434323791,52.25799177595026],[5.229038808226168,52.25776537838837],[5.228344523059072,52.25777972712649],[5.227852501571059,52.25816284337224],[5.227683559962775,52.258304622524356],[5.22746613251954,52.25848857851256],[5.227597738031264,52.25854807551067],[5.228064205865935,52.258759916822],[5.2280891338891,52.25875186136082],[5.228178574065201,52.2587250183191],[5.228317812313914,52.258698242116374],[5.228390580227719,52.25882866260893],[5.228466636664532,52.25885842437042],[5.228343179046494,52.258977796041776],[5.228222659721629,52.259094475198815],[5.228327945704774,52.25914225188512],[5.228536002063576,52.259121859289785],[5.228659082027743,52.25910854267269],[5.228737556793449,52.25928211191342],[5.2286098423198,52.25936283071591],[5.228410191578317,52.25949018925599],[5.228502296578796,52.2595379480855],[5.228635332861956,52.25960823116217],[5.228494355029808,52.259711401491636]]]]}},{"type":"Feature","properties":{"gezicht_uri":"https://linkeddata.cultureelerfgoed.nl/cho-kennis/id/gezicht/10134547","gezichtsnummer":"296","naam":"Alkmaar - Westerhoutkwartier"},"geometry":{"type":"MultiPolygon","coordinates":[[[[4.735422958438033,52.63319605261346],[4.735325182167385,52.63311552960141],[4.735282747761057,52.6330883350343],[4.735200819838787,52.63303486071125],[4.735183268636131,52.633023080971434],[4.735129138063057,52.632987733635616],[4.735072066852016,52.63295147141505],[4.735054502401082,52.63294059031293],[4.73500038534998,52.632904344261235],[4.734956487648239,52.632876242817666],[4.734937459556938,52.63286445493837],[4.734962795254319,52.63284931552482],[4.734914719641142,52.63280411527686],[4.734836013129494,52.63273268377038],[4.73482872130894,52.6327263526498],[4.734716536783899,52.6326214843497],[4.734692744759465,52.632632138533765],[4.73466452169415,52.63264276839326],[4.73461397023974,52.632664959177916],[4.734605054876352,52.632668505161334],[4.73457740476892,52.632640492756835],[4.734548117773378,52.63262325611953],[4.734498339262674,52.6325933247597],[4.734491020859073,52.632588790931976],[4.734455879214698,52.63256792720928],[4.734423678287963,52.632547978352285],[4.73436071353729,52.632510784692776],[4.734344613112756,52.63250081025236],[4.73430947160807,52.632479946486214],[4.734268475450039,52.63245545563636],[4.734265548107064,52.63245364209962],[4.734192337944291,52.632410100971335],[4.734171846591612,52.63239740619946],[4.734116213930436,52.632363847600466],[4.734075204652386,52.63234025534043],[4.734066422671071,52.63233481471567],[4.734058997666263,52.63233747011567],[4.734023856427484,52.63231660626467],[4.734001914843192,52.63230210603521],[4.733975555618023,52.63228668279942],[4.73394187811788,52.63226672569601],[4.733953774123122,52.63226139867926],[4.733943515175921,52.632255949929885],[4.733952430508669,52.6322524039957],[4.733926204718215,52.6322279941807],[4.733927695052635,52.63222710363967],[4.733907243878917,52.63221171285142],[4.733888256374596,52.63219722883275],[4.733818294498548,52.63213393325503],[4.733738207371586,52.63205620230001],[4.733616360227416,52.632104962677836],[4.733574750894142,52.632121809800246],[4.733487079058201,52.63205751792758],[4.733473932976668,52.63204755961118],[4.733411103237135,52.63200137887868],[4.733343522256964,52.63197674150661],[4.733382257666436,52.63195448627872],[4.733323992619558,52.63189934329898],[4.733328463625619,52.63189667169821],[4.733182594657998,52.631772743307565],[4.733090573289105,52.63170303482313],[4.73302812615538,52.63173055187],[4.732950821450033,52.63166451917264],[4.732896841296212,52.63161928558949],[4.732847091765611,52.63158755622097],[4.73284416453895,52.63158574264905],[4.732854570158044,52.631581306268934],[4.732842861253272,52.631574051981495],[4.732812125396613,52.63155500947149],[4.732822557733706,52.63154877578051],[4.732906016324037,52.63149890621942],[4.732870929741435,52.631474447398006],[4.732592911733382,52.631297664509006],[4.732363014315516,52.63106362726286],[4.732310833366718,52.63099683377994],[4.732231446356088,52.63087237163916],[4.732141961917159,52.63073167665389],[4.732113091776247,52.6306865810489],[4.732053874730942,52.63059638167778],[4.731984653808926,52.63048365887463],[4.731913929549322,52.63037272520189],[4.731831671207607,52.63024285455594],[4.731750850127107,52.63011568796337],[4.731667142592424,52.62998401174041],[4.731586335845565,52.629855946372615],[4.731504066043667,52.62972697414392],[4.731501179157818,52.62972246456739],[4.731420373371346,52.629594399080226],[4.731339541272796,52.62946813084902],[4.731278957677489,52.62937073366636],[4.731324955803744,52.62935660774872],[4.731373934476481,52.62934070079375],[4.731379868848419,52.62933893606882],[4.731304824387704,52.6292207883099],[4.731205235706185,52.62906475836509],[4.731097000750765,52.628894300913935],[4.730985906658539,52.62871753645434],[4.730968103745886,52.62872283057038],[4.730782569374554,52.628783818724266],[4.73078111929847,52.62878201325539],[4.730729173872944,52.62879880231535],[4.730715814939643,52.6288032222022],[4.73071727841668,52.62880412901476],[4.730469432743825,52.62888364592976],[4.730154790980199,52.62898526145704],[4.729820813991913,52.62909575655095],[4.729428994765516,52.62922210784901],[4.729095067908877,52.62932900626426],[4.729011958525721,52.62935550810064],[4.728989697546783,52.62936257470197],[4.728835696876039,52.629388683899194],[4.728819410659405,52.62939128990051],[4.728768846568085,52.62941437687465],[4.728687106171717,52.62944807591576],[4.728553243755443,52.6295102455397],[4.728407552268931,52.62957324819488],[4.728350894573701,52.629510023036026],[4.728140107586009,52.62928417188567],[4.727900377265946,52.62901861565517],[4.727461442514563,52.62854344791291],[4.727339365752827,52.628410656862044],[4.726772651096058,52.62779008134571],[4.726464578007679,52.62745404129429],[4.726767233664763,52.627265191941916],[4.727478333826428,52.62682516682921],[4.727608014986182,52.62674589929829],[4.728088082504291,52.626445689341786],[4.728149115674348,52.626413673374564],[4.728462134841797,52.62622218097356],[4.72844311136379,52.62621039204327],[4.728345067446449,52.626149633661925],[4.72830557073875,52.626124250260766],[4.728251427260258,52.62609069707183],[4.728191443982592,52.62605261782486],[4.728128534146557,52.62601272485782],[4.728065610968595,52.62597373051468],[4.728058321239453,52.62596739897191],[4.727995398188493,52.62592840459131],[4.727933952030552,52.62588941836713],[4.727928112198142,52.62588489232086],[4.727876895942773,52.62585315265487],[4.727831546496106,52.62582414170343],[4.727787633502837,52.62579783489827],[4.727771577406838,52.62578516358598],[4.727714521587981,52.62574889779528],[4.72765455270485,52.62570991961841],[4.727593120619299,52.62567003455966],[4.727521445504548,52.625623801503195],[4.727449770540361,52.625577568403195],[4.72736348967449,52.62552046940328],[4.727288874981202,52.62547332115442],[4.727217187033243,52.625427986570635],[4.727145512707472,52.62538175328604],[4.727078228392854,52.625338240531484],[4.727018287586777,52.62529746471696],[4.726948063485315,52.6252530368284],[4.726895452790371,52.62521589659102],[4.727001030437678,52.62516795144529],[4.727191402700166,52.62507913534346],[4.727350546896427,52.62500452531728],[4.72738772160803,52.62498765574791],[4.727421929321281,52.624971668431805],[4.727581072738721,52.62489705809377],[4.727582562952267,52.624896167630496],[4.72773277803936,52.62482600120896],[4.727741705824778,52.62482155707511],[4.727885986512249,52.624753155003894],[4.72803767736927,52.624682996383406],[4.728190871387532,52.62461104843868],[4.72833960779673,52.62454087305552],[4.728410988732326,52.62450801556991],[4.728587984039835,52.62442451549797],[4.728957539371002,52.6246979795199],[4.729107657556835,52.62463410195678],[4.729134588145157,52.62461088400636],[4.729147959395403,52.62460556563317],[4.729338204038399,52.624524833989604],[4.729394776570447,52.624494590160474],[4.729020857220083,52.624216609665105],[4.728641102942452,52.6239341019694],[4.728488882569677,52.623842486604865],[4.728778938339013,52.62370389128811],[4.729068992282827,52.62356529525585],[4.729291894580038,52.623473060965054],[4.729294861411478,52.623472178652754],[4.729601276676053,52.62332558328598],[4.72992404083789,52.62317188767154],[4.730138079227678,52.62307960278827],[4.730489111169807,52.62291168217271],[4.730535210023302,52.62289036726134],[4.730615527142155,52.6228521654255],[4.731000709358957,52.62316705119875],[4.731117491987908,52.623258467766156],[4.73115847784371,52.62328295974013],[4.731440066528813,52.62351369017279],[4.731613612793301,52.623661140752745],[4.731860808565585,52.62382157936522],[4.731874085606087,52.623822551291724],[4.731874018719316,52.623827044583486],[4.73187372441733,52.62384681506682],[4.732025590763533,52.623962689882426],[4.732019630394329,52.62396625195982],[4.732192144901069,52.62408403782188],[4.732214429435871,52.624075173289825],[4.73237043356108,52.624210842553886],[4.732394208217302,52.62420108746481],[4.732541486598354,52.624327721112046],[4.732538519773894,52.62432860350517],[4.732553086621244,52.624342164705176],[4.732557543540625,52.62434039178571],[4.732583790616024,52.62436300462348],[4.732962377668445,52.62462661978704],[4.733032553443762,52.62467463877011],[4.73312781264966,52.62462483396008],[4.73329716219901,52.62455836074594],[4.733390472240606,52.624639759847604],[4.733402379593199,52.624633534214546],[4.733440374480903,52.624660705128996],[4.733450604908333,52.62466795124554],[4.734674355586965,52.62410847391723],[4.734848317417578,52.62402944157364],[4.735055006048078,52.6239344113483],[4.735721190310898,52.623626204254],[4.735736050474514,52.62361999457066],[4.735804444404831,52.62358891375804],[4.736037895652014,52.623481446233264],[4.736280259103687,52.623370432125625],[4.736293642403411,52.623364214285864],[4.736577630932676,52.623234554122625],[4.736593489430278,52.62326070414279],[4.736594939564194,52.62326250954324],[4.736586012986756,52.62326695434581],[4.736620696708888,52.62331837188585],[4.736707439564094,52.62344466904172],[4.736984724240911,52.62336889513323],[4.737090399970438,52.62351327019659],[4.737247554171141,52.623471889167504],[4.737257930891566,52.62346924970777],[4.73729554243338,52.62352248051607],[4.737299866414807,52.62352969400993],[4.737334577709023,52.62357931402173],[4.73737073925915,52.62363073941382],[4.737405424183822,52.62368215672231],[4.737408337810393,52.62368486884401],[4.737453333275575,52.623738139960324],[4.737353902776603,52.62377084951702],[4.73743960961086,52.62386748230572],[4.737457064934862,52.62388555234733],[4.737572054654598,52.62399942098762],[4.737624447509258,52.62405183372682],[4.737671026406403,52.624097923553514],[4.737732147270255,52.62415937124808],[4.737781626820904,52.62420907180311],[4.737823510740386,52.62427311054848],[4.737824960957995,52.62427491593359],[4.737942192514621,52.624236910820045],[4.737991579621212,52.62429290190111],[4.737866964299589,52.62433086673099],[4.737901676861767,52.62438048656965],[4.737906040789562,52.62438500406296],[4.737939303210675,52.624432818506044],[4.737943667147501,52.6244373359979],[4.737978406385656,52.62448515849503],[4.737981306847618,52.62448876926136],[4.738000106851768,52.62451583387706],[4.738017483149025,52.62453929578877],[4.738062374211029,52.62459975593871],[4.738100000937543,52.62465208782208],[4.738094067466395,52.62465385288599],[4.738128754038059,52.62470526997341],[4.73816791067611,52.624754015261175],[4.738188187654521,52.624781087908424],[4.738145163252345,52.62479433397596],[4.738336530772698,52.625037137409315],[4.73840184573597,52.625114784793006],[4.738444883618678,52.625100639974924],[4.738497066937238,52.6251674308635],[4.738557991813437,52.6252423580068],[4.738516443833238,52.625255612264546],[4.738530920137272,52.6252754633452],[4.738562720383055,52.62532237088861],[4.738600401281719,52.62537110797049],[4.738606202424443,52.62537832947154],[4.738655498974795,52.625440610877575],[4.738681577735744,52.62547490493539],[4.738736635972676,52.62554710378045],[4.73884705740861,52.62567083223526],[4.738849958019643,52.62567444297961],[4.738880335053927,52.62571774774449],[4.738907837995129,52.625755644440545],[4.738913665707536,52.62576106860817],[4.738916579564276,52.6257637806919],[4.738920956967178,52.62576739948786],[4.738964717802404,52.625804486097515],[4.739001160961569,52.62583703913449],[4.739144086401181,52.62596004579625],[4.739221390433968,52.62602607455518],[4.739275423174052,52.626067710690734],[4.739389343233642,52.62615460971346],[4.739427316686749,52.626183576029845],[4.739457945884496,52.62620980612388],[4.739517740814844,52.62626135958294],[4.739525032244114,52.62626769042508],[4.739527946172003,52.62627040249357],[4.739565051197249,52.62625802240937],[4.739612559877072,52.62624120533281],[4.739680836191009,52.62621821024174],[4.739725364758157,52.62620317434981],[4.739891274677585,52.62637034308764],[4.740017906635129,52.62649685486931],[4.739936272744576,52.626524271080235],[4.740013499682038,52.62659569127204],[4.740089065109072,52.626679684598706],[4.740153014455705,52.62675013368811],[4.740214089624745,52.62681517471417],[4.740283840984654,52.626892845152],[4.740369932206312,52.62686365549406],[4.740435557145235,52.62692063258141],[4.740455955342836,52.626939616901346],[4.740505480693557,52.62698662032242],[4.740534621067907,52.62701374076096],[4.740553555729776,52.62703181837153],[4.740559383813673,52.62703724245743],[4.740594352347186,52.62706978696666],[4.740608922584732,52.62708334717578],[4.740640950739623,52.62711497694719],[4.740649706098106,52.627122214410456],[4.740659898687875,52.627132155881625],[4.740687549227633,52.627160166909064],[4.740710848507476,52.62718276188305],[4.740735611442225,52.62720626354219],[4.740737061875579,52.62720806889082],[4.740742890005377,52.62721349296756],[4.74074434043927,52.62721529831616],[4.740769090213092,52.62723969862706],[4.740814225329133,52.627283981848976],[4.740822980749669,52.62729121929928],[4.740910389976711,52.62737347901438],[4.740978745768041,52.627445749055376],[4.741014400927356,52.627431563177474],[4.741075056747572,52.62742470301634],[4.741115854178418,52.62746267143015],[4.741090602844992,52.62747242023002],[4.741041576983059,52.62749192584063],[4.741059048410614,52.627509096683276],[4.741098382255711,52.627546158416685],[4.741155187668193,52.627600390965085],[4.741212006408696,52.627653724826985],[4.741271713043227,52.62771156800417],[4.74130735513797,52.627698280698304],[4.741418764561439,52.62765484814798],[4.741509010677451,52.62774521139328],[4.7415398662872,52.62775616374363],[4.741571908780712,52.62778689460208],[4.741615607954808,52.62782847351884],[4.741624337255652,52.62783750822736],[4.741663671869947,52.62787456977196],[4.741752783691113,52.627840901865206],[4.741853263445932,52.62793851024553],[4.741740363697604,52.627982833840115],[4.741789852062022,52.62803253269488],[4.741817490709368,52.62806144211429],[4.741865528739669,52.62810933560164],[4.741932489419923,52.628176205115686],[4.741896847125406,52.62818949260717],[4.741899352921236,52.628220063040786],[4.741995442781962,52.62831495126787],[4.742040580232142,52.6283592340164],[4.742042017585381,52.62836193800763],[4.74208211691982,52.628346877198425],[4.742120713020183,52.62833360567954],[4.742156355364306,52.628320318121474],[4.742193474552999,52.6283070385655],[4.742230593719318,52.628293758997856],[4.742246931412334,52.62828755652085],[4.742389557923378,52.62843212704692],[4.742453352936144,52.62841270098251],[4.74255957194628,52.62852202336044],[4.742574380162043,52.628519407465966],[4.742636951394127,52.62858355657825],[4.742645681054085,52.62859259121067],[4.742648647964804,52.62859170856627],[4.742780859675392,52.62874161451794],[4.742617442119313,52.62880633588829],[4.742626145499729,52.62881716783937],[4.74273611237945,52.628973244330496],[4.742741940988894,52.62897866830766],[4.742787000930006,52.62902834272064],[4.742782557102138,52.62902921736282],[4.742813045560262,52.629065331827206],[4.742750660863758,52.62908925938013],[4.742781201963915,52.6291217792171],[4.742789944916357,52.629129915179206],[4.742804779635731,52.62912550193919],[4.742833922840112,52.62915262180457],[4.742871795904554,52.62918877627744],[4.742660971332922,52.62926312679204],[4.742649090349552,52.629267556028374],[4.742617341480965,52.629418370541245],[4.742584757479182,52.62942448497955],[4.742528477196858,52.62943496456475],[4.742228990748483,52.62920955638431],[4.742209698916962,52.62921574283154],[4.742181677389405,52.62921289461111],[4.742119924313996,52.629193686215544],[4.742103744313122,52.62918910476927],[4.742089028040237,52.62918542999368],[4.742074298598645,52.62918265387491],[4.742063973502118,52.62918169911522],[4.742046290272794,52.62917890696395],[4.742037442073016,52.62917796021664],[4.741963715872066,52.6291694715245],[4.741912011374738,52.62917008962084],[4.741879519685815,52.62916991325588],[4.741855876191159,52.62917068364351],[4.741839617170625,52.629171494113095],[4.741820404359484,52.629172288545405],[4.741796747685732,52.62917395757988],[4.741764190107042,52.629178274476466],[4.74173607638609,52.62918171676135],[4.74170496933379,52.62918783897742],[4.741687180692382,52.62919223604158],[4.741381911747248,52.629260679067286],[4.741275219038938,52.62928436514529],[4.741247039271896,52.62929230060679],[4.741206991545722,52.629303766494964],[4.741159480161032,52.629320584191994],[4.7411253004154,52.629334778130804],[4.741079226292281,52.62935429979712],[4.741044980533308,52.62937298700497],[4.741024119213805,52.62938545584124],[4.741001767786933,52.629398815304505],[4.740977899862677,52.62941486271089],[4.740944998973815,52.629442544501885],[4.740930018820859,52.6294568427517],[4.740919548541827,52.62946577313531],[4.740912045263448,52.62947382091725],[4.740875913366173,52.62952035845757],[4.740841099942267,52.62957768791675],[4.740846664469498,52.629601085153574],[4.74083474362297,52.62960821018286],[4.740868409032308,52.62962906400621],[4.740817745390534,52.62965934538143],[4.740810413623619,52.62965571059769],[4.740798519151223,52.629661038306494],[4.740781494460484,52.629713970815814],[4.740772052271988,52.62975346359998],[4.740770390585414,52.62976603678616],[4.740768689303679,52.629781305947326],[4.740766737256581,52.62981364961666],[4.740765075566143,52.629826222802585],[4.740766143340584,52.62985408924126],[4.74076735629576,52.62987207043829],[4.740771232732318,52.629909838179294],[4.740773909413112,52.62992872606491],[4.740776586096169,52.629947613950385],[4.740779421156523,52.629955717936106],[4.740803314650873,52.63003853101509],[4.740815973499706,52.63008173888379],[4.740825836884123,52.630114146791655],[4.740835713479808,52.63014565604019],[4.740841370451812,52.63016276266636],[4.740841278074677,52.63016905327417],[4.740842662625956,52.63017535191177],[4.740842570248973,52.63018164251959],[4.740843954800826,52.630187941157125],[4.740843862423994,52.63019423176491],[4.740843704063638,52.630205015664],[4.74084053905652,52.63021937813658],[4.740799105833314,52.6302245452457],[4.740813241662265,52.63026776114311],[4.740847263874383,52.63026435119752],[4.740899047868585,52.63035899936908],[4.740910493874443,52.6303842260312],[4.740919104777884,52.63040134871051],[4.740931922183175,52.63043377266486],[4.740943262669026,52.6304661885891],[4.740951768044314,52.63049050053146],[4.740954563587835,52.63050130048667],[4.740957345938219,52.63051299910003],[4.740960141484514,52.63052379905505],[4.740962923837778,52.63053549766821],[4.740965719386848,52.63054629762306],[4.740968264245692,52.63057417208357],[4.740969477302034,52.63059215327556],[4.740966035226019,52.630625387571996],[4.740962500783542,52.63066491247528],[4.740957792863292,52.630683760212015],[4.740948258257697,52.63072954360791],[4.740932433179436,52.63080135597428],[4.740921302812153,52.63085521926116],[4.740926907126417,52.630875920512985],[4.740931337982346,52.63087594459903],[4.74092331984629,52.6309190400451],[4.740920365939448,52.63091902398753],[4.740918875790587,52.63091991461685],[4.740917385641662,52.63092080524612],[4.740914431734706,52.63092078918841],[4.740912941585663,52.63092167981762],[4.740911451436561,52.63092257044681],[4.740909961287398,52.63092346107601],[4.740908457942515,52.63092525036328],[4.740906967793202,52.63092614099246],[4.740906954597513,52.63092703965054],[4.740905451252386,52.63092882893782],[4.740903947907138,52.630930618224966],[4.740887898349002,52.63101770776919],[4.740854546424003,52.63117660162886],[4.740843468652908,52.63122687027117],[4.740836927330556,52.6312699737372],[4.740830016467681,52.631338239626714],[4.74082162861314,52.631406497484605],[4.740814757297521,52.63147206739699],[4.740812857995189,52.63150081642195],[4.740806263809024,52.63154751451519],[4.74079837740691,52.63158162336591],[4.740790517389127,52.631613934899924],[4.740782842138745,52.63163366522209],[4.740773571115143,52.63166147543435],[4.740759855943053,52.63169016021117],[4.740738478663677,52.63173767664702],[4.740718776318353,52.631771721241314],[4.740688523852664,52.63182008813653],[4.740652270970574,52.63187471349985],[4.740611507823775,52.63193470670033],[4.740569214764077,52.63199828648385],[4.740537511393463,52.632044847988645],[4.740498185311385,52.6321075451543],[4.740448282450031,52.632186361902974],[4.740430135910542,52.63221502253323],[4.740401452265141,52.632257106779875],[4.740383345286537,52.63228307142919],[4.740366741700972,52.632307246795875],[4.740324487552003,52.632368130512305],[4.740312446994015,52.63238334340248],[4.740279345323351,52.63242450485055],[4.740258270984596,52.63245135206348],[4.740226791530026,52.63248263629875],[4.740204332599194,52.63250318486048],[4.740187860941773,52.63251837362398],[4.740167011096367,52.63252994363988],[4.74015212211772,52.63253795117534],[4.740147664671348,52.63253972437524],[4.740141730216919,52.63254148953644],[4.740137272769769,52.632543262736014],[4.740132828534389,52.632544137277684],[4.740126894078773,52.63254590243815],[4.740120972835054,52.63254676894066],[4.740116528599,52.63254764348178],[4.740110594142261,52.63254940864142],[4.740104672897754,52.632550275143096],[4.740100241873816,52.63255025102595],[4.740094320628993,52.63255111752713],[4.740088399383938,52.63255198402805],[4.740082491351812,52.632551951871],[4.740070662074186,52.63255278621365],[4.740058872437043,52.63255092458223],[4.740055918421064,52.632550908503035],[4.739964710827214,52.63262590529086],[4.739970526360833,52.632632228057005],[4.739977779261043,52.63264125483621],[4.73997904482713,52.63265564139841],[4.739975839711966,52.6326726998115],[4.739965236315539,52.632690616678424],[4.739960739199071,52.63269508584398],[4.739957719094643,52.632699563050224],[4.739953221976493,52.63270403221552],[4.739948724857429,52.6327085013806],[4.739944227737451,52.63271297054552],[4.739939730616558,52.63271743971026],[4.73993523349475,52.63272190887485],[4.73990683981421,52.63274422252916],[4.739833567261473,52.63280493718756],[4.73974833293734,52.63287547268515],[4.739700499828919,52.63291385755757],[4.739661594874736,52.632947797390386],[4.739639161886803,52.632966548527236],[4.739594229736994,52.63300854407525],[4.739571783465552,52.63302819385643],[4.739522301089237,52.63307825315633],[4.739480269864762,52.63312385938198],[4.739435191909464,52.63317574009926],[4.739423111141567,52.63319364886772],[4.739398989258342,52.63322677042852],[4.739365740587488,52.6332778168425],[4.739364223870928,52.63328050476638],[4.739341459871635,52.63332172227915],[4.739341433414447,52.633323519593894],[4.739312576022061,52.633377286109194],[4.739291077286321,52.63343289017744],[4.739278639180726,52.633475062677604],[4.73927228120314,52.63350558482874],[4.739267400257513,52.63353611502882],[4.739265341086377,52.63357564790045],[4.739266407991558,52.63360351432599],[4.739270362835325,52.63363589013661],[4.739280252326012,52.63366650082979],[4.739287359725776,52.63368541287898],[4.739297421224671,52.63370434102589],[4.739311860956268,52.63372688794786],[4.739329294485741,52.633746754993616],[4.739330745075742,52.633748560356864],[4.73935110626254,52.63377024081127],[4.73937297097512,52.63379013199575],[4.739386092457721,52.63380188697308],[4.739415315999731,52.63382361570406],[4.739460628418502,52.633856216834026],[4.739492845815326,52.63387526566814],[4.73952797767094,52.63389702655782],[4.739585172801254,52.63392519872321],[4.739589577515762,52.63392702017431],[4.739610124039389,52.633936119382064],[4.739648315892451,52.633950707068394],[4.739729170505067,52.63397721056372],[4.739796811022362,52.63399824967484],[4.739861537144732,52.63401657669139],[4.739961699491654,52.634035995316296],[4.740051535732259,52.634054458921675],[4.740151671825216,52.6340756747012],[4.740173774865648,52.63407938990614],[4.740207667963085,52.63408496672481],[4.740284316543323,52.63409616855468],[4.740335974014935,52.63409914580588],[4.740421630290651,52.63410051053363],[4.740569296691503,52.63410400993034],[4.740694820412016,52.634106490011824],[4.740811481784443,52.634108921779166],[4.740935541669498,52.63411049491875],[4.741037445654593,52.63411194751825],[4.741185151719878,52.63411275017775],[4.741321028116938,52.634114387119865],[4.741465766889942,52.63411607204015],[4.741549932992468,52.634118326590205],[4.741555880787336,52.63411566270214],[4.741563239724637,52.63411750012228],[4.741625922214359,52.63407380276869],[4.741633399786306,52.634067552266785],[4.741777229058178,52.63413124417685],[4.741855025745354,52.63416491945117],[4.741963603733566,52.63421493885046],[4.741590619502188,52.63436569802439],[4.741684690596736,52.6343976643199],[4.741645825399154,52.634428908817966],[4.741710091605806,52.634478687838865],[4.741762673155703,52.6345194161026],[4.741784592047914,52.63453571221248],[4.741315027163901,52.63472459154648],[4.7412510378255,52.634756598157146],[4.741200447674004,52.63478148770498],[4.741193009492942,52.634785042206325],[4.741139438722896,52.63481171299126],[4.741372857712207,52.635011600226186],[4.741380295917172,52.63500804571377],[4.741391980769754,52.63501709647244],[4.741406487939116,52.63503514984878],[4.741342550968001,52.63506356187658],[4.741297934834868,52.63508399027219],[4.741286038950984,52.635089318020505],[4.741281581291199,52.63509109126152],[4.74107316722192,52.63489852957284],[4.741012250386689,52.63492246419178],[4.741007792732848,52.6349242374226],[4.740946875826544,52.634948172007796],[4.74091716249163,52.63495969397447],[4.740884468566861,52.634972997189244],[4.740881501190101,52.63497387978753],[4.740836871736077,52.634995206667504],[4.740822325216859,52.634979849193485],[4.740820874525201,52.63497804384884],[4.740730204420285,52.63501619622891],[4.740681156777238,52.635036600298626],[4.740641037655901,52.635052559257346],[4.740638123080048,52.6350498472208],[4.74058906215309,52.63507114990941],[4.740537033786963,52.63509333516716],[4.740538484470741,52.63509514051524],[4.740517659903785,52.63510491326932],[4.74048793314503,52.63511733378506],[4.740489397033422,52.63511824047656],[4.740458166750036,52.6351324502647],[4.740456702861816,52.6351315435728],[4.740443329768665,52.63513686320175],[4.740377954558371,52.635162570702484],[4.740330410103785,52.63518118534776],[4.740279884994778,52.635201581214154],[4.740123864876529,52.635263643223674],[4.740058489291645,52.635289350547296],[4.740061417062162,52.63529116394083],[4.740062867732886,52.635292969294575],[4.739805293571888,52.635429971329806],[4.73974726341778,52.63545841466564],[4.739741407880747,52.635454787863196],[4.739524647884125,52.6353277852255],[4.739449950633484,52.63528423930325],[4.73944849998823,52.63528243394203],[4.739445559016387,52.635281519190436],[4.739442631271957,52.6352797057818],[4.739441180627153,52.6352779004205],[4.739438252883144,52.63527608701173],[4.739436802238637,52.635274281650375],[4.739435351594252,52.635272476289025],[4.739433900949982,52.63527067092768],[4.739432450305832,52.635268865566246],[4.7394309996618,52.63526706020482],[4.739431026116845,52.63526526289092],[4.739429588700542,52.63526255887252],[4.739429615155643,52.63526076155861],[4.739398437342611,52.63527137643931],[4.739327351368877,52.63528357131414],[4.739088370811276,52.6351609404293],[4.738822593798402,52.635252959180356],[4.738729224784626,52.635173361813145],[4.738659198245787,52.63511366373893],[4.73867708228439,52.63510297654051],[4.738485371376973,52.63498060225358],[4.738378630278656,52.634906324014814],[4.738307339560127,52.63483223916016],[4.73830139147224,52.634834902884734],[4.738257595746689,52.63479961341179],[4.738218178328504,52.63476794273789],[4.738212230243947,52.63477060645806],[4.738209302584386,52.63476879301898],[4.738163181712062,52.63479100948859],[4.738167559947704,52.63479462830578],[4.738128877460978,52.63481329045021],[4.738120107738972,52.6348069514697],[4.73807628567684,52.63477345924376],[4.738023680731808,52.63473452667066],[4.737978394992421,52.634700127686365],[4.737957954510474,52.63468383894328],[4.737920775628754,52.634700711772645],[4.737869621468294,52.634663584510996],[4.737838934317357,52.634640948680634],[4.737831628488924,52.634635516402874],[4.73783757657814,52.63463285270166],[4.737824375702648,52.63462648949721],[4.737813969861239,52.63463092630874],[4.737803564017732,52.634635363119415],[4.73779918582788,52.63463174428878],[4.737775844334864,52.63461184475125],[4.737752476339854,52.634593742522824],[4.737724756710468,52.63457022414257],[4.737723306159506,52.634568418760125],[4.737751542987803,52.63455688952331],[4.737794643369967,52.63453915036084],[4.737769838115586,52.634518344097074],[4.73774371495206,52.63448674587712],[4.73774372821374,52.63448584722022],[4.737705669155604,52.6344622723554],[4.737722009777938,52.63445607051439],[4.737650601521072,52.63439007317273],[4.737634565982337,52.63437560589581],[4.737502310879485,52.63442880702151],[4.737468723010896,52.63440256032449],[4.737455575327994,52.63439260245152],[4.737440977117824,52.63438083919116],[4.737391888858491,52.63440393787598],[4.737339324770406,52.6343623090277],[4.737339338040296,52.63436141037085],[4.737418113577776,52.634328587935656],[4.737386042708644,52.63429965331669],[4.737330993163879,52.634326314312666],[4.737288582892092,52.634297323152],[4.737285602218259,52.63429910431744],[4.737263247156823,52.634312463055906],[4.737254464387715,52.634307022668],[4.737213491433019,52.634280735525586],[4.737171894683607,52.63429668524037],[4.737100447686808,52.634233383537996],[4.737062575048779,52.63419722727091],[4.737036372927487,52.63417102083529],[4.737026179534234,52.63416107906896],[4.736964952884152,52.6341059217365],[4.736908131003018,52.63405258592224],[4.736922994527438,52.63404637611156],[4.736930857826537,52.63401406485767],[4.736929367492048,52.63401495543599],[4.736898707834294,52.63399052204715],[4.736857841623116,52.63395704552603],[4.736816842670174,52.63393255555932],[4.736770121490533,52.63389545206036],[4.736746780852942,52.633875552318635],[4.736742309852265,52.633878224046725],[4.736708683009111,52.633854673103414],[4.736568533513204,52.633742463765195],[4.736377090762546,52.6338025295671],[4.736292684563269,52.63371668818451],[4.7362868295429,52.63371306121122],[4.736250235687463,52.63369039262167],[4.736181439341314,52.63364777564268],[4.736117034372073,52.63360787886006],[4.736073121960008,52.63358067648822],[4.736049702029106,52.63356616854985],[4.735985310595974,52.63352537303865],[4.735916528063007,52.63348185724866],[4.735815277458448,52.63343636607727],[4.735756767970258,52.63339740012463],[4.73571872422102,52.633372925963826],[4.735696794854655,52.63335752739234],[4.735680693817466,52.63334755313399],[4.735638258967726,52.63332035869463],[4.735635331510764,52.6333185451918],[4.735579723179683,52.633283189967926],[4.735515345903074,52.63324149554389],[4.73549597151967,52.63325307283189],[4.735422958438033,52.63319605261346]],[[4.728187324101842,52.626426467438215],[4.728182866795514,52.62642824019226],[4.728242810218618,52.62646901541269],[4.728245804178169,52.626466335813085],[4.728187324101842,52.626426467438215]]]]}},{"type":"Feature","properties":{"gezicht_uri":"https://linkeddata.cultureelerfgoed.nl/cho-kennis/id/gezicht/10134578","gezichtsnummer":"222","naam":"Haarlem Zuidwest"},"geometry":{"type":"MultiPolygon","coordinates":[[[[4.618601131762746,52.36724957407962],[4.618675098963145,52.36721769777253],[4.618669382142314,52.36720867273189],[4.618691466400407,52.36720522093416],[4.618687108716536,52.36720249626621],[4.618682860026488,52.367193480757294],[4.618528771467919,52.366934526811576],[4.61844550494763,52.366825232183665],[4.61831604979209,52.36658531254779],[4.6184880835507,52.36657115034354],[4.618508652673352,52.366570385120184],[4.618615949322398,52.36656389147076],[4.618726151022414,52.36655921416862],[4.618840788164213,52.366552767968116],[4.618945132938827,52.366547153653364],[4.619043589685402,52.36654239983167],[4.619150855069547,52.366537703080446],[4.619253684985524,52.366534775043355],[4.619365354658518,52.36653010666977],[4.619460875105235,52.3665253334554],[4.619550523094762,52.36652052208242],[4.619647511610799,52.366515758237654],[4.619814969338906,52.36651145115571],[4.620081209964882,52.36648351662177],[4.620085521039085,52.366488937314536],[4.620203000067901,52.3666577727683],[4.620447864846601,52.367017078484444],[4.62054530538335,52.36715612362297],[4.620854689423334,52.36760572549972],[4.620973502752969,52.36778265789263],[4.621019334867938,52.36784946516848],[4.621135352874532,52.3680182901621],[4.621355171072813,52.36829833803919],[4.621539233898096,52.36852332790825],[4.621982238156545,52.36905917600934],[4.622287683436677,52.36939819698055],[4.622379819981736,52.36950484971426],[4.622443042087048,52.369585250623686],[4.622470302818782,52.369622277191326],[4.622543616842211,52.36971352873674],[4.62270786445457,52.36989614546661],[4.622817358450178,52.37001818938815],[4.622834636433984,52.37003807436594],[4.622850523642557,52.370053456402864],[4.623100052570066,52.37031481802944],[4.623175007557758,52.37039619304349],[4.623222669954376,52.37044233900879],[4.623339585319232,52.37055993635585],[4.623429084344077,52.370649494167594],[4.623434864477718,52.37065492420789],[4.623629890665456,52.370841333322204],[4.623715187185948,52.370919179512306],[4.623770114647542,52.370969866057834],[4.623933460453622,52.37112011869007],[4.62350923724902,52.371281861676614],[4.623775624100891,52.37150288490019],[4.623830505946882,52.371556267488074],[4.624365591623105,52.372035177151545],[4.624562281514662,52.37221080985862],[4.62473347048692,52.3723323505244],[4.625134583696084,52.37257580918432],[4.625842289625251,52.372923700710224],[4.626630241063379,52.37330266236404],[4.627733845669649,52.373772624262074],[4.628097419352424,52.37389449513828],[4.628835781762824,52.37416976300882],[4.629114104155133,52.37429647735514],[4.629507988442823,52.37462166453858],[4.629740667679816,52.374841559446494],[4.629907547688471,52.37504485479346],[4.629971753314348,52.37515491786065],[4.63007899411491,52.37541086010115],[4.630086059971808,52.37542708350812],[4.630134221467203,52.37553075234292],[4.63015529643649,52.375586612087254],[4.630194709134483,52.375686629790124],[4.629899035796315,52.37571529777185],[4.629419134208839,52.37578233277742],[4.628797525060543,52.3758916001169],[4.628610189932589,52.37593983341316],[4.628528950011614,52.37596717535265],[4.628193418077944,52.37609355179251],[4.62738280639044,52.37643348778973],[4.627150459215628,52.376537154899886],[4.626852929175111,52.37667365820259],[4.626658774640156,52.37677667083214],[4.626344810920411,52.3769292455223],[4.625654736170556,52.37717557133616],[4.625015723837118,52.37727032633059],[4.62407339982744,52.37740986038504],[4.624057200247094,52.377412452341105],[4.623875638137953,52.37720995289663],[4.623513739705044,52.37681934167845],[4.622800209927931,52.37603997961348],[4.622680453232495,52.37591607204037],[4.622505997636909,52.3757279969187],[4.622335933244295,52.37554084868552],[4.622301512985382,52.375492990402904],[4.62209817329264,52.375276865519766],[4.62189359982067,52.37504725043015],[4.621805997761554,52.374932537680586],[4.621735163604618,52.374867366777735],[4.621553560417864,52.37466845847067],[4.621529094483242,52.37463953893394],[4.62071465160134,52.37375525117321],[4.619907567191363,52.37287190398617],[4.618954926253983,52.37183121676409],[4.618504013471338,52.37132856154004],[4.618514462681759,52.371318742677],[4.618220467567807,52.37099776224418],[4.616345737471149,52.368944412554804],[4.615014320816799,52.367488679007366],[4.61523585562753,52.36741462527488],[4.615438818264264,52.36739527641721],[4.615447861628313,52.36738185348137],[4.615458294943601,52.36737293357075],[4.615468696983337,52.36736581104109],[4.615485002833861,52.36735692941224],[4.615502714273454,52.36735165211563],[4.615526251347199,52.36734910917084],[4.615695196358535,52.36734391880489],[4.615878838312046,52.36733792516747],[4.615925849894336,52.36733643388761],[4.615974313983356,52.36733585084496],[4.615989010960943,52.36733504780099],[4.616072725916543,52.367333795572605],[4.616075490329915,52.36734370030142],[4.616085751655488,52.36734466593687],[4.616087141675378,52.367349168955634],[4.616169216683314,52.36735779269734],[4.616261553058193,52.36736738200242],[4.616346548789823,52.367376923434826],[4.616375864672208,52.36737981070823],[4.616441790285743,52.36738832910195],[4.616444726559966,52.36738834821991],[4.616484225726292,52.3673966945256],[4.616523756136172,52.367403243435845],[4.616541342559844,52.36740515551271],[4.616607283855918,52.36741277512317],[4.616635131641233,52.36741565277548],[4.616733356402888,52.36742438124797],[4.616777353727251,52.36742736397503],[4.616824349767777,52.367426771029635],[4.616915421174784,52.36742466728542],[4.617006523782598,52.36742076608869],[4.617016816355348,52.36741993426104],[4.617096189441949,52.36741505788846],[4.617141748531251,52.36741265788361],[4.617196116444004,52.367410315159525],[4.617366748004683,52.3673925502798],[4.617472672238425,52.36738065597693],[4.617571240138856,52.36736961254565],[4.617658047307563,52.36735939137273],[4.617746322572756,52.367349179678925],[4.617836065933497,52.36733897746085],[4.617925809253288,52.36732877517461],[4.618012616261648,52.36731855374126],[4.618121476418092,52.36730667793587],[4.618139140781297,52.36730409631828],[4.61820241080057,52.36729641821028],[4.618218607020558,52.367293827043646],[4.618315706411233,52.367282773454505],[4.618411337620102,52.36727171025097],[4.618505500648185,52.3672606374367],[4.618601131762746,52.36724957407962]]]]}},{"type":"Feature","properties":{"gezicht_uri":"https://linkeddata.cultureelerfgoed.nl/cho-kennis/id/gezicht/10134601","gezichtsnummer":"208","naam":"Bussum - Brediuskwartier"},"geometry":{"type":"MultiPolygon","coordinates":[[[[5.164811343247494,52.28044693739802],[5.164832797100018,52.2802591336584],[5.165041160666274,52.280202902345785],[5.165218710907714,52.2801547018204],[5.165318489484214,52.280127925773265],[5.16545348568209,52.280091329141534],[5.165578210768025,52.280057409437475],[5.165710271363809,52.28002170578752],[5.165839396577986,52.27998689527203],[5.166000808396582,52.27994225846981],[5.167057286229763,52.27965572257469],[5.167234415310702,52.279395407206046],[5.166931953559146,52.27892478467144],[5.166606262832629,52.27841187553079],[5.166489957361304,52.278226510745306],[5.166426006263762,52.27812123462223],[5.166424563271725,52.27811673804967],[5.16658594543316,52.27807659426595],[5.16675611901385,52.27803646664784],[5.166921896436452,52.27799633059743],[5.167012855210803,52.27797403056931],[5.167095013309058,52.27795351164565],[5.167155165440093,52.27793834438117],[5.16724171925044,52.277917833533394],[5.167254924550568,52.277914262987316],[5.167294709216848,52.27786939817236],[5.167384561883238,52.27777429495844],[5.167367009646028,52.27776797090533],[5.167396461673786,52.27773836603956],[5.167449517833377,52.277676449093065],[5.167459832442445,52.277664784170454],[5.16756295605493,52.27755262873147],[5.167599778503786,52.27751404974193],[5.167652816375315,52.2774557277719],[5.16774855951659,52.27735434377855],[5.167650550986892,52.27732090718065],[5.167413573694457,52.27724047599271],[5.167394556405036,52.2772341492203],[5.167289239885165,52.277197103635935],[5.167205862394965,52.277168187750185],[5.167109319939477,52.27713475342819],[5.167027412384566,52.27710494137524],[5.167123160639398,52.27700265911446],[5.167329401524617,52.276779247470316],[5.167367440141332,52.2767910022661],[5.167487381593113,52.276833467609855],[5.167601471156965,52.27687412441426],[5.167645353178431,52.27688948507341],[5.1678077164785,52.276946409247195],[5.167920350232288,52.27698526548975],[5.167962767222677,52.27700062331433],[5.168120744426037,52.27705574137363],[5.168280182854398,52.277111760701274],[5.168322600089851,52.27712711839644],[5.168438160846454,52.277166878335606],[5.168596134815201,52.27722289452615],[5.168638556680187,52.27723735333995],[5.168707300286391,52.27726264607705],[5.168759961399497,52.27728071886542],[5.168890135880159,52.27732859433232],[5.168935475241535,52.27734575475169],[5.168977888519287,52.27736201097897],[5.169030523421815,52.27738547625307],[5.169097780190359,52.277415259898426],[5.169150419623195,52.27743782635122],[5.169189893728922,52.277455874635066],[5.169220598279179,52.27746941286461],[5.169258611576069,52.27748655965722],[5.169302477171297,52.27750551477091],[5.169324403382238,52.27751634047324],[5.16942235202423,52.27756235843107],[5.169435504265264,52.27756957285372],[5.169531987868126,52.277615588022556],[5.169571444704646,52.277637231249415],[5.169607979823395,52.27765707153631],[5.169612366852425,52.277658877158665],[5.169713198336287,52.27771478671058],[5.169771651231944,52.277747250107886],[5.169808182139713,52.27776798910032],[5.169843247804416,52.277788725388675],[5.169879774390375,52.27781036312655],[5.169908996562473,52.277827493555144],[5.169971801713478,52.277868952605736],[5.169995171611998,52.2778842747127],[5.170109130242469,52.27795279088975],[5.170131039333514,52.27796721151254],[5.170160252938222,52.27798613941402],[5.170247885137819,52.27804472061016],[5.170293164420298,52.278074463254654],[5.17036181391183,52.27811952791566],[5.170424992053384,52.27808459147046],[5.170464427853313,52.278110728236214],[5.170714230747459,52.27796648282871],[5.170774110648333,52.27800703732072],[5.17087990822458,52.27794611411418],[5.170878552169942,52.27792364224077],[5.170880104833147,52.27790566956578],[5.170884531259279,52.27789938623114],[5.170941830087335,52.277868033859356],[5.171010899095765,52.277826816440836],[5.171013834019106,52.27782592302955],[5.171124017937081,52.27776680517217],[5.171168098403419,52.27774171997176],[5.17121805300619,52.27771394915425],[5.171316514192484,52.27765480970978],[5.171334149785038,52.27764405658835],[5.171381199784694,52.27761088774588],[5.171437102344886,52.277565152172976],[5.171485647950559,52.27752569458643],[5.17155630749566,52.27745841525072],[5.171557785828014,52.277455721618644],[5.171590200228002,52.27741893090445],[5.171649180876649,52.2773426424638],[5.171684560463151,52.27729866692043],[5.171746488713329,52.27721878869745],[5.171840839401373,52.277100322119516],[5.171933733030949,52.27698005526063],[5.172032504527097,52.27685620391628],[5.172057570144207,52.2768238935811],[5.172123923197392,52.27673773177218],[5.172196167348889,52.27664528920266],[5.172222702308382,52.2766120827266],[5.172303793884812,52.27650797208321],[5.172386354651411,52.27640296527506],[5.1724703889295,52.276296163530915],[5.172513145034058,52.276241415813196],[5.172548531559088,52.27619564246494],[5.172604552490137,52.276124740818496],[5.172744593207803,52.27594973350209],[5.172608518739828,52.27590994054803],[5.172645448112822,52.275847991998965],[5.172673534123877,52.27579681271049],[5.172706037359824,52.2757411475455],[5.172738531851849,52.27568727990737],[5.172771039256769,52.275630715955074],[5.172803537919096,52.275575949529596],[5.172855244303365,52.275487963190685],[5.172872973890785,52.27545743693305],[5.172875895635064,52.2754592397798],[5.172951973568683,52.275482745795],[5.173023655976229,52.27550624380149],[5.173054589565274,52.27547214632227],[5.173138581569014,52.275373432996986],[5.173142972839449,52.2753743397207],[5.173228429656645,52.27527562898128],[5.173364026489703,52.2751096006312],[5.173407917399616,52.27512316161933],[5.173608346424974,52.27518643807677],[5.173634681057971,52.275194574617124],[5.173748780669367,52.275233427963954],[5.173829241333745,52.27525963765322],[5.173911154365575,52.275288546234904],[5.174023793568742,52.275326497905205],[5.174048848266409,52.275295984673875],[5.174208326580963,52.27534390710841],[5.174399996630785,52.27540087501177],[5.174749659997694,52.27551025551496],[5.17509348567962,52.27561513063038],[5.175154947246013,52.27563141880393],[5.175267609780986,52.27566487544578],[5.175343689332658,52.275688379921334],[5.17542415603833,52.27571368975516],[5.175500227205524,52.27573899166654],[5.175582159302868,52.27576430401518],[5.175662630553966,52.27578871491809],[5.175740171468462,52.27581312052704],[5.175820638625795,52.275838430090545],[5.175901105874781,52.27586373959922],[5.17598157748113,52.27588815028473],[5.176062044911798,52.27591345968367],[5.176141051479938,52.27593786764484],[5.176242002313073,52.275969504902434],[5.176547815896584,52.27605812999801],[5.176657550118486,52.276091580094054],[5.176742413970252,52.27611689685382],[5.176815568877928,52.276139496398045],[5.176903359112472,52.276165717022934],[5.17698236659117,52.27619012442099],[5.177056986967189,52.27621272641977],[5.17712282454536,52.27623351522035],[5.177207684692266,52.27625973041392],[5.177264743761909,52.27627780722154],[5.177412515705273,52.27632390698442],[5.177411037765188,52.276326600690496],[5.177382999243986,52.27636879341923],[5.177412269967971,52.27637603554687],[5.177503008425962,52.27639866585006],[5.17758935551162,52.2764203895253],[5.177677163683582,52.27644301450126],[5.177783998842291,52.276470166980594],[5.177788415691546,52.27646568092174],[5.177789897842647,52.27646208844267],[5.178047496027563,52.276522762217176],[5.178103120100253,52.27653454465028],[5.178116294560423,52.27653726426732],[5.178283226046124,52.27656002863438],[5.178453092395045,52.27658189916932],[5.179178086965288,52.27664698955431],[5.179321604940535,52.27666341984224],[5.179434357149873,52.27667889714147],[5.179481207116277,52.276687068409345],[5.179558802017918,52.27670068629042],[5.179596860576338,52.27670884207847],[5.179731562309308,52.27673064904757],[5.17982086674718,52.2767469836221],[5.180592319933159,52.276905619440384],[5.180825040261321,52.27696085103573],[5.180988931780547,52.277007873213634],[5.181205502060028,52.27707026610511],[5.181499635988102,52.277153465352626],[5.18168987038362,52.27720772256951],[5.182027901823483,52.277304478394115],[5.182245944410846,52.27736597315034],[5.182311798539351,52.27738406275278],[5.182626417308518,52.277474484872556],[5.182987864158188,52.27757846864141],[5.18355126149114,52.277739422028226],[5.183925887864093,52.27784612193483],[5.184158559852634,52.277913929718046],[5.184221489105366,52.27793111445647],[5.184372216622363,52.2779745142334],[5.1844307542839,52.277990792554],[5.184496606133995,52.278009779706245],[5.184666366555586,52.2780568068235],[5.184492287710594,52.2783144571499],[5.18431824782196,52.2785631195237],[5.184153034765075,52.278803707807114],[5.18399812640487,52.27903352825105],[5.183894876542671,52.27918164874208],[5.183804908437117,52.279309120149726],[5.183651511183297,52.279528157418405],[5.18347606644082,52.27976153691222],[5.18343184686216,52.27981808357616],[5.183403836543,52.27985488509916],[5.183337578912298,52.279923976606696],[5.183258046416321,52.280011919465984],[5.183222709067831,52.28004870831209],[5.18318884525579,52.280083702138775],[5.182837432811885,52.28034284151694],[5.182678607750951,52.28046569918795],[5.182616843360218,52.28051322745482],[5.182296354361196,52.28073826524195],[5.181914046527061,52.281021615256],[5.181512617225147,52.28131931117431],[5.181415552045928,52.281394639441466],[5.180753779970493,52.28189859778086],[5.180512613022227,52.2820788303682],[5.180414099952602,52.28214966140242],[5.18028911281024,52.28224111786832],[5.180140594661824,52.28235050850863],[5.179896487719965,52.28253163345782],[5.179609746840766,52.282741443877704],[5.179380344632388,52.28291090948685],[5.179097991027726,52.28312162513852],[5.178946510851805,52.28323640170423],[5.17892747252706,52.283233671861424],[5.178909908076718,52.283229147061554],[5.178697665284684,52.28317574544346],[5.17847225078572,52.28311872510324],[5.178393209091626,52.28309881256218],[5.178204389429994,52.28305084404794],[5.178191111708368,52.28306969485621],[5.178027200817658,52.28302266884211],[5.178037522345154,52.28300920547301],[5.177882366476177,52.28297028370975],[5.17786626768482,52.28296576134786],[5.177582313675519,52.28289245775049],[5.177474526968238,52.28306393266426],[5.177238847977804,52.283008689318216],[5.177023758018311,52.28293820291497],[5.176820371053652,52.28287223080684],[5.176823331691057,52.28286594464916],[5.176668130607394,52.28283690773092],[5.176571492139392,52.28281965897306],[5.176524640504526,52.282810587790856],[5.17650999884057,52.28280786538855],[5.17638701234092,52.282784278123515],[5.176356263606926,52.282778830670836],[5.176223027703513,52.28275342741583],[5.176201063133199,52.28274979313916],[5.17608393019091,52.282728013548905],[5.176019506268475,52.28271621447822],[5.175978508081127,52.28270895107873],[5.175745699640952,52.28266719149489],[5.175482160228565,52.28261638870367],[5.175319000284078,52.28272035443767],[5.175318747766203,52.28277338169856],[5.175015615613224,52.28272789959088],[5.17484867123324,52.282703333089245],[5.174705156887495,52.28268240354328],[5.174125243418175,52.28259777429092],[5.173606837206726,52.282522241018796],[5.173114784569282,52.28245214581899],[5.172829216042228,52.282412082532076],[5.172107332721501,52.28229213376511],[5.171952097597908,52.282271179557696],[5.171755852499408,52.28224565658339],[5.171654799187327,52.28223288963341],[5.171464407405127,52.282209174390594],[5.171405821000248,52.282202776098146],[5.171334050170051,52.28219545494137],[5.171212472459078,52.28218444770485],[5.170998625645733,52.282162486430124],[5.170893163370141,52.28215240709452],[5.170631076115365,52.282106090002],[5.170619361509235,52.28210427100298],[5.170490544680017,52.282075274267356],[5.170290027718754,52.28202457532829],[5.169966561154608,52.281943990733666],[5.169960708274591,52.28194218243436],[5.169629959799629,52.28185259579075],[5.16947190211511,52.281810062526425],[5.16934897052552,52.281776581500324],[5.169116270127632,52.281715035983446],[5.168990412666047,52.28168065041341],[5.16883821341048,52.28163902588136],[5.168740159317611,52.28161278034454],[5.168467961067902,52.28153767896352],[5.168390400914105,52.281515964907555],[5.168242598980357,52.2814743477402],[5.167952870812504,52.28138842741461],[5.167938234572238,52.281384805183315],[5.167671869606425,52.28131600420189],[5.167373306828904,52.281239053805834],[5.167046951628736,52.281152164399494],[5.166960600520285,52.28113043303929],[5.166883857461623,52.28123994070419],[5.16680919376772,52.28122542120496],[5.166614475107376,52.28118910722022],[5.166469544279456,52.28116007603811],[5.166389023765616,52.281144646567775],[5.166368298688649,52.28118685031498],[5.166316492516494,52.281291011515066],[5.166276962625423,52.28128374748676],[5.16623108466043,52.281374438091284],[5.166189633952466,52.281458845522344],[5.166158565910476,52.28151810663408],[5.16610675439394,52.281623166502115],[5.166071249709988,52.281690508273336],[5.166035718113386,52.28176324263403],[5.1660135448745,52.28180184850634],[5.16560512993711,52.28171390287595],[5.165196721101725,52.28162505706694],[5.165025443956646,52.28158968323797],[5.165019532980414,52.281599558662826],[5.164982579219672,52.28166330228647],[5.164933803325694,52.281746796738645],[5.164882064992669,52.28183657702813],[5.164843631950325,52.281903014151254],[5.164800762117056,52.28197753189587],[5.164765282131111,52.28203948066849],[5.164688419725612,52.28217145605313],[5.164648826380624,52.282176774215245],[5.164395898082826,52.28205855850587],[5.164347651849349,52.282035998236395],[5.164394959247171,52.28195340003792],[5.164427490856132,52.28189504092286],[5.164437829737018,52.28187888244053],[5.164468877828771,52.281824115620395],[5.164508790265129,52.28175498507702],[5.164491227869583,52.28175045813452],[5.164540022589289,52.281663368798355],[5.164542980384049,52.28165798171466],[5.164575511582045,52.28159962255534],[5.164587338225825,52.281578972983],[5.164588821614334,52.28157538067369],[5.164636128072881,52.28149278237092],[5.16463907685324,52.28148919281828],[5.164684917730554,52.28140659173719],[5.164718585885098,52.281413845272525],[5.164760021369955,52.281333033425675],[5.164765941354494,52.281321360479566],[5.164799982328298,52.28125401634142],[5.164785346389719,52.28125039371976],[5.164841426498989,52.28117140692963],[5.164848753440096,52.28117142070345],[5.164857653558959,52.281149866825864],[5.164899164880826,52.281053775888346],[5.164897726438906,52.2810483805327],[5.164883454306011,52.2809719578021],[5.164859216493595,52.28083709593536],[5.164630837945042,52.28079262641916],[5.164775833051281,52.28051517756145],[5.164811343247494,52.28044693739802]]]]}},{"type":"Feature","properties":{"gezicht_uri":"https://linkeddata.cultureelerfgoed.nl/cho-kennis/id/gezicht/10134603","gezichtsnummer":"250","naam":"Nieuwersluis"},"geometry":{"type":"MultiPolygon","coordinates":[[[[5.001342164258048,52.204059196382026],[4.999287856093506,52.19654303721661],[4.999581881336803,52.19637053524487],[4.999717102662904,52.196294581438664],[4.999903779109754,52.19618823721273],[5.000118383964284,52.19606580592923],[5.000403518307201,52.195905855900286],[5.00061667345116,52.195781621371594],[5.000829811832265,52.195659183993826],[5.00102820675118,52.19555017994622],[5.00120605496824,52.19544919756144],[5.001285437200509,52.195402719663726],[5.001380977283638,52.195348205348864],[5.001552958171694,52.19524900086146],[5.001742574249949,52.19513996694226],[5.001933651938309,52.1950309374872],[5.002083544879596,52.194948737270835],[5.002171708266691,52.194901388620394],[5.002326042224914,52.19481291100909],[5.002502429787133,52.194711023115104],[5.002658209453724,52.19462434737024],[5.002802272847266,52.194539430870684],[5.00293893016263,52.19446527563971],[5.003041809772053,52.19440718868309],[5.003304954387608,52.194250755286255],[5.003397487158783,52.19420521751661],[5.003440116534514,52.19418018979592],[5.003473390777094,52.19422254131683],[5.003518264657456,52.19427661485956],[5.003610868198587,52.19439286032728],[5.00367892628579,52.194472175389095],[5.003992724151359,52.19437792185424],[5.004040508409979,52.19443380223091],[5.004063700212162,52.19445814495784],[5.004088339116768,52.19448428996588],[5.004110076171466,52.19450772916814],[5.004130397050918,52.19452577099998],[5.004155066912294,52.19454832091264],[5.004178297434617,52.19456816976517],[5.004200119488482,52.194581722477295],[5.00421320500825,52.194590752872934],[5.004349879738717,52.194684670797635],[5.00449816272413,52.19478941172732],[5.004552546261321,52.19475813013479],[5.004843306077124,52.194621556306345],[5.004859455495059,52.19461441823546],[5.004828996797966,52.194584659363564],[5.004766663250736,52.194519744236985],[5.004749251741364,52.19450350952903],[5.004723142209683,52.19447825869178],[5.004624032619799,52.194267619513155],[5.004619645080893,52.19426760529775],[5.004618197989291,52.19426580301849],[5.004592404829813,52.19420370256523],[5.004898847814714,52.19411391677092],[5.00483720234917,52.19379823998133],[5.004775519214345,52.19348705699549],[5.004730646676683,52.19326221278174],[5.004818077023524,52.192787931887366],[5.00487034355007,52.1924914985796],[5.004894998691574,52.19234507471739],[5.005048311182739,52.19203279010543],[5.005213482616931,52.19170166893634],[5.005259610720616,52.19160924219193],[5.005663447870424,52.1915862802999],[5.005855117789367,52.19157611393064],[5.00625017211553,52.191554020462384],[5.006965688376717,52.191510488175965],[5.007373826834898,52.191497421038996],[5.007736675855774,52.19147881417921],[5.007768833844734,52.19148071511227],[5.00778925422953,52.19148707229958],[5.007805233832342,52.19149970678435],[5.007816765010547,52.19151951733939],[5.007844652662232,52.19167959256488],[5.007908966237551,52.192027633071355],[5.007923529488602,52.19203487021526],[5.007946882673008,52.1920403379989],[5.007987823360875,52.19204136828436],[5.008014162571483,52.19203965527977],[5.008053694306371,52.19203438944875],[5.008967004050035,52.191949236576285],[5.010408606211587,52.191823520239886],[5.01042473094632,52.191819077716026],[5.010437718212778,52.19183979145283],[5.010447765436468,52.191862293398316],[5.010459176404862,52.19189648403529],[5.010469124953593,52.191930670005036],[5.01047624733782,52.19195316261588],[5.010483362137292,52.191976553997414],[5.010494856670646,52.19200085814664],[5.010500584963066,52.19201525714888],[5.010506267710366,52.19203504877831],[5.010542160738023,52.19211425727864],[5.010910954252605,52.19208487407102],[5.012059735081507,52.19199775105021],[5.013239267839184,52.19190532148174],[5.013252263975307,52.19192513613832],[5.013375168978563,52.191918334944816],[5.013405398045928,52.19197595354521],[5.01341401449037,52.19199485552356],[5.013432732439374,52.192029967793],[5.013447161010434,52.192053382142944],[5.013464499417557,52.19207860329169],[5.013481807718294,52.19210741952375],[5.013493371702081,52.19212363443872],[5.013506368014618,52.19214344906672],[5.013513552212436,52.1921587513231],[5.013523601060845,52.192181253007035],[5.013536574812327,52.19220376394593],[5.013548040948555,52.192231662884325],[5.013555202584686,52.19224966145238],[5.013560916837876,52.19226585784935],[5.013563668547685,52.19228653884814],[5.013570762431188,52.19231262635813],[5.013577871382172,52.19233691632471],[5.013587920302994,52.19235941800252],[5.013597984292358,52.19238012213653],[5.013610965668002,52.19240173429512],[5.013623954584908,52.192422447680755],[5.01363841349662,52.19244226692018],[5.013649985152142,52.192457583047556],[5.013657184505711,52.19247108775159],[5.013668733591715,52.19248910019135],[5.013673008043431,52.1925025956417],[5.01367430489031,52.19252237323938],[5.0136755114061,52.19255293609409],[5.013676883532136,52.192563725977415],[5.013699853814684,52.19261502996542],[5.013715662379616,52.19264833539188],[5.013717094733224,52.192651935103285],[5.01372273382884,52.192677119205484],[5.013767400350139,52.19275725324699],[5.013881001496061,52.19298860282046],[5.013953275103202,52.19309039514752],[5.014005375181413,52.19315617186613],[5.014025526477623,52.19319488374285],[5.014055704606277,52.19325879356479],[5.014075660478004,52.19332087348706],[5.014088371654818,52.19337484135791],[5.014115677653694,52.19343245052112],[5.014180707722514,52.19352613065615],[5.014222511064339,52.19359906510459],[5.014225390948049,52.193604466971365],[5.014329255094997,52.19377646484268],[5.014425860112883,52.193942148134624],[5.014448944650236,52.19397997039707],[5.014506468382993,52.194096995313686],[5.014582922473171,52.194223966680724],[5.014639179579224,52.19431761886158],[5.014759359904223,52.19446270395661],[5.014814387817468,52.19452848953058],[5.014828750376233,52.19455999264361],[5.014853320612645,52.19459512312186],[5.01503450859366,52.194790732792676],[5.015169279350949,52.19494035741029],[5.01517510700295,52.19494307215482],[5.015199850165058,52.194957530822236],[5.01523485359625,52.19496932542029],[5.015287437482877,52.19497758020054],[5.015367794622827,52.194987720004455],[5.015398447974339,52.194995006881975],[5.01542178864315,52.19500227072845],[5.015458277184123,52.19501137355134],[5.015490393105833,52.19501866500923],[5.01552976180801,52.19503316964471],[5.015560385256423,52.19504405156495],[5.015583710997842,52.19505311292173],[5.015598261505537,52.195062146659325],[5.015608416907361,52.19507206535931],[5.015617109772518,52.195081979456155],[5.015621415016991,52.19509187974587],[5.015624227765709,52.19510537051794],[5.01562411543132,52.19511885208562],[5.015618093012803,52.19513950541388],[5.015612063099467,52.1951610575129],[5.015603085623098,52.1951852967202],[5.015586690553773,52.195222095710044],[5.015573332901524,52.19524542233567],[5.015548042650408,52.195296574040874],[5.015533162479825,52.1953270862276],[5.015524184926899,52.195351325428106],[5.015499059373001,52.195382704157026],[5.015484081745956,52.19542490036161],[5.015467626552264,52.19546888950204],[5.015467619060068,52.195469788273165],[5.015463119014116,52.19548325602735],[5.015455588961685,52.19550929736826],[5.015448036422611,52.19553803502191],[5.015440483873751,52.19556677267489],[5.015434408858902,52.1955937173896],[5.015429713972599,52.195630553190384],[5.015428049101689,52.19565481540493],[5.01542941425258,52.195666504033554],[5.01542495913368,52.19567457915931],[5.015419003986187,52.195687143535594],[5.015412966408514,52.19570959439327],[5.015412734114544,52.1957374562963],[5.01541395689048,52.195766221575035],[5.015427983081818,52.195838169306334],[5.015450649860782,52.19592632254007],[5.015463340960578,52.19598298655347],[5.015471951556142,52.19600278714083],[5.015491918111602,52.1960639680257],[5.015499051177985,52.19608556154901],[5.015482955370872,52.19608640967775],[5.01538193284014,52.1960986747565],[5.015324824977387,52.19610658407901],[5.015272104819493,52.196114507193634],[5.01521646698977,52.19612152229926],[5.015138868013743,52.196131164570424],[5.015083200142041,52.19614177469705],[5.015006876137486,52.19617389076443],[5.014902868093903,52.19619333638056],[5.014801822645052,52.19620829727503],[5.014742358630185,52.196323155443224],[5.014730402729447,52.19635367674855],[5.014719924411023,52.196382405124176],[5.014719849336304,52.19639139283318],[5.014706498386449,52.196413820584226],[5.014696072594137,52.19643625756113],[5.014679781429771,52.196460473623304],[5.014669378138574,52.19648021428497],[5.014658937294516,52.19650444880003],[5.014651481687185,52.1965215023756],[5.014648421349632,52.19653767102278],[5.014579585695078,52.19689876923801],[5.015071927106116,52.19714209748137],[5.015421521949658,52.19731486836405],[5.015871628648187,52.19753738798931],[5.016101301719571,52.19770888088826],[5.016189976091872,52.197774771499866],[5.016794644807762,52.19823235835381],[5.01717113530558,52.19851486123195],[5.017328140204431,52.1986312975305],[5.016821679255261,52.198851712315765],[5.016450294793149,52.1990105322874],[5.016467009880016,52.19911124970034],[5.016470620732734,52.1992047356189],[5.016463068215762,52.199233473318756],[5.016459948562502,52.19925683217034],[5.016427067114398,52.199341215577974],[5.016150889653602,52.199307991561135],[5.016028129284686,52.199295022665154],[5.015881913730062,52.19928827145208],[5.015832227549835,52.19928272244908],[5.015715407914883,52.19925898638023],[5.015595370922395,52.1992702930409],[5.015471958934814,52.199335516601046],[5.015364681068472,52.19939539806998],[5.015334032193657,52.19938721241598],[5.015247936363287,52.19936267383417],[5.015163325806165,52.199335443486184],[5.015087453927821,52.199312734583785],[5.014973732539801,52.19926833527849],[5.01486582456077,52.19922844816262],[5.014754998930766,52.1991876529515],[5.014714171648032,52.19917224468095],[5.014664643436847,52.19914782100691],[5.01462091340416,52.1991297071643],[5.014603421401046,52.19912246162269],[5.014311221906943,52.19925635845528],[5.01373415367178,52.19952147675373],[5.013402298066659,52.19967412059686],[5.013002892149025,52.19985800727717],[5.012729773637495,52.199982972717315],[5.01246690008863,52.2001070712417],[5.012284791522013,52.20019367626379],[5.012306596123694,52.20020992377898],[5.012095119169949,52.20030991718502],[5.011955601764309,52.200375984711535],[5.011711769359382,52.200496546881006],[5.011462115043038,52.20061349484767],[5.011161082084414,52.20075184975442],[5.01075726907136,52.200935714810214],[5.010206540508834,52.20119460827946],[5.009865876291578,52.20134811286413],[5.009845314171578,52.20135793389722],[5.009661740264917,52.201443631399954],[5.009648560300922,52.20144538685243],[5.009636888751683,52.201441754361916],[5.009612113356429,52.20143088962191],[5.009515929777319,52.20138833873561],[5.009489501343158,52.20139993853358],[5.009311785200052,52.201484755434336],[5.00913259800628,52.20157046615242],[5.0090268528627,52.201620460041404],[5.00902104758454,52.20161504868723],[5.008827836016537,52.20145714085195],[5.008745008590577,52.20139216227647],[5.008548881114789,52.201233345835405],[5.008519832379397,52.201208985251725],[5.007989665337414,52.20145625000918],[5.007516777223827,52.20167583394003],[5.00647994219114,52.202156047129534],[5.006434412036509,52.20217747139741],[5.006178852642652,52.20229798434465],[5.005826402379595,52.20245862961775],[5.005368174753451,52.202671960734655],[5.004993653421193,52.20284691286605],[5.004951070555083,52.20286564971887],[5.004655884241548,52.203000411808496],[5.004229942997274,52.203200361179924],[5.003749665150962,52.203424400041776],[5.003310542673981,52.20362520209483],[5.002975664215397,52.2037814020133],[5.002634908831562,52.20394027822783],[5.002341132442714,52.204079533096376],[5.002022273322817,52.20407399960928],[5.001682957921832,52.20406570210441],[5.001342164258048,52.204059196382026]]]]}},{"type":"Feature","properties":{"gezicht_uri":"https://linkeddata.cultureelerfgoed.nl/cho-kennis/id/gezicht/10134604","gezichtsnummer":"302","naam":"Bussum - Het Spiegel"},"geometry":{"type":"MultiPolygon","coordinates":[[[[5.142159491190266,52.27566292838684],[5.142152194862796,52.27565752060718],[5.142147828945939,52.27565211889919],[5.142041418655719,52.27555213412033],[5.141914605066247,52.27543233383383],[5.141787816943307,52.275308039575506],[5.141666840693119,52.27519274501393],[5.141900261592473,52.27511054192451],[5.142170449796456,52.275003248802626],[5.142349573028127,52.27493621152146],[5.142563948945253,52.27485306891136],[5.142804781131997,52.2747547013793],[5.143047067563116,52.27465813391265],[5.14342002867053,52.27451150387502],[5.143581541460946,52.27444892230832],[5.143744533710969,52.27438364723523],[5.143838515479445,52.27434519325743],[5.143911955360118,52.27431208961001],[5.14394571300548,52.274301373727006],[5.143863029453428,52.27414931029373],[5.143789063625102,52.274010746398275],[5.143742714764514,52.27391268428176],[5.143735472619822,52.273897390160734],[5.143718259671036,52.27382994643534],[5.14371974448539,52.2738263543837],[5.143725782087036,52.273794010835886],[5.143740846550478,52.27371854456642],[5.143755925712681,52.27364038199273],[5.143769485605402,52.27357210283809],[5.143778532065621,52.27352538504415],[5.143787558842614,52.273482262317515],[5.143795076227467,52.27344722547832],[5.143801108806652,52.27341578069136],[5.143810150286026,52.27336996166069],[5.143823734588762,52.273297188660536],[5.143825243952977,52.27328910277147],[5.14382827251012,52.27327113345896],[5.143832805511048,52.2732459770242],[5.14383885769587,52.273210937165516],[5.143884128383423,52.27297015800416],[5.143884143125455,52.272967461702564],[5.143891684915806,52.27292793101768],[5.143902269933283,52.272867734714566],[5.143911262061678,52.27283090334359],[5.143911355417052,52.272813826766246],[5.143910018056079,52.27279045580414],[5.14391016545984,52.27276349278711],[5.143909471764743,52.272622383314854],[5.143908817380844,52.272474083700644],[5.143909230109075,52.27239858724806],[5.143908138433327,52.27233027791882],[5.143908762437594,52.27221613446922],[5.143908777177811,52.27221343816723],[5.143908944233424,52.272182880077935],[5.143906697020993,52.2720579453886],[5.14390556604914,52.27199682619383],[5.143906371849896,52.271849428343735],[5.14390537354543,52.271764042426746],[5.143904252409049,52.27170112569379],[5.143905176128348,52.27153215741686],[5.14390466425648,52.271357793515584],[5.144126085142722,52.271322297751],[5.144329915137056,52.27128856300044],[5.144303799116637,52.2712417729265],[5.144277688056898,52.27119408407887],[5.144171784233618,52.27100242684839],[5.14412830884406,52.27091515606153],[5.14411962654987,52.270895365106405],[5.144066082632812,52.270773920046],[5.144025611417708,52.2706731737282],[5.143960382116363,52.27054541313988],[5.14395750607765,52.270535520669135],[5.144492494209305,52.270490782241914],[5.144608300529067,52.27047843698161],[5.145008406491855,52.2704513949931],[5.145376271488708,52.27042608327904],[5.145424641975174,52.27042168829605],[5.145383801684715,52.2698490833651],[5.145697426755198,52.2698290523944],[5.145515649540392,52.26877081945108],[5.146992221093906,52.26798290344817],[5.147083339050157,52.267929161822416],[5.147271438934658,52.267820791479515],[5.147477165629275,52.267703468790884],[5.147587379886553,52.26763987892786],[5.147662324047179,52.267596889416915],[5.147912136869755,52.26745359070067],[5.14816341783972,52.26730939564443],[5.149187199215557,52.2668018535376],[5.149628470996818,52.267014852562376],[5.149879776037873,52.26713938856932],[5.150106303170976,52.26724050612861],[5.150264060892823,52.26732620625035],[5.150341415265322,52.26738028790366],[5.150548594679372,52.26753888764631],[5.150703319370239,52.267644354220515],[5.150729764713831,52.26763002665907],[5.15087230301056,52.26754762403512],[5.151044230091653,52.267448203151574],[5.151120640292009,52.267404315600686],[5.15132242484804,52.2674757217436],[5.151259075290194,52.267543003712866],[5.151228140056224,52.26757529799334],[5.151172086324675,52.26764798714186],[5.151126363287968,52.26770631643969],[5.151121930321552,52.26771349781361],[5.151064363614101,52.2677951716689],[5.151000893973523,52.26788492270627],[5.150943269573717,52.26797738172075],[5.150913689022494,52.268030350516234],[5.150897417064876,52.268059977673005],[5.150858879629768,52.26814438578265],[5.15084399141695,52.26818929492174],[5.150836537753555,52.26821354702716],[5.150827604801993,52.26824049250884],[5.150824627149058,52.268249474335846],[5.150823128775901,52.26825576278606],[5.150817125732523,52.2682827141234],[5.150811122681842,52.2683096654603],[5.150804876175273,52.26838245398243],[5.150804155373122,52.26851816800061],[5.150804012166794,52.268545131050175],[5.150813932829808,52.26860806533174],[5.150815359616318,52.26861525840665],[5.150847030625691,52.26872047871922],[5.150867311231281,52.26876366058816],[5.150876005658358,52.26878165352035],[5.150886155528052,52.26880144691603],[5.150915168837877,52.26885543156058],[5.150938513120983,52.26887345375932],[5.150966280992331,52.268886092123566],[5.150980892655158,52.26889331153478],[5.151245530383672,52.26899270542806],[5.151426869640079,52.269053285231124],[5.151770495233295,52.2691762036231],[5.151928419805438,52.26923224214563],[5.15207756429774,52.26928646544361],[5.152255966402641,52.26934883568328],[5.152368567314392,52.26938770678197],[5.152378803339602,52.26939132221909],[5.1525425657538,52.26945186539699],[5.152586430508113,52.26946813042934],[5.152625909761813,52.26948258919088],[5.152715109162388,52.26951422331394],[5.152851094177549,52.26956392564767],[5.153009016760201,52.26962086149187],[5.153200568790497,52.26969044655997],[5.153261985791012,52.26971213873623],[5.153493027863606,52.26979438432836],[5.153506189379899,52.26979890422644],[5.153642171434014,52.26984950441648],[5.153706514184657,52.2698721009164],[5.153794245406451,52.269904630099134],[5.153855648856366,52.26992901827108],[5.153960913415798,52.269970569700476],[5.154039864318682,52.270001283826744],[5.154060336925197,52.27000851441008],[5.154146603654489,52.270041040442436],[5.154229949875705,52.27007176310296],[5.154291363202068,52.27009435351151],[5.154342540238009,52.270113328622294],[5.154383485659366,52.270127789680316],[5.154386411004964,52.27012869421704],[5.154494625379853,52.270166655865545],[5.154512172785311,52.270172981836424],[5.15461015567603,52.270206429358716],[5.154694995725765,52.270231761962734],[5.154781300899996,52.270257097385084],[5.15482079095351,52.270269757875575],[5.154864657348448,52.27028602206074],[5.154893896938428,52.27029776361001],[5.154934828638088,52.27031492078144],[5.155019622193858,52.27034924083439],[5.155157039885724,52.270406133532],[5.155373331042868,52.270509018362795],[5.155487304393785,52.270566763489214],[5.155558009796378,52.27049320226131],[5.15555650266071,52.27050128830573],[5.155549102634332,52.27051565424861],[5.155549037143217,52.27052823700381],[5.155556324904774,52.27053544149849],[5.15556800310289,52.270543553369755],[5.155584062386217,52.27055437015273],[5.155600112323535,52.270566984469994],[5.155620548032376,52.27058140492836],[5.155633672588126,52.27059311473488],[5.155655526601277,52.270616525738035],[5.155678859703874,52.27063724330072],[5.155697764980363,52.270664243632346],[5.155703578397099,52.2706732427862],[5.155709368442587,52.27068673578087],[5.15571516316619,52.27069933000692],[5.155720981265513,52.2707074303917],[5.15572825973557,52.270716432411994],[5.155732640841782,52.27071913731929],[5.15573994268665,52.27072364549781],[5.155744323794282,52.270726350404686],[5.155750169945857,52.270729058178745],[5.155756011424359,52.27073266472072],[5.155763322621092,52.27073537536139],[5.155769168775008,52.270738083134475],[5.155775019603039,52.270739892139105],[5.155779405387718,52.270741698276495],[5.155810119908527,52.27075164492893],[5.155852601517349,52.270752626820325],[5.155886288191545,52.270754490271216],[5.155799644972884,52.27079386696787],[5.155954631596681,52.27085348943848],[5.155961942825389,52.27085620006678],[5.155913568230538,52.27086149813094],[5.155872523535416,52.27086591173631],[5.155816814333777,52.270872992967945],[5.155766960634389,52.27088098441003],[5.155703907454493,52.27089164632529],[5.155605636943781,52.27091302457123],[5.155570433658868,52.27092104462063],[5.155492678404136,52.270941564176326],[5.155417843818538,52.27096388695995],[5.155389956354037,52.27097371884876],[5.155326842080192,52.270996064548356],[5.155254918689774,52.271021988046144],[5.155202073710953,52.27104165748821],[5.155181520790824,52.271049706161826],[5.155113978332947,52.271078334500864],[5.15501262697228,52.271128467081496],[5.154950916375244,52.27116249944111],[5.154867117199331,52.271218059029984],[5.154795047690717,52.271271844056585],[5.15473763802639,52.27132386030229],[5.154734693817048,52.27132655084666],[5.154680200054052,52.271381269127765],[5.154633036186479,52.27143510302124],[5.154609426027522,52.271467412568825],[5.154569530955411,52.2715320460593],[5.154534035681469,52.271595789414754],[5.154499991281727,52.27166223194557],[5.154477770784482,52.27170892463578],[5.154443712112503,52.27177806345279],[5.154425905539545,52.27182116971091],[5.154402172791078,52.2718768471811],[5.154348531715716,52.27204840801696],[5.154324751719746,52.272113073148105],[5.154254608263868,52.27235830116166],[5.154211297037888,52.272515501834675],[5.154141095837944,52.272771514974956],[5.154121677540466,52.27284248009225],[5.154088757722755,52.272973636653475],[5.154072368362725,52.27302573341344],[5.154051465888476,52.27310029069837],[5.15400967485741,52.27324670895086],[5.153976834480059,52.273362586420156],[5.153973828857462,52.273376960924125],[5.153966300661479,52.2734155934864],[5.153964713060559,52.273438958556014],[5.153966121669167,52.273449746657356],[5.153970469965414,52.273458743002315],[5.154063367441564,52.27362519990317],[5.154059052069606,52.27360991218854],[5.154063536943356,52.27359284426845],[5.154079761742214,52.27357220438287],[5.154092999760162,52.27356234393085],[5.154113558746283,52.27355339668356],[5.154131149796044,52.273551633798945],[5.154195634614271,52.27354816575851],[5.154264514830607,52.27354470634032],[5.154399340258092,52.273538680382984],[5.154645548836581,52.27352658191199],[5.154729329490174,52.27375593473714],[5.154931735010514,52.27371498869708],[5.154933200152218,52.27371499157461],[5.15500798802973,52.273702555556596],[5.155025588481159,52.27369899500362],[5.155050209885614,52.273753868726615],[5.155094201676127,52.2737467648589],[5.155136728310076,52.27373965809983],[5.155179250244605,52.27373345009309],[5.155221781537267,52.27372544453572],[5.155264303446377,52.27371923649836],[5.155306830026909,52.273712129678],[5.155282213012515,52.27365635724017],[5.155320161474665,52.27368429373501],[5.155562082787223,52.273651513080154],[5.155569413163509,52.27365062866077],[5.155652977562089,52.2736409057548],[5.155721895208997,52.27363025534564],[5.155811334109967,52.273617847495224],[5.155833325206502,52.27361519418933],[5.155828612046626,52.27367630179496],[5.155823810089994,52.27375448598599],[5.155990808385818,52.27376020525156],[5.156134355096123,52.27376767601704],[5.156327698093627,52.273778838937105],[5.156335331537698,52.27371953456808],[5.156344579294556,52.273631472490145],[5.156411966370204,52.27363340156686],[5.156463236920467,52.273635299162336],[5.156464893113689,52.27359845254294],[5.156605499791951,52.27360771455455],[5.156722673620322,52.27361513318052],[5.156771004578398,52.27361882246737],[5.156809079572821,52.27362249175508],[5.156810661033251,52.273600025415014],[5.156821442748373,52.273498484634544],[5.156868327059829,52.27349857595631],[5.156902029809827,52.27349774281453],[5.156948923420826,52.27349603656871],[5.157055892195224,52.273493548450496],[5.157061757381347,52.27349266108729],[5.157096902022544,52.273496324580044],[5.157093892752073,52.27351159793137],[5.157096823022443,52.273511603632755],[5.157221382736676,52.27350735203604],[5.157244810965359,52.27351009392334],[5.157427864693313,52.273527526475895],[5.157433720596001,52.2735284366299],[5.15743368347391,52.27353562677243],[5.15753766638731,52.27354391773896],[5.157531754821072,52.27355379280399],[5.157679659455176,52.273568460370896],[5.157795345058808,52.273580368929096],[5.157841079299983,52.27351934081021],[5.157848479087526,52.27350497473179],[5.157844204113431,52.27348159824362],[5.157829585196632,52.27347527845365],[5.158043143046792,52.27354399949003],[5.158027045060251,52.27354037318907],[5.158010937819148,52.27353854442163],[5.157991886420255,52.2735394062764],[5.157972825761893,52.27354206566376],[5.157956686114566,52.27354652826384],[5.157944932613794,52.27355279691798],[5.157933160589026,52.2735626606423],[5.157891882049527,52.27361201333715],[5.157869761395906,52.2736398325253],[5.157865342819723,52.273644317841004],[5.157832905930898,52.27368380111511],[5.157815208425581,52.273706236210344],[5.157798985310601,52.273726876609224],[5.157776869175007,52.27375379701146],[5.15776803198034,52.27376276763559],[5.157756255226936,52.27377353010963],[5.157667804234134,52.273878515356635],[5.157628277711196,52.273872147198155],[5.157404305124158,52.27383396359223],[5.157222775668893,52.27380484987171],[5.157148113680413,52.273793020561804],[5.157131806589022,52.27382983868814],[5.157243055489303,52.27384982814566],[5.157219264799954,52.27391719014243],[5.157185050750417,52.27401688782495],[5.157239210281765,52.27402687969259],[5.1574119868612,52.27404878616501],[5.157439810845879,52.27405153655383],[5.157444257346188,52.274041658647995],[5.157693147900802,52.27407809298055],[5.157685785049391,52.27408526890574],[5.157914210178046,52.27411267528613],[5.157914205547415,52.274113574053885],[5.157900796868413,52.27415668933964],[5.158099947109826,52.274178645936345],[5.158116054586408,52.27418047469157],[5.158120440805384,52.274182280741165],[5.158121901336309,52.2741831823469],[5.158193633924056,52.27419500536711],[5.158268301489864,52.274205935248396],[5.158332712982783,52.27421684523533],[5.158332703738412,52.27421864277087],[5.158502555903958,52.274239643210315],[5.158489180090284,52.27427646718791],[5.158534576975297,52.274281048854384],[5.1585420136097,52.274259492592506],[5.158628421117079,52.274266849836906],[5.158695790797105,52.27427237268284],[5.158703111984309,52.274273285604714],[5.158758746557883,52.27428148207117],[5.158736340042063,52.27436502501861],[5.15871250519196,52.274441374987894],[5.158696111474179,52.27449526991289],[5.158748839057175,52.274498966883485],[5.158899686796296,52.274511841047925],[5.158904883533891,52.27464127491239],[5.158898921406083,52.27466103648858],[5.158882643111247,52.27469246224495],[5.15884716993544,52.27475261178938],[5.158804333870712,52.2748199373163],[5.158785161996802,52.27484416725785],[5.158711441573951,52.27493390251175],[5.158687887896622,52.27495542764181],[5.158664334196485,52.27497695276706],[5.158633436087187,52.27500205879998],[5.158581979177052,52.27503611285055],[5.158579039571349,52.27503790472115],[5.158517335508242,52.27507014138128],[5.158552384541385,52.275092678560775],[5.158874236969472,52.27518857067544],[5.159025004134154,52.27521762249666],[5.159007209835834,52.27525893188366],[5.158971542779601,52.275356829697714],[5.15889870149414,52.275560711367426],[5.158808000257342,52.275818485081636],[5.158779796786084,52.27588943394968],[5.158675717951278,52.27618403154112],[5.158647541732859,52.276249587767936],[5.158625258657841,52.27630886394261],[5.158577711073626,52.27643729705381],[5.158567320537132,52.27646334148083],[5.158538020504337,52.276462386059684],[5.158509257301652,52.27664208570431],[5.158501714011814,52.27668431360304],[5.158461150012353,52.27687926960533],[5.158438884853721,52.276934950668306],[5.158377940813684,52.27710380270258],[5.158366066261743,52.27713343934261],[5.15830453019095,52.27713242148875],[5.15821246802855,52.277368621416834],[5.158123340053427,52.277603928171025],[5.158040553616826,52.2777457744221],[5.157948854583345,52.277910971515],[5.157938481855548,52.27793342081068],[5.157854025103902,52.27811480983235],[5.157836242452737,52.27815342271802],[5.157826816010119,52.27827653675332],[5.157823588911959,52.27833405215978],[5.157823561113757,52.27833944476193],[5.157795271061842,52.27842657116565],[5.157789307930848,52.278446332671145],[5.15775958488327,52.278527164853394],[5.157673429158094,52.2787534892297],[5.157664502857534,52.27877953640893],[5.157648171175246,52.27882084840578],[5.157640742614921,52.278840607058335],[5.157550565451005,52.27899412268015],[5.157512216709974,52.27904258211208],[5.157478287043041,52.27908655623495],[5.157427042651719,52.27907836770994],[5.15739357241443,52.279033363887166],[5.157250073518724,52.279013311912166],[5.157109510031861,52.27899236669739],[5.15705669823203,52.279003948032354],[5.157040379849301,52.27904256364249],[5.156819092620263,52.27961285549075],[5.156681642969147,52.279839079183986],[5.156474158001313,52.28000674568508],[5.156344792256386,52.28008648429729],[5.156256563264294,52.28014563125526],[5.156215402718522,52.28017071659964],[5.156143380986172,52.280212818384086],[5.156125745371544,52.28022267046408],[5.156100759625731,52.28023700205886],[5.156066963045552,52.28025491153367],[5.156056677530439,52.28026028408785],[5.156074201127578,52.280272002416886],[5.155925714132366,52.2803651848375],[5.155902184259076,52.28038131678833],[5.155871299522181,52.280402827004075],[5.155846276206835,52.280424348677045],[5.155828603053322,52.28044139084472],[5.155802076937992,52.28047009977409],[5.155782929035265,52.28048893660099],[5.155765227782165,52.28051137135825],[5.155743107034888,52.2805382913428],[5.155732751281136,52.28055714536653],[5.155590798805691,52.28080223323899],[5.155533073570093,52.28091266959198],[5.155537329318954,52.280939641196554],[5.155534262849094,52.280965699683634],[5.155349441707098,52.281281706548775],[5.155291780832588,52.28137956004389],[5.155006417540692,52.28186613652269],[5.155001983785377,52.28187331802259],[5.154807271964404,52.28183698459521],[5.154795520521457,52.28184235415849],[5.15478083825631,52.281847717961504],[5.154689837253911,52.281875401148596],[5.154648744687595,52.281887004443796],[5.154629689646989,52.281887865753035],[5.154620901879298,52.28188694969789],[5.154609187988602,52.281885129112524],[5.154603345139443,52.28188152252063],[5.154604824645965,52.28187882910358],[5.154440882023651,52.28184345435152],[5.153894972377363,52.281711157572076],[5.153865701983268,52.28170390962783],[5.153815963079032,52.28168763353442],[5.153656441588877,52.28164777253707],[5.153654976185882,52.28164776964357],[5.153589117994697,52.28163146162497],[5.153384230876831,52.28157982656606],[5.153394559527016,52.281566365349946],[5.153303822830258,52.28154371656143],[5.153131127917566,52.281501132474354],[5.153119418918282,52.281498412975054],[5.15311056032786,52.2815109783013],[5.153011040964468,52.2814865143536],[5.152930543475081,52.281467480653376],[5.152826632854234,52.28144210907652],[5.152621742757593,52.28139137146135],[5.152520758537783,52.28136690419427],[5.152441731610525,52.28134697430224],[5.152336356158682,52.28132159938563],[5.152236832899671,52.28129803355192],[5.152129997039022,52.2812717567739],[5.152033404780564,52.28124819659361],[5.151952903389968,52.281230060993416],[5.151903146704648,52.281217379159315],[5.151780210992093,52.28118747493153],[5.151638249210614,52.281153038805705],[5.151380665114988,52.28109140876551],[5.151234312566978,52.28105606462288],[5.15118455628174,52.28104338248611],[5.151137735558348,52.28102980741158],[5.151102628380778,52.2810180532526],[5.151086547335154,52.28101083094521],[5.15102513965413,52.28098464384463],[5.150976901378761,52.280962078117945],[5.150938906490667,52.28094222916077],[5.150899460577689,52.28091968096502],[5.150876119541494,52.280899861263244],[5.150874658937228,52.28089895956905],[5.150489257529535,52.28062406225302],[5.150210492268694,52.28041319046464],[5.150156470194424,52.28037623239589],[5.150155009621952,52.280375330692785],[5.150065953134118,52.28031313663623],[5.149965212379335,52.2802437288685],[5.149830893460425,52.28015088545469],[5.149825056021869,52.280146379859445],[5.149695114549689,52.28005714017805],[5.149616268787977,52.2800039540405],[5.149553489224155,52.279960686668076],[5.149538888561588,52.27995077079439],[5.149457122090135,52.279895781128126],[5.149429381398439,52.2798768510672],[5.149381188369904,52.2798461957888],[5.149376806752064,52.27984349065033],[5.149299383841497,52.27979839614324],[5.149287694748502,52.27979208119856],[5.149181027721382,52.279735243695185],[5.149166412791266,52.27972802407423],[5.149071401430851,52.27968379279265],[5.148955928486761,52.27962963368232],[5.148711752093928,52.27952937742713],[5.148520227416523,52.27944810122786],[5.148417885831157,52.2794047533999],[5.14839887997217,52.2793966260421],[5.148289231292637,52.27934966824364],[5.148179606985269,52.279298216511414],[5.14810359843639,52.279263010609014],[5.148071443424783,52.27924766640622],[5.147996934192696,52.27920617203309],[5.147972101034425,52.279191741387315],[5.1479268210617,52.27916468650627],[5.147824611259206,52.27909707147088],[5.147782291124275,52.27906462986725],[5.147734133971251,52.279027682549106],[5.147697665553024,52.27899705031492],[5.147656825435768,52.27896191533403],[5.147642249718696,52.2789475053927],[5.147607319336116,52.27890339460228],[5.147589861430732,52.2788799910535],[5.147569521326398,52.278847593900245],[5.1475593561259,52.278830496555834],[5.14755502312554,52.2788188036854],[5.14755505216946,52.278813411086944],[5.147555086054022,52.27880711972211],[5.147556575565983,52.278802628859125],[5.147559535226761,52.278797242198735],[5.147563955354704,52.278792757273685],[5.147569840789991,52.27878827531731],[5.147525891225492,52.27878638870952],[5.147514386626288,52.2787459204648],[5.1475028626812,52.27870904728437],[5.146697822116296,52.27881616490005],[5.146473464504328,52.278846266848355],[5.146250571900275,52.27887637135567],[5.146114190840735,52.27889586650779],[5.14606605961122,52.278854424678144],[5.145835608303766,52.278657122595014],[5.145806448507767,52.27863009979324],[5.145803527654088,52.27862829627899],[5.145730594184022,52.27856703060527],[5.145691201803078,52.278535493000625],[5.145613887386268,52.27847152197827],[5.145556989709426,52.27842556814761],[5.145542414848801,52.27841115794641],[5.14538063648375,52.27825084508362],[5.145215928714543,52.27809052599921],[5.145052682521075,52.2779311084476],[5.144860283751656,52.277743768861036],[5.144847164822707,52.2777311591079],[5.144807558383103,52.277739166928306],[5.144655909711737,52.27760314077231],[5.144489668152517,52.277456299151545],[5.144324883138593,52.27731125783558],[5.144176148276631,52.27717883213903],[5.144572325789413,52.27707718504462],[5.144008790484508,52.27643250349199],[5.143540742242624,52.276548381078385],[5.1435024443449,52.27658515201286],[5.14349507386694,52.27659322581535],[5.143279221128486,52.276677265827566],[5.143161187475443,52.27655838379847],[5.143021294363329,52.276417885875034],[5.14288573859401,52.27628818206271],[5.142739966567745,52.276151266758816],[5.142675842569739,52.27608821981541],[5.142629197618417,52.27604408329783],[5.142356616334857,52.27578646910001],[5.142245849217324,52.27567928527353],[5.142222386140236,52.275682831780415],[5.142200413007118,52.27568188748478],[5.142177014260793,52.27567375001626],[5.142159491190266,52.27566292838684]]]]}},{"type":"Feature","properties":{"gezicht_uri":"https://linkeddata.cultureelerfgoed.nl/cho-kennis/id/gezicht/10134605","gezichtsnummer":"255","naam":"Hilversum - Noordwestelijk Villagebied"},"geometry":{"type":"MultiPolygon","coordinates":[[[[5.141327218641311,52.238272849156836],[5.141335187701102,52.237889984093684],[5.141335996248083,52.23774348410793],[5.141340079912515,52.23753407610165],[5.141346823576304,52.237373207919426],[5.141355606479896,52.23710808510601],[5.141363093979589,52.23681240094918],[5.141366612028281,52.23670545304097],[5.141425580474948,52.23663097665631],[5.141685018491422,52.23630705504779],[5.141680141346084,52.236395125696205],[5.142046747592078,52.236015701285154],[5.142065882142996,52.235996866519905],[5.142316172767121,52.23573763694262],[5.142672461828337,52.23536897458514],[5.143087668993411,52.234933024071594],[5.143514627982184,52.23448810846974],[5.143878260474766,52.234111368506895],[5.144057873760474,52.23392389235093],[5.144599641950376,52.23335967066214],[5.145173751222875,52.232767650382904],[5.145396037583452,52.23253711791291],[5.145353597554629,52.2325352335043],[5.145427216018482,52.23245629114128],[5.14596143359261,52.23246906700315],[5.14686740898945,52.23249068608055],[5.149026246090283,52.23254089445156],[5.150068342311063,52.23256545956467],[5.150320070684192,52.23257405343249],[5.150712851567521,52.232759090720286],[5.15071431059064,52.23275999242359],[5.150715769613818,52.23276089412687],[5.150825296651333,52.232809647560565],[5.150876400770167,52.23283401692178],[5.151102812893143,52.23292434781589],[5.151275169963371,52.23299479713741],[5.151828043862369,52.23280266099815],[5.151896975129971,52.23277763231267],[5.152128686120342,52.23269630409159],[5.152303303760131,52.23261576073869],[5.152622376624007,52.23262268596069],[5.153057065337704,52.23263433334777],[5.153481517180324,52.23264416132365],[5.154034763946517,52.23265783707424],[5.154388963668959,52.23266572560182],[5.154791463934103,52.23267460684164],[5.154953926002992,52.23267852133979],[5.155169079908589,52.23268343785772],[5.155199814847658,52.232684396978144],[5.155258361825482,52.232685410675124],[5.155286548547243,52.232332243990605],[5.155317947671041,52.231924257768334],[5.155389662874518,52.231926196021206],[5.155604822537412,52.23192931419465],[5.155836078998326,52.23193336227263],[5.155944388410586,52.23193537182116],[5.156143446721625,52.23193845750627],[5.156298592048417,52.23194145707025],[5.156418611639112,52.231943489061635],[5.156589853790799,52.23194741845796],[5.156762555092368,52.23195224923477],[5.156831347516868,52.23195328212947],[5.157071391465391,52.231956446132855],[5.157251420970945,52.23195949289629],[5.157691982666949,52.231966640740865],[5.157874939793917,52.23196969223886],[5.158128153202067,52.23197377843082],[5.158172052391715,52.2319765598605],[5.158392033027005,52.23189609541211],[5.158224628313835,52.231715115665956],[5.158092160959263,52.23157195232674],[5.157933379320805,52.23142244630335],[5.157867899130054,52.23134682141942],[5.157783487651241,52.23125228528981],[5.157585585522193,52.23102540742717],[5.15755939574152,52.230994797889075],[5.157403633476751,52.23082822010487],[5.157214364421504,52.230631018254265],[5.157029437126197,52.230443711171006],[5.15699592948506,52.23041308725141],[5.156924546419779,52.230347336952455],[5.156671157352282,52.230096082211006],[5.156548824757864,52.22997630524036],[5.156435242431133,52.22986283671463],[5.156324560132759,52.22975476644678],[5.156221196829554,52.22964671037712],[5.15611058084132,52.22952605705424],[5.156087287698362,52.22950174433204],[5.156005796871432,52.22940990895444],[5.155828366113529,52.22919025836787],[5.155755672435626,52.229095743680865],[5.155748405418917,52.229085842822066],[5.155696082060071,52.22901473638008],[5.155649608871872,52.22894454016052],[5.155608939113481,52.22888424192161],[5.155571215481346,52.22882035430511],[5.155536405264522,52.22875916873971],[5.155505953412809,52.22870428319831],[5.155450932607345,52.228589130920504],[5.155426382343683,52.22852526908595],[5.155398974973293,52.228447919875926],[5.155381696356491,52.22839306013678],[5.155361532568622,52.22833010567498],[5.155345722366191,52.22827435002556],[5.155329977675264,52.22820601152021],[5.155314261093775,52.22813228036046],[5.155301462488607,52.22806035249239],[5.15528733593221,52.22796235726695],[5.155278951708227,52.22788594413448],[5.155276099282698,52.22787155798522],[5.155274743235215,52.22785088328117],[5.155270558157375,52.22781132855105],[5.15526923953618,52.22778346364432],[5.155265372560642,52.22768279219231],[5.155261281064306,52.22762526195415],[5.155260084079606,52.227574028887815],[5.155261856441737,52.227514712588025],[5.155263596054364,52.22746168771504],[5.155265396473701,52.22739697876181],[5.155268655825457,52.22733317145566],[5.15527332732769,52.22727925355031],[5.155277998818505,52.22722533564428],[5.155284489386491,52.227103113678886],[5.155289188908404,52.227043803118114],[5.155293869709141,52.226988087658235],[5.155299948622347,52.226944957925845],[5.155315089733349,52.22684791889742],[5.155322692999664,52.226793107953576],[5.155331923514718,52.226706842738736],[5.155350225454976,52.22656487066995],[5.155371412369625,52.22643099331671],[5.155389756145187,52.22628093225462],[5.155408081097487,52.22613446628782],[5.155426345162295,52.225999684397024],[5.155431072421871,52.22593498116491],[5.155435752926389,52.22587926568808],[5.155441901658989,52.22582265430513],[5.15544512324779,52.22576603718081],[5.155445422377855,52.22570851553971],[5.155445427051752,52.225707616764076],[5.155445571942552,52.22567975471892],[5.155445716833142,52.22565189267367],[5.155444402838072,52.225623128982356],[5.155443088844671,52.22559436529086],[5.155441770178982,52.2255665003749],[5.155440451514916,52.22553863545873],[5.155437673970866,52.22550986889646],[5.155434896430375,52.225481102333966],[5.155430650665564,52.225453231676504],[5.155426404906037,52.225425361018765],[5.155420700274242,52.22539658871448],[5.155413532098851,52.225367813539194],[5.155400654650069,52.22531116483332],[5.155393486501294,52.22528238965634],[5.155384850139508,52.22525451038355],[5.155374750242219,52.225226628238836],[5.155364650357545,52.22519874609321],[5.155353086941034,52.22517086107513],[5.155353091616726,52.225169962299425],[5.155341523538978,52.22514297605583],[5.155328496608749,52.22511508816357],[5.155313996800169,52.22508899494939],[5.155328632217847,52.225089023667145],[5.155577424979387,52.22509130914294],[5.155574820208706,52.22502928787835],[5.155585504059538,52.22494482303581],[5.155600760627739,52.22482531454],[5.155621950623772,52.224690538322974],[5.155629515779668,52.2246429175442],[5.155641550882447,52.22458002617872],[5.155661132365916,52.22447310913241],[5.155670156293426,52.224426389992516],[5.155680653058358,52.2243778761671],[5.155697148595261,52.224301511756416],[5.155715014223661,52.22424312572721],[5.155731378949642,52.22419192703529],[5.155768372801968,52.224113805191834],[5.155828819966938,52.22402853897785],[5.155837652332022,52.22401866963498],[5.155893587443516,52.223956762964875],[5.155942125604831,52.22391012113885],[5.1560273817366,52.22383838514582],[5.156218424042633,52.22368686403827],[5.156166343874761,52.22356992016096],[5.156569171584422,52.22349970301695],[5.157124367743274,52.22339742499305],[5.157231313547166,52.22337606232397],[5.157291376730837,52.22336449499011],[5.157363157032224,52.223351152845446],[5.15743053757044,52.22333959967265],[5.157521361609209,52.2233226993185],[5.157565303172959,52.22331559443547],[5.15760631775581,52.22330848384928],[5.157883179721166,52.22325779069085],[5.157884643202971,52.223257793530834],[5.157931516231474,52.223249795415136],[5.158013549768083,52.2232346751976],[5.158072144457244,52.22322400340388],[5.158154173279844,52.22320978186471],[5.158205441267412,52.22320089337377],[5.158256709234546,52.22319200486053],[5.158180248601181,52.22297704704604],[5.158175858183362,52.22297703853703],[5.158095445731209,52.22296160331401],[5.15806913095706,52.222956159581315],[5.158022359935805,52.22294438467527],[5.157953669232722,52.22292627573249],[5.157868898910502,52.22290454040416],[5.15785721889801,52.222899125024924],[5.157692087452481,52.222852067591],[5.157659942063462,52.222842118516425],[5.157572286785485,52.222812288303366],[5.157502156162899,52.22278968237277],[5.15745248633262,52.22277250889406],[5.157394054285829,52.222751723213584],[5.157323937755947,52.22272642084828],[5.157310789756504,52.22272190134421],[5.157245054436514,52.22269840502561],[5.157201234020446,52.222682141608686],[5.157186631860554,52.22267582168987],[5.156961843621966,52.222562136983925],[5.156880098928805,52.22252153234675],[5.15679405694104,52.22246294356758],[5.156693459663452,52.22238904698272],[5.156616184935022,52.22233317152963],[5.156622052689389,52.22233048662338],[5.156571013274646,52.222295334392214],[5.156709181813412,52.22217876188234],[5.156729828075967,52.22214824345005],[5.156772593252615,52.222085411875184],[5.156802108355974,52.222037833801885],[5.1568035764436,52.22203693787892],[5.156806521910535,52.2220333484803],[5.156807994643826,52.222031553781],[5.156877096862056,52.22196967229948],[5.156935917680174,52.22191496102597],[5.15696385299147,52.22188984946749],[5.156999124019146,52.221861157051706],[5.157037345077411,52.221827976444345],[5.157087319950405,52.221785830859936],[5.157110836959108,52.22176610337469],[5.157219604012678,52.22167463899931],[5.157304779630576,52.22161728247382],[5.157372333669504,52.22157157582544],[5.15741051713168,52.221545585306664],[5.157526433415864,52.22148649082492],[5.15744500058884,52.221385668549665],[5.157497776356156,52.221367795442724],[5.157588665798392,52.221337413381455],[5.157613585582017,52.22132937273191],[5.157683959254172,52.221304343447976],[5.157821770278714,52.221256076625295],[5.157912668519246,52.221223896760804],[5.157936134012282,52.22121405565032],[5.157964022095208,52.22119793161656],[5.157975780252747,52.221188067786024],[5.1579846115781,52.22117819827688],[5.157993452143268,52.22116653121406],[5.15800381157636,52.22114408167078],[5.158005395150834,52.221120716319675],[5.158003991820618,52.221109029386426],[5.157999661669474,52.221097336776154],[5.157974950085578,52.221064932563955],[5.157963293654522,52.22105502331104],[5.157950164574098,52.22104690877089],[5.158149451488957,52.2209960644603],[5.157870490951569,52.22088856792077],[5.157838360813872,52.22087592256236],[5.157920413125135,52.22085630851772],[5.15808744895427,52.22081618715533],[5.158107964293732,52.2208108342179],[5.158239832012488,52.22077963230826],[5.15828379403233,52.220768033270105],[5.158374635573717,52.22074663836557],[5.158532880973231,52.2207082969216],[5.1586279972407,52.22070937973285],[5.158779206268175,52.2206161984299],[5.158894957192267,52.22058855977527],[5.159022428922244,52.22055824728406],[5.159044407423767,52.22055289700937],[5.159073716684243,52.22054486452666],[5.159149905077343,52.22052703587832],[5.159190930632459,52.22051722840648],[5.159265655540182,52.22049939685954],[5.159327196087178,52.22048423619765],[5.15934038498273,52.22048066648857],[5.159397526121024,52.22046729487762],[5.159464924729961,52.220451246651635],[5.159520597812968,52.22043877093739],[5.159642210547553,52.22040934527379],[5.159668583653831,52.2204031045603],[5.159722793231995,52.22039062593272],[5.159737445455819,52.2203870589963],[5.159762355148152,52.22038081544483],[5.159867847394208,52.220355852447824],[5.159881031624826,52.22035318145495],[5.15994550311522,52.22033712732372],[5.160020227419342,52.220319295298374],[5.160027553507928,52.22031751181189],[5.160111067213184,52.220297899055254],[5.160152092346052,52.22028809124881],[5.160222421757086,52.22027114943648],[5.160180203350606,52.2202279266263],[5.160222755860481,52.22020553873171],[5.160287309372238,52.22017330643107],[5.160321058622746,52.22015539552359],[5.160326930441616,52.22015181165514],[5.160384157758672,52.220121362806324],[5.16042230621144,52.22010166274276],[5.160476592929405,52.22007390456228],[5.16051764520029,52.220058703967396],[5.160576294516967,52.22003634682352],[5.160633471262468,52.22001578439822],[5.160787413308451,52.21995945597075],[5.160795592991477,52.219789601162596],[5.16091581274889,52.21974579094835],[5.161019903328146,52.219708241239104],[5.161030165127813,52.21970466573841],[5.161670433412606,52.2195521971523],[5.161781757886168,52.21953083871964],[5.161852062763838,52.21951838981821],[5.161891614351143,52.2195103761686],[5.162026365968345,52.219486365815705],[5.162172842449364,52.21945878249549],[5.162279762773833,52.219440111563365],[5.162320777571356,52.21943210055529],[5.162648877310402,52.21937160708505],[5.162657661965005,52.21937072499281],[5.162770448866714,52.21934936840758],[5.162831968538127,52.21933780102259],[5.162976976159527,52.21931111270201],[5.163205462400713,52.219271100692],[5.163386755498137,52.21930380049863],[5.163542042215044,52.21926994066848],[5.163665094428458,52.219244108730436],[5.163663658121209,52.21923871329948],[5.163704672485067,52.21923070181014],[5.163837963436257,52.21920578784272],[5.163969790890194,52.219180870960145],[5.16397564878451,52.21917998324085],[5.164113333973458,52.219154178478156],[5.164140876717719,52.21920636004068],[5.164543692827558,52.219128026614456],[5.164536447927307,52.21911363239263],[5.164527865398639,52.21907406965165],[5.164659687590811,52.21905005077505],[5.164677081711544,52.21908333860096],[5.164723446721969,52.21917600082436],[5.164745217531364,52.21921199323643],[5.164755362303897,52.219231785617794],[5.165095177490681,52.21916861105123],[5.165196242507682,52.219149926473925],[5.165268013654556,52.21913657950898],[5.165246394617463,52.219070028767305],[5.165219007314109,52.21898639025775],[5.165383049218409,52.21895703838298],[5.165466535665634,52.21894191571736],[5.1655134072641,52.21893301580533],[5.165642297362601,52.218909889117135],[5.165645224041778,52.2189098946046],[5.165762398364826,52.218888543389355],[5.165911792786958,52.21886185968741],[5.166002604484405,52.218844952789546],[5.166004067821891,52.218844955528844],[5.1661944710275,52.21881115794284],[5.166276493590713,52.21879603196694],[5.166312725147156,52.218867103765916],[5.166347493478487,52.21893817281794],[5.166458814180836,52.21891680997139],[5.166549625783343,52.21889990265292],[5.166581850386594,52.21889367132252],[5.166688771958101,52.2188740976171],[5.166741501039577,52.21886430936295],[5.166764936673314,52.21885985915607],[5.166880646992297,52.21883850410072],[5.167079847277633,52.218801126347365],[5.167081292861057,52.21880472418267],[5.167092915230136,52.218821822759075],[5.167133391702404,52.21892256213598],[5.167181193947,52.21902151756626],[5.167189805438653,52.219055687452126],[5.167188058186538,52.21911320647544],[5.167190581202108,52.21919500065886],[5.167194403448083,52.21931005232481],[5.167288670044616,52.21948279461551],[5.167403225039911,52.219696019910074],[5.167529355232766,52.21993623016534],[5.167581545143657,52.22003609235484],[5.167670868669037,52.22002457412188],[5.16770008751215,52.22003451503989],[5.167721821317436,52.22007859589371],[5.16771731611975,52.22010195594617],[5.167717307268725,52.22010375350051],[5.167715835038665,52.220105548336775],[5.167714358382914,52.220108241950214],[5.16771289057819,52.22010913800929],[5.167709954968561,52.22011093012736],[5.16770702378442,52.220111823468194],[5.16768357430705,52.220118970192225],[5.167503414729676,52.22015189043718],[5.167441908436406,52.22016076392289],[5.167419939997945,52.22016431820734],[5.167335006271608,52.22017584441849],[5.167269105332468,52.22018560842275],[5.167254462646459,52.220187378739986],[5.167172455597616,52.22019891028167],[5.167088985123961,52.220210439040535],[5.16700697798998,52.22022197046721],[5.166923502988901,52.2202343978861],[5.166913254864717,52.22023527756748],[5.166822462894472,52.22024769127451],[5.166737528855164,52.2202592170556],[5.166651126940556,52.22027163882136],[5.166592551530392,52.22027961854963],[5.166573549772844,52.220275089146654],[5.166561882736379,52.22026697829439],[5.166538553125508,52.2202498578093],[5.166509396699513,52.22022733372502],[5.166455456276398,52.220185888844206],[5.166442330354736,52.220176876469196],[5.166433581227054,52.22017056862603],[5.166405870478426,52.22015164235832],[5.16628874213704,52.22016310765758],[5.166446235320928,52.2202748513735],[5.166565828012173,52.22035686419963],[5.166580430744784,52.220363182961606],[5.166597951360509,52.22037130473978],[5.166619831012609,52.220385726149914],[5.166685456714785,52.22043168668712],[5.166727748312981,52.22046142551746],[5.166737952039639,52.22046953362288],[5.166780243708811,52.22049927243426],[5.166892525086721,52.220580372501196],[5.166905651218332,52.22058938482559],[5.166703507103332,52.22062855436131],[5.166516041105607,52.22065876311074],[5.166394467838886,52.220681005638326],[5.166338814187257,52.220689889485755],[5.166264118514495,52.220702332847466],[5.166208464810307,52.22071121663341],[5.166204070157742,52.220712107200015],[5.166100075217758,52.22073078715675],[5.166012195431277,52.22074590204611],[5.165962395223466,52.22075479667259],[5.1659492156989,52.22075656956746],[5.165871588541607,52.220769905977555],[5.165854005417062,52.22077436696976],[5.165771983531604,52.22078859386772],[5.165736830641023,52.220794819488965],[5.165685566921882,52.22080371125592],[5.165666524830428,52.22080727069997],[5.165587443035194,52.220818806625665],[5.165481975243906,52.22083928084676],[5.165476117161228,52.22084016864047],[5.165372130563707,52.22085705040145],[5.165356019705036,52.22085971651265],[5.165262276845702,52.22087661740768],[5.16515681772302,52.220895293784146],[5.165055753207501,52.22091307954266],[5.164956152017316,52.22093086796693],[5.164945899212732,52.22093264625424],[5.164841907715361,52.220950426324684],[5.164819938680598,52.22095398012458],[5.164733521427847,52.2209690968152],[5.164729126720425,52.22096998732685],[5.16470423085242,52.22097353559495],[5.1646309931686,52.22098687945469],[5.164625135049606,52.22098776720613],[5.164582660313267,52.22099487747807],[5.164519675397392,52.22100644301291],[5.164446442095962,52.22101888798121],[5.16443472584199,52.22102066346547],[5.164415688050361,52.2210233239307],[5.164365887214501,52.221032217883085],[5.164332201839054,52.221037547068384],[5.164326343707461,52.22103843480497],[5.164276547331982,52.22104642994278],[5.164225287528725,52.22105442229823],[5.164111047088332,52.22107308117118],[5.164106652358236,52.22107397165965],[5.164097862897518,52.22107575263608],[5.163974837380708,52.22109529357607],[5.163869390711918,52.221111272470935],[5.16389120230017,52.221139176036715],[5.163929016921462,52.22118598432772],[5.163971199363237,52.22123729478393],[5.16404683351949,52.22133001252402],[5.164079060230486,52.2213237818806],[5.164122989782811,52.22131847210669],[5.164185957255028,52.22131050189158],[5.164200600431704,52.22130873195549],[5.164237208368313,52.221304307107395],[5.164284064718603,52.221299002795924],[5.164317741309043,52.22129547117834],[5.16434116947616,52.22129281900896],[5.164431937314101,52.22128579987458],[5.164431577956651,52.22135770201964],[5.164476463429264,52.2214539566515],[5.164540135676735,52.22159788228241],[5.16445371258814,52.22161389754254],[5.164377542425637,52.22162813450258],[5.164258892306758,52.221650380344364],[5.164289327664088,52.2217097575856],[5.164361775794892,52.22185459864578],[5.164464301667843,52.22183771502073],[5.164466963550964,52.22189074836439],[5.164511759826682,52.22200497850807],[5.164520419236528,52.22202926202568],[5.164529105596395,52.22204815288237],[5.164533424084012,52.22206254158227],[5.164606668054724,52.22204829900994],[5.164672590280686,52.22203494138991],[5.16476048652054,52.222017131172585],[5.164782213895209,52.222062111327254],[5.164870083245675,52.22204969368871],[5.165031156021347,52.22203112213941],[5.165037014269536,52.22203023436812],[5.165104368432268,52.22202317069531],[5.165152693355354,52.22201697001399],[5.165184906978714,52.22201343539993],[5.165177750943313,52.22198106568963],[5.165221681013666,52.22197575550798],[5.165328574790164,52.22196337326359],[5.165345706602118,52.22204968880236],[5.165377915760936,52.22204705291244],[5.165426231728036,52.22204264967263],[5.165527249490352,52.222034750146285],[5.165518629761537,52.22200237771141],[5.165515801223185,52.22198259913202],[5.165644637601583,52.221972055333644],[5.165728089420125,52.221965021485396],[5.165762600247153,52.222088219722764],[5.165979154277652,52.222095815601435],[5.166025154950036,52.22226307573642],[5.166003207663645,52.22226213587161],[5.165999428816328,52.22243379674722],[5.165997867229684,52.222453567095364],[5.165996385931468,52.2224571594628],[5.16598903742582,52.22246343720235],[5.165983170217916,52.222466122574254],[5.165975839552768,52.22246880520619],[5.166281595059643,52.22249094804499],[5.166295069082672,52.222429855850336],[5.166288130451658,52.22235344614933],[5.166244209046329,52.2223569591738],[5.166201468577265,52.222122296342846],[5.166248356743372,52.22211069981568],[5.166251194525823,52.22212868082371],[5.166362465360213,52.22211900218287],[5.166473731695528,52.22211022221391],[5.166567485591607,52.222091522808526],[5.166636329735066,52.22207906833348],[5.166700779063641,52.22206750440306],[5.166771082130959,52.222055951356865],[5.166841389605305,52.22204349949196],[5.16685017914765,52.22204171831166],[5.166907302271587,52.2220319381776],[5.16698932608583,52.22201771049533],[5.167068418526217,52.222004376080626],[5.167102104306808,52.22199904611592],[5.167138721398833,52.22199282281531],[5.16720462947707,52.22198216011165],[5.16722659882948,52.221978605868934],[5.167356951430588,52.22195727760408],[5.167408211713197,52.221949283890766],[5.16749755684151,52.2219341706876],[5.167579575859193,52.2219208413717],[5.167583970603628,52.22191995075414],[5.167680949783564,52.222137636935955],[5.167682360111593,52.222148424976545],[5.167683805851932,52.222152022802426],[5.167699531965392,52.22222754995894],[5.167699500982366,52.22223384139671],[5.167700269528315,52.222374952074865],[5.167799784373317,52.22237513687805],[5.167849541796175,52.22237522924817],[5.167894908858401,52.222375313449724],[5.167979793589413,52.22237457216447],[5.168322206429974,52.2223823971566],[5.168342659478949,52.2223896253179],[5.168364540686948,52.2224040464004],[5.168418701742432,52.222401450330395],[5.16846993147213,52.22239974759488],[5.16853872706023,52.22239717855661],[5.168565073648038,52.222396328519395],[5.168568066686386,52.2223828522819],[5.168788951339294,52.22240303400678],[5.168882555204586,52.22241489117714],[5.168861692603422,52.22249124935613],[5.168831899456891,52.22259814971695],[5.168824441239985,52.222626897053516],[5.169038339845388,52.222579656528055],[5.169050025534123,52.22258417202552],[5.169055870578791,52.22258598038539],[5.169128669835815,52.22266251146912],[5.169064057523713,52.22270733146552],[5.168982955326426,52.22283211283567],[5.169085292579011,52.22285387260386],[5.169092596731877,52.22285658243981],[5.16909112006791,52.22285927606906],[5.1691174317378,52.22286561612319],[5.169099320351998,52.222977930810565],[5.169000510828059,52.22313233940609],[5.168938560588946,52.22323109133784],[5.168931247581242,52.22323017904598],[5.168859603016522,52.22321656492294],[5.168853753494137,52.22321565533027],[5.168787954091347,52.223203849533185],[5.168787848387899,52.223225420174444],[5.168786265988953,52.22324968444092],[5.168784626331266,52.2232856328045],[5.168783030715115,52.22331259340076],[5.168781501163839,52.223326072346396],[5.168878099974934,52.223324453278686],[5.168964454385226,52.22332281521376],[5.169071297576402,52.2233212149062],[5.169090314082341,52.22332304757546],[5.16916347073856,52.22332677771469],[5.169202976041396,52.223328648166735],[5.169296608326716,52.22333511234775],[5.169410725044466,52.2233425129928],[5.169456079923275,52.223345292925316],[5.169480950398141,52.223347136317805],[5.169491186017645,52.22334895274465],[5.169495572084824,52.22334985960969],[5.169597923941738,52.2233689226022],[5.169614004741584,52.223372547350934],[5.169641789050132,52.22337709242893],[5.169694426324267,52.22338707595488],[5.169733909776929,52.22339344011305],[5.169761694110786,52.22339798516282],[5.169826034954834,52.223408888948484],[5.169853819307761,52.22341343397662],[5.169913870509138,52.22340365777441],[5.169994493725502,52.223376842443706],[5.16999739879928,52.223381341707245],[5.170022089760346,52.22342003483245],[5.170024994839723,52.223424534095244],[5.170052582175997,52.22346952403001],[5.17006709009613,52.22349561544629],[5.170158729789058,52.223610828238726],[5.170164548754013,52.22361802920379],[5.170080936916214,52.2236574221456],[5.169988522046554,52.223701292771786],[5.169937168203691,52.223728161912376],[5.169813949413807,52.223786356321234],[5.16975967275032,52.22381232122309],[5.169721534013743,52.22383022673716],[5.169746312684407,52.22385094438371],[5.169791492736448,52.22388967525383],[5.169822099188401,52.22391579631375],[5.169897881531027,52.22398154697115],[5.169925512897623,52.224017549164735],[5.169896247124793,52.22401659656924],[5.169903165909685,52.224098398698594],[5.16990315714585,52.224100196251854],[5.169911267799866,52.224237725220505],[5.169929421594349,52.22441661674352],[5.16993234863607,52.224416622124906],[5.169936379932926,52.224490329875955],[5.169940770502776,52.2244903379478],[5.169943491635066,52.22453258582749],[5.169940564585724,52.22453258044638],[5.169979453806624,52.224961372179784],[5.169985058280232,52.22501261320001],[5.169977736197456,52.22501349852609],[5.169979182215931,52.225017096322134],[5.169982026068682,52.2250341784555],[5.169992060605067,52.22507733855661],[5.170000653517251,52.225116002084356],[5.170019683966992,52.225115138274404],[5.169325763418162,52.226053090751655],[5.170077401501222,52.22618569658753],[5.170306955958042,52.22623285489203],[5.170506933357852,52.226342873422944],[5.170531687573289,52.22636898355404],[5.17065546781974,52.22649773657726],[5.170778108167136,52.22655997734418],[5.170822356275257,52.22648995319338],[5.171057175650296,52.226357362818156],[5.171090925263774,52.226339448852826],[5.171114412334197,52.226325111251036],[5.171258257246024,52.226239989666254],[5.17129644967943,52.22621129834824],[5.171312514228869,52.22621851796991],[5.171391878321986,52.2261503553149],[5.171562773397079,52.226221671221296],[5.171687716649313,52.226110449877986],[5.171844015342701,52.22617364970021],[5.171927270019746,52.22620885397016],[5.172044135125473,52.226254904787204],[5.172082110154931,52.226271152034094],[5.172104050871213,52.22627388832236],[5.172087734563068,52.226318797838324],[5.172058076746804,52.22639873565121],[5.172049173740548,52.22642388540266],[5.172046211854846,52.226431070284484],[5.172069620573497,52.22643291046723],[5.172158856031524,52.226442060715215],[5.172290518239445,52.226454883192176],[5.172353430860969,52.22645949150149],[5.1725670368257,52.22647605774725],[5.172558090804846,52.22651019530052],[5.172628312828052,52.2265166143068],[5.172691225571992,52.22652122243618],[5.172745356786629,52.226525814597245],[5.172754134004306,52.22652672930841],[5.172768441253902,52.22659506286895],[5.172787061499217,52.226679582367346],[5.172870261677126,52.226726470062715],[5.172896589135759,52.2267301129428],[5.173063331246815,52.226752884788404],[5.173074975256198,52.226766387648404],[5.17315941503892,52.22686001416092],[5.173161828577429,52.22696697384551],[5.173444347439857,52.22695849733039],[5.173461175561323,52.226806633245666],[5.173565043747036,52.2268167076764],[5.173559008390621,52.22685444570061],[5.173813636282304,52.22686299477914],[5.17380653775268,52.22681714397082],[5.173894396773233,52.226808314737106],[5.173964688264952,52.22680035252666],[5.17404962002273,52.22679151789584],[5.174159450114411,52.22677913295272],[5.174196057267681,52.226775603799865],[5.174300028592791,52.226764106950654],[5.174379105823012,52.226755261536205],[5.17444939714473,52.22674729903708],[5.174505048176516,52.22674020893289],[5.174554831936101,52.2267358045981],[5.174629509700506,52.22672874866838],[5.174643948490055,52.22677011870817],[5.174662658092296,52.226836662381906],[5.174751931785233,52.22714510583975],[5.174710920683109,52.227151323599166],[5.174747048229332,52.227248457227844],[5.174741761890326,52.22743629358837],[5.174792988606953,52.2274363856669],[5.174784239702581,52.227736563797144],[5.174775619199832,52.22800977862366],[5.174850264805546,52.2280099127669],[5.17486636483822,52.22800994169356],[5.175103482968024,52.22800856989795],[5.175104262215531,52.22815237672153],[5.175212571874646,52.2281525710441],[5.175332603505934,52.22815008992982],[5.175458489699642,52.228147619182714],[5.175459739829041,52.228192560616606],[5.175462385283794,52.228251885091915],[5.1754650563667,52.228305816909234],[5.175467740266443,52.2283570523974],[5.175467539568977,52.22839929487876],[5.17546883668578,52.22843434977247],[5.175470159425298,52.22846401200881],[5.175471554758153,52.228478395049855],[5.17547287750075,52.22850805728595],[5.17547422159531,52.22853322564098],[5.17547420024508,52.22853771952184],[5.175478381987097,52.228581767420316],[5.17547690551893,52.2285844611268],[5.175479640688025,52.2286249112982],[5.175479606528437,52.22863210150745],[5.175479572368841,52.22863929171674],[5.175484953056484,52.22873906635723],[5.175487555878154,52.22880737858744],[5.175488925608518,52.228827154284176],[5.175490162977426,52.2288747920406],[5.175490047693665,52.22889905899578],[5.175492765814724,52.22894310426903],[5.175496798174958,52.2290186093271],[5.175498108141018,52.229050967888305],[5.17550072807875,52.22911568501005],[5.17550197827655,52.22916062643566],[5.175503335215342,52.229183098459195],[5.175504722042085,52.22919927905012],[5.175504602495646,52.22922444477996],[5.175508677595197,52.229290962073335],[5.175509957691656,52.229329612065094],[5.175521564693191,52.22935120366273],[5.175521124965367,52.22944377759446],[5.175522302616183,52.22950399820952],[5.175522042194847,52.22955882354639],[5.175606910627298,52.229564368218874],[5.175778149623094,52.229567371015044],[5.175816197052091,52.2295692366374],[5.17581912443341,52.22956924187307],[5.176024092236647,52.22955882287724],[5.17602691314185,52.22958129750855],[5.176028347019979,52.22958759155599],[5.176031193482762,52.229604673530936],[5.176042643236357,52.229659519789195],[5.176048438390585,52.22967211311352],[5.176071444456485,52.22975933622377],[5.17607286131414,52.22976922537446],[5.176075746128056,52.22977821836379],[5.176078626685133,52.229788110129],[5.176081511501432,52.22979710311816],[5.176085855759502,52.22980699749777],[5.17608874057848,52.2298159904867],[5.176091621140877,52.22982588225154],[5.17609596966165,52.229834877854714],[5.176122001223172,52.229901434333875],[5.176169830940434,52.230001284721624],[5.176197398762264,52.23005256460443],[5.176230647026618,52.23014070474538],[5.17624076960449,52.23016678753646],[5.176275481752906,52.23025493027565],[5.176278379401168,52.2302612269315],[5.176314236414873,52.23041678046332],[5.176315674613651,52.23042217573048],[5.176342945170577,52.2305363698881],[5.17635439554613,52.23059121610722],[5.176360131375508,52.23061639227648],[5.176374470977247,52.230679332697896],[5.176387385157141,52.23073418152341],[5.176392912686213,52.230803397707106],[5.176416962862508,52.230979602150335],[5.176423958458012,52.231047922164166],[5.176428069102864,52.23110724919823],[5.17642901846148,52.23121600367918],[5.176427129601879,52.23130587864633],[5.176420794215301,52.23140742986563],[5.176405446685154,52.23155749930891],[5.176397809021231,52.23162489443468],[5.176388588518001,52.231717452667944],[5.176379431758906,52.231796529263654],[5.176371913079641,52.2318387586659],[5.176364419901025,52.231875595413236],[5.176355433173481,52.23191872097834],[5.176347901692144,52.23196364670505],[5.176343399807747,52.23198700703806],[5.176334408784088,52.2320310313763],[5.176334396024729,52.23203372770323],[5.176326898528764,52.23207146322254],[5.17631792873893,52.2321109936807],[5.17631791172508,52.23211458878321],[5.176304427233062,52.23218017589789],[5.176287955586655,52.232258340644634],[5.176277436857924,52.23231584399823],[5.176277428349314,52.23231764154941],[5.176260986386842,52.232389514861325],[5.176256514196646,52.23240658376011],[5.176249008061659,52.23244611682298],[5.176240025361488,52.23248834359915],[5.176231038388957,52.23253146914985],[5.176222064165321,52.23257189837285],[5.176213085669697,52.232613226370425],[5.176204107157353,52.232654554366995],[5.17620113701426,52.23266353689614],[5.176196694565308,52.232674314363024],[5.176183213980325,52.23273900268151],[5.17617422264539,52.23278302700135],[5.176165231292611,52.2328270513202],[5.176156239921994,52.23287107563795],[5.176148725105136,52.232912406242],[5.17613972092935,52.232959126884275],[5.176136725209508,52.23297350206415],[5.176118746592102,52.233060651916446],[5.176082772112037,52.23323854671028],[5.17606625709544,52.23332569916485],[5.176066231543278,52.23333109181739],[5.17605141878112,52.23336791546033],[5.176034686428105,52.23350090545347],[5.176016392176293,52.23365456465895],[5.176001183079957,52.23377497440095],[5.17595205008031,52.23394925048856],[5.175893511359699,52.23425473203802],[5.175676973280306,52.23423097637036],[5.175656487999912,52.23422914214284],[5.175377026285167,52.23420077937602],[5.175299481081232,52.23419255133445],[5.174946887681946,52.23415147345701],[5.174512349934553,52.23410395561977],[5.174020783634704,52.23404375037769],[5.174004530906902,52.23407517846662],[5.17399716440758,52.23408505179167],[5.17398686592563,52.234095818610236],[5.173970724983269,52.23410387853925],[5.173963384279137,52.23410835921097],[5.173944328552857,52.23411371752895],[5.173934073069834,52.23411549659097],[5.173913570705826,52.23411725716193],[5.173893081248181,52.23411632140379],[5.173743847072254,52.234099873895914],[5.173702881100541,52.23409530599164],[5.173581447074777,52.234081604839176],[5.173518536487203,52.234074300858985],[5.173487813120402,52.23407065017971],[5.173416128159023,52.23406153271352],[5.173101567068792,52.23402680958739],[5.172926001719582,52.23400671821425],[5.172665577336724,52.23397748475436],[5.172296890243361,52.233935470963424],[5.172233980073961,52.23392816629902],[5.172004279730675,52.23390258238647],[5.171720452641584,52.23386970909711],[5.171631206738556,52.23385965974692],[5.171012341864126,52.23378932311741],[5.170662674551684,52.23375003535621],[5.170652436493868,52.23374821903301],[5.170503204754765,52.23373176743067],[5.170497353817589,52.2337308579203],[5.170308625128596,52.23370894095116],[5.170235473200918,52.233700717643465],[5.170016017580399,52.23367604744862],[5.169882879623672,52.2336614221995],[5.169879951974228,52.233661416816545],[5.169511265748183,52.23362029310554],[5.1694571350297,52.23361390191322],[5.169240603518512,52.23359013444615],[5.169198174657909,52.23358556228006],[5.169189396122408,52.233584647305015],[5.168896803432231,52.23354905470465],[5.168841209068224,52.2335426605264],[5.16866418373974,52.23352256011412],[5.168614440312627,52.233517075430264],[5.168302818885286,52.23348144616358],[5.168223821264046,52.23347141321565],[5.16805118795189,52.233451320020606],[5.167711790343428,52.23340844742212],[5.167702927750584,52.23342460906172],[5.1676940651513,52.23344077070056],[5.167679298566184,52.23346680798873],[5.167666017924188,52.23348835411887],[5.167664540820401,52.233491047724925],[5.167666004639345,52.23349105044386],[5.167745081849501,52.23348490581488],[5.167717008085484,52.2335378818949],[5.167684556071647,52.2335881534867],[5.167666870642535,52.2336123877852],[5.167647708084419,52.23363931568664],[5.16762709053658,52.233664443315504],[5.167578443207959,52.233733559236086],[5.167576979381048,52.233733556516064],[5.167568187559011,52.23373533774537],[5.167552001280701,52.23375238454656],[5.167546114955448,52.23375866508962],[5.167524042328742,52.23378199242956],[5.16756444471796,52.233900706892555],[5.167551186043937,52.23391775913343],[5.167542336583662,52.233931224434585],[5.167537860895875,52.2339482929964],[5.167514142648198,52.234008467384115],[5.167506349290293,52.234104622693],[5.167504863293124,52.234109113846486],[5.167503297526029,52.2341297829478],[5.167501740620828,52.234148654499215],[5.1675016032386,52.23417651652026],[5.167500010877238,52.234202578270455],[5.167492430184852,52.234255592382006],[5.167486388664336,52.234293330041304],[5.167480387022755,52.23432297872644],[5.167466990785908,52.234367892976486],[5.167458056991228,52.23439843499204],[5.167438752112194,52.23445412364986],[5.167422405922922,52.23450352632429],[5.167403131989621,52.23455292355156],[5.167370678879972,52.23460319504722],[5.16736921059007,52.234604091099385],[5.167313238107956,52.23467409205947],[5.167254275614934,52.23475667039067],[5.167180572190822,52.234859893261394],[5.167108367809794,52.23495592861205],[5.167228400472358,52.23495705084728],[5.167368710481713,52.235298849416296],[5.167595793256997,52.235262421446876],[5.167601653195524,52.235261533551395],[5.167616305255578,52.235258864424026],[5.167881470518832,52.235218012734286],[5.167858331682722,52.23516044768907],[5.168091268843397,52.23512402963171],[5.16838573236595,52.23507873720464],[5.168434894997571,52.23520286025217],[5.168640186116483,52.23572902801713],[5.168702348936618,52.23588912628679],[5.168742831288889,52.23599256113521],[5.168732381254376,52.236033885828284],[5.168630979629771,52.23641208589685],[5.168604152908778,52.236509104818765],[5.168578794402255,52.23660522766603],[5.168550459417541,52.23671123160964],[5.168525109502062,52.23680555689267],[5.168507211486522,52.23687293247742],[5.168487845072106,52.23694120412428],[5.168460991242553,52.237043615650705],[5.168434150528853,52.23714333084571],[5.168408800119589,52.23723765609609],[5.168387925308354,52.23731491275604],[5.168359598244622,52.237419119090866],[5.16834317692634,52.237483801030216],[5.168319338654614,52.237568242448006],[5.16829694658373,52.23765628166822],[5.168271595590108,52.23775060688002],[5.168256686568244,52.237805404997346],[5.168246257740162,52.23784223576171],[5.168244758440822,52.23784942324435],[5.168228358883565,52.237909611291],[5.168216421864574,52.23795542708283],[5.168208996006158,52.23797698410446],[5.168195718689921,52.2379976315016],[5.16811905319183,52.23810714088995],[5.168026186322671,52.23823639340025],[5.16773132807262,52.23865467889484],[5.167603066148449,52.23883599471468],[5.167513137552288,52.23896255592],[5.167463015810864,52.23903256777602],[5.167037784794413,52.23916749264359],[5.166518752165309,52.23932291288572],[5.1665099547445,52.239325592807766],[5.16689225438216,52.23958335768407],[5.167256910241593,52.239857266555866],[5.16742164485629,52.23999958054526],[5.167638696065746,52.240221084313866],[5.167557992168089,52.240257784448765],[5.167332059582952,52.240352635321536],[5.167276310527462,52.24037589994691],[5.167088517496056,52.240455542011084],[5.166909516984945,52.24053340259851],[5.166800954918888,52.2405781393339],[5.166767206119958,52.24059335569839],[5.166595555923632,52.240664938041874],[5.166440045435312,52.240729360022655],[5.166423900721169,52.2407374189084],[5.166350506266583,52.24077592943326],[5.166137453977433,52.240634422399935],[5.166017789809378,52.24055600450648],[5.165998810699016,52.24054518360661],[5.165985656557699,52.240540665079564],[5.165972493492284,52.240537944098584],[5.165957857450677,52.24053701792343],[5.165944663140415,52.24054058835557],[5.165934352287937,52.24055315200484],[5.165939989753876,52.24059720288022],[5.165941413630167,52.240605294584334],[5.165954183902233,52.24068710765715],[5.165968288837621,52.24079498790516],[5.165975341330805,52.24084892802775],[5.16599237895981,52.24095591497603],[5.165998079014588,52.24098738301396],[5.166012277866162,52.24107638900399],[5.166059222373665,52.24135240290853],[5.166091937019319,52.24154570222602],[5.166094762582572,52.24156637949573],[5.16609904777251,52.24158795827736],[5.166101868880805,52.24160953432031],[5.166104689991818,52.24163111036315],[5.166107511105555,52.24165268640579],[5.166110332222003,52.241674262448264],[5.166113153341176,52.241695838490614],[5.166114510373736,52.24171741179452],[5.166117331497634,52.2417389878366],[5.166118688533501,52.241760561140296],[5.166120041110099,52.24178303321742],[5.166121398148588,52.24180460652086],[5.16612275518838,52.241826179824244],[5.166122648135849,52.241847750389326],[5.166122541083199,52.241869320954315],[5.166122434030429,52.24189089151919],[5.166116479515861,52.24191065358395],[5.166119269428595,52.24193852103987],[5.166124942934902,52.2419753817073],[5.166127353718593,52.2420796449112],[5.166118328236398,52.24212816225094],[5.166106405751838,52.242170382698305],[5.16608278824517,52.24220898614108],[5.166043132455802,52.24223407784653],[5.165996160549145,52.242258257066354],[5.165931623761074,52.2422815046081],[5.165848089222459,52.242297526287224],[5.165810384222187,52.24222465434867],[5.16579892153238,52.24217430109711],[5.165674825763672,52.24210306483744],[5.165549217099151,52.24204171220971],[5.165386845218504,52.2420126466156],[5.16530348559548,52.241993615744875],[5.162750083451131,52.241701184730175],[5.162515919955923,52.241682764227974],[5.16231251610039,52.24166170543969],[5.162056491633844,52.24162346922876],[5.161510697247817,52.24156131122724],[5.161383362961316,52.24155297900097],[5.161286628611052,52.241573466149724],[5.16121769810591,52.241596702723555],[5.161016972432967,52.24162507983613],[5.16093509318949,52.241603352364294],[5.1606713933237,52.24163520345811],[5.15999757447138,52.241700420102674],[5.160001897974891,52.24171391014392],[5.159946235092343,52.24171919583545],[5.159943375693639,52.24170570860701],[5.159725116365146,52.241726859558064],[5.159698285377734,52.24182028125638],[5.159663977709126,52.24194424714488],[5.159640125166181,52.24202778795749],[5.159570049477542,52.24227481808547],[5.159526814025324,52.242426628973206],[5.159237071616567,52.24239641074932],[5.158950267033271,52.24236439992287],[5.15823029914005,52.24229020616341],[5.157650841421152,52.24222526877994],[5.157071371467266,52.24216302487322],[5.157035587467097,52.24228788590864],[5.156927285339676,52.242279585938725],[5.15659359921629,52.24225376952255],[5.156172123100535,52.24221699522743],[5.155649657232524,52.24217373016698],[5.15564572746052,52.24208474303889],[5.155641741637991,52.242006541185056],[5.155407467255738,52.24200967714478],[5.15541119544122,52.24213731151897],[5.15463519780832,52.24214028121298],[5.154623527256225,52.24185174917367],[5.154307461780103,52.241816973138015],[5.15394456472992,52.24177850872125],[5.153008076190929,52.241675993380156],[5.152690553877488,52.24164031134477],[5.152557393096503,52.241626565348895],[5.1523656974372,52.241607310231174],[5.152181327105836,52.24158717058481],[5.152037922802791,52.24157250485301],[5.149977206774086,52.241434468521135],[5.149968427088598,52.241433552118075],[5.149848444475356,52.241419829513845],[5.149769427369006,52.24141158177673],[5.149589451261135,52.24139144690796],[5.149416790901552,52.24137222526428],[5.149257297773026,52.24135482743972],[5.149250457504747,52.24126493542628],[5.148834906052137,52.24121826024254],[5.148255461605202,52.24115597309234],[5.14814279096858,52.241144061099206],[5.147711137070487,52.24109734938971],[5.14727216859267,52.24104972247127],[5.146872701695633,52.241007566937846],[5.146841975742535,52.24100390933041],[5.146413247843076,52.240958097605485],[5.145885008490752,52.240903992158245],[5.14555274468697,52.24088893281762],[5.145508647318556,52.240921198829824],[5.145417704765544,52.240952470227505],[5.1453004626316,52.240973801126025],[5.145190604184071,52.24098346285262],[5.145076368153816,52.24099041916203],[5.144959238174255,52.24099107795187],[5.144846642191931,52.24096568122621],[5.144698913743783,52.24093931353619],[5.144479368120914,52.24092717872805],[5.144435465868368,52.240923493435865],[5.14435350782991,52.24091793237991],[5.144290558099299,52.24091690424585],[5.144195408833067,52.24091401231798],[5.144160271367528,52.24091394007331],[5.144145620948673,52.240915707513416],[5.144062071349055,52.24093351133122],[5.143937508305759,52.24095482581825],[5.143792320567369,52.240999466051726],[5.14370718378037,52.241039735916154],[5.14365434475511,52.2410638941851],[5.143556001618412,52.24110952942407],[5.143475256613516,52.24114980817385],[5.143398829884115,52.24120357751486],[5.143314998952579,52.24127261083337],[5.143226745999382,52.24134702766004],[5.143172265014325,52.24140353849728],[5.143128091540355,52.24144928520261],[5.143031018951048,52.24152997514745],[5.1429825170183,52.24156402868271],[5.142956060043275,52.241582848449525],[5.142790263596484,52.24164721807986],[5.142689024647861,52.241686555129355],[5.142590792665802,52.24171151779397],[5.142445744328799,52.241730091965884],[5.142268480985221,52.241749497990966],[5.14217480899388,52.24174391115179],[5.142167854421958,52.24167738682442],[5.142173947429309,52.2413682182396],[5.142177849532729,52.241191166147765],[5.142211724933268,52.24088834660203],[5.142216388982384,52.24083892322001],[5.142207886396346,52.24078767498161],[5.142101899958448,52.240093594942394],[5.14205623301272,52.239878691132276],[5.142022570525954,52.239610784005194],[5.142019019693508,52.23919194378134],[5.142019197778611,52.239159587962945],[5.14200485457244,52.239105631228554],[5.141973314483998,52.23898423008665],[5.141950063711643,52.23895272443794],[5.14150367541353,52.2383972481786],[5.141385489950342,52.23832509978613],[5.141327218641311,52.238272849156836]]]]}},{"type":"Feature","properties":{"gezicht_uri":"https://linkeddata.cultureelerfgoed.nl/cho-kennis/id/gezicht/10134620","gezichtsnummer":"221","naam":"Haarlem Zuid"},"geometry":{"type":"MultiPolygon","coordinates":[[[[4.633663901372126,52.36969855021615],[4.63322999951098,52.36982790979384],[4.633150272419264,52.36985346692949],[4.632896347200988,52.369933639236436],[4.632883683389291,52.36990120207601],[4.632880838643459,52.36989579120485],[4.632872197421075,52.36988584944502],[4.63282767599476,52.36982714434595],[4.632830627724513,52.36982626436428],[4.632799091112756,52.36978112385802],[4.632786198127761,52.369762167088325],[4.632783276973196,52.36976124968197],[4.632701621666339,52.369641190104815],[4.632245939021523,52.36975602661339],[4.632083549778742,52.36946198506109],[4.632038097141693,52.369371816028405],[4.632019882617168,52.36932046874893],[4.631805576160994,52.36888498537172],[4.631772848576339,52.36882365873583],[4.631463333516272,52.36820241607948],[4.631453485078673,52.36817718705129],[4.631475997563238,52.36814856944904],[4.631501400416284,52.36812266666743],[4.631544589629408,52.368086990713],[4.631593590189082,52.36805494700126],[4.631645435153562,52.368028314171376],[4.631735681853944,52.36798844452347],[4.631781455043973,52.36797345717279],[4.632005885454427,52.367900289441664],[4.632076739541804,52.367878271645814],[4.632290815423314,52.36780953128353],[4.63231444356131,52.36780159283661],[4.632568357597923,52.36772142172221],[4.632311905515031,52.36734678824942],[4.632271700006882,52.36729350316676],[4.632204242452914,52.367202295026395],[4.632126951891826,52.3670849591746],[4.632025606270369,52.36691444111934],[4.631830822072567,52.36671276786156],[4.631783277127941,52.366659435767765],[4.631770247733195,52.36664856712272],[4.631731266727858,52.36660967032203],[4.631683614865851,52.366562629044616],[4.631600912107259,52.366504578524584],[4.631570632878301,52.36647202875257],[4.631560723522106,52.36645039450056],[4.631567529814814,52.366395611660444],[4.631562101345817,52.36636951205276],[4.631543567089096,52.366337037243746],[4.631520506063674,52.366311723867035],[4.63133976462191,52.36614788864801],[4.631226296503537,52.365999762239866],[4.631181474801016,52.365959030365005],[4.631096419736178,52.36586681036866],[4.631013657761203,52.36581235420966],[4.630964355575197,52.3657760875866],[4.630891701986688,52.36573158262564],[4.630737280237183,52.365660490157715],[4.630708179103369,52.36564502472686],[4.630641275694783,52.36560774669046],[4.630596286313378,52.365576900224994],[4.630538329546043,52.36553159018509],[4.630512287364363,52.365508953923175],[4.630425383182894,52.36543919140279],[4.630394906221161,52.365418324346166],[4.63036447528695,52.36539476120011],[4.630309378470794,52.36535396328898],[4.63025000022103,52.36530594763849],[4.630215287914484,52.365275166740204],[4.630189154029312,52.365257922569725],[4.630174672702776,52.3652461456653],[4.630025286925062,52.36513823398443],[4.62994685511145,52.365088298716856],[4.629522938693765,52.364806960592766],[4.629100421587067,52.36470179313035],[4.628828715992776,52.364620959028606],[4.628625625368633,52.364563033828304],[4.628602290299861,52.36455389636571],[4.62853164754787,52.364649614393926],[4.628528480900995,52.36466307598122],[4.628518996318738,52.364702562048684],[4.628514177170522,52.364726798550286],[4.62768203778456,52.364707081569],[4.627665858443612,52.36470877534132],[4.627499008465997,52.36467804450133],[4.627484312570299,52.36467884897705],[4.627466619007661,52.36468322938074],[4.627432622962656,52.36469649307008],[4.627336429945214,52.36474081524141],[4.627329043500207,52.36474346420302],[4.627315769449177,52.36474697416193],[4.627301042737966,52.3647495760017],[4.627287845657903,52.364748592490244],[4.627213098140598,52.36474092227928],[4.627202852566707,52.36473905891535],[4.626943469359997,52.364710429539045],[4.626927736656156,52.36468606110196],[4.626927782862951,52.364683365021754],[4.626940050935385,52.36465288487571],[4.626941688406518,52.36464300867685],[4.626881524450662,52.364555439399545],[4.626881678482059,52.364546452465454],[4.626874338252325,52.364546405318535],[4.626500440194786,52.36400382888605],[4.626457478162386,52.36394063731574],[4.62630125535087,52.36371853025307],[4.62628405533177,52.363694152290385],[4.626123445639157,52.36347111798178],[4.626063269459443,52.36338444696752],[4.625945730434409,52.363218313273855],[4.625869730838578,52.36311266574392],[4.625674772873852,52.362838178668795],[4.625517089859937,52.36261606109265],[4.625510151132871,52.362592647829864],[4.62548788244715,52.36252149989838],[4.625376244989328,52.362097450003674],[4.625406701877585,52.362119217051195],[4.625408138979006,52.36212102388589],[4.62556068394034,52.36212919587247],[4.625628272067577,52.36212603557484],[4.625841589765362,52.36210044405921],[4.625909409155511,52.36208380319557],[4.625998196323724,52.36204302972648],[4.62614177583207,52.361974745915596],[4.62626454143541,52.361921607609354],[4.626298566524425,52.36190654685708],[4.626356464231719,52.36186916972308],[4.626380167316166,52.36185673897825],[4.626495684990832,52.36179816108967],[4.626506068541573,52.361791936269924],[4.626520886771237,52.36178394236256],[4.626599520367108,52.36173591285082],[4.626624737485937,52.36172079540744],[4.626716628630121,52.361670154625465],[4.626758131763083,52.36164705265023],[4.626836610832248,52.36160800991792],[4.626950489905897,52.36155930778384],[4.627206015077547,52.361469271816794],[4.62721931894478,52.361463964477956],[4.627346300965353,52.3614216376422],[4.627421612374658,52.3613960560827],[4.627491175048068,52.361363247236],[4.627508867282281,52.361358866823124],[4.627538349202098,52.361351865693834],[4.627696403481162,52.36129535721107],[4.627705272652563,52.36129181894833],[4.627910162051236,52.361243699822],[4.628115097136829,52.361192884256965],[4.628336286629773,52.36113588099866],[4.628495545787535,52.3610946586568],[4.62862090394426,52.36106130798002],[4.628750604248354,52.36103158016525],[4.62878306770487,52.36102190145335],[4.628842076773242,52.36100520246677],[4.628904098457586,52.36098402878672],[4.628961654861555,52.36096642164176],[4.629039823635791,52.3609453513255],[4.629131265099907,52.36092077079125],[4.629359899020623,52.360857521756074],[4.629510348694085,52.36081624165196],[4.629609144591161,52.36079080903455],[4.629821399912447,52.36074093617303],[4.629902427022529,52.360724377542816],[4.63007637778261,52.36068234828527],[4.630105828178119,52.36067714390309],[4.630158826604717,52.36066849495236],[4.63030009942405,52.36064872618135],[4.630341231787995,52.36064719161223],[4.63045274756007,52.360650600993736],[4.630616985797827,52.36066153761944],[4.630750428468801,52.360670479628475],[4.630962771176241,52.36070149662637],[4.631123859474843,52.3607249955194],[4.63132604974657,52.360748756671725],[4.631485777646422,52.36076595483454],[4.631651362057256,52.3607840889568],[4.631900480541254,52.3608108450421],[4.631926887868748,52.360811912337475],[4.632083955713362,52.36081291445152],[4.632280642219521,52.360815067836455],[4.632533125148575,52.36081667785493],[4.632602102294971,52.36081801640321],[4.632795975257837,52.3608129606549],[4.63298983290043,52.360808803284066],[4.63338783881744,52.360799654333604],[4.633475761564517,52.36080920215712],[4.633522658800869,52.360813994737896],[4.633854962013255,52.3608700376928],[4.633970561996312,52.360892344389086],[4.63404661958558,52.36090900662099],[4.634165109862219,52.36093402789373],[4.634242650777947,52.36094980064328],[4.634671427786439,52.361030722337574],[4.634669883635896,52.36103520648186],[4.634962570994621,52.36109009565008],[4.635053232461891,52.361111344000804],[4.635449489483032,52.361205538094985],[4.635499186187873,52.36121843679814],[4.635564984569366,52.36123413410369],[4.635578119890547,52.361238711473185],[4.635582615059325,52.36123334726409],[4.635603501149651,52.36121370645852],[4.635782992044113,52.36127776148309],[4.635822489445513,52.36128610134165],[4.635914543576088,52.361311851829],[4.636155765017266,52.361371804113034],[4.636179160832214,52.36137734530977],[4.636626587916462,52.361484443177154],[4.636598735605832,52.36156875301124],[4.63654884166309,52.36174100467422],[4.636510767055388,52.36190883731044],[4.636481834522822,52.362056954488665],[4.636463314463719,52.3621970485688],[4.636432617377642,52.36244941439374],[4.636428814519952,52.36250062140977],[4.636432032182438,52.36257074758207],[4.636436702631355,52.3626417817594],[4.636446126854362,52.36269217387419],[4.636503767574567,52.36292982047443],[4.636537189849778,52.36303698864965],[4.636600208678031,52.363217146618915],[4.636628916386419,52.363429443490986],[4.636716416178222,52.36389826871008],[4.636731089758878,52.36398554452176],[4.636823293352785,52.36452360636352],[4.636833928028303,52.36458928555232],[4.636953908451202,52.36530818034169],[4.636963558251029,52.36560574141159],[4.636946119981456,52.36585549485138],[4.636870196598348,52.366351146357026],[4.636765432579194,52.36672887331876],[4.636647696861601,52.36709213726755],[4.636129405237766,52.36787169697018],[4.635999391339305,52.368179157293774],[4.635875422595386,52.368563053049506],[4.635778746997088,52.36889589082665],[4.635742420680365,52.36904665708796],[4.635737724631528,52.369237170910615],[4.635749933578474,52.36929656859493],[4.635763808694403,52.3693442925744],[4.635262814896502,52.369360884847524],[4.635277070387696,52.36938614153391],[4.635065023557214,52.36942164492364],[4.634947200987574,52.36944246726816],[4.634826472374763,52.36946147344523],[4.634741087456256,52.36947441261893],[4.634576144570509,52.3695030241995],[4.634371498706652,52.36953497823939],[4.634283146577523,52.36954969579602],[4.634194794390063,52.369564413286504],[4.634034270726074,52.36959215343313],[4.634001863169601,52.369598238784214],[4.633954636092224,52.36961231895134],[4.633888230595766,52.36963166980748],[4.633663901372126,52.36969855021615]]]]}},{"type":"Feature","properties":{"gezicht_uri":"https://linkeddata.cultureelerfgoed.nl/cho-kennis/id/gezicht/10134625","gezichtsnummer":"1305","naam":"Haarlem-Noord"},"geometry":{"type":"MultiPolygon","coordinates":[[[[4.638671588660533,52.40577168016168],[4.638655227715898,52.405783260960085],[4.638655212532962,52.40578415964792],[4.638604781701796,52.40581170324071],[4.638400878317825,52.40587692443043],[4.637167052920544,52.40627446983633],[4.636937075946502,52.40631705382534],[4.635881548635195,52.40651169115738],[4.634631434746316,52.40674103436897],[4.634579256093355,52.40678474326406],[4.634357279259886,52.406442693556535],[4.634324612286854,52.40637597591671],[4.634188006578801,52.406112662642954],[4.63410249899168,52.405955730600496],[4.634032422287636,52.40584203824454],[4.634029514008817,52.405840222184146],[4.633906200081019,52.40565968120125],[4.633870305225112,52.40561001979163],[4.633550746141231,52.4052170158693],[4.633467141732259,52.40512121276476],[4.633236703224523,52.40484561696495],[4.633019277787023,52.4045826865271],[4.632931497083564,52.40447337466296],[4.632889711501575,52.4044245742078],[4.632860920818986,52.404389338263016],[4.632752891132785,52.40426102282631],[4.632725478211884,52.40423118832929],[4.632692325610859,52.40419322820338],[4.63263456125275,52.404133540453515],[4.632583944866528,52.404085582412584],[4.632520226839093,52.40403035059732],[4.632439075731088,52.40396332346276],[4.632221750556825,52.40378128273348],[4.63217252779705,52.40373782731575],[4.632061149479091,52.40363375705705],[4.632007595601492,52.40358578003203],[4.631894901905303,52.403472713376026],[4.631779408008887,52.403351539685424],[4.631752011626236,52.40332080627269],[4.63164818119503,52.40320509954433],[4.631449276567232,52.40297733680833],[4.631022639435976,52.402489269974645],[4.63088140867595,52.40232658693623],[4.630756003663254,52.40218377806357],[4.630621875787429,52.40203552062138],[4.630603127955859,52.40201472880734],[4.630515082044952,52.401921591484005],[4.630224852661767,52.40162134029033],[4.629823505962441,52.401202636985914],[4.629814874717864,52.40119179636902],[4.629804897100253,52.40117375685884],[4.629797934812632,52.4011512427028],[4.629788172261041,52.40112062157072],[4.629783918093682,52.4011116065123],[4.629768094198593,52.40109173204192],[4.629745046926074,52.40106462109185],[4.62964845035855,52.400956149054025],[4.62949264460184,52.400787079543036],[4.629469566921644,52.40076176591263],[4.629429073469914,52.40072375785875],[4.629385595493669,52.40068842705137],[4.629317447859751,52.40063496266392],[4.62929137039363,52.40061322494433],[4.629266808306984,52.40058880055944],[4.6291745755363,52.400483052396034],[4.629017626909595,52.400295100415576],[4.629001788272229,52.40027612452786],[4.628867918081965,52.40011348606753],[4.628701010556386,52.39990659537755],[4.628614642023727,52.39980178309132],[4.628355769707285,52.3994738655373],[4.628242396117112,52.39931585157134],[4.628215143199363,52.399277029139],[4.628207997310066,52.39926529912982],[4.628205397540626,52.399245509180204],[4.628208536027103,52.39923384507594],[4.628211597552732,52.399226674407934],[4.628211689903744,52.399221282284365],[4.628197444324912,52.39919512620316],[4.628168845468827,52.39914910484608],[4.628137385256181,52.39909857121366],[4.628009706437653,52.39891799567393],[4.62798403092469,52.398872891792465],[4.627945687120307,52.39879535039908],[4.627794121208344,52.398465422990405],[4.627751539992435,52.398377967707766],[4.627733180077628,52.398334708245635],[4.627675984491772,52.39824266528766],[4.627624296101857,52.39817222848624],[4.627585429790722,52.39812524233776],[4.627542140686072,52.39807912659397],[4.627491536705982,52.39803116634042],[4.627435133255318,52.39797867493019],[4.627239771841171,52.39780395579431],[4.627197767614486,52.39776863359821],[4.627002377228906,52.39759571144145],[4.627054182521822,52.39757357429204],[4.627044068103717,52.39756362272589],[4.627036861139175,52.397555487392495],[4.626960122149423,52.397489383428315],[4.6269355322393,52.39746675592462],[4.626808268183457,52.39734819790794],[4.626776471550865,52.39731743502292],[4.626714285862134,52.39725951340988],[4.626643439797204,52.39719254828456],[4.6264625910608,52.39702870644172],[4.626525423950271,52.39704888331869],[4.62653128501551,52.39704981974899],[4.626554713854498,52.397054464154714],[4.626572312479158,52.39705637475301],[4.626586957435799,52.397059165166155],[4.626619216447144,52.397062967481396],[4.626654444555291,52.39706499128147],[4.62658716950698,52.39696119880503],[4.626449712980151,52.39675179748444],[4.626422478627663,52.396712075937586],[4.62634810597069,52.396593857135485],[4.626311004650923,52.396529804935234],[4.626245524355347,52.39640714925812],[4.626177414861767,52.39626650091309],[4.626116651257594,52.39612589972978],[4.626108222533988,52.39610337589774],[4.626082689477076,52.3960501833973],[4.626017596387102,52.39590506039684],[4.625942266472588,52.39575717519451],[4.625892546791237,52.395657989053845],[4.625821485976548,52.39551822028722],[4.625814264128804,52.39551098356465],[4.625800067465325,52.39548213111739],[4.625670149831047,52.395261991816085],[4.625627359662962,52.39518711735198],[4.62559728154263,52.395141984586736],[4.625567110821755,52.39510224393901],[4.625529950092608,52.395041786229264],[4.625431612727315,52.394864991508285],[4.625393045120723,52.39480092955374],[4.62536731284805,52.39475941982682],[4.625347364115834,52.394723340020825],[4.625293394279345,52.39461513838523],[4.625197950515741,52.39444105842301],[4.625082605561225,52.394228202462656],[4.624961555633264,52.39400542299854],[4.624746473880491,52.393612167261054],[4.624529957861606,52.393217104272665],[4.624471677653722,52.39310348172889],[4.624441772235711,52.39304846309033],[4.624319584567995,52.392806801022964],[4.624230040499524,52.392546474587604],[4.624263007591355,52.39250893790141],[4.624158866875733,52.392328509446145],[4.624123426885371,52.392253681727674],[4.624122066223782,52.39224738144738],[4.624107902641403,52.39221673140627],[4.624099583977092,52.39218791660144],[4.624085698930662,52.39214109017562],[4.624083147821194,52.39211860404721],[4.624076530235537,52.3920763183877],[4.624073963661776,52.392054730946676],[4.624070020970312,52.39202774191228],[4.624069139973204,52.3919935823063],[4.624070701762728,52.39198819964478],[4.624083428149052,52.391931658033194],[4.62408500540684,52.39192537668355],[4.624115173499308,52.39187973291025],[4.624188993015628,52.39177325282428],[4.624223629610555,52.39172404266286],[4.624256797184566,52.391674823027046],[4.624289933748811,52.39162740075733],[4.624323101176396,52.391578181101686],[4.624356237596992,52.39153075881221],[4.624395404353529,52.391474387479875],[4.6244377560936,52.39148904087472],[4.624472546830323,52.391430843755955],[4.624472562294462,52.39142994506787],[4.624514713070939,52.391370896551905],[4.624563048706983,52.39129391209699],[4.624576671099047,52.391270631343],[4.624618620590387,52.39122326573328],[4.624629908047887,52.39116491721696],[4.624645679552781,52.391102103634225],[4.624688045956846,52.39094508858068],[4.624822753781037,52.39097112192665],[4.625071744059069,52.3910149676188],[4.625252112522242,52.39103410401823],[4.625356064681026,52.390969161310935],[4.625351796933877,52.39096104476641],[4.625417325228877,52.39090933662375],[4.625472416515708,52.39086654918881],[4.625511133421901,52.390836239438144],[4.625563240372136,52.39079612912909],[4.6256242996744,52.39074798728069],[4.625692780598447,52.39069539918678],[4.625749371139072,52.39065082368887],[4.625808899383322,52.39060626705187],[4.625875818350254,52.390559061536194],[4.625920472073953,52.3905251946684],[4.625976954135501,52.39048690987879],[4.626046717959078,52.39044511528008],[4.626123918742884,52.39039797571029],[4.626204088020374,52.390349057590996],[4.626278258109765,52.39030729117177],[4.626356896453896,52.39026195826342],[4.626434019469706,52.39021931193152],[4.626508204547671,52.390176646677666],[4.62658532726951,52.390134000245915],[4.62671282387647,52.39006651121265],[4.626809242186184,52.39001230430753],[4.626874489910603,52.38997677173976],[4.626958971779538,52.389933273527504],[4.627040484889244,52.38989155377404],[4.627122044074665,52.3898471378973],[4.627209447810998,52.38980455704887],[4.627289460754689,52.38976462507282],[4.627365036104894,52.38972646214525],[4.627436081462562,52.38969546040811],[4.627507157524553,52.38966266125008],[4.627578218081091,52.38963076073792],[4.627650701214739,52.38960156567095],[4.627723184253022,52.38957237055921],[4.627869649705409,52.38951219224214],[4.627974663132305,52.38947062253438],[4.628069363489183,52.38943078419837],[4.628070847749895,52.38942989492544],[4.628128487645888,52.389409592291926],[4.628147706062404,52.38940252517813],[4.628189096003076,52.389387511081324],[4.628221657317242,52.389373339173915],[4.628276420879252,52.38934942288297],[4.628298561595704,52.38934327326071],[4.628373858446697,52.38932128608691],[4.628379764682209,52.38931952635795],[4.628471295890744,52.389293149210296],[4.628471280508657,52.389294047899455],[4.6285569361497,52.389267633040504],[4.628649966767368,52.389239467785686],[4.628735622196927,52.389213052796784],[4.628822731012267,52.389187545841544],[4.628909855100734,52.38916114013268],[4.628992541760074,52.38913650352392],[4.629081134507609,52.389110107092996],[4.629075382025276,52.389102879964334],[4.629168304394208,52.389081005125036],[4.629256820096374,52.38905910200851],[4.62934386685358,52.38903718942524],[4.629432382382033,52.38901528617692],[4.629513522819912,52.388995133250106],[4.629593209687672,52.38897407218091],[4.629680256112616,52.388952159349294],[4.629818958027084,52.388916196237865],[4.629904535374279,52.38889427384622],[4.629991535436324,52.388875056853216],[4.630081457777857,52.388856757267874],[4.63016694279627,52.388840226822886],[4.630255396144453,52.388821917714914],[4.630382162272498,52.38879666310312],[4.630482381582532,52.388777530234215],[4.630485334622471,52.38877665031695],[4.630862617436248,52.38870536001775],[4.631135258515935,52.388654072580515],[4.631220727427831,52.38863844006221],[4.631216091000605,52.38865189227703],[4.631464417826664,52.38864808460084],[4.63144220128645,52.3886587282663],[4.631392700642243,52.388804914708935],[4.631139611226011,52.38891564754835],[4.631121938990933,52.3889182310798],[4.631101007144474,52.388939668334366],[4.631084573818554,52.38895574158345],[4.631066717612583,52.38896910938233],[4.631039986937948,52.388986015661764],[4.630991131401686,52.38900817337682],[4.630839455760857,52.38902967439354],[4.630793844491479,52.38903387699836],[4.630742327109022,52.38903983943309],[4.630730560907086,52.38904066305843],[4.630652558043463,52.3890491526239],[4.630515532344618,52.389245111602314],[4.63055338159626,52.38935141037243],[4.630571479817251,52.389409947196526],[4.630555291562652,52.38941164133825],[4.63046844410495,52.389421871847276],[4.630468352055042,52.389427263984025],[4.630485042686554,52.389482196676084],[4.630420289542206,52.389488973182175],[4.630425873525966,52.38950608582926],[4.630439825832945,52.389549316790344],[4.63045526238539,52.38959165844656],[4.630493004395144,52.38970424805457],[4.630397281693742,52.389718016950376],[4.630304512040421,52.38973090585619],[4.63034096903206,52.38983270184815],[4.630394868722909,52.3899453947485],[4.630497959285562,52.39010244253598],[4.63052197933889,52.390158320835155],[4.630529354496551,52.39015657038505],[4.630551921061759,52.3902115406027],[4.63053276403796,52.39021501334833],[4.630535548425728,52.390224019012805],[4.630585103737913,52.39033308890525],[4.630641090702167,52.39032355993912],[4.630694124504116,52.39031491086854],[4.630750111422209,52.39030538185075],[4.630810520351068,52.390294982263676],[4.630876820183536,52.39028372148201],[4.631015310673971,52.39026033863628],[4.631197714687438,52.390246223852124],[4.631257201469177,52.39037602896364],[4.631274169294083,52.39041478512699],[4.632409892556252,52.39032046638637],[4.632543363661866,52.390333001250056],[4.633967291780705,52.390222528109746],[4.634075226813506,52.39026815393918],[4.634129652447344,52.390264006119494],[4.63414437197962,52.39026230214887],[4.634304760337142,52.39033342734513],[4.634349853664452,52.39035977884877],[4.634386194672899,52.39038247954873],[4.634449926017679,52.39043591310264],[4.634510719701386,52.39048932794938],[4.634501799435199,52.39049556276083],[4.634570059881366,52.39054183473908],[4.634639743607862,52.39059081208237],[4.634716939866545,52.39062995046398],[4.634783914887153,52.39066542870541],[4.634858188827433,52.39070364963901],[4.63493244764417,52.39074276921592],[4.634965073626967,52.390811284263194],[4.634997699710148,52.390879799300684],[4.635011961909005,52.39090505592116],[4.635030310643884,52.39094921301834],[4.635040440606399,52.39095826522651],[4.63509245266529,52.3910098264128],[4.635324165902751,52.39086030161358],[4.635395426582178,52.39090299700768],[4.6354667026399,52.39094479366875],[4.63549433784288,52.39096114725066],[4.635500289737247,52.39095669109691],[4.635530969485114,52.39096677248817],[4.635722286242472,52.39103359810607],[4.636180408367135,52.39104728974613],[4.636720006463203,52.39102105057368],[4.636938876374405,52.391022437400764],[4.637081620704572,52.39100806228241],[4.637153810935116,52.3909959365138],[4.637132415766519,52.39095805196657],[4.637391858439248,52.39090576773295],[4.63754961063696,52.39087261255647],[4.637730850121065,52.390840504603766],[4.637811974966422,52.39082124468713],[4.637900413951305,52.39080382856716],[4.637985884651132,52.390788191175474],[4.638069901561389,52.390771645739285],[4.638156856243391,52.390755118825524],[4.638252669913512,52.39073595151582],[4.63837774036414,52.390724159423115],[4.638470707121347,52.39069958121649],[4.638557752582957,52.3906776618641],[4.638630063289217,52.39065834566811],[4.639040256790389,52.39055218467884],[4.63928353491647,52.39058697648248],[4.639617673844453,52.39063492441523],[4.640062753854653,52.39081209783725],[4.640109759279364,52.39081239438602],[4.640825820350693,52.39086274767935],[4.640798987349544,52.39097312927313],[4.640787600157714,52.39103866889963],[4.640774305132904,52.39113026130066],[4.640766143266894,52.39117874431376],[4.640758011650387,52.39122542994413],[4.640748365679474,52.39127480238699],[4.640743535118784,52.39129993795333],[4.640732118390667,52.391454457218984],[4.64072333589679,52.391539786547995],[4.640716718516816,52.39158378535878],[4.640710101123482,52.39162778416877],[4.640705134285948,52.39166100794849],[4.640691899439089,52.3917490055649],[4.640683570874249,52.39180737416381],[4.640673758196684,52.39186663219216],[4.640665308497052,52.391932190313895],[4.640653648401103,52.392013906346094],[4.640631735799458,52.39209376017161],[4.640605461635756,52.392170890137365],[4.640580716898637,52.39224443459451],[4.640563710520717,52.392294659396065],[4.640546704103975,52.39234488419459],[4.640529743065288,52.39239241291831],[4.640514281242149,52.392438153519855],[4.640498819386867,52.39248389411888],[4.640475634113729,52.392552055667416],[4.640469440259237,52.39257089111917],[4.640401579584672,52.39258754014506],[4.640294631974393,52.39283133548097],[4.640257876928606,52.393007265716555],[4.64025764970842,52.393107928309185],[4.640327798060022,52.3931299415861],[4.640399385194748,52.393153761465776],[4.640446772273763,52.39330595509258],[4.640474319945403,52.393327699652865],[4.64050657789001,52.393418680416325],[4.640490206860691,52.39343116019772],[4.640737397026721,52.39375807896936],[4.640854557459729,52.393954752668265],[4.641030148755651,52.39425874989128],[4.641112720462628,52.39441565880535],[4.641193763201539,52.39457615316546],[4.641196565153058,52.394584259885335],[4.641216330102533,52.39463202001968],[4.641224751108852,52.394655441487046],[4.641234595794976,52.39468156827773],[4.641251392478263,52.39473110727962],[4.641268219448924,52.39477884889816],[4.64128648525912,52.39482839714693],[4.64130331230403,52.39487613875966],[4.641320124260895,52.394924779059856],[4.641322926257269,52.394932885776285],[4.641336936254411,52.394973419357235],[4.641345387635635,52.39499504343415],[4.641355247590758,52.39502027152301],[4.64137208990468,52.39506711443411],[4.64138052619781,52.3950896371984],[4.641390371071014,52.395115763974154],[4.641410091096708,52.39516622014239],[4.641428357223139,52.39521576836595],[4.64143399153656,52.39523018441233],[4.641445199687662,52.39526261126506],[4.641443715498554,52.39526350070473],[4.641555359429059,52.395613831179524],[4.641839299885513,52.396464970570904],[4.641866290992345,52.39651996633002],[4.641939417210198,52.39662738193823],[4.641952412545536,52.396640945488706],[4.642034489864944,52.39674032829192],[4.642082049037819,52.39679545340445],[4.642135424376258,52.39685421022612],[4.642200537727538,52.39691393964418],[4.64240192148055,52.39708327904614],[4.64267870528723,52.397312411908885],[4.642904690752234,52.397504374698066],[4.643056747541861,52.39763655276663],[4.643231859057056,52.39779583899824],[4.643328768690623,52.39788722496448],[4.643408154408935,52.39797220930505],[4.643439872583541,52.3980083598822],[4.643526468813906,52.39810147848199],[4.643742938364681,52.39833562273466],[4.643835412561347,52.39842877799348],[4.64393218916596,52.39852825166893],[4.644060504511311,52.39867465995202],[4.64411803610574,52.39874872125131],[4.644179538484676,52.39884887218247],[4.644058522619494,52.398880469178366],[4.644171680358401,52.39905464453674],[4.644243090994209,52.399177327196476],[4.644365495204725,52.399413576478075],[4.64443098492262,52.39953891822876],[4.644521580415507,52.399744409171824],[4.644524473665589,52.39974712366674],[4.644604144505206,52.39990311289567],[4.644683785787115,52.400060899446714],[4.644879298118559,52.40049444016243],[4.645002591552393,52.40076574684346],[4.645132094615806,52.40101731903012],[4.645143412262484,52.401043454673626],[4.645231677470758,52.401212979022716],[4.645274491525274,52.40128874507022],[4.645330288433542,52.401378972962064],[4.645394886169609,52.40147015472801],[4.645198930955322,52.40150128353796],[4.645150038540599,52.401525244404795],[4.64509687369597,52.40154108942759],[4.6450242469666,52.401578383294144],[4.644954784472509,52.40160221518634],[4.644953089394034,52.401615686323076],[4.644913864459084,52.40167655781658],[4.644910700083749,52.401690019744535],[4.644929349127382,52.401717100134114],[4.64494805840771,52.40174058576224],[4.644892060047606,52.40175012144968],[4.644871429859156,52.401753587291545],[4.644813962182434,52.401763113733494],[4.644734379929584,52.40177699544511],[4.644725534107756,52.401778737562985],[4.644656281971281,52.40178998762466],[4.644606190747528,52.40179776264188],[4.644576714682295,52.40180297054053],[4.644495678061396,52.4018159441897],[4.644485377999813,52.401816778387],[4.644420563729732,52.40182625857119],[4.644360172355977,52.40183486767481],[4.644342510790978,52.40183655447492],[4.644262973462272,52.40184773980064],[4.644237935319785,52.40185117788378],[4.644177543877018,52.40185978689411],[4.644109790904563,52.4018692484737],[4.644099475752726,52.401870981326795],[4.644012576791139,52.401883019083044],[4.643983115673224,52.40188732814422],[4.643935977872716,52.401894222626865],[4.643862332568021,52.40190454587363],[4.643856440339142,52.40190540767899],[4.643782825151964,52.401913933497454],[4.643731294504211,52.40191990154313],[4.643701848413598,52.401923311844875],[4.643623825299978,52.401931809895416],[4.643607632958018,52.401933505809694],[4.643539909916964,52.401941169684015],[4.643486924998938,52.40194622970891],[4.643464840404389,52.401948787390275],[4.64338828649112,52.401957294511305],[4.643384165242211,52.40194019173419],[4.643353249822364,52.401943592722205],[4.643256125841101,52.401951970573876],[4.643225225491901,52.401954472839236],[4.643147232413768,52.4019611731969],[4.643141777780158,52.40193597297843],[4.643050591302342,52.40194079282406],[4.642842304395513,52.40200599406562],[4.642846395248651,52.40202489423937],[4.642862607736198,52.40210948182396],[4.642877441561367,52.402188668036835],[4.642778847656895,52.40219703626226],[4.642777378359194,52.40219702702782],[4.642694976893927,52.402203699382945],[4.642692023198674,52.40220457960108],[4.642614044702224,52.40221038091715],[4.642544881975243,52.4022162376062],[4.642550275893498,52.402245032606544],[4.64255709381219,52.402276532910896],[4.642557063607738,52.402278330289086],[4.642499670274782,52.40228336215927],[4.642512002893574,52.402336467955124],[4.642520123968899,52.402377863078506],[4.642527410075556,52.402381504022834],[4.642493480157412,52.402389379755526],[4.642427074484646,52.40240603911959],[4.642411460019667,52.40246076676178],[4.642370123062896,52.402472191019726],[4.642334693526863,52.40248185484515],[4.642310988219508,52.40249338996054],[4.642251732451418,52.40252177838358],[4.642239826897114,52.402530691344964],[4.642198232967452,52.40255739325528],[4.642186191403898,52.402574394411936],[4.642178693753292,52.40258333509237],[4.642147158255545,52.4026235820116],[4.642138145944084,52.402635209513896],[4.6421110938698,52.4026709907054],[4.642105110835868,52.40267724455686],[4.642072075664806,52.4027192795901],[4.642070561013103,52.402721966413665],[4.642037510662765,52.40276490012565],[4.642004475361876,52.40280693513904],[4.641998462066874,52.40281498636267],[4.641968440902258,52.40285254640927],[4.641960912931264,52.402863284452984],[4.641927847253434,52.402907116821616],[4.641926347701815,52.40290890495429],[4.64189481174192,52.40294915180277],[4.641888813523664,52.402956304331646],[4.641860276610417,52.40299297490604],[4.641854233030215,52.403002823499605],[4.641827210735715,52.40303680724503],[4.641818198255796,52.40304843472168],[4.641794144795412,52.40308063957424],[4.641780618488123,52.40309853012937],[4.641761109026999,52.403122674516105],[4.641743083992606,52.40314592945807],[4.641728058076307,52.40316560813707],[4.641707003627153,52.40319423671085],[4.641694976821137,52.40321033912589],[4.641663425314618,52.403251484598165],[4.641628889717378,52.40329530763033],[4.641625875441919,52.40329978257647],[4.641594338929421,52.40334002934063],[4.641589825067335,52.40334629241408],[4.641561272531207,52.40338386160122],[4.641552275033634,52.4033945903678],[4.641526736729214,52.40342768460202],[4.641516209380386,52.403441998870484],[4.641493670198346,52.40347151684267],[4.641478659184897,52.403490296799596],[4.641459119135762,52.40351623851137],[4.641442593374552,52.403537705278616],[4.641424552877475,52.40356185885814],[4.641406557739106,52.403583316368746],[4.641391501271291,52.40360479238],[4.641368977049835,52.40363341163853],[4.641358464728029,52.40364682720354],[4.641332911005001,52.4036808200823],[4.641323913391535,52.40369154883066],[4.641295345277764,52.40373001663877],[4.641290861590567,52.40373448232293],[4.64125481050874,52.40378099205301],[4.64122025896244,52.40382571364825],[4.641220243832406,52.403826612336815],[4.64118569221545,52.40387133392142],[4.641184192601089,52.40387312204426],[4.641151125397082,52.40391695418396],[4.641149625779776,52.4039187423063],[4.641116558507336,52.4039625744358],[4.641112074778496,52.4039670401129],[4.641082021812044,52.404006397299995],[4.641036927128124,52.40406633175402],[4.641022309206682,52.40406174574899],[4.640960370319323,52.40416201933372],[4.64093031708514,52.40420137648019],[4.640921334404232,52.40421120650797],[4.640903293347231,52.40423536000361],[4.640883767767865,52.40426040292676],[4.640855198903105,52.40429887062274],[4.640849200333418,52.40430602309629],[4.640820661685796,52.404342693406626],[4.640811648674679,52.404354320802526],[4.640786109260902,52.40438741486834],[4.640775596582774,52.404400830378854],[4.640751556766072,52.40443213631945],[4.640739529274916,52.40444823863197],[4.640717019341827,52.40447595907153],[4.64072579015713,52.404478710697205],[4.640709278820387,52.40449927866815],[4.640691237529821,52.40452343212957],[4.640673211360979,52.40454668689983],[4.640656669690778,52.4045690522397],[4.640629615232837,52.40460483307395],[4.640622116922871,52.40461377365086],[4.640593547601788,52.40465224128],[4.640586049276481,52.40466118185448],[4.640578732669166,52.40465933816867],[4.640550148136867,52.404698704475216],[4.640547148800447,52.40470228070394],[4.64051259581754,52.40474700208143],[4.640478012473662,52.40479352082485],[4.640441929379692,52.404841827670545],[4.640437430347172,52.404847192009285],[4.640405861353839,52.4048892358164],[4.64040286199281,52.404892812041275],[4.640366793883423,52.40494022017451],[4.640381442321099,52.40494300888356],[4.640349873205965,52.40498505267468],[4.640315274355426,52.40503247005585],[4.640280705729904,52.405078090049905],[4.640279190888297,52.40508077684885],[4.640274782710306,52.40508074905192],[4.64024324369612,52.40512099543666],[4.640214688868185,52.405158564281024],[4.640246682255144,52.40517853927766],[4.640309214867502,52.40521758129147],[4.64034849473575,52.40524119733922],[4.640368823940971,52.405255706055],[4.640435689236306,52.4052992692361],[4.640186223966936,52.405452287034485],[4.640315804232096,52.40552410806859],[4.640339572277306,52.405508978611415],[4.640345495350418,52.4055063196065],[4.640604399697778,52.405665238882285],[4.640547956257499,52.40570083445226],[4.64049004331203,52.405736420731856],[4.64043209997975,52.405773804358844],[4.640369733150736,52.40581205885157],[4.640056458275935,52.406001524170385],[4.64005792769908,52.40600153343878],[4.63999257590978,52.40604246525686],[4.639934631757289,52.40607984863655],[4.63987670266529,52.40611633329948],[4.639815819462108,52.40615369807869],[4.639554006590554,52.40599296116989],[4.639588136923638,52.405973403348675],[4.639483430502837,52.40590803002701],[4.639440362314467,52.40593472166527],[4.639397294074193,52.40596141328761],[4.639274057761956,52.40603613304487],[4.639241381495744,52.4060565987413],[4.639225066108568,52.40606548355437],[4.639147975581657,52.40601825998784],[4.639086866768516,52.40598192271109],[4.639025773231127,52.40594468671494],[4.63896613403949,52.40590835865694],[4.638903586464473,52.405870214627726],[4.63884249323521,52.4058329785367],[4.63877847645715,52.40579482515776],[4.638707203807303,52.40575123319169],[4.638671588660533,52.40577168016168]]],[[[4.642656036578122,52.390877863736556],[4.642346384977587,52.390946021838914],[4.642156168657754,52.39098796701528],[4.642128123112309,52.39099587964395],[4.641998283487375,52.39102921655407],[4.6419982683788,52.39103011524516],[4.64199384648835,52.391030986205855],[4.64166361267926,52.3910999117968],[4.641632644232066,52.39110690712137],[4.641421816155652,52.391151417713445],[4.6413584252938,52.39116450028522],[4.641240163985201,52.390946249145514],[4.641221383711141,52.39084007406774],[4.641196381808941,52.39084171414493],[4.641150663756307,52.39085221157328],[4.641141273734791,52.39079912402714],[4.641140077081152,52.390782938335235],[4.641126355965964,52.390725329569946],[4.641111135718263,52.39066950892999],[4.64109596088862,52.390610992214505],[4.641167967883105,52.39060964828642],[4.641302395103114,52.39056555574634],[4.641352640529726,52.39054789648399],[4.641304240040413,52.390455915435844],[4.641292912209514,52.390430678068896],[4.641216447821134,52.390173143520094],[4.641164004335026,52.39005956606235],[4.641134169256148,52.389911977129124],[4.641236140822456,52.38978858698241],[4.641222389636204,52.38973277559919],[4.641207048609878,52.38968414449031],[4.641204216713559,52.38967783514549],[4.641195872271784,52.38964992019844],[4.641204670435548,52.3896508744092],[4.641175865753186,52.389529356773394],[4.641139898363947,52.38939700856317],[4.641138505117467,52.389392505852925],[4.641223835850364,52.389384954333345],[4.641295795482946,52.389386306397206],[4.641385305990675,52.389392262886474],[4.641438079577942,52.38939888674777],[4.641501044586454,52.38941096748045],[4.64158890490472,52.38942769886202],[4.641672328436794,52.38944619981906],[4.641754283163463,52.38946469147101],[4.641836222847592,52.389484081757665],[4.641915239959959,52.389502554807535],[4.641997194892916,52.389521046291534],[4.642080603666146,52.389540445652585],[4.642168404043912,52.38956077137011],[4.642247421432422,52.38957924419855],[4.642329376646783,52.38959773545283],[4.642417177252933,52.389618060986095],[4.642494725966783,52.38963652441147],[4.642500586393852,52.38963746005155],[4.642576696487228,52.389654116803335],[4.642663043531274,52.38967353422682],[4.642812341346608,52.38970593031485],[4.642970407424434,52.38974107767746],[4.643102124319626,52.3897706665491],[4.643270397657847,52.389810371576424],[4.643705059397769,52.38990837267378],[4.64395273712621,52.38985600024849],[4.644193115026123,52.3898008851479],[4.644214312095766,52.38976326912119],[4.644275628042145,52.38961086015005],[4.644325878278106,52.389505118612384],[4.644365906395505,52.38939571778621],[4.644517618619365,52.38902097668965],[4.644626348820534,52.38875651658392],[4.644699894408634,52.38857542289792],[4.644745781072651,52.38846695745006],[4.644698868411251,52.38846127059427],[4.644781647654283,52.38825506872586],[4.644956806089589,52.388146514794194],[4.645137703590291,52.38804608564621],[4.645220168614449,52.3880340193687],[4.645574306732303,52.388027249909825],[4.645575294450021,52.388056017260176],[4.645616436714765,52.38805537612961],[4.645756020628179,52.388053553816164],[4.646058764821112,52.3880455623225],[4.647291667971133,52.38802001711781],[4.647609159939096,52.38800851866355],[4.647644982010285,52.387886507460145],[4.647619759643328,52.38746122402755],[4.647616612630087,52.387385706321545],[4.64761165197982,52.387330849372894],[4.647611741938536,52.3873254572167],[4.6476083100775,52.387267014669945],[4.647604833245509,52.387211268200595],[4.647600082534167,52.387143829551285],[4.647594792626652,52.38702066277663],[4.647594987539845,52.387008979770826],[4.647648405664803,52.38662463280311],[4.647769310334281,52.386685606527045],[4.647836289894617,52.38672107742194],[4.647986166245056,52.386806499042585],[4.648034156780897,52.38683555977805],[4.648055948886863,52.386850076386416],[4.648195439676544,52.3869417244147],[4.648238004726193,52.38694378761586],[4.648299005019982,52.38698551243532],[4.648415145737828,52.38706802663239],[4.648429639021257,52.38707980127489],[4.6484717100208,52.38711152125727],[4.648554278581562,52.387181242865296],[4.648622443843009,52.38723379764096],[4.648811773509298,52.38742012831714],[4.648876657567,52.38749333456375],[4.648951539183947,52.387583680037935],[4.648986072404559,52.387627037058074],[4.649037767611297,52.38769836341898],[4.649082208659349,52.38776425182279],[4.649156492669652,52.38789054487779],[4.649203527634585,52.38797712147836],[4.649253096519924,52.388087981072104],[4.649296805269691,52.38819790533944],[4.649326154938115,52.388287966824045],[4.649367348162268,52.388460790403855],[4.649376747558886,52.38851387734033],[4.649383104578232,52.38857323682156],[4.649392264695494,52.388640702839695],[4.649407135718817,52.388718091082055],[4.649420059311024,52.3888242283374],[4.649420044353914,52.38882512703011],[4.648987255615256,52.38879097238026],[4.6486772374059,52.38879443208738],[4.648135080138183,52.38880003756689],[4.648173122863294,52.38916158695436],[4.648173827621254,52.38920742943603],[4.648175926337848,52.389257774546195],[4.648179523895736,52.38930633143761],[4.648181652587834,52.38935487916181],[4.648183781284327,52.38940342688553],[4.648188847738478,52.38945199294183],[4.648193419788191,52.38953021584644],[4.648200420222646,52.389639012623185],[4.648226112383969,52.389860274267114],[4.648221705713454,52.38986024676873],[4.648086343051669,52.389872883789266],[4.648083390285891,52.389873764145854],[4.648008356977628,52.38988048609866],[4.647965684209891,52.389884713656905],[4.647958324768126,52.38988556650226],[4.647895072527449,52.38989056435351],[4.647625875627362,52.389912251896654],[4.646984418423865,52.38996936155731],[4.646809319896884,52.38998624266914],[4.646760771338695,52.38999043305772],[4.646673986482101,52.38999708068902],[4.646641610752076,52.39000047337466],[4.646529854650471,52.390006964739435],[4.646521026266611,52.39000780830816],[4.645491191225744,52.390097532782455],[4.644968905093057,52.39014369366219],[4.645095198686201,52.39040962703517],[4.644921265640697,52.39044448838771],[4.644850487117957,52.39046022287388],[4.644857605908541,52.39047374928877],[4.644777998804058,52.39049032717509],[4.644618859693199,52.39051898932862],[4.644478861406917,52.39054507495874],[4.644216521431201,52.39059555893003],[4.6437758844657,52.39067817825126],[4.643356021859565,52.39074834342294],[4.643127660683101,52.39078735419385],[4.642959721014995,52.39081506004344],[4.642816722615889,52.39084472000514],[4.642656036578122,52.390877863736556]]]]}},{"type":"Feature","properties":{"gezicht_uri":"https://linkeddata.cultureelerfgoed.nl/cho-kennis/id/gezicht/10134626","gezichtsnummer":"324","naam":"Haarlem"},"geometry":{"type":"MultiPolygon","coordinates":[[[[4.637153810935116,52.3909959365138],[4.637081620704572,52.39100806228241],[4.636943283151301,52.39102246531928],[4.636720006463203,52.39102105057368],[4.636495047783788,52.39103220775781],[4.636180408367135,52.39104728974613],[4.635722286242472,52.39103359810607],[4.635530969485114,52.39096677248817],[4.635500289737247,52.39095669109691],[4.63549433784288,52.39096114725066],[4.6354667026399,52.39094479366875],[4.635395426582178,52.39090299700768],[4.635324165902751,52.39086030161358],[4.63509245266529,52.3910098264128],[4.635040440606399,52.39095826522651],[4.635030310643884,52.39094921301834],[4.635011961909005,52.39090505592116],[4.634997699710148,52.390879799300684],[4.634965073626967,52.390811284263194],[4.63493244764417,52.39074276921592],[4.634858188827433,52.39070364963901],[4.634783914887153,52.39066542870541],[4.634716939866545,52.39062995046398],[4.634639743607862,52.39059081208237],[4.634570059881366,52.39054183473908],[4.634501799435199,52.39049556276083],[4.634510719701386,52.39048932794938],[4.634449926017679,52.39043591310264],[4.634386194672899,52.39038247954873],[4.634349853664452,52.39035977884877],[4.634304760337142,52.39033342734513],[4.634303215113561,52.390337911455966],[4.63414437197962,52.39026230214887],[4.634129652447344,52.390264006119494],[4.634075226813506,52.39026815393918],[4.633967291780705,52.390222528109746],[4.632543363661866,52.390333001250056],[4.632409892556252,52.39032046638637],[4.631274169294083,52.39041478512699],[4.631257201469177,52.39037602896364],[4.631197714687438,52.390246223852124],[4.631013841775221,52.39026032925665],[4.630876820183536,52.39028372148201],[4.630810520351068,52.390294982263676],[4.630750111422209,52.39030538185075],[4.630694124504116,52.39031491086854],[4.630641090702167,52.39032355993912],[4.630585103737913,52.39033308890525],[4.630535548425728,52.390224019012805],[4.63053276403796,52.39021501334833],[4.630551921061759,52.3902115406027],[4.630529354496551,52.39015657038505],[4.63052197933889,52.390158320835155],[4.630497959285562,52.39010244253598],[4.630394868722909,52.3899453947485],[4.63034096903206,52.38983270184815],[4.630304512040421,52.38973090585619],[4.630397281693742,52.389718016950376],[4.630493004395144,52.38970424805457],[4.63045526238539,52.38959165844656],[4.630439825832945,52.389549316790344],[4.630425873525966,52.38950608582926],[4.630420289542206,52.389488973182175],[4.630485042686554,52.389482196676084],[4.630468352055042,52.389427263984025],[4.63046844410495,52.389421871847276],[4.630555291562652,52.38941164133825],[4.630571479817251,52.389409947196526],[4.63055338159626,52.38935141037243],[4.630515532344618,52.389245111602314],[4.630652558043463,52.3890491526239],[4.630730560907086,52.38904066305843],[4.630742327109022,52.38903983943309],[4.630793844491479,52.38903387699836],[4.630839455760857,52.38902967439354],[4.630991131401686,52.38900817337682],[4.631039986937948,52.388986015661764],[4.631066717612583,52.38896910938233],[4.631084573818554,52.38895574158345],[4.631102475999477,52.38893967771287],[4.631121938990933,52.3889182310798],[4.631139611226011,52.38891564754835],[4.631733109344595,52.38865609056201],[4.631741922419284,52.388656146785536],[4.631818962189386,52.38853170677143],[4.631802820245131,52.38853070501518],[4.631822929735502,52.38821266249426],[4.631834680384399,52.38821273744966],[4.63183804806836,52.38810130926855],[4.631834453193936,52.38805365059384],[4.631823805162751,52.38798886996239],[4.631804191094045,52.38793302001079],[4.631779940899037,52.3878906222949],[4.631745500907447,52.38784276684134],[4.631664426438874,52.387773042941355],[4.631484438040776,52.38764606415009],[4.631445193778769,52.38762154642571],[4.631360753532297,52.38757696688697],[4.631302491501245,52.38754783378635],[4.631156576202946,52.387490278638204],[4.631026603527489,52.387445408142845],[4.630866016223241,52.38738686015257],[4.6307275227083,52.38732485793264],[4.630679389664313,52.38730477710508],[4.630651743179627,52.38728932108477],[4.630624142726802,52.38727116898834],[4.630582099720802,52.38723854399994],[4.630514139974281,52.387175194601234],[4.630472357929364,52.387127291845424],[4.630465274747086,52.387111967186215],[4.630455652844569,52.38707325781668],[4.630448891837212,52.387039060668585],[4.630446567894283,52.38700309429963],[4.630447227556812,52.38696445063368],[4.630453685666242,52.386930337962774],[4.630465942211227,52.38690075628605],[4.630487210879044,52.38685954795498],[4.630517322893374,52.38681659855375],[4.630575847890869,52.38674417069161],[4.63062513057572,52.38669684981362],[4.630803929626612,52.386548793249155],[4.630873897345045,52.38649441409109],[4.630943880222336,52.38643913620063],[4.630993008877715,52.386400802066156],[4.631054163515872,52.38634636652058],[4.631098992961729,52.386301713373214],[4.631152757524644,52.3862499269535],[4.631193088527019,52.38621063777713],[4.631265213577136,52.38611582670067],[4.631298491699471,52.38605941549115],[4.631339450619456,52.38598327996324],[4.631342755870648,52.385961730148104],[4.631344423817344,52.385950056550186],[4.631353085302025,52.38587281606443],[4.631352321366557,52.38583146693693],[4.631345988873956,52.38577210650255],[4.631338141682732,52.385715432762666],[4.631320120545634,52.38565240256093],[4.63130506759334,52.385587593726676],[4.631288760468443,52.38551019384934],[4.631255045424082,52.38533381613993],[4.631191227877164,52.384941537051226],[4.631130433044054,52.38480273549431],[4.63092289289903,52.384569522764615],[4.630703467303224,52.38434432281347],[4.630204851589531,52.383867474703656],[4.629802267900098,52.383530550942396],[4.629731239396258,52.383475270484745],[4.62972704833163,52.383462660633114],[4.629731653951809,52.383451005843],[4.629739120145577,52.383443863294985],[4.62966842967238,52.38336881160924],[4.629655226997689,52.38336782835468],[4.629642116457653,52.38336145295601],[4.629630489946846,52.38335418826188],[4.629503203302733,52.383152943943166],[4.629337277965528,52.38289213211667],[4.629193577652571,52.382706061788646],[4.629148817836062,52.3826608358007],[4.629119921252142,52.38263278834547],[4.62909530770701,52.382611958616],[4.629079306281914,52.38260286827716],[4.629012701458326,52.38254671690149],[4.628915255348359,52.38249036798245],[4.628807006360121,52.38246450861343],[4.628737980289496,52.38246406648495],[4.628654175571199,52.38246892237519],[4.628590724035676,52.38240020791264],[4.62859955123783,52.38239936567733],[4.628608378439655,52.38239852344135],[4.628615860011952,52.3823904822722],[4.628617497785356,52.382380606086244],[4.628608962734636,52.38236437320445],[4.628614868032522,52.38236261345944],[4.628224221123442,52.38193048894636],[4.627009891297126,52.38062484720167],[4.626297676755282,52.37984731339626],[4.624814118283296,52.378233430145954],[4.624474122336566,52.37784925458252],[4.624273358081226,52.37765292361142],[4.624057200247094,52.377412452341105],[4.62407339982744,52.37740986038504],[4.625015723837118,52.37727032633059],[4.625654736170556,52.37717557133616],[4.626344810920411,52.3769292455223],[4.626658774640156,52.37677667083214],[4.626852929175111,52.37667365820259],[4.627150459215628,52.376537154899886],[4.62738280639044,52.37643348778973],[4.628193418077944,52.37609355179251],[4.628528950011614,52.37596717535265],[4.628610189932589,52.37593983341316],[4.628797525060543,52.3758916001169],[4.629419134208839,52.37578233277742],[4.629899035796315,52.37571529777185],[4.630194709134483,52.375686629790124],[4.63015529643649,52.375586612087254],[4.630134221467203,52.37553075234292],[4.630086059971808,52.37542708350812],[4.63007899411491,52.37541086010115],[4.629971753314348,52.37515491786065],[4.629907547688471,52.37504485479346],[4.629740667679816,52.374841559446494],[4.629507988442823,52.37462166453858],[4.629114104155133,52.37429647735514],[4.628835781762824,52.37416976300882],[4.628097419352424,52.37389449513828],[4.627733845669649,52.373772624262074],[4.626630241063379,52.37330266236404],[4.625842289625251,52.372923700710224],[4.625134583696084,52.37257580918432],[4.62473347048692,52.3723323505244],[4.624562296968268,52.37220991116703],[4.624365591623105,52.372035177151545],[4.623830505946882,52.371556267488074],[4.623775624100891,52.37150288490019],[4.62350923724902,52.371281861676614],[4.623933460453622,52.37112011869007],[4.623770114647542,52.370969866057834],[4.623715187185948,52.370919179512306],[4.623629890665456,52.370841333322204],[4.623434864477718,52.37065492420789],[4.623429084344077,52.370649494167594],[4.623339585319232,52.37055993635585],[4.623222669954376,52.37044233900879],[4.623175007557758,52.37039619304349],[4.623100052570066,52.37031481802944],[4.622850523642557,52.370053456402864],[4.622834636433984,52.37003807436594],[4.622817358450178,52.37001818938815],[4.62270786445457,52.36989614546661],[4.622543616842211,52.36971352873674],[4.622470302818782,52.369622277191326],[4.622443042087048,52.369585250623686],[4.622379819981736,52.36950484971426],[4.622287683436677,52.36939819698055],[4.621982238156545,52.36905917600934],[4.621539233898096,52.36852332790825],[4.621355171072813,52.36829833803919],[4.621135368395676,52.36801739147029],[4.621019334867938,52.36784946516848],[4.620973502752969,52.36778265789263],[4.620854689423334,52.36760572549972],[4.62054530538335,52.36715612362297],[4.620447864846601,52.367017078484444],[4.620203000067901,52.3666577727683],[4.620085521039085,52.366488937314536],[4.620090469320938,52.36645751163892],[4.619570563522164,52.36570185185685],[4.61929136614732,52.36529109025564],[4.61928564944723,52.3652820652415],[4.618026477772695,52.365503082305175],[4.61789539827458,52.365526497917486],[4.617754026513841,52.36555074527814],[4.617471251342477,52.365601036874686],[4.617462583223261,52.36559289137305],[4.617374340553469,52.36551681892365],[4.61726025001851,52.36540732294377],[4.617131775784562,52.36528065620956],[4.617004551896991,52.36516658056862],[4.616904190696447,52.365027513383424],[4.616837813871498,52.364876084172906],[4.616840794755937,52.36470443406613],[4.616843572729064,52.364544466945446],[4.616873556740112,52.36442422377473],[4.617138755422928,52.36437112290482],[4.617137365387962,52.36436661989572],[4.61710186574901,52.364297181867734],[4.616971534487151,52.3640239995192],[4.616985948182023,52.36395488621761],[4.617616273542976,52.36384304156172],[4.617726733582928,52.36382308741108],[4.618134668144241,52.36375113863935],[4.618174429242317,52.36374420661619],[4.618240676941166,52.3637338514706],[4.61874429544236,52.36364724265815],[4.61882220319106,52.36381132877107],[4.618996451168556,52.36417736975405],[4.619089170569988,52.364164489543995],[4.619173112851787,52.36414975472759],[4.619288054837622,52.364125334234835],[4.619437712517453,52.36430067086856],[4.619457813968009,52.364326866243516],[4.619475134898443,52.364344055650726],[4.619509854561657,52.36437394099645],[4.619525816356584,52.36438483003007],[4.619544745340644,52.364393940717804],[4.619582696637905,52.36440676993104],[4.619642606354222,52.36442333668972],[4.62043781805696,52.364455454147624],[4.620350450219036,52.36441354371253],[4.620358846813852,52.36435248018525],[4.620373527191064,52.36435257528662],[4.620433670137301,52.364355661260355],[4.620600886683401,52.36436483343389],[4.620725592293566,52.364370134944565],[4.620731464447188,52.364370172967156],[4.620936850119681,52.364379591805914],[4.621049795980231,52.36438571564247],[4.621146624479415,52.36438993748236],[4.621557396280264,52.364408773363344],[4.622136853624158,52.364436787313934],[4.622157798012703,52.364329067541824],[4.622219595063472,52.364321377784194],[4.622216085579002,52.36435461043828],[4.622918826993038,52.3643852148056],[4.623096382380672,52.36439085503223],[4.623210843051012,52.3643942902049],[4.623210982347987,52.36438620196954],[4.623695079708801,52.364409997617],[4.623981146625672,52.364423526705295],[4.624124937359966,52.364428947682576],[4.624255484844102,52.36443608071476],[4.624416892155844,52.36444161487896],[4.624572396441142,52.36444890837747],[4.624719077077537,52.364457043628185],[4.624852591717034,52.364462397528214],[4.624852483607538,52.36446868837978],[4.624966913739664,52.3644739192409],[4.62511215736823,52.364480247165424],[4.625200117979067,52.36457338905221],[4.625500926531002,52.36449802889937],[4.626193365433102,52.36453034509182],[4.626485413980206,52.36453761502785],[4.626865529976667,52.36454634874165],[4.626874338252325,52.364546405318535],[4.626881678482059,52.364546452465454],[4.626881524450662,52.364555439399545],[4.626941688406518,52.36464300867685],[4.626940050935385,52.36465288487571],[4.626927782862951,52.364683365021754],[4.626927736656156,52.36468606110196],[4.626943469359997,52.364710429539045],[4.627202852566707,52.36473905891535],[4.627213098140598,52.36474092227928],[4.627287845657903,52.364748592490244],[4.627301042737966,52.3647495760017],[4.627315769449177,52.36474697416193],[4.627329043500207,52.36474346420302],[4.627336429945214,52.36474081524141],[4.627432622962656,52.36469649307008],[4.627466619007661,52.36468322938074],[4.627484312570299,52.36467884897705],[4.627499008465997,52.36467804450133],[4.627665858443612,52.36470877534132],[4.62768203778456,52.364707081569],[4.628514177170522,52.364726798550286],[4.628518996318738,52.364702562048684],[4.628528480900995,52.36466307598122],[4.62853164754787,52.364649614393926],[4.628602290299861,52.36455389636571],[4.628625625368633,52.364563033828304],[4.628828715992776,52.364620959028606],[4.629100421587067,52.36470179313035],[4.629522938693765,52.364806960592766],[4.62994685511145,52.365088298716856],[4.630025286925062,52.36513823398443],[4.630174672702776,52.3652461456653],[4.630189154029312,52.365257922569725],[4.630215287914484,52.365275166740204],[4.63025000022103,52.36530594763849],[4.630309378470794,52.36535396328898],[4.63036447528695,52.36539476120011],[4.630394906221161,52.365418324346166],[4.630425383182894,52.36543919140279],[4.630512287364363,52.365508953923175],[4.630538329546043,52.36553159018509],[4.630596286313378,52.365576900224994],[4.630641275694783,52.36560774669046],[4.630708179103369,52.36564502472686],[4.630737280237183,52.365660490157715],[4.630891701986688,52.36573158262564],[4.630964355575197,52.3657760875866],[4.631013657761203,52.36581235420966],[4.631096419736178,52.36586681036866],[4.631181474801016,52.365959030365005],[4.631226296503537,52.365999762239866],[4.63133976462191,52.36614788864801],[4.631520506063674,52.366311723867035],[4.631543567089096,52.366337037243746],[4.631562101345817,52.36636951205276],[4.631567529814814,52.366395611660444],[4.631560723522106,52.36645039450056],[4.631570632878301,52.36647202875257],[4.631600912107259,52.366504578524584],[4.631683614865851,52.366562629044616],[4.631731266727858,52.36660967032203],[4.631770247733195,52.36664856712272],[4.631783277127941,52.366659435767765],[4.631830822072567,52.36671276786156],[4.632025606270369,52.36691444111934],[4.632126951891826,52.3670849591746],[4.632204242452914,52.367202295026395],[4.632271700006882,52.36729350316676],[4.632311905515031,52.36734678824942],[4.632568357597923,52.36772142172221],[4.63231444356131,52.36780159283661],[4.632290815423314,52.36780953128353],[4.632076739541804,52.367878271645814],[4.632005885454427,52.367900289441664],[4.631781455043973,52.36797345717279],[4.631735681853944,52.36798844452347],[4.631645435153562,52.368028314171376],[4.631593590189082,52.36805494700126],[4.631544589629408,52.368086990713],[4.631501400416284,52.36812266666743],[4.631475997563238,52.36814856944904],[4.631453485078673,52.36817718705129],[4.631463333516272,52.36820241607948],[4.631772848576339,52.36882365873583],[4.631805576160994,52.36888498537172],[4.632019882617168,52.36932046874893],[4.632038097141693,52.369371816028405],[4.632083549778742,52.36946198506109],[4.632245939021523,52.36975602661339],[4.632683911344831,52.369646469974775],[4.632701621666339,52.369641190104815],[4.632783276973196,52.36976124968197],[4.632786198127761,52.369762167088325],[4.632799091112756,52.36978112385802],[4.632830627724513,52.36982626436428],[4.63282767599476,52.36982714434595],[4.632872197421075,52.36988584944502],[4.632880838643459,52.36989579120485],[4.632883683389291,52.36990120207601],[4.632896347200988,52.369933639236436],[4.632919094076616,52.37032296058308],[4.632923330676714,52.37033287427462],[4.632930473191334,52.37034460406207],[4.632938992251622,52.370361735363886],[4.633123767039406,52.37072152995918],[4.63313800646528,52.370747685588064],[4.633482083353944,52.37141138656246],[4.63352330415382,52.371491641345024],[4.633588091617365,52.37148126829281],[4.63363354954953,52.37157143670193],[4.633642099653591,52.37158677056335],[4.633660591816537,52.371621941096215],[4.633677661531329,52.37165440620075],[4.633690448565386,52.37167965372068],[4.633703220345813,52.3717057999324],[4.633720305391609,52.37173736633711],[4.633730247505812,52.37175720300297],[4.633750162295206,52.37179507894546],[4.633757274728198,52.371808606066885],[4.633780019276174,52.37185279154576],[4.633794244183049,52.37187984578438],[4.633809876334519,52.371910504138],[4.633841201763795,52.37196822606565],[4.633912311577111,52.3721043958945],[4.633927153147691,52.372268070168374],[4.633959626758131,52.37234467396057],[4.633984911564478,52.37241224410274],[4.633903925643317,52.372425210678514],[4.633922280984204,52.37246846940399],[4.633979227634065,52.3725739901884],[4.634173969471747,52.37312618740989],[4.634205403036493,52.37317761837802],[4.63433335391157,52.37333931554045],[4.634471355328559,52.37351455830758],[4.634455127265823,52.373518949078566],[4.634343014338995,52.37354879505713],[4.634508949725677,52.37380870165965],[4.634614451098899,52.37399542187491],[4.634654314714506,52.374069376045234],[4.634725796328585,52.37418397670737],[4.634799356564526,52.37426263893729],[4.634840917792717,52.37432312197902],[4.634879649104646,52.37437729549343],[4.63491839575566,52.3744305703018],[4.634931184289433,52.37445581767634],[4.63494828650413,52.374486485196954],[4.634926199867098,52.37448994001839],[4.634954622285841,52.37454584558122],[4.634973131956733,52.37458011719932],[4.634983060019417,52.37460085244373],[4.635010029440357,52.37465584996983],[4.635036998927888,52.37471084748928],[4.635065406384773,52.37476765171645],[4.635078535605075,52.374859411678045],[4.635111195973778,52.374925230806646],[4.635108259190126,52.37492521215084],[4.635138765434417,52.37503146312326],[4.635170292898442,52.37507750166266],[4.635190444393832,52.37518818079265],[4.635205636728223,52.37524490103847],[4.635245365297299,52.37532694323064],[4.635290830505844,52.37541711094693],[4.635380805308369,52.375480597604984],[4.635493994771127,52.375474126000995],[4.635590970766064,52.375471146519644],[4.635637700967378,52.375486722592726],[4.636016642254455,52.37548373474941],[4.636116539837564,52.37548167216375],[4.636154733731684,52.37548101566652],[4.636207596510781,52.37548135099412],[4.636301605221302,52.37548014968778],[4.636537669441283,52.37550231881073],[4.636697133123618,52.37553838254757],[4.636858126303749,52.37557086060377],[4.63732342547467,52.37567177662793],[4.637430452790915,52.3756823411405],[4.637615260737141,52.375696094396055],[4.637610658003762,52.375707749516714],[4.637585735333749,52.37579207792126],[4.637582616195445,52.37580284364466],[4.637695517578646,52.375813445106985],[4.637930100676308,52.37583650085353],[4.637922181552874,52.37587060473024],[4.638015674841427,52.37589995763316],[4.638023168790352,52.375891017160406],[4.63807294341306,52.37590032000438],[4.63826392592603,52.37598331808267],[4.638342826448349,52.37600718567856],[4.638382276741439,52.376019119456785],[4.638496252803786,52.376053095468336],[4.638544453074482,52.37606867968114],[4.638637962364569,52.3760971333997],[4.63915072895467,52.376257662374556],[4.639161220247546,52.37624514561246],[4.639221122984228,52.37626349985131],[4.63925471514987,52.37627449753759],[4.639706129544969,52.376415761916206],[4.639723659965102,52.37642126532715],[4.640137805994321,52.376595547941115],[4.640360193181407,52.37673266808431],[4.640790175370952,52.37657719275246],[4.641044502545678,52.376474536323656],[4.64148512161719,52.376297554582415],[4.641714113426224,52.376478754430956],[4.641859024502676,52.376594711746314],[4.641970615005204,52.37668349548886],[4.642027099345666,52.37673058802271],[4.642040149311885,52.376740556832914],[4.642064765706509,52.376761383901034],[4.642112650908771,52.37679583923074],[4.642166198628448,52.3768429132153],[4.64222996528308,52.376893646628744],[4.642348597684165,52.37700045008515],[4.642412394961655,52.3770493860121],[4.642631220772954,52.37722422855463],[4.642644286109451,52.37723329860403],[4.642716728912474,52.37729217540418],[4.642729794286465,52.377301245444116],[4.642816801372082,52.37736740406694],[4.642966048253434,52.37748788118302],[4.643019718368422,52.37752776522826],[4.643042912422866,52.3775458867801],[4.643115341185172,52.377605662028266],[4.643161729472543,52.37764190508963],[4.643197959066029,52.377670893988906],[4.643251599456352,52.37771257531587],[4.643628312390481,52.378018732241756],[4.643777578732697,52.37813830963325],[4.643861591756076,52.37820804381671],[4.643954280505592,52.37828592149466],[4.64402530344337,52.37834209218819],[4.644110710450758,52.37841632887974],[4.644174511707589,52.37846526385037],[4.644180370694959,52.37846619940674],[4.644228786403688,52.37846919959325],[4.64423170836931,52.378470116716976],[4.644236083789149,52.37847194174937],[4.644259233662422,52.37849275914261],[4.644340371306701,52.37855887977957],[4.644389653459412,52.378597836865005],[4.644506736780495,52.37871002108945],[4.644647181623794,52.3788304408004],[4.644948512694484,52.379078598155516],[4.6453278401926,52.37940543799992],[4.645684097223131,52.3797069660414],[4.645859343026387,52.37985456583861],[4.646056062646586,52.38003555493287],[4.646210519276064,52.38037266827509],[4.646331495048591,52.38042825134696],[4.646452396056692,52.38048832776405],[4.646514944467454,52.38052467056281],[4.646553980663627,52.380561765043915],[4.646574165526966,52.380584360994575],[4.646584280482817,52.38059431092793],[4.646832572009445,52.38076573458128],[4.64693531197181,52.38156180391765],[4.646996150251379,52.38178867868915],[4.647059851398,52.38202006524828],[4.647102498715999,52.38219289899013],[4.647158619139238,52.3823505375318],[4.647235675972493,52.38248583719744],[4.647079054435669,52.38254148192292],[4.647077585788322,52.38254147274298],[4.647514771927289,52.38336479727748],[4.647593420210089,52.38349291631501],[4.647633313960691,52.38356686602719],[4.647674631557111,52.3836435209778],[4.64771593430642,52.38372107460644],[4.647755858442332,52.38379322688792],[4.64776870193379,52.38381577676578],[4.647911509620279,52.383884077481724],[4.647994221150276,52.38394481257963],[4.648001624555628,52.38394126364902],[4.648018889282318,52.383962942311506],[4.64802609790665,52.38397107639338],[4.648047723795496,52.38399547863641],[4.648091020590349,52.38404158703022],[4.648112077250594,52.38410013960966],[4.647159150469959,52.38478265866796],[4.647150218129379,52.38478979313815],[4.64658703949494,52.385265325464445],[4.646594323130901,52.38526896616669],[4.646783818158432,52.38535643472441],[4.646801307966736,52.38536463316422],[4.646802776707547,52.385364642347746],[4.646936895467062,52.38542569957956],[4.648221990788519,52.386053889106336],[4.647648405664803,52.38662463280311],[4.647594792626652,52.38702066277663],[4.647600082534167,52.387143829551285],[4.647604833245509,52.387211268200595],[4.6476083100775,52.387267014669945],[4.647611741938536,52.3873254572167],[4.64761165197982,52.387330849372894],[4.647616612630087,52.387385706321545],[4.647619759643328,52.38746122402755],[4.647644982010285,52.387886507460145],[4.647609159939096,52.38800851866355],[4.647291667971133,52.38802001711781],[4.646058764821112,52.3880455623225],[4.645756020628179,52.388053553816164],[4.645616436714765,52.38805537612961],[4.645575294450021,52.388056017260176],[4.645574306732303,52.388027249909825],[4.645220168614449,52.3880340193687],[4.645137703590291,52.38804608564621],[4.644956806089589,52.388146514794194],[4.644781647654283,52.38825506872586],[4.644698868411251,52.38846127059427],[4.644745781072651,52.38846695745006],[4.644699894408634,52.38857542289792],[4.644626348820534,52.38875651658392],[4.644517618619365,52.38902097668965],[4.644365906395505,52.38939571778621],[4.644325878278106,52.389505118612384],[4.644275628042145,52.38961086015005],[4.644214312095766,52.38976326912119],[4.644193115026123,52.3898008851479],[4.64395273712621,52.38985600024849],[4.643705059397769,52.38990837267378],[4.643270397657847,52.389810371576424],[4.643102124319626,52.3897706665491],[4.642970407424434,52.38974107767746],[4.642812341346608,52.38970593031485],[4.642663043531274,52.38967353422682],[4.642576696487228,52.389654116803335],[4.642500586393852,52.38963746005155],[4.642494725966783,52.38963652441147],[4.642417177252933,52.389618060986095],[4.642329376646783,52.38959773545283],[4.642247421432422,52.38957924419855],[4.642168404043912,52.38956077137011],[4.642080603666146,52.389540445652585],[4.641997194892916,52.389521046291534],[4.641915239959959,52.389502554807535],[4.641836222847592,52.389484081757665],[4.641754283163463,52.38946469147101],[4.641672328436794,52.38944619981906],[4.64158890490472,52.38942769886202],[4.641501044586454,52.38941096748045],[4.641438079577942,52.38939888674777],[4.641385305990675,52.389392262886474],[4.641295795482946,52.389386306397206],[4.641223835850364,52.389384954333345],[4.641138505117467,52.389392505852925],[4.641139898363947,52.38939700856317],[4.641175865753186,52.389529356773394],[4.641204670435548,52.3896508744092],[4.641195872271784,52.38964992019844],[4.641204216713559,52.38967783514549],[4.641207048609878,52.38968414449031],[4.641222389636204,52.38973277559919],[4.641236140822456,52.38978858698241],[4.641134169256148,52.389911977129124],[4.641164004335026,52.39005956606235],[4.641216447821134,52.390173143520094],[4.641292912209514,52.390430678068896],[4.641304240040413,52.390455915435844],[4.641352640529726,52.39054789648399],[4.641302395103114,52.39056555574634],[4.641167967883105,52.39060964828642],[4.64109596088862,52.390610992214505],[4.641111135718263,52.39066950892999],[4.641126355965964,52.390725329569946],[4.641140077081152,52.390782938335235],[4.641141273734791,52.39079912402714],[4.641150663756307,52.39085221157328],[4.640825820350693,52.39086274767935],[4.640109759279364,52.39081239438602],[4.640062753854653,52.39081209783725],[4.639617673844453,52.39063492441523],[4.63928353491647,52.39058697648248],[4.639040256790389,52.39055218467884],[4.638635969298502,52.39065658542757],[4.638557752582957,52.3906776618641],[4.638470707121347,52.39069958121649],[4.63837774036414,52.390724159423115],[4.638252669913512,52.39073595151582],[4.638156856243391,52.390755118825524],[4.638069901561389,52.390771645739285],[4.637985884651132,52.390788191175474],[4.637900413951305,52.39080382856716],[4.637811974966422,52.39082124468713],[4.637730850121065,52.390840504603766],[4.63754961063696,52.39087261255647],[4.637391858439248,52.39090576773295],[4.637132415766519,52.39095805196657],[4.637153810935116,52.3909959365138]]]]}},{"type":"Feature","properties":{"gezicht_uri":"https://linkeddata.cultureelerfgoed.nl/cho-kennis/id/gezicht/10134647","gezichtsnummer":"199","naam":"Amsterdam-Noord"},"geometry":{"type":"MultiPolygon","coordinates":[[[[4.883959254130024,52.416799483744526],[4.883935532534145,52.41681735825722],[4.88382452878297,52.41688429397353],[4.883836236439395,52.416888837527104],[4.883827407187639,52.41688969878141],[4.883817097882933,52.41689145251048],[4.883815617830263,52.41689234498589],[4.883763642315065,52.41693885985091],[4.883754629200685,52.41695589805703],[4.883751648660403,52.41695948044596],[4.883733653050218,52.416990860695904],[4.883643308125132,52.41705069391544],[4.883625537166584,52.4170623023124],[4.883523494481291,52.417116693145275],[4.883489483603638,52.41713452382989],[4.883458412395726,52.41715236700251],[4.883455493138794,52.417150557065085],[4.88333894795066,52.417058387674636],[4.883299619937453,52.417026763715384],[4.883097121811722,52.41686682126806],[4.882406614141876,52.41632012966152],[4.880683395026388,52.41495024990389],[4.880478007133894,52.41478759420768],[4.880599340146651,52.414717110708686],[4.880772237830325,52.41463606233046],[4.880862520932915,52.41471014682366],[4.880865450195055,52.41471105810562],[4.880881504645201,52.41472101311475],[4.880902009490479,52.41472739208349],[4.880925484689444,52.414731087449375],[4.880947531205522,52.41473118165089],[4.880971088568582,52.414727687248146],[4.880990277702948,52.414720579122715],[4.881049386713105,52.41469296996646],[4.88110258578598,52.41466803182843],[4.88115726482981,52.41464220122367],[4.881211943809894,52.41461637059344],[4.881265142699322,52.41459143238175],[4.881319821553873,52.414565601701284],[4.881374500344675,52.41453977099537],[4.881427699050657,52.41451483271],[4.881482387975261,52.4144881032338],[4.881537056317451,52.41446317117222],[4.881590265097117,52.414437334093186],[4.881644933315979,52.4144124019814],[4.88169961172822,52.4143865711241],[4.881755770086058,52.414359847791125],[4.881758689089821,52.41436165777114],[4.8817688850979,52.41436979014085],[4.88182424370909,52.414413166943866],[4.881865622448794,52.4143935706282],[4.881915153404584,52.414432428713674],[4.881924023204397,52.41442797272044],[4.881987561011862,52.41439858445627],[4.882048159223184,52.41436918362518],[4.882110216862511,52.41434068774848],[4.882170804667964,52.41431218557426],[4.882231392395474,52.41428368336878],[4.882293460040041,52.414254288675046],[4.882404295646276,52.4142017338747],[4.882463423562406,52.414172326567346],[4.882581648448466,52.41411620802409],[4.882642235643751,52.41408770560656],[4.882704292506864,52.41405920941596],[4.882764889778503,52.41402980821493],[4.88282694648166,52.414001311959474],[4.882887543592741,52.41397191069514],[4.882948130393978,52.4139434081198],[4.883008717117274,52.4139149055132],[4.88301314679657,52.41391312683552],[4.882988376000661,52.41389414738279],[4.883046002696987,52.41386742968812],[4.88310659947954,52.41383802831045],[4.883168655694301,52.41380953187422],[4.883232191789495,52.41378014293641],[4.883248461124954,52.41377122449877],[4.883311997112296,52.4137418355178],[4.883372583325859,52.41371333272322],[4.883433169461483,52.41368482989737],[4.883495235469946,52.41365543456818],[4.883555821447516,52.41362693167906],[4.88361640734715,52.413598428758704],[4.883678473113042,52.41356903333265],[4.88373905885462,52.413540530349],[4.883799644518262,52.41351202733409],[4.883861710041584,52.41348263181117],[4.883920825821263,52.41345412248994],[4.884059725149339,52.41338910265316],[4.884174996275778,52.41333386874305],[4.884307995571404,52.41327062109414],[4.884368580500064,52.41324211778565],[4.884430635068809,52.413213620682654],[4.884491230038548,52.413184218590246],[4.884553284447344,52.41315572142238],[4.884613869061146,52.4131272179874],[4.88467446379115,52.41309781580041],[4.884736517961128,52.41306931853576],[4.884797102338941,52.413040815006234],[4.884859166540605,52.413011418956046],[4.884919750760368,52.41298291536322],[4.884981814799577,52.412953519248234],[4.885042398861293,52.412925015592116],[4.885102982845074,52.41289651190475],[4.885165046641718,52.41286711569289],[4.885225630467447,52.41283861194224],[4.8852891638064,52.41280922189159],[4.885306891894531,52.41280120811517],[4.885368955422434,52.412771811795594],[4.885431008689311,52.41274331416397],[4.885491592174717,52.412714810276114],[4.885552175582188,52.412686306356996],[4.885614238786456,52.41265690990774],[4.885676291734708,52.41262841214657],[4.88573687490526,52.41259990813216],[4.885797468169071,52.412570505365586],[4.88585805118251,52.41254200128865],[4.885920113981764,52.4125126046777],[4.885980696837158,52.412484100537505],[4.88604275947396,52.41245470386174],[4.886103342171308,52.412426199658256],[4.886163934954428,52.41239679670256],[4.886224517494664,52.412368292436526],[4.886286569646328,52.412339794352874],[4.886350111726425,52.412309505007286],[4.886361930191389,52.412304162383236],[4.886342986805644,52.41228970208064],[4.8863991701828,52.4122602803645],[4.886539552129048,52.412193466364215],[4.886888275251775,52.41202866812277],[4.887028635434796,52.411963650979956],[4.88708774715053,52.41193514006402],[4.887101045247176,52.41192890484804],[4.887121448259127,52.411944269955],[4.887189418513136,52.41191220132247],[4.887251469405671,52.41188370272902],[4.887313530358626,52.41185430538157],[4.887375591229239,52.411824908001314],[4.887436172208287,52.41179640311018],[4.887498232916455,52.411767005665105],[4.887560293542282,52.41173760818723],[4.887622343951859,52.41170910939785],[4.887682934746562,52.41167970565814],[4.887744995127602,52.411650308082635],[4.887807045296168,52.411621809195665],[4.887869105513799,52.41159241155459],[4.887929685857574,52.41156390640882],[4.887991745912759,52.41153450870291],[4.888053805885606,52.41150511096422],[4.888115855652288,52.41147661191405],[4.888176445801633,52.411447207919636],[4.888259192087419,52.411408010797246],[4.888502990753907,52.41129309668633],[4.888619710429619,52.411238763320156],[4.888862037580684,52.411123842279174],[4.888944782656274,52.41108464467366],[4.889006831261281,52.41105614515275],[4.889067420244542,52.41102674069849],[4.889129478792732,52.410997342391276],[4.889191527156732,52.410968842772796],[4.889253585541512,52.41093944439998],[4.889314174201485,52.410910039818354],[4.88937622232448,52.410881540102345],[4.889438280464482,52.41085214163191],[4.889526933365228,52.41081027214887],[4.889615586098458,52.410768402598904],[4.889677643921239,52.41073900400197],[4.889739701661681,52.4107096053722],[4.889801749230406,52.410681105431344],[4.889862337173442,52.41065170056686],[4.889924394669109,52.41062230183947],[4.889986441996828,52.41059380180106],[4.890047029697953,52.41056439684122],[4.890109076865736,52.41053589673797],[4.890199208210187,52.410493134191775],[4.890287859673842,52.41045126413426],[4.890349916606549,52.41042186518197],[4.890410493754473,52.41039335875639],[4.89047255052474,52.4103639597393],[4.89053459713826,52.410335459411286],[4.890596653745125,52.41030606032861],[4.890657240647952,52.410276655053885],[4.89071929709111,52.41024725590639],[4.89078134338256,52.410218755448014],[4.890843399662316,52.410189356234916],[4.890911364531379,52.41015728544801],[4.890866209085436,52.41012114572204],[4.890883935089755,52.41011313110382],[4.890909059501666,52.41010065365437],[4.890990321176306,52.41006234717247],[4.891052367034423,52.41003384657049],[4.891114422875291,52.41000444721373],[4.891176478633822,52.40997504782413],[4.891237054639154,52.40994654097171],[4.89129911023525,52.40991714151733],[4.891361165749012,52.40988774203018],[4.891423211124199,52.409859241232255],[4.891483796867535,52.409829835530466],[4.891545852136526,52.40980043594571],[4.891677340601326,52.40973897124488],[4.891907884773214,52.40962489346463],[4.892301193557582,52.40993840819861],[4.892484748927115,52.41008387581552],[4.893430176550814,52.41083738890632],[4.893431606128503,52.41084098991954],[4.893431556049597,52.4108454835299],[4.893432975611902,52.41084998326514],[4.893432925533123,52.41085447687545],[4.893431415828598,52.410858065638834],[4.89342990612383,52.410861654402204],[4.893428406434663,52.41086434444347],[4.893426896729437,52.41086793320679],[4.893425387023959,52.410871521970066],[4.893423877318242,52.41087511073331],[4.893420897970102,52.41087869337156],[4.893417928637548,52.41088137728764],[4.893416418930884,52.4108849660508],[4.893413449597639,52.410887649966746],[4.893410470247809,52.41089123260473],[4.893406031271104,52.41089391039529],[4.893351363987092,52.41091974668917],[4.893281940082563,52.4109509140231],[4.893243528931962,52.41096872916171],[4.893239089937404,52.41097140694598],[4.893234640922493,52.4109749834521],[4.89323020192677,52.41097766123607],[4.893225752910514,52.41098123774186],[4.893222773539197,52.41098482037499],[4.893218334541771,52.41098749815848],[4.893215355169432,52.410991080791405],[4.893210906150627,52.41099465729663],[4.893207926777204,52.41099823992936],[4.8932049474033,52.411001822562014],[4.893201958008421,52.41100630391665],[4.893198978633491,52.411009886549145],[4.893195999258075,52.41101346918158],[4.893194489528903,52.41101705794178],[4.893192979799483,52.41102064670196],[4.893191460049112,52.411025134184136],[4.89318995031917,52.41102872294427],[4.893189910236211,52.41103231783234],[4.893188400505898,52.411035906592446],[4.89318835040203,52.41104040020247],[4.893188310318931,52.41104399509049],[4.893188270235822,52.411047589978494],[4.893188220131925,52.411052083588515],[4.893188180048798,52.411055678476544],[4.893188139965665,52.41105927336458],[4.893189569530769,52.411062874380505],[4.893190989075373,52.41106737411843],[4.893190948992454,52.41107096900643],[4.893192378558161,52.41107457002229],[4.893193808124098,52.41107817103818],[4.89319669731852,52.41108267690388],[4.893199586513529,52.41108718276946],[4.893202475709126,52.41109168863501],[4.893205364905309,52.41109619450043],[4.89320972375158,52.411100706493514],[4.893212612949086,52.411105212358756],[4.89321697179698,52.41110972435157],[4.89321986099581,52.411114230216654],[4.893224229865398,52.41111784348716],[4.893243134922672,52.41113589758285],[4.893259140770271,52.411150344533404],[4.893278095950577,52.41116390501347],[4.893297061161094,52.41117656676844],[4.89365981094094,52.411464784041904],[4.893672917763126,52.41147562380372],[4.893693322850369,52.41149098778262],[4.893696242154245,52.41149279746988],[4.893700621110507,52.41149551200066],[4.89370354041498,52.41149732168776],[4.893707929382504,52.4114991374963],[4.893712308340111,52.411501852026625],[4.893716707318632,52.41150276911286],[4.893721096287236,52.41150458492087],[4.893725485256201,52.41150640072875],[4.893729874225526,52.4115082165365],[4.893734273205045,52.41150913362204],[4.893738672184747,52.411510050707456],[4.893743071164634,52.411510967792694],[4.893748939807943,52.411511890998774],[4.893753338788224,52.41151280808364],[4.89375773776869,52.41151372516836],[4.893763616421913,52.41151374965172],[4.893768015402685,52.411514666736046],[4.893773894056042,52.41151469121889],[4.893778303046066,52.411514709580864],[4.893784181699436,52.4115147340632],[4.89378859068947,52.41151475242477],[4.893794469342854,52.41151477690661],[4.893798888341421,52.411513896545806],[4.893803307339814,52.411513016184884],[4.893809185992977,52.41151304066597],[4.893809196001294,52.411512141944],[4.893813604991082,52.41151216030463],[4.893818033997147,52.41151038122111],[4.894005609682941,52.41169181368653],[4.894076953280381,52.41175232780976],[4.894104616972572,52.41177581079935],[4.894106036632785,52.411780310525764],[4.894108915963335,52.41178571509071],[4.894110325622013,52.41179111353905],[4.894111745283292,52.41179561326535],[4.894111735281031,52.41179651198732],[4.894113154942625,52.41180101171365],[4.8941145646023,52.41180641016192],[4.894114504589056,52.411811802493666],[4.894115914249236,52.41181720094192],[4.894115854236137,52.41182259327368],[4.894115794223023,52.411827985605434],[4.894115724207698,52.41183427665917],[4.894115654192355,52.41184056771289],[4.894115574174789,52.411847757488545],[4.894115504159394,52.41185404854221],[4.894113964469107,52.411860333479446],[4.894113884451222,52.41186752325508],[4.89411031495535,52.41192413050476],[4.89410341599549,52.41201577567564],[4.894101796277562,52.412029250387846],[4.894072340305263,52.412430875083],[4.894019415653458,52.41322426288065],[4.893985458854669,52.41363395759327],[4.894007424820916,52.41364123913618],[4.894018932575364,52.413663756118694],[4.894016052170287,52.41379046974551],[4.89400258439872,52.41381198400273],[4.893983407745598,52.41381819551905],[4.893964008714414,52.41410841527628],[4.893962418893338,52.414119193816006],[4.893960839077486,52.4141290736342],[4.893960719005364,52.414139858292316],[4.89395913918838,52.41414973811041],[4.893959019115774,52.41416052276848],[4.893958909049159,52.414170408705004],[4.893958788976424,52.41418119336303],[4.893958678909689,52.41419107929953],[4.893958558836824,52.414201863957516],[4.893959918522844,52.41421175601246],[4.89396126820344,52.41422254678885],[4.893961158137124,52.41423243272528],[4.893962507818634,52.414243223501636],[4.893963867506775,52.41425311555644],[4.893966686944161,52.414263912451126],[4.893968046633858,52.41427380450585],[4.893970866073562,52.414284601400354],[4.893972225764811,52.414294493455],[4.893975055212606,52.414304391627894],[4.893977874655945,52.414315188522195],[4.893982173862946,52.41432509281316],[4.893985003314901,52.41433499098575],[4.893987822762587,52.414345787879775],[4.893992121974764,52.414355692170275],[4.893996421188856,52.41436559646062],[4.894000720404864,52.414375500750815],[4.89400501962279,52.41438540504083],[4.894009308837527,52.41439620805211],[4.894013608059368,52.41440611234176],[4.894019377042786,52.41441602274903],[4.89402367626879,52.41442592703828],[4.894029455261733,52.41443493872355],[4.894035224252433,52.41444484912996],[4.894040993245709,52.414454759536085],[4.894046762241561,52.414464669941886],[4.894054011005817,52.41447368774328],[4.894059780007035,52.41448359814844],[4.894067018773069,52.41449351467049],[4.894074267546156,52.414502532470614],[4.894081506318517,52.414512448991715],[4.894088755097641,52.414521466790916],[4.894096003879716,52.41453048458967],[4.89410472242851,52.414539508504674],[4.894113430977817,52.41454943114047],[4.894122149533884,52.414558455054134],[4.894129398328793,52.41456747285079],[4.894139596659175,52.414575604158095],[4.894148315225714,52.41458462806982],[4.894158483557118,52.41459545553982],[4.894168661895417,52.41460538428748],[4.89418031000458,52.41461531915002],[4.894191958118967,52.414625254011405],[4.894202136471606,52.41463518275614],[4.894213784596102,52.41464511761535],[4.894225432725823,52.41465505247341],[4.894237080860766,52.41466498733027],[4.894248729000931,52.41467492218601],[4.89426330668354,52.41468576799154],[4.894276414604264,52.414696607680675],[4.894291002300263,52.414706554761295],[4.894304110233915,52.41471739444736],[4.894318687944055,52.41472824024597],[4.894333275659959,52.41473818732138],[4.894347853384079,52.41474903311637],[4.894362441113383,52.41475898018815],[4.894634940075817,52.41497132263484],[4.894639319432962,52.414974037129454],[4.894643688798245,52.41497765034531],[4.894648068156552,52.414980364839586],[4.89465243752317,52.414983978055126],[4.894655337111757,52.414987585160624],[4.894659706479683,52.41499119837588],[4.894662606069333,52.41499480548119],[4.894666975438562,52.41499841869619],[4.894669875029277,52.41500202580133],[4.894677124008126,52.41501104356385],[4.894680023600492,52.41501465066876],[4.894681453413563,52.41501825166399],[4.89468435300675,52.41502185876877],[4.894685782820404,52.415025459763996],[4.89468721263429,52.41502906075917],[4.894688642448405,52.415032661754296],[4.894690072262753,52.41503626274948],[4.894691502077332,52.4150398637446],[4.894691462111541,52.415043458630265],[4.894692891926463,52.41504705962536],[4.894692851960774,52.41505065451103],[4.894692811995077,52.4150542493967],[4.894691302248293,52.41505783817295],[4.894691262282461,52.415061433058625],[4.894691222316623,52.41506502794426],[4.894689722560831,52.41506771799906],[4.894688212813331,52.41507130677523],[4.894686703065587,52.41507489555139],[4.894685193317597,52.41507848432755],[4.894683693560978,52.41508117438225],[4.894682183812529,52.41508476315839],[4.894679204281742,52.41508834582489],[4.894677704524425,52.41509103587948],[4.894674724992853,52.41509461854585],[4.894671745460794,52.415098201212174],[4.89467024570269,52.4151008912667],[4.894667276161808,52.41510357521144],[4.894664296628542,52.415107157877564],[4.894659857304076,52.41510983571237],[4.894621283207204,52.415142030820874],[4.894618333646517,52.415142917321575],[4.894615374092688,52.41514470254366],[4.894610934761498,52.41514738037663],[4.89460944499117,52.41514917170891],[4.894606485436564,52.41515095693076],[4.894603515888455,52.41515364087393],[4.894600556333312,52.41515542609556],[4.894599056568936,52.41515811614916],[4.894597566797766,52.41515990748136],[4.894596067033055,52.41516259753489],[4.894594567268164,52.415165287588415],[4.894593067503087,52.415167977641886],[4.894591567737828,52.41517066769541],[4.894591547750801,52.41517246513815],[4.894590047985298,52.41517515519164],[4.894590018004656,52.415177851355786],[4.894589988024014,52.41518054751994],[4.894589958043364,52.41518324368404],[4.894589928062712,52.41518593984818],[4.894591367867461,52.41518864212302],[4.894591337886889,52.41519133828715],[4.894592777691898,52.415194040562],[4.894594217497081,52.415196742836784],[4.894595667295879,52.41519854639019],[4.894597107101385,52.41520124866496],[4.894598556900448,52.41520305221831],[4.894599996706275,52.41520575449301],[4.894602916291638,52.41520756415689],[4.894604356097877,52.41521026643156],[4.894607275683716,52.41521207609532],[4.894610195269792,52.41521388575902],[4.894613114856106,52.41521569542263],[4.894616034442659,52.41521750508616],[4.894618954029451,52.41521931474966],[4.894806057810625,52.41531266502716],[4.895136493307471,52.41547042249881],[4.895140882727128,52.41547223825328],[4.895145272147145,52.4154740540076],[4.895148191772485,52.415475863657996],[4.89515258119316,52.41547767941205],[4.895158440409355,52.4154795012696],[4.895162839812825,52.41548041830186],[4.895167229234555,52.415482234055425],[4.895171628638477,52.41548315108733],[4.895177487856183,52.41548497294397],[4.895181887260593,52.4154858899755],[4.895187756460592,52.41548681311025],[4.895192165846815,52.41548683142003],[4.895198035047156,52.41548775455424],[4.895202434452269,52.415488671585045],[4.895208313634162,52.41548869599736],[4.895212723020585,52.41548871430638],[4.895218602202487,52.415488738718196],[4.895223011588921,52.41548875702686],[4.895228890770837,52.41548878143812],[4.895234779933316,52.415487907127726],[4.89523919930014,52.415487026714416],[4.895245078481839,52.41548705112487],[4.895249497848373,52.41548617071112],[4.895253917214732,52.41548529029724],[4.895259816356302,52.41548351726419],[4.895264235722191,52.41548263684992],[4.895268655087904,52.41548175643547],[4.895274554228415,52.41547998340169],[4.895278983573316,52.41547820426546],[4.895283412917861,52.41547642512905],[4.895287842262048,52.4154746459925],[4.895993946621974,52.41582090274944],[4.896014763070708,52.41579941873987],[4.896097978847944,52.41571797627092],[4.89613061339262,52.415691148647205],[4.896181034936481,52.415650913285326],[4.896255142502024,52.415595497079515],[4.896298174998366,52.41555882610218],[4.896441322859314,52.415507290851664],[4.896842709089148,52.415364251868084],[4.896865937280279,52.415390412116075],[4.897256823839578,52.41526620229915],[4.897351228178018,52.41523603469216],[4.897613774049929,52.41515353489048],[4.897781915315043,52.41510120253155],[4.897661482518493,52.41495959925418],[4.897866268136845,52.41491640579892],[4.897883984873356,52.41490928886372],[4.898003572695993,52.41486124948119],[4.898096585267726,52.41482388543298],[4.898101024356093,52.41482120746893],[4.898157312288514,52.41478189424518],[4.898292172441574,52.41468178936426],[4.898689222062242,52.41439762048002],[4.898769272783818,52.41433593586543],[4.898794456826999,52.41431806442246],[4.898955957886603,52.414200992103886],[4.899075978332347,52.41411340785714],[4.899234498811802,52.41399991793028],[4.899431568225256,52.41385602855541],[4.899803419925968,52.413589727451246],[4.899990059196385,52.41345837692017],[4.900144234973988,52.4133385765673],[4.900341417002101,52.41318390098304],[4.900433319713572,52.41311327631208],[4.900457052420356,52.41309360102646],[4.900528220796845,52.413037271307694],[4.900889721755406,52.41277541808461],[4.900894170334421,52.41277184129174],[4.901132755213347,52.41259396647817],[4.901655725803892,52.412215934033675],[4.902566819486437,52.41155817464221],[4.903386120417871,52.41095935179579],[4.904073514627258,52.41045974817856],[4.904790491084722,52.40994138699024],[4.904797809795514,52.40994411308005],[4.904888268194673,52.40986988401008],[4.905070418985472,52.4097430010038],[4.905296998917728,52.40958484172408],[4.905461385171985,52.40946956978048],[4.905637605462027,52.40934715560322],[4.90577391150425,52.40924614929957],[4.905916173367893,52.40913797692603],[4.906085111477634,52.40900924115509],[4.906210361253695,52.40884347848178],[4.906341546895774,52.4086723471845],[4.906375766393104,52.408633839239045],[4.906425071577794,52.408559441963924],[4.906477344977874,52.40848236042104],[4.906576558898784,52.40827784487263],[4.906630876342249,52.408147744502585],[4.906667977965435,52.40797892744466],[4.906715794899092,52.407770608229306],[4.906708839040161,52.40759891616578],[4.906671978225127,52.40733902396237],[4.90664047710404,52.40726250127334],[4.906617549543733,52.40720848244662],[4.90657630785569,52.4070815894551],[4.906565234082504,52.407018631066904],[4.906485804901245,52.40688978557835],[4.906358057963627,52.40674456618373],[4.906205466895794,52.40658666308503],[4.906074704690785,52.406448621239555],[4.905936224926761,52.40634470092153],[4.90576569041875,52.406215484787964],[4.905608479946709,52.40607733492704],[4.905319056309658,52.405935052082796],[4.904998961359925,52.405775567167495],[4.90485279647569,52.405703071017804],[4.904610165782014,52.40558254726509],[4.904383778853845,52.40545489909756],[4.904152994647469,52.40532633379637],[4.904092913356554,52.40531080981089],[4.903914766488538,52.405206725313526],[4.903735151005344,52.40510263455013],[4.903526176816185,52.40499572735567],[4.903384405631846,52.404925044834805],[4.903257280267329,52.40485891579341],[4.903138942483276,52.404795518813465],[4.902886212159037,52.404658772451114],[4.902719678838838,52.404568215070846],[4.902545838358456,52.404474032500985],[4.902423172985414,52.40440342697439],[4.902274264848769,52.40431383984521],[4.902083265479581,52.40417644564838],[4.901933214138558,52.404057194169475],[4.901853232832471,52.40398047152648],[4.901739819593235,52.40387035753964],[4.901611831015414,52.40374939852066],[4.90141263052517,52.40355624618514],[4.901347108531602,52.403501152833044],[4.901287405163464,52.40345147589879],[4.901216134022753,52.4033846749486],[4.901137585133851,52.40331155273992],[4.90110855216547,52.40327907808101],[4.901050427202328,52.4032195210874],[4.901889098312356,52.402986584713794],[4.903625335888298,52.40250745314967],[4.904363132810343,52.402224655413306],[4.904600697540907,52.40213394945298],[4.904611022165215,52.402130396454616],[4.904609582170672,52.40212769429406],[4.904726160117089,52.402082332148474],[4.904734907743994,52.40208865912917],[4.904759984572284,52.402079773610254],[4.904805730143546,52.40206198460627],[4.904798461645895,52.40205476488936],[4.904938646605046,52.40200051101768],[4.904941546185662,52.40200411788105],[4.905884443129349,52.40164125664366],[4.906154756211243,52.401511134975564],[4.906477905075497,52.401386619703736],[4.90647501515835,52.40138211415212],[4.906523707727083,52.401363437680324],[4.906526607395341,52.401367044505484],[4.906607751844294,52.40133681573098],[4.906854171880954,52.401241647361346],[4.906901394811525,52.40122296477532],[4.907311608894939,52.40106374838029],[4.907341131506769,52.40105128526676],[4.907679015454196,52.40092233258844],[4.907709997459404,52.400910774055546],[4.907742458484706,52.40089832273596],[4.90774536794447,52.40090103080628],[4.907827999464454,52.40086900968663],[4.908081799693571,52.40077027357397],[4.908211633143509,52.400721366557455],[4.908495471664501,52.400698247261474],[4.908803032216111,52.400655450263436],[4.908881031515184,52.40064408129432],[4.910078710389429,52.400494323721155],[4.910228762827026,52.400477851465354],[4.911198124572696,52.400516802415744],[4.911208428988183,52.40051504629179],[4.911734625951986,52.400636695178356],[4.912106206155694,52.40065256625249],[4.912471919028529,52.40066751388207],[4.9130256650377,52.400686808252885],[4.913048927504704,52.40043524728063],[4.913087901688758,52.400088480121184],[4.912421124306674,52.40005974539848],[4.912250720188857,52.3999188550012],[4.911800400939065,52.40012106822762],[4.911302534090687,52.40009839754748],[4.911423739261768,52.40003147705869],[4.911367954655486,52.400026759168554],[4.91120364565137,52.40000273116243],[4.910958555193278,52.399975681892904],[4.910826522524991,52.39995627694331],[4.910437394584246,52.39993314109125],[4.910136723816543,52.39988249852214],[4.909832844144967,52.39985700767316],[4.90938831132795,52.39979409942614],[4.909361883715165,52.399792195294864],[4.909339902695612,52.39978671403562],[4.909317931371802,52.39978033404643],[4.909309164163088,52.39977580485275],[4.909291629751038,52.39976674646335],[4.909282872238701,52.39976131854187],[4.909263955784277,52.39974416568785],[4.9092626028055,52.39973337504953],[4.909282691865331,52.399641782073665],[4.90928724504521,52.399628318968716],[4.909931119503496,52.398508357363895],[4.910027964662881,52.39838381916633],[4.910120875602433,52.39821522554849],[4.91019853174896,52.398235311118434],[4.910201431512759,52.398238917856055],[4.910202920082454,52.398237126319934],[4.910286482221378,52.3982545393186],[4.91035392160445,52.398268292295626],[4.910471198762122,52.3982930310012],[4.91053277101387,52.398305861498045],[4.910651517600344,52.39833060593734],[4.910717478322122,52.39834525152284],[4.910795163947836,52.3983626405228],[4.910846954038627,52.39832869572659],[4.910854889364494,52.39827390296395],[4.910881528616453,52.3982560347829],[4.910954071149375,52.398205096847455],[4.911019219122748,52.398158622967905],[4.911099184675772,52.39810052466199],[4.911208804650423,52.39801738004257],[4.911269544428879,52.397970888311264],[4.911328824513137,52.3979234919195],[4.911392550703388,52.39787251829638],[4.911450380604911,52.397823318488065],[4.911493373586942,52.397787540545835],[4.911574951716222,52.39771596691584],[4.911628344660641,52.397669445500085],[4.91165506037534,52.39764438733],[4.9116832549071,52.39761843632511],[4.911727832395899,52.397571879475436],[4.911773878993418,52.397525328505296],[4.911828827448269,52.397470724354626],[4.911867470011068,52.39742953622545],[4.91192990876872,52.39736148060578],[4.911993864705751,52.397288937213055],[4.912025132085549,52.39725041573983],[4.912047468647556,52.39722264361751],[4.912084689766295,52.39717695588827],[4.912130841534979,52.39712051878144],[4.912157672217111,52.397084675774515],[4.912196371923558,52.397038095173905],[4.912220244870866,52.397004037822306],[4.912288867353052,52.396907246316395],[4.912321690043937,52.396860642111186],[4.912354541549234,52.396811341716116],[4.912379998958156,52.396766505499066],[4.912412898461752,52.39671271145295],[4.912441322981225,52.396665190819014],[4.912477295433834,52.39659882635565],[4.91251176011033,52.39653605089998],[4.91255677832572,52.39644815229216],[4.912589831344771,52.39637997856347],[4.912595842723246,52.39636741993409],[4.912905259395665,52.396422585201876],[4.912914247487625,52.39640644341423],[4.91292933340318,52.396369654437635],[4.91294293089885,52.39633465703034],[4.912964047259642,52.396283511947246],[4.912997416812371,52.39618568011356],[4.913029192080381,52.39609952583733],[4.913050500499317,52.396030406197184],[4.91307939492873,52.39593884778086],[4.912760954898658,52.39590341965261],[4.912768618076885,52.39587379108556],[4.912797888109836,52.395747182383715],[4.912828617496007,52.39562147828178],[4.912860902397079,52.395487691508336],[4.912876411184847,52.395411358541374],[4.912896567720222,52.39531257504289],[4.912907765165864,52.39522723714969],[4.912922141212109,52.39511944284125],[4.912928613879568,52.39506374529002],[4.912932032904386,52.39501882069871],[4.912932677151376,52.39495860598095],[4.91293340793657,52.39489030271812],[4.912929740995597,52.39482108308021],[4.91292583367341,52.3947743316205],[4.912924701112138,52.39474287028707],[4.912920639949384,52.394710498461386],[4.91291515776363,52.39467362711688],[4.912908235328024,52.394634053707684],[4.912902791626309,52.394593587453244],[4.912897194074939,52.39456750083357],[4.912888860266613,52.3945225291764],[4.912437367952078,52.394428147497976],[4.912437377577584,52.394427248770825],[4.912428582229576,52.3944254159855],[4.912422725081844,52.39442359497677],[4.912418346660197,52.39442088112928],[4.912413968239088,52.39441816728165],[4.912411058918018,52.39441545932261],[4.912409618696714,52.394412757252304],[4.912408188101679,52.394409156454756],[4.912406757506878,52.39440555565723],[4.912408265110416,52.394401966637304],[4.91240976308765,52.39439927634454],[4.912481646531306,52.394271939722024],[4.91263888410714,52.393993952399335],[4.912644866282354,52.39398408994272],[4.912704408909482,52.39391152845079],[4.912734204198144,52.39387300087481],[4.912759572956397,52.39383625309244],[4.912783462975039,52.39380039814751],[4.912801409317417,52.39377081075344],[4.912828304742496,52.39372867647523],[4.912834171432465,52.39372959873667],[4.91284168030753,52.39371434978884],[4.912846077919521,52.39371526616629],[4.912865887541694,52.39364883682311],[4.912873213679637,52.39365066369308],[4.912937222432091,52.39343521618732],[4.9129539302109,52.39338405342716],[4.912643861210347,52.39339179919559],[4.912656373776119,52.39332084681677],[4.912659715971368,52.39328311203669],[4.912663346778511,52.393218415433346],[4.912663741222029,52.393181567608586],[4.912662849398232,52.393127638076464],[4.912660324971066,52.393088981024896],[4.912653306798673,52.39305839486303],[4.912630744803022,52.392970225397846],[4.912619483081435,52.39292434320816],[4.912618052517002,52.39292074241207],[4.912595202005012,52.39285953476262],[4.912592302396793,52.39285592807978],[4.912559332216638,52.39277940084953],[4.912555050175277,52.392767699731344],[4.912490117278799,52.39265779004603],[4.912478538183917,52.39264156584845],[4.912465538179461,52.39262084212405],[4.912449628982704,52.39259741043921],[4.912426441986873,52.39256765821717],[4.912334913045982,52.39247202208766],[4.912300041314115,52.39243593162985],[4.912254963439445,52.3923926101073],[4.912275606919043,52.392385502753946],[4.91154282311877,52.391673435671535],[4.911531157839094,52.391665299927126],[4.911528248752218,52.391662591945156],[4.91151651597428,52.391660747292505],[4.911507711569681,52.391659813166044],[4.911501845181389,52.391658890838805],[4.911491542837821,52.39166064699398],[4.91147533552842,52.39166507573016],[4.911426684645129,52.39168105810791],[4.911289497606398,52.391733534174385],[4.911295315760581,52.391738950149914],[4.911127134359148,52.3918047829837],[4.911132933200347,52.39181199642214],[4.910638736709488,52.392003243788594],[4.910624201102661,52.39198880504198],[4.909715500747612,52.3923365628867],[4.909616678763661,52.39237301388123],[4.909625405813965,52.39238113796639],[4.90956208252453,52.39239526288604],[4.909379157285735,52.392465527616885],[4.909135729591787,52.39256071333747],[4.908681335548686,52.39273773293533],[4.908448246423638,52.392827566415534],[4.908428983815527,52.392842767581584],[4.908398065886593,52.39284893396663],[4.908371729825533,52.392838941073286],[4.907952596855808,52.393015201656794],[4.907414669709651,52.392493536937735],[4.906898547050333,52.39199442726832],[4.906740109140339,52.39183829806196],[4.906577304296222,52.391678555848635],[4.906455184377081,52.39156032181164],[4.906357833399989,52.39146106230175],[4.906273655085218,52.39136635002966],[4.906221453729023,52.391303224388764],[4.906096875713992,52.39114094041557],[4.906056348744694,52.39108505225186],[4.906011492957851,52.39102195635271],[4.905984099262465,52.39097421041892],[4.90593653012168,52.39089043182899],[4.90590768712182,52.39084088245314],[4.905861645791862,52.39075171743752],[4.905819972533956,52.39066616522255],[4.905788455364809,52.39059233824088],[4.905765605719857,52.39053202798445],[4.905737124272873,52.39044922565732],[4.905707203250225,52.39036372116867],[4.905684646671003,52.390276449077106],[4.905659425592711,52.39016400067214],[4.90564142250279,52.390063265577],[4.905631979379846,52.389985933222945],[4.905627923969403,52.389953561122574],[4.905622799874663,52.38988433522999],[4.905621692136507,52.38985107634702],[4.905619915974679,52.38974411585099],[4.905620247896986,52.3897135591219],[4.905622546640378,52.38963717327109],[4.905626109305549,52.389579666666286],[4.9056312678051,52.38951048257759],[4.905637768315898,52.389452987916265],[4.905644288333255,52.38939369579907],[4.90566144225509,52.389302091300756],[4.905678371600312,52.38923115752894],[4.905712044680008,52.38910636579643],[4.905742379583666,52.38901840993477],[4.905775583886176,52.38893675709788],[4.905792200629418,52.38889458258411],[4.905834335316352,52.388802180821905],[4.906004126607737,52.388452351578714],[4.906112218206096,52.388237985324196],[4.906353963774365,52.38775453147828],[4.906492140700687,52.387474676980396],[4.906576287354618,52.387300657614674],[4.906649898086723,52.38714996338869],[4.906717506293933,52.38701092873868],[4.906783586799142,52.38687728045521],[4.906831631819597,52.38678130721598],[4.906869151329516,52.38670776045555],[4.906909725220464,52.386623440859054],[4.90692629133548,52.38658575980397],[4.906935425619735,52.38655613751701],[4.906946145544188,52.386515736448686],[4.90695550369213,52.386465443414124],[4.906960250898209,52.386434005799835],[4.906963685012109,52.386388182579715],[4.906961438479921,52.386324360972985],[4.906956049876233,52.386279400743504],[4.906940613123034,52.3862128293448],[4.906910682875734,52.386128223814715],[4.90685726134156,52.38604262423243],[4.90673299762064,52.38585248019531],[4.90660724667275,52.38566412751757],[4.906501689775387,52.38551000983795],[4.906391581033159,52.38536935509435],[4.906337830027762,52.385314312026416],[4.906263691491875,52.385243008321936],[4.906166111021852,52.38516621674915],[4.90604365899676,52.385080336369626],[4.905826097353512,52.38496081490033],[4.905238537381213,52.38469238990649],[4.904840966126553,52.3845128152061],[4.904827815635691,52.384506470267226],[4.904741578705882,52.38446747195782],[4.903481677140865,52.383896108671586],[4.902942339106507,52.383653034609395],[4.902395722281664,52.383404535653774],[4.902112184226681,52.383275749474635],[4.902107797704714,52.383273933969996],[4.901857845241551,52.38316326011012],[4.902011979166769,52.383037165343076],[4.901864385974736,52.38296825415901],[4.901653894318302,52.38287571693886],[4.901327985830688,52.38272698221577],[4.900556294331377,52.38237868645755],[4.899818216962203,52.38204670179402],[4.899827117985494,52.382038649507734],[4.900027059389751,52.381887580277436],[4.902811225634919,52.38073060178253],[4.905163199671435,52.37986749442345],[4.905474327291901,52.379753718070795],[4.905714462461207,52.37968548948495],[4.905919057697201,52.37964407904259],[4.905955821682595,52.37963973460904],[4.905661021037512,52.380684703058314],[4.905959830237402,52.38089443206022],[4.906529961135504,52.380734070456846],[4.906550561130595,52.38073055899545],[4.906565257320972,52.380729719874836],[4.906577006480522,52.38072976756031],[4.906587257774442,52.38073250547138],[4.906597479849536,52.38073793956887],[4.90723766287673,52.38116115963711],[4.907185938768278,52.38119060935012],[4.90806638718833,52.38180713493356],[4.908675718283454,52.382233817294505],[4.90881139088598,52.38218313564759],[4.9090839435263,52.382378370269464],[4.909100196123945,52.382369448203164],[4.909145386705544,52.38240108752197],[4.909127665404299,52.38241000366539],[4.909207823957243,52.382467848394164],[4.909224076562873,52.382458926311],[4.9092678083067,52.38248966092578],[4.909250096681308,52.38249767835834],[4.909330255552446,52.38255552300357],[4.909346508165691,52.38254660090375],[4.909390240080847,52.38257733547301],[4.909372518758156,52.382586251652754],[4.90945268763179,52.38264319748532],[4.90946893057029,52.38263517409796],[4.909512662657649,52.382665908621625],[4.909494951005904,52.382673926090476],[4.909575110515043,52.38273177056858],[4.909591363143847,52.382722848435506],[4.909635095402537,52.38275358291362],[4.909617374058406,52.382762499129676],[4.909697543565132,52.38281944479515],[4.909713796201549,52.38281052264547],[4.909775017750064,52.382853910338056],[4.909757296393836,52.382862826574865],[4.909809763804539,52.38290078634726],[4.909841853066092,52.38292158736362],[4.90984330243452,52.3829233907419],[4.909903094240498,52.38296317753131],[4.910154737480561,52.383054967038646],[4.910157665257252,52.38305587760031],[4.9101591243114,52.383056782245625],[4.910162052088303,52.3830576928072],[4.910241150444334,52.383077784295885],[4.91025433028847,52.383081432448535],[4.910266051077485,52.38308417595578],[4.910279240591638,52.383086925376624],[4.910295357889251,52.3830905853542],[4.910311484854938,52.383093346600575],[4.910327602157563,52.38309700657382],[4.91034519785173,52.38309977372973],[4.910348125635303,52.38310068428666],[4.910370117840739,52.38310436790964],[4.910392110049841,52.383108051528524],[4.910414102262612,52.38311173514332],[4.910434625754391,52.383115412841185],[4.91045661797437,52.38311909644811],[4.910478619860042,52.383121881321834],[4.91050061208691,52.38312556492059],[4.910522613978582,52.3831283497862],[4.910645822691534,52.38314412470374],[4.91067663695606,52.383146945001734],[4.91073973422289,52.38315259148282],[4.910742671674771,52.38315260330089],[4.910769089429466,52.38315450711861],[4.910795497530836,52.38315730965953],[4.910823384016815,52.3831592193735],[4.910849801778976,52.38316112317321],[4.910873291744848,52.383162116423115],[4.910895312985473,52.38316310376129],[4.910918802953442,52.3831640970022],[4.910942292922479,52.38316509023844],[4.910964314166159,52.383166077563764],[4.91098781378901,52.383166172061856],[4.911009835034266,52.38316715937873],[4.911033334657819,52.383167253867796],[4.911056834281486,52.383167348352224],[4.9110759277258,52.38316742511742],[4.911096489896683,52.383167507784094],[4.911115592990281,52.383166685813734],[4.911136164809627,52.38316586974443],[4.911156726979936,52.38316595240069],[4.911175830071777,52.38316513042059],[4.911196411536812,52.38316341561172],[4.911215514626847,52.3831625936252],[4.91123608644251,52.383161777538554],[4.911255199177415,52.383160056816514],[4.91143453806889,52.38314639713998],[4.911446297518152,52.38314554561378],[4.911456597883371,52.38314378945712],[4.911466888605778,52.38314293202869],[4.91147717932779,52.38314207459934],[4.911487479690986,52.38314031843998],[4.911497780053369,52.38313856227968],[4.911508070773778,52.383137704847705],[4.911953836318087,52.38307028941905],[4.912049447793955,52.383057191551835],[4.912120052414731,52.38304758836403],[4.912146527936145,52.383044099498896],[4.912196531894621,52.38303800869817],[4.91229506142336,52.383026719872824],[4.912461219452565,52.38300941071392],[4.912671419746313,52.3829940753412],[4.912775766247862,52.38298820203157],[4.913000634316033,52.38297472236975],[4.91300503086658,52.38297563874203],[4.91300795869681,52.38297654923329],[4.913012364858306,52.382976566875946],[4.913015292688748,52.382977477366985],[4.913019698850342,52.38297749500939],[4.913022636291406,52.382977506770885],[4.913170996282294,52.38297630317347],[4.913195974138064,52.38297550438268],[4.913219464059645,52.382976497167085],[4.913244432308773,52.382976597095436],[4.913464721192036,52.382979276046804],[4.913486742401099,52.382980262902926],[4.913510222731372,52.382982154359055],[4.913532243942905,52.38298314120671],[4.91355426515543,52.382984128050296],[4.913576276769764,52.38298601361919],[4.913598297984723,52.38298700045456],[4.913621778323394,52.38298889188856],[4.913645258664083,52.38299078331792],[4.913668729409476,52.382993573472035],[4.91369220975468,52.3829954648921],[4.913715690101901,52.382997356307484],[4.913737692133842,52.38300014057581],[4.913761162890066,52.38300293071164],[4.913784633649258,52.38300572084275],[4.91380810441142,52.38300851096928],[4.913830106454756,52.383011295220406],[4.913853567629187,52.38301498406739],[4.913875569678618,52.38301776831005],[4.913899030860282,52.38302145714801],[4.913922492045867,52.383025145981286],[4.913947431549437,52.38302794194976],[4.913972371056167,52.38303073791294],[4.913997310566063,52.38303353387091],[4.914020771766276,52.383037222684706],[4.9140457112829,52.383040018632464],[4.91407064121351,52.38304371330446],[4.914095571148291,52.38304740797119],[4.914120501087242,52.38305110263266],[4.914145431030365,52.383054797288914],[4.914168892254247,52.38305848607337],[4.914193812618897,52.38306307944888],[4.914218742574913,52.38306677408968],[4.914242194225567,52.383071361589096],[4.914267114605095,52.38307595494916],[4.914290566265641,52.383080542439025],[4.914315486655373,52.38308513578893],[4.914555801847332,52.38313822366555],[4.914583640592077,52.3831446261414],[4.914612938493221,52.38315193320125],[4.914640767677209,52.38315923439315],[4.914668606447475,52.38316563684907],[4.914697904376568,52.383172943887885],[4.914725724011857,52.383181143789336],[4.914753553232834,52.38318844495478],[4.91478138246299,52.38319574611363],[4.91480920212808,52.383203945995504],[4.91483703137717,52.38321124714128],[4.914864851062316,52.383219447010035],[4.914891202028628,52.383227641014734],[4.914919021734114,52.38323584087072],[4.914951228496227,52.383245855749784],[4.91498196654282,52.38325586476367],[4.915012704603315,52.383265873769545],[4.915043442677707,52.38327588276743],[4.915074180765997,52.38328589175733],[4.915104909299902,52.383296799468795],[4.915135647416613,52.38330680844271],[4.91516637598018,52.383317716138215],[4.915197104558887,52.38332862382572],[4.91521903988726,52.38333769892548],[4.915262929701163,52.38335405165383],[4.915286333789315,52.38336313259407],[4.915309737887068,52.383372213529675],[4.915334601165075,52.38338219904227],[4.915358005282797,52.383391279968336],[4.915382868582392,52.38340126547081],[4.915406263157883,52.38341124511684],[4.91542819857003,52.38342032017784],[4.915431126479564,52.38342123060912],[4.915454521076472,52.383431210245604],[4.915479374859507,52.38344209445731],[4.915502769478305,52.38345207408423],[4.915526154547854,52.38346295243609],[4.915549549188206,52.38347293205376],[4.91557586219696,52.38348472082408],[4.915600706481542,52.3834965037398],[4.915627019517911,52.38350829249869],[4.915651854272063,52.38352097413314],[4.915676698597187,52.38353275703286],[4.915703011675305,52.38354454577485],[4.915727846471527,52.38355722739332],[4.915752690837189,52.38356901027706],[4.915780444034057,52.38358350103729],[4.915808206803184,52.383597093061454],[4.915835960035795,52.38361158380866],[4.915853489408185,52.38362064125303],[4.915871018787742,52.3836296986948],[4.915888538621971,52.3836396548635],[4.91590606801621,52.38364871230005],[4.91592211912223,52.38365866261879],[4.915939648530854,52.38366772005036],[4.915955699651295,52.3836776703645],[4.916122086242276,52.38377719675504],[4.916122067146687,52.383778994214126],[4.916122057598889,52.383779892943636],[4.916122048051094,52.383780791673196],[4.9161220289555,52.383782589132274],[4.916123488155472,52.383783493704115],[4.916123469059934,52.38378529116319],[4.916124928260025,52.383786195734984],[4.916126387460176,52.3837871003068],[4.916276532679523,52.38389465077868],[4.916948537557847,52.384377262852574],[4.917139497959726,52.38451463358659],[4.917372739822316,52.38468183106948],[4.917519972571284,52.3847875708392],[4.917702190407981,52.38491861460151],[4.917722610672188,52.38493217706071],[4.917743021433635,52.38494663824588],[4.917763441723242,52.38496020069799],[4.917783862025341,52.384973763146526],[4.917805751127883,52.384987331413065],[4.917826171455424,52.38500089385429],[4.917848060584313,52.38501446211294],[4.917868480937296,52.38502802454683],[4.917890370092531,52.385041592797585],[4.917912268773023,52.385054262314824],[4.917932689163982,52.38506782473754],[4.917954587869531,52.385080494246886],[4.917977955379083,52.38509316957153],[4.917996926036436,52.38510492870478],[4.918017365496125,52.385116693653856],[4.918037814475996,52.38512755986992],[4.918059713241109,52.38514022935976],[4.918081621527193,52.385152000116],[4.91810352031691,52.38516466959767],[4.918125428626713,52.3851764403458],[4.918148805742813,52.385188216907075],[4.918170714076288,52.385199987646814],[4.91819409121685,52.385211764199134],[4.918217477875553,52.385222642017325],[4.918239386244288,52.38523441274428],[4.918262763421264,52.385246189283045],[4.918286150114999,52.385257067087636],[4.91831100561755,52.38526795070283],[4.918334392334617,52.385278828497874],[4.918357779063172,52.38528970628826],[4.918381165803209,52.3853005840741],[4.91840602135352,52.38531146766928],[4.918429408116893,52.38532234544552],[4.918454273192212,52.38533233030108],[4.918479138278744,52.385342315151426],[4.918506921977043,52.38535410908111],[4.918533246388871,52.38536499846237],[4.918561039614596,52.38537589364985],[4.918588832853998,52.385386788830814],[4.918616626107074,52.385397684005255],[4.918644419373827,52.38540857917313],[4.918672222150802,52.38541857560503],[4.918700015444344,52.38542947075984],[4.918729287050077,52.38543947298866],[4.91875708986561,52.38544946940057],[4.91877172093261,52.38545491987358],[4.9187848926937,52.38545946580595],[4.918808308109671,52.3854676473187],[4.918809776913705,52.38546765312776],[4.918953283131304,52.385509563883616],[4.91895327364043,52.385510462613105],[4.918953264149551,52.38551136134266],[4.918954732955058,52.385511367149896],[4.918954723464211,52.385512265879406],[4.918954713973363,52.3855131646089],[4.918956173288111,52.385514069145664],[4.918957642093708,52.38551407495285],[4.918957632602918,52.38551497368237],[4.918966426455466,52.38551680598431],[4.919024998384319,52.385534114114336],[4.919092373712062,52.385552355778515],[4.919158299261325,52.38556879414052],[4.919259390889505,52.385593460319924],[4.919337057549663,52.38561084373908],[4.919422058836767,52.38562915484427],[4.919471894075328,52.385639238107885],[4.919517332385579,52.385648405220294],[4.919564249003659,52.385656679385384],[4.919677148406702,52.385675999227765],[4.919747537641479,52.38568706227914],[4.920539456797541,52.385807923806134],[4.920691986685718,52.38583009512828],[4.921227282984976,52.38591039517705],[4.921454600663092,52.38594454371134],[4.921752308912088,52.38598975366937],[4.921803651644045,52.38599624680551],[4.921805120466102,52.38599625257743],[4.921806589288162,52.3859962583493],[4.921808067543348,52.38599536539144],[4.921809536365379,52.3859953711633],[4.921811014620478,52.38599447820538],[4.922123440086807,52.3860370487587],[4.922126349453676,52.38603975648382],[4.922130737071144,52.38604157124694],[4.922306713217211,52.386069225151495],[4.922321382617366,52.38607108026684],[4.922336033173868,52.38607473283992],[4.922350683732785,52.38607838541116],[4.922365334294124,52.38608203798063],[4.92237998485788,52.38608569054825],[4.922394635424057,52.38608934311407],[4.922409285992652,52.386092995678105],[4.922422458317478,52.386097541205814],[4.922437099470679,52.38610209249613],[4.922450271801068,52.386106638020756],[4.92246491296014,52.38611118930767],[4.922478085296092,52.386115734829204],[4.922492726461032,52.38612028611262],[4.922505898802544,52.3861248316311],[4.922519061728012,52.386130275877846],[4.9225322340752,52.386134821393334],[4.922545397006875,52.38614026563718],[4.922558559941786,52.38614570987951],[4.922571722879932,52.386151154120384],[4.922584885821315,52.386156598359825],[4.922596579938248,52.3861620368357],[4.922609733468998,52.3861683798021],[4.922621427592089,52.38617381827552],[4.922634581129896,52.38618016123915],[4.922646265842962,52.38618649843991],[4.922657959975322,52.38619193690971],[4.922669644694839,52.386198274108104],[4.922681329417694,52.386204611305374],[4.922693004728648,52.38621184723126],[4.922703220628859,52.38621817866546],[4.922714905361765,52.38622451585937],[4.922726580683444,52.38623175178193],[4.922736796593038,52.386238083213186],[4.922746993677232,52.386246212103146],[4.922754262517637,52.38625343074218],[4.922965088147651,52.386460074887964],[4.923335871437425,52.38682193309786],[4.923407121200077,52.38689141715892],[4.923565628453345,52.38704482807778],[4.92356998803619,52.38704933897652],[4.923572888160154,52.387052945395396],[4.923677790900577,52.3871351437523],[4.923864292926305,52.387280574920844],[4.9238730309832,52.38728779923648],[4.92390792689375,52.38732208887067],[4.923912305320314,52.38732480229725],[4.923916674356673,52.38732841445335],[4.923921052784397,52.38733112787962],[4.923925421822092,52.387334740035364],[4.923929800250976,52.387337453461306],[4.923934178680398,52.38734016688707],[4.923940025977398,52.38734288605813],[4.923944404407981,52.38734559948352],[4.923950251706326,52.387348318654084],[4.923956099005393,52.387351037824345],[4.923960486827626,52.38735285251944],[4.923966334127916,52.38735557168923],[4.923972190818548,52.38735739212899],[4.923978047509665,52.387359212568484],[4.923983894811874,52.38736193173737],[4.92398976089334,52.38736285344658],[4.923997086453678,52.38736467962997],[4.924002943146779,52.387366500068225],[4.92400880922925,52.387367421776496],[4.924014665923199,52.38736924221419],[4.924022000874239,52.38737016966633],[4.924027866957594,52.387371091373666],[4.924035201909219,52.38737201882496],[4.924041058604862,52.38737383926135],[4.924046924689103,52.387374760967724],[4.924052781385592,52.38737658140352],[4.92405864747044,52.38737750310935],[4.924064513555534,52.387378424814855],[4.92407037964087,52.38737934652009],[4.924077714594759,52.38738027396878],[4.92408359006799,52.38738029694364],[4.924089456153976,52.3873812186479],[4.92411558602226,52.387410980110076],[4.924122855276241,52.38741819866386],[4.924167949106513,52.38746061699],[4.924197054358555,52.38748679500032],[4.92423923873574,52.38752650562524],[4.924263965602218,52.387549970204425],[4.924290133219886,52.38757613670853],[4.924287148553727,52.38758061887467],[4.924285642145422,52.387584208052225],[4.924282657478264,52.387588690218266],[4.9242796728105,52.387593172384214],[4.924278166401161,52.38759676156168],[4.924276650608062,52.3876012494688],[4.924275134814651,52.38760573737587],[4.924273619020933,52.38761022528296],[4.924272103226908,52.387614713190025],[4.92427059681622,52.38761830236738],[4.924270549897986,52.38762279601577],[4.924270502979741,52.38762728966415],[4.924270456061484,52.38763178331251],[4.924270409143218,52.3876362769609],[4.924270362224939,52.38764077060927],[4.924270315306652,52.387645264257614],[4.924271746649252,52.387648864917686],[4.924271699731092,52.38765335856603],[4.924273121690461,52.38765785795574],[4.924274543650116,52.38766235734542],[4.924275974993608,52.387665958005385],[4.924278865831768,52.387670463136295],[4.924280287792406,52.387674962525935],[4.924281719136769,52.38767856318582],[4.924284609976333,52.3876830683166],[4.924287500816482,52.38768757344729],[4.924290401040481,52.38769117984825],[4.924293301264951,52.38769478624912],[4.924296192106746,52.38769929137958],[4.924300561211253,52.38770290352132],[4.924390702969925,52.38779223366526],[4.924575072803772,52.38772015390428],[4.925045556498501,52.3875386424002],[4.928287202194174,52.386289379546156],[4.92854676729744,52.386188824434115],[4.928638383386655,52.38627815706631],[4.92909210925297,52.386720308449554],[4.929163367887093,52.38678978905813],[4.929361154751446,52.38698199101742],[4.929547303748801,52.3871633624706],[4.929711643804978,52.387323078993376],[4.930013975612614,52.38720650807752],[4.930305977507695,52.38709439037207],[4.930771996835752,52.38691553524623],[4.931128883158259,52.38677850009822],[4.931701077301914,52.386558706891385],[4.931795461675414,52.38652222044289],[4.93197095504456,52.38645458889159],[4.932193644330279,52.386368264319835],[4.93231752445395,52.38632020681018],[4.932487113248737,52.38625524811534],[4.932601717321519,52.38653879939491],[4.932810946052014,52.38704920265218],[4.932961622218531,52.387396704294154],[4.93400473246872,52.38723622616966],[4.934513776499369,52.3871581827622],[4.935097868072926,52.38706694218159],[4.936344012090159,52.38687306523694],[4.937522478005262,52.38668880468002],[4.937521054731243,52.386684305447126],[4.937740277420744,52.38664918696099],[4.937793246981439,52.386640400308984],[4.937747328011506,52.386533272928425],[4.938109318679181,52.38646993496114],[4.938147608653023,52.386460193721334],[4.938169732270408,52.38645128994372],[4.938188909098665,52.38644327375601],[4.938208113222154,52.38643256137124],[4.938225848497472,52.386421843415086],[4.938245116302514,52.38640483990505],[4.938264411391465,52.38638514019777],[4.938277812916541,52.386367215679904],[4.938286817020364,52.38634837572686],[4.938291423707983,52.386328620339704],[4.938316480923233,52.386175026353754],[4.938541575785339,52.38613992864473],[4.939176732214691,52.386371518336915],[4.939407859964737,52.386902664201926],[4.939304232116833,52.3869822624971],[4.939270130614466,52.38701359032699],[4.93923592918336,52.38705480419112],[4.93916443401873,52.38715249920704],[4.939132915810218,52.38721888862848],[4.939096545840173,52.38732929919902],[4.939086479150169,52.38745329076271],[4.939098745300595,52.38754770755621],[4.939135837138089,52.38765659851625],[4.939520113975984,52.38858737511245],[4.93949657510144,52.38859088119885],[4.939592823637027,52.38880604989221],[4.939604284644611,52.38883485369452],[4.939648696189194,52.38894646841643],[4.939650110679067,52.38895186635296],[4.939669233893025,52.38894924231646],[4.939882880556825,52.389467738156554],[4.94006956284673,52.38945586034022],[4.941067569903519,52.389400305237174],[4.941323499551602,52.38936801466151],[4.941448539917044,52.389350510012726],[4.941619207520939,52.38932418924153],[4.941704541247128,52.38931102876357],[4.941966560077534,52.38940368804847],[4.942385215730329,52.38955086101303],[4.942525720487696,52.38960261820875],[4.942571095547331,52.38961896632468],[4.942746765377731,52.389679842909786],[4.943079944917916,52.38956155695642],[4.943168459583496,52.389524140697084],[4.945582756175294,52.3878282099345],[4.945738215211465,52.387705658658085],[4.945859513452288,52.387620728025034],[4.945858062464275,52.387618925087786],[4.947208657025407,52.38666586645701],[4.947721288008495,52.386222880941716],[4.947186720994753,52.38576791835505],[4.947321896893164,52.38576392666016],[4.947534955791923,52.385756628899],[4.947993396279256,52.38574125333203],[4.948545876337166,52.385722629265594],[4.9485561580589,52.38572266734611],[4.948681051979642,52.38571863601857],[4.94871485255215,52.385716963633335],[4.94871484366465,52.38571786236579],[4.948798601792237,52.38571457737446],[4.949308467757287,52.38569758953293],[4.949984371603368,52.38567492120183],[4.950128368729977,52.385670060102704],[4.95027970990433,52.3856652259218],[4.950977653844893,52.38564173446339],[4.950979122659988,52.385641739873336],[4.950985785944746,52.385710969341396],[4.951777046133073,52.38575792051764],[4.951770897264791,52.38578575963309],[4.952156323980822,52.38587615378296],[4.952330699657935,52.38591903614197],[4.952329160319276,52.38592622061114],[4.952446384318844,52.385955411459],[4.952461222373309,52.385940186917985],[4.95268984830876,52.38599315428453],[4.9531675334908,52.38611264404696],[4.953223551383116,52.38609217772515],[4.953272400978895,52.386053709812224],[4.953325287621238,52.38605300480189],[4.953343142207767,52.38602970231617],[4.953344452749259,52.3860458848885],[4.953372597912642,52.38602172132929],[4.953343915777181,52.38580052004783],[4.953344003713805,52.385791532718656],[4.953328910758581,52.38568272684697],[4.953328954728268,52.385678233182304],[4.953320704650721,52.38562068198909],[4.953316852238811,52.385564045670456],[4.953318321051702,52.385564051051404],[4.953321258677486,52.38556406181321],[4.953204652351006,52.384271210080236],[4.953366155507567,52.384278093153874],[4.953787086481259,52.38434164913764],[4.954095449704541,52.38435086609843],[4.954499371013879,52.384351443766576],[4.954862482144527,52.38431951553558],[4.954980045218322,52.38431365328153],[4.955976458112492,52.3842570682104],[4.956395537806374,52.38420916127925],[4.9568737771959,52.38411922587111],[4.957095900771671,52.38408498090449],[4.957298903942443,52.38405336241357],[4.95749191288794,52.38399204806062],[4.957673049348766,52.383943273048956],[4.958002904044893,52.383856389900195],[4.958211893577953,52.383813107592786],[4.958348765988157,52.38378484280754],[4.958827066312843,52.38368770962163],[4.95910234756446,52.383623993905175],[4.959304025881757,52.38357708818419],[4.959707511199182,52.38346979469954],[4.960028519975553,52.38338557028263],[4.960365097292464,52.38320972705405],[4.960399751864386,52.38311907665622],[4.960411088257334,52.38300946814707],[4.960427330773633,52.3830005390261],[4.959351169492316,52.382192261096066],[4.959499959140428,52.3821460627281],[4.959976358173101,52.38193926866198],[4.960746024031308,52.381629272279596],[4.961516179489557,52.38126714425962],[4.962843997497644,52.380489983568],[4.963833188310351,52.3797951830898],[4.966341000494276,52.381414709483444],[4.966670910327958,52.381627990014096],[4.966549566035008,52.38172372694942],[4.966556645206352,52.38175161381487],[4.966553707829093,52.38175160338172],[4.966526879267326,52.38179285128597],[4.966576720959342,52.38180291473489],[4.966605035217403,52.38175987456552],[4.966646337488757,52.38174114717169],[4.967068459782594,52.38183342069384],[4.967361602482251,52.3818973738189],[4.967270480316286,52.38205882847343],[4.967222698908768,52.382141345429524],[4.967131584246415,52.382301901233205],[4.967037540013267,52.38246154780472],[4.966982380096168,52.38254763354204],[4.9668659206545,52.38274764486124],[4.96682560916385,52.382816706686164],[4.966762908777762,52.38292343714626],[4.966716679437917,52.38299697174854],[4.966746900717872,52.38306268888437],[4.966705162630081,52.383127251775704],[4.966640478660572,52.38313331345134],[4.966585214838787,52.38323018380595],[4.966522564441633,52.38333152172072],[4.966507595669187,52.38336112779187],[4.966386589234784,52.38357550270315],[4.96636127080522,52.38361226209906],[4.966337395496034,52.383651722912255],[4.966313537204588,52.38368938625119],[4.966265769312906,52.38377010532072],[4.966212015294915,52.3838624870345],[4.966143360094612,52.38397728486695],[4.966132908080422,52.383995223003474],[4.966113498393618,52.384028408292366],[4.965985938304207,52.38415917434887],[4.965983000767586,52.38415916390138],[4.965980063230968,52.38415915345387],[4.965977100083032,52.38416183920949],[4.965974136934736,52.38416452496506],[4.96597117378608,52.38416721072055],[4.965968202099777,52.38417079521036],[4.965965238950343,52.3841734809657],[4.96596374456942,52.384176171944965],[4.965960781419356,52.38417885770017],[4.96595480389276,52.384189621616876],[4.965950295132925,52.3842003907574],[4.965944317600866,52.38421115467349],[4.96593980883628,52.38422192381354],[4.965933831298758,52.38423268772905],[4.965905463571561,52.3842811201201],[4.965835252749826,52.38440489988145],[4.965790514721848,52.38447574311901],[4.965760694984652,52.384522372777816],[4.965715965261006,52.38459231725092],[4.965675727184151,52.38465329004585],[4.965653345119061,52.38469005973615],[4.965617564497881,52.38474565578773],[4.965583252576299,52.384801257056495],[4.965548940568469,52.38485685831462],[4.965535490697877,52.384881077076066],[4.965533979174358,52.38488556551794],[4.965529504426522,52.38489273970372],[4.965522023719517,52.384907093304335],[4.965517557514176,52.384913368755406],[4.965516054534374,52.38491695846279],[4.965513082760864,52.38492054294055],[4.965507096478255,52.38493220556702],[4.965501127286394,52.3849420707247],[4.965499632851269,52.38494476169759],[4.965492160672906,52.384958216561884],[4.965484705584584,52.38496987395724],[4.965484688489997,52.38497167142567],[4.965468275314494,52.38499857592154],[4.96542502199394,52.3850676267729],[4.96539667027243,52.385114261564155],[4.965372810391461,52.38515192470057],[4.965323604602801,52.38522904319426],[4.965268437900148,52.38531512807702],[4.965241563215321,52.38536086932698],[4.96521468847491,52.3854066105704],[4.965186344867875,52.385452346573494],[4.96514905145925,52.38551243091031],[4.965119247456876,52.385557262927996],[4.965083465463123,52.38561285880684],[4.965059613602687,52.38564962314161],[4.96502530027869,52.38570522423689],[4.964970072496267,52.38579760010917],[4.964928243647586,52.385871149672475],[4.964861042266995,52.38598685067808],[4.964844628335525,52.38601375508108],[4.964841613631003,52.3860218332109],[4.964838633168011,52.386026316404745],[4.964838607486037,52.38602901260669],[4.964834081145251,52.386041579168044],[4.96483847051545,52.3860433923501],[4.964750499457295,52.386180589568795],[4.963975252852207,52.385992676349545],[4.963897619421876,52.38596992979432],[4.963601379805209,52.38592033735691],[4.963532568234368,52.38589672334828],[4.963387661323492,52.385843177794065],[4.963368626748187,52.38583681832735],[4.963040358239586,52.385757450627],[4.962678325300474,52.38567616346309],[4.962415932063761,52.38562039800887],[4.961934556872467,52.38557732735228],[4.961623470070399,52.38554475316762],[4.960998481159573,52.38546700950368],[4.960960335272651,52.38546237840243],[4.960669666369129,52.38544515418915],[4.960668197559026,52.38544514889943],[4.960646096243404,52.38545225942079],[4.960612348190639,52.38544854281108],[4.96057711403965,52.38544661836823],[4.960478660516851,52.38545075750775],[4.960381641182753,52.38545849679329],[4.960289019594462,52.385467150616286],[4.96019784947203,52.38547760712965],[4.960175782685263,52.385481122628526],[4.960152247083677,52.38548463282721],[4.96013018028982,52.38548814831759],[4.96010811349247,52.385491663803876],[4.960084569223049,52.38549607272266],[4.960062493760798,52.385500486934056],[4.960040426951975,52.38550400240771],[4.960018351481399,52.38550841661084],[4.959996276006439,52.38551283080982],[4.959974191867934,52.3855181437383],[4.959952116383751,52.38552255792904],[4.959930032235126,52.385527870849245],[4.959907956741723,52.385532285031736],[4.95988587258298,52.385537597943696],[4.95986673470673,52.385542022717374],[4.959846119351574,52.38554734092157],[4.959825512653658,52.385551760388566],[4.959804897289046,52.38555707858555],[4.959785759396332,52.38556150334606],[4.959765144022435,52.38556682153612],[4.959745997457764,52.385572145023765],[4.959726850888502,52.385577468508295],[4.959706226835524,52.38558368542165],[4.959687080256516,52.3855890088997],[4.959667925007526,52.38559523110824],[4.959648778418945,52.385600554580115],[4.959628154344306,52.385606771479765],[4.959532308620817,52.38564507231174],[4.959436445391611,52.385685170532646],[4.959377449880932,52.385710122855464],[4.959308129203796,52.385739531670296],[4.959182724318478,52.385796599484706],[4.959072059409538,52.38584832786099],[4.95896283702805,52.3859027576442],[4.9588152164956,52.38597861880256],[4.958781268477592,52.385995572539315],[4.958614500407295,52.38607675677287],[4.958590894867768,52.38608745652719],[4.958565811797575,52.38609904969427],[4.958542206234434,52.386109749438816],[4.958517131827761,52.386120443862175],[4.958493526241489,52.386131143596906],[4.958468460500829,52.386140939276515],[4.958443386058741,52.38615163368415],[4.95841832029543,52.386161429353095],[4.95839324582967,52.38617212374999],[4.958331320107653,52.38619616617835],[4.958267934177033,52.386219304521305],[4.958219288711257,52.386237103632645],[4.958169183065849,52.38625399866986],[4.958064434676555,52.38630125371342],[4.957950846925164,52.38635117292281],[4.957912491770739,52.38636811043802],[4.957874145288974,52.38638414920744],[4.957844690150385,52.38639213131432],[4.957815252407517,52.386398315947375],[4.957784310999867,52.386408090180545],[4.957756281149275,52.386420571257],[4.957735595494817,52.38643307895781],[4.957717830103981,52.38644739477415],[4.957697179248418,52.386456307535276],[4.957675085659166,52.38646251876625],[4.9576544173751,52.38647322898632],[4.957636678062355,52.38648484859072],[4.9576248402393,52.38649379330307],[4.957617400238286,52.38650365273034],[4.957601181993905,52.38650988525779],[4.957584989868534,52.38651342158342],[4.957562922360044,52.38651693659377],[4.957540872265571,52.386518654133674],[4.957502551647885,52.38653199658241],[4.957464231007153,52.38654533901866],[4.957393491179547,52.386569348976074],[4.957366990950371,52.386575544158006],[4.957340508139462,52.38657994186772],[4.957315520310658,52.38658164870342],[4.957290549907629,52.38658155806754],[4.957258191696096,52.386585934431984],[4.957212587704314,52.3865929589939],[4.957166966265417,52.386601781004465],[4.957121327373843,52.38661240046371],[4.957077139872656,52.3866248227059],[4.957050622128841,52.38663281528313],[4.957024078217689,52.38664350405374],[4.957014837869146,52.38668750996578],[4.956975074257151,52.38669815070859],[4.956944428965714,52.38667736779582],[4.956928358823956,52.38666832176802],[4.956909324824477,52.38666196126454],[4.956885831949187,52.38666097714653],[4.956860870225188,52.38665998768688],[4.956831501953135,52.38665898220996],[4.95680065610895,52.38665887012102],[4.956746326119428,52.386656875145356],[4.956692022312863,52.38665218394553],[4.9566171109899,52.38665191162741],[4.956523095895908,52.38665246856095],[4.95640256292263,52.386661017851694],[4.95625263543363,52.386671257598245],[4.956170353622099,52.38667365447354],[4.956088098016581,52.3866733550926],[4.956024902505091,52.38667672010405],[4.955961706984106,52.38668008508173],[4.955630979496102,52.38670314707316],[4.955553086648014,52.386707357042],[4.955476671387192,52.386710673580836],[4.955438463752546,52.38671233183172],[4.955401716214228,52.38671489415838],[4.95538403748278,52.386720222293356],[4.955369270191987,52.38672825733554],[4.955363316008192,52.386736324509776],[4.955363228478575,52.38674531183909],[4.955354354092424,52.38675157083577],[4.955341090652293,52.38675601629833],[4.955324933272519,52.38675595738266],[4.955310271007614,52.38675320762228],[4.955298572712396,52.38674777237409],[4.955289838387898,52.386739651639054],[4.955282581673085,52.386730637527016],[4.955282677973609,52.38672075146481],[4.955260697730902,52.386715278716245],[4.955237222375943,52.38671249680533],[4.955119652971937,52.38671835930492],[4.955062350248499,52.3867199477709],[4.954981519614776,52.386724146644916],[4.954899220114176,52.38672834010239],[4.954816894306058,52.38673522970129],[4.954672824080659,52.38674728636155],[4.95464788866124,52.38674360023673],[4.954630297506303,52.38673994093035],[4.954329009397614,52.387207995409916],[4.954243999372968,52.387188810622064],[4.954169253931123,52.38717146083209],[4.954013887762863,52.38713673962124],[4.953748585474685,52.38707824803417],[4.953345474759709,52.38699228817221],[4.953112392318389,52.38694379958897],[4.953090403435217,52.386939225170615],[4.952999510232411,52.386920916686655],[4.952798655332334,52.38688153327657],[4.952307496378936,52.386787158009575],[4.951430632594312,52.38663024616683],[4.951414519432167,52.38662569305468],[4.951382248949571,52.38662108048668],[4.951345571931356,52.38661645169366],[4.95130593955585,52.38661360954263],[4.951261900643711,52.38661075115894],[4.95121342868464,52.386610572735464],[4.951166407897193,52.38661219716495],[4.951128191351543,52.38661475275733],[4.951097319038737,52.38661733538026],[4.951053191733362,52.386623464244444],[4.951023770576051,52.38662784972226],[4.950995800577879,52.38663403806762],[4.95095753095012,52.386641986000086],[4.950932498630698,52.38664818515092],[4.950898608995117,52.38665884549345],[4.950845562392711,52.38667572660411],[4.950820494658403,52.3866855206612],[4.950799851153922,52.38669353348466],[4.950782136496515,52.386702455861865],[4.950862552512354,52.38688969528719],[4.952146548164165,52.38986663362367],[4.952193965524897,52.38997465951403],[4.952245675381962,52.39009438508276],[4.951973339390618,52.39060118654949],[4.951911990585924,52.39071510417354],[4.951590534136718,52.39128643521062],[4.951587587301487,52.39128732313713],[4.947901146576814,52.39238368191666],[4.947489965692557,52.39251517331676],[4.947232071628293,52.39259600320652],[4.94710983755351,52.39262610709492],[4.946760620058118,52.39273086324837],[4.944792059958355,52.39331581259802],[4.944775819481117,52.393323840816336],[4.944485578253495,52.393406341438634],[4.944425148843267,52.39342588837515],[4.944347072551476,52.39344716683315],[4.944075954651782,52.393527041656746],[4.944077387792778,52.39353064207492],[4.943984584446596,52.393555460255904],[4.943919275840003,52.39347522585158],[4.943774175415369,52.39329403113289],[4.943669697369238,52.39316421790802],[4.943680025769708,52.39315976276082],[4.943600234534064,52.39305880236229],[4.943536867088301,52.39307833784341],[4.943519445243788,52.39305760100751],[4.943584281726575,52.39303807103758],[4.943501579801469,52.392934403374724],[4.943438212490415,52.39295393880367],[4.943422259796388,52.392933207456814],[4.943485627084777,52.39291367203628],[4.943455154765504,52.39287580977882],[4.943453694707914,52.39287490554465],[4.943452243646479,52.392873102579784],[4.94345078358904,52.39287219834553],[4.943449323531659,52.392871294111266],[4.943447863474338,52.39287038987702],[4.943444934363639,52.39286948013905],[4.94344347430647,52.39286857590472],[4.943440545195982,52.39286766616666],[4.94343908513896,52.39286676193227],[4.943436147032266,52.39286675092474],[4.943433208925572,52.392866739917125],[4.94343027081888,52.39286672890943],[4.943428810762102,52.392865824674935],[4.943427341708785,52.39286581917104],[4.943424394605503,52.39286670689386],[4.943422925552159,52.392866701389956],[4.943419987445475,52.39286669038199],[4.943418509395358,52.392867583608655],[4.943415571288616,52.39286757260058],[4.943366939564664,52.392882669378054],[4.94290570259131,52.393022944961935],[4.9427671786187,52.3930655659724],[4.942680341739547,52.392934919285544],[4.942469429434239,52.39272471546639],[4.942126153696162,52.39238279435039],[4.94181052386361,52.39206793909783],[4.941782504001317,52.39207861890745],[4.941770878205394,52.392065992483964],[4.941751970498012,52.39204704732189],[4.941774096185646,52.39203814288331],[4.941715931212848,52.391978605672136],[4.941701195819761,52.39198304407344],[4.941564399468506,52.39185400613648],[4.941475878792961,52.39189142117191],[4.941374163884698,52.39192609018558],[4.940355537026098,52.39227276995113],[4.940354058934179,52.3922736631396],[4.940259749665194,52.39215646791284],[4.94024206694776,52.39216179377625],[4.940208696107529,52.392120324672554],[4.939885192622106,52.39171376051242],[4.939808822276731,52.39156607465011],[4.939781355532748,52.39152193142509],[4.939694113165316,52.391432624125294],[4.939516218330521,52.391446332110796],[4.939411837233205,52.39145402642131],[4.93941036822734,52.391454020867634],[4.939392703844831,52.39145754914414],[4.939252930337726,52.391478590973044],[4.939249937838766,52.39148397224463],[4.939049725918393,52.391525456836156],[4.939012918942328,52.39153340645054],[4.938987891281432,52.39153870433416],[4.938970226831706,52.3915422325475],[4.93896434171009,52.3915431090412],[4.938974397607627,52.39156561621633],[4.938853793406665,52.391579539996144],[4.938854029720582,52.39155617300508],[4.93878194827726,52.39156578654906],[4.938752531723797,52.39156927023745],[4.938667220055604,52.39157973238456],[4.938501194649965,52.39158179985107],[4.938497856396282,52.391621332858016],[4.938503395884884,52.391654608141884],[4.938518149679364,52.391648372677764],[4.938612898864193,52.39172153150929],[4.938592023451922,52.39175201044987],[4.938529860920171,52.391797612000445],[4.938094106414678,52.39203233571062],[4.93796860181123,52.39209477330926],[4.937513177450848,52.39224044256708],[4.93678645211943,52.39248304407916],[4.936712717030083,52.39251062537402],[4.936236635364549,52.39266430004725],[4.936030118373938,52.392747098718324],[4.935944556796299,52.392781824605656],[4.935941618697676,52.392781813412164],[4.935687395274018,52.39293273584712],[4.935657757871641,52.3929577882808],[4.935631040238113,52.39298464936789],[4.935620418113063,52.39301786316701],[4.935657991111867,52.39307912240919],[4.935687207529173,52.39309541154832],[4.936000415455758,52.39321164693707],[4.935833194232172,52.393330545531434],[4.935683770423878,52.39328863285714],[4.935377505060911,52.393211968762266],[4.935211839932594,52.393178082417684],[4.935012432487924,52.393139573206376],[4.934804128488685,52.39310911856192],[4.934589930189345,52.39308043855659],[4.934350703098108,52.39305705506408],[4.934027694055708,52.39303784439669],[4.933914604199435,52.39303471537365],[4.933904192141162,52.39304725823493],[4.933765797357106,52.39307638775953],[4.93350952810398,52.39313921874946],[4.933247547530743,52.39318584953027],[4.932526029441735,52.39334665730663],[4.932446460094042,52.393369719731],[4.932377201808991,52.39339012540094],[4.932041312893669,52.39348050917516],[4.93202072743193,52.39348222759961],[4.93154193037401,52.393611606351584],[4.930852663468893,52.393777920603696],[4.930413784434121,52.393882283173035],[4.930070588697818,52.39396813936594],[4.929855554847329,52.394020336417995],[4.929300287827265,52.39415570219479],[4.928974763433418,52.39423712970623],[4.928728727211067,52.39430358501626],[4.928516619059758,52.39435668973086],[4.928504838358573,52.39435934040535],[4.928317750926083,52.39440804783018],[4.928239693117464,52.394426619465044],[4.92771839186314,52.394544134144944],[4.927435670952578,52.394605950638976],[4.926749302125848,52.39477315106817],[4.926680067042709,52.39479085720836],[4.926428101141497,52.39486177851855],[4.926394199347,52.39487243181426],[4.926206855084586,52.39494540156399],[4.925958640313398,52.39507925001855],[4.925711724754134,52.395229280782665],[4.92558172077125,52.395297979106324],[4.925476803986651,52.39535598990194],[4.925385118503953,52.395413153426425],[4.925286012179644,52.39547747806055],[4.924865234034876,52.395815569549846],[4.924497695689391,52.39611971445548],[4.92440711057648,52.39621193334555],[4.924193026119071,52.396452864443695],[4.924080139189022,52.396570161317975],[4.923882259178763,52.39680666137629],[4.923837319419947,52.396889171941055],[4.923758306312617,52.3969985121229],[4.923659347456446,52.397188663016216],[4.923635398601867,52.397230811233094],[4.923463046839342,52.397554590637],[4.923379435900519,52.39768188784777],[4.923177526740162,52.39802172883941],[4.923133997196524,52.398109637234576],[4.92306973832002,52.39821274338947],[4.922945721504933,52.39840998558628],[4.922841943399298,52.39863876374091],[4.92282701558718,52.39866117433198],[4.922776307997888,52.39873287668937],[4.922695593675999,52.39886377981172],[4.922671106100531,52.39895715527966],[4.922678037796337,52.39913693532813],[4.921932487080691,52.39947464104968],[4.921852335069204,52.39955161993964],[4.921847870638524,52.39955699498738],[4.921830314870915,52.399549735905836],[4.921822921331287,52.39955420068119],[4.921774020118992,52.39959355418596],[4.921633051460205,52.39972511858243],[4.921627108267492,52.399731386574175],[4.921621165073095,52.399737654565655],[4.921613752599264,52.399743916782],[4.921606340123338,52.399750178997884],[4.921600406364626,52.39975554826112],[4.921592993884866,52.39976181047616],[4.921585590844463,52.3997671739636],[4.921578187802263,52.39977253745054],[4.921572254037144,52.399777906712316],[4.921564850991539,52.39978327019842],[4.921550054337127,52.39979309844204],[4.921526394784679,52.399807385664545],[4.921504223383521,52.39981988120416],[4.921449633353135,52.39984123692497],[4.921098507893346,52.39997646803776],[4.921086734707107,52.39997821924174],[4.920955438865042,52.400028033344555],[4.920616140441076,52.40015611946552],[4.920000944968605,52.40039096852354],[4.919333426672352,52.40057078313351],[4.91860695950395,52.4007665385767],[4.918188457792807,52.40087992419942],[4.917615237473156,52.401034038291016],[4.9181033305286,52.401703753875495],[4.91795158863022,52.40174090099052],[4.918222380566293,52.40211765670169],[4.916835710710707,52.40248963986774],[4.915975105755778,52.4027207970936],[4.915962072503146,52.402702769968855],[4.91579407621866,52.40274793854305],[4.915807109416101,52.40276596568603],[4.91549912002148,52.40284832478805],[4.915189200363374,52.40242197493251],[4.914515866535518,52.40148906915932],[4.914320392772041,52.40121776094457],[4.914269004745095,52.401213960742155],[4.914217616727034,52.40121016051738],[4.914173565750538,52.40120728833251],[4.914029677448292,52.40119682727636],[4.913805024379066,52.401181549497416],[4.913641852583928,52.40118808743141],[4.913675204991848,52.40095454199609],[4.913703870935499,52.40088455294963],[4.913595218514927,52.400876928490774],[4.913548200468688,52.400876740503115],[4.913464459181459,52.400875506877775],[4.913386595154395,52.400874296701],[4.9133057925042,52.400873074717296],[4.913226468783679,52.400870959831295],[4.9131441968307,52.40086973185836],[4.91307809694621,52.40086766979151],[4.913045762433104,52.4008684391369],[4.913004631268978,52.400867375731835],[4.912922359329297,52.40086614760483],[4.912843026021209,52.40086493118804],[4.912765162031018,52.40086372060272],[4.912685838354216,52.4008616053546],[4.912606505061264,52.40086038877937],[4.91252717177284,52.40085917215099],[4.912447838488943,52.40085795546942],[4.912365576212213,52.400855828229695],[4.912333337990333,52.40084761012077],[4.909834527186261,52.40106495433766],[4.909303443878052,52.40112392901396],[4.909266652692892,52.40112917317235],[4.909253419106815,52.40113001854485],[4.909235758170693,52.40113264358193],[4.908997825036576,52.401122695682666],[4.908741542184565,52.40117918178236],[4.908710550556663,52.401191639310056],[4.90824873896954,52.40136682969717],[4.908186774584559,52.401389947034055],[4.907816397925198,52.40153404866881],[4.90774852657132,52.40155983816677],[4.907025494673516,52.401839121731804],[4.906957641870324,52.40186311332332],[4.906839655879184,52.40190307936173],[4.906622628872074,52.40199746817968],[4.906619670680952,52.40199925370817],[4.90661671248959,52.40200103923665],[4.906613764043772,52.40200192603984],[4.906610805851996,52.402003711568135],[4.90660785740588,52.402004598371214],[4.906298035854882,52.40211928168555],[4.906221258809926,52.40215312303891],[4.906126859130252,52.40218599401396],[4.905902628829406,52.40226687079217],[4.90578019368238,52.40231041275978],[4.905750669792517,52.40232287547934],[4.905473160046972,52.40243858672088],[4.905380209028777,52.402473260522406],[4.905148560643725,52.40256039705716],[4.905142663618909,52.40256217059006],[4.905049712083295,52.40259684413064],[4.904894694725895,52.402663620450326],[4.904756016120356,52.40271428534473],[4.904571581037091,52.4027836377282],[4.904378289944191,52.40285654878955],[4.904344357161429,52.40286899318979],[4.904232233864101,52.40290987929727],[4.904195205517561,52.402936691268934],[4.904190748399684,52.40294116691938],[4.904137390266706,52.402983191289756],[4.904041047575877,52.40305919338588],[4.904009925927651,52.40308333309615],[4.904004009189705,52.403086904021336],[4.903931470269324,52.40313604017861],[4.903747932883823,52.40325752329253],[4.903733131121621,52.403267349296385],[4.903623641027238,52.40333610727835],[4.903585171984071,52.40336021688419],[4.90358369278187,52.4033611096101],[4.903582213579606,52.403362002336046],[4.90358074418498,52.40336199633738],[4.903579274790356,52.40336199033869],[4.903596750607927,52.40337644191487],[4.903650667138149,52.40341800517649],[4.903613794927321,52.40343043736953],[4.903606428328434,52.40343220482707],[4.903597582524566,52.403434865010304],[4.903590215924297,52.40343663246685],[4.903581370118575,52.403439292648876],[4.903574003516927,52.40344106010441],[4.903565167517387,52.40344282156064],[4.903556331517148,52.40344458301621],[4.903548964913623,52.40344635047022],[4.903518048714006,52.403451616832996],[4.903482704694372,52.40345866263724],[4.903478286691128,52.40345954336201],[4.903475338085582,52.40346043008663],[4.903470920082017,52.403461310811146],[4.903466492268235,52.40346309026003],[4.903462074264231,52.4034639709842],[4.903459115847872,52.40346575643294],[4.903454688033173,52.4034675358814],[4.903451729616278,52.40346932132994],[4.903448771199146,52.40347110677842],[4.903445812781774,52.403472892226844],[4.903442844553638,52.40347557639972],[4.90343988613573,52.403477361848],[4.903436927717584,52.40347914729617],[4.903433959488491,52.40348183146885],[4.903430991259035,52.4034845156414],[4.903429502238772,52.403486307089935],[4.90342800340756,52.40348899726297],[4.903425035177264,52.403491681435405],[4.903423536345596,52.40349437160836],[4.903423506912824,52.40349706778195],[4.903422008080878,52.40349975795496],[4.903420470004799,52.403506043026006],[4.903421860916483,52.40351323882288],[4.903421772617794,52.403521327343654],[4.903423153719222,52.40352942186505],[4.903424534821148,52.40353751638642],[4.903427395135122,52.40354471818382],[4.90342877623829,52.4035528127051],[4.903431626743156,52.40356091322688],[4.903433017658344,52.40356810902358],[4.90343586816496,52.40357620954529],[4.903438718672612,52.403584310066805],[4.903441549560132,52.403594208037376],[4.903444439312092,52.403598713660735],[4.9034472702018,52.40360861163114],[4.903522325510996,52.40373294760659],[4.903528134476578,52.403739262675614],[4.903533943443816,52.40374557774431],[4.903539752412703,52.403751892812735],[4.903615377037214,52.40382410270626],[4.903631383637938,52.40383854827792],[4.903685232121603,52.403886402591894],[4.903855614375663,52.40402820390801],[4.903861443031777,52.40403272151143],[4.903867271689078,52.40403723911455],[4.903873090545607,52.4040426554419],[4.903878919205402,52.404047173044425],[4.903924480946045,52.40404646015619],[4.904904769800218,52.40470835065415],[4.904915006971748,52.40471288615212],[4.904954466678118,52.40473281960241],[4.905087041778653,52.40483851462312],[4.905084093113303,52.404839401387484],[4.905152873466112,52.4048657454405],[4.905174817379932,52.40487482237148],[4.905196761302752,52.40488389929835],[4.90521870523457,52.40489297622125],[4.905240649175388,52.40490205313998],[4.905262583351182,52.404912028779144],[4.905284527310442,52.40492110568977],[4.905306461505565,52.4049310813208],[4.905328405483265,52.404940158223226],[4.905348870250101,52.404950127869334],[4.9053708044741,52.404960103488406],[4.905407325708674,52.40498002483419],[4.905442387297223,52.40499904146863],[4.905478918365769,52.40501806406776],[4.905515439696767,52.40503798538012],[4.905551970828814,52.405057007956664],[4.905588501992245,52.405076030521904],[4.905626512406221,52.40509416032474],[4.90566304363232,52.40511318286695],[4.905699574889804,52.40513220539781],[4.905737585397476,52.40515033516495],[4.905847189214332,52.40520650393001],[4.905933408866603,52.40525089366457],[4.906064918464327,52.40531973391145],[4.906118966511201,52.40534961262009],[4.906225573851459,52.40541116144609],[4.90635845632505,52.40548899457642],[4.906427082436262,52.40552971747959],[4.906478172548528,52.40556138154561],[4.906590571052598,52.405631042412864],[4.906803710750637,52.40576132891122],[4.906815369121198,52.405770363825596],[4.906828506714394,52.405778505972826],[4.906840165094528,52.405787540884724],[4.906851823479416,52.405796575795456],[4.906863491610856,52.405804711980586],[4.906875150005017,52.405813746888995],[4.906886808403931,52.405822781796296],[4.906898466807598,52.4058318167024],[4.906946472546777,52.40587694951692],[4.906980056287433,52.40589685846168],[4.906996103690127,52.40590770867673],[4.907039710905663,52.405951924859245],[4.907152889511327,52.40608540058093],[4.907160168788222,52.40609172142414],[4.907173257862025,52.40610435715501],[4.907193616494944,52.40612421244994],[4.907212505658557,52.406144061787636],[4.907224105805588,52.40615848900792],[4.907234217002893,52.406174707722506],[4.907247267185787,52.406190938342775],[4.907258857622484,52.406206264283995],[4.907279177406552,52.40622971446166],[4.907365069605464,52.40630465977915],[4.907420404342198,52.40635161960615],[4.907459759607451,52.40638143818671],[4.907497635700102,52.4064121495283],[4.907507815157573,52.40642207714785],[4.907517984890902,52.40643290349098],[4.90753833410075,52.40645365745012],[4.907570332313969,52.406484344969215],[4.907580511804291,52.40649427258244],[4.907644566749042,52.40655025524223],[4.907727589251102,52.40661889732571],[4.907777114808917,52.406659542123556],[4.907863135065713,52.406722803658035],[4.908138676008126,52.40692703878206],[4.908140164954244,52.40692524727552],[4.908141653900242,52.40692345576892],[4.908143142846119,52.40692166426235],[4.908144631791875,52.40691987275578],[4.90814612073751,52.40691808124913],[4.908147599966958,52.40691718846689],[4.908150558425676,52.40691540290232],[4.908152037654946,52.40691451012007],[4.908154996113305,52.4069127245554],[4.908156475342398,52.40691183177306],[4.908159424084575,52.40691094493267],[4.908160903313519,52.40691005215028],[4.908163852055488,52.40690916530983],[4.908166800797341,52.40690827846928],[4.908168270310401,52.40690828441113],[4.908172669134026,52.40690920096117],[4.908175598444714,52.406910111569196],[4.908177058242368,52.406911016235355],[4.908179987553267,52.40691192684335],[4.908182907148936,52.40691373617559],[4.908185836460133,52.406914646783385],[4.908187286542885,52.406916450173824],[4.908190215854353,52.406917360781556],[4.908191665937373,52.40691916417195],[4.908201874811628,52.40692639555796],[4.908209134946574,52.40693451378472],[4.908217874313038,52.40694173922793],[4.908226603967876,52.4069498633949],[4.908235333625913,52.40695798756123],[4.90824259377216,52.40696610578589],[4.908260033676081,52.40698415156425],[4.90827890425668,52.40700579817813],[4.90829487467407,52.407023838010716],[4.908338484282664,52.40706805370764],[4.908384994172731,52.40711587616427],[4.908461985435731,52.40719887356052],[4.908589808533848,52.40733779961136],[4.908653710677269,52.407408161308254],[4.908766994894459,52.40753264821401],[4.908871540132161,52.40764990961538],[4.90888754012634,52.40766525319318],[4.908902080293761,52.40767969211163],[4.908918080309258,52.40769503568527],[4.90893262049639,52.40770947459993],[4.908948620533202,52.40772481816934],[4.908964630280812,52.40773926301224],[4.908980630339451,52.407754606577264],[4.90899664010825,52.40776905141576],[4.909012640188718,52.4077843949764],[4.909027161039002,52.407800631327895],[4.909043151443274,52.40781687360866],[4.909057672315363,52.40783310995634],[4.909073662742521,52.40784935223295],[4.909088183636416,52.4078655885768],[4.909102704540939,52.40788182491882],[4.909115794696848,52.40789446043158],[4.909128875163777,52.40790799466723],[4.909141965334868,52.40792063017705],[4.909153576270239,52.407934158480025],[4.90916665676041,52.40794769271138],[4.909178267710397,52.40796122101189],[4.909185508802858,52.40797113662612],[4.909194229142519,52.407980159444755],[4.909202939790765,52.4079900809871],[4.909210180893451,52.40799999659976],[4.909218891549163,52.408009918140884],[4.90922761190324,52.40801894095703],[4.909231972081608,52.40802345236486],[4.909236341955159,52.408027065048216],[4.909240711829424,52.408030677731425],[4.909245081704396,52.40803429041445],[4.909249461274117,52.408037004373014],[4.909253831150429,52.40804061705576],[4.909258201027454,52.40804422973829],[4.90926700863939,52.40804516403274],[4.909274356394229,52.40804519367401],[4.909283164006702,52.408046127967275],[4.909291981312719,52.40804616353556],[4.909300788925759,52.4080470978275],[4.909308136680949,52.408047127466695],[4.909316953987189,52.408047163033125],[4.909325780985934,52.40804629987458],[4.909336067843046,52.40804634136714],[4.909346364392249,52.4080454841345],[4.909355191390091,52.40804462097377],[4.909365478246851,52.40804466246376],[4.9093757747951,52.408043805228566],[4.909386061651696,52.40804384671681],[4.909396348508312,52.40804388820414],[4.909427218768722,52.40804311393646],[4.90943603607429,52.40804314949399],[4.909444843689803,52.40804408377524],[4.909452191444618,52.40804411340551],[4.90946100875041,52.40804414896119],[4.909469816366658,52.408045083240566],[4.909478623983278,52.4080460175193],[4.909485962049208,52.40804694587178],[4.909494769666542,52.4080478801493],[4.90950357728425,52.408048814426145],[4.909510876596249,52.40805333767443],[4.909516706358308,52.408057854997075],[4.909524005673135,52.40806237824452],[4.909531304989456,52.40806690149151],[4.90953713475538,52.40807141881313],[4.909542954834407,52.40807683485879],[4.909548784602826,52.4080813521798],[4.909556074236977,52.408086774149616],[4.909561904008041,52.40809129147001],[4.909614207327912,52.40814722565391],[4.90969558229946,52.40823293618023],[4.909739194494348,52.40827715135343],[4.909804608108333,52.40834392344466],[4.909851179009832,52.408386352970496],[4.909884640101326,52.40841794450096],[4.909928262347091,52.40846126087896],[4.909986425474028,52.4085190160242],[4.909998056181801,52.40853074679463],[4.910009686895728,52.408542477563856],[4.910019848047823,52.40855420241299],[4.910031478773669,52.408565933180036],[4.9100416399369,52.40857765802726],[4.910051801105501,52.40858938287355],[4.910061952601771,52.40860200644327],[4.910072113781322,52.408613731287794],[4.910082265288941,52.40862635485568],[4.910090956908658,52.40863807378033],[4.91010110842721,52.408650697346566],[4.910102529613924,52.40865519688596],[4.910103941124056,52.4086605951496],[4.91010388306282,52.4086659874953],[4.910105294573454,52.408671385758886],[4.910105236512365,52.40867677810457],[4.910105178451258,52.408682170450234],[4.910105130066992,52.4086866640716],[4.910105072005854,52.40869205641725],[4.910105013944704,52.40869744876292],[4.910103486310604,52.408702835190624],[4.91010342824924,52.40870822753625],[4.910101910291499,52.408712715239666],[4.910100382656491,52.40871810166731],[4.91009885502111,52.408723488094935],[4.910097327385353,52.40872887452251],[4.910077971313195,52.40875216441749],[4.910067539126719,52.40876560385303],[4.910030277118229,52.408813986996904],[4.909925222685788,52.408743460300805],[4.909911967475208,52.40874610319132],[4.909901661092888,52.40874785919707],[4.909897252369721,52.408747841435655],[4.909891364390962,52.408748716477675],[4.909885486093301,52.40874869279521],[4.909879607795648,52.408748669112434],[4.909875199072411,52.40874865135019],[4.90986932077477,52.408748627666895],[4.909863442477136,52.40874860398332],[4.909857573861403,52.40874768157523],[4.909853165138277,52.40874766381213],[4.909847296522886,52.40874674140351],[4.909841427907739,52.408745818994575],[4.909837028867117,52.40874490250668],[4.909831160252429,52.40874398009724],[4.909825301320536,52.408742158963335],[4.909820902280613,52.408741242474804],[4.909809184418878,52.40873760020563],[4.909803325488733,52.40873577907062],[4.909798936132982,52.40873396385701],[4.909788687848774,52.408730327507534],[4.909779918823376,52.4087257983549],[4.909771149799774,52.408721269201614],[4.909499217398594,52.408862177653795],[4.909447481767234,52.40888983070108],[4.909397235033793,52.4089156922039],[4.9091489202623,52.40904680870313],[4.909094225631607,52.40907624718304],[4.909000172183317,52.40907586759453],[4.909007345522593,52.409092074286114],[4.908973477153159,52.40909822892387],[4.908987852923535,52.40912794613733],[4.908948096475354,52.40913497576447],[4.908933711028658,52.409106157270244],[4.908899842638286,52.409112311886865],[4.90888115519408,52.409073589622615],[4.908820911911712,52.40907244762487],[4.908809058199354,52.40908138739392],[4.908806070512202,52.40908586914614],[4.908806031698899,52.40908946404238],[4.908807161668753,52.40912092531857],[4.908807132558812,52.409123621490714],[4.908805633862112,52.40912631172882],[4.908804135165228,52.409129001966924],[4.908804106055097,52.40913169813907],[4.908802617061348,52.409133489653115],[4.908801118364037,52.40913617989114],[4.908798150079374,52.40913886419502],[4.908796661085144,52.40914065570896],[4.908793692799909,52.40914334001269],[4.908792203805345,52.40914513152658],[4.908789235519542,52.409147815830224],[4.908786276937124,52.40914960140972],[4.908761070751368,52.409170171176875],[4.908734404658118,52.40918983627952],[4.908703349183578,52.409207686122045],[4.908681130635961,52.40922377412233],[4.908648508459942,52.40925060525485],[4.90862628987086,52.40926669324469],[4.908555283478708,52.40930954703319],[4.908549366273162,52.40931311818028],[4.908544928368372,52.40931579654043],[4.908539011161156,52.40931936768697],[4.908534563546216,52.409322944770736],[4.908530115930556,52.4093265218543],[4.908524198720713,52.409330093000094],[4.908519751103498,52.40933367008327],[4.908516773079266,52.40933725310391],[4.908512325460732,52.409340830186814],[4.90850787784148,52.40934440726946],[4.908504909525075,52.40934709156584],[4.908500461904594,52.40935066864826],[4.908497493587319,52.409353352944464],[4.908493055675363,52.409356031302586],[4.908488608053026,52.40935960838455],[4.908484170139904,52.40936228674237],[4.908479732226248,52.40936496510001],[4.908473824717352,52.40936763751931],[4.90832165026667,52.40944161987642],[4.908303947105822,52.40944783966167],[4.908274419160197,52.40946030298701],[4.90823304697721,52.40948080729137],[4.908204949725958,52.40949687143613],[4.908147217544586,52.409535284830554],[4.908145738227526,52.40953617761222],[4.908142789310139,52.40953706445153],[4.90814130027599,52.40953885595703],[4.908139820958691,52.40953974873862],[4.908138331924329,52.40954154024408],[4.908138322207328,52.409542438967954],[4.908136833172814,52.4095442304734],[4.90813682345578,52.40954512919733],[4.908135334421117,52.409546920702724],[4.908135314986986,52.409548718150546],[4.908135305269918,52.40954961687444],[4.908135285835782,52.40955141432227],[4.908135266401647,52.40955321177007],[4.908136726285409,52.409554116436375],[4.908141028201431,52.409564020226405],[4.908142488085668,52.409564924892614],[4.90814247836874,52.40956582361651],[4.908142468651816,52.40956672234042],[4.908143928536169,52.4095676270066],[4.908143918819271,52.409568525730535],[4.908142439501034,52.40956941851215],[4.908142420067177,52.409571215959936],[4.908142410350249,52.40957211468385],[4.908140931031859,52.40957300746544],[4.908139451713411,52.40957390024696],[4.908137982111922,52.4095738943046],[4.908136502793385,52.40957478708612],[4.908135023474789,52.40957567986762],[4.908133553873241,52.40957567392522],[4.908053758047542,52.40961579558254],[4.908043363919042,52.4096256399409],[4.907946828737521,52.409718720853434],[4.907928892102008,52.40974650995445],[4.907924444394869,52.40975008701486],[4.907914186308635,52.40974734922768],[4.90782939774877,52.409841376326035],[4.907838176517915,52.40984500689822],[4.907789261234483,52.409883455790734],[4.907678398413732,52.40994232550621],[4.907529043138392,52.410027103413405],[4.907481713768805,52.41005477344187],[4.907466579710414,52.4100951565037],[4.907442306771536,52.410165161740174],[4.907472341703093,52.41024167822318],[4.907367609120068,52.41027720462819],[4.907180285222533,52.41033935923879],[4.90695118906245,52.410323151846804],[4.90685973123168,52.41035423779669],[4.90678744665153,52.410379110080946],[4.906704835603502,52.41040753549437],[4.906448154779187,52.41049547177792],[4.906396532367798,52.41051233879592],[4.906303568404732,52.41041130002526],[4.906025706790348,52.41055487273615],[4.905897126218173,52.41062085893418],[4.905743395396365,52.410702021766106],[4.905566042287674,52.410792974766885],[4.905418237701651,52.41086966745271],[4.905347303829363,52.410905329509845],[4.905181618282412,52.411004418254954],[4.905272433443496,52.41103264934774],[4.904953218633414,52.41119402658986],[4.904712333894506,52.41131527764728],[4.904617747137697,52.41136342562587],[4.904546821620797,52.41139818847496],[4.904475876408899,52.41143474872754],[4.904369473062571,52.41148824094125],[4.904258640868434,52.41154351253297],[4.904090167955986,52.41162820818148],[4.904104874444856,52.41162736938426],[4.904281352268326,52.41161730367514],[4.90425334039694,52.411625278363964],[4.904247451924908,52.41162615312427],[4.904243023324934,52.41162793259823],[4.904237125055589,52.41162970608114],[4.904232696454847,52.411631485554715],[4.904228267853749,52.41163326502808],[4.904223839252296,52.41163504450127],[4.904219410650486,52.41163682397434],[4.904214972251113,52.411639502170324],[4.9042105436485,52.411641281643014],[4.904207574917628,52.411643965829924],[4.904203146314275,52.41164574530233],[4.904200177582654,52.411648429489],[4.904195739180953,52.41165110768428],[4.904192770448524,52.41165379187073],[4.904189801715735,52.41165647605718],[4.904186832982584,52.41165916024351],[4.904157126034482,52.41168779954885],[4.904127370052877,52.411720932461876],[4.904091607937519,52.41176572479635],[4.904057374227444,52.41180513077441],[4.904033565402424,52.41183199657382],[4.904003848437496,52.41186153456243],[4.903963765270362,52.41189822036818],[4.903896914093265,52.41196355738747],[4.903843495760515,52.41201007514784],[4.903767855553734,52.412072679948565],[4.903712977076009,52.41211829292905],[4.903705589419599,52.4121218578337],[4.903704109926629,52.41212275055918],[4.903701170556065,52.41212273856417],[4.903699691062978,52.4121236312896],[4.903696751692357,52.41212361929446],[4.903695282007047,52.412123613296885],[4.90369234263643,52.412123601301666],[4.903690872951121,52.412123595303974],[4.903676068206928,52.412133421278945],[4.903650916801685,52.41214859760306],[4.903652366870271,52.41215040104709],[4.903653816938974,52.41215220449108],[4.903653787512742,52.41215490065986],[4.903630095965266,52.412170981700534],[4.903599006914262,52.412191526357226],[4.903569416954053,52.41220938083603],[4.90351475395751,52.412235221818904],[4.903474905544401,52.41225033810585],[4.90340993498252,52.41227793448297],[4.903294719986209,52.41233049098757],[4.903188342516109,52.41238128595723],[4.903104098613556,52.41242408240128],[4.903033003246049,52.41247412262055],[4.902961740728632,52.412539441083865],[4.902926084831955,52.412574347105924],[4.902894877279973,52.4126056762486],[4.902854664793703,52.412654045067264],[4.902833823665802,52.41267822646709],[4.902793719136775,52.412716709314005],[4.902726786374504,52.412789235439845],[4.902631516062896,52.412899393677144],[4.902572265576028,52.412941393195226],[4.902499708894868,52.41299052835294],[4.902462671053659,52.41301733971505],[4.90235760333089,52.41308251950312],[4.902113309119327,52.41324509441608],[4.901827722895171,52.4134200823567],[4.90175820253867,52.41346024186999],[4.901687133533136,52.4135075850992],[4.901620522824993,52.413550452743145],[4.901562750093292,52.41359155904922],[4.901513874485075,52.41362551169589],[4.90146346009064,52.41366574935358],[4.901411575867133,52.41370598096344],[4.901361141576607,52.41374801602151],[4.901338858946315,52.41376949495731],[4.901292774594241,52.41381694040039],[4.90125111908724,52.413862606464335],[4.901200576016454,52.413914527398006],[4.90116193869263,52.41395301570797],[4.901130788082391,52.41397895204016],[4.901077423579996,52.41402007619296],[4.901029977425139,52.414057629555174],[4.900984010803517,52.414094290207075],[4.900943952704403,52.41412827880135],[4.900912732788474,52.41416050613079],[4.900877004909831,52.414201702576364],[4.900841237498949,52.4142464938997],[4.900806939772337,52.41429129124526],[4.900769564309169,52.414348658623396],[4.900735236824821,52.41439615211369],[4.900709944958466,52.41442390991398],[4.900671287023072,52.41446419550311],[4.900625161747815,52.414515235566405],[4.900592244515354,52.41456812738196],[4.900548870998808,52.41463625520725],[4.900511564021707,52.41468733144424],[4.90047128779316,52.414741091759765],[4.900419016276086,52.41481637308476],[4.900362374756523,52.414888041379896],[4.900326477867205,52.41494451592679],[4.900296489639998,52.41499831845555],[4.900282925768087,52.41502882064499],[4.900260325858874,52.41507905847549],[4.900234806087298,52.415127486775816],[4.900197201939779,52.41520552456741],[4.900165644784845,52.41526830823831],[4.900125179862052,52.415339144145705],[4.900102559850989,52.41539117938632],[4.900087476519956,52.41542616911798],[4.900069384397097,52.415467437815465],[4.899957963561449,52.41557483118855],[4.89979801891926,52.415683822386214],[4.899771710797631,52.41567023272573],[4.899688387017043,52.41562854684495],[4.89948372403587,52.41579397565858],[4.899391834027994,52.41586280210085],[4.899242720102966,52.41592240519998],[4.899111312841628,52.415975789714935],[4.898990164248842,52.41603191264163],[4.898938403775178,52.41606045975996],[4.898678071120974,52.416208581278305],[4.89868827066475,52.416216712192686],[4.898818202853025,52.416297237676496],[4.898704957114475,52.4163030621863],[4.898659065524828,52.416332532140544],[4.898633503629107,52.4163845549665],[4.898603740352235,52.41641768645017],[4.898559070569877,52.41646963046511],[4.898514261882325,52.41653415656434],[4.898487200122342,52.41658886945872],[4.898476574181319,52.41661938355379],[4.898459771423784,52.41667683504266],[4.898455133859689,52.416697487449305],[4.898448530669574,52.416763069868274],[4.898326464661014,52.41676885763651],[4.898252933056974,52.41677214927969],[4.898262497804663,52.41683779840426],[4.89816405815846,52.41683379710937],[4.898127451053907,52.416821063342844],[4.898073265433045,52.41680286442699],[4.89793552733607,52.41676364897529],[4.897768501969023,52.41671442600477],[4.89755606109755,52.41665153369337],[4.897488657349886,52.41663238112226],[4.897380148018173,52.416608564781086],[4.897305375372643,52.416591179167646],[4.897220323903609,52.41657285223925],[4.897117644473529,52.41655355357699],[4.897037002646445,52.416535244755096],[4.89702087428905,52.41653158298415],[4.896910875733859,52.41650955757537],[4.896868350150942,52.41650039397721],[4.896833153834036,52.41649305822138],[4.896827284466176,52.41649213516817],[4.896800847441191,52.41649022822861],[4.89677146081098,52.416489207837245],[4.896699449143662,52.41648801099348],[4.896645065474432,52.41648778585165],[4.896589172163525,52.41649114948435],[4.896571524261944,52.41649197517302],[4.896561245412778,52.41649103384808],[4.896514300479514,52.416482750585246],[4.896505481507329,52.41648271406369],[4.895831143638743,52.4165841759789],[4.89582524437319,52.41658594903983],[4.89581936504519,52.416585924657944],[4.895812015885201,52.41658589418024],[4.895803176954548,52.416587655048865],[4.895794308114627,52.416592112080544],[4.895788388907261,52.416595682582134],[4.895767661703892,52.41660907805659],[4.895706098240844,52.416593543741456],[4.895709317100219,52.41656839174048],[4.895700597826012,52.416559367946526],[4.895690428667796,52.41654854061231],[4.895669940785848,52.41654036675997],[4.895647973108812,52.41653308552764],[4.895617186459201,52.41652576770355],[4.895577600789286,52.416516615838326],[4.895542364776142,52.41651287458419],[4.895482191548506,52.416504536021435],[4.895429307626975,52.41650162025737],[4.895388192322432,52.416497854555864],[4.895364685036724,52.41649685821874],[4.89528679408221,52.41649563611153],[4.895248578530784,52.416495477450574],[4.895192764959919,52.41649165065455],[4.895069389203733,52.4164830494246],[4.895031193634136,52.416481093251164],[4.894969520760013,52.416475444486345],[4.89493723447457,52.416470816543146],[4.894912297335218,52.416466219125105],[4.894875591591292,52.4164624715659],[4.89483890583136,52.416456926553025],[4.894765534339164,52.416445836493146],[4.894715670121025,52.41643574285842],[4.89466139644626,52.41642563087317],[4.894567517446055,52.41640816410279],[4.894478057992143,52.4163898168733],[4.894406196517577,52.41637513781853],[4.894366621232251,52.416365086827625],[4.894321176668002,52.41635411264622],[4.894286030892045,52.416342282528305],[4.894250865133353,52.41633224984222],[4.894225968148807,52.41632405739525],[4.89419219222529,52.416321220576],[4.894114371639364,52.416313706650364],[4.894014513749688,52.41630520218623],[4.893936693222437,52.41629768814387],[4.893631240596723,52.416272149559425],[4.893549010730623,52.41626461689448],[4.893438864317395,52.416256069079196],[4.893350755232877,52.41624851177641],[4.893243608665784,52.41623458370555],[4.893140871624579,52.41622067392405],[4.893036684880025,52.41620496048147],[4.892932498209697,52.41618924694729],[4.892869406338937,52.41617909735316],[4.892737353446844,52.41615787480836],[4.892528990651685,52.41612554840106],[4.892336776048012,52.416095086596094],[4.892244348402812,52.41607942156589],[4.892059553580175,52.41604269896351],[4.89195687764267,52.41602339582991],[4.891911383788283,52.41601691432902],[4.891852701834953,52.41600678262543],[4.891722220278592,52.415976577884855],[4.89166201834559,52.41597093354508],[4.891620923966429,52.415965369094735],[4.891546064179455,52.41595606833578],[4.891458036478045,52.41594131985857],[4.891315746613658,52.41591555907754],[4.89121596060254,52.41590076120906],[4.891075090492325,52.41587949989606],[4.890988502707741,52.41586745338698],[4.890907804266416,52.41585453271962],[4.890653950781936,52.415815721111834],[4.890543886659537,52.4157999808392],[4.890452869607147,52.41578971289751],[4.890361852597192,52.41577944488589],[4.89029285244535,52.415771965429514],[4.890193026770528,52.41576076158287],[4.890075603849312,52.41574588876943],[4.889922905745792,52.41573086779774],[4.889895009764214,52.4157280544281],[4.889856875618474,52.41572070426241],[4.889824600512448,52.41571517620553],[4.889787875644396,52.415713224512],[4.889751140687719,52.41571217152783],[4.889708546710898,52.41570929640579],[4.889683610546644,52.41570469788747],[4.889644006654922,52.41569734148166],[4.889517825862493,52.415677038758226],[4.889415131690172,52.41565953086381],[4.889334434090188,52.41564660912504],[4.889219941258364,52.41563264653633],[4.889109857895159,52.41561870237317],[4.889001244399812,52.41560476428786],[4.888923446182168,52.41559544951204],[4.88885151707754,52.415587058133646],[4.888734135521717,52.41556858910831],[4.888528707918836,52.415537166754845],[4.888310062576529,52.41550478962759],[4.888082608919008,52.415471476227935],[4.887985764583815,52.415456688022395],[4.887643839935584,52.41540761244761],[4.887469309870543,52.415373622226824],[4.88688675726856,52.41528668003384],[4.886527268834334,52.41523123571697],[4.886392272101417,52.41521089240073],[4.886280771712106,52.41519244579479],[4.886220469913776,52.41519578589528],[4.886127294093218,52.41524662140718],[4.885967184474868,52.41536727725855],[4.885873906297814,52.415427099772295],[4.885761123811125,52.4155218914431],[4.885538802312051,52.41568452529269],[4.885325277649449,52.41584899351228],[4.885072996405462,52.416060931565006],[4.884969202697063,52.416140481595185],[4.884865479953989,52.41621374049185],[4.884669802213168,52.41635940915925],[4.884577775878118,52.41643810998976],[4.88447709343654,52.41650239380981],[4.88436892893825,52.41657832971516],[4.884301684072613,52.41654568884762],[4.883959254130024,52.416799483744526]]]]}},{"type":"Feature","properties":{"gezicht_uri":"https://linkeddata.cultureelerfgoed.nl/cho-kennis/id/gezicht/10134651","gezichtsnummer":"229","naam":"Hilversum-Zuid"},"geometry":{"type":"MultiPolygon","coordinates":[[[[5.167515429321816,52.21801100556519],[5.167518147766987,52.218053253548554],[5.167519394045778,52.21809729636605],[5.167520649185421,52.2181395416282],[5.167522072637076,52.218147633346],[5.167517505521338,52.2181835762836],[5.167518822671334,52.218213238660574],[5.16752155441945,52.21825279030996],[5.167522840569717,52.218288744128756],[5.167493569753293,52.21828958849388],[5.167496266045624,52.21833633036286],[5.167497640772195,52.21835430863251],[5.16749894019506,52.21838756611859],[5.167500213041778,52.218426216269044],[5.167501454883065,52.218471157861174],[5.167497064907094,52.21847114969898],[5.167495357943864,52.2185205797364],[5.167490737609279,52.21856730799942],[5.167486130554877,52.21861133992967],[5.167484459014101,52.218653579746494],[5.167479856374567,52.21869671289845],[5.167473715077638,52.21875512254427],[5.167470589044097,52.21879556208398],[5.167464492025711,52.21884498395464],[5.167462926787014,52.21886565311275],[5.167453863194543,52.218923158535986],[5.167446285074797,52.21897617279262],[5.167429612261294,52.219092983909114],[5.167189521532931,52.219113209200025],[5.167191268783155,52.21905569017671],[5.167182657290378,52.219021520290944],[5.167134850605416,52.21892346363857],[5.167092915230136,52.218821822759075],[5.167082756197306,52.218804726908594],[5.167081306175588,52.21880202785062],[5.167055259079021,52.21874265947579],[5.167020525285381,52.21866440041015],[5.167020529724765,52.218663501632776],[5.167008956260478,52.21863651649772],[5.16695545248381,52.218506991650244],[5.16692940128576,52.21844852202212],[5.166922169048574,52.21843143161227],[5.166920719048708,52.21842873255215],[5.166919264607618,52.218426932269466],[5.166896109054552,52.218374759530825],[5.166859894736643,52.21830009279457],[5.166858444744815,52.21829739373367],[5.16684395372197,52.21826860556855],[5.166832367137539,52.21824431674663],[5.166799039668846,52.218177744444965],[5.166755580222028,52.21808868358781],[5.166714994222729,52.21801041350379],[5.166665735235323,52.21791055635948],[5.166652707768423,52.21788177090003],[5.166471574674805,52.21752191835729],[5.166446961273528,52.217468844011655],[5.166371613610988,52.2173186059821],[5.166303484887671,52.217188154685225],[5.166245537147034,52.217070305386606],[5.166232487921277,52.21704601376476],[5.166216543342268,52.217015425224965],[5.166191917156231,52.21696504715449],[5.166173095103352,52.21692456658088],[5.166171631828937,52.216924563843726],[5.166131061284816,52.21684359721098],[5.16610498985054,52.21678962127278],[5.166104994308152,52.216788722495146],[5.166080332708405,52.21674553462058],[5.166071646721147,52.21672664386019],[5.166064397257995,52.21671314850345],[5.166064410633263,52.216710452170545],[5.166039771410659,52.21666277039875],[5.166020940704805,52.21662408735415],[5.166013700192529,52.21660879443872],[5.165981807208955,52.216548516070986],[5.165951386492992,52.216486442878605],[5.165922393429652,52.216431562639386],[5.165903558461561,52.21639377835225],[5.165791994717186,52.2161706704141],[5.165722491036375,52.21602313923826],[5.165686280591961,52.21594847211272],[5.165660219151932,52.21589269851274],[5.165644297711535,52.21585761600106],[5.165571917688418,52.215700192685865],[5.165542956884585,52.21563902090182],[5.165540061702343,52.21563272396741],[5.165518363504092,52.21558235123475],[5.16549521553547,52.215529279418725],[5.165487970911198,52.21551488524611],[5.165485089154631,52.21550589197683],[5.165466304121347,52.21545822105816],[5.165464867717282,52.2154528256454],[5.165434479764458,52.215384460863696],[5.165330371163075,52.215134402847056],[5.165328907947531,52.21513440009948],[5.165320016823382,52.215156853060144],[5.16528631810978,52.215165777637246],[5.165189777147544,52.21515930477852],[5.165080076224463,52.215151009530054],[5.164932327250881,52.215143541399094],[5.164913305445327,52.2151435056153],[5.164900140984748,52.21514258206227],[5.16489593060907,52.21510662269006],[5.164890324255164,52.21505717889676],[5.164888919307178,52.21504549203175],[5.164881894578239,52.214987057705876],[5.164877540803372,52.21497985922361],[5.164847091315152,52.21492407717583],[5.164825335963247,52.21488538842239],[5.164818087176552,52.21487189298507],[5.164803580649086,52.214846699664704],[5.164761528853044,52.21477022366908],[5.164751380606125,52.21475133005082],[5.164731416032072,52.21464703324686],[5.164622084410761,52.21456503778409],[5.164606119385433,52.21453894290399],[5.164565428179052,52.21448314148345],[5.164524732585336,52.21442823882635],[5.164500055862611,52.21438864571681],[5.16448261431163,52.21436524439524],[5.164472434843409,52.21435264219735],[5.164470980634135,52.21435084188329],[5.164425904695998,52.214294133360426],[5.164395379880728,52.21425363041513],[5.164431156542158,52.21412157626788],[5.164434132307294,52.21411169522746],[5.164514566907008,52.214119935926924],[5.164722222161592,52.21414369555678],[5.164656948711791,52.214029426755324],[5.164632312474522,52.213981744668594],[5.164577209900297,52.2138818755612],[5.164559822367626,52.21384768891266],[5.164548233686405,52.213824298626754],[5.164523611146007,52.2137739201816],[5.16449032638088,52.21370015695449],[5.164490330870666,52.21369925817645],[5.164470093474524,52.21364978677086],[5.164468639288242,52.21364798645659],[5.164446938774369,52.2135985122884],[5.164423784127431,52.213547237800945],[5.16441656262704,52.21352834966746],[5.164413672232072,52.21352115392518],[5.164389090437083,52.213462686446725],[5.164387645243826,52.2134590885752],[5.164364486245082,52.213408712852996],[5.164354369923279,52.21338352774964],[5.164342785963044,52.213359238663706],[5.164341336284122,52.21335653956963],[5.164341340776868,52.21335564079156],[5.164316750181356,52.21329897085259],[5.164263247137828,52.21317214100383],[5.164199605768512,52.213024619900644],[5.164198156109125,52.2130219208047],[5.164188035473079,52.212997634463605],[5.164180787185779,52.212984138982854],[5.164164890427939,52.21294456236389],[5.16414898470516,52.21290678329885],[5.16414319059291,52.21289508813402],[5.164079545517656,52.212748465737484],[5.164065053592273,52.212720575982885],[5.163971079274304,52.21249480301018],[5.163934946637976,52.21240575485206],[5.163913247319885,52.21235628057551],[5.163822110709328,52.21214848856584],[5.163822119715453,52.21214669100925],[5.163811990476011,52.21212420218891],[5.163790291431151,52.2120747278874],[5.163768601442655,52.21202345602494],[5.163748365606507,52.211973984481716],[5.163744012308559,52.21196678595405],[5.163738182386679,52.211962280993845],[5.163717721355107,52.21195774835951],[5.163697228788811,52.21195950716964],[5.163622551529013,52.2119710501095],[5.163553138208239,52.21180823832242],[5.163516979907201,52.2117245826962],[5.163475050519014,52.211624737966],[5.163464926083267,52.21160135033559],[5.163460577377736,52.211593253018734],[5.163425868987829,52.21151229646722],[5.163425873498801,52.21151139768889],[5.16340128508237,52.211454727541835],[5.163372375130887,52.21138456739854],[5.16327109170749,52.21115877995947],[5.163208915054586,52.21101215982411],[5.163169849953577,52.21092490341912],[5.163158280825351,52.210897917871705],[5.163153936760404,52.21088892176414],[5.163020883810412,52.21058038543022],[5.162951425123261,52.210427459814916],[5.162764861880479,52.20999568774795],[5.162663281432537,52.20983011790035],[5.162504172231918,52.2094676041599],[5.162485374806093,52.20942352783339],[5.16243363913255,52.20923827924328],[5.162393145801798,52.209144728321355],[5.162348231867514,52.2090574604818],[5.16234098477681,52.20904396487928],[5.162335191640046,52.20903226961827],[5.162319275261733,52.208997186618106],[5.162296120913647,52.20894681045275],[5.162283067146888,52.208924315919134],[5.162264238429821,52.20888653100436],[5.162254101647016,52.20886583959555],[5.162226599230583,52.20880736605023],[5.16221647608824,52.20878397830175],[5.162161476063057,52.20866613240624],[5.162151343914274,52.208644542209136],[5.162128189938745,52.20859416600787],[5.162115159044949,52.20856717756062],[5.162103563942132,52.208545584571745],[5.162090514927367,52.20852219123659],[5.162080400996461,52.20849700591784],[5.162058673868061,52.20845382271952],[5.162048550893921,52.208430434955254],[5.162000784996894,52.208328780936405],[5.161990657541956,52.20830629194553],[5.16194142438151,52.20820553389053],[5.161932750890148,52.20818484524121],[5.161912482501217,52.20814256358214],[5.16189799342633,52.20811467354029],[5.161886403087777,52.208092181749684],[5.161877729643955,52.20807149309592],[5.161864699054273,52.20804450461867],[5.161841541171202,52.207995027135],[5.16182995543488,52.20797163655957],[5.161774957431659,52.20785379046809],[5.161763362678869,52.2078321974433],[5.161708360478245,52.20771525009695],[5.161696774884377,52.20769185950734],[5.161673626462109,52.20764058443011],[5.161657692915768,52.20760909644818],[5.161650450815434,52.20759470202117],[5.161650459907967,52.207592904463425],[5.161643217812595,52.20757851003592],[5.161583850087646,52.207457060352766],[5.161573709397267,52.20743726765957],[5.161468023317942,52.207217761595814],[5.1614885137906,52.20721600316991],[5.161517786541445,52.20721336272972],[5.161544128830398,52.20721161547261],[5.16166266455925,52.2072046515218],[5.16177095048127,52.2071994654697],[5.16179289480159,52.207199507340384],[5.161813380710192,52.20719864763702],[5.161835329572645,52.207197790720826],[5.161857273892218,52.207197832579546],[5.161879218211838,52.20719787443413],[5.161899704118046,52.207197014715796],[5.161921648437317,52.20719705656251],[5.161943588216332,52.20719799718414],[5.161964069581483,52.2071980362336],[5.161986013901336,52.207198078068345],[5.162007953682231,52.207199018678],[5.162028430509334,52.207199956495245],[5.162050370292064,52.207200897097],[5.162072310075722,52.20720183769469],[5.162092786905497,52.20720277550081],[5.162277082946044,52.20721031681686],[5.162629555545092,52.20723076067143],[5.162676352028174,52.207234444766115],[5.162724611475061,52.20723813162194],[5.162771407973802,52.20724181567892],[5.162819667436593,52.20724550249591],[5.162866463950991,52.20724918651521],[5.162913255952404,52.20725376929497],[5.162961515439964,52.207257456053995],[5.163008307459892,52.207262038796074],[5.163078497766595,52.20726846348494],[5.163221795326828,52.207283115842635],[5.163265656971567,52.20728859171465],[5.163308060181985,52.2072931660189],[5.163350458889195,52.20729863908694],[5.163394320565097,52.20730411491116],[5.163436723803564,52.20730868916919],[5.163479122541415,52.20731416219101],[5.163521516781214,52.207320533976635],[5.163563915540794,52.207326006968],[5.163607777269982,52.207331482712924],[5.163650171544723,52.207337854452355],[5.163692565831609,52.20734422617656],[5.164135532367022,52.20740707971254],[5.16457557422688,52.20746992607299],[5.165117953322242,52.20754734380568],[5.165204214644011,52.207558291375534],[5.165259767119341,52.20756648483517],[5.165484916568335,52.20759656756591],[5.165663295966379,52.20761757430056],[5.165698384892821,52.20762213402967],[5.166116571191942,52.207667856699004],[5.166150201689505,52.20767151477705],[5.1662905845246,52.207684360377364],[5.16647776028138,52.20770178717789],[5.166600605428701,52.207711004493504],[5.166596140922174,52.207726275543266],[5.168608900309769,52.20778933666801],[5.169679815310878,52.207787718063365],[5.170256257941367,52.20778248644734],[5.171050731549066,52.20776776444843],[5.172732064988008,52.207692634005426],[5.172913788780159,52.20762735227392],[5.172982556987974,52.2076256794067],[5.173046940598515,52.2076230997647],[5.173087903744372,52.20762317400769],[5.173118630418819,52.20762233090122],[5.173519161046385,52.20769046502683],[5.173501084208805,52.20779918558653],[5.173480081324881,52.20790790084842],[5.173465102588275,52.20798067551515],[5.173456122215856,52.20802290226678],[5.173445609907756,52.208079506840726],[5.173436590719417,52.208129822604484],[5.173435106190107,52.2081343138544],[5.173421547202968,52.20821607895316],[5.173417024656809,52.20824393317171],[5.17340652086495,52.208298740181185],[5.173370486733202,52.20849101541621],[5.173356970620618,52.208563792709256],[5.173337447268636,52.20866891546142],[5.173337438647301,52.20867071301998],[5.173334232441781,52.20872912837665],[5.173338199014432,52.20881721668953],[5.173340965539081,52.20885047681843],[5.173350939361778,52.20890621966876],[5.173376536576544,52.209059958579914],[5.173383653409878,52.20910131566247],[5.173387921792311,52.20912648942336],[5.173417839385949,52.20929461672941],[5.173419250701191,52.20930540472685],[5.173446384654509,52.2094438670136],[5.173476298372157,52.20961289307467],[5.173483355075788,52.2096668330551],[5.173506225238057,52.20977922278583],[5.173527606629369,52.209897002538696],[5.173536044655934,52.2099680219618],[5.173544620522386,52.21001028045295],[5.173548876162382,52.21003815054125],[5.173550330598117,52.210039950745],[5.173568859329824,52.21014244594984],[5.173575980819186,52.21018290423397],[5.173591665364096,52.21026831734034],[5.173593111197634,52.21027191510157],[5.173595946891883,52.210290794751465],[5.17360736288521,52.21035103410632],[5.173620233360012,52.210413073662174],[5.173633013466929,52.210493987575134],[5.173637316561357,52.21051197108887],[5.17365457201882,52.21057491735175],[5.173668897083626,52.21063875710218],[5.173673226031306,52.21065134794028],[5.173689022825998,52.210713392773556],[5.173735002031334,52.210888739266046],[5.173824224599777,52.211199880625514],[5.173884646565456,52.211414799736716],[5.1738889756492,52.211427390565255],[5.173923488029299,52.21155328299443],[5.17392926304007,52.21156947157754],[5.173936483958901,52.21158925791655],[5.173953804733272,52.2116387224415],[5.173971116949502,52.21168998452117],[5.173979762327286,52.211717862506966],[5.173998520518818,52.21177272233747],[5.174008616143904,52.211803299297266],[5.174031725059106,52.21186625605071],[5.174041837915545,52.21189323789193],[5.174053379521801,52.21192741260198],[5.174085168434189,52.21201105709168],[5.174127061835096,52.21212348096213],[5.174141504033752,52.21216305361167],[5.174164634794783,52.212221516441524],[5.174190666097943,52.212285377214116],[5.174199333196826,52.212308761287275],[5.174234036027585,52.21239510734287],[5.174255716779763,52.212450871179215],[5.174267284448295,52.212479653192794],[5.174299052696095,52.21256779151062],[5.174309161581536,52.21259567210445],[5.17432071215674,52.212628049226886],[5.174335154690353,52.212667621849384],[5.174343817648292,52.2126919046891],[5.174365485810476,52.21275036483855],[5.174375586198274,52.212780042983184],[5.174410216814042,52.21288166821727],[5.174418841249878,52.212914040058486],[5.174434695638785,52.212964400645525],[5.174444778965518,52.21299767389772],[5.17446349538131,52.213061521428706],[5.174469240764318,52.213084001431675],[5.174490793506034,52.21316672857686],[5.17450227146914,52.21321438491472],[5.174509424306462,52.21324855167083],[5.17452377288711,52.21330789739521],[5.174529454024011,52.21334385907309],[5.174543751218716,52.21341399013699],[5.174552332986478,52.213455349751236],[5.174390849273204,52.21387389341654],[5.174276283811682,52.213965363217746],[5.174280664760627,52.21396716868462],[5.174164751607699,52.214034368720675],[5.174040033228181,52.21410694547536],[5.173974013777607,52.21414367659107],[5.173960810734186,52.21415084305409],[5.173940265970558,52.21416338898222],[5.173918262310262,52.214175033487265],[5.173888921211819,52.21419115867312],[5.17392393016931,52.21421369152375],[5.174007061005519,52.21427046507395],[5.174050819137762,52.214299305175324],[5.174069780439782,52.21431192238463],[5.174068037968934,52.21437034034189],[5.174018156243103,52.21439811272713],[5.173956530221322,52.21443395297205],[5.173894912700694,52.214467995627786],[5.173795140147993,52.21452533778624],[5.173696834840709,52.21458178372518],[5.173778365192745,52.21466731569583],[5.173775326923669,52.21469067864691],[5.173773747551162,52.21471494301908],[5.173770739395216,52.21473201452154],[5.17376919444051,52.21474908866683],[5.173764581083344,52.21479581721068],[5.173758508812758,52.21484164433254],[5.173755466218231,52.21486590606067],[5.173752427923452,52.21488926901035],[5.173746562181231,52.21489195477242],[5.17373923322997,52.21489463789086],[5.173636614903404,52.214934897835995],[5.173534000698932,52.214974258913315],[5.173526667413696,52.214977840796806],[5.173519338435074,52.214980523901524],[5.173462165477219,52.21500289014806],[5.173404996772087,52.21502435758853],[5.173394732732555,52.21502883294703],[5.173383005478103,52.21503330565691],[5.173410672912686,52.2150612180871],[5.173438344691369,52.21508823173247],[5.173442738644726,52.21508734089532],[5.173447132597907,52.21508645005803],[5.173464574832614,52.215110748833204],[5.173482021394898,52.21513414882745],[5.173514009678605,52.21517644962446],[5.173544534804051,52.215218747766784],[5.173550391987101,52.2152178595714],[5.173556249169919,52.21521697137576],[5.17359970650444,52.215308726116106],[5.173644631547983,52.21539958470535],[5.173642974582209,52.215440027080405],[5.173642780840939,52.215480472099735],[5.173338896782369,52.215687542048606],[5.173369344494527,52.21574601823908],[5.173399792286522,52.21580449442117],[5.17339827301391,52.2158161758894],[5.173390633533803,52.21588357101122],[5.173381526476738,52.21595186226198],[5.173368344356588,52.215954534765494],[5.173353694680396,52.21595810339752],[5.173311217505566,52.215967014375096],[5.173270199244628,52.21597682676465],[5.173230652837288,52.215984844233375],[5.17319256534558,52.215993763117105],[5.173142758934627,52.2160053571174],[5.1730929568143,52.21601605231853],[5.173053393071012,52.216027664840176],[5.173009448205924,52.21603747183522],[5.172966966567638,52.21604728146683],[5.172925952477016,52.21605619495848],[5.172886397296008,52.21606600986788],[5.172889297865641,52.21607140784415],[5.172893661683071,52.21607680847416],[5.172929927513366,52.21614248561344],[5.172967652382811,52.216209064171814],[5.172923737559651,52.21621257968823],[5.172878359477913,52.216216092534204],[5.172809560716016,52.21622136044306],[5.17274222518991,52.21622663096751],[5.172686599990073,52.21623102392738],[5.172630974779305,52.216235416861025],[5.172620727687228,52.216236297038925],[5.172609017342404,52.2162371745586],[5.172547543433989,52.2162406580453],[5.172487532768571,52.21624414415883],[5.172430452929068,52.21624673678302],[5.172373368751884,52.21625022815765],[5.172373407731544,52.21624213915549],[5.172373446711189,52.21623405015328],[5.172373593967472,52.21620349170044],[5.172372277973312,52.21617293058717],[5.172326917216801,52.21617284810917],[5.172281552127566,52.21617366439173],[5.172195216029671,52.2161744061141],[5.17211034751563,52.216174251658906],[5.172097325709055,52.21614366923354],[5.172082840672104,52.216113084142705],[5.172071269138009,52.21608520071214],[5.172058234371985,52.216057314616116],[5.172037965813336,52.216012338413805],[5.172019160538987,52.21596736487232],[5.17201916487717,52.215966466094244],[5.171960587408138,52.215976246051355],[5.171891767205169,52.215986007316],[5.171898979250657,52.216007591319915],[5.171846254681487,52.21601738188465],[5.171819911928175,52.21601823265704],[5.171720376508842,52.2160252414736],[5.17162083671208,52.216033148984195],[5.17158278363351,52.216034877124265],[5.171392531249142,52.216040821306414],[5.171385210669174,52.21604170672198],[5.171373500351352,52.21604258411917],[5.171303255845323,52.21604425336583],[5.171228621596231,52.2160459145474],[5.171095448788115,52.216049266207385],[5.171089595803911,52.21604925550276],[5.17107495898617,52.21605012751791],[5.171000324718934,52.21605178855516],[5.17093154343091,52.216053460257925],[5.170889104930879,52.21605428136184],[5.170886174077425,52.21605517478247],[5.170688622743192,52.21605750932458],[5.170641798861996,52.21605742351805],[5.17052034942112,52.21605720087087],[5.170436944384218,52.21605704789622],[5.170437044896888,52.21603637600319],[5.170353635527555,52.216037121747696],[5.170355002594221,52.216056897548],[5.170273056431434,52.21605764592084],[5.17024964886516,52.21605670415955],[5.170251208336428,52.216036933731225],[5.170144391409602,52.21603673756229],[5.170059523167142,52.216036581633176],[5.169974654925367,52.216036425643054],[5.169955628353513,52.2160372894493],[5.16976534505996,52.21604952245501],[5.169762436102954,52.21604592195803],[5.169758059516885,52.216043217546236],[5.169753682931347,52.216040513134296],[5.169747843100772,52.21603780602937],[5.169741994502632,52.21603689648001],[5.169734687043508,52.21603508545948],[5.169674711521012,52.21603137992015],[5.16960157557545,52.21602585254355],[5.169597102485835,52.21604292124008],[5.169525438553579,52.21603559895517],[5.169453774644944,52.216028276626744],[5.169458260957565,52.2160085116019],[5.169385129467931,52.21600208531334],[5.169295937458864,52.21598843907463],[5.169214057327042,52.21597570504389],[5.169140939115473,52.21596658227033],[5.169134985026121,52.21598724336068],[5.169061875607587,52.21597632298242],[5.169070751817339,52.21595656607607],[5.16891284041407,52.2159320072362],[5.168868973965464,52.21592563468765],[5.168760821785285,52.21589937000428],[5.168750491016206,52.215917326626496],[5.168680330317035,52.21590191753277],[5.168611632906963,52.215886511104195],[5.168599940204364,52.21588379311476],[5.168586788670288,52.215880173639036],[5.168531278118442,52.215861196416256],[5.168510828034678,52.2158539682808],[5.168480148511911,52.21584402484884],[5.168496327917703,52.21582697786147],[5.168445198363922,52.21580980627883],[5.168394068849578,52.21579263467395],[5.168342939374676,52.21577546304697],[5.168326755516298,52.21579340879136],[5.168272704006522,52.21577533293515],[5.16825957018714,52.21576811831137],[5.168271351114038,52.215752860776576],[5.168207074687756,52.21573117080037],[5.168147179195535,52.215711286483],[5.168135402653653,52.2157256452276],[5.168103264485458,52.21571480020686],[5.168075507200903,52.21570576087386],[5.167960061955147,52.21567498799911],[5.167957135488124,52.21567498256912],[5.167872360802889,52.21565595073243],[5.167848900431755,52.21566579383004],[5.167791338911149,52.215766351001704],[5.167774955763394,52.21582474167452],[5.167754129760906,52.21589390952613],[5.167742215885539,52.21593613034427],[5.167734775785795,52.21596128253532],[5.167731778505049,52.215975657545194],[5.167721327831275,52.216017881078336],[5.167710885987874,52.21605830705465],[5.167700426424126,52.21610232814098],[5.16766614323497,52.21622989206606],[5.167654215907025,52.21627480920603],[5.167631855422188,52.21635835475589],[5.167621422271269,52.21639698316617],[5.16760950813489,52.21643920396697],[5.167596077586023,52.21649220737972],[5.167584154544552,52.21653622573266],[5.167573716882436,52.21657575291521],[5.167557324293638,52.21663594110446],[5.167543893623023,52.21668894450935],[5.167496178749587,52.21686951177273],[5.167470793655588,52.21697282495003],[5.167470780365344,52.216975521283004],[5.167467725338796,52.21700158039309],[5.167464692459711,52.21702314561469],[5.167461668438221,52.21704291328081],[5.167458608971324,52.217069871167965],[5.167455576083125,52.217091436389055],[5.167453997611803,52.217114801886545],[5.167452383695016,52.21714535760503],[5.167452317237872,52.21715883926954],[5.167450814081086,52.217166925546934],[5.167450703318291,52.21718939498773],[5.167449160285254,52.21720557026374],[5.167447608389927,52.217223543094924],[5.167447448888868,52.21725589908929],[5.16744708557991,52.217329598853524],[5.167445232395409,52.217408688561],[5.167449405168752,52.217452736827],[5.167453507062318,52.21751116553377],[5.167456167823093,52.21756509763073],[5.167458895046282,52.21760554806367],[5.167461631135075,52.21764420094111],[5.167465764073872,52.21769633820269],[5.167471302731607,52.21776016229269],[5.167473905936698,52.21782577849472],[5.167476593320883,52.21787431792305],[5.167479320581132,52.217914768353296],[5.167482052276264,52.2179543200057],[5.167484735246938,52.2180037582102],[5.167512546995125,52.21800201234909],[5.167515429321816,52.21801100556519]]]]}},{"type":"Feature","properties":{"gezicht_uri":"https://linkeddata.cultureelerfgoed.nl/cho-kennis/id/gezicht/10134652","gezichtsnummer":"267","naam":"Hilversum - Plan Oost"},"geometry":{"type":"MultiPolygon","coordinates":[[[[5.19889870081095,52.23721106550537],[5.198897233069121,52.23721196194926],[5.19885459254789,52.23725593432999],[5.198759025606491,52.23735285046687],[5.198722274828674,52.23738874315108],[5.198670827443,52.2374380941136],[5.198622319260019,52.23748475339666],[5.198548828622744,52.237553842339146],[5.198545889296938,52.237556533993846],[5.198498810553159,52.23761128454276],[5.198478227603781,52.23763192366635],[5.198429730430846,52.2376758865414],[5.198350345240988,52.23775395376361],[5.198263613275043,52.23783830066226],[5.198256259152857,52.23784637794415],[5.19821803978434,52.23788316690364],[5.19814894739207,52.237950465061374],[5.198071040450362,52.23802493933014],[5.198023994970657,52.23807160070398],[5.197979892606496,52.2381146716429],[5.19794461218074,52.2381487688716],[5.197918153735012,52.23817389239826],[5.197907863907121,52.23818376252092],[5.198071302685961,52.23830805598803],[5.198103411062127,52.23833147567643],[5.198215775396087,52.23841703961855],[5.198309176928956,52.2384863950842],[5.198401114765053,52.23855574813725],[5.198472625552909,52.238608890439124],[5.198552886210614,52.23867013569469],[5.198636063665093,52.238734081892105],[5.198638984045063,52.23873588411349],[5.198674002002567,52.23876380219311],[5.198717781164804,52.23879712692063],[5.198722161746017,52.238799830249626],[5.19880972787939,52.23886468210125],[5.198809724079177,52.2388655808768],[5.198892902267627,52.23892952689146],[5.198976076898124,52.23899437162238],[5.198983374128866,52.238999775929976],[5.199063639988828,52.23906012205928],[5.199105963317081,52.23909164676058],[5.199149750711727,52.23912317377536],[5.199237321895441,52.23918712653126],[5.199238782112427,52.23918802763449],[5.199324885751019,52.23925287677257],[5.19940515253013,52.239313222667455],[5.199508768039215,52.23939158120869],[5.199613847930904,52.239469941981184],[5.19965179133133,52.23949876318924],[5.199708714088355,52.23954019742739],[5.199809410174526,52.23961675350746],[5.199777001293635,52.23966433754699],[5.199723982525873,52.23973885233768],[5.199573750995393,52.23995252397301],[5.199531032798075,52.240014472082336],[5.199398470212623,52.24020390443707],[5.199275877360339,52.240112033926984],[5.198550567600063,52.239563520847604],[5.19671329839657,52.2381728558665],[5.196628680001123,52.238104412072595],[5.19656593297911,52.23805667546952],[5.196497345600292,52.23800533428399],[5.196414161034618,52.23794408290085],[5.196326600202308,52.237879229265005],[5.19623758721792,52.23781167687187],[5.196202563831959,52.23778555561741],[5.195782301850366,52.2374685046429],[5.195423337971601,52.23719649070492],[5.195325571171189,52.237122631937716],[5.19529036305107,52.237139651641705],[5.195255151032255,52.2371575701108],[5.195259527370141,52.237161172344486],[5.195263903708737,52.23716477457799],[5.195131854503305,52.23723286752826],[5.194998340947743,52.237300957949614],[5.195007097487611,52.23730726366005],[5.19501439008329,52.23731356698976],[5.194889613249197,52.23739245687417],[5.194764832091165,52.237472245400994],[5.194729596303217,52.23749555636552],[5.194694360478366,52.23751886731944],[5.194635639200724,52.23755652051827],[5.19457837789412,52.237595074848564],[5.19446974191862,52.23766500276803],[5.194362569562312,52.23773493297464],[5.194085101940643,52.23791423639368],[5.19380909995715,52.23809264277353],[5.193687254560184,52.23816973861348],[5.193565408741193,52.23824683432643],[5.193448767382849,52.23813699182807],[5.193332130510592,52.23802625043715],[5.193301504480599,52.237999236751406],[5.19326797011132,52.23796772437714],[5.19323297182248,52.23793620959104],[5.193209661832038,52.23791010666699],[5.193122172291548,52.23782997147488],[5.193034686982598,52.23774893744153],[5.192934085148942,52.23765440005858],[5.192833483742391,52.23755986258851],[5.192797037813772,52.237524750162194],[5.192759127990318,52.237489635316415],[5.192629370013106,52.237367187465935],[5.192498148805186,52.237244737059235],[5.192442738924537,52.237194313990464],[5.19238733309904,52.237142992119736],[5.192400528213976,52.23713851995473],[5.192413727255405,52.23713314901267],[5.192404986834605,52.23712324800787],[5.192396246417689,52.23711334700238],[5.192358341190675,52.23707733325016],[5.192320432093946,52.23704221826107],[5.192335106846,52.237034153414506],[5.192348317655709,52.23702608615299],[5.192317661461701,52.237006262412294],[5.192287005294992,52.23698643866354],[5.192227156977887,52.23694679355668],[5.192168772700467,52.236907150834554],[5.192139580600745,52.23688732946257],[5.192111852458814,52.236867510499295],[5.1920739122473,52.23683958563453],[5.192034508153419,52.23681165834048],[5.192069764489937,52.23678385429958],[5.192103560789636,52.23675514905634],[5.192125602344425,52.23673631100861],[5.192147639946083,52.23671837173229],[5.192166741809208,52.23670222517237],[5.192187311517972,52.23668518224878],[5.19221258763868,52.23659624451735],[5.192239327578135,52.236507309193414],[5.192215916657963,52.23650457423351],[5.19208569469701,52.23648908006682],[5.192000826748967,52.236479952133294],[5.19183446410012,52.236360139276336],[5.191784852598751,52.23632320720395],[5.191493675855449,52.23629036933204],[5.191347355689106,52.23627394891418],[5.191208351235934,52.2362584392269],[5.191060567369063,52.23624201602656],[5.191002042583316,52.23623472864606],[5.190918639253885,52.2362256023646],[5.190770855603354,52.23620917880178],[5.190604053135256,52.23619002707788],[5.190435786902198,52.236170872681676],[5.190277760226848,52.23615353266845],[5.190109494272704,52.236134377807446],[5.189945616205526,52.23611612881085],[5.189783202179315,52.23609788203179],[5.18970272716925,52.23608875978141],[5.189606157200795,52.23607781300863],[5.189442283538055,52.23605866453815],[5.18927109049473,52.236039503584486],[5.18909990159499,52.23601944360714],[5.188936024366529,52.236001193209844],[5.188763371863288,52.23598113028939],[5.188595111221204,52.235961074495364],[5.188521952202528,52.23595286251378],[5.188425382820436,52.23594191477555],[5.188257118466526,52.23592275727564],[5.188088854257739,52.23590359953599],[5.187916198496556,52.23588443415274],[5.187750862377,52.23586528086754],[5.187607468764275,52.235849759532314],[5.18741579081405,52.23582876373137],[5.187311902489635,52.23581780271163],[5.187061709338138,52.2357877195471],[5.186782238627016,52.23575758621531],[5.186773463343194,52.235755773771665],[5.18688343205566,52.23539105452947],[5.186907165269653,52.23532188849976],[5.186938363221899,52.235220378943374],[5.186941335409771,52.2352104973719],[5.186942827562255,52.23520420842266],[5.186974033427822,52.23510090130335],[5.187006723208449,52.234993102774816],[5.187021967567157,52.23485831121756],[5.187035340190702,52.23481429352034],[5.187038308292436,52.23480531072129],[5.187039812529637,52.23479632544332],[5.187042780629266,52.234787342644154],[5.187047212590436,52.234778362323624],[5.187050180687368,52.23476937952424],[5.187053144746019,52.23476129550045],[5.187057576702501,52.23475231517945],[5.187062008657192,52.234743334858344],[5.187064972711956,52.2347352508342],[5.18706940466345,52.234726270512766],[5.187073836613157,52.23471729019114],[5.187079728384973,52.23470921112338],[5.187084160330895,52.234700230801316],[5.187090052098577,52.234692151733064],[5.187094484040715,52.2346831714106],[5.187106271601673,52.234666114496925],[5.187150385093749,52.23462214881922],[5.187190066587176,52.234587163451074],[5.187345779579402,52.234466091183336],[5.187381020860974,52.23444188363371],[5.187417750133225,52.23441228589307],[5.187498487494708,52.234362090500625],[5.187507270589244,52.23436210533916],[5.187514593862415,52.23436121892834],[5.187523380984331,52.234360334989915],[5.187530712311682,52.23435765102655],[5.187538043638152,52.23435496706272],[5.187543915142096,52.23435138185011],[5.187728887149202,52.23423395362229],[5.187746405011607,52.23424476857406],[5.187818306356808,52.23420624222593],[5.187903450499554,52.234152458858524],[5.187921096996081,52.23413451295815],[5.187925520676184,52.23412733015511],[5.187927008633794,52.23412193996798],[5.187927032749997,52.23411654731299],[5.187927064904922,52.23410935710632],[5.187924173398111,52.23410126318816],[5.18791981403256,52.23409406557777],[5.18791253502759,52.23408506547963],[5.188015268989125,52.23402591898994],[5.188018196665272,52.23402592392341],[5.188021128358877,52.23402503008088],[5.188024060052364,52.23402413623835],[5.188026991745733,52.23402324239567],[5.188028459601028,52.234022346086384],[5.18803139129419,52.234021452243645],[5.188034327004426,52.23401965962499],[5.188095956785044,52.23398650849514],[5.188119434390144,52.233973965082484],[5.188154650772994,52.23395514995467],[5.18821628037475,52.233921998761545],[5.188257368062498,52.23389959835618],[5.188274974192937,52.23389064016084],[5.188330732240848,52.2338610741569],[5.188351274027608,52.23385032332388],[5.188474556606075,52.2337786280431],[5.188559651059704,52.23373562950862],[5.188687308447904,52.23366753648749],[5.188703446570416,52.23365947454532],[5.188738662457784,52.23364065924204],[5.188785620929961,52.233614673378604],[5.188836974819539,52.233587796090035],[5.188900075226852,52.23355284944205],[5.188910345981651,52.23354747397612],[5.189067346634428,52.233464150458616],[5.189269840798293,52.233354838221615],[5.189450316952451,52.2332589705434],[5.189649877639929,52.23315055152796],[5.189881712720746,52.23302600796626],[5.190037245914795,52.23294268070611],[5.190057790842122,52.23293103079799],[5.190060726398887,52.23292923812852],[5.190062198153304,52.23292744301761],[5.190063669907608,52.23292564790674],[5.190065141661789,52.23292385279582],[5.190066613415851,52.232922057684846],[5.190068085169798,52.2329202625739],[5.190069556923623,52.23291846746294],[5.190069564875578,52.232916669910686],[5.19007104060517,52.23291397602356],[5.190071048557066,52.23291217847133],[5.190071056508958,52.23291038091907],[5.19007106446085,52.232908583366815],[5.190069608611314,52.23290678337335],[5.190069620539239,52.23290408704495],[5.190068164689908,52.23290228705146],[5.190068172641914,52.23290048949921],[5.190066716792759,52.23289868950566],[5.190065260943721,52.2328968895121],[5.190063805094801,52.23289508951856],[5.190403252988165,52.23259905684643],[5.190428240627083,52.23257573009378],[5.190463538256158,52.23253803997153],[5.190482658772175,52.23251739979003],[5.190525322846723,52.23246893651475],[5.190531213694444,52.23246085727102],[5.190560652036941,52.23242405615284],[5.190562123754488,52.23242226103552],[5.190600408195048,52.23237109409798],[5.190647546596946,52.23230376377981],[5.190668194129044,52.232268745581365],[5.190682950839604,52.232241806631016],[5.190705121539514,52.23219330921529],[5.190719929718582,52.23215468616837],[5.190734702209795,52.2321241521058],[5.190752513168888,52.232068457170705],[5.19075996674451,52.23203791094038],[5.190783799102645,52.23194447712529],[5.19081997124669,52.23170815732164],[5.190841489621112,52.23147540828643],[5.190853567935,52.23139184153401],[5.190861152001418,52.231331635671836],[5.190873151047783,52.2312660444438],[5.190899957750285,52.23116183013698],[5.190913281879618,52.23112769850961],[5.190932544081284,52.23107470229711],[5.190945860243342,52.23104236821846],[5.190945876075626,52.23103877311259],[5.190966586107654,52.23098937442987],[5.190971036686387,52.23097590007295],[5.190984333004437,52.230948059871736],[5.190996165569653,52.23092021723916],[5.191006518557456,52.23089596728162],[5.191016863620728,52.23087351487605],[5.191028664494715,52.230852862451826],[5.191034570861987,52.23084118807445],[5.191047855232028,52.23081604419491],[5.191053757633506,52.23080526859301],[5.191126038093176,52.23067866010351],[5.191174657398576,52.230606838098346],[5.191279218095672,52.2304623073798],[5.191392592003747,52.23031060090087],[5.19144117494487,52.230246867770376],[5.191532461893265,52.23012478441465],[5.191551588767784,52.23010234649704],[5.1915957525182,52.23004489746829],[5.191650221249583,52.22997398372408],[5.191694392630937,52.22991473710362],[5.191843077656754,52.22972084577057],[5.19189017591982,52.22966160391234],[5.191903416129677,52.22964634647486],[5.191918135777472,52.22962749634717],[5.19194316426921,52.229594282715944],[5.191985859382194,52.22953772989432],[5.192000602578775,52.22951348709536],[5.1921448466747,52.2293303734366],[5.192166939597826,52.229298952478636],[5.192214072373631,52.229231621494925],[5.192225868324376,52.22921186772124],[5.192230298684091,52.229202887196344],[5.192255366018255,52.229160685727884],[5.192306964219583,52.22907628518744],[5.192358566154458,52.22899098584623],[5.192408704221388,52.22890568406884],[5.192544492428455,52.228647058165436],[5.19254746293177,52.228637176440245],[5.192557798841507,52.228616521443705],[5.192600641361769,52.22852581486497],[5.19263164106296,52.228465647411085],[5.192606778538671,52.22846111256335],[5.192700012571152,52.228226683548165],[5.192700016493493,52.22822578477115],[5.192726675897112,52.22815392596187],[5.192742960305247,52.22811170993154],[5.19274296422671,52.228110811154544],[5.192757784961005,52.2280685927138],[5.192757788882163,52.22806769393676],[5.192781516896542,52.22799672907422],[5.192799280515081,52.22795092033424],[5.192814093302578,52.22791049943927],[5.192830377538537,52.22786828339496],[5.192849632124842,52.2278161856137],[5.192876439952562,52.227710173235586],[5.192901799697793,52.22760056333474],[5.19291225665949,52.22755204621242],[5.192928697376641,52.22747387906646],[5.192936223118718,52.227426255906515],[5.192951442992452,52.22729236216594],[5.192951670187444,52.22724023309009],[5.192954765852915,52.22720159048231],[5.19295060612342,52.22714855541212],[5.192932527203312,52.22693102005586],[5.192931130196095,52.22691573843736],[5.192928320514195,52.226888770309074],[5.192922658065961,52.22684472060156],[5.19291991499523,52.22680247325963],[5.192910175202066,52.22668651415271],[5.19291022613506,52.22667483004833],[5.192897817807074,52.22649954682485],[5.192892167192777,52.22645280078091],[5.192868438279884,52.22618851934131],[5.192867056992557,52.226169642610635],[5.192862866111782,52.22612379774637],[5.192862870030596,52.226122898969024],[5.19285872618517,52.226066268775895],[5.192858730104062,52.22606536999854],[5.192850324873262,52.22597907293143],[5.192850328792311,52.225978174154044],[5.19284892008553,52.225965588864085],[5.192843355811623,52.22589906971088],[5.192836296630573,52.22583973836896],[5.192836300549891,52.22583883959153],[5.192816735631118,52.22562669442426],[5.192811163607375,52.22556197282039],[5.192774867435232,52.22515925792062],[5.192742095953396,52.22495518004391],[5.192739227690508,52.2249416935648],[5.192729167216492,52.224899434163596],[5.192727727206472,52.22489403909013],[5.192726298961087,52.22488594768406],[5.192704792983526,52.22478345091779],[5.192699044738169,52.22475917428955],[5.192699048660133,52.224758275511995],[5.192674160740889,52.22476003211936],[5.192672771734433,52.22474295293676],[5.192618330622533,52.22447412688829],[5.19258904836129,52.22447677502684],[5.192579027377718,52.22442552783327],[5.192634656938729,52.224422024290384],[5.192603138266227,52.22426648275079],[5.192584540276847,52.22416848465911],[5.192569897283899,52.224170258114114],[5.192546763650414,52.22410550755818],[5.192548611805235,52.224017429756586],[5.192555929352382,52.22401744180826],[5.192564710408965,52.22401745626974],[5.192570568371163,52.22401656713268],[5.192579353351875,52.22401568281536],[5.192586678747038,52.22401389730979],[5.192594004141616,52.22401211180378],[5.192599869950286,52.22400942510989],[5.19260719926733,52.22400674082537],[5.192608839342791,52.223966298239056],[5.192625663748117,52.223800050868455],[5.192627190023269,52.22378567283433],[5.192642233033196,52.223692224043646],[5.192661705692624,52.223589794698896],[5.192670698474596,52.22354127515343],[5.192699049989972,52.223416390808],[5.19271246453256,52.223360688260925],[5.19272434105102,52.22332206008181],[5.192736213627795,52.22328433067901],[5.192746603096148,52.22325109275595],[5.192761414362698,52.22321067183244],[5.19277475035995,52.22317294483275],[5.192793979455012,52.22312623968237],[5.192817630300602,52.22307235152692],[5.192844211960958,52.22301756940174],[5.192885534089665,52.22293854433047],[5.192937213962673,52.22283347152409],[5.192962390610605,52.222765205295794],[5.192965348878116,52.222758019883],[5.192977209351426,52.22272298678571],[5.192980163697679,52.222716700150436],[5.193002252744844,52.22268527899669],[5.193044943793548,52.22262782693959],[5.193027624963388,52.22257207385595],[5.192971321441308,52.22239492081377],[5.193029112681575,52.22223053822984],[5.193029136171652,52.22222514556187],[5.193163804923269,52.222218176466306],[5.193294118469519,52.222203111011815],[5.193420092372199,52.22217635410064],[5.193518373858137,52.22212348692685],[5.193588908201142,52.22205709245143],[5.193618508866347,52.22198074426275],[5.193627289521839,52.22198075864499],[5.194144359516757,52.22220989566967],[5.194142857141244,52.22221888105949],[5.19414427777409,52.22222877000855],[5.194148636987018,52.22223596740452],[5.19415593088839,52.2222413720252],[5.194166143910113,52.22224857898214],[5.194281453172765,52.22231887244716],[5.194395295455873,52.22239006218943],[5.194474100589951,52.22244142143403],[5.194552902021468,52.22249367940363],[5.194644835964455,52.22255494656058],[5.194644832082007,52.22255584533857],[5.194719255169301,52.222605399709046],[5.194752813935461,52.22262882275202],[5.194765946310959,52.22263783197874],[5.194860792264638,52.222702698843925],[5.194981903414727,52.222785584038796],[5.195043171521848,52.222831521668894],[5.195086936192966,52.22286394905161],[5.195139446911909,52.222904479689596],[5.19518466745571,52.222938706969906],[5.195235722617335,52.22297743763098],[5.195283862523112,52.22301346718297],[5.195334917856664,52.22305219780072],[5.195358256141079,52.22307021137099],[5.195380134832943,52.22308732378335],[5.195470561267724,52.22315937325207],[5.195524524572424,52.22320260242497],[5.195566814882838,52.22323772358833],[5.195617859130747,52.22327915041621],[5.195647024556245,52.22330346486348],[5.195661609211939,52.22331517269545],[5.195709734382971,52.223354797183674],[5.195750561494846,52.223389915909166],[5.195804521491379,52.22343404373052],[5.195826396674656,52.22345205483718],[5.195845348750599,52.22346916242281],[5.195893474251411,52.22350878683518],[5.195893470394056,52.22350968561311],[5.195934293936179,52.22354570305216],[5.195980944536519,52.22358802139366],[5.196008643010992,52.22361323216055],[5.196030510655572,52.22363304078465],[5.196030506800968,52.22363393956255],[5.196106315815074,52.223702369753646],[5.196151507094317,52.22374378688254],[5.196168999769777,52.22375999327186],[5.196190863706304,52.223780700643715],[5.196234587789823,52.22382301415298],[5.19623750324507,52.223825715215966],[5.196275404195456,52.223860829028055],[5.196316220670378,52.223898643888816],[5.196322051601024,52.223904046010595],[5.196357014126283,52.223941851402365],[5.196400730831399,52.22398596240473],[5.196400726984224,52.22398686118257],[5.196443007190914,52.22402467836139],[5.196477992987201,52.22405709104957],[5.196482368138083,52.22406069324596],[5.196594578086269,52.22417322226791],[5.19691652235665,52.224523368009265],[5.197184535346672,52.224823094252855],[5.197245708941682,52.22489239894696],[5.197301047709398,52.224957200314066],[5.197366593159509,52.22503100588712],[5.197433598545802,52.22510571255042],[5.197510795444038,52.225193018505536],[5.197519542311896,52.22520112159793],[5.19763607196092,52.225331632209745],[5.197736575749896,52.22544504012187],[5.197909918368936,52.225638556378314],[5.197959446743465,52.22569346149908],[5.197984212884209,52.225720464662615],[5.19798858068958,52.22572586435751],[5.197997339194392,52.22573127108098],[5.198093667634835,52.22579434010633],[5.198181237795091,52.225852002343515],[5.198302405585151,52.22592499753903],[5.198363727127665,52.225960148092604],[5.198366650467294,52.22596105154691],[5.198458627259097,52.226015125481396],[5.198506792078821,52.226046659814536],[5.198554949358884,52.226079991683086],[5.198557865102511,52.22608269268781],[5.198559324876379,52.22608359380133],[5.198601646935297,52.226112422418836],[5.198639589716766,52.226138547683504],[5.198734448765343,52.22620341140266],[5.198765092787997,52.22622503106973],[5.198792817272466,52.22624484850757],[5.198846810327185,52.22628268347598],[5.198890588752255,52.226313311876574],[5.198906642628403,52.22632412285648],[5.198959172288997,52.22636195544148],[5.198973766407566,52.22637186530364],[5.199046710539489,52.22642770603008],[5.199091937662111,52.22646193179548],[5.199129862067039,52.22649255078907],[5.199159039096835,52.22651506680164],[5.199183836751886,52.226534879489755],[5.199233416966982,52.22657809996039],[5.199284457084484,52.226622221514454],[5.199328202048708,52.226660938749085],[5.199331106512244,52.22666633606707],[5.199376307583701,52.22670685316504],[5.199404009918808,52.22673206312311],[5.199452115608735,52.226777977507716],[5.199476898398872,52.22680138524356],[5.199498761580655,52.22682299077057],[5.199523533066926,52.22684909482901],[5.199532280626084,52.226857197770286],[5.199568715581018,52.22689410573971],[5.199609499803115,52.226940907219124],[5.19961970343711,52.226950810031724],[5.199650291674747,52.22698591112912],[5.199715847782119,52.22705881659689],[5.199717300050243,52.22706151525095],[5.199774082263216,52.22713260920068],[5.199811935912964,52.22718030474403],[5.199836688890429,52.22721090262269],[5.199849785865817,52.22722889905235],[5.199886168506948,52.227278389806116],[5.199907994353655,52.227308983030234],[5.199925455807877,52.22733327785108],[5.19996473565433,52.22738996343733],[5.200370199988566,52.22807907309557],[5.2006800523357,52.228184720103776],[5.201194697187721,52.22831944981241],[5.201407046535311,52.22829102272481],[5.202039709478646,52.22820393473618],[5.202993090191688,52.228073303236734],[5.203231883228673,52.228729786870666],[5.203247772101753,52.22878104223776],[5.203279546248541,52.228884451741465],[5.203397424832701,52.22940413171408],[5.203464128384451,52.22991114902004],[5.203451788814209,52.23006392293638],[5.203447034535128,52.2301519962707],[5.203431496868594,52.230370376356326],[5.2033935027416,52.23071005719483],[5.203358461467021,52.23104345111399],[5.203325050287436,52.231336402317034],[5.203289371344566,52.23146936665083],[5.203241881944027,52.23162657972339],[5.203213614105604,52.23173708599491],[5.203198716708703,52.231799977591365],[5.203180951112801,52.23184848419814],[5.203105478456028,52.232046997639124],[5.203056653989605,52.232172751152675],[5.20303150233417,52.23223742431405],[5.203006417471451,52.23228591948731],[5.202848521265292,52.232593056972426],[5.202807207832788,52.232672085395436],[5.202764486251846,52.232737629868524],[5.202659897922032,52.232896551136186],[5.20258769876828,52.233010583773364],[5.202537620256418,52.23308510449556],[5.202438989890021,52.233218868958794],[5.202324171185199,52.233373280015165],[5.202259401403482,52.23346036059116],[5.202235860901491,52.23348908479545],[5.202212327830979,52.23351601144178],[5.201962233959828,52.23381491432561],[5.201362051933886,52.234518617612856],[5.200703017436066,52.23528873482392],[5.200607391000876,52.23540183046604],[5.200177684809494,52.23593772430564],[5.1998439128519,52.23628592319595],[5.199776277972141,52.236355920975676],[5.199648395269156,52.236479750062074],[5.19959104508218,52.23654077623126],[5.199395540431041,52.236731007565105],[5.19936026218682,52.23676510522633],[5.199329387047171,52.23679651352888],[5.199276469506648,52.23684765998634],[5.19919561955313,52.23692662423854],[5.199125054806868,52.23699661697973],[5.199075079848607,52.23704417289971],[5.198995708306485,52.23711954423831],[5.19889870081095,52.23721106550537]]]]}},{"type":"Feature","properties":{"gezicht_uri":"https://linkeddata.cultureelerfgoed.nl/cho-kennis/id/gezicht/10134653","gezichtsnummer":"1672","naam":"Amsterdam - Plan Zuid"},"geometry":{"type":"MultiPolygon","coordinates":[[[[4.909044586542317,52.35265316202353],[4.908111824684875,52.35244806511825],[4.907927300967315,52.35240956963127],[4.907845284058111,52.352393059589865],[4.907704714300309,52.35236193193582],[4.907622707273592,52.35234452300582],[4.907537774614505,52.35232620338951],[4.907455767719661,52.35230879434384],[4.907367899790956,52.35229046270847],[4.907300540906689,52.35227580925421],[4.907233182067026,52.352261155761674],[4.907168748955938,52.35224741286945],[4.90710284818315,52.352233663989196],[4.907035489473082,52.35221901038416],[4.906968130807614,52.35220435674078],[4.906899304486521,52.35218969710358],[4.906834871583142,52.3521759540296],[4.906770438719778,52.352162210920596],[4.906706005896432,52.352148467776495],[4.90663717974908,52.35213380798685],[4.906568353647323,52.352119148157236],[4.906503920949421,52.352105404903135],[4.906439498026588,52.35209076287966],[4.906375065410021,52.3520770195554],[4.90630769744159,52.352063264270434],[4.906240339254116,52.35204861021289],[4.90617444880619,52.352033962081514],[4.906105623012974,52.3520193019828],[4.906039722910134,52.352005552510676],[4.90597089720573,52.351990892333625],[4.905905006932898,52.35197624405224],[4.905837649011184,52.35196158976553],[4.905770291134074,52.35194693544048],[4.905603364327193,52.35191030543173],[4.905493521621611,52.35188828789263],[4.905310450688558,52.35185159176759],[4.905282613394227,52.35184698456475],[4.905245999252485,52.35183964529715],[4.905213768667598,52.351834121415834],[4.904999837708875,52.35180089423903],[4.904931015524824,52.351921049560865],[4.904898120816866,52.35197663951518],[4.904895126833387,52.35198201995931],[4.904723602150477,52.35196334545194],[4.904478849423447,52.3519299916979],[4.904191602517993,52.35189017262392],[4.903659604647681,52.3518169974051],[4.903568735344735,52.35180494209672],[4.903410460272419,52.35178272472104],[4.903397260893657,52.35178177199757],[4.903366498268536,52.351776253612286],[4.902970801592089,52.35172160783436],[4.902951741310627,52.35171973231021],[4.902721648478797,52.35168823243462],[4.902632247379154,52.35167618241464],[4.902551642607066,52.351665067117885],[4.902468112327449,52.351653041011424],[4.90238457227624,52.351641913579925],[4.902301032267116,52.35163078608951],[4.902173530633135,52.35161318698836],[4.902024043378002,52.35159280131111],[4.901937578020173,52.35158076279841],[4.901848177351861,52.35156871218631],[4.90176024441071,52.351556667525955],[4.901496445874922,52.35152053315297],[4.901326460967836,52.35149556860907],[4.901310336206266,52.35149370486981],[4.90122241340157,52.35148076107615],[4.901021647007441,52.351452074611764],[4.900889733528943,52.35143535477653],[4.900812074831127,52.35142335162143],[4.900602502927309,52.35139462826014],[4.90047500265141,52.35137702732959],[4.900392941153311,52.35136500579405],[4.900269824340349,52.35134922021846],[4.900195091442631,52.35133812746772],[4.900058805198598,52.35131869238943],[4.899979659530304,52.351308480115456],[4.899855095089646,52.35129089059978],[4.899736401422771,52.3512733251304],[4.899667519716422,52.351264053691125],[4.899660191246887,52.351263124731396],[4.899583981106196,52.351252924283365],[4.899506313208348,52.3512418190054],[4.899427177682344,52.35123070762836],[4.89934511674103,52.35121868536649],[4.899265971416889,52.35120847261535],[4.89918537822674,52.351196456292875],[4.899109168310678,52.35118625553914],[4.899106242862684,52.35118534470128],[4.899038829091062,52.35117607894831],[4.899027097653502,52.351175131790455],[4.898143462163087,52.351047453232646],[4.898045267550751,52.35103446463048],[4.897778500212245,52.35100190477634],[4.897612902549184,52.35097875057291],[4.897519111219859,52.35096577974611],[4.897419459232468,52.35095188581958],[4.897321274964884,52.35093799788336],[4.897227483807679,52.350925026825564],[4.897135150438612,52.35091296050348],[4.897044294700865,52.350900001453574],[4.896954906671788,52.35088704841276],[4.896893354498712,52.350878704486476],[4.896868444076423,52.35087500619765],[4.896248550590038,52.35078885058236],[4.896228033286502,52.35078606915474],[4.896159153076171,52.350776795674086],[4.896072690913454,52.35076475287778],[4.895983293496337,52.35075269783671],[4.895890970775637,52.35073973181084],[4.89579864810912,52.35072676571294],[4.895698997201853,52.35071287033813],[4.895600804051994,52.3506998797084],[4.89550408856454,52.350685996360625],[4.895407363179756,52.350673011667176],[4.895361935804296,52.350666531487924],[4.89526375281756,52.350652641845286],[4.895165559929562,52.35063965085451],[4.895068844710695,52.35062576715116],[4.894967726614826,52.3506118650586],[4.894791868341358,52.35058776545136],[4.89463506968786,52.350565542449075],[4.894419385844246,52.35055925204336],[4.894291620965047,52.350565910250964],[4.894149179603167,52.35057250718571],[4.894066941587042,52.35057665846303],[4.893990574134611,52.35058083414548],[4.893886311427043,52.35058579229523],[4.893796735137353,52.35058991280028],[4.893714497056808,52.35059406383252],[4.893621985444431,52.350598171967285],[4.893517712659658,52.35060402852522],[4.893438419816516,52.35060729287521],[4.893354714025443,52.350611437534894],[4.89321079473348,52.350618925949284],[4.893087442448652,52.3506247024986],[4.892871538338502,52.350638181399404],[4.892793713034748,52.350641451446535],[4.892674763574499,52.35064724595658],[4.892561684671008,52.350653064880206],[4.892448615756244,52.35065798496269],[4.892334069149276,52.350663797534025],[4.89222100018265,52.350668717398946],[4.892104975846415,52.35067542234389],[4.891996289714077,52.35068215787669],[4.891812663227467,52.3506966686592],[4.890618530299304,52.35077525089237],[4.89052466100733,52.35076946438647],[4.890448393483134,52.35076465045399],[4.890369190675663,52.35075982415146],[4.89029292318524,52.350755010118796],[4.890212252762589,52.35075017754985],[4.890131582357695,52.35074534492593],[4.890053847269149,52.35074052457582],[4.889976112197664,52.35073570417465],[4.889891038898492,52.35073085289066],[4.889805965618125,52.35072600154552],[4.889722370078429,52.35072025757506],[4.889634361540441,52.35071539376958],[4.889549298395161,52.350709643507294],[4.889474488651445,52.350705733850646],[4.889385022602278,52.35069996495551],[4.889301417085337,52.3506951194204],[4.889217811586852,52.350690273826245],[4.889131280897436,52.35068451708879],[4.889050610732117,52.35067968372815],[4.889035934261101,52.35067962195904],[4.888613746605481,52.35063380433124],[4.888602015537366,52.350632856140194],[4.888480342342162,52.3506197606838],[4.888396777477602,52.35061131957948],[4.888241378894324,52.35059538542168],[4.888159281765562,52.35058695033649],[4.88807865231178,52.35057852138324],[4.887995087602237,52.35057007999529],[4.887912990567678,52.35056164473931],[4.88782795827912,52.350553197042466],[4.887747328950357,52.35054476786357],[4.887666699652407,52.350536338629716],[4.887583135101638,52.350527896951],[4.887503973507431,52.350519473801334],[4.887423344302222,52.350511044401735],[4.887338312205016,52.35050259635319],[4.887256215421676,52.3504941606417],[4.887093489589258,52.35047729524903],[4.88687654226793,52.35045301024601],[4.886640576700206,52.35042325176535],[4.886641940962704,52.35056256770098],[4.88664241329557,52.35078097208013],[4.886645030360922,52.35106948998292],[4.886645117546966,52.35132204616576],[4.886645164185748,52.35157819726468],[4.88664832863522,52.3518181835849],[4.886646650144517,52.352357441474396],[4.886560035442049,52.35235887271136],[4.886560055717653,52.35235707524721],[4.886445554672218,52.35235838844933],[4.886405916573175,52.35235911952643],[4.886405896291326,52.3523609169905],[4.88631635631311,52.352361436897624],[4.886314878468107,52.352362329418845],[4.886314858182566,52.35236412688288],[4.886313380337441,52.352365019404104],[4.886313370194641,52.35236591813613],[4.886311892349426,52.35236681065732],[4.886310414504151,52.35236770317851],[4.886308936658816,52.352368595699645],[4.886305991110922,52.35236948200984],[4.886304523408422,52.35236947579891],[4.886303045562912,52.35237036831993],[4.886301577860382,52.35237036210898],[4.886301588003422,52.352369463376945],[4.886292771645219,52.352370324842745],[4.886006386979275,52.352385290509446],[4.885887401525999,52.3523937743832],[4.885796322700525,52.35240057880439],[4.885706721706095,52.35240649064188],[4.88561565298422,52.35241239619198],[4.885526041783549,52.35241920662447],[4.885436440716174,52.35242511825719],[4.885345371920791,52.35243102359916],[4.88527632883338,52.35243612349667],[4.885258706215023,52.352436947542856],[4.885023680284503,52.35245302738793],[4.885022212579472,52.352453021161104],[4.884994295675354,52.35245559904318],[4.88488853953515,52.3524623404923],[4.884804809119329,52.35246827656033],[4.884725491973328,52.352473332528945],[4.88464029380951,52.35247926224996],[4.884553627917117,52.35248518567697],[4.88446402658942,52.35249109657291],[4.88446545357453,52.35249469773386],[4.884308276617514,52.3525057141302],[4.884308246067141,52.35250841032557],[4.884259740454163,52.352514495659506],[4.884250924028005,52.3525153569731],[4.884195059492428,52.35252320856169],[4.884073056408327,52.35253886798971],[4.884073015655394,52.35254246291669],[4.884027414821778,52.35255125682773],[4.883895015339633,52.35257765717786],[4.883790563350423,52.35259878359321],[4.883733434821766,52.35258865408726],[4.883703988874738,52.35259661781201],[4.883678966439021,52.352602802796625],[4.883670129591358,52.352605461530224],[4.883662760452548,52.3526081265069],[4.883655401509568,52.35260989275143],[4.883646564659085,52.35261255148328],[4.883639195517687,52.35261521645849],[4.882956807150051,52.35286217090893],[4.882741631568773,52.35293944749469],[4.882695938118506,52.35295632947479],[4.882607506994577,52.352988308432444],[4.882601605450886,52.352990979599475],[4.882586866916255,52.35299630941855],[4.882573585882078,52.35300254422453],[4.882566216611605,52.353005209132526],[4.882560304844168,52.353008779029004],[4.882542589974903,52.353017691253626],[4.882526353041777,52.353025711001926],[4.882508638158936,52.35303462322141],[4.882492390993083,52.353043541696515],[4.882434781777027,52.35307565194353],[4.88241704641199,52.35308636161207],[4.882388975622344,52.35310241985036],[4.88235350484019,52.35312383917092],[4.882301756106235,52.35315687312363],[4.882292867943541,52.353164025411026],[4.882285447506266,52.35317118395855],[4.882270586174652,52.35318729851508],[4.882221527342122,52.35324191450815],[4.882200703001606,52.35326609259165],[4.8821947400375,52.3532741561266],[4.882124611121921,52.3533745197098],[4.881760178894145,52.35328218783412],[4.881739681826728,52.35327760643268],[4.881537698045237,52.35322731110668],[4.881408906533096,52.35319440493899],[4.881283050667953,52.35316151117775],[4.881154259536463,52.353128604732994],[4.881064984443994,52.35310575365012],[4.8809656506459,52.353063985202624],[4.880876539831053,52.3530267542767],[4.88078742916588,52.35298952328355],[4.880702701299394,52.35295410852719],[4.88060921854307,52.35291416236437],[4.880540564044963,52.35288510770748],[4.880468984463119,52.35285514171273],[4.880371109240897,52.352814277780126],[4.880271776749655,52.35277250874942],[4.880068729731699,52.35268715411008],[4.879969408081573,52.35264448609394],[4.87987153378492,52.35260362174758],[4.879773659668705,52.352562757320165],[4.879672870874986,52.352520082762794],[4.879573549980138,52.35247741441391],[4.879469826166244,52.352434727094476],[4.879374877913906,52.35239477365948],[4.879201054607988,52.35232122696989],[4.879146204460923,52.3523686266476],[4.879097276452365,52.352411557844725],[4.879043904076803,52.352458065042995],[4.878993508164967,52.35250098989522],[4.878953468439477,52.35253676899142],[4.878910832896218,52.35254287734013],[4.878729497138914,52.35274072785918],[4.878727998535838,52.35274341774759],[4.878716122969582,52.352755050811915],[4.878514356014978,52.35281440182669],[4.878405518379389,52.352833707098505],[4.878298148366428,52.352853018580284],[4.87825695953466,52.35286093046483],[4.878180473313731,52.352874981975845],[4.878065754201809,52.35289516041845],[4.877755405391105,52.35295134671897],[4.877761100896244,52.352966650413165],[4.87773901286938,52.352972846773746],[4.877716914519244,52.352979941861086],[4.877703643124914,52.352985277388704],[4.877685937609769,52.35299329015408],[4.877674113293483,52.35300042945806],[4.877659343211061,52.35300845485545],[4.877651942690189,52.35301381564981],[4.877641513854846,52.35302725238534],[4.877626599292156,52.35304786001162],[4.877604180984669,52.353082815736414],[4.877574248572749,52.353133018286044],[4.877547365075243,52.353173347426925],[4.877541411599492,52.35318051199555],[4.877516088663574,52.35321275887053],[4.877428037117683,52.353339107011614],[4.877313111481986,52.353504885436955],[4.877260893864017,52.35357836006318],[4.877217616788857,52.35364018910755],[4.877174360249478,52.3537002206737],[4.877122121512118,52.3537754926967],[4.877080342790666,52.353834631820696],[4.877083267959007,52.353835543202216],[4.876998180442365,52.35395920746313],[4.876992319760941,52.35395828342651],[4.876718552852271,52.353895986364485],[4.87671415993627,52.35389506864396],[4.876706841855954,52.35389323953259],[4.87639207187665,52.35382267589081],[4.876261773338812,52.353793352716366],[4.87613001757637,52.35376312433065],[4.875998251641748,52.3537337945289],[4.875832820952329,52.35369623016941],[4.875826970685709,52.35369440734453],[4.875727412650614,52.35367240658286],[4.875620536719534,52.35364857655893],[4.875515128645591,52.353624752783375],[4.87540387044852,52.3535991060681],[4.875305780578579,52.35357711129806],[4.875299930349394,52.35357528844706],[4.875193054883024,52.35355145803718],[4.875060268874384,52.353737828870756],[4.875058780386315,52.35373961998131],[4.875009525373848,52.35381041011481],[4.875008047253527,52.3538113024942],[4.874963236824223,52.35387851673858],[4.8749617483275,52.353880307847845],[4.874912513751817,52.353949300477645],[4.874911025250665,52.35395109158627],[4.87487521818703,52.35400126803024],[4.874803551933965,52.354106114535966],[4.874688656019225,52.354268295449984],[4.874542458558546,52.35447168434986],[4.87434344424195,52.35441869328228],[4.874213207648007,52.35438397547322],[4.874081493101387,52.3543501498885],[4.873948331779115,52.35431452033237],[4.873816628037995,52.354279795722654],[4.873683467140434,52.354244165868515],[4.873550316859058,52.35420763713426],[4.873421538863076,52.35417382355354],[4.873291303712228,52.354139104729974],[4.873156675903044,52.35410346791073],[4.873061552788077,52.35407878784004],[4.872966429779158,52.354054107692846],[4.872875699725592,52.354030345332326],[4.872338691479054,52.35388510543914],[4.872069439155375,52.35381382948027],[4.871497293899923,52.35366124262124],[4.871302669198061,52.35361006308475],[4.871201708564643,52.353582659740546],[4.871093419813063,52.353554325582024],[4.870988066675935,52.35352600412641],[4.870878320918457,52.353496764640035],[4.870775893069963,52.353469354530255],[4.870666137132926,52.35344101357714],[4.870559327266825,52.35341178660486],[4.870458357081247,52.353385281356594],[4.870354472484728,52.35335696574451],[4.870246184827287,52.35332863081082],[4.870140822298374,52.35330120733104],[4.870022302700687,52.35326923239167],[4.869914025945629,52.35323999842406],[4.86959290763644,52.353085802743564],[4.86907035747078,52.35296128299202],[4.8689854711376,52.35294023953784],[4.868702968016318,52.352873391737226],[4.868664880905931,52.352866933460085],[4.868653160181794,52.35286508456157],[4.868600490447474,52.35285047339437],[4.868246270219585,52.352766233516085],[4.868110151398956,52.35273328071126],[4.867975500491031,52.35270033418819],[4.867854006579937,52.35267193912031],[4.867725205842321,52.35264081553137],[4.867593469871877,52.35260967891624],[4.867461744611485,52.35257764342462],[4.867330009014371,52.35254650651625],[4.86719974130638,52.35251537590919],[4.867066548908857,52.352483333529904],[4.866937749273704,52.35245220908407],[4.866804546717912,52.35242106513976],[4.866674279748632,52.35238993395445],[4.866541088108927,52.35235789098383],[4.866413746359768,52.35232767115373],[4.866283479940184,52.35229653953832],[4.866142960939311,52.35226356509343],[4.86587373900718,52.3521913763104],[4.865704025214377,52.35214479110777],[4.865626469938018,52.35212467630652],[4.865199193904608,52.35201314202508],[4.865068960983625,52.351979312883984],[4.864975314625488,52.35195463278902],[4.864932899826624,52.35194186277701],[4.864052034093508,52.35171058233588],[4.864046057450898,52.351719543684126],[4.86402995538134,52.35171587740762],[4.864021308233013,52.35170235754],[4.863886695294351,52.35166671017679],[4.863776948235899,52.351638362835445],[4.86370378714185,52.35161916497485],[4.863624776624218,52.3515981436411],[4.863548690922041,52.35157803397058],[4.86346968055143,52.351557012533306],[4.863260440120062,52.35150215991219],[4.863251485567638,52.35151470314517],[4.86317247545121,52.351493681509545],[4.863131497446217,52.351483613538385],[4.863057869890415,52.351503959378306],[4.863087775156273,52.35145735542357],[4.862846363810027,52.3513924730659],[4.862786370036034,52.351376928072334],[4.862397171930089,52.35127364130286],[4.862332796747396,52.35125627909802],[4.861490010771007,52.35103413609175],[4.861427093298847,52.3510176786424],[4.860973495426939,52.35089972064711],[4.86070573653976,52.3508293240925],[4.860651593541128,52.350815601589034],[4.860067806596509,52.3506611097897],[4.860009282429548,52.350645569924765],[4.859807378106553,52.35059164261329],[4.859403549561313,52.35048558441564],[4.859200168380776,52.35043254825308],[4.858996798382953,52.350378613011785],[4.858783176872147,52.35032283409748],[4.858568098975926,52.35026614951348],[4.858489093310776,52.350245124751446],[4.858178909761198,52.3501637476022],[4.858162819455765,52.35015918179841],[4.85796237650526,52.350106156628605],[4.857943361715467,52.35010067894095],[4.857794125209022,52.35006136410465],[4.857720969314715,52.3500421625459],[4.857046543446729,52.349859388151934],[4.857097934318778,52.34973468829819],[4.85711001866994,52.34970598154942],[4.857140648060373,52.3495991642335],[4.857148361731356,52.34956774157464],[4.857150194245396,52.349537191354706],[4.857162420761234,52.349373668645676],[4.857162058593679,52.3492810929627],[4.857160078582644,52.349201092915315],[4.857158044916532,52.349125586512926],[4.857150334092403,52.34903387669288],[4.857133592409077,52.34896100075047],[4.857130947027078,52.34893672191426],[4.856908464895414,52.3488862925515],[4.856751852526797,52.34885053843769],[4.856654061752797,52.34880516125171],[4.85609356551093,52.3485473946454],[4.856164003632057,52.34842547696392],[4.856166971021431,52.34842279394528],[4.856168492348545,52.34841830688351],[4.856170088940232,52.348407528716706],[4.856177668765929,52.34826465709742],[4.856187382701785,52.348066070838996],[4.856191521987622,52.34796542632036],[4.856220727632478,52.34736427510256],[4.856422924558186,52.34739214538789],[4.857140888556998,52.347489734674625],[4.857193934462316,52.347471996680156],[4.857219311781594,52.34743615921526],[4.857228484345478,52.34728250931251],[4.857202562446552,52.34724104946315],[4.857209486742929,52.347029867715435],[4.85722619817372,52.34698230733022],[4.857252570594548,52.34698602053079],[4.857278021497343,52.34645226050478],[4.857256041165587,52.3464494657527],[4.857283357420847,52.34637409072713],[4.856086282142307,52.34621233747614],[4.856070118210298,52.34621406249403],[4.855806367509402,52.34617962377919],[4.85579323539428,52.346173273370404],[4.855850646041046,52.34603601810696],[4.855856526748045,52.34603514573076],[4.855862418212423,52.3460333746246],[4.855866842189156,52.34603159692993],[4.85586982019333,52.34602801518765],[4.855968508775145,52.34575253336047],[4.856132490686852,52.34529399372004],[4.856059235832993,52.34528377842552],[4.855010170566422,52.34514245142436],[4.855008681559584,52.345144242285],[4.855004289961293,52.34514332375877],[4.855002811728923,52.3451442158896],[4.854963255025392,52.34513864533495],[4.854705413748227,52.34510153437649],[4.853583103415016,52.34494997855135],[4.853528894165778,52.34494254389253],[4.853279827506141,52.344908165720376],[4.852156059534158,52.34475658974584],[4.852103307373188,52.3447500597978],[4.852092786093261,52.344770684130886],[4.851845015547844,52.34475068924601],[4.851716086456577,52.34473302917054],[4.85116221765681,52.34466221466192],[4.851166072597785,52.34446450084662],[4.851262861066336,52.34410542776271],[4.851370530264101,52.34381740735667],[4.851403637739203,52.343749250072406],[4.851531480057123,52.34349187930995],[4.851777597162258,52.34304000857339],[4.851834745178299,52.34292522342826],[4.85203455505258,52.342540551046],[4.852106689571968,52.342399768945135],[4.852159693772988,52.34226339420464],[4.852339702050272,52.341816616002426],[4.852341245190448,52.341810331524194],[4.852372589995903,52.34176643301623],[4.852395087369238,52.341726089633525],[4.852409869072291,52.34171716864304],[4.852486885376544,52.34165819724181],[4.852540110155367,52.341625182895335],[4.852571097478823,52.341610942424964],[4.852619790258123,52.34158869291636],[4.85271404623499,52.34156035772604],[4.852765522098661,52.34155070363263],[4.8527993466099,52.341544564925876],[4.852812931281798,52.341513169005765],[4.853267092456627,52.341574538344844],[4.853847241113763,52.341653550605514],[4.85520242186198,52.34183581104857],[4.855226707121602,52.341768511810336],[4.856072021898552,52.341884655952214],[4.856049248218376,52.341948367028145],[4.85715391509114,52.342097124404624],[4.857171308781898,52.342115177878576],[4.857181515909461,52.342120616264225],[4.857335352529956,52.34214107826694],[4.857747037284492,52.34219684750224],[4.857889135540891,52.34221725626695],[4.857903798440285,52.34221822062619],[4.857911156677518,52.34221645597862],[4.857940643192204,52.342204903730845],[4.858758168396512,52.34231461288952],[4.859292933695645,52.34238620548892],[4.859426282488969,52.342402079481225],[4.85949518468104,52.34240777940875],[4.859565596985112,52.342409890915306],[4.859634541927814,52.34241199583871],[4.859707921017888,52.34241142415092],[4.859917797374714,52.34240876431953],[4.860365451340833,52.342401770194016],[4.860537176049665,52.34239893941915],[4.861272465868945,52.34239052522251],[4.861940245879346,52.34238270562105],[4.862214707412946,52.3423785307945],[4.862273412744141,52.3423778924214],[4.862339444286381,52.34237818528927],[4.862448040114456,52.342377768083004],[4.86256394091675,52.342380079495506],[4.86264315753616,52.34238222820023],[4.862735580474498,52.34238443537829],[4.86276930870311,52.34238638240136],[4.863089067610755,52.34239858427365],[4.863105208663557,52.34239865575572],[4.863114012874203,52.342398694745],[4.863408826697275,52.342410785281984],[4.863411761435071,52.342410798270954],[4.863414696172869,52.34241081125982],[4.863417630910672,52.34241082424865],[4.863419098279571,52.34241083074304],[4.86342204362076,52.34240994500057],[4.863424988961834,52.34240905925802],[4.863426456330678,52.34240906575228],[4.863429401671603,52.34240818000964],[4.863430879643624,52.34240728777268],[4.863432368218759,52.34240549680446],[4.863435313559331,52.342404611061646],[4.863436791531113,52.342403718824634],[4.863438280105891,52.34240192785635],[4.863438290708944,52.34240102912515],[4.863439779283572,52.342399238156865],[4.863441267858078,52.34239744718856],[4.863441278461068,52.342396548457366],[4.863441299667048,52.34239475099498],[4.863441320873027,52.34239295353253],[4.863452673932328,52.34230132840669],[4.863454162503016,52.34229953743818],[4.863454183708415,52.342297739975734],[4.863454194311113,52.34229684124451],[4.86345568288159,52.34229505027601],[4.863457160849308,52.34229415803865],[4.863457171451945,52.342293259307425],[4.863458660022181,52.34229146833887],[4.863460137989721,52.34229057610153],[4.863463083322104,52.34228969035797],[4.863464561289495,52.34228879812058],[4.863466039256828,52.342287905883126],[4.863468973986521,52.3422879188707],[4.863468984588916,52.34228702013946],[4.864533868343191,52.34232767906185],[4.865223139613929,52.34236397597164],[4.865198381572377,52.342597549052584],[4.865185268762619,52.3427143323507],[4.86516386782494,52.34291196910007],[4.865160605434931,52.34293981682521],[4.865160478614776,52.34295060160092],[4.865160372931258,52.342959588913985],[4.865163043498487,52.34298207014216],[4.865167149752553,52.343007254036806],[4.865172818514134,52.3430243558222],[4.865182900018246,52.343040578293625],[4.865201701332914,52.34306402944861],[4.865214738773885,52.34307846739923],[4.865240919348926,52.343098355983145],[4.865267163344862,52.34311285217348],[4.865300723191563,52.34312917817612],[4.865366491771639,52.34315193763831],[4.865604747734586,52.34323208040401],[4.866054986166931,52.34338056468019],[4.866180697494729,52.343422461963264],[4.866723007159124,52.34360370497978],[4.866781461196529,52.34362463392491],[4.866838479482515,52.34364286019501],[4.866883811196586,52.34365654116964],[4.86690135692568,52.34366201097414],[4.866964276551393,52.343677566794305],[4.867036011223814,52.34369226254737],[4.867101897352598,52.34370513499926],[4.867154608388869,52.343715253188115],[4.867306956188284,52.343738391977794],[4.867805130249583,52.343804392572785],[4.86823589912546,52.34386200651078],[4.868631503542216,52.34391497091372],[4.869432976702468,52.344021839424336],[4.86973918628962,52.34406452243263],[4.870701810106906,52.344195455032164],[4.871148676080486,52.3442576224734],[4.87120435490403,52.34426505546078],[4.871350993640463,52.34427468247751],[4.871955346190628,52.34429708821849],[4.872181257873669,52.34430436296794],[4.872775339223769,52.34432671982043],[4.872872148219217,52.344330735684075],[4.873010034983629,52.34433582872179],[4.873513167403799,52.344355090358164],[4.874208472051185,52.34438057564837],[4.875057796192109,52.34441211610838],[4.875342375403894,52.34442233500972],[4.876325155373685,52.34446163369554],[4.876333970351046,52.344460772969256],[4.876338372668372,52.34446079197204],[4.876341338573774,52.3444581084435],[4.876341348916169,52.344457209711166],[4.87634286806697,52.34445272238372],[4.876388337988466,52.34445471619909],[4.87638824491548,52.344462804790034],[4.876842985770232,52.34447914705341],[4.876844515203302,52.34447376098712],[4.876891452609259,52.344475760937115],[4.876892899386507,52.34447756472923],[4.876895772279011,52.344482969778184],[4.876903099147721,52.34448390014693],[4.876910426016742,52.34448483051521],[4.878072205746962,52.344527582665044],[4.878130913719086,52.34452693642713],[4.878160303774068,52.34452346773347],[4.878173531358382,52.34452172707243],[4.87819854999696,52.34451554323718],[4.878223609845747,52.344505764466476],[4.878245745106087,52.344495074336805],[4.878254601267971,52.344490618537264],[4.878272354799587,52.34447811200604],[4.878296091410628,52.344455744654006],[4.878308026673822,52.34443871921461],[4.878314092175107,52.34442166853517],[4.878318721141092,52.34440191534802],[4.87832382400514,52.34434082046258],[4.878542379221436,52.34434984898449],[4.878534135821937,52.34442890591722],[4.878539624554649,52.34446218425036],[4.878542446157748,52.34447208292246],[4.878549670082757,52.344482000514994],[4.878555457463137,52.344489215602614],[4.878564169429406,52.34449734203582],[4.878587463136591,52.34451362012578],[4.878619592400597,52.344527239849384],[4.878667750300028,52.344550814982405],[4.878727544856053,52.34458342785887],[4.878855969781117,52.34464599514162],[4.879732942495705,52.34508386782861],[4.881047725907797,52.34573841467173],[4.881306015870762,52.34586714525206],[4.881359306240018,52.34582692808771],[4.881368070187254,52.34583056065005],[4.881387331827754,52.345814464995584],[4.881381523332935,52.345809047512866],[4.881418527888053,52.34578134358821],[4.881433110568117,52.34578949489401],[4.881495287532177,52.3457421254324],[4.881509962356513,52.34574218813475],[4.881520214257772,52.34574402949065],[4.881529008915048,52.345744965843075],[4.881536315614982,52.34574769339044],[4.881560000078951,52.345729819051485],[4.881568989235552,52.34571367947987],[4.881567675308024,52.345700192220086],[4.881560460747625,52.345689376080415],[4.881545919026404,52.345677629859374],[4.881532824317548,52.345667687371765],[4.881505167438114,52.345647796121966],[4.881475981672233,52.345633290991294],[4.881435117536234,52.345613343289294],[4.881421992151616,52.34560609698741],[4.881417610197737,52.34560428070826],[4.881402996860578,52.34559882559839],[4.881453331387942,52.345560393311445],[4.881440206015973,52.34555314701153],[4.881524579039128,52.345489694405885],[4.881550891200761,52.34549879458933],[4.881599328092285,52.34549810274428],[4.881662460195958,52.34549567609728],[4.881663876495677,52.345500176029184],[4.881737301386512,52.34549599575385],[4.881736048814758,52.345477116098785],[4.881759538627192,52.34547631764096],[4.881762442875823,52.34547902637324],[4.881769749546422,52.34548175390628],[4.881775598976609,52.345483576439264],[4.881784383355267,52.34548541150549],[4.881790273715966,52.34548363910676],[4.881800586962124,52.345480088041825],[4.881803552606025,52.34547740437657],[4.881806518249569,52.34547472071125],[4.881863780414715,52.34547226889077],[4.881900508174726,52.345468830597554],[4.881915203369076,52.34546709578399],[4.881928441318476,52.34546445597087],[4.881940232251683,52.34546001242594],[4.881950545480395,52.34545646134791],[4.881962356866991,52.3454502203352],[4.881978672953524,52.34543501078646],[4.882128176076982,52.34532240305512],[4.882433121426408,52.345090920919795],[4.882578158566916,52.344983686230705],[4.882677356648351,52.344906814365714],[4.882714318787818,52.3448827049607],[4.882829617531925,52.344809496703625],[4.882860679072013,52.344788058436095],[4.882906445715022,52.34476398649],[4.882959569973099,52.34473814832078],[4.883002340368136,52.344719456231104],[4.883037753072053,52.34470253033637],[4.883105602682534,52.344672260946425],[4.883174909442819,52.344642896499856],[4.883174919646882,52.34464199776679],[4.883227961978946,52.344623349340594],[4.883281004266488,52.344604700890535],[4.883348761757039,52.344582519957974],[4.883407663521105,52.34456479517295],[4.883457729983626,52.34454972908249],[4.8835283712031,52.34453205420404],[4.883600459417837,52.344516182993715],[4.883622522026882,52.34451178298844],[4.883666657425947,52.344502084232374],[4.88375048507332,52.34448626287658],[4.883793132595192,52.34447835529725],[4.883815184975392,52.344474853989134],[4.883835759720657,52.344472245168824],[4.883857812094487,52.34446874385278],[4.8838783970242,52.34446523629186],[4.883916611615083,52.344460006145205],[4.883940121228355,52.34445740978721],[4.883985683194045,52.34445131208455],[4.88401655037326,52.34444694944163],[4.884045939920139,52.344443479285204],[4.884075329462448,52.344440009121485],[4.884135575972976,52.34443307500965],[4.884166422757058,52.344430509794016],[4.884195812281456,52.344427039600355],[4.884248701195147,52.34442187171313],[4.884281015404203,52.34441931270371],[4.88431332960956,52.34441675368544],[4.884345643811221,52.34441419465834],[4.884377958009186,52.3444116356224],[4.884410272203452,52.34440907657763],[4.884442586394022,52.34440651752404],[4.884474890403229,52.34440485719487],[4.884508661848758,52.34440320308974],[4.884540965853142,52.34440154274252],[4.884723040149755,52.34439242936582],[4.884943145745807,52.34439426242973],[4.885267530957319,52.344388448397375],[4.885267541118928,52.34438754966405],[4.885269008557257,52.344387555887494],[4.885270486157138,52.344386663377605],[4.88527195359544,52.34438666960106],[4.885273421033743,52.344386675824474],[4.885274888472046,52.344386682047876],[4.885279290786959,52.34438670071797],[4.885430619784359,52.34437116442459],[4.885432097380449,52.344370271912666],[4.885433564818238,52.344370278134086],[4.885435042414241,52.34436938562212],[4.885436520010182,52.344368493110146],[4.885438007764217,52.34436670186483],[4.885439505676249,52.34436401188609],[4.885442460867536,52.344362226862],[4.885443948621118,52.34436043561658],[4.885446903811989,52.34435865059238],[4.88544985900262,52.34435686556814],[4.885452814193015,52.34435508054379],[4.885455759225385,52.34435419425275],[4.885458714415364,52.34435240922827],[4.885461659447438,52.34435152293708],[4.885464614637002,52.34434973791246],[4.885469027105874,52.3443488578421],[4.885471972137507,52.34434797155067],[4.885476384606054,52.34434709148005],[4.885479319480117,52.344347103921805],[4.885483731948433,52.34434622385089],[4.885486666822441,52.34434623629246],[4.885491079290527,52.344345356221304],[4.885495481601458,52.34434537488331],[4.885498416475414,52.34434538732463],[4.885502818786352,52.34434540598639],[4.885507210940554,52.34434632338136],[4.885510145814576,52.344346335822365],[4.885511613251587,52.3443463420428],[4.885514537969021,52.34434725321705],[4.885518930123648,52.3443481706116],[4.885520387404244,52.344349075565326],[4.885524779559173,52.344349992959685],[4.885527704277116,52.344350904133584],[4.885535010994412,52.34435363143477],[4.885537935712804,52.34435454260843],[4.885540850275255,52.344356352515426],[4.8855452119634,52.34435996610912],[4.885551041089842,52.344363585922636],[4.88555248821577,52.344365389609344],[4.885553925186013,52.3443680920294],[4.885555372312205,52.34436989571607],[4.885556809282769,52.344372598136104],[4.885558256409223,52.34437440182277],[4.885559693380107,52.344377104242746],[4.885569975601871,52.34437624904794],[4.885572910477896,52.34437626148736],[4.885574377915909,52.344376267707055],[4.885575835198561,52.344377172660096],[4.885577292481273,52.344378077613136],[4.885578749764043,52.34437898256615],[4.885590499423956,52.34437813358918],[4.885707965540536,52.34437233995526],[4.885707985845906,52.34437054248848],[4.885718349283123,52.344362497413606],[4.885731485155961,52.34436884450767],[4.885731454699336,52.34437154070783],[4.885848930930363,52.34436484820056],[4.885860670431867,52.344364897930106],[4.885862148019119,52.34436400541285],[4.885862158168678,52.34436310667941],[4.885862168318236,52.34436220794597],[4.885863635755839,52.34436221416213],[4.88586511334294,52.344361321644776],[4.885866580780514,52.344361327860845],[4.885868058367527,52.34436043534345],[4.885878330430341,52.34436047885525],[4.885879818166293,52.3443586876043],[4.885879848613893,52.344355991404065],[4.88587986891229,52.34435419393725],[4.885881366797135,52.344351503952836],[4.885882854532661,52.34434971270187],[4.88588435241717,52.34434702271747],[4.885885840152423,52.34434523146644],[4.885887327887558,52.34434344021542],[4.885888815622572,52.34434164896435],[4.885890313506447,52.34433895897988],[4.885893268677969,52.34433717394448],[4.885894756412533,52.34433538269337],[4.885897701434804,52.34433449639132],[4.885900656605729,52.344332711355754],[4.885903601627709,52.34433182505355],[4.88590655679822,52.344330040017866],[4.885909501819904,52.344329153715506],[4.88591245699,52.344327368679686],[4.885915402011389,52.34432648237717],[4.885919814469062,52.34432560228999],[4.885922759490187,52.344324715987305],[4.885927171947538,52.344323835899864],[4.885930106820227,52.34432384833043],[4.885933051841031,52.344322962027455],[4.885937454149983,52.34432298067308],[4.885941856458937,52.344322999318486],[4.885944791331578,52.34432301174869],[4.88594919364054,52.34432303039385],[4.885952128513183,52.344323042823866],[4.885956530822154,52.344323061468764],[4.885959455547225,52.344323972632],[4.885963847708804,52.34432489001007],[4.885966782581574,52.34432490243972],[4.885969707306978,52.344325813602694],[4.88597409946895,52.3443267309804],[4.885977014047404,52.34432854087666],[4.885979938773257,52.344329452039425],[4.885982863499232,52.344330363202076],[4.885985778078278,52.34433217309813],[4.885988702804553,52.344333084260654],[4.885991617384017,52.344334894156574],[4.88599306452694,52.34433669783794],[4.885995979106819,52.34433850773372],[4.885997426250034,52.34434031141499],[4.885998893686938,52.344340317629424],[4.886000350977086,52.34434122257728],[4.886001818414018,52.34434122879168],[4.886003285850951,52.34434123500602],[4.886004743141218,52.34434213995378],[4.886039961628481,52.34434228909264],[4.886095724233868,52.34434252520771],[4.886147084528909,52.344342742658895],[4.886157356587986,52.34434278614644],[4.886161779185998,52.344341007316764],[4.886163246622953,52.34434101352917],[4.886166181496865,52.34434102595384],[4.886198465110014,52.34434116262081],[4.887114722947738,52.34429380751169],[4.887517043095527,52.3442739361776],[4.887606617315631,52.34426892167224],[4.889111655886679,52.344193476664394],[4.890377357444243,52.344129590925675],[4.890535760678024,52.343875003338745],[4.890577512062675,52.34381585931308],[4.890629555370618,52.343754960902906],[4.890678543080843,52.34370483496507],[4.890849235343768,52.343532087143025],[4.890951692257114,52.34342466364455],[4.890981371912945,52.34339512847282],[4.891116452512582,52.343257283217916],[4.891195128531358,52.34317672311094],[4.89127673905764,52.34309617524779],[4.891489025389946,52.34287776318937],[4.891647912048055,52.34271035741423],[4.891682043067085,52.34267634682231],[4.89198043569501,52.34236841672936],[4.891989340180663,52.34235946622538],[4.891996787315261,52.34234961084636],[4.892013138921635,52.342330804961],[4.892036927607914,52.342303042426096],[4.892044374722446,52.342293187043936],[4.892051821833662,52.34228333166124],[4.892057801571904,52.342273470138934],[4.892065248676819,52.34226361475538],[4.89207122840941,52.34225375323236],[4.892077208139337,52.34224389170895],[4.892083187866599,52.342234030185246],[4.892089167591197,52.34222416866125],[4.892095147313133,52.342214307136906],[4.89210563938195,52.34219457794864],[4.892110161751875,52.34218381155039],[4.892116141463682,52.34217395002488],[4.892123678737891,52.34215600602695],[4.89212669364586,52.34214882842758],[4.892128251209549,52.342140745955376],[4.892131276137687,52.34213266962138],[4.89213429104283,52.34212549202179],[4.892135848604302,52.342117409549466],[4.892137406165204,52.34210932707706],[4.892138953703745,52.34210214333913],[4.892140511263538,52.34209406086668],[4.892156287258109,52.34199526144951],[4.892156457621885,52.341979982962414],[4.892151329772695,52.341913452054435],[4.892137818717831,52.34180913746503],[4.892135174640641,52.34178306188625],[4.892121603530346,52.341684139699915],[4.892127813675255,52.341653607277216],[4.892132496332725,52.341628461123356],[4.892119095648828,52.34151426044536],[4.892117678414471,52.341509760633855],[4.892116271202469,52.341504362087754],[4.892116321312805,52.341499868414665],[4.892114904079183,52.341495368603155],[4.892113486845847,52.341490868791645],[4.892110602269149,52.34148636284158],[4.892109185036534,52.34148186302997],[4.892106300460853,52.34147735707981],[4.89210488322896,52.34147285726815],[4.892101998654301,52.34146835131788],[4.892099114080225,52.34146384536756],[4.892096229506734,52.34145933941713],[4.892088982996444,52.341451220111956],[4.892081736488803,52.34144310080633],[4.892073022641869,52.34143497536127],[4.891953883593375,52.3413284212204],[4.891887047786849,52.34126882225591],[4.891683616813164,52.341089114110844],[4.891677807676363,52.34108369712777],[4.8916705312109,52.34107827400045],[4.891664732108197,52.341071958282065],[4.891658933007143,52.341065642563414],[4.891654591205899,52.34106023172322],[4.891648792107816,52.34105391600401],[4.89164299301138,52.34104760028456],[4.891640108511145,52.34104309432272],[4.891637224011491,52.34103858836083],[4.891634329480735,52.3410349811335],[4.891631444982194,52.34103047517147],[4.891628560484238,52.341025969209355],[4.891627143315059,52.34102146939168],[4.891625726146165,52.34101696957394],[4.891624319009442,52.34101157102155],[4.891622901841149,52.3410070712038],[4.891622962032617,52.34100167879588],[4.891621544864773,52.34099717897807],[4.891621605056389,52.34099178657017],[4.891621655216054,52.34098729289691],[4.891621695343781,52.3409836979583],[4.891620268144674,52.34098009687511],[4.891620308272503,52.340976501936495],[4.891618881073738,52.34097290085331],[4.891618921201672,52.340969305914676],[4.89161750403526,52.34096480609684],[4.891609572875943,52.34088657931319],[4.891611050231791,52.34088568672318],[4.891614145392054,52.34087131925772],[4.891629370370048,52.34082195029566],[4.891654392322922,52.340683643460515],[4.891670723396391,52.340666635085135],[4.891685577110886,52.34065051929842],[4.891695978716734,52.34063887875265],[4.891707847632293,52.34062724434944],[4.891721213945838,52.34061291988411],[4.89174941386077,52.34058427709166],[4.891753865947737,52.34057980184669],[4.891758308004762,52.340576225336235],[4.89176275006107,52.34057264882568],[4.891767202145525,52.34056817358018],[4.891771644200308,52.34056459706926],[4.891776086254378,52.340561020558184],[4.891781995620608,52.34055745018943],[4.891786427644657,52.3405547724127],[4.891792337009226,52.34055120204347],[4.891798246372844,52.34054763167393],[4.891804145707403,52.34054496003882],[4.891810045041254,52.34054228840345],[4.891815954402261,52.340538718033],[4.891821853734572,52.34053604639703],[4.891827753066172,52.34053337476077],[4.891835119709067,52.34053070926604],[4.891841009011806,52.34052893636388],[4.891848375653172,52.340526270868374],[4.891854264954793,52.34052449796552],[4.891861621567691,52.340522731203926],[4.891868988206794,52.34052006570713],[4.89187634481837,52.34051829894459],[4.891882224091304,52.34051742477512],[4.891886636052458,52.340516544464165],[4.891891037987101,52.340516562887736],[4.891895449947996,52.3405156825764],[4.891898384571036,52.34051569485863],[4.891902786505599,52.34051571328181],[4.891918916906595,52.34051667956683],[4.891920384218152,52.34051668570764],[4.892108270254886,52.34051118043905],[4.892275603869857,52.34050648769895],[4.89237247646538,52.340504196457694],[4.892376878399059,52.34050421486323],[4.892592843481842,52.34048085069282],[4.892594310792334,52.34048085682527],[4.892595778102828,52.34048086295773],[4.892597245413323,52.34048086909016],[4.892597255425351,52.34047997035528],[4.892598732747815,52.340479077752846],[4.892600210070221,52.340478185150396],[4.892600220082188,52.34047728641557],[4.892600230094155,52.34047638768068],[4.892600240106122,52.34047548894583],[4.892690963093445,52.3404983374899],[4.892706943358441,52.34051278469034],[4.892714229867946,52.340517309019745],[4.892721526388462,52.34052093461378],[4.892728812900793,52.340525458942224],[4.892736099414609,52.34052998327021],[4.892743395938995,52.34053360886292],[4.892750682455637,52.34053813319],[4.892757978982554,52.34054175878179],[4.892766742823324,52.340545390503465],[4.89277403935275,52.34054901609426],[4.892782803196266,52.34055264781475],[4.892791577049336,52.340555380799714],[4.892800340895549,52.34055901251888],[4.892807637429962,52.34056263810759],[4.892816411286539,52.34056537109071],[4.8928251851442,52.3405681040732],[4.892835426316454,52.340570843184494],[4.892844200176372,52.34057357616554],[4.892852974037369,52.34057630914595],[4.892861757906151,52.340578143390836],[4.892871999082988,52.34058088249896],[4.892880782953465,52.34058271674243],[4.892891034138646,52.34058455711407],[4.892899818010642,52.34058639135613],[4.892910069197465,52.34058823172611],[4.892920330390662,52.34058917336031],[4.892930591584297,52.34059011499362],[4.892939385464169,52.34059105049791],[4.892949646658647,52.34059199212956],[4.892970169048916,52.340593875390226],[4.892990711449131,52.34059396117762],[4.893328103776064,52.340603458645],[4.893449870906408,52.340605764290785],[4.893619909570565,52.34062175279663],[4.893631638102141,52.34062270048887],[4.893668301005754,52.340624650942935],[4.893687376106519,52.3406247304902],[4.893715245110654,52.340625745480985],[4.893938227145161,52.340631168966254],[4.89395144297117,52.34063032527269],[4.893963181496617,52.34063037419712],[4.893976397321925,52.34062953050073],[4.893989603162857,52.34062958553784],[4.894002818987436,52.3406287418385],[4.894026306020804,52.34062794094106],[4.894042456475387,52.34062710946664],[4.894107058287744,52.34062378354702],[4.894339023839459,52.34061306572875],[4.894412439475484,52.34060887757186],[4.894902801759563,52.34058575268413],[4.895852681403158,52.340542065085664],[4.895981884505946,52.34053541123337],[4.896112544942307,52.34052966206397],[4.89641061806892,52.340512024279086],[4.89654571011484,52.340503596680584],[4.896661707198456,52.34049688733376],[4.896691073291866,52.34049521149971],[4.896946554242376,52.340480990929684],[4.897229943691928,52.34046418902923],[4.897307770663355,52.3404591185643],[4.897422270464604,52.34045509860351],[4.897517685298019,52.34045189834085],[4.897585221221773,52.34044858266391],[4.897654234355409,52.34044437428271],[4.898604098446722,52.340401563320455],[4.898762597477087,52.34039952126244],[4.899076670759316,52.34039452566971],[4.900025065141582,52.34035169724327],[4.901024951217782,52.340296489897526],[4.90127014869146,52.34028311652736],[4.901409621384525,52.34027649891865],[4.901497699030841,52.340273265329294],[4.901571113443563,52.34026907272829],[4.901619554170382,52.34026747394327],[4.901722324487976,52.3402625029191],[4.901748745802926,52.34026171252648],[4.901836823396015,52.3402584786846],[4.901883806621238,52.34025597503766],[4.901949874624154,52.34025265085102],[4.901952809233383,52.34025266288382],[4.902037952185098,52.34024941685935],[4.903251971567092,52.34020315735095],[4.903266654395107,52.34020231861658],[4.903880319803908,52.34017426803156],[4.904217985115711,52.34015856983048],[4.90483899560386,52.340129645475976],[4.905085638814588,52.34011806764811],[4.905360180112544,52.34010480534463],[4.905556905604989,52.34009571961255],[4.905646459648003,52.34009159016893],[4.905722798230075,52.34008830566807],[4.905760957771562,52.3400875621355],[4.905780032669353,52.340087639732765],[4.905828443820082,52.34008873543302],[4.905934079670579,52.34009006384003],[4.906394841071697,52.340089240369366],[4.906405112171662,52.34008928209789],[4.906548897844075,52.340090764939696],[4.906689748926371,52.34009223569159],[4.906820328917044,52.340093664584224],[4.906827665418119,52.34009369436402],[4.906835001919205,52.34009372414333],[4.906842328696827,52.340094652658664],[4.906849665198086,52.34009468243709],[4.906857001699352,52.340094712215034],[4.906864328477604,52.34009564072903],[4.906871655256161,52.34009656924251],[4.906878982035026,52.340097497755586],[4.907202827911762,52.34013835783279],[4.907220406385392,52.340141125456086],[4.907239461878619,52.34014300029106],[4.907258507658405,52.34014577385954],[4.907277563155255,52.34014764868837],[4.907296618653727,52.340149523514164],[4.907315674153817,52.34015139833691],[4.90733912184892,52.34015418974187],[4.907350850554179,52.340155136074344],[4.907362579259945,52.340156082405656],[4.907375775268616,52.34015703468494],[4.907384569370546,52.34015796911582],[4.907393363472846,52.340158903546055],[4.907402167287676,52.34015893923909],[4.907410961390544,52.340159873668],[4.907419765205585,52.34015990935976],[4.907430036323155,52.34015995099931],[4.907438830426815,52.34016088542613],[4.907447643953324,52.340160022379294],[4.907449111255842,52.340160028327475],[4.907456447768434,52.340160058068314],[4.907463793991949,52.34015918907213],[4.907471140215176,52.3401583200755],[4.907478496148729,52.34015655234187],[4.907485842371234,52.34015568334433],[4.907493188593456,52.340154814346334],[4.907500544525555,52.34015304661134],[4.907507900457069,52.340151278875936],[4.907515256387998,52.34014951114],[4.907521145016217,52.34014773745634],[4.907528500946033,52.34014596971962],[4.907534399282733,52.340143297298745],[4.907543232222506,52.340140636771686],[4.907550597859417,52.34013797029706],[4.907559430797161,52.34013530976879],[4.907566806141035,52.34013174455658],[4.907574171775055,52.34012907808047],[4.907583014418108,52.34012551881391],[4.907590389758461,52.34012195360025],[4.907597765097632,52.340118388386124],[4.907605140435614,52.340114823171504],[4.907608084745691,52.340113936327434],[4.907611038763565,52.34011215074681],[4.907688708651802,52.34012145323511],[4.907805947196385,52.34013540984394],[4.907807414498151,52.34013541578772],[4.907814731599393,52.34013724297938],[4.908006705644923,52.340160489858555],[4.908074075485174,52.34017244671428],[4.908172055106146,52.34020340172799],[4.908177904929532,52.340205222958],[4.9082481513229,52.340222584012416],[4.908314005549123,52.340239028476226],[4.908429631926311,52.340266459578714],[4.908845272097346,52.340367904449764],[4.909243354790473,52.34046478306733],[4.90927115634053,52.34047208555064],[4.909298967573596,52.34047848929075],[4.909353103404555,52.3404930883001],[4.909380904990471,52.34050039075764],[4.909407239271196,52.340507687284706],[4.909435040875192,52.34051498972952],[4.909487699810472,52.34053048149034],[4.909515501442034,52.34053778391622],[4.909527191618784,52.34054232497974],[4.9095564509114,52.340550532055126],[4.909584242898789,52.34055873320157],[4.909612025228936,52.3405678330781],[4.90964127488717,52.34057693886916],[4.909669057240436,52.340586038732354],[4.909736331526931,52.34060698200856],[4.909778738777703,52.340620634727046],[4.909819678735993,52.340634281511484],[4.909865011014264,52.34064884477332],[4.909910333660807,52.34066430675446],[4.909955665999572,52.340678869981566],[4.910000988708439,52.34069433192796],[4.910043386465466,52.34070888328825],[4.910084326586737,52.340722529981065],[4.91012672439809,52.340737081311474],[4.910139882012207,52.3407416282294],[4.91018373752676,52.34075708419091],[4.91022759307189,52.340772540136136],[4.910271448647601,52.34078799606507],[4.910313836929603,52.340803446065095],[4.910357682913452,52.340819800698775],[4.910391305911102,52.34083162025087],[4.910424928926678,52.34084343979341],[4.910458542309714,52.34085615806308],[4.910492165361825,52.34086797758651],[4.910525778782751,52.3408806958371],[4.91055792489566,52.34089340816846],[4.910578380645463,52.340901579532634],[4.910600303730655,52.340909756802446],[4.910620759495812,52.34091792815929],[4.910641205621716,52.340926998249316],[4.91083841746877,52.341009580793646],[4.910952348715306,52.34105857320589],[4.911146569235914,52.341146535846526],[4.911203506267391,52.34117372812799],[4.911375756224016,52.341258006917315],[4.911488125063564,52.34131598028047],[4.911664672257746,52.341410162446586],[4.911771143601909,52.34147080816627],[4.911839695117585,52.341509730875046],[4.912013222554003,52.34161198936219],[4.912027799878072,52.34162103564533],[4.912042386826697,52.34162918318987],[4.912070074151472,52.34164726985611],[4.912084651498715,52.341656316132216],[4.9120992288519,52.34166536240648],[4.912112338857637,52.34167440278852],[4.912125448868714,52.34168344316911],[4.912147305310044,52.341697911308984],[4.912186625785761,52.3417259311714],[4.912207014912362,52.34174039341063],[4.912227404052247,52.341754855646364],[4.912246325848864,52.34176931198982],[4.912266715014836,52.34178377421871],[4.912285636836574,52.3417982305558],[4.912303091312641,52.34181268100175],[4.912322013158542,52.34182713733299],[4.912340935016763,52.34184159366116],[4.912356941393048,52.34185424073802],[4.912374405526291,52.34186779243661],[4.912390411921551,52.341880439508905],[4.912627401287374,52.34208631082395],[4.912636109422756,52.34209533349523],[4.912646294535892,52.342103463312945],[4.912655002678473,52.34211248598282],[4.912663710824592,52.34212150865203],[4.912672418974248,52.3421305313206],[4.912681127127438,52.342139553988474],[4.912689835284168,52.34214857665573],[4.912698543444433,52.342157599322356],[4.912707242002932,52.342167520725006],[4.912723171761127,52.34218735764552],[4.912724619921666,52.342189161001805],[4.912734766653499,52.342200885758686],[4.912743436414808,52.34221350336874],[4.912753583157161,52.34222522812397],[4.912762262532767,52.342236946995925],[4.912770941912946,52.34224866586721],[4.912779621297704,52.34226038473781],[4.912802763144954,52.34229193463516],[4.912824437650078,52.34232347864625],[4.91284757956197,52.342355028534534],[4.912869254129641,52.34238657253705],[4.912890928728062,52.34241811653546],[4.912912603357233,52.3424496605297],[4.912951627367686,52.34250554097227],[4.912977646629125,52.34254249501437],[4.91303397225006,52.34262720555794],[4.913046977145905,52.34264613193864],[4.91305997245452,52.342665957054535],[4.91307296777472,52.3426857821689],[4.913085963106509,52.342705607281786],[4.913097491061572,52.342725426514946],[4.913110486415873,52.34274525162499],[4.913120566196718,52.3427632675044],[4.91313210377901,52.342782187997315],[4.913152253786627,52.34281911848788],[4.913162333601119,52.34283713436346],[4.913172403827692,52.34285604897482],[4.913182483658705,52.342874064848566],[4.913183903072693,52.34287856440896],[4.913192525115159,52.34289567566796],[4.913201137568745,52.34291368566294],[4.913209750029296,52.342931695657185],[4.913218372091989,52.342948806914166],[4.91322698456631,52.34296681690708],[4.913241313119736,52.34299923019141],[4.913265606467557,52.343060444179415],[4.913282754753273,52.34310365404988],[4.913294350054884,52.343117182106255],[4.913299931852984,52.343144167707734],[4.913299922259409,52.343145066444364],[4.913304228531168,52.34315407143762],[4.913325654392318,52.34320898250397],[4.913328522049882,52.34321528541101],[4.913351386599067,52.34327289855729],[4.913358550967678,52.34328910519129],[4.913379996144748,52.34334221877336],[4.913830744708315,52.34387070458395],[4.913813740514975,52.34395152630896],[4.91343889397198,52.34469870581795],[4.913281510381415,52.345144766749414],[4.913157596525128,52.34575453847344],[4.912945723191879,52.34649248233186],[4.912845102678875,52.34684439867845],[4.912703368032785,52.3473354601209],[4.912228343012609,52.3481136908726],[4.911060124025445,52.35002787981334],[4.910244399169951,52.35136466740929],[4.909044586542317,52.35265316202353]]]]}}]}