{"type":"FeatureCollection","name":"beschermde_gezichten","features":[{"type":"Feature","properties":{"gezicht_uri":"https://linkeddata.cultureelerfgoed.nl/cho-kennis/id/gezicht/10134189","gezichtsnummer":"243","naam":"Mijnkoloniën Brunssum"},"geometry":{"type":"MultiPolygon","coordinates":[[[[5.974736606683126,50.955312715336404],[5.97464017409786,50.95567546088395],[5.97424542596439,50.95563431590686],[5.973814941172126,50.95558076607232],[5.973656725872614,50.95556179180397],[5.973505683250638,50.95554727549204],[5.973353194809607,50.95553096850558],[5.973244890976646,50.95551983107141],[5.973257254079646,50.955484711441535],[5.973285895949931,50.95538658649516],[5.973321219729938,50.955254269562865],[5.973375405671111,50.95503825954085],[5.973392776439471,50.954949180617554],[5.973496752676431,50.9549558453296],[5.973644867311084,50.95496408418577],[5.973785866586195,50.9549723589021],[5.9739368389069,50.954981481805845],[5.973959631064775,50.95498316409751],[5.974388321711984,50.95500795771203],[5.974423933076501,50.95501047379686],[5.974430682811684,50.954981674800365],[5.974441530367128,50.95493937153679],[5.974455052642759,50.9548835712232],[5.974467243233897,50.95483496885324],[5.974475381708872,50.95480346611346],[5.974495733562486,50.95472515868201],[5.974513410638996,50.95466034829758],[5.97451471942083,50.95465135267028],[5.97452969888373,50.95459824165216],[5.974547410153734,50.954536127785296],[5.974551496483961,50.95452172467403],[5.97426656293865,50.95449800063457],[5.974027202083682,50.95447674161476],[5.974013919213316,50.954551417537985],[5.974001922343072,50.95461530015626],[5.973992737329732,50.95467647182586],[5.973982186311034,50.95474214491173],[5.973976494010257,50.954742173760735],[5.973814126449038,50.95473220974889],[5.973674539563997,50.9547230290164],[5.973533529659351,50.954713855322325],[5.973375431513135,50.95470386907472],[5.973240125424734,50.95469556504476],[5.973074923435825,50.95468651324344],[5.97304358161367,50.954683975141165],[5.972896891054692,50.95467572831547],[5.972815707495613,50.95467074558084],[5.972733089486306,50.9546648711452],[5.972587822114691,50.954656616730915],[5.972529419175372,50.95465241751195],[5.972416905322232,50.954645795088744],[5.972332875721361,50.95464082640158],[5.972254549812514,50.95463672773049],[5.972110694302281,50.95462756668526],[5.972086490695571,50.95462679005945],[5.971936942961669,50.954617657554095],[5.971781703000009,50.954608553596685],[5.971626451725837,50.954598550589864],[5.971461227651569,50.95458769880316],[5.971293157512681,50.95457686113909],[5.971117960736938,50.95456516027539],[5.970959852248782,50.95455427188737],[5.970803178260849,50.95454427495145],[5.970633696714598,50.95453434234448],[5.970469918867401,50.95452527965433],[5.970123818094918,50.95450365135805],[5.970073500274289,50.954463454253755],[5.970015449388628,50.95448711785042],[5.969968879214752,50.95440555250405],[5.970022660827319,50.954381910421816],[5.969996739449446,50.95435777064552],[5.970012313765578,50.95435139995816],[5.969767955509066,50.95415936658528],[5.969802063554532,50.95415559936296],[5.96978910865194,50.954143978871436],[5.969958922980427,50.95406761677651],[5.97006080450252,50.954021260095665],[5.970067999168008,50.954027516165],[5.970069263428568,50.954014925220946],[5.969998728590098,50.95395145850324],[5.969948343441366,50.9539058682951],[5.9699022728951,50.9538638519444],[5.969850464889671,50.953818268855564],[5.969802948799371,50.953774461943674],[5.969733860410301,50.95371278558563],[5.969646068641044,50.9536350231076],[5.969828495957507,50.95354331647084],[5.969777998057624,50.95348873777338],[5.969762423999363,50.95349510842879],[5.969542194870961,50.95329755979495],[5.969478101794749,50.953293387664644],[5.96926078885379,50.953101217227896],[5.969601822738254,50.9529475883507],[5.969614777257185,50.95295920886363],[5.969631706175343,50.95294743802088],[5.969506486977162,50.95283570558058],[5.96982915496929,50.95269295517847],[5.969903746926301,50.952626960188354],[5.971467989750522,50.951859507410795],[5.971794196083127,50.951772465348],[5.97188951326804,50.95177018621407],[5.972932958121304,50.952469648427105],[5.973064889231978,50.952548982869345],[5.973469485759487,50.952807615397575],[5.973504026036124,50.952838003043794],[5.97356876920971,50.952893406880925],[5.973610504588652,50.952930050346055],[5.973655097486802,50.952967578220715],[5.973747186614454,50.95304711370424],[5.973794671443348,50.95308822246988],[5.973879554588622,50.95316060316939],[5.974001904910502,50.95326964876547],[5.974014620827884,50.953262393125414],[5.974115363563888,50.953350873447484],[5.974108282664523,50.953353606039215],[5.974351802887293,50.95359057949002],[5.97439936879906,50.953637979892214],[5.974446969090852,50.9536880767973],[5.974493089300076,50.953733686696964],[5.974542089979264,50.95378197866249],[5.974591079330717,50.9538293717663],[5.974645863858721,50.95388482553519],[5.974703506051602,50.95394116367661],[5.974761502828659,50.95402536585431],[5.974772738611782,50.95401362314859],[5.97483308367882,50.95394679836848],[5.974837284219689,50.95394138365549],[5.974953876226092,50.95382123828203],[5.975060712235471,50.95371732250499],[5.975062112400049,50.95371551759794],[5.975098646950664,50.95356701377684],[5.975144925129983,50.95340138138529],[5.975195071600947,50.95320426786861],[5.975224925021405,50.953089956093464],[5.975280820107181,50.9528973078351],[5.975267833922013,50.95277152795701],[5.975307835037396,50.95256008353854],[5.975333292869355,50.952435906174706],[5.975335932879305,50.952419712584145],[5.975347915902213,50.95235493099238],[5.975399979296132,50.95208499683657],[5.975424990233641,50.95192576466648],[5.975435412667317,50.95185020420782],[5.975448406323303,50.9517530571112],[5.975452308988147,50.95172427251828],[5.975476022492406,50.951574934816264],[5.975489256374812,50.951496663370214],[5.97549853036858,50.95144268231377],[5.975502570343551,50.95142468380759],[5.975507873024897,50.951394094300795],[5.975514507090543,50.951356306837305],[5.975515827033902,50.95134821004017],[5.97552652393621,50.95129422175072],[5.975538575093539,50.951234833184984],[5.975542592139166,50.95121503699615],[5.975558671735819,50.95113675108025],[5.975565431655694,50.95110885086158],[5.97559369958298,50.95098196245973],[5.975595099644257,50.95098015754647],[5.975646435564394,50.95076505980162],[5.975646366865486,50.95075966675764],[5.97564487521456,50.95075428094616],[5.97564197206184,50.95074980120785],[5.975637645957922,50.950745328701906],[5.975631908352745,50.95074176226885],[5.975627605149442,50.95073908744384],[5.975654861933816,50.9506445645245],[5.975747256397462,50.95041307785143],[5.975734427021028,50.950411345273345],[5.975764380397668,50.95030512293355],[5.975798705515636,50.95020696844905],[5.975819316550977,50.95014933413055],[5.975839916081814,50.95009080096784],[5.975844035981751,50.95007909433491],[5.97586732095488,50.950007962928744],[5.975886543252267,50.94995303235576],[5.975892028783558,50.94993682428253],[5.97591670217223,50.94986298910943],[5.975935901440994,50.9498062608473],[5.975960551779467,50.949730627983925],[5.975968848731352,50.94971170891264],[5.975988070786162,50.94965677832339],[5.976007315708444,50.949603645412274],[5.976034800194641,50.94952709921914],[5.976070524162478,50.94942713973838],[5.976103528201254,50.94933708196966],[5.976103493826521,50.949334385447855],[5.976107774009506,50.9493352625741],[5.976142006013842,50.94922991726659],[5.976169432759674,50.949148876839644],[5.97617628370139,50.949128167311656],[5.976194151128906,50.94907863697179],[5.97621613823037,50.949017399983504],[5.976240822076681,50.94894446358425],[5.976246318826229,50.94892915433542],[5.976264174641326,50.94887872514456],[5.976284715740422,50.948815697702585],[5.976316261653641,50.94872295059382],[5.976347841829243,50.948632899998444],[5.976378021925298,50.94854465431726],[5.976408201906732,50.94845640862853],[5.976437073539318,50.94837715857966],[5.976463145180531,50.94830151837095],[5.97648652003817,50.948237577569],[5.976519510959562,50.94814662084509],[5.976534623633449,50.94810429566488],[5.976564917699352,50.948025038341896],[5.97661030126616,50.94790165814041],[5.976577483658037,50.94789463402927],[5.976615763367385,50.947883652353084],[5.976629716769712,50.94786200773693],[5.97665476634391,50.9478178341487],[5.97668541555813,50.947766440850685],[5.976720241521391,50.94770783508403],[5.976756467311987,50.947647424380094],[5.976780139678005,50.94760685337327],[5.976837237757745,50.94750948148795],[5.976844214352483,50.94749865916699],[5.976862321360844,50.9474680043771],[5.976897146876163,50.9474093985582],[5.976913865386905,50.947381447529544],[5.976952856043376,50.94731473038604],[5.97697932785836,50.94727054948044],[5.977019729694372,50.94720292622565],[5.97705316639888,50.9471470241312],[5.977061508348168,50.947131700345444],[5.977085191660384,50.947092028117765],[5.977107486525386,50.947055059656954],[5.977129758399924,50.94701629351108],[5.977230055990072,50.94684768826522],[5.977238397827018,50.94683236446696],[5.977280233212229,50.94676563271133],[5.977391831925057,50.946590677424936],[5.977566731591691,50.94624730512838],[5.977754740373236,50.945705209018556],[5.977821144096317,50.94522306041207],[5.97785327784247,50.94495412567633],[5.977863545395437,50.94486688009008],[5.97786998126977,50.94481381221381],[5.97791692366882,50.94436771880601],[5.978012102921195,50.94402205588343],[5.978017483567501,50.943997758150424],[5.978033809377092,50.9439392463946],[5.978050146639961,50.94388163347684],[5.978070568161663,50.94380961732659],[5.978084140326219,50.94375831081018],[5.978090897659616,50.943730410450684],[5.978142696874784,50.94355306294086],[5.978184996495941,50.943411719863164],[5.978227307357627,50.943271275610925],[5.978231575520975,50.94327125381921],[5.97825749190133,50.94318392829734],[5.978254646464487,50.9431839428258],[5.978281870482947,50.94308762163202],[5.978307706173358,50.94299400421771],[5.978371710094373,50.94276985153329],[5.97839885312337,50.94266723843172],[5.978383341400838,50.942678104438926],[5.978300928125336,50.942686615386236],[5.978151716735104,50.94270086069318],[5.978114806908361,50.942707341405125],[5.978067972626158,50.942716569459805],[5.977987119840098,50.94273585900531],[5.977911980790068,50.942756917135284],[5.977907724165205,50.942757837755444],[5.977831219785584,50.942783397294455],[5.977759017907078,50.94281163152977],[5.977739203399451,50.94281982270434],[5.977689684330088,50.94284164888643],[5.9776232305379,50.942874348209834],[5.97757378026367,50.942901567384496],[5.977561079235229,50.94290972224931],[5.977498996737184,50.94295048929764],[5.977441205231987,50.942993032231065],[5.97741304950032,50.94301654716101],[5.977389138920154,50.943038242642764],[5.977334295956345,50.9430888605793],[5.977299233160343,50.94312859087267],[5.977286600896492,50.94314213874981],[5.977247476476219,50.9431980699113],[5.977211266269884,50.94325937959932],[5.977201513820236,50.94327560948564],[5.977161264859638,50.9433549177198],[5.977140417488683,50.943393676616616],[5.97712235815483,50.943427926807175],[5.977074960857902,50.943504574742136],[5.977023272262972,50.943579446724534],[5.977021883954799,50.94358215049486],[5.977097529683335,50.94360064191721],[5.977042570988199,50.943642271313415],[5.97683311879709,50.94384199500859],[5.976801635019101,50.943827772986424],[5.976760880247442,50.94386753210423],[5.976662423728021,50.94395702447981],[5.97664414594792,50.94397419662813],[5.976586455570946,50.944024828703014],[5.976525896645747,50.94407367755449],[5.976462480633716,50.94412164201857],[5.97640737173564,50.9441515861891],[5.976349394344387,50.94417974713423],[5.976287102790818,50.94420433440878],[5.976223342584242,50.944225333527136],[5.976132630239964,50.94425276202303],[5.976041871966208,50.944276595085896],[5.97591416782517,50.94430421156921],[5.975569354433304,50.944377876531405],[5.975394778859885,50.9444120229499],[5.975210117890187,50.94443633244696],[5.974729762997602,50.94448101964381],[5.974485425459977,50.94451192313667],[5.974099188267096,50.94457320927039],[5.973873494108222,50.94461570263059],[5.973835193622139,50.94462488571485],[5.973519000918868,50.944711882990376],[5.973482145860488,50.944722856433785],[5.973374505941472,50.944762054171456],[5.97311620775277,50.944589874368106],[5.973103300302787,50.944581849609314],[5.973067469093854,50.944561356287075],[5.973007382596254,50.9445355923073],[5.97193929021307,50.94412300458549],[5.97192070347928,50.94411590728199],[5.971894991635494,50.944107947065284],[5.971879284533614,50.94410353190612],[5.971846436217311,50.944093809925846],[5.971795058079603,50.94408148481802],[5.971752273310793,50.944073610786965],[5.971729361527416,50.94406204080021],[5.97163814655593,50.94404991677014],[5.971636723809489,50.944049923953095],[5.971633878316602,50.94404993831895],[5.971632444200596,50.94404904666072],[5.971631010084642,50.9440481550025],[5.971629575968743,50.944047263344245],[5.971628153222381,50.9440472705271],[5.971626719106567,50.9440463788688],[5.971625284990806,50.94404548721048],[5.971623839505702,50.94404369671106],[5.971623828136304,50.94404279786996],[5.971622394020712,50.94404190621159],[5.971622382651343,50.94404100737047],[5.971620948535833,50.94404011571213],[5.971620925797153,50.94403831802989],[5.971620914427814,50.94403741918877],[5.971620891689138,50.94403562150653],[5.9716208803198,50.94403472266543],[5.971632150144122,50.94391331446928],[5.971632138774606,50.94391241562817],[5.97163212740509,50.94391151678705],[5.971632116035574,50.943910617945946],[5.971632104666058,50.94390971910482],[5.971630681923933,50.94390972628769],[5.971630670554445,50.94390882744658],[5.971629236442888,50.94390793578834],[5.971629225073428,50.9439070369472],[5.97160050874777,50.943886507254874],[5.971599074637488,50.943885615596244],[5.971597640527259,50.943884723937586],[5.971597629158422,50.94388382509646],[5.971597617789588,50.943882926255355],[5.971597606420751,50.943882027414226],[5.971597595051918,50.94388112857311],[5.971597538207752,50.9438766343675],[5.971598847260297,50.94386763877383],[5.971598835891442,50.943866739932744],[5.971598824522588,50.94386584109161],[5.97159739041298,50.94386494943293],[5.971597379044156,50.94386405059182],[5.971597367675331,50.94386315175071],[5.971595933565833,50.94386226009204],[5.971594499456396,50.94386136843333],[5.971581592473914,50.94385334350427],[5.9715815811054,50.94385244466315],[5.971580158365026,50.94385245184542],[5.971578724256194,50.94385156018651],[5.971365860886524,50.94378341937512],[5.971352976693552,50.94377719210282],[5.971341515241964,50.94377095764975],[5.971334356097669,50.943767398181436],[5.97132718559094,50.94376293987153],[5.971317158247182,50.94375759707806],[5.971309987743632,50.94375313876709],[5.971301383141199,50.94374778879335],[5.971287030778821,50.94373797332784],[5.971279860281221,50.943733515014976],[5.971265496565521,50.94372280070559],[5.971258326072354,50.943718342391435],[5.971252566954676,50.94371297805741],[5.971245385102349,50.94370762090123],[5.971239625987513,50.94370225656661],[5.971232444138355,50.943696899409645],[5.971226673664797,50.943690636233164],[5.971220914554252,50.94368527189761],[5.971215155445045,50.94367990756174],[5.971209384975957,50.94367364438442],[5.971203625869538,50.94366828004795],[5.971197855403469,50.94366201687007],[5.971193519034268,50.943656645355574],[5.971187748571023,50.943650382177175],[5.971183412204093,50.94364501066227],[5.971177641743679,50.94363874748338],[5.971173294018513,50.9436324771269],[5.971168946294532,50.94362620677034],[5.971079456187692,50.94341272034414],[5.971045344814812,50.94341558908825],[5.971045265309216,50.943409297199956],[5.970927235757822,50.94341438692438],[5.97090406333839,50.94338214342592],[5.97087846562437,50.9433831713947],[5.970869361542473,50.94333827237553],[5.97075220206648,50.94284896338902],[5.970715911629974,50.9426792545216],[5.970697023028484,50.94253552598359],[5.970698025745066,50.94250226168707],[5.970683700472247,50.94238188150459],[5.970719256503066,50.942380803379095],[5.970823079195051,50.94237758328282],[5.970872862170001,50.942376433380616],[5.971060601127055,50.9423709921235],[5.971288164126974,50.9423644507275],[5.971498666094491,50.942358893900725],[5.971960916623113,50.94234667184725],[5.97232645788998,50.942337633523024],[5.972727543559464,50.94232661646201],[5.973846894799997,50.942296678888646],[5.974583506405649,50.94226597653512],[5.975346827766555,50.94220996462274],[5.975750493615052,50.94217824930286],[5.976023397702582,50.942157085677096],[5.976279240758102,50.94213690712894],[5.976438444105337,50.94212531006592],[5.976647384042939,50.94210896503812],[5.97686627115637,50.94209167006394],[5.977458979645747,50.942045502167005],[5.977618331684836,50.942045588407126],[5.977769319946637,50.94205920058183],[5.978135432498625,50.94209508593926],[5.978180992905004,50.942097550044835],[5.978502991305626,50.9421327605514],[5.978596025699181,50.94173137634795],[5.978687658841177,50.94133179702419],[5.978687520770583,50.94132101094216],[5.978677926281167,50.94123836126272],[5.978667208311967,50.94117908869616],[5.978652233911268,50.94112073677586],[5.978628700621112,50.94106063078577],[5.978598077144802,50.94100235881304],[5.978558929352733,50.94094502927969],[5.978512702926576,50.9408904325901],[5.978453638291336,50.94083320476091],[5.97838749508074,50.94077870975087],[5.978315707449233,50.94072783912318],[5.978238263901543,50.940679694027075],[5.978163780749635,50.94064052275541],[5.97808508727666,50.94060586742287],[5.978000772323036,50.94057663412225],[5.977912247016622,50.94055191674103],[5.977793766015396,50.94052105984072],[5.977180692525615,50.941199259212866],[5.97698573099995,50.94141868513723],[5.976335497931334,50.94108131363017],[5.975981697186144,50.94089434499857],[5.975845629546304,50.94082312511325],[5.976121764630008,50.940609580458364],[5.976171075834699,50.940571575821245],[5.976175378120381,50.9405742506272],[5.976552942317839,50.940281984609896],[5.97636247196057,50.94018407534492],[5.976346593869573,50.940166178183595],[5.976325071127577,50.940151905343455],[5.97573726956523,50.93991129386659],[5.975735846947018,50.93991130109971],[5.975425250856904,50.93976456157614],[5.975430872659683,50.93975913961538],[5.975393632997177,50.93973955307977],[5.975247577076061,50.939665686565824],[5.975244766169729,50.93966839754177],[5.975135835769324,50.9396051290641],[5.97512294080107,50.939598003369916],[5.97502544875781,50.93953917118596],[5.975018267119603,50.93953381426376],[5.97490352117839,50.9394606872166],[5.974879108277293,50.939442833189695],[5.974844680018404,50.93942053550972],[5.974808794900642,50.939395548519165],[5.974780091406078,50.939375918454964],[5.974716902663002,50.93932949646215],[5.974711166549314,50.93932592998161],[5.974600540870164,50.939241096042544],[5.974359945483317,50.93911647090899],[5.974289603736313,50.93917885170473],[5.974194757935852,50.93921618756051],[5.974101323164261,50.93925261728517],[5.974089828220053,50.939243686581065],[5.974059634036048,50.939218670506],[5.973941805531343,50.9391266812715],[5.973912090820369,50.93913941646988],[5.973834528997044,50.93908138116942],[5.97360546869495,50.939080744023435],[5.973354909880244,50.93906763071171],[5.973288025220793,50.939066171589744],[5.973278055671892,50.93906532316938],[5.973084503289241,50.939060010711295],[5.973031422953278,50.939025222322975],[5.973010106870223,50.93902712800031],[5.972960361740354,50.93903097533812],[5.972894387075586,50.93898906094961],[5.972897209471364,50.93898724887146],[5.972768094286476,50.938902506750274],[5.97270927846723,50.938864151636224],[5.972702211088955,50.93886778297904],[5.972498723754699,50.93875195528053],[5.972303807060608,50.938638780600954],[5.972213513167496,50.93858620197341],[5.972103155507809,50.938522038981645],[5.971952670351682,50.93843470724829],[5.971829701338238,50.938610613598016],[5.971539288797801,50.938708262160105],[5.971476945213133,50.93872835263225],[5.971388426919281,50.93870363025277],[5.971274200010578,50.93867094744653],[5.971453017442381,50.93841116225957],[5.97152983823455,50.938298412177154],[5.971381322869311,50.93825421688864],[5.971377043802263,50.938253339586005],[5.971288492389205,50.938225920605504],[5.97089574231869,50.938105651603145],[5.970772459718041,50.93803166464728],[5.970735473121924,50.93803185111415],[5.970870926438368,50.93794307612979],[5.970886461052487,50.937934008811716],[5.970619602887421,50.937868835689535],[5.970572261382582,50.93783761285333],[5.97052201810293,50.9378019101296],[5.970117559119692,50.93776799175464],[5.970044929538878,50.9377620652057],[5.969879720691606,50.93774761570359],[5.969960743867243,50.93762945212808],[5.96985506724183,50.93759762378515],[5.969770830951847,50.937573777523546],[5.969730863655817,50.93756319189283],[5.969596657119899,50.937525214605216],[5.969556689905549,50.93751462891426],[5.96945676062442,50.93748726578517],[5.969383939064664,50.937466058518204],[5.969352529859783,50.93745722750936],[5.969241163872994,50.937425427222976],[5.969128386815733,50.93739453282241],[5.969015598592343,50.9373627394704],[5.968887094697459,50.937325631598156],[5.96875433470308,50.93728944386601],[5.968635834222012,50.937255881049104],[5.968464362861676,50.93730887836003],[5.968161237614413,50.93730051230204],[5.968061625960326,50.937298315528594],[5.967964848097936,50.937295205553],[5.967792653083721,50.9372906760134],[5.967529381737164,50.93728390618625],[5.967294561242781,50.937276993178614],[5.967270366799424,50.93727621553194],[5.967014230855628,50.93727120657139],[5.96676378511967,50.9372661685533],[5.966493401361708,50.93725943198355],[5.966254324786124,50.937253437065635],[5.966213059911698,50.93725274459455],[5.966213172531638,50.937261733011916],[5.966097969421592,50.937264107032284],[5.966096366727268,50.937249732678765],[5.965925605849164,50.93724609208908],[5.965766214048572,50.93724149552236],[5.965537095419765,50.93723544934936],[5.965381982551722,50.937231729772314],[5.965239717520035,50.93723154141948],[5.965208432928915,50.937232596545435],[5.965177148336335,50.937233651662986],[5.965005077431772,50.93723900523745],[5.96496240128671,50.9372392182636],[5.964943919527686,50.937240209411954],[5.964823037482848,50.937243509407075],[5.964599766341507,50.93725001677021],[5.964396410679143,50.93725642439345],[5.964244243917342,50.937260778682585],[5.964147533708871,50.9372630585677],[5.964092065905337,50.9372642339298],[5.964083541891185,50.93726517531101],[5.964035220438304,50.93726901172259],[5.963822041419681,50.937286254065675],[5.963651504816506,50.937300586963005],[5.963569075950729,50.93730728972954],[5.963458218662108,50.937315931767756],[5.963397116649045,50.9373216293359],[5.963395660486322,50.937318939890964],[5.963355862959013,50.93732183468862],[5.963194096316798,50.93724084008268],[5.963025161560629,50.937155386423456],[5.96283765612046,50.93706373259163],[5.962827597623084,50.93705569253318],[5.962826141501905,50.93705300308101],[5.96282178433538,50.937045833566664],[5.962767426608616,50.93690767360891],[5.962713080402086,50.93677041246758],[5.962685145789884,50.93669774063374],[5.962642538373914,50.93658918582734],[5.962613181466764,50.93651652104802],[5.962601409631907,50.936485118144496],[5.962579366861441,50.9364285971579],[5.962563193244922,50.936386429357924],[5.962544118683991,50.93633978148643],[5.962544085112911,50.93633708495985],[5.962527911560902,50.9362949171549],[5.962503225367722,50.93625458945448],[5.962442954162441,50.936212640809934],[5.962369936448815,50.93617524996402],[5.962295485162962,50.936136967297486],[5.9622239684801,50.936105861186974],[5.962094308178171,50.93608942620071],[5.962008812636546,50.93607816513884],[5.961847027294966,50.93610953098909],[5.961835739761948,50.936002618193],[5.961839865047167,50.935876752025074],[5.961849892640132,50.93576793561148],[5.961851292780244,50.935766130864586],[5.960150420936653,50.93569456087112],[5.96014899844504,50.93569456791253],[5.96014619803594,50.93569817736529],[5.959597681453979,50.935631676117694],[5.959544617573488,50.93571194040926],[5.95939660450408,50.935936497716924],[5.95944226916748,50.93594795763228],[5.959320726090842,50.936127439090974],[5.959207880918658,50.93609024311472],[5.959166461434004,50.93607696433384],[5.959122174719269,50.93606190191047],[5.959052182883905,50.936038876392175],[5.958947895391729,50.93600343567921],[5.958732197274105,50.93593169024837],[5.958636500828196,50.93590070132329],[5.958539493136517,50.93587870776757],[5.958487016283548,50.93589155135384],[5.958438806896574,50.93590437385528],[5.958333875263612,50.9359318585985],[5.958319672486992,50.93593372647416],[5.958305447493583,50.93593379666264],[5.958261305585859,50.93593041886485],[5.958232833387983,50.93592876154021],[5.958113254620538,50.93592216023738],[5.957983707293285,50.93591470907229],[5.957892589669271,50.93590886608458],[5.957857005004467,50.93590724373569],[5.957760197416976,50.93590142869665],[5.957730302756037,50.935899778260435],[5.957610701944725,50.935891378752714],[5.957543800157881,50.93588811284254],[5.957469774798764,50.93588398309353],[5.957390048371226,50.93587898248451],[5.957308899463023,50.935873988827126],[5.957229184156567,50.93586988695013],[5.957119563162613,50.93586323558136],[5.956991427571336,50.935854877458475],[5.956972924026106,50.935854069648],[5.956933060862217,50.93585156917924],[5.956786432877039,50.93584330185248],[5.956641216364801,50.935834128498705],[5.956621290337191,50.93583332763038],[5.956615589275907,50.935832456779565],[5.956525894479206,50.93582660571777],[5.956431932216229,50.93582077557379],[5.956343671030604,50.935815816217996],[5.956248286316026,50.93580999291952],[5.956162870161766,50.93580501943887],[5.956070330482961,50.93579918200885],[5.95606606299602,50.935799202982636],[5.956039013451194,50.93579753812701],[5.955950741288947,50.93579167962855],[5.955862480209083,50.935786719905785],[5.955779909128575,50.93578173216494],[5.955694482018596,50.935775859495564],[5.955610488480284,50.93577087862048],[5.955520804980911,50.935765925622775],[5.955435377932325,50.935760052762056],[5.95533572596112,50.93575424966185],[5.955312955000914,50.93575346253275],[5.954484467374108,50.93570898555529],[5.954468808915877,50.93570816340088],[5.954460196726015,50.935701913327776],[5.954447361191042,50.935699279540984],[5.954319248586549,50.935692716145766],[5.954306777051889,50.935719744169866],[5.954275030286143,50.93579900267106],[5.95423645746413,50.93578570818547],[5.954051764558739,50.93580548968523],[5.953949477105015,50.935816777346744],[5.953838665640063,50.93582900554482],[5.95370511619421,50.93584314272153],[5.953439461580485,50.93587320734094],[5.95333007234237,50.93588542809369],[5.953095668208428,50.93591174347951],[5.953054470745457,50.935916439376854],[5.952957872800309,50.93592769834599],[5.95283711430078,50.9359408731007],[5.952683693199616,50.93595870179429],[5.952499009924295,50.935979379662705],[5.952372572140355,50.93599348056637],[5.952159482477703,50.93601789218153],[5.952135332887664,50.936020706744856],[5.952099814255154,50.93602447568739],[5.95192365449287,50.93604421213988],[5.951898082370438,50.93604703359413],[5.951902492666379,50.93605869773985],[5.952076715305643,50.93669516568128],[5.952045672463224,50.93671599180801],[5.952023417420909,50.93675744967821],[5.952023450378703,50.936760146208776],[5.952009236104134,50.93676111446763],[5.951730574711691,50.936775058464896],[5.951508759349333,50.93678423017588],[5.951476074157251,50.93678708621386],[5.951392254802605,50.93679648377831],[5.951255867719412,50.93681153084685],[5.951255022952132,50.936742319887934],[5.951101488893966,50.93675115805386],[5.951083910801588,50.93659303780493],[5.951063202653023,50.93641156147845],[5.951056810701476,50.936354063204426],[5.951027216797096,50.93614386545322],[5.951005865156217,50.93602621394484],[5.950838207051535,50.93604321064083],[5.95078137265279,50.936048880769825],[5.950514544421502,50.93609961901394],[5.950142274851544,50.93613648715937],[5.949917759493329,50.93615735462382],[5.949622216953098,50.9361866568739],[5.949492921757786,50.93619986961542],[5.949465926889502,50.936202697443335],[5.949086499372986,50.936236001372016],[5.948944390360261,50.93624837680645],[5.948748313218284,50.936268205082165],[5.946820054469572,50.93645013221339],[5.946302856169246,50.936502070962334],[5.946186340061228,50.93651342048308],[5.945754437285978,50.93656045033803],[5.945440472708624,50.9365961230703],[5.945429125103466,50.93659887448861],[5.944943240778682,50.93665245392057],[5.944512812147661,50.93670396651526],[5.944461666253095,50.93670960614698],[5.944034081601947,50.93676110326619],[5.943690295332285,50.936801409188234],[5.9433664022473,50.936839820709295],[5.943363416558551,50.93682814939996],[5.943309252579298,50.936583010879566],[5.943294205329625,50.93651476703412],[5.943292804441642,50.93651657155768],[5.943274847307599,50.9364429483108],[5.943241734979165,50.93629209276274],[5.943217687832536,50.9361852395911],[5.943174196608378,50.93599937691725],[5.943163698406619,50.935954482516124],[5.943144135377974,50.935865585723135],[5.94313362642349,50.935819792474646],[5.943130662485802,50.93580991884855],[5.943109450029075,50.93570215314506],[5.943035769374993,50.9353717130726],[5.943155128361301,50.93536035306062],[5.943080220067477,50.93504609905316],[5.943066715061126,50.93498773563744],[5.94303229010858,50.93484587530751],[5.942978346434962,50.934618713524976],[5.94296489572968,50.93456484432044],[5.942703465549611,50.934591268435966],[5.942577640874298,50.93453793846521],[5.942546195551754,50.93452550479575],[5.942534761875084,50.934521065172454],[5.942459155562928,50.934503449975864],[5.942422096053128,50.93449733548132],[5.942404929369903,50.93448932776048],[5.942383624892798,50.93449212664266],[5.942274967494429,50.93444680406614],[5.942059064998746,50.93435525294249],[5.94201904205536,50.93433926466474],[5.941890395526309,50.934287745271696],[5.941565849306304,50.93415176902965],[5.941461503966291,50.93411002062754],[5.941422914666467,50.934094924176215],[5.941304205115416,50.93416021308725],[5.940885704825602,50.93401839242945],[5.940953217470518,50.933954247800756],[5.940651618332189,50.93383344046184],[5.940636165257261,50.93384969448844],[5.940386011980285,50.93374841617531],[5.940247358092364,50.933692448316194],[5.940150148648368,50.93365246243479],[5.940060094539291,50.93361603787924],[5.940018639742875,50.93359915685768],[5.939982896200749,50.93358404633714],[5.939904286288566,50.93355296038099],[5.939781344758207,50.93350231031275],[5.93965985815715,50.933454349859055],[5.939626970440406,50.9334401244942],[5.939329656119766,50.93332019217964],[5.93911666321513,50.933233116208],[5.938712144743057,50.93306964756088],[5.938684990151341,50.933058990196415],[5.938526319379715,50.932994126703406],[5.938287618927793,50.9328981827092],[5.938257598281156,50.93288574109916],[5.938217567205316,50.932868852658586],[5.938151804225935,50.9328412999429],[5.93810320663913,50.93282175555285],[5.938041743153503,50.932796878998715],[5.937917372554315,50.93274533487004],[5.937820167112751,50.93270534702691],[5.937774414615619,50.932685788964555],[5.937667199079399,50.93264135413055],[5.93757570508338,50.93260313671176],[5.93755426203612,50.932594249716],[5.937319832854955,50.93249828342981],[5.937301234700375,50.93248938286549],[5.937041053766655,50.93238095386609],[5.937006745223973,50.93236673451208],[5.93688370311387,50.932307092905006],[5.936850827755384,50.932293765594586],[5.936776489310226,50.93226265724377],[5.936194693561509,50.932022716446625],[5.935844481104732,50.93187875595515],[5.935671370594348,50.93179508020911],[5.935584168374999,50.931758638681316],[5.935484090285242,50.93171596581354],[5.935384012380052,50.93167329285902],[5.935283924000538,50.93162972097222],[5.935183857123371,50.93158794668967],[5.935080924379231,50.93154438809581],[5.935026597362688,50.93152127396126],[5.935009742015598,50.931539331661774],[5.93496256949087,50.931519779217375],[5.934448005289488,50.93131007395464],[5.934460700117314,50.9313010249688],[5.934589176933574,50.93121951676332],[5.934645634790019,50.93118239499322],[5.934714787288676,50.93113622418229],[5.934775480061631,50.93109638562626],[5.934809360996127,50.93107465182063],[5.934848867412267,50.93104749801053],[5.934898276995216,50.93101580284289],[5.934980134277962,50.93096148168498],[5.935011202277052,50.930942457821146],[5.93507331688937,50.93090261237758],[5.935342928214083,50.930727848854026],[5.935646406978004,50.93053045181141],[5.935893448719155,50.93037197407112],[5.936076975018769,50.930255146255774],[5.93613344117822,50.93021892260964],[5.936222439260091,50.930167263383794],[5.936472449907018,50.930019557064895],[5.93649860716179,50.93006617551614],[5.936833833449016,50.93062549514762],[5.93711470821311,50.93056123820117],[5.937245659272854,50.9304491528027],[5.937249958367296,50.930451829059116],[5.937248546729214,50.930452734664215],[5.937368718293109,50.93051059172081],[5.937490312495916,50.930568441889484],[5.937644813505841,50.930642315561116],[5.937679131667595,50.93065743357252],[5.937704883685708,50.930669895630906],[5.937794940906352,50.9307072208735],[5.93782353766924,50.9307196693723],[5.937910739684598,50.930756109213114],[5.938006518754408,50.930796103754304],[5.938105153396186,50.93083698352054],[5.938188067381278,50.93087164577249],[5.938258126770743,50.93090187468985],[5.938369638038151,50.9309489851954],[5.938421099905979,50.93097031361775],[5.938294524464087,50.93109136847811],[5.938131384901895,50.93124765420653],[5.938023116555864,50.93135334038443],[5.938240665887114,50.93146556573015],[5.938477968628386,50.931564213140895],[5.938466729047767,50.93157595232678],[5.938809792564892,50.93171634339159],[5.93895120842216,50.931766007505296],[5.939112612986182,50.93182186840415],[5.939192663267733,50.931854745808664],[5.939241260295352,50.93187428974201],[5.939315589030159,50.93190449766339],[5.939364196900228,50.93192494039001],[5.939389917861991,50.93193470553696],[5.939425659933817,50.93194981624242],[5.939422858130691,50.93195342519575],[5.939438579495429,50.93195964245737],[5.939641556725627,50.932042271143516],[5.939642968365144,50.93204136550924],[5.939845946318621,50.93212399383603],[5.939844534680576,50.932124899472775],[5.940046090971991,50.93220753423947],[5.940250503520374,50.932291053905665],[5.940454916806513,50.93237457320996],[5.940657897670915,50.93245720010923],[5.940859456861722,50.93253983345585],[5.941061016772276,50.93262246645061],[5.9412640213569,50.932706889973865],[5.941351208273931,50.932741529524826],[5.941345594095642,50.93274784867951],[5.941377048663299,50.932761181521855],[5.941508567522129,50.93281538440144],[5.941587188034676,50.932847368113045],[5.941727963253342,50.932843098139905],[5.941849966689998,50.932815546647774],[5.941900020619087,50.932837779179835],[5.9419014430264,50.932837772362774],[5.942031799278246,50.932913553737315],[5.942264151139304,50.93307244323624],[5.942463303000514,50.93319104121346],[5.9425663111528,50.93323998629648],[5.942788082812119,50.93334678952605],[5.943828791924416,50.93377236063335],[5.944669379892474,50.934116188007096],[5.944685102696633,50.9341224045543],[5.944732249447745,50.9341392564943],[5.944780807836193,50.93415520271809],[5.944853623790119,50.934177324326804],[5.944927818873526,50.93419584365779],[5.944987713587163,50.93420813958204],[5.945047564934526,50.934216840097804],[5.945123030694601,50.934222768626626],[5.945199886365898,50.93422599371557],[5.945273875440964,50.93422743478197],[5.945347831954422,50.93422617926812],[5.945424644219134,50.934225808830575],[5.945500023174807,50.93422454635906],[5.945701978380903,50.934220875337864],[5.945908190034264,50.93421628452121],[5.94602762140118,50.934211213463485],[5.948697483217092,50.93407514323775],[5.949664198100892,50.9340255045801],[5.95014612136265,50.93399979030026],[5.950370746623824,50.933988809690575],[5.950728993520062,50.93396998696827],[5.950784446774181,50.933967919169945],[5.950824275103701,50.93396772522768],[5.950862670030022,50.93396663935535],[5.951004903091505,50.933965047701854],[5.951023405779874,50.933965856467374],[5.951128754097306,50.93397253440754],[5.951195674610342,50.933977601716606],[5.95125832781578,50.93398268978328],[5.951510451016203,50.934010225524034],[5.951614453901575,50.93402320186211],[5.951651492279614,50.93402751572582],[5.951726991498555,50.93403613647986],[5.95180249074547,50.934044757184665],[5.9544093435067,50.93434033318123],[5.954607340088526,50.93436183514834],[5.955781143099063,50.934494505084004],[5.956246961148243,50.93454704860046],[5.957476327118932,50.93468572047978],[5.957654334458959,50.93470102344944],[5.957832297522859,50.93471273077413],[5.958011649832861,50.9347217342818],[5.959030777622249,50.93476883986875],[5.959247147806661,50.934780355265794],[5.959249948230723,50.93477674583482],[5.959278419754398,50.934778402910354],[5.959470029391922,50.93474329759479],[5.959665018085546,50.93475132233383],[5.959953131910951,50.93469776092104],[5.960258292286675,50.93464231659639],[5.960478294023683,50.934602574544755],[5.961013645510031,50.93452621211636],[5.961208265139788,50.93450457245935],[5.96150942343521,50.934470718220645],[5.962164537133669,50.93441622859488],[5.962205045546481,50.934013321159235],[5.963093846111326,50.93387676426996],[5.963156310038491,50.93386656558054],[5.963492765790197,50.933811855862345],[5.963688747610334,50.93378571074993],[5.963870673124252,50.933773118807196],[5.963957441459661,50.933772686466014],[5.96406401164576,50.93376316639006],[5.964238903368978,50.93375690120959],[5.964341374534325,50.93376088478226],[5.964537872154511,50.93377608496243],[5.964613362101883,50.933783798468035],[5.964673171627809,50.93378889346557],[5.964751517715377,50.93379749152913],[5.964892540745924,50.93381296790981],[5.965034986303442,50.93382843701725],[5.965173153413958,50.93384302841663],[5.965318444024825,50.93385848296898],[5.965456611313307,50.93387307402978],[5.965597634807154,50.933888549550936],[5.965737224707698,50.93390313316834],[5.965876825950049,50.93391861545905],[5.966030662905241,50.93393492528819],[5.966056300531935,50.9339374937662],[5.966076248415723,50.93394009069521],[5.966110386890018,50.93393991995098],[5.966143057889337,50.93393616094479],[5.966906802780659,50.93403750928769],[5.967274311047286,50.934077017337806],[5.967298526380332,50.93407959266935],[5.967385408086317,50.9340881461738],[5.967466611345664,50.93409762697955],[5.96754922579241,50.93410620175454],[5.967688816956694,50.934120783017],[5.968016396480639,50.93415239887985],[5.968187304274101,50.93416862018396],[5.968522087139409,50.93420738964583],[5.968537756637597,50.93420910874143],[5.968558166158895,50.93413529657876],[5.96857456835479,50.934082179199365],[5.968584073153993,50.93404617552924],[5.96859091397728,50.9340245676108],[5.968603150552769,50.93397956123514],[5.968623661639809,50.93391383863399],[5.968635920770551,50.933870629937815],[5.968646791370717,50.93383012491028],[5.968648179878532,50.93382742124039],[5.968635366678503,50.9338265867098],[5.968648946432432,50.933775281294324],[5.968654421297303,50.933758174724964],[5.968667245787287,50.93375990809484],[5.968675067919057,50.93370323821179],[5.968932535704293,50.933589582172914],[5.968980637920056,50.933568665738946],[5.968897153072649,50.93349088120039],[5.968879880380711,50.93347478783996],[5.969015629463272,50.9334102837635],[5.969307130875261,50.93328836571393],[5.969355266573472,50.933270145649026],[5.969477231901445,50.93324076738654],[5.969556637931785,50.93322059212198],[5.969641733544449,50.93320038817163],[5.969787800198368,50.93316459600703],[5.969896985938012,50.93313707942228],[5.969945200578084,50.93312515100125],[5.969973558119256,50.93311781703562],[5.97004871916202,50.933099460602484],[5.970172094667763,50.933069175605404],[5.970294047603574,50.93303889764303],[5.970370630797345,50.93302053383543],[5.970447202587155,50.93300127113617],[5.970556387546501,50.93297375393083],[5.970601768380286,50.93296273841632],[5.970696763153694,50.93293798929823],[5.97078042399165,50.93291689284236],[5.970866918208641,50.93289488313921],[5.970973257860718,50.93286737988742],[5.970953026349906,50.93284231277496],[5.971358469932981,50.93273239937517],[5.971508710055317,50.93268939277904],[5.971880127235195,50.93258863830121],[5.971898948113081,50.932614611277444],[5.971920204429837,50.93260821160483],[5.971968395248721,50.93259448466118],[5.972072502983353,50.93261553218561],[5.972272172983367,50.932656771253775],[5.972361874839782,50.93255114666138],[5.972395511507858,50.93251142506643],[5.972381230693949,50.93250700277809],[5.972427486721465,50.932452834995395],[5.97249056087869,50.932378806382125],[5.972550824215513,50.93230748864467],[5.972634914930021,50.93220818450362],[5.972728825290865,50.93209804384217],[5.972718823094727,50.9320944988488],[5.972752857686453,50.932086236580595],[5.972782306267338,50.93205282834856],[5.972762256337427,50.93204214300685],[5.972812710248348,50.93198256043846],[5.972873006742779,50.931913939057814],[5.972888721182976,50.93191925292872],[5.97293919757927,50.93186146798738],[5.972989639673623,50.931800986501905],[5.973030022530026,50.931732465824204],[5.973077631028533,50.931672897540565],[5.973135173158958,50.93161148115129],[5.973185660308034,50.93155459494458],[5.973237546899477,50.93149590383255],[5.973231834667164,50.93149413495885],[5.973278077290635,50.931439067999555],[5.973305216073014,50.93144791955662],[5.97334167304737,50.93140638560281],[5.973325913136331,50.931397476430206],[5.973375216848834,50.93135947300054],[5.973442965484549,50.93131778052995],[5.973519168301027,50.93126975290251],[5.973575549266892,50.93122901683849],[5.973637596725594,50.931186454238386],[5.973703876899656,50.93114117346004],[5.973790206694835,50.93110657781132],[5.973877947298247,50.931071076047886],[5.973890885328703,50.93108179724675],[5.974064978044717,50.93101349723559],[5.974052028580762,50.93100187721563],[5.974146937571552,50.93097083339223],[5.974256104108262,50.930942413869175],[5.974305771923939,50.93093317294548],[5.97441212784894,50.93090746422763],[5.974494372390347,50.93088727115419],[5.974508550113402,50.93088360361691],[5.974525606779981,50.93088261816412],[5.974875376851672,50.93087095481344],[5.974876959189186,50.93088353135899],[5.974889760254587,50.93088346635932],[5.975049016671435,50.9308790619943],[5.975288015601861,50.930881443440924],[5.975294848614558,50.93097129858129],[5.975303115437218,50.931062045334436],[5.975309994254911,50.931155495836016],[5.975319950697059,50.93115544524352],[5.975323367252347,50.93120037281287],[5.975328492098056,50.93126776416674],[5.975336976354215,50.93137558888702],[5.975344003979026,50.931480724313175],[5.975352453998869,50.93158585251102],[5.975359470254728,50.93169008909597],[5.975368023293944,50.93180330685734],[5.975362333818752,50.93180333576994],[5.975370646682426,50.93189767788089],[5.975378902388298,50.93198752578881],[5.975387386900841,50.93209535050609],[5.975397293835063,50.932203167994295],[5.975404405740522,50.93220313185128],[5.975421195872031,50.932292936384115],[5.975437860231946,50.93237285366917],[5.9754366208816,50.932387242346074],[5.975459638392812,50.93251926346007],[5.975644217322091,50.93249225712418],[5.975645456610499,50.932477868445126],[5.975705174078766,50.93247576702057],[5.97578337115633,50.932472672693024],[5.975810385105992,50.93247163641639],[5.975810316423726,50.932466243373746],[5.976122623545615,50.932416114166145],[5.976813996076698,50.93230832196299],[5.976849475407096,50.932301848926066],[5.976942824711923,50.93248295085966],[5.976939234214661,50.932536004179774],[5.977083251561239,50.93278606302737],[5.977199774306015,50.932999407010676],[5.97663199095112,50.93331781335984],[5.976367878451669,50.93346657746501],[5.976250665348523,50.933533692559905],[5.976127739302028,50.933599038806456],[5.975943980643592,50.933690762432],[5.975840203602124,50.9335843213182],[5.975783916356142,50.93352078576108],[5.975734878713941,50.93346800009842],[5.975636700770329,50.933354339145986],[5.97560307772382,50.933394960520054],[5.97558736247083,50.933389647018785],[5.975556515538452,50.933424860874595],[5.975501842106029,50.93348806168858],[5.975452789571925,50.93354584051688],[5.975419154785201,50.933585562997585],[5.975386919487248,50.93362348055918],[5.975337866666314,50.93368125933937],[5.975288825160295,50.93373993693954],[5.975256578211464,50.93377695562471],[5.975224365519344,50.933816670822615],[5.975179499541972,50.933868135973135],[5.975126258940163,50.93393222822634],[5.975091224024239,50.93397375551933],[5.975085614315821,50.93398007630263],[5.975075805897346,50.9339918118032],[5.975122974974871,50.93400955018957],[5.975381557056659,50.93409632849799],[5.975424413277856,50.93411049308446],[5.975572987817219,50.93416007624265],[5.975724419006193,50.9342105435848],[5.97569218352523,50.93424846123198],[5.975652961656151,50.93429630227484],[5.975612317259118,50.93434415053598],[5.975606719021004,50.93435137018501],[5.975587102287211,50.934374841273545],[5.975578682031594,50.934383873064185],[5.975545046746368,50.93442359558277],[5.975514244862714,50.93446240479101],[5.97548200903434,50.93450032238039],[5.975448373581612,50.93454004487121],[5.975434354979138,50.9345562962927],[5.975420336366827,50.93457254771253],[5.975388123263948,50.93461226295705],[5.975355887227984,50.93465018051171],[5.975322251558223,50.93468990296635],[5.975288615830754,50.9347296254113],[5.975276008136774,50.934744970745946],[5.975263411871597,50.934761214919774],[5.975229764605345,50.9348000385073],[5.975196117282674,50.93483886208516],[5.975163903802265,50.93487857726812],[5.975130256367306,50.93491740082702],[5.97511766000411,50.9349336449852],[5.975103641166414,50.934949896367115],[5.975069993629107,50.93498871990873],[5.975037768503442,50.9350275362164],[5.975004132286704,50.93506725857971],[5.97497190705118,50.935106074869296],[5.974957899541464,50.93512322507435],[5.974945280199648,50.93513767153282],[5.974911655254028,50.935178292710134],[5.974878007389796,50.935217116196625],[5.974845781944269,50.93525593245151],[5.974812133968387,50.93529475591904],[5.974792505004052,50.93531732803396],[5.974916683436094,50.93534995681786],[5.974938100623374,50.93535614035781],[5.974978055762532,50.935365825351234],[5.975049431216513,50.93538523864362],[5.97514220110008,50.93540903771294],[5.975203573581965,50.93542490612658],[5.975242106355312,50.93543459825506],[5.975304912824463,50.93545135822855],[5.975369141820591,50.93546811093957],[5.975397682971556,50.93547515709276],[5.975467624845995,50.935493678515066],[5.975566119423344,50.93552014484708],[5.975634638949328,50.93553867339904],[5.975697445701483,50.93555543315919],[5.975780213074357,50.935575686980805],[5.975900102537117,50.93560653872705],[5.976064375570141,50.93565963702392],[5.976150011174683,50.93568167378759],[5.97621568619594,50.93570021647089],[5.976277059430995,50.93571608431434],[5.976361295668954,50.935739925841816],[5.976409786376335,50.9357495668964],[5.976445957422873,50.935685560951555],[5.976465448204503,50.93565220247251],[5.976477986982999,50.93563146396602],[5.976493256108244,50.935601722569956],[5.976574589961481,50.9356210842248],[5.9766716056296,50.93564306265631],[5.977046889762342,50.935732838490274],[5.977123933659684,50.93575042382478],[5.977213837406127,50.93577243805065],[5.977218116353231,50.935773315137716],[5.977165174734689,50.935860778176995],[5.977007759710341,50.936122261063296],[5.977002104119174,50.93612498657835],[5.976992169551581,50.93612683499789],[5.977140591615934,50.936163832368024],[5.977284700498392,50.936197255942254],[5.97737174870362,50.93621838570768],[5.977494451457684,50.93624652477197],[5.977532973912036,50.93625531729597],[5.977737023884846,50.93630371586506],[5.977756996410412,50.93630810845938],[5.977761160555104,50.93629999712391],[5.977788280075534,50.93630704994427],[5.978076499872061,50.93637389529793],[5.97822923710403,50.93641446484555],[5.978244930697596,50.936417980305976],[5.978536019869211,50.9364866076664],[5.978725789244762,50.936530582961595],[5.978805691641813,50.936549051474785],[5.97889130717771,50.93656928852621],[5.978924128596258,50.936577210833086],[5.978928304069042,50.93656999829603],[5.979082887744238,50.93631032504032],[5.979119067034465,50.936247217105226],[5.979224792971453,50.936282632347],[5.97926480738153,50.93629681005867],[5.97929052765353,50.936305667483126],[5.979353417386591,50.936328717136604],[5.979424830711134,50.936350824246624],[5.97953193354474,50.93638263656886],[5.979699023939009,50.93643301861889],[5.979856111005598,50.936479856052664],[5.980033321122739,50.93654277039323],[5.980096246142723,50.936568516161984],[5.98024066984241,50.93662620472977],[5.980215364436328,50.93664970575394],[5.98016330796256,50.936694917393375],[5.98011125138705,50.93674012900958],[5.979921205629259,50.93689661186791],[5.979914139119524,50.936900243649454],[5.979907072608677,50.93690387543047],[5.97989858357181,50.93690751449523],[5.979890071477968,50.93690935587945],[5.979880113803168,50.93690940686695],[5.979870156128345,50.936909457853616],[5.979861609451214,50.93690860271586],[5.979851617195327,50.936905957181004],[5.980043515442764,50.937004752266034],[5.98180263827382,50.93783799753292],[5.983075134298925,50.93844000860742],[5.984083265290693,50.938948984897976],[5.984087602711931,50.93895435592767],[5.984120786643703,50.938990140779936],[5.984078770767023,50.93904159470226],[5.984130645822149,50.93909256445823],[5.984455734849183,50.93925808281624],[5.984715879344616,50.93935202358124],[5.984740179759163,50.939360887134335],[5.984763057583344,50.93936975802633],[5.984787358016235,50.939378621569524],[5.984811670082765,50.93938838394691],[5.984835970534741,50.93939724747983],[5.984858848395256,50.93940611835286],[5.984883160491307,50.93941588071524],[5.984906049996256,50.93942565041822],[5.984930350485873,50.939434513931296],[5.98495324001,50.93944428362489],[5.98497470694157,50.9394540606606],[5.984997596484734,50.939463830345424],[5.98502047440914,50.939472701186425],[5.985041952996947,50.93948337704894],[5.985064842568812,50.93949314672043],[5.985086309546639,50.93950292373533],[5.985109199137541,50.93951269339802],[5.98513066613381,50.93952247040472],[5.985153567374778,50.939533138897914],[5.985175046021363,50.93954381473563],[5.985196513045993,50.939553591730075],[5.985358291316393,50.939631859001345],[5.985362594044612,50.939634533465124],[5.985368307745868,50.9396363017381],[5.985372610475078,50.93963897620149],[5.985378324177264,50.93964074447396],[5.98538262690747,50.93964341893702],[5.985386929638171,50.93964609339991],[5.985391232369372,50.93964876786266],[5.985395535101071,50.93965144232526],[5.985399837833267,50.93965411678765],[5.98540414056596,50.93965679124993],[5.985407020690698,50.93965947306391],[5.985411335060391,50.93966304636517],[5.985414215185936,50.93966572817901],[5.985418517920544,50.93966840264071],[5.985421409683124,50.93967198329365],[5.985424301446153,50.93967556394649],[5.98542860418226,50.939678238407836],[5.985431495946239,50.93968181906051],[5.985434387710667,50.9396853997131],[5.985445978046407,50.93970152000131],[5.985447447203344,50.93970510800593],[5.98545033897047,50.93970868865817],[5.985453219101132,50.939711370471],[5.985456110869097,50.93971495112308],[5.985458991000483,50.939717632935746],[5.98546188276929,50.93972121358766],[5.985464762901402,50.939723895400235],[5.985467654671049,50.93972747605198],[5.985471957414504,50.939730150511714],[5.985474837547758,50.93973283232403],[5.985479140292124,50.93973550678349],[5.98548344303699,50.93973818124278],[5.985487745782358,50.93974085570191],[5.985492048528217,50.93974353016089],[5.985496351274578,50.939746204619695],[5.985500642383586,50.939747980239076],[5.985504945130855,50.93975065469757],[5.985565067253778,50.93977910870707],[5.985985959127348,50.939980982413886],[5.986257969521836,50.94011171323698],[5.986260826418975,50.940112597351366],[5.986263694969032,50.9401143803048],[5.986267986141639,50.94011615589564],[5.986270843039243,50.94011704000973],[5.986275122559339,50.94011791676115],[5.986277979457188,50.94011880087511],[5.986279413732712,50.94011969235162],[5.986282258977584,50.940119677626264],[5.986285115875676,50.94012056174],[5.986289395396367,50.94012143849091],[5.986292252294707,50.94012232260448],[5.986295109193154,50.94012320671798],[5.986296555122594,50.94012499703345],[5.986299412021292,50.94012588114685],[5.986302268920096,50.940126765260175],[5.986302280573658,50.9401276640993],[5.98630513747263,50.94012854821254],[5.986306583402626,50.94013033852787],[5.986309451955546,50.94013212148017],[5.986312320508688,50.94013390443238],[5.986313754785343,50.940134795908506],[5.986315212369688,50.94013748506284],[5.986318080923384,50.94013926801497],[5.98631952685422,50.94014105833009],[5.986320972785166,50.94014284864526],[5.986322418716226,50.940144638960405],[5.986323876301387,50.94014732811465],[5.986323899609366,50.940149125792956],[5.986325345540736,50.94015091610808],[5.986325380502797,50.94015361262551],[5.986325403810841,50.9401554103038],[5.986326849742468,50.94015720061889],[5.986326884704622,50.94015989713635],[5.986326908012728,50.940161694814655],[5.98632552035109,50.940164398695366],[5.986325543659145,50.94016619637365],[5.986325578621234,50.94016889289109],[5.9863241793053,50.94017069793264],[5.986322779989257,50.940172502974136],[5.986321392327055,50.94017520685479],[5.986319993010768,50.940177011896246],[5.986215113889888,50.94031778299401],[5.986212326892184,50.94032229191356],[5.986209528242111,50.940325901993916],[5.986205306962694,50.94032951943591],[5.986202508311638,50.94033312951606],[5.986198287031011,50.94033674695781],[5.98619548837897,50.94034035703783],[5.986191267097134,50.94034397447932],[5.98618704581464,50.9403475919207],[5.986182824531486,50.940351209361914],[5.98617860324767,50.94035482680293],[5.986174381963196,50.94035844424385],[5.986170149026988,50.94036116284541],[5.986164505111272,50.94036478764728],[5.986160272173904,50.9403675062485],[5.986154628256637,50.940371131049886],[5.986150395318107,50.94037384965073],[5.98614473974871,50.940376575612476],[5.986140506809099,50.940379294213],[5.985951062299264,50.940471962023686],[5.98581954920774,50.940533767368606],[5.98581105997266,50.940537406867364],[5.985801148100737,50.94054105372231],[5.985792658862865,50.940544693219636],[5.985784169623657,50.94054833271644],[5.985774257747264,50.94055197956906],[5.985765756861992,50.940554720225244],[5.985755844982771,50.94055836707632],[5.985747344095227,50.94056110773116],[5.985655210338147,50.940587652181435],[5.98562119509594,50.94059771592837],[5.985585757201282,50.94060778701949],[5.985550319291148,50.94061785809979],[5.985513447088909,50.940627037683306],[5.985478009148187,50.94063710874151],[5.985442559554968,50.94064628094966],[5.985407109947642,50.940655453146974],[5.985286569543228,50.9406857396975],[5.985141902238928,50.94072064524998],[5.984846841522974,50.94078778867623],[5.98482555999878,50.94079239304736],[5.984792932194898,50.94079975268864],[5.984780163274341,50.94080251530582],[5.984736177550708,50.94081173136345],[5.98469076916512,50.94082095474757],[5.984646795027594,50.94083106961067],[5.984601386605045,50.94084029295981],[5.984555978164309,50.94084951629116],[5.984511992350937,50.94085873226378],[5.984466583874119,50.94086795556015],[5.984421175379112,50.94087717883875],[5.984377177895972,50.94088549592081],[5.984331769365764,50.94089471916441],[5.984286349202753,50.940903043550776],[5.98424094063705,50.9409122667588],[5.984188430428131,50.9409224254737],[5.984135908584336,50.94093168532542],[5.984083398330093,50.94094184399276],[5.984030876443016,50.94095110379694],[5.983976943494631,50.940961269751135],[5.983924421563972,50.940970529507055],[5.983871899612177,50.94097978923918],[5.983817954989544,50.940989056279975],[5.983765432995185,50.94099831596389],[5.983711488329392,50.94100758295518],[5.983666056340257,50.94101500825911],[5.983620624336456,50.94102243354521],[5.98357519231799,50.94102985881354],[5.983529760284862,50.94103728406405],[5.983484328237066,50.941044709296754],[5.98343888457642,50.94105123567213],[5.983393452500176,50.94105866086923],[5.983348008812841,50.941065187208984],[5.983301154055762,50.941072619696584],[5.983255710341531,50.94107914600014],[5.9832102666144,50.941085672285894],[5.983163400221346,50.94109220587829],[5.98309665144435,50.94110153850257],[5.983029891049994,50.94110997224882],[5.982987292567932,50.941116483801565],[5.983132626700022,50.941243379385675],[5.983111321610435,50.94124618576318],[5.983220359525765,50.94131663743134],[5.983217896807238,50.941346313787584],[5.983250873088008,50.941365919776224],[5.983252295749431,50.94136591245069],[5.98325228415477,50.94136501361114],[5.98329213026912,50.94136570732913],[5.983342306099827,50.941395112613414],[5.983372425545305,50.94141383438099],[5.983403967678629,50.94143254881328],[5.983450822783638,50.94142511628344],[5.983465165403892,50.94143403139835],[5.983548271507256,50.94147944715285],[5.98357979055432,50.941496363857986],[5.983611321226136,50.94151417939408],[5.98365250892244,50.94150857378124],[5.983714089677644,50.941539717938724],[5.983752768580188,50.94156019329842],[5.983785710424868,50.941577102615625],[5.983818652293639,50.941594011923456],[5.983878810605226,50.94162516332549],[5.983934584906936,50.94164734830312],[5.983978885026035,50.94166240121428],[5.984024596235011,50.94167654793395],[5.984121744258491,50.94170750849272],[5.984157462013183,50.94171900999457],[5.984135047617864,50.94174609256273],[5.984159349182086,50.941754956236146],[5.984203649477318,50.941770009061045],[5.984240801588685,50.94178240203931],[5.984275096756423,50.94179391084242],[5.984349389459504,50.94181779790157],[5.984392255584105,50.94183195915377],[5.984417979918444,50.94184081543315],[5.984430586499154,50.94182546910347],[5.984456392164821,50.94184061725029],[5.984275712593269,50.94206177967272],[5.984252856756323,50.94205470636505],[5.984098951021298,50.942255954624684],[5.984101831233016,50.94225863647115],[5.984381015871176,50.94250349496177],[5.9844138889129,50.94251501106238],[5.984615372359476,50.94258228776397],[5.984746388491988,50.94259149942859],[5.98500788203306,50.94267824145097],[5.985046457791902,50.94269062682213],[5.98511958552365,50.94273429519769],[5.985152807875309,50.942772776268214],[5.985181622573934,50.94280049330509],[5.985287996420185,50.942884440304944],[5.985334139757176,50.94293184356003],[5.985373553638566,50.94300894525236],[5.985383594076014,50.94301518566541],[5.985407896546887,50.94302404907546],[5.985434997900985,50.94302930241831],[5.98546137769454,50.9429788277184],[5.985599997586441,50.943025752901455],[5.985560778575182,50.94307359730142],[5.985531343894321,50.943107907624054],[5.985568497436873,50.94312030017417],[5.985569908511502,50.943119393980794],[5.985756526530318,50.943246971815974],[5.986005107816491,50.94310545790154],[5.986478243036303,50.942835137439594],[5.986499420409718,50.942822443210915],[5.986759285439725,50.942673678047974],[5.986682144719499,50.94264980727458],[5.986715753052566,50.94260828384415],[5.986725571993727,50.94259744619721],[5.986759180249847,50.94255592275432],[5.986817767456202,50.94257539508458],[5.986948059980831,50.94241921049196],[5.987234965399862,50.942380868795006],[5.987271908694647,50.94237708169568],[5.987298823100104,50.94236795317775],[5.987430499264352,50.94209939841556],[5.987410534997444,50.94209590633427],[5.987265036119345,50.942066996973175],[5.987299424140263,50.9419760298527],[5.987303528747272,50.94196342398016],[5.987355769301721,50.941822924815575],[5.987488346615692,50.94184291207268],[5.987536810997994,50.94184985193645],[5.987656561021615,50.94186810772572],[5.987685072945874,50.941872454323914],[5.987723555290749,50.9418776480911],[5.987773454103604,50.941885479314195],[5.987794840983291,50.94188896395166],[5.987797639603527,50.94188535383298],[5.98787695607698,50.94174830954233],[5.987896417769194,50.94171315146801],[5.987845946600785,50.94166127718821],[5.987798531178498,50.94162556722504],[5.987854225564571,50.941641458438774],[5.988129665691378,50.94170654745271],[5.989469735925717,50.94202049022872],[5.989646781113601,50.942068109544365],[5.989806813079713,50.94212031165676],[5.990032628985701,50.94219823907979],[5.990251402598461,50.94228159615122],[5.990463157427727,50.942372180588166],[5.99067365474342,50.94247535579378],[5.990869996486005,50.94258399783942],[5.991053605326584,50.942698099375754],[5.991223070282056,50.94281856672551],[5.99138549310063,50.94294446398486],[5.991542249468843,50.94307218840215],[5.991701887415016,50.94320259426253],[5.991860068254351,50.94333031081762],[5.992015416286289,50.94345894086042],[5.992166520537261,50.943589390676],[5.992313392760976,50.943722559119394],[5.992454586661818,50.94385665596866],[5.992592994788312,50.943995261717305],[5.992727170851649,50.94413658614072],[5.992851376711114,50.944277063674896],[5.992971350420975,50.94442025992515],[5.993087080176236,50.94456527606636],[5.993194297663734,50.944712134454925],[5.993300140232242,50.94486259554564],[5.993400304198549,50.94501398517869],[5.993494754127635,50.94516360685418],[5.993579280595086,50.94531597713528],[5.993658140076452,50.945470174845006],[5.993729909734118,50.945626207449436],[5.993801715282295,50.94578493652355],[5.993864972722573,50.94594281145159],[5.993921128376214,50.946101622467324],[5.994036286113023,50.94663586442072],[5.994089591596886,50.94690255831199],[5.994124436235193,50.94717204566672],[5.994259491248937,50.948245523175196],[5.99428722352702,50.948515047787296],[5.994313521435358,50.948783681016735],[5.994298567491907,50.94905342947345],[5.994198275473437,50.94975959195544],[5.994113626824821,50.95035690542432],[5.993790343714071,50.95022915809885],[5.993665137489771,50.95023071294908],[5.99260395517069,50.950586838010736],[5.991105479175145,50.95047690829423],[5.986599876491589,50.95001761409408],[5.986678277251208,50.949808663445225],[5.986354229103729,50.94907144549567],[5.986354335378962,50.9488602035458],[5.986009436759203,50.94794061598364],[5.985914374571635,50.94785211659816],[5.985670261923899,50.94724212714208],[5.985516676489668,50.94724921331259],[5.984799408491817,50.94735089817058],[5.984840101258104,50.94730664203116],[5.984911456895391,50.947212788097296],[5.984965970783312,50.94713699907182],[5.984983874544181,50.9470910627514],[5.984984971734439,50.947065887901],[5.984973193621708,50.94703538613749],[5.984921436606174,50.946994304003525],[5.984888571876104,50.9469836868912],[5.984697365755675,50.94694242563264],[5.983827058083738,50.946762639843016],[5.983756875288527,50.94672704554952],[5.983763676048089,50.946702740221184],[5.983783154550064,50.9466684816672],[5.98372750191323,50.946656183860206],[5.983730219898841,50.9466462819617],[5.983570063043509,50.946585083066736],[5.983574273496334,50.946580566879696],[5.983582671193902,50.946569736825914],[5.983461568954222,50.9465577760452],[5.983349015300134,50.94654667001584],[5.983227913180403,50.946534708990555],[5.983233314562589,50.94651220869775],[5.983244140503696,50.94646900579068],[5.983237026411106,50.94646904241887],[5.983218321047968,50.94645295853676],[5.983160338317077,50.946259993690624],[5.982857749289978,50.946077276667275],[5.982783195581807,50.946033614186625],[5.982110633718916,50.94562807324666],[5.982024560242615,50.94557368269141],[5.98189840589757,50.945500621097864],[5.981815259459467,50.94545250764666],[5.981709186693714,50.94539192728858],[5.981686237074281,50.94537766275749],[5.981719504890743,50.94530917557078],[5.981722304192162,50.94530556559771],[5.981758348064155,50.94523167074732],[5.981759747711066,50.94522986576035],[5.981664132278286,50.945207884320034],[5.981654230642387,50.94521242966216],[5.981652819427048,50.945213335808056],[5.981637018506194,50.94520173125598],[5.981609904741299,50.945195578185555],[5.98160424831431,50.94519830392706],[5.981597065033201,50.945192947415194],[5.981383000755304,50.945143707993445],[5.981414128471048,50.94513006473094],[5.981416950905976,50.94512825244493],[5.981506065607642,50.94508734451807],[5.981569720521185,50.94505825293414],[5.981630529805472,50.945029175927026],[5.981759227307426,50.94496828876132],[5.981539219021533,50.9447887397761],[5.981526275370537,50.94477801943922],[5.981429932682423,50.944699410894145],[5.981421303614695,50.94469226399484],[5.981375266552915,50.94465294873454],[5.981353705490268,50.94463598031473],[5.981307668542144,50.94459666502738],[5.981260197355357,50.94455645818299],[5.981182524763283,50.94449123711168],[5.981101983770757,50.94442423290677],[5.981055947248018,50.94438491751876],[5.981008488050054,50.944345609410455],[5.980922187255877,50.944273241232644],[5.980902049287828,50.944256265431186],[5.980684881671328,50.944075801379945],[5.980671938418456,50.944065080947],[5.980585661763197,50.94399451019681],[5.980556918327507,50.943972185052274],[5.980487934195206,50.94391860467623],[5.980430505243604,50.94387844853112],[5.980331459287035,50.94381063972855],[5.980252339780514,50.94385419224741],[5.98019443432842,50.943887748153195],[5.980135129121259,50.943923108997495],[5.980095603800185,50.94394758171696],[5.980088443956498,50.94394402279102],[5.979968126458757,50.94388171601684],[5.979919453516269,50.943858593866025],[5.979840684067858,50.94381854669599],[5.979760468964359,50.943776709074875],[5.979759069283047,50.94377851403772],[5.979745452863711,50.943826225387234],[5.979724907149926,50.943888354588005],[5.979704419013813,50.94395497798557],[5.979685330510579,50.944019796417734],[5.979676770995425,50.94401804242826],[5.979378645675434,50.94395934164017],[5.979314461017139,50.94394708537362],[5.979218883946792,50.94392779842878],[5.979203625364671,50.94395843902926],[5.979200848980896,50.943963846621806],[5.979072468264979,50.94393843501565],[5.978655969167895,50.943857865066974],[5.978587505119737,50.943844731364194],[5.978527589043758,50.9438324528558],[5.978384710988099,50.9443419594334],[5.978377884739081,50.94436446676864],[5.978377907740791,50.94436626444912],[5.978364554238343,50.9444346489648],[5.978357992477473,50.9444778296246],[5.978354046214795,50.94450301894812],[5.978347507435303,50.94454799728788],[5.978344960921677,50.94457138166515],[5.978337275364996,50.944637939435836],[5.978333398078229,50.944668521800246],[5.978329635786675,50.944708092567105],[5.978323108455131,50.94475396974595],[5.978316788107382,50.944816026049075],[5.978316811107014,50.944817823729586],[5.978300166532864,50.94496263145567],[5.978292538345934,50.94503368342522],[5.978286240919022,50.94509753740754],[5.978278509196586,50.945160499813966],[5.978263997016144,50.94524956491005],[5.978264008515072,50.94525046375032],[5.978271133924316,50.9452513262682],[5.978260878557361,50.94533947073016],[5.978258354955613,50.94536465278649],[5.978250519663432,50.945419525628914],[5.978244003654315,50.945466301644274],[5.978237487632198,50.94551307765924],[5.978229629294051,50.945566152819936],[5.978212673738433,50.94568669184812],[5.978209954625721,50.9456965936188],[5.978185712510921,50.94580368635794],[5.978170855034802,50.94586578623506],[5.978154471242978,50.94591980381101],[5.978142252354902,50.94596571003321],[5.97814085254436,50.945967514976736],[5.978123103358273,50.946026034012796],[5.978123114854718,50.94602693285308],[5.978105216174154,50.94607376696265],[5.978084621284212,50.94613230051802],[5.978030798453975,50.946262915578004],[5.977997581956429,50.94633589591718],[5.977996182129076,50.94633770085904],[5.977958731550212,50.94641339949177],[5.977957320225656,50.946414305592775],[5.977932353103142,50.94646477134106],[5.977896279170535,50.94653686733231],[5.977893490987827,50.946541376053865],[5.977853091006057,50.94660899961002],[5.977817039819431,50.94668289325778],[5.977775285713982,50.946755917088346],[5.97774464986797,50.94680820951154],[5.977855975359436,50.946834608534594],[5.977930146452359,50.94684861246241],[5.978031443352173,50.946869669096934],[5.97808707174944,50.946880171962846],[5.978080176010092,50.946897286240194],[5.978178604422082,50.94691655958961],[5.978225672909566,50.946925308288655],[5.978375461491444,50.94695510603703],[5.978526673101163,50.94698489632356],[5.978653639153097,50.94701031579192],[5.978943223204655,50.947067264375576],[5.979158636040324,50.94711020914181],[5.979294946192873,50.94719850306415],[5.979292250263652,50.947210202540475],[5.979295257222783,50.947222771748294],[5.979303932515665,50.94723351416661],[5.97931826462513,50.94724153095402],[5.979335407865014,50.947246836663865],[5.979699235776233,50.94732317937234],[5.979702092994915,50.947324063648075],[5.979904690574805,50.94736617372258],[5.980094459819354,50.94740655134595],[5.980175781356172,50.94742321391767],[5.980388374370803,50.947467968648084],[5.980434032526755,50.94747762257863],[5.980479690701722,50.94748727649117],[5.980491108134178,50.94748991467648],[5.980598110548327,50.94751183873404],[5.980618088191993,50.9475162308271],[5.980628071242419,50.9475179774524],[5.980650906140639,50.947523253792575],[5.980783647081752,50.94755493362561],[5.980776671402106,50.94756575618245],[5.980761389565728,50.94759459930991],[5.980702819065374,50.947687486211485],[5.980574536901074,50.94789219391129],[5.980571748898698,50.94789670269713],[5.980534081953603,50.947955324199405],[5.980520107266512,50.9479751716031],[5.980479594457748,50.948033807672516],[5.980434847565411,50.94809516212173],[5.98039153496685,50.94815740810327],[5.980359397504177,50.948203416626356],[5.980348199170995,50.948217856388794],[5.98028671206708,50.94830536462339],[5.980246187135553,50.948363101772266],[5.980202839419868,50.948422651164066],[5.980138552151272,50.94851376925813],[5.980095215691811,50.948574217450286],[5.979987625860154,50.9487284801581],[5.97987438986349,50.948886367265494],[5.979868790539582,50.94889358712371],[5.979857614948775,50.94890982451953],[5.979831064241246,50.94894771420029],[5.979675924042472,50.94916694075179],[5.979635386068813,50.9492237788498],[5.979414554044435,50.94953592780051],[5.979399224620874,50.949561175390606],[5.979347636754056,50.94964413798235],[5.979342071820423,50.94965405433591],[5.979307362935575,50.94972164929114],[5.979300421146464,50.94973516828095],[5.97928929123477,50.94975500098345],[5.979165117056408,50.949725972311775],[5.97914084680021,50.94971980411517],[5.979089460469017,50.949707482256315],[5.978738305924435,50.94962208382242],[5.978605560432332,50.94959040165142],[5.978474238036367,50.94955871206073],[5.978340058490815,50.94952613801173],[5.978201598896732,50.94949268675838],[5.978075991694058,50.94946276534022],[5.978040303940171,50.94945395848962],[5.977031126438855,50.949210109466776],[5.977015417112899,50.94920569500764],[5.976924064397363,50.94918368791406],[5.976749919580637,50.949141427715475],[5.976677730059137,50.949171458976785],[5.976669238517395,50.94917509780935],[5.976648777295885,50.949355880672144],[5.976634467123526,50.949461124704996],[5.976610080937009,50.94966889451154],[5.976597262312044,50.94977952433932],[5.976585545453592,50.949864979386874],[5.976577661562398,50.94991625676131],[5.976574275788948,50.94998548921438],[5.976555811136303,50.95009974337588],[5.976532216529299,50.95025806969509],[5.9764762472003,50.95066735359751],[5.976455199841925,50.95080229556296],[5.976452652038613,50.950825679902465],[5.976504038916073,50.95083800293063],[5.976502627428131,50.95083890901426],[5.976451090265929,50.9509263645302],[5.976451101731456,50.95092726337079],[5.97643256889235,50.95092466099933],[5.976421597973601,50.950957077196776],[5.976400964404514,50.95101291394125],[5.976364426003072,50.951049055845786],[5.976346546541224,50.951097687373405],[5.976309020654322,50.95116799244382],[5.976271517577874,50.95124009518351],[5.976214344960398,50.951332073759744],[5.97620737910374,50.95134379488504],[5.976171069494553,50.951397913541356],[5.976155714763551,50.951421363025226],[5.976138971422669,50.9514475162676],[5.976087329769538,50.95152688205897],[5.976069209208571,50.951556637891834],[5.976024590550168,50.95162877674164],[5.97597580591826,50.95170902685024],[5.975926998206152,50.951787479257305],[5.97588099048224,50.95186232181067],[5.975879613314984,50.95186592440869],[5.975850658390689,50.951938882442164],[5.9758357385662,50.951996487829085],[5.975833316378429,50.95202975940305],[5.975815490495921,50.95219434853007],[5.975806984104927,50.9523085519361],[5.975807018465264,50.95231124845809],[5.975807052825609,50.95231394498006],[5.975789845215135,50.95252707149972],[5.975789879574688,50.95252976802169],[5.975781189813124,50.95262958997583],[5.975781212719222,50.952631387657135],[5.975773682516087,50.952710529041305],[5.975767609660902,50.95279235971293],[5.975760102314775,50.952873298777725],[5.975754029415303,50.952955129448874],[5.975746590735133,50.95304146155705],[5.975731656031962,50.953209631568996],[5.975724285983878,50.9533013567202],[5.975719338246381,50.95335981029878],[5.975714424852688,50.95342096039925],[5.975708351804228,50.95350279106869],[5.97570696312323,50.9535054948242],[5.975706986027011,50.953507292505556],[5.975707020382688,50.953509989027644],[5.975708454871498,50.95351088063489],[5.97570568896074,50.953517186986495],[5.975676214352459,50.95366116062737],[5.9756755127448,50.953717794823824],[5.97565222562962,50.95378892619783],[5.975642745242046,50.9538267281359],[5.975610393022681,50.95385655622528],[5.975569731457443,50.95390440451065],[5.975533144332648,50.95393695079591],[5.97550495808551,50.953958667595714],[5.975454197590233,50.953995780368544],[5.975392121264603,50.95403834400087],[5.975306024561385,50.95409451309861],[5.975265213706538,50.95413067634835],[5.975239930544012,50.95415687283174],[5.975202080121449,50.95420201001144],[5.975165652684762,50.954247139952116],[5.975130671120019,50.954294060336665],[5.975098535609589,50.95434096625881],[5.975066400034068,50.95438787217218],[5.975035687458962,50.95443477085155],[5.975010587018874,50.95447534873788],[5.974955071170727,50.95458619513772],[5.974908104935585,50.954697897010604],[5.974875495042776,50.954819413881985],[5.974859047084478,50.9548689368043],[5.974844022171568,50.95491845250151],[5.974736606683126,50.955312715336404]],[[5.982721161415132,50.94100009744633],[5.982722595649648,50.94100098896698],[5.98290859202345,50.94097126716055],[5.983078927433372,50.94094072677435],[5.983707895843732,50.94083950729854],[5.984475711094091,50.94069352199188],[5.98519643490662,50.94053698806904],[5.985769153669542,50.94037761947146],[5.985869706268253,50.940342042393766],[5.985969827767135,50.94027320817858],[5.986000298576646,50.940209228696546],[5.986015504829886,50.940174991854576],[5.985999401703903,50.94014001807844],[5.985358133797205,50.93983950557667],[5.985319339285241,50.93981004235966],[5.985278610334751,50.939741037551336],[5.984817553682308,50.939513300581915],[5.983818267580308,50.939140018812864],[5.983758124154346,50.939109766214564],[5.983713629307614,50.939079432944055],[5.983680526841757,50.939049939851074],[5.983661685115249,50.93902306996357],[5.983585158396471,50.93882570643256],[5.982976689956373,50.93852860746722],[5.981698502541706,50.93792662453712],[5.980760500499404,50.93766806090099],[5.980752057569191,50.93767529538788],[5.980643251329572,50.93762191933634],[5.980608879367102,50.93760411757254],[5.980607456820902,50.93760412486539],[5.980583111954131,50.93759166508283],[5.980384547368761,50.93752796210414],[5.980368818624496,50.93752175041484],[5.98028022870264,50.937491641798175],[5.980225929850295,50.93747304312211],[5.979911575605222,50.93736588645584],[5.979547203637174,50.937241006937384],[5.979497080815014,50.93721519535906],[5.979388277104866,50.93716181812439],[5.979322402952858,50.937127996965074],[5.97925224978935,50.93709329875663],[5.979187821392554,50.937061267924406],[5.979177967310207,50.937069408412114],[5.979145076418349,50.93705609313736],[5.979122189301781,50.93704632229199],[5.979109328974265,50.93704189356204],[5.979097879665827,50.9370365587163],[5.979087841376659,50.937030317755294],[5.979079214106783,50.93702317067925],[5.979076323001372,50.93701958986699],[5.97907194029633,50.93701062328824],[5.979069014656618,50.937004345955586],[5.978960994600639,50.937012089443],[5.978617095471742,50.93693024949612],[5.978353100324362,50.93686687735091],[5.977341397132945,50.93662664051979],[5.976847680971187,50.93650960312898],[5.976799166440153,50.936498164578374],[5.976714962992201,50.93647701989295],[5.976630771085368,50.936456773986485],[5.976463798541778,50.93641537590735],[5.976402458693157,50.936402204685606],[5.976288325613828,50.93637671754689],[5.97617561516852,50.93635122305712],[5.976097136665238,50.93633274548938],[5.976075741777716,50.93632835984563],[5.976005832753177,50.93631253531433],[5.975943047761889,50.93629757340407],[5.975875995291585,50.93628263316371],[5.975776122196256,50.93625976969328],[5.975677671704566,50.936236898904355],[5.975619177324798,50.93622371280247],[5.975549257170657,50.9362069891545],[5.975447961895805,50.93618413263115],[5.975350945668787,50.93616215317505],[5.975279614639743,50.936146335432646],[5.975218252609862,50.93613136590133],[5.975115523727336,50.93610761747259],[5.975015651383961,50.93608475334506],[5.974957157384383,50.93607156690809],[5.974957145952754,50.936070668067515],[5.974885803768539,50.93605395124149],[5.97479877985914,50.93603461728601],[5.97470603174801,50.93601261562431],[5.974621852986877,50.9359932670951],[5.974579052383864,50.93598359641681],[5.974456352090639,50.93595545425901],[5.974379297438604,50.9359369683076],[5.974289428968721,50.93591764840111],[5.974246617087075,50.93590707875903],[5.974126773602424,50.935879820662784],[5.974046885633508,50.93586224775668],[5.973958428528142,50.9358420215399],[5.973915616791794,50.935831451775265],[5.973531832294185,50.93641678168073],[5.973388999715614,50.93637166129762],[5.97319591885353,50.936627027251426],[5.973151104883216,50.93668298583002],[5.973131497312608,50.93670735534765],[5.973088094313088,50.936762407860314],[5.973058756916464,50.93680480458526],[5.972981782816221,50.936904971897796],[5.973039255397465,50.93706198826877],[5.972911958191327,50.93723252430656],[5.972992075978208,50.937268074810234],[5.973828778682776,50.93761980119169],[5.973901830745322,50.93765898247447],[5.973901853568574,50.937660780155966],[5.975047793712948,50.938276105055294],[5.975195347545479,50.938356256485214],[5.97604356807991,50.93882746201869],[5.976288021746218,50.93891970367254],[5.977403138885726,50.93934459579207],[5.978576465603602,50.93975839308605],[5.97921183673474,50.94004638856082],[5.979866256437831,50.940265966724304],[5.980205787827328,50.94033793754535],[5.980285847375713,50.94036808994587],[5.980511696436417,50.9404505301739],[5.980714495494602,50.94051061567391],[5.980912923226431,50.9405626331494],[5.981112981993145,50.94063082210221],[5.98111440463239,50.94063081480298],[5.981305916586034,50.94069814837669],[5.98147304764273,50.94075032552058],[5.981645869653692,50.94080247319976],[5.981835682836982,50.94084824104623],[5.982024247307343,50.940907498487306],[5.982241427295505,50.94097919311819],[5.982440899300636,50.94100153894644],[5.982568993895376,50.94089481008062],[5.982721161415132,50.94100009744633]]]]}},{"type":"Feature","properties":{"gezicht_uri":"https://linkeddata.cultureelerfgoed.nl/cho-kennis/id/gezicht/10134236","gezichtsnummer":"1538","naam":"Urmond"},"geometry":{"type":"MultiPolygon","coordinates":[[[[5.766933960472476,50.9926153874402],[5.766345272709006,50.993081141868906],[5.766789980466863,50.99329272169885],[5.766855535197093,50.99329700128635],[5.767076794262698,50.99352908773236],[5.766068585708581,50.99390363041118],[5.765508168734699,50.99347759166582],[5.764599666479209,50.99280908640489],[5.764096188458097,50.99237566425687],[5.763839482747604,50.99216076629603],[5.763642870986358,50.99180454715733],[5.763710956381538,50.991770168135055],[5.763564568045078,50.99163401301313],[5.763432393689842,50.99149421598908],[5.762979949715081,50.99102826332145],[5.763332052026159,50.99089138844284],[5.763394388105552,50.990850736062775],[5.763605871434226,50.99076105913016],[5.763762153327536,50.990888193154596],[5.763938324158497,50.99083458591053],[5.764155423015604,50.990909386105116],[5.76454443305005,50.990758005210964],[5.76478363152436,50.990922620975],[5.765072914672379,50.990767967813476],[5.765196045763955,50.99084666813741],[5.764786718340932,50.99112575947588],[5.764815416342888,50.99115173365432],[5.76487823712006,50.99117040546561],[5.764504450261241,50.99126780464045],[5.764815334185873,50.99148971560444],[5.76534357650509,50.99181698505111],[5.765545148133231,50.99190801332358],[5.765780519210924,50.991952188629256],[5.765972919434444,50.991966840699114],[5.766488515577023,50.99196695125101],[5.766796597963839,50.9923659469521],[5.766933960472476,50.9926153874402]]]]}},{"type":"Feature","properties":{"gezicht_uri":"https://linkeddata.cultureelerfgoed.nl/cho-kennis/id/gezicht/10134344","gezichtsnummer":"1535","naam":"Winthagen"},"geometry":{"type":"MultiPolygon","coordinates":[[[[5.935329310525019,50.86203522337086],[5.935003165401295,50.86231992095029],[5.934882332015294,50.862431057446344],[5.934635078121516,50.862661446561475],[5.934381694664743,50.862854110571654],[5.934197870250934,50.863043748276475],[5.933987133474377,50.86323980522314],[5.933462757992434,50.8635784704816],[5.933300771669612,50.86357294342071],[5.932903111157382,50.86393797439346],[5.932536149341019,50.864377467450836],[5.93225166492889,50.86482555950277],[5.931986072935421,50.865310416508386],[5.931672891610922,50.86585572293658],[5.931419828013947,50.86631984504385],[5.930777442578982,50.86629050657862],[5.930722835656804,50.86623682960735],[5.930508367863033,50.866117385685016],[5.930391497650976,50.8660837767883],[5.930236362266387,50.866057538648974],[5.929900841635837,50.866032147098835],[5.929878853302742,50.86609517291713],[5.928379789719357,50.865809159332784],[5.928653978812116,50.86508426566411],[5.929005613671875,50.864302378099374],[5.929242951539555,50.863707096478095],[5.92953829410115,50.8632140162578],[5.92987258992701,50.862894239072595],[5.93018690276797,50.86256646470685],[5.930580607569742,50.862226630752886],[5.930888046237499,50.86204001319758],[5.931309802876261,50.861791732059324],[5.931325647157319,50.86181053427856],[5.931854670118445,50.861505115915115],[5.932349027325961,50.86127177013429],[5.93257371890034,50.861175427648455],[5.932840156767676,50.86112652912835],[5.933007656409264,50.861118547360114],[5.933205107487851,50.86112121064234],[5.933414418499607,50.86116606560541],[5.933606147412695,50.86128561154],[5.933779870682361,50.8614438947528],[5.933910564066184,50.86156642540056],[5.933985423690856,50.861651466390505],[5.934454312622906,50.861787677745035],[5.935008683962339,50.86194595458824],[5.935329310525019,50.86203522337086]]]]}},{"type":"Feature","properties":{"gezicht_uri":"https://linkeddata.cultureelerfgoed.nl/cho-kennis/id/gezicht/10134372","gezichtsnummer":"1541","naam":"Terstraten"},"geometry":{"type":"MultiPolygon","coordinates":[[[[5.85662788108702,50.91380529134534],[5.857845040564996,50.912689317156264],[5.857908783798623,50.91266568667388],[5.85796992128678,50.912665437929974],[5.857992853145633,50.91268332244521],[5.857999153502496,50.912743522519285],[5.858042292706987,50.91279098820712],[5.858122179297968,50.912816730927815],[5.858216055159806,50.91281994436396],[5.858273202133465,50.91284667844234],[5.858302453291186,50.912926560662356],[5.858359719507256,50.91296497979903],[5.858600399608862,50.91300265177157],[5.858629202405442,50.91303849006683],[5.858666994359622,50.91311923628824],[5.85870586914824,50.91316671910875],[5.858824365867846,50.91321387738792],[5.85906532280955,50.91327851400817],[5.859237785192264,50.91331915952693],[5.859364510904689,50.913336620270535],[5.859543541167956,50.91332420394554],[5.859675917561951,50.9133380457147],[5.859818678582123,50.9133940928059],[5.859913134624696,50.913453932652445],[5.85997015470164,50.91346808193808],[5.860064087159612,50.913476686996106],[5.860271581885279,50.91346684988477],[5.860365633965213,50.913487139796636],[5.860432459829155,50.91348686649209],[5.860493754786801,50.91350189692693],[5.860550655483545,50.91350436082795],[5.86061201491959,50.91352568317609],[5.860669035297712,50.913539832116996],[5.860758951086304,50.91357272311549],[5.86086193048869,50.9136316284154],[5.860899073054021,50.913648555291644],[5.861331934116288,50.91384633619181],[5.861503098617224,50.9138986692539],[5.861831477915148,50.914029459698185],[5.861143029398065,50.914837688463585],[5.859633950972548,50.91493644584095],[5.858990714381227,50.91502446512822],[5.858444300390091,50.915125569903076],[5.857955299157296,50.91527947310088],[5.857251401385345,50.91555559775143],[5.856391369973436,50.9160004439802],[5.853236521819845,50.91788288727709],[5.85291035805652,50.91783116592292],[5.852409567276345,50.917665986719626],[5.852084077781052,50.91753965238334],[5.851406745951398,50.91735270574513],[5.852927345141907,50.91627062277709],[5.854559311381305,50.91509997854735],[5.856181151308953,50.91406059025253],[5.85662788108702,50.91380529134534]]]]}},{"type":"Feature","properties":{"gezicht_uri":"https://linkeddata.cultureelerfgoed.nl/cho-kennis/id/gezicht/10134379","gezichtsnummer":"1539","naam":"Thorn"},"geometry":{"type":"MultiPolygon","coordinates":[[[[5.845234885110604,51.15611737922842],[5.845464045146792,51.15573354781033],[5.845826599887833,51.156255270574704],[5.845863284954109,51.15635040804959],[5.845963031870633,51.15646237530292],[5.846160370134415,51.15661350796011],[5.846701294719209,51.15696013816828],[5.846880918323257,51.157054709617654],[5.847261428152604,51.15722578964276],[5.847455086378384,51.157294236784246],[5.847533935948319,51.1573172953815],[5.84765564868121,51.15733838618753],[5.847745816201445,51.15734971418684],[5.847983254069646,51.157364952276254],[5.848319255542608,51.15737350629316],[5.848979742529816,51.157382567194155],[5.848758961292818,51.157886823607676],[5.848393850692376,51.15882312028168],[5.848447479475746,51.15889661629199],[5.849062679097923,51.15923305277004],[5.849142039194183,51.1593064461196],[5.849135606402806,51.159377484052555],[5.849020137644311,51.15955142917066],[5.848985142927742,51.159625277350166],[5.84904178223865,51.1602821409945],[5.849109079867089,51.16114570700377],[5.848392361373905,51.16123664685237],[5.847914690282781,51.16135899419913],[5.847105570883175,51.161502428272534],[5.8465247534987,51.16160360496555],[5.846001059912766,51.16169915973598],[5.845346620624864,51.16187253258029],[5.844950533662635,51.1620062313798],[5.845211164136892,51.16233779311392],[5.84492258326734,51.162500731131715],[5.844800222034962,51.16241581878604],[5.844706464280348,51.16247551494127],[5.84473381346473,51.162494283886005],[5.844583151725137,51.16258206971314],[5.844762990074031,51.162696419211684],[5.844240935671262,51.16295825421208],[5.844137362518424,51.16275011928234],[5.84366400655937,51.16287782543554],[5.843130981867241,51.163043517309475],[5.842910425766294,51.16329157776205],[5.842231792072734,51.163479410138905],[5.841519490018765,51.163588267939446],[5.84137423935607,51.16335692247955],[5.841343373967296,51.16327164864145],[5.841257074492387,51.16307423030587],[5.841385502784233,51.16305035695782],[5.841160116181951,51.16237707076472],[5.840757459844431,51.1624262852488],[5.840226499582214,51.162511954519964],[5.839453490275051,51.162697442125086],[5.839223212098806,51.162105071386286],[5.839132683419288,51.16205778256487],[5.838992404862399,51.162039451707976],[5.838729276314312,51.16203058730749],[5.838336609354053,51.162077956781715],[5.837268720982927,51.16222412497757],[5.836980423820174,51.16227288309747],[5.836355724894456,51.16242181996373],[5.836094797537164,51.16249204337017],[5.835847007477843,51.16259008101507],[5.835609363590667,51.16270246118607],[5.83533487504688,51.162848241970224],[5.833911198527326,51.1612528047454],[5.833990672923131,51.16119317228719],[5.833434081750859,51.160994860026115],[5.833396513294823,51.160953655462336],[5.833307518423071,51.16091624401418],[5.833227126787748,51.16088149612323],[5.833144651037582,51.16077933946336],[5.833085082194214,51.16068069035126],[5.833033069294676,51.16047684212197],[5.832967364345353,51.1603350698095],[5.83277673840077,51.16013624792313],[5.832760805006916,51.16011473570988],[5.83268137297008,51.15988402584141],[5.832667260874844,51.159755538771705],[5.832662231301548,51.15967915245349],[5.832671826837111,51.15948944994712],[5.832712007282196,51.159358057924685],[5.832789248042629,51.15921573701057],[5.832912090376274,51.159058858787986],[5.833041173210427,51.158955889848606],[5.83309095861396,51.158930529783994],[5.833150618966481,51.15889164843128],[5.833221784424238,51.158859913974524],[5.83370878426759,51.15866657892266],[5.833872878311343,51.158636284482434],[5.834020790073542,51.1587058288283],[5.834288020657278,51.158697609144674],[5.834521752902607,51.15862569672482],[5.834672631181542,51.15855949647428],[5.834790597588357,51.15848982733039],[5.835009911205255,51.15840538504277],[5.835096955889859,51.15838976820893],[5.835181018935987,51.15836157835651],[5.835249016389475,51.15829839373325],[5.835381476405774,51.158102823499995],[5.835642807162768,51.15778360761002],[5.835791338444404,51.15762393042309],[5.835900908926216,51.15757316925886],[5.83613029206316,51.157495877045626],[5.8364868711741,51.15741629452852],[5.837341744722666,51.15727815028239],[5.83774842727061,51.15720645965373],[5.838457745358537,51.15709404075766],[5.838659170818334,51.157081572249766],[5.839954342578384,51.15709360849312],[5.840807868093814,51.157110053034465],[5.840957977986411,51.15711216322495],[5.841448683426608,51.1570095689978],[5.841484630867663,51.157031001731724],[5.841616514622785,51.15706913797596],[5.841944461801381,51.15713077645688],[5.842381041718065,51.157191988236185],[5.842615760922522,51.157221630188644],[5.842741786014701,51.157245405894194],[5.843371747890021,51.15648426954877],[5.844708607152189,51.15695182631641],[5.844913826246965,51.156603147057155],[5.845234885110604,51.15611737922842]]]]}},{"type":"Feature","properties":{"gezicht_uri":"https://linkeddata.cultureelerfgoed.nl/cho-kennis/id/gezicht/10134385","gezichtsnummer":"1604","naam":"Vaals"},"geometry":{"type":"MultiPolygon","coordinates":[[[[6.020375900624273,50.7686689587611],[6.020516628579899,50.76880212273905],[6.020605461543386,50.76887174949381],[6.020785656404028,50.768988516478416],[6.02096101119634,50.769062162653775],[6.02118318900549,50.769139147076096],[6.021480341214184,50.769204932470586],[6.021670638171069,50.769230853903885],[6.02182240814577,50.76923810992611],[6.021954224290202,50.769237385362295],[6.022092648020688,50.76920156729552],[6.022182197011993,50.769323324995696],[6.021914319926828,50.769429069988185],[6.02187255238107,50.769380759086594],[6.021498935141113,50.7695284335818],[6.021775097687542,50.76992512798173],[6.021538042956313,50.77000463465135],[6.021246487049026,50.769622406584716],[6.021047530766793,50.76968911846661],[6.020646021454185,50.76976682925934],[6.020965932872496,50.77035744751431],[6.020214295709668,50.77053955235702],[6.020153306091646,50.77043291785036],[6.01977472467122,50.77052937675647],[6.019515376383938,50.770637766112635],[6.019390541887724,50.771047448164325],[6.018811128488646,50.77096971819961],[6.018341274109915,50.77113049334885],[6.018001178592588,50.77072155551781],[6.018052812568904,50.76972259807655],[6.018433358267552,50.76966658446531],[6.018561717312774,50.76951576675786],[6.019483077646528,50.7694109474771],[6.019980206658553,50.76886079539526],[6.020375900624273,50.7686689587611]]]]}},{"type":"Feature","properties":{"gezicht_uri":"https://linkeddata.cultureelerfgoed.nl/cho-kennis/id/gezicht/10134392","gezichtsnummer":"1536","naam":"Wessem"},"geometry":{"type":"MultiPolygon","coordinates":[[[[5.885867973405737,51.16070603388414],[5.885609576074378,51.16086984269592],[5.885459310095225,51.160986444633494],[5.885164649758427,51.16123400501911],[5.88500853681761,51.16133894583624],[5.884994495298979,51.16136237722777],[5.884900567960445,51.16140143217996],[5.884749558195855,51.16144972055562],[5.883723026029638,51.161704006123685],[5.88327210031175,51.16177964235542],[5.88260774044202,51.1618157373678],[5.882134128989155,51.16177640774382],[5.881842568551758,51.16178304331325],[5.881845049907226,51.161747975948806],[5.881672060831919,51.16174691485619],[5.881503166736202,51.16172785823266],[5.880695401586927,51.161589268643766],[5.880036433970078,51.16146172767803],[5.878906085179742,51.16110156898239],[5.878356164056412,51.161010411326615],[5.878389849709508,51.160684869944305],[5.878382045350694,51.15968803169895],[5.878372824770432,51.15882603323173],[5.87830916160095,51.15875439112306],[5.878029558773491,51.1578719623813],[5.878183470695681,51.1578281649139],[5.878395246529115,51.15771490780819],[5.878662372459561,51.15756456149741],[5.878737657734335,51.157520197137075],[5.878883833877616,51.1574215990621],[5.879158306781819,51.15755706818552],[5.879219355644866,51.157518157175794],[5.8792804621963,51.15748463924193],[5.879431214205387,51.15741298784782],[5.87953660190392,51.15737658539249],[5.879680784724247,51.1573588950527],[5.87972372353406,51.15736410629439],[5.879893760185678,51.157357991629546],[5.880755667490973,51.157354331506724],[5.882021675142678,51.15784153672807],[5.882729405169067,51.15812077103753],[5.882910468759055,51.1582089886029],[5.883081556404773,51.158299945164785],[5.883274318732148,51.15841238230319],[5.883478643499606,51.15853645531191],[5.883716321929324,51.15870443108572],[5.884012082992856,51.158955754894265],[5.884383101819307,51.15929215055347],[5.884732694294302,51.15962953573357],[5.885417336777175,51.16028009527145],[5.885867973405737,51.16070603388414]]]]}},{"type":"Feature","properties":{"gezicht_uri":"https://linkeddata.cultureelerfgoed.nl/cho-kennis/id/gezicht/10134393","gezichtsnummer":"1540","naam":"Terziet / Kuttingen"},"geometry":{"type":"MultiPolygon","coordinates":[[[[5.916876117423913,50.761621482697024],[5.916977161747779,50.76252799978741],[5.917039305089297,50.76300592447906],[5.917079497808947,50.76317473147598],[5.917301923318503,50.7636636058766],[5.917553920609252,50.764135265107015],[5.917673081670968,50.76426865238737],[5.917696301834896,50.76431618690873],[5.917697349176873,50.764407868961534],[5.917655786483808,50.764491656779846],[5.916820918693237,50.76411346103946],[5.916403884243901,50.76395896638674],[5.916148259221948,50.7639142944021],[5.915579333573342,50.76386296612383],[5.91317563623005,50.764118440177086],[5.912233377811291,50.76426655155524],[5.9118866089522,50.76430857808361],[5.911817376956066,50.76432776939649],[5.911794217854293,50.76441057255397],[5.911683865014777,50.7644281528437],[5.911483809029402,50.76440928590716],[5.911297996738194,50.76439664619903],[5.911258283237591,50.76439412980128],[5.911211737044121,50.76441411666327],[5.911189385544478,50.76444298260385],[5.91117077114871,50.76455183282944],[5.911149897664438,50.76458608539708],[5.91111600515447,50.764597025889465],[5.911077678330573,50.76459180646508],[5.910874554236082,50.76455227791349],[5.91079793112829,50.7645445354249],[5.91069182936324,50.76456209548515],[5.910585859214551,50.76459134042648],[5.910540658885028,50.7646050286825],[5.91046140379007,50.76461527570936],[5.910372116451924,50.76461568034872],[5.91029966409944,50.764600727506455],[5.910258006760427,50.76455147727094],[5.910254747032799,50.76451373864257],[5.910216066056018,50.76447705937356],[5.910184744724274,50.7644646167942],[5.910015696743691,50.76443032571278],[5.909954552466158,50.76441262477597],[5.909873232846562,50.764365351764184],[5.90977086704517,50.76433705065662],[5.909700390188521,50.764245682818824],[5.909641918974502,50.764213587374705],[5.909621582036901,50.76416963377468],[5.909588641603618,50.7641392205546],[5.909554395184284,50.76411870102785],[5.909489121070903,50.764111805215784],[5.909452394024742,50.76412275804267],[5.90937180311998,50.76414020148859],[5.909299604467211,50.76414771913314],[5.909269812001652,50.764145157186896],[5.909131955329174,50.76411162265753],[5.909103539733132,50.764105458882725],[5.909025874117558,50.764130978875755],[5.908997711015439,50.764147286191275],[5.908960933329992,50.76415374463875],[5.908894302594993,50.76415224796341],[5.908792129675145,50.76414102403584],[5.908725307169815,50.76412244921395],[5.90860576410951,50.764078943535935],[5.908548489101392,50.76402706655303],[5.908460145919356,50.76398521761143],[5.908411868948692,50.7639773455584],[5.908359592456325,50.76399196379612],[5.908321679986977,50.76402359608991],[5.908287807389719,50.76403633344189],[5.908242415303639,50.764032942748265],[5.908205355241994,50.76401423330235],[5.908121475849136,50.763991240653766],[5.908005947579816,50.76405288640113],[5.907962063456748,50.76405757880703],[5.907864223316558,50.76405352563798],[5.907719251491966,50.7640173248435],[5.907629844393639,50.7640069412235],[5.90759142779261,50.7639936310377],[5.907577987717741,50.763932567082875],[5.907602450467924,50.763838972236165],[5.907628300134287,50.763742674461795],[5.907616156442352,50.763670817985755],[5.9075395022852,50.76353363329303],[5.907517468426249,50.76346451805335],[5.907489896656381,50.76340711333971],[5.907430743321974,50.763313895326654],[5.907367117080558,50.763200921853596],[5.907349737981496,50.76316774121856],[5.907292656762312,50.76313294166253],[5.907292314505088,50.7631023809387],[5.907286474523564,50.76308712611442],[5.90912925126776,50.76286217737939],[5.909833198015038,50.76282303718671],[5.909989875242867,50.76175894058866],[5.909782340440961,50.76069649303406],[5.909741407813341,50.76045937129577],[5.909711874679865,50.76010174666486],[5.909735461442406,50.759930850768825],[5.909751394857989,50.7598354962876],[5.909986427192848,50.759060487732015],[5.910042726800015,50.758900230312044],[5.910751495279561,50.75828846943898],[5.911058738502602,50.757887069478244],[5.912096986820258,50.75821853832059],[5.912098012774182,50.758309321573826],[5.911999147884853,50.75846438018369],[5.912885610942893,50.758530460374615],[5.913221015395591,50.75874017180324],[5.913534983239582,50.75893379997893],[5.913584844988344,50.75908188955069],[5.913964003227597,50.759025327771916],[5.91479225815257,50.75858198806528],[5.91509725311048,50.75848441250329],[5.915381501835163,50.758431875578005],[5.915619242318748,50.75840202310726],[5.915885364777946,50.7583756357321],[5.916675852975302,50.758351338383484],[5.917231248485206,50.7577195663215],[5.917307102254346,50.757660790138225],[5.917633279920773,50.75755771722952],[5.917944238452765,50.75748707342869],[5.918253963980869,50.757432614490966],[5.91863323672184,50.75738772237672],[5.919754674778243,50.757307946446296],[5.920400553647371,50.757279796110424],[5.921369411807016,50.757241159207275],[5.922184153583579,50.75723289188938],[5.922547110590121,50.7572482882026],[5.922924932758641,50.757323840082314],[5.923017631037012,50.7573746466433],[5.923613642868198,50.75707794138826],[5.924535576980883,50.757883554583145],[5.923977748791983,50.75964527942216],[5.923029387077126,50.75937642221273],[5.922861848242723,50.75934933409425],[5.922353599436415,50.76025507666166],[5.922118843389807,50.76029841251877],[5.921807116827348,50.76018030398895],[5.921675676193899,50.76008832682547],[5.921415392214707,50.76000683359989],[5.921199008686048,50.759922440062205],[5.921048599963172,50.7597829087122],[5.920913871225254,50.759774542746875],[5.920697592935138,50.75969913669872],[5.920602171879864,50.75965822864361],[5.920359829581988,50.759534402285574],[5.92020747754539,50.759472183438774],[5.920101910801841,50.75941154621805],[5.919765223534118,50.75934028975463],[5.919529697018395,50.759316207100454],[5.919239233513002,50.75932114166815],[5.919085315576332,50.759369492125835],[5.919067627472705,50.75955744178417],[5.919095427404371,50.75963371941665],[5.919125879858415,50.75981785171213],[5.918404926745092,50.7596045386753],[5.918278259667646,50.75955748024308],[5.917708687201347,50.759320994123485],[5.917376364898639,50.759631739172136],[5.917177310244918,50.75982321797007],[5.91717425723918,50.76005244910025],[5.917173318791908,50.76034279508996],[5.917149410475386,50.76048313178585],[5.917091417046866,50.76074137960841],[5.917052865129065,50.76084043452646],[5.916945885599905,50.761152840532205],[5.91690776361266,50.76128964683704],[5.916880658429896,50.761522583887164],[5.916876117423913,50.761621482697024]]]]}},{"type":"Feature","properties":{"gezicht_uri":"https://linkeddata.cultureelerfgoed.nl/cho-kennis/id/gezicht/10134399","gezichtsnummer":"1537","naam":"Valkenburg"},"geometry":{"type":"MultiPolygon","coordinates":[[[[5.831514942542657,50.86487633023887],[5.831313676812126,50.8649211490831],[5.831037416887642,50.86499591882617],[5.83078661895231,50.86505980355372],[5.830783709374883,50.86505262360574],[5.830561257468718,50.86511010686337],[5.830494346752068,50.86494586676523],[5.830343981703817,50.864669585423115],[5.830147428601432,50.86431617641653],[5.829885727063137,50.86383357656632],[5.830155129757411,50.86378490361127],[5.830067856780333,50.86357040351892],[5.830034218542636,50.86346895793101],[5.830026119942254,50.863364717848285],[5.830048070968389,50.86328373377622],[5.830096938614667,50.86319545547969],[5.830220513618331,50.86304756425342],[5.830169142659865,50.863022592203855],[5.830068983574097,50.86294567147885],[5.830000217052748,50.862883911548195],[5.829984327549084,50.862856106851275],[5.829853733296218,50.86271548139688],[5.829827981980918,50.86254748778657],[5.829827843798259,50.86208725726122],[5.829866462030572,50.861818341659614],[5.829939681140297,50.86160322687085],[5.830106344364683,50.86120887522234],[5.830302653906839,50.861241381874656],[5.830451958512442,50.86125968620066],[5.830651083147268,50.86128948480326],[5.830796290949783,50.861324883286954],[5.830894588273853,50.861355967188715],[5.831290834855311,50.86150276244111],[5.831498844696992,50.86157027878938],[5.831869496136443,50.8617135748745],[5.832137434387085,50.861809624009354],[5.832678977927262,50.86199990081235],[5.832519057422967,50.86220726136015],[5.832441505033579,50.862265987831535],[5.832210957990585,50.86251406992125],[5.83223278893528,50.86256881811198],[5.831910655074923,50.86289365766453],[5.832124897286689,50.86301777893612],[5.832132447801384,50.863064492102076],[5.832223549683032,50.863233132583304],[5.832324888061773,50.863432295807876],[5.832406066555495,50.86360277213372],[5.832489547614577,50.86386492620924],[5.832547163908635,50.86394830095957],[5.832576477893766,50.86404257137954],[5.833084777817532,50.86387521660786],[5.833876258930735,50.86361597808579],[5.834370751232387,50.864520146728076],[5.834022374068344,50.8646275625305],[5.833663983610443,50.864727824834944],[5.833551871853648,50.864590727689354],[5.832598678522814,50.86487395814982],[5.832324896585647,50.86461523362411],[5.831487447249215,50.864823401453634],[5.831514942542657,50.86487633023887]]]]}},{"type":"Feature","properties":{"gezicht_uri":"https://linkeddata.cultureelerfgoed.nl/cho-kennis/id/gezicht/10134407","gezichtsnummer":"1542","naam":"Stevensweert"},"geometry":{"type":"MultiPolygon","coordinates":[[[[5.846390772445724,51.1341960654256],[5.846255535525541,51.13424514041031],[5.846105015345036,51.13419449879243],[5.845934970001982,51.13419157534777],[5.843967238882175,51.134726084717016],[5.843855648507155,51.1341359526652],[5.843735980630764,51.13373911374649],[5.843686978284957,51.133552337224216],[5.843637190557448,51.13343028388988],[5.843625440123974,51.133397970033315],[5.842649396075562,51.132075041346745],[5.842148364229175,51.131540368525684],[5.842118043945505,51.131508127300826],[5.841912113301695,51.13134263944726],[5.84178092261111,51.13122270197054],[5.841658088010592,51.13093643689222],[5.841781396735115,51.12968200179912],[5.842373222870832,51.12957810786558],[5.84250688974045,51.12980410403919],[5.842756407607475,51.12975548381667],[5.842737418169744,51.12971331048735],[5.84388936912213,51.12947866785621],[5.844098647026332,51.12969357801355],[5.844475986134462,51.12956984295201],[5.844438406732598,51.12952594535018],[5.844738783412891,51.129420490389705],[5.845093567069804,51.12932740450106],[5.845178319039397,51.12951763495974],[5.84586275473445,51.12938998661601],[5.845871641835624,51.12927848904765],[5.846032756993972,51.12924728998906],[5.846801998512071,51.129315259013715],[5.846807675747306,51.12916871733663],[5.847220350779128,51.12929382615296],[5.847190802154834,51.12933888779658],[5.847564712065942,51.129444373415204],[5.84798910808026,51.12959819753009],[5.848027344296976,51.12956478677211],[5.848468223453153,51.129794949424635],[5.84828132802078,51.12996198679025],[5.848416357536873,51.130036058274186],[5.848626903237788,51.12994802907312],[5.848819272731156,51.13004164773265],[5.849011497117392,51.13026290915842],[5.849401485452421,51.13011933214158],[5.84955394861985,51.13008007263225],[5.849641993559441,51.13031163575008],[5.849737127791687,51.13053777720795],[5.84982074412827,51.13075497558579],[5.849914505916402,51.13098651571708],[5.850005194281013,51.13119649464627],[5.850027346857506,51.131268317594056],[5.850017086167406,51.13138431543477],[5.849908628248073,51.13182160880829],[5.849790584374704,51.13230028925516],[5.849777103747589,51.13238034426663],[5.849761823513736,51.132423551920986],[5.849701416199372,51.13252536729357],[5.849673160848748,51.13255694105138],[5.849576793903596,51.132634629566496],[5.849423481374402,51.13273232036997],[5.849263061307124,51.13283363482495],[5.84898763662419,51.133006419002726],[5.848815912121053,51.13312036227675],[5.84855469806737,51.13328589777857],[5.84822110911026,51.13350026025557],[5.84809020716438,51.133553814625564],[5.84795501901644,51.133607385860415],[5.847710285150854,51.13370723500407],[5.847377316692137,51.133841591298534],[5.847217911951218,51.133902448795304],[5.846914789323146,51.134021404333026],[5.846642978568012,51.13412854956927],[5.846443695409691,51.1342021482971],[5.846390772445724,51.1341960654256]]]]}},{"type":"Feature","properties":{"gezicht_uri":"https://linkeddata.cultureelerfgoed.nl/cho-kennis/id/gezicht/10134408","gezichtsnummer":"1543","naam":"Sittard"},"geometry":{"type":"MultiPolygon","coordinates":[[[[5.871313135741889,50.995262636304275],[5.872168228713347,50.99557636884066],[5.872478759995861,50.99571259901801],[5.873737057436567,50.996168453142296],[5.874738572398268,50.99658582334378],[5.874575205103904,50.99676269377965],[5.875004066888934,50.99744584516487],[5.87506715119987,50.99761906585902],[5.874980292823461,50.99789179618215],[5.874887611188184,50.998018031398374],[5.874723289955433,50.99823985069489],[5.874238314934062,50.998583469905995],[5.8737604075692,50.9989225629193],[5.874012077852197,50.99914802666408],[5.87347336858806,50.99939568687564],[5.873373102714005,50.9994788058363],[5.872222233066024,51.00003555000239],[5.871978943527911,50.99979386724158],[5.870014820771499,51.00064163526079],[5.868340569333703,51.00019555873975],[5.867752900625632,50.999986758131655],[5.867648961090755,50.99985505202118],[5.867180326665247,50.99972216068317],[5.86692896701531,50.99952364767758],[5.866438311510263,50.99973871593878],[5.865755285063081,50.999124899169566],[5.865873039870188,50.99907856916747],[5.865832781858529,50.999042779802316],[5.866079630340929,50.998944679293544],[5.866650973278184,50.99881826898656],[5.866533859963988,50.99851492794512],[5.866765745457622,50.99848520370398],[5.866734066124902,50.998315444154436],[5.866777461490785,50.99810492366977],[5.866839944096776,50.99794915658664],[5.86689336197249,50.997880619578225],[5.866809276645348,50.99746567938131],[5.868068355192591,50.99676741372769],[5.869048644446592,50.99624737608174],[5.869456853464897,50.99605331441469],[5.869852954491561,50.995927617590816],[5.870208170391535,50.995842540054824],[5.870435766988944,50.99581282630773],[5.870599596743462,50.995814839464956],[5.870727883434864,50.995823293000264],[5.870876252591396,50.99584514593741],[5.871027602589307,50.995879570733784],[5.871313135741889,50.995262636304275]]]]}},{"type":"Feature","properties":{"gezicht_uri":"https://linkeddata.cultureelerfgoed.nl/cho-kennis/id/gezicht/10134409","gezichtsnummer":"1544","naam":"Sint Gerlach"},"geometry":{"type":"MultiPolygon","coordinates":[[[[5.805575238462979,50.86591783826349],[5.805717162218043,50.86590474017608],[5.805866644369657,50.86735590258968],[5.805966254920015,50.86973130213111],[5.805946816153945,50.87040913390948],[5.80579245936214,50.87187667768934],[5.805546239237279,50.873083876221976],[5.804279327667858,50.87311721740507],[5.802817840831954,50.87315663758484],[5.80171579515261,50.87319834684139],[5.801357884640314,50.87320861823732],[5.799622312491885,50.87325976607504],[5.79795627419625,50.87330255088511],[5.797741495787005,50.872151838862536],[5.797616745053991,50.87186104221354],[5.797524829583217,50.87094719995408],[5.796982075540972,50.87093654037567],[5.796109418647023,50.8712101949457],[5.795790130627349,50.87124907694544],[5.795654189907134,50.87081539468404],[5.795326381055234,50.87085430550949],[5.794452467333128,50.86872522645844],[5.794561906233243,50.868732032023296],[5.794655490660275,50.86871282562952],[5.794743290301342,50.86868195401689],[5.795200134828102,50.86845741877159],[5.79555128965784,50.8683294359767],[5.796125786077756,50.86823841566988],[5.796713191442585,50.86816172897929],[5.796911990121389,50.86815383358211],[5.797136611413291,50.868174610683795],[5.797677504323914,50.8682994347569],[5.797901240443419,50.86838043897111],[5.798054848635797,50.86840236540983],[5.798277723968375,50.868386292122004],[5.798571166470366,50.86831873076954],[5.798699173101969,50.86817714993589],[5.799011367192161,50.867662773689496],[5.799032902746796,50.86752876276165],[5.798961783041641,50.86735822746669],[5.798855113528888,50.86718332427308],[5.798736690060965,50.866964417341734],[5.79873143016049,50.86685207514464],[5.798745050962805,50.86678640788465],[5.798804236417838,50.86673316284175],[5.798907717878674,50.866709423323],[5.79971734597517,50.86670653743244],[5.799833762704219,50.86669982979125],[5.800025172058277,50.86666049433964],[5.800337002063022,50.86658567172129],[5.800502843405154,50.86654642683726],[5.801026864711507,50.86653286686042],[5.801153175353201,50.8665207291513],[5.80134602735393,50.86648408300659],[5.801500480210188,50.86644218082043],[5.801616928192738,50.86643906682018],[5.801701934420233,50.86641449213027],[5.801779995392576,50.86624881694682],[5.801807260158546,50.86612107715406],[5.801872066410674,50.8660615181624],[5.802057789872975,50.866022199729926],[5.802728943302816,50.86594338408581],[5.80318769250337,50.86593813886126],[5.803520197873698,50.86595222311417],[5.803661001085459,50.865972390426506],[5.804023836463669,50.86604209500719],[5.80417034596918,50.86606493779084],[5.804296816445687,50.86607077381918],[5.804441670894334,50.866067554489796],[5.804712777005804,50.866045901376744],[5.805221995170524,50.86596675703447],[5.805575238462979,50.86591783826349]]]]}},{"type":"Feature","properties":{"gezicht_uri":"https://linkeddata.cultureelerfgoed.nl/cho-kennis/id/gezicht/10134410","gezichtsnummer":"1545","naam":"Roermond"},"geometry":{"type":"MultiPolygon","coordinates":[[[[5.991753370132584,51.189100899625636],[5.992051397191422,51.189030133304],[5.99209160752989,51.18925914312391],[5.99207153888701,51.189364418747786],[5.992090065734842,51.189467695639664],[5.992177103367506,51.189451062293216],[5.992418402321965,51.18995948115198],[5.992585578667566,51.19027052804819],[5.992666645006071,51.19045168316211],[5.992916958736356,51.19088364764661],[5.993377935405908,51.191885313405784],[5.99356229749973,51.19230503601229],[5.993698068020056,51.192619840835384],[5.993851251276052,51.19306129930858],[5.993876828970274,51.193156449024364],[5.994090951715105,51.19366230969683],[5.994185585598187,51.19378676229486],[5.994359318850789,51.194158897562964],[5.994451447714326,51.19441819784607],[5.994513537007524,51.19467765506915],[5.99489819696526,51.19563656667941],[5.99379696980102,51.19566389434864],[5.993825706420077,51.19610600245624],[5.993788170771362,51.19629676491917],[5.993733983506866,51.19641839909426],[5.993406549479814,51.196973829313684],[5.992994833031863,51.19753958588568],[5.992803292840702,51.19766103670286],[5.992149045515435,51.19828019007208],[5.9919686757291,51.19848967338623],[5.991833266979951,51.198636898484466],[5.989911393873894,51.19817046658444],[5.989258635151258,51.198034521252715],[5.988027885608653,51.197790098901926],[5.987485752776434,51.197688628619986],[5.98676011809634,51.19755843914643],[5.986172446513051,51.19747517567877],[5.985716661266103,51.19741190466003],[5.985476098942494,51.19739606443061],[5.985199830576618,51.19738490195439],[5.984868965631083,51.19735604169181],[5.984199861763682,51.19728127717045],[5.983181369884169,51.19740336216836],[5.983064458243652,51.197434524271614],[5.982089300703431,51.197699302199815],[5.980879895592166,51.19799493256277],[5.980890350342296,51.19747621517818],[5.980946991080638,51.19709928763328],[5.980987070153322,51.19699031620824],[5.981054341638782,51.1968821046971],[5.981121833925232,51.19679097107395],[5.981319867487596,51.19661647143367],[5.981778073209302,51.19631569365837],[5.982215420940634,51.19606176355066],[5.982359066977597,51.1959963072421],[5.982535731841678,51.19593967056507],[5.981410675565014,51.194680680181015],[5.980812582704091,51.19389899949865],[5.980585472869562,51.193926227581265],[5.980512913374172,51.19395716063571],[5.979936901583127,51.19410751970159],[5.979666802166372,51.1937969797445],[5.980508158836979,51.19358953573061],[5.980267562652448,51.193348061634296],[5.980134195391683,51.19310154541127],[5.980002314364856,51.193080644789],[5.979897033655662,51.192904099023536],[5.979824679577727,51.192618618603305],[5.979559664483341,51.19214714979348],[5.979232822222278,51.19165082630895],[5.97876170032839,51.190947591232],[5.979205898922297,51.1906729627654],[5.979051982369818,51.1904957651595],[5.979160729842681,51.19038734342484],[5.979408663732664,51.190312370345254],[5.980637726818824,51.1900031706858],[5.980756412122937,51.18988930329297],[5.981440912277767,51.18972580056286],[5.98163044507257,51.19000169158858],[5.981723583955041,51.19012436405111],[5.981743564797092,51.190231230660615],[5.981726134732804,51.19032120964329],[5.981690342657224,51.1904292605349],[5.981609672976087,51.1904961917118],[5.981416352275007,51.19059066595408],[5.981290514881546,51.19070457058859],[5.981171712437116,51.19080945014203],[5.981009125737621,51.190957700448216],[5.980879378967386,51.19110128823811],[5.980758725462965,51.191284380930945],[5.980731966429662,51.191316877950456],[5.980679308669624,51.19144838601496],[5.980682657358935,51.19170725148189],[5.980712661044676,51.19181496596022],[5.98082719948462,51.19204359976882],[5.9809275855991,51.192173427025665],[5.981072072824079,51.19250528080708],[5.981215189888125,51.19284163590741],[5.98124919596488,51.19292685734373],[5.981311950980616,51.19302271854845],[5.981430610615807,51.193127282802955],[5.98168108525002,51.19335791719493],[5.981752282436679,51.19333238376267],[5.982393496769885,51.19379832561472],[5.982718372259156,51.19391891111506],[5.983520161235234,51.1938599662092],[5.983730764279615,51.193443594304576],[5.983886116786968,51.1932890850643],[5.984063463076623,51.19317581194356],[5.984418305143155,51.19296094978625],[5.984532978196915,51.192868672714944],[5.984679867545321,51.192943424910375],[5.985234785886996,51.19205515544559],[5.985530932019495,51.19161856408884],[5.986290487442829,51.1904101265707],[5.986528625700458,51.190024169974045],[5.986613261385213,51.189932944639786],[5.98680355516723,51.18982679164723],[5.987621137659015,51.18966885784786],[5.987841058687134,51.189640754190194],[5.988494036802689,51.189257142659315],[5.989047612908784,51.189256973112364],[5.989251997879974,51.189244228524956],[5.989364841172509,51.18923195805582],[5.989623342694105,51.18920095435704],[5.989749117820165,51.18919311095389],[5.990017961866995,51.18918722189619],[5.990430075707749,51.18919856642337],[5.990514619161552,51.189209813127],[5.990576241813707,51.18921848210869],[5.990712454803137,51.18924294380427],[5.990979230831812,51.18929728947061],[5.991231572434985,51.189233054954876],[5.991753370132584,51.189100899625636]]]]}},{"type":"Feature","properties":{"gezicht_uri":"https://linkeddata.cultureelerfgoed.nl/cho-kennis/id/gezicht/10134411","gezichtsnummer":"1546","naam":"Rimburg"},"geometry":{"type":"MultiPolygon","coordinates":[[[[6.086783745126786,50.9133527837894],[6.086750566504678,50.91350939412541],[6.086735789300524,50.91366049976881],[6.086720283610806,50.91385745405063],[6.086767725322366,50.91398571088644],[6.086856467485073,50.91411821252419],[6.087005293169345,50.91427462122327],[6.087255925550752,50.9144870449833],[6.088652066001676,50.91569211425996],[6.089246794338748,50.91618290636099],[6.089527718276914,50.916328622407086],[6.089723606503098,50.9163993458839],[6.089966772247897,50.91649315349983],[6.090253935105208,50.91658129986855],[6.091011660153909,50.91684816368776],[6.089139758825674,50.917937322932175],[6.089071305182739,50.91783076822451],[6.088737255764768,50.91737075572778],[6.088622757841894,50.91722852362088],[6.088546102282422,50.91714359209123],[6.088309332163624,50.917377843711556],[6.087715262453452,50.91786954783104],[6.08768180369349,50.91791379679952],[6.087456965017767,50.91809134329731],[6.087207672934033,50.91834454543856],[6.08703180970238,50.91828178674246],[6.08669507316476,50.91811303042675],[6.086328935837095,50.91788062840104],[6.085914445897117,50.91830651682334],[6.085663232321518,50.918150724706756],[6.085374697674222,50.91797178565668],[6.085163032635917,50.91789216091079],[6.085000066065847,50.917835613705805],[6.084856735446354,50.91776096976283],[6.084741612985719,50.91767087420304],[6.08461802731611,50.9175853240694],[6.084271933966527,50.917455270132265],[6.084172955583189,50.91739833630368],[6.083991019666414,50.91730954130917],[6.083832389974882,50.91725746089307],[6.083628639026517,50.91723082120085],[6.083297255979488,50.9172274216395],[6.0830571042829,50.91723875396949],[6.082906599600123,50.91725404140702],[6.082808772639389,50.91727350653691],[6.082264597571798,50.917114973258485],[6.081490858207034,50.91710433672439],[6.081578952746494,50.9170049284549],[6.081274867749234,50.916830567123824],[6.081656846237055,50.916699731808286],[6.081925927158232,50.91653181900922],[6.081863004162849,50.91641354113287],[6.081879431981693,50.916371193920455],[6.081977382832584,50.916265433825814],[6.081969476720749,50.916212445825586],[6.081876910999552,50.91610872843068],[6.081794771249782,50.916036410100205],[6.081723966120557,50.915961326964904],[6.081541109313942,50.91581050916264],[6.08142153870615,50.91580223750496],[6.081367022552572,50.915770203928986],[6.08131922446587,50.915712061750305],[6.081305861167632,50.91567438784853],[6.081293906247876,50.91563580659131],[6.081247719104333,50.91559023940797],[6.080999036678767,50.91550633461244],[6.080870437017046,50.91546485699654],[6.080808758506667,50.9154292704716],[6.080748151435573,50.91537030593281],[6.080666789609118,50.91525483465836],[6.080615717972714,50.91516794681725],[6.080594855395201,50.91510424949763],[6.080592193635622,50.91502156608397],[6.080575650547488,50.91496143850252],[6.080617577559095,50.91491264633378],[6.081140876853938,50.91491400383401],[6.08160780253681,50.914948956810306],[6.081901130911219,50.914975961171976],[6.08218030888418,50.91500754431039],[6.082255382080419,50.91498821636882],[6.082556623016134,50.91487943669575],[6.082395827778546,50.91468264345857],[6.082458076971022,50.91466159461447],[6.082334925570933,50.914509520425725],[6.082758087326241,50.914376636168214],[6.082664509726155,50.914205507525935],[6.083893191410319,50.91383675601382],[6.084095452016806,50.9139541936986],[6.084529788192556,50.91380865093355],[6.084970945758979,50.913644188358106],[6.08506493281967,50.913653509531834],[6.085378628802176,50.91352307358064],[6.08605293398671,50.91326191578058],[6.086062456193061,50.9133274784472],[6.086121631974236,50.91338554995665],[6.086238394354178,50.913396530420684],[6.086396225279648,50.913396475738246],[6.086556763832016,50.91338741541019],[6.086783745126786,50.9133527837894]]]]}},{"type":"Feature","properties":{"gezicht_uri":"https://linkeddata.cultureelerfgoed.nl/cho-kennis/id/gezicht/10134412","gezichtsnummer":"1547","naam":"Raren"},"geometry":{"type":"MultiPolygon","coordinates":[[[[5.984263277386982,50.76228502700151],[5.984577743259313,50.76183125609039],[5.986929335064112,50.75944508221268],[5.987018739207538,50.75945450558641],[5.987693051729123,50.75943392115732],[5.987976468949671,50.7594324466342],[5.988179228551496,50.7594403802705],[5.988605297116701,50.7595109720394],[5.988916582648297,50.75958216054918],[5.989066099278416,50.75963711267697],[5.989168763109822,50.75979478298542],[5.989244475090225,50.75984113074027],[5.989617596803059,50.759981209831736],[5.990211084139012,50.76017496954464],[5.990856916175836,50.76036126137707],[5.990568230636681,50.76137582563822],[5.9905423398186,50.76156472899091],[5.99051198008608,50.76250063783231],[5.990523180446801,50.76270822416224],[5.990534030604408,50.76288884545803],[5.990587852184505,50.763104299109365],[5.99063382911481,50.76326136553112],[5.990763429511794,50.76352766006335],[5.990791197619027,50.763592235375846],[5.990845998024337,50.763664759409274],[5.990900179335502,50.76368964518998],[5.990915075929539,50.763745298821306],[5.990928496916709,50.76379646568929],[5.991024291999623,50.76386068520715],[5.99109342894658,50.76394571868442],[5.991182021542497,50.7640009867904],[5.9915634482374,50.764340571140906],[5.990515291494156,50.76493752632008],[5.990222538610721,50.76498669717941],[5.98845386713754,50.76521974621556],[5.987228050241966,50.76545444267054],[5.986044626503001,50.76557025202184],[5.985773633529776,50.7649990609772],[5.985580030895586,50.764603651727896],[5.985482041644745,50.76436864899273],[5.985379218054855,50.764198391681255],[5.984978112115146,50.76364764860346],[5.984694238444965,50.76306483621026],[5.984263277386982,50.76228502700151]]]]}},{"type":"Feature","properties":{"gezicht_uri":"https://linkeddata.cultureelerfgoed.nl/cho-kennis/id/gezicht/10134413","gezichtsnummer":"1548","naam":"Plaat - Diependal"},"geometry":{"type":"MultiPolygon","coordinates":[[[[5.902773817356442,50.762063755739895],[5.90301389030402,50.76211392008029],[5.903958488151659,50.762304754927335],[5.903950585101563,50.762358723698405],[5.905282698267802,50.762602644857296],[5.905559596389881,50.76252319849622],[5.90605284976016,50.7626540184874],[5.90615428456266,50.76272637266939],[5.906288154638565,50.76278419868944],[5.906413069593484,50.76280161477525],[5.906539311381265,50.76281093474655],[5.90664599385199,50.76284551150915],[5.906694691648567,50.76289113578704],[5.906726926026788,50.762985374198834],[5.906758416389302,50.763013098080876],[5.9068593300587,50.76303871170842],[5.907009806037658,50.76306050654492],[5.907097502148564,50.76304483052905],[5.907186826762312,50.763048023805],[5.907267909828262,50.76307462528222],[5.907286474523564,50.76308712611442],[5.907292314505088,50.7631023809387],[5.907292656762312,50.76313294166253],[5.907349737981496,50.76316774121856],[5.907367117080558,50.763200921853596],[5.907430743321974,50.763313895326654],[5.907489896656381,50.76340711333971],[5.907517468426249,50.76346451805335],[5.9075395022852,50.76353363329303],[5.907616156442352,50.763670817985755],[5.907628300134287,50.763742674461795],[5.907577987717741,50.763932567082875],[5.90759142779261,50.7639936310377],[5.907629844393639,50.7640069412235],[5.907719251491966,50.7640173248435],[5.907864223316558,50.76405352563798],[5.907962063456748,50.76405757880703],[5.908005947579816,50.76405288640113],[5.908121475849136,50.763991240653766],[5.908205355241994,50.76401423330235],[5.908242415303639,50.764032942748265],[5.908287807389719,50.76403633344189],[5.908321679986977,50.76402359608991],[5.908359592456325,50.76399196379612],[5.908411868948692,50.7639773455584],[5.908460145919356,50.76398521761143],[5.908548489101392,50.76402706655303],[5.90860576410951,50.764078943535935],[5.908725307169815,50.76412244921395],[5.908792129675145,50.76414102403584],[5.908894302594993,50.76415224796341],[5.908960933329992,50.76415374463875],[5.908997711015439,50.764147286191275],[5.909025874117558,50.764130978875755],[5.909103539733132,50.764105458882725],[5.909131955329174,50.76411162265753],[5.909269812001652,50.764145157186896],[5.909299604467211,50.76414771913314],[5.90937180311998,50.76414020148859],[5.909452394024742,50.76412275804267],[5.909489121070903,50.764111805215784],[5.909554395184284,50.76411870102785],[5.909588641603618,50.7641392205546],[5.909621582036901,50.76416963377468],[5.909641918974502,50.764213587374705],[5.909700390188521,50.764245682818824],[5.90977086704517,50.76433705065662],[5.909873232846562,50.764365351764184],[5.909954552466158,50.76441262477597],[5.910015696743691,50.76443032571278],[5.910184744724274,50.7644646167942],[5.910216066056018,50.76447705937356],[5.910254747032799,50.76451373864257],[5.910258006760427,50.76455147727094],[5.91029966409944,50.764600727506455],[5.910372116451924,50.76461568034872],[5.91046140379007,50.76461527570936],[5.910540658885028,50.7646050286825],[5.910585859214551,50.76459134042648],[5.91069182936324,50.76456209548515],[5.91079793112829,50.7645445354249],[5.910874554236082,50.76455227791349],[5.911077678330573,50.76459180646508],[5.91111600515447,50.764597025889465],[5.911149897664438,50.76458608539708],[5.91117077114871,50.76455183282944],[5.911189385544478,50.76444298260385],[5.911211737044121,50.76441411666327],[5.911258283237591,50.76439412980128],[5.911297996738194,50.76439664619903],[5.911483809029402,50.76440928590716],[5.911683865014777,50.7644281528437],[5.911794217854293,50.76441057255397],[5.911817376956066,50.76432776939649],[5.9118866089522,50.76430857808361],[5.912233377811291,50.76426655155524],[5.91317563623005,50.764118440177086],[5.915579333573342,50.76386296612383],[5.916148259221948,50.7639142944021],[5.916935634425886,50.76460283021991],[5.916956368115372,50.76468093858484],[5.916487534494316,50.76570243103613],[5.916807808751769,50.76631939923388],[5.917731606197699,50.767282364617934],[5.918918477439178,50.76868726483832],[5.918500536784015,50.76882941579397],[5.917402161800839,50.76921559462316],[5.916157125826863,50.7696698517589],[5.916392250750786,50.77040047159384],[5.916429131205431,50.770527046183666],[5.916440579862364,50.77066092846372],[5.916413552001592,50.771150049044515],[5.916427914081715,50.771415156062886],[5.916592419792401,50.771918679803974],[5.915618205489604,50.77201213254234],[5.914656571026325,50.77209023844067],[5.914123514404328,50.772085481134916],[5.914045664048968,50.7717208866793],[5.913877107598019,50.77123265902459],[5.913682500496689,50.77069690871811],[5.913615832381382,50.77031788076852],[5.913569540169711,50.76986055640298],[5.913629196688497,50.76949623365847],[5.913685018691135,50.7690438370758],[5.913682205775212,50.76879575605398],[5.913604293159498,50.768424869424095],[5.913476682382147,50.76804611927667],[5.91342309905432,50.7679456877457],[5.913318715150084,50.76786526328507],[5.91296472705139,50.767647546468325],[5.912469784561446,50.767373839822795],[5.911808034695376,50.767013696744435],[5.911408512948426,50.766779103172915],[5.911064189518372,50.766537066668526],[5.910774982632605,50.766280396970096],[5.910669605187081,50.76623682916149],[5.910046404662784,50.7661506628927],[5.909619097716552,50.76609057375298],[5.908306315587015,50.76593830176629],[5.906822904169632,50.765863188628664],[5.905861577869541,50.76557806860961],[5.90512765988629,50.7653485507676],[5.904423351751476,50.76510451339809],[5.903981885763842,50.76491682450093],[5.903551421641042,50.764698522463995],[5.903096728402703,50.76446774264766],[5.902471181873388,50.7641667114151],[5.902562398299882,50.76357393581732],[5.90257631197456,50.76342286020329],[5.902580595037373,50.76317025302302],[5.902558240355484,50.76294383256387],[5.902558342497576,50.762569893920436],[5.902539590620504,50.76241267190054],[5.902773817356442,50.762063755739895]]]]}},{"type":"Feature","properties":{"gezicht_uri":"https://linkeddata.cultureelerfgoed.nl/cho-kennis/id/gezicht/10134414","gezichtsnummer":"1549","naam":"Oud Valkenburg"},"geometry":{"type":"MultiPolygon","coordinates":[[[[5.856822055730951,50.85296938471901],[5.85795366028684,50.853652432901114],[5.8603482898709,50.85619640363453],[5.860307475178886,50.85664961135788],[5.860218930790617,50.85687919069972],[5.860143081206517,50.85696130003806],[5.859747391890894,50.85729191194993],[5.859572784366537,50.85743824575307],[5.85945834230944,50.85749624228535],[5.859325163647365,50.85752734851688],[5.859174632044061,50.85752796317366],[5.858610107480477,50.85745745641368],[5.858411639950962,50.85749242336325],[5.858321182741478,50.85753503986855],[5.858226912966972,50.85762171745447],[5.858102725483627,50.857838855903424],[5.857883420013096,50.857919750216055],[5.857533206756496,50.85797600784225],[5.85726267475078,50.858047221578985],[5.856916820432563,50.85811334740149],[5.856752204074647,50.858125701696885],[5.856587496529513,50.858129067227125],[5.856374249631168,50.858107460599975],[5.855865634680273,50.85808884914266],[5.855594508551054,50.85810163352495],[5.855327642654468,50.85811440002038],[5.855130789741715,50.85816913036746],[5.854944485510709,50.85828404332885],[5.854746401846255,50.858357654688014],[5.854535227925889,50.858400756363935],[5.854244408024574,50.85843249387312],[5.854038533309773,50.85843781985348],[5.85384524054381,50.85842331910279],[5.85314825161218,50.8583146680165],[5.852659300706036,50.85827438984164],[5.852000241477973,50.85826535590367],[5.851032061581583,50.85830430112668],[5.850315199150046,50.85833773730358],[5.850133538571426,50.85835015044749],[5.849885427811897,50.85839249263382],[5.849591152003853,50.85850513233856],[5.849500451400728,50.858524371758605],[5.84890157276713,50.85856901286416],[5.848471147370016,50.85870107005159],[5.848394772708587,50.85873283589659],[5.848235969237977,50.85890156166783],[5.848199349459264,50.858932269946955],[5.848049537597911,50.859005677301205],[5.847584128882913,50.859190905107525],[5.847404643596064,50.85927971090898],[5.846947704570453,50.85960333142392],[5.846656011215381,50.85983460677939],[5.846385234555487,50.860027146064425],[5.846163823928991,50.860185330937554],[5.845927595462058,50.860281550799584],[5.845500181755203,50.86043336048898],[5.845385483430318,50.86046797291868],[5.845252633465322,50.860534118286594],[5.845024151047977,50.86069592453925],[5.84494629721358,50.860722300613666],[5.844837056537612,50.8607344186497],[5.844663719868552,50.86072791354338],[5.844411969983671,50.86069115606554],[5.843973433201668,50.85942815207066],[5.843764261082276,50.85881144129198],[5.843720602153984,50.858704645863746],[5.843612906860667,50.85844079760511],[5.843426453712637,50.85796691997028],[5.842905594694458,50.85699188159232],[5.842259569289006,50.85585014032071],[5.841888057964812,50.85532844860657],[5.842810576067397,50.85498413740763],[5.843451806179882,50.854773964961886],[5.844503913613153,50.85446867979298],[5.844872656460052,50.85442047824551],[5.84652951245289,50.85438334447934],[5.848619890745881,50.85438670518238],[5.851556453726972,50.854372249921674],[5.852751798210219,50.85433687991146],[5.853394964063024,50.85418327445009],[5.853430853308266,50.8542217819724],[5.854196135668486,50.85406767946905],[5.854829189633517,50.853897926839466],[5.854996268377403,50.853849609682236],[5.855212810495464,50.85377772090054],[5.855447557424105,50.85368058905512],[5.856822055730951,50.85296938471901]]]]}},{"type":"Feature","properties":{"gezicht_uri":"https://linkeddata.cultureelerfgoed.nl/cho-kennis/id/gezicht/10134415","gezichtsnummer":"1550","naam":"Mamelis"},"geometry":{"type":"MultiPolygon","coordinates":[[[[5.974008956096967,50.796910001012655],[5.974531399858266,50.79661340689901],[5.975917652716437,50.79766345122943],[5.975850215066764,50.797714133070244],[5.97575857565078,50.79775774702164],[5.975611202142224,50.797768385679724],[5.975516395342245,50.79778594759835],[5.975453018120526,50.79782132729901],[5.975357442380417,50.797890130054434],[5.975274596562136,50.79795617123554],[5.975209561431252,50.797972682433425],[5.975090541035891,50.79798227719555],[5.974997163254377,50.79800073030881],[5.97488431676809,50.79804984484867],[5.974829140937881,50.79806091229695],[5.974929085134893,50.79822490172249],[5.97498116783128,50.798305537321056],[5.975019250139925,50.79840062647283],[5.975078082915329,50.79845426081024],[5.975086683141054,50.79868523322336],[5.975117127382133,50.798961039246485],[5.975185114349058,50.79917732705906],[5.9752180600166,50.79931469039527],[5.975109055450697,50.79933142534516],[5.974912377633091,50.79936928088707],[5.974789406038516,50.79940316561228],[5.974618712470561,50.799476844301296],[5.974176990400688,50.799765837415144],[5.972163647628791,50.79802949653752],[5.972516831924581,50.79780568026568],[5.972684323221109,50.79770325625257],[5.972847536323194,50.79759905589417],[5.973047021689196,50.7974470298839],[5.973200441582038,50.7973536654364],[5.973467954929119,50.79719769797717],[5.973689028233882,50.79707073035144],[5.974008956096967,50.796910001012655]]]]}},{"type":"Feature","properties":{"gezicht_uri":"https://linkeddata.cultureelerfgoed.nl/cho-kennis/id/gezicht/10134416","gezichtsnummer":"1551","naam":"Lemiers"},"geometry":{"type":"MultiPolygon","coordinates":[[[[5.992034725152819,50.79192612461551],[5.989563778204521,50.78970348206732],[5.988302677881259,50.78857744294739],[5.988893857462062,50.78823727854763],[5.988993903584339,50.78818821690243],[5.989410716552525,50.78796221916937],[5.989811834646373,50.78772911064035],[5.989977186021917,50.787685999655],[5.990170627426854,50.78762206716931],[5.990494367248403,50.78754576816018],[5.990640380375108,50.78754230867361],[5.990964431542275,50.78759904338045],[5.99116719769035,50.78759798322146],[5.991374992032654,50.787547457100686],[5.991528646634772,50.787477438182094],[5.991964084831434,50.78726751385337],[5.992079816597259,50.787225558554496],[5.992308865533273,50.787174020530266],[5.993114988054112,50.78711765822234],[5.993248916725159,50.78705762834981],[5.993135947805781,50.786876643994354],[5.994342984158968,50.78603253341102],[5.994448367157417,50.78606703633401],[5.995794231046785,50.78510802054698],[5.995133918372497,50.78460182388449],[5.996241464923229,50.78396316529429],[5.997384201816894,50.78330723103069],[5.998225711472054,50.78282097318973],[5.999131603863113,50.782272344158585],[5.999781577015095,50.78188686716008],[6.000178455939456,50.7816627337666],[6.000426300849792,50.78196344732477],[6.000520173600361,50.78220025759988],[6.000552274881885,50.78237627090141],[6.000531441723627,50.78283841454344],[6.000612172194654,50.783153498585726],[6.00077772711866,50.78334228637866],[6.001047678939284,50.78349096763087],[6.001544660370254,50.78375889299533],[6.001864919603642,50.78395854186781],[6.002210487741235,50.78424884369377],[6.002175041730499,50.784249032446],[6.002134114894383,50.78426363272329],[6.002076650234119,50.78431427691748],[6.002058539774103,50.784338643557426],[6.002018470079179,50.78441795981757],[6.001981224038303,50.78449636213562],[6.001941058836836,50.78456848770035],[6.001854092476483,50.784639963443844],[6.001690359395045,50.784696566347925],[6.001578420298665,50.78470255526781],[6.001436587273821,50.78469971410318],[6.001374522819421,50.78472431439456],[6.001305725800094,50.78477591736228],[6.001228706867212,50.78484913753028],[6.001176662242638,50.78488087561788],[6.001127833726039,50.784941361289825],[6.001069151365915,50.78500729269912],[6.000943267053355,50.785138301804906],[6.000785666007228,50.78522992781308],[6.000630436773872,50.78528648402429],[6.000503125184298,50.78530963258852],[6.000387821464493,50.78538305548874],[6.000361677430194,50.78544342039033],[6.000200775448951,50.785500006137276],[6.000158488361984,50.78551910741368],[6.000162321268842,50.7855945944154],[6.00012696918083,50.78560197321265],[6.000030398902955,50.78559080001759],[5.99987943896215,50.785541262720024],[5.999839892550362,50.78555315816464],[5.999827475689071,50.785579292041426],[5.999854006069828,50.78565555754807],[5.999883253655976,50.78572281966513],[5.999874170890261,50.7857866895314],[5.999816927301954,50.78585441045771],[5.999479799702955,50.78609620369395],[5.999447650491305,50.78613143110653],[5.999449791679896,50.78618625246827],[5.999491989867566,50.78626782838171],[5.99950275712452,50.78633159298071],[5.999467878675449,50.78637492494037],[5.999417284614593,50.78640935122746],[5.99923789790699,50.78646243801492],[5.999079732042262,50.78651181650997],[5.999061690253882,50.786541575690926],[5.999065841417306,50.78664133125634],[5.999022644421471,50.78669908950016],[5.998697379652166,50.78687340031317],[5.998464606464907,50.78696452220786],[5.998351880280497,50.78691118495247],[5.997461896154355,50.78652037637502],[5.997319904219292,50.78661371293307],[5.997184753211587,50.786688136352026],[5.997054706513097,50.78671938561354],[5.99707976730238,50.7868999315333],[5.997064819776376,50.78694944978735],[5.996972358696198,50.78703533318174],[5.996906023158412,50.7870590547077],[5.996826595610833,50.78705767619109],[5.996741578994048,50.787062619394646],[5.996655581158086,50.78710082689355],[5.996456278582732,50.78714951995057],[5.996262954007774,50.78722155245275],[5.99605147868397,50.78731525383698],[5.995881299544201,50.78742222065108],[5.995818246692205,50.78748008232354],[5.995800956807257,50.78756736641504],[5.995798942510939,50.78773816740626],[5.995809270280297,50.788093177192586],[5.995851984181473,50.788538804889654],[5.995889042043642,50.78887749367374],[5.995927586003916,50.78932943561427],[5.995976758624788,50.78961862120993],[5.995966142523972,50.7897822763826],[5.995936490831959,50.78990018814592],[5.995917699739096,50.789981187894526],[5.995877331767914,50.79003893003408],[5.995811392177033,50.79009321132122],[5.995596689746558,50.79015816413984],[5.995415689444873,50.79019776997937],[5.995218984570215,50.79022936813702],[5.994883578028624,50.79039023803091],[5.994632592368751,50.79050032477705],[5.994280682758856,50.790700831153735],[5.994042280059518,50.79079736701952],[5.993763328743744,50.790938161279044],[5.993305926854971,50.79120573696813],[5.992034725152819,50.79192612461551]]]]}},{"type":"Feature","properties":{"gezicht_uri":"https://linkeddata.cultureelerfgoed.nl/cho-kennis/id/gezicht/10134417","gezichtsnummer":"1552","naam":"Schweiberg / Höfke"},"geometry":{"type":"MultiPolygon","coordinates":[[[[5.916530653489138,50.78664280217292],[5.918092025091646,50.78715159911926],[5.918636786361302,50.78729651189883],[5.920269311203076,50.78769978179941],[5.920310287759059,50.78805735159465],[5.920934797257806,50.78872324273185],[5.921668687237974,50.78915760922011],[5.921775495961997,50.78981240712095],[5.921937086206749,50.79079055244377],[5.921964166025178,50.79104840906782],[5.921943487457966,50.79134603806264],[5.921937920706357,50.791601349167436],[5.921525911263477,50.79153673795135],[5.92096982932893,50.79139908204193],[5.920592156401222,50.791360376682604],[5.919981899504196,50.791320945427415],[5.919824379923843,50.791311784131324],[5.919646728922577,50.791278445347835],[5.919247962207178,50.79125511400294],[5.919127281920071,50.7912430853741],[5.918968272594455,50.791227637530376],[5.918813733830979,50.79123104561928],[5.918721322455758,50.79121079642125],[5.918480546937094,50.79111392501281],[5.918294101208708,50.79105545564003],[5.918235559375597,50.791020668039394],[5.918101975580014,50.791244207312594],[5.918027024354071,50.791386576710984],[5.917948527131998,50.79146693882282],[5.917686460216215,50.791368365814286],[5.91716439594024,50.79110379165088],[5.916512679091146,50.79078587590771],[5.916100360808302,50.79056843522972],[5.915797891063712,50.79040801945977],[5.915605574658573,50.790331594805814],[5.915030384664798,50.79013197431748],[5.914742837502882,50.79003620779916],[5.914550074929258,50.78992023221074],[5.914288808986471,50.789765916620574],[5.914137099888169,50.78964346074652],[5.913886650542212,50.78956729846421],[5.913566861862507,50.789504036156345],[5.91327957634693,50.78943073711276],[5.913044462888415,50.78933113198054],[5.912803454424177,50.78921177759056],[5.91257751610704,50.78904561179864],[5.912399933814509,50.788891810164074],[5.912145892791619,50.78874824361454],[5.911842274449516,50.78860939619037],[5.912304517049684,50.78747738908466],[5.912438362161964,50.78727542880126],[5.912563803218954,50.787333286178196],[5.912657886761041,50.787376903832595],[5.912906300921497,50.7875249893005],[5.913635784634426,50.787454249601446],[5.914219349577484,50.78739585683856],[5.914285942373288,50.787391058480594],[5.914611908313624,50.78737518809515],[5.914756355630774,50.787358348313944],[5.914883726093653,50.787336193029155],[5.914957071177245,50.787301700014204],[5.915188275511794,50.787182888472316],[5.91536446528466,50.78708949703236],[5.915508543073784,50.787040297903935],[5.915648581667754,50.78700999379827],[5.915856660769801,50.78697758030506],[5.916008103917723,50.78695261690664],[5.916112570510872,50.78691168841019],[5.916382918673014,50.78674415504757],[5.916432167100078,50.78671067039169],[5.916530653489138,50.78664280217292]]]]}},{"type":"Feature","properties":{"gezicht_uri":"https://linkeddata.cultureelerfgoed.nl/cho-kennis/id/gezicht/10134418","gezichtsnummer":"1553","naam":"Helle"},"geometry":{"type":"MultiPolygon","coordinates":[[[[5.927970864565683,50.787716113284375],[5.927904094657106,50.78709708914259],[5.927872733614108,50.78525720361726],[5.928806241252794,50.785055972121164],[5.929396489057031,50.78496690886358],[5.929726604486448,50.785429186977865],[5.929952881892461,50.78574183720147],[5.930000934112959,50.78584947844478],[5.930016795207754,50.785993226669476],[5.929986957314608,50.78610932401846],[5.929936953115853,50.78619854936143],[5.929785562749823,50.78634847683583],[5.92972416199591,50.78643326116528],[5.929681551257617,50.7865485195421],[5.929694661300889,50.78706352327168],[5.929710144698555,50.78741761412884],[5.929691250504332,50.78774220302405],[5.929675369698185,50.78783935799412],[5.927970864565683,50.787716113284375]]]]}},{"type":"Feature","properties":{"gezicht_uri":"https://linkeddata.cultureelerfgoed.nl/cho-kennis/id/gezicht/10134419","gezichtsnummer":"1554","naam":"Gasthuis"},"geometry":{"type":"MultiPolygon","coordinates":[[[[5.782328805873161,50.845963446092],[5.782335677579655,50.84560386815538],[5.782349569155474,50.844569202768156],[5.782340168245991,50.842801126029755],[5.784233106341308,50.84268946904627],[5.786214397951673,50.8424525308663],[5.787862136691808,50.84222660325098],[5.789872499246949,50.84190860174072],[5.791555479738455,50.8416582286798],[5.79202193179897,50.84272447289124],[5.792533816338482,50.84362605974459],[5.792239222060656,50.843869791884295],[5.792000949667172,50.8440602917146],[5.79155377377662,50.84439084950292],[5.791131339396103,50.84462873377594],[5.79070320609299,50.84486483861979],[5.790078873718451,50.84523376224276],[5.789758388382348,50.8454416228055],[5.789556230698064,50.84554210312788],[5.789171914112533,50.84575737533836],[5.788838892563641,50.84599404130083],[5.788708007209506,50.84612753123768],[5.788598557914439,50.84627712653768],[5.788443570874,50.84657879163028],[5.787372252217222,50.84632542427282],[5.78603368808359,50.846033418515816],[5.785820452123248,50.84600269311404],[5.785519592794855,50.846019011411514],[5.784625339366433,50.846045460824676],[5.78371558283171,50.846085439798856],[5.783519685285987,50.8460897072343],[5.783340732716443,50.84608312962765],[5.782328805873161,50.845963446092]]]]}},{"type":"Feature","properties":{"gezicht_uri":"https://linkeddata.cultureelerfgoed.nl/cho-kennis/id/gezicht/10134420","gezichtsnummer":"1555","naam":"Elsloo"},"geometry":{"type":"MultiPolygon","coordinates":[[[[5.753213570184153,50.944142141188244],[5.755806739433863,50.94370604177131],[5.756546537485888,50.94352031048939],[5.75674272280976,50.94385586791505],[5.756821192467162,50.94406056352871],[5.756891305919972,50.94428775795008],[5.756908080352218,50.94460591027826],[5.756935358143386,50.94463638529482],[5.757012326079348,50.94465321825166],[5.757136217723309,50.94466630564579],[5.757385135904457,50.94465652093653],[5.757515961530818,50.94464711357835],[5.757750377541653,50.94460321678327],[5.757854205822836,50.94459838990347],[5.758012345754206,50.944623951096176],[5.758227960991742,50.94471944101789],[5.758442464926685,50.94485358623754],[5.758595724197462,50.94497983761432],[5.758798271047652,50.94521919030595],[5.758945293640732,50.94545422655559],[5.758979477617363,50.94545861119569],[5.760249451011314,50.945026654905035],[5.760131546838182,50.944874224078795],[5.76023374217338,50.944843332607626],[5.760744064313144,50.945487986474426],[5.760841659845133,50.945591942351804],[5.760935169124536,50.945718383515455],[5.761749692203298,50.945095518646156],[5.762767387695106,50.94426434603897],[5.763336423781668,50.944602277538934],[5.763689023796712,50.94509372126425],[5.763095991899722,50.945305089373484],[5.763375893885179,50.94560530719123],[5.763550546073819,50.94591036104034],[5.763711682745293,50.946302650641236],[5.763798403360244,50.94629337965039],[5.763873605500107,50.946965502475535],[5.763915673587578,50.94741301133306],[5.76274642746931,50.94746175514194],[5.762069155744885,50.947291364227134],[5.761075677752118,50.947608288992384],[5.760096451410294,50.94792965372871],[5.76054115529895,50.94855025000791],[5.760492986668012,50.94857647307971],[5.760445101250337,50.948637751808825],[5.760458510432634,50.948712316186096],[5.760556003168743,50.94880278934912],[5.759441435254066,50.94928458681403],[5.759238262375841,50.94914681142039],[5.757617066247914,50.94820638177046],[5.757151891956225,50.94786719135116],[5.756818407109724,50.947624658409175],[5.756518960016037,50.947367633728774],[5.756269640114978,50.94715089836462],[5.755761520618778,50.946776782751705],[5.755310853607893,50.94646899984368],[5.754914396756097,50.94617812183693],[5.754719502042494,50.9460043568138],[5.754385343217127,50.945673728175606],[5.75403359423981,50.945277535610565],[5.753539132818475,50.944647184368314],[5.753213570184153,50.944142141188244]]]]}},{"type":"Feature","properties":{"gezicht_uri":"https://linkeddata.cultureelerfgoed.nl/cho-kennis/id/gezicht/10134421","gezichtsnummer":"1556","naam":"Eijsden"},"geometry":{"type":"MultiPolygon","coordinates":[[[[5.69966980741681,50.77068974428917],[5.699946753253974,50.77118967080365],[5.700890137627742,50.77129857237721],[5.700972376570952,50.77130194440144],[5.701377530385974,50.771263988366805],[5.701460985982894,50.77123769367105],[5.701663001801378,50.7715544484225],[5.701710053406047,50.77159476987398],[5.701798090871422,50.77161700200749],[5.702806748216847,50.77152525966053],[5.702989575206248,50.77152026528198],[5.703320366963383,50.77159486591323],[5.705039323775346,50.77214205882985],[5.704966992717517,50.77275799129708],[5.704705030303848,50.77321444463506],[5.704563461570229,50.77344944179265],[5.703084326580716,50.77377889334777],[5.703614421467302,50.77459811985934],[5.703673970802817,50.77480739586643],[5.703785903321269,50.77521428199676],[5.703769983212683,50.7753743264441],[5.703835609456854,50.77564291185083],[5.703919463299706,50.775881784152034],[5.703429305089609,50.775933465119195],[5.703216745517138,50.7759466314799],[5.703280405815488,50.776551404030904],[5.703276742983721,50.7768462469885],[5.703390593784885,50.77711829614857],[5.703449661511781,50.777256562022416],[5.703549588696252,50.77756550329054],[5.70332580265524,50.77759667821809],[5.703553277045518,50.77810661950455],[5.702953009453022,50.778231409422574],[5.702829846374183,50.77825781374172],[5.701898135497974,50.77842844784781],[5.701931913210549,50.778600940904965],[5.69967534826829,50.7788830267644],[5.698670917616416,50.77709427152719],[5.698129952172398,50.776124938563996],[5.69711041953749,50.77439194143078],[5.696397173294171,50.77329991629698],[5.695453808705673,50.772131197840295],[5.695145590990074,50.771825502208586],[5.698705785381121,50.77088291232312],[5.69966980741681,50.77068974428917]]]]}},{"type":"Feature","properties":{"gezicht_uri":"https://linkeddata.cultureelerfgoed.nl/cho-kennis/id/gezicht/10134423","gezichtsnummer":"316","naam":"Camerig-Cottessen"},"geometry":{"type":"MultiPolygon","coordinates":[[[[5.956998914762086,50.762021001056674],[5.956718055006301,50.76211677066654],[5.955864635002939,50.76232952064156],[5.955420227448612,50.76272722173694],[5.955284200030961,50.76284564614596],[5.955201695738245,50.76293684028797],[5.955160344954494,50.76303232639114],[5.955149974659042,50.763111480003275],[5.955205411500412,50.76324064789064],[5.955380719293156,50.76343664287935],[5.955139683628931,50.76354479712665],[5.954866874774505,50.76372052408198],[5.953971255185921,50.763730317592916],[5.952557029459606,50.76375073489206],[5.952448154761988,50.76377194252197],[5.952365249462671,50.76383077643247],[5.952141412542166,50.76407187636241],[5.952067654788404,50.76418369998154],[5.952035291865692,50.76431959115546],[5.952031754713741,50.76449489259285],[5.952173306574181,50.76482948709154],[5.952187002353649,50.7649067248705],[5.952188270884015,50.76501099025294],[5.95216340962297,50.76518100269141],[5.952090371804252,50.76535214974099],[5.952057384952013,50.765436807075],[5.952037197223411,50.76552499735626],[5.952042684487892,50.76562654542374],[5.952328283413387,50.76603414418903],[5.952390200731824,50.76611384258906],[5.952408280440232,50.766201845604655],[5.952375457665119,50.76629998562526],[5.952330661854334,50.7663460484429],[5.952271616334987,50.76638588873304],[5.952175731677198,50.766426808158414],[5.952013255241278,50.766469851072074],[5.951707499132241,50.766502807664466],[5.951459764926538,50.76652828875494],[5.951095996518463,50.76656961726265],[5.950995531113556,50.76658359128601],[5.950617981330579,50.76665734572775],[5.950289807528298,50.76671198138327],[5.950129879667379,50.766731637992585],[5.950071835066256,50.766737314338684],[5.949710419323756,50.76673907571483],[5.949568491712771,50.76672358702382],[5.949231880614431,50.76666679804492],[5.949029947686004,50.76661204948784],[5.948768096838785,50.76652523188295],[5.948192777859135,50.76630240661133],[5.947960693639539,50.76621544255169],[5.947893754901684,50.76618880086129],[5.947730157782853,50.76613925722505],[5.947548363917266,50.766108678422036],[5.947389626550779,50.766109448713685],[5.947318761653055,50.76610979252345],[5.947163173197304,50.76613661511678],[5.947041805644696,50.76618035053266],[5.946941946579539,50.76624465608092],[5.946812887116265,50.76635584549928],[5.946699926439205,50.76650920471722],[5.946490102187311,50.76685809280003],[5.946391399077541,50.76701857378776],[5.946370496370874,50.76704833848201],[5.946304617935735,50.76710978221961],[5.946225983351383,50.767171287682395],[5.946183777217504,50.76719755991607],[5.946117454750925,50.76722215109449],[5.946041016170926,50.76723061113006],[5.945957393557663,50.76723101584765],[5.945865072296482,50.7672152825263],[5.945789640138306,50.76718957960355],[5.945721121737114,50.767149460904534],[5.945675259094314,50.76710743479596],[5.945609262108138,50.767041235947815],[5.945524677979477,50.766961643556556],[5.94541863981852,50.76686597476495],[5.945321462514933,50.76679992650215],[5.945207212872214,50.766728567314544],[5.945084621670227,50.76667073171075],[5.944932170022378,50.766604950192665],[5.944782726114011,50.76655353623118],[5.944728609255271,50.766532224144136],[5.944667459845385,50.76651544045048],[5.944630491074445,50.7665057311235],[5.944224282542759,50.76631802525809],[5.943952090113939,50.76619529096136],[5.943808548902521,50.76628137784051],[5.943118567849026,50.76666043917602],[5.943013140626187,50.76673375704203],[5.942722304285778,50.76694819427627],[5.942236304163906,50.76731817863709],[5.942005858596149,50.7674864802063],[5.94198057197444,50.767505478452726],[5.941877707303294,50.767556310648175],[5.941704189841091,50.7676254599385],[5.941550160615702,50.767664851949974],[5.941336345086367,50.76768295729108],[5.94078451480649,50.76764515427139],[5.940567285945278,50.767614734365594],[5.940367001252696,50.767578839519544],[5.939950938326741,50.7675152129947],[5.939301994532394,50.767415844216835],[5.938732563130483,50.76732777760712],[5.938310813996093,50.76726237456678],[5.938079479168492,50.76723741067677],[5.93780421790889,50.76721355470342],[5.937577263434241,50.76719935562579],[5.937485115478463,50.76719799706366],[5.937109703154958,50.76721506686861],[5.936490315491716,50.76769622585128],[5.936178480189769,50.76793591537477],[5.93586246392619,50.76818191616059],[5.935688282225418,50.768315779764094],[5.935636232432103,50.76834928601958],[5.93587082629363,50.76852974766506],[5.936138234230667,50.76872803067975],[5.936235445061043,50.76879768205404],[5.936147159493859,50.76888349658475],[5.936030313369173,50.76895146896707],[5.935795032787936,50.76907303864694],[5.935272469802141,50.769354176879695],[5.935010731744883,50.76951632067914],[5.934813842858501,50.769648492894376],[5.93473215253702,50.769692926017065],[5.934518782903247,50.76987012048022],[5.934277719846643,50.770103177070915],[5.931512997255953,50.77005242222862],[5.93123498256722,50.770036653559856],[5.930928630181366,50.770021916563536],[5.929896579845374,50.77001238973525],[5.926331743203042,50.76990504308061],[5.925359592428887,50.76992665721848],[5.925631329740808,50.76940133660628],[5.924998369587338,50.769090573435705],[5.925149744764704,50.76845345311029],[5.924917444701894,50.76822262122157],[5.925812993758397,50.76441074302211],[5.925803728697397,50.7642229179572],[5.925855395229319,50.7641561589554],[5.925919962756021,50.7641019242115],[5.926083726440096,50.76404632757623],[5.926214955869048,50.76399627595365],[5.926273895545827,50.76394566285027],[5.926253428232497,50.76389182493452],[5.926147927004559,50.76383838399791],[5.926035819608766,50.7638263227992],[5.925859291108961,50.763881080033876],[5.925747621478955,50.76390676994791],[5.925530878312413,50.763915870803835],[5.925405922020094,50.76389577888311],[5.925194025149435,50.76383384410368],[5.925101519805637,50.76380101615455],[5.925028564350564,50.76374292810562],[5.925015278396959,50.76369714654272],[5.925021354810625,50.7636099257844],[5.925066029363714,50.76355128973151],[5.925118029378155,50.76351329402906],[5.925216797627535,50.763475080367186],[5.925406424087675,50.76344992646628],[5.925966268060047,50.7634509108178],[5.926103842792797,50.76345925764214],[5.926169076692576,50.76346254869046],[5.92623564435871,50.76345864234412],[5.926287298989257,50.76339098431074],[5.926364087698679,50.7632908487912],[5.926421721752903,50.76312788029182],[5.926480524416489,50.76306558213314],[5.926519861803648,50.76303573496432],[5.926709287359032,50.76299350091965],[5.926853884233421,50.762996420683145],[5.927031327643778,50.763020760077175],[5.927500511988661,50.76314800564537],[5.927776721725021,50.763134128198196],[5.928018918242938,50.7631204094265],[5.928085192135999,50.76309133442821],[5.928084752451593,50.76305358304823],[5.928044390203435,50.76299534419491],[5.927923502911557,50.76283770555572],[5.927890561928863,50.762808196416856],[5.927877273426716,50.76276241518874],[5.927932814528726,50.762541926671744],[5.927972056341869,50.76250398942953],[5.928050832875191,50.76245328249176],[5.928182045212365,50.76240232980463],[5.928384567001349,50.76238969504896],[5.92883810910251,50.76239116369162],[5.928907677129713,50.76240162398646],[5.929046194539996,50.76236951275807],[5.929118135464297,50.76234041056489],[5.929222755489834,50.762318346038484],[5.929314925025049,50.76232240773394],[5.929445547503476,50.762342468802885],[5.92954960043151,50.762393216854235],[5.929684023533476,50.7624959578185],[5.92981654694238,50.76255735854742],[5.929981582139615,50.76261141514593],[5.930053953621568,50.762619164897366],[5.930107691438738,50.76260902439961],[5.930185069638646,50.762560120357605],[5.930214410301819,50.76252402669733],[5.930229547481974,50.76248530316312],[5.93021615167213,50.762430533787],[5.930176029004283,50.762392969051696],[5.929977432608476,50.76225637250383],[5.929864750394083,50.76219487870151],[5.929811579536789,50.76213220621115],[5.929805186201135,50.76207021274623],[5.929823168431938,50.76203237478648],[5.929862513297591,50.76200342532696],[5.93000090279233,50.761960526851205],[5.930118580829792,50.76196446796844],[5.930454934898456,50.76200423472905],[5.930572371204288,50.761987502016375],[5.93063150341953,50.76195396470289],[5.930650944177332,50.76191971531282],[5.930637611142671,50.76187033903948],[5.930590066229795,50.761804044857655],[5.930537136706213,50.761762046069975],[5.930516907278951,50.761728882287414],[5.930496583246313,50.761687628922886],[5.930490178545316,50.76162473665622],[5.930521942609655,50.76155357474276],[5.930586501072781,50.76149933740909],[5.930710432791157,50.76143223605385],[5.9308293794083,50.76142358598883],[5.930947098246882,50.76143112163163],[5.931046636147887,50.761459417307265],[5.931214008335154,50.76147121322181],[5.931266443238201,50.76147096612699],[5.931315633124093,50.76143567753124],[5.931357336951834,50.76136626631992],[5.931343950671688,50.76131239592047],[5.931263663399577,50.761233671854995],[5.931158351969628,50.76119641465568],[5.931052114463341,50.76108005926793],[5.931017271459308,50.76100921097014],[5.930983803608743,50.760934760618944],[5.93098287748751,50.76085566252673],[5.931009308507048,50.760813290125874],[5.931054320156969,50.76078431356274],[5.931205753948344,50.76076652114262],[5.931188811792477,50.76016704032823],[5.93111550709213,50.76007929435299],[5.931042402643714,50.760008626327554],[5.931009272257928,50.759962938927046],[5.93085730441751,50.7599348901463],[5.930488413486918,50.75989887329712],[5.930206408243935,50.75990020007194],[5.930101636528668,50.759908782848086],[5.929982462552608,50.75989765763252],[5.929904227321674,50.75987285647906],[5.92984397353459,50.75981021731415],[5.92983605836384,50.75973924209674],[5.929842608312598,50.75969336784724],[5.929921188987969,50.759626480492635],[5.930065397354229,50.75959703793683],[5.930123246390608,50.75957519250075],[5.930136786969946,50.75952119533477],[5.930082652244643,50.7593758295072],[5.93004184947926,50.759279839995095],[5.930035843817568,50.7591297533696],[5.930061991070628,50.75906311245452],[5.930158887386465,50.75898714989283],[5.930218016090301,50.75895361280033],[5.930304363555663,50.75894511658994],[5.930442062372737,50.75896514320919],[5.930540135535021,50.758989850627486],[5.930717815087241,50.758914406248905],[5.930773362252752,50.75881706444036],[5.93085967452998,50.75868452096032],[5.930891414991286,50.75861156127365],[5.93090380037683,50.75858004174255],[5.930944769175892,50.75856906208736],[5.931055469115621,50.75858292289496],[5.931212079737788,50.75852375704977],[5.931330723972251,50.75848993890914],[5.931702006464957,50.758489087200694],[5.93177021544728,50.75850494551178],[5.931842391103961,50.758496514998406],[5.931894232348948,50.758445932484726],[5.931919933811879,50.75834153980161],[5.931898967023812,50.75824545734233],[5.931882799613254,50.75819609459271],[5.931999382343106,50.758107453106895],[5.932109606965462,50.75808086502695],[5.932222939799801,50.758077633346154],[5.932288419726733,50.75810249314888],[5.932441310957382,50.75820963812021],[5.932462131123053,50.75829313669567],[5.932455531194435,50.758334516878506],[5.932396753069166,50.75839771688826],[5.932299460788909,50.75843952533344],[5.93225299292404,50.758464913698255],[5.932233596974669,50.758502758716205],[5.932241125323181,50.75854047661684],[5.93233347750877,50.758560715064405],[5.932398557246281,50.758551418819046],[5.932502935015849,50.758509576822206],[5.932562261941321,50.75849311652553],[5.93280702190009,50.758579152485034],[5.932845494006642,50.75859694848373],[5.932848908922923,50.75864637137894],[5.933039356561163,50.75869311231754],[5.933137018481993,50.7586827627054],[5.933263825990335,50.75862013943971],[5.933392568157738,50.758601552568564],[5.933537056595047,50.75859637440951],[5.933706660965918,50.75855781818451],[5.933801266175662,50.75852860575564],[5.933844803909944,50.75849514061534],[5.933975470464943,50.758519690778385],[5.93423540808989,50.75857059505819],[5.934472768448695,50.7586296958118],[5.934577375180243,50.75848717498221],[5.934847306950352,50.75854432274011],[5.934925341173752,50.75855204255625],[5.935024292222588,50.75853089852908],[5.935116104821962,50.75850529383897],[5.936326922832017,50.7580743649236],[5.936662820860247,50.757957708522454],[5.936950380203509,50.758306907295186],[5.937430998431726,50.758324393173105],[5.937867624127266,50.75833669355438],[5.938006261764569,50.75831625654549],[5.938476564485082,50.7581809756673],[5.938850800946993,50.75795176831237],[5.939132345439336,50.75791266913016],[5.939310444931632,50.75787406403708],[5.939369394631327,50.75782614081931],[5.939450209046915,50.75782934981844],[5.939657258253621,50.75784184253812],[5.939932657439652,50.75788187330307],[5.940069057849524,50.757911782473705],[5.940106825993535,50.75787025255994],[5.940133182794772,50.75782248504699],[5.940179859722084,50.75781507033422],[5.940351771909175,50.757852000197005],[5.940428249645197,50.75784803815539],[5.940589300416703,50.75780591721782],[5.94065999205854,50.757792094946396],[5.940779023881188,50.75779152421778],[5.940882628920764,50.75780451073747],[5.941192531210712,50.75788572204733],[5.94147380396068,50.757942799905074],[5.941631386192908,50.75796631328781],[5.941872606813808,50.757992121302884],[5.942003179532104,50.758008572812756],[5.942159474073644,50.75804287837049],[5.942266075284567,50.75806933263094],[5.942320256343821,50.758096937764876],[5.942472407704215,50.758140251745246],[5.94261869764835,50.75816741366769],[5.942770279696157,50.7581630887114],[5.942873853854476,50.75817337692138],[5.943009173377747,50.75823115348901],[5.9431294757651,50.7583366435031],[5.943222036696476,50.758373951203225],[5.943265965642396,50.75837373961601],[5.943508957599685,50.758310545361006],[5.943574034726412,50.75830124282174],[5.943654839479156,50.75830355003642],[5.943693347805737,50.7583240389358],[5.943747853116606,50.758378608608126],[5.94381749385533,50.75839535180584],[5.944069935872039,50.758411213322795],[5.944233350947454,50.758448178412685],[5.944374136356751,50.75848884806246],[5.944559260966638,50.7585634613895],[5.944733297763156,50.75865880249376],[5.944821141952814,50.75877523422236],[5.944844387104397,50.758822763234335],[5.94491395335117,50.75883321388811],[5.944990097673036,50.758801384777506],[5.945043417561958,50.75875708141664],[5.945102761928293,50.75874241236408],[5.94517788842732,50.7587438470643],[5.945352750162054,50.75878974417525],[5.945478889684453,50.758908686930454],[5.945785258733436,50.75904833106102],[5.945791835108416,50.75912380620201],[5.945819624574456,50.75919558312884],[5.94590731031809,50.75929853142658],[5.946000491798305,50.759387070779404],[5.946006365642459,50.75940412130364],[5.946219708734197,50.759585563599664],[5.94630742856317,50.759691208112876],[5.946384612213863,50.75974566672538],[5.946486849351118,50.7597622504331],[5.946638360435655,50.75975162851153],[5.946774196674474,50.759733891228926],[5.946812577600608,50.759743593005496],[5.946903207255894,50.75973776029815],[5.947116043696302,50.75975920054729],[5.947191605390368,50.75979658753288],[5.947235828289069,50.75982064311188],[5.947272716403834,50.759824059730164],[5.947492248587332,50.75981310667313],[5.947600273987938,50.75983954912272],[5.94786727594926,50.759886792931276],[5.948056000955734,50.759906550761585],[5.94809426288733,50.759906364873366],[5.948181162483497,50.75994369612967],[5.948404180881187,50.7599866579554],[5.948523392010864,50.76000046067224],[5.948631168529458,50.760006228841156],[5.948856576210743,50.76001232357865],[5.949073285549911,50.76000228014352],[5.949202307934554,50.760007045482595],[5.949565752327687,50.76006010809408],[5.949690915470384,50.76009725182359],[5.949810617226391,50.760151500994475],[5.95010391567239,50.76026333176702],[5.950305691461955,50.760307292398544],[5.950609500391056,50.760350754779516],[5.95067935374044,50.760384571783185],[5.950769134176807,50.76042548261278],[5.951072355025781,50.76042040644073],[5.95119155713603,50.760433307561],[5.951555094489277,50.76049355461953],[5.951868322992097,50.76049561857949],[5.951988822405258,50.76049862471168],[5.952092097674698,50.760483737141094],[5.952274327244682,50.76043520401683],[5.952939322862239,50.760112840213225],[5.953019715097805,50.76008098497847],[5.953107247542081,50.760053589151774],[5.953236073286758,50.760042170877405],[5.953345322364307,50.760052421893555],[5.953441970896053,50.760075319110925],[5.953557392735563,50.76012688872553],[5.953654589651054,50.760194727722656],[5.953764628632654,50.76026969476037],[5.953819027422621,50.76031437243047],[5.95391731320505,50.760355239076446],[5.954166507065227,50.76033603768833],[5.954379788610454,50.760393418104606],[5.954546162854379,50.760439343046194],[5.954836958797665,50.76057724203899],[5.954962380249787,50.760635053344416],[5.955039399764055,50.76067512473184],[5.955174829595414,50.760740077725735],[5.95552403986008,50.76090285661225],[5.955676432697933,50.760964129944924],[5.955853170459359,50.76104595770927],[5.956332315031834,50.76128719669314],[5.956735682916668,50.7614739750692],[5.957419989308339,50.76180228883079],[5.957170728611553,50.76193206141608],[5.956998914762086,50.762021001056674]]]]}},{"type":"Feature","properties":{"gezicht_uri":"https://linkeddata.cultureelerfgoed.nl/cho-kennis/id/gezicht/10134424","gezichtsnummer":"1557","naam":"Sint-Geertruid, Moerslag en Bruisterbosch"},"geometry":{"type":"MultiPolygon","coordinates":[[[[5.807470390329724,50.80631745189443],[5.807294268399648,50.80645022880444],[5.807160596395943,50.80657116560314],[5.807111256123129,50.80660550264658],[5.806880686554515,50.80683555654152],[5.806569162284894,50.80721242234773],[5.806206273955818,50.80771441880738],[5.806062050392239,50.80792438232971],[5.805730003630728,50.80838671445222],[5.805668249703626,50.80846064684135],[5.805571240956954,50.808558077924914],[5.805484016228554,50.80863929354828],[5.805347390602728,50.80874855340539],[5.804851248379514,50.80910720604742],[5.804505874552056,50.809352052349695],[5.803250734352245,50.81050355830554],[5.802244190536891,50.81137999738391],[5.801996427992218,50.811596619928544],[5.801798799900428,50.81012135841984],[5.80163395428113,50.80850305619487],[5.801476962418524,50.80712742488909],[5.80143568724857,50.80711229184651],[5.80143043207148,50.80620623366775],[5.800094502206023,50.806408771433105],[5.799771487727204,50.80645666762681],[5.800154859624235,50.80506202467575],[5.800214525196528,50.80507169910086],[5.800456493105398,50.80452610887503],[5.800548615894932,50.80435768760768],[5.800609723606904,50.804210950532116],[5.800648511799365,50.8041065409483],[5.800710412295744,50.80388968788754],[5.800660733563207,50.803886270176335],[5.800699601639246,50.80363174635888],[5.800700652615939,50.802317571570356],[5.800933547490879,50.80234729972252],[5.801282826166869,50.80238470021387],[5.802218231292026,50.80245505174348],[5.802469503077846,50.80247751968802],[5.803268742062095,50.80254835218043],[5.803520047125659,50.802574413266875],[5.803691887725696,50.80259716481823],[5.804187867531261,50.80270054504207],[5.804463529995439,50.80275348272592],[5.804641077842894,50.802779807795524],[5.804819906756363,50.802790846899505],[5.804997212060311,50.80279020572001],[5.80506301104133,50.802851091953144],[5.805279285721528,50.803239527002795],[5.805458116489475,50.80356517522799],[5.805612357286277,50.803837877983476],[5.805655406179168,50.80389255408958],[5.805783936973517,50.803988269204666],[5.805811123328855,50.80401423838061],[5.805843222301852,50.804112999517294],[5.806003307946433,50.804089947061875],[5.805990997873484,50.80429763437766],[5.805939781330208,50.80459535134767],[5.805939070438887,50.80483086208104],[5.80552915500706,50.804835942864266],[5.805531815795534,50.80623190333828],[5.806285235051842,50.80624804901655],[5.807470390329724,50.80631745189443]]],[[[5.760646749105133,50.78957031541948],[5.760146860477532,50.78948024476817],[5.759471057595754,50.7893808514608],[5.758992933580696,50.789351829740305],[5.758700673792028,50.789334792637106],[5.758259175284701,50.789275088014726],[5.75802204003439,50.789235399972476],[5.757786194000655,50.789179527405466],[5.757319953484747,50.789039897972934],[5.756777249832663,50.78891399465144],[5.75663098571568,50.788888395038924],[5.756369890462376,50.788866757928666],[5.756223798284863,50.78886273045246],[5.75605087086675,50.788872271758784],[5.75555069375869,50.78892240797952],[5.755197847797213,50.78895409496183],[5.755066006968474,50.788959009438756],[5.754877238485426,50.788938037416116],[5.754742312416247,50.78891150043136],[5.755880897859424,50.786755045461064],[5.756076688980883,50.7860550890056],[5.756123444063781,50.78569358857057],[5.756139830304121,50.78561443449166],[5.756230825692841,50.78528874798968],[5.756345323568403,50.784887480094696],[5.756528595015888,50.784397901585294],[5.756890414423064,50.78353920916834],[5.757522636868914,50.78351920565434],[5.757731026422556,50.78351404273085],[5.75782768497146,50.783544294556194],[5.758160096690032,50.783622328861505],[5.758440091641393,50.783705924044575],[5.758790981011368,50.78378929043255],[5.759698398428544,50.78396075013736],[5.75988722823038,50.78399160175805],[5.760340325111832,50.78408901566439],[5.760436863656198,50.78410398468391],[5.760431716024257,50.78487434439238],[5.760448902565861,50.78524822434166],[5.760465561594313,50.785556487508636],[5.760452018599789,50.78563563302693],[5.760314695352958,50.78583922447417],[5.76031603962335,50.78600641245005],[5.761089199941675,50.78622773366656],[5.762114239670216,50.786383512616545],[5.7622395783821,50.78645231964633],[5.762295670359789,50.78655011576543],[5.762229177780022,50.78674449057546],[5.761928681497272,50.78763715857239],[5.76183128030688,50.78786758879117],[5.761709793925834,50.788100793691406],[5.761556841863792,50.78830084177954],[5.761396501228646,50.788464059379415],[5.760646749105133,50.78957031541948]]],[[[5.765404465094399,50.79201238017892],[5.765450679960377,50.79246256963544],[5.765511634222883,50.792981025975955],[5.765536545529364,50.79325330618897],[5.765537241868858,50.79333869787808],[5.765522272466457,50.793416050931896],[5.765489079426576,50.793519531310885],[5.765309341789096,50.79373944758176],[5.764743413546646,50.794254561733624],[5.764665917866449,50.79431683803412],[5.764592976336508,50.794415953640154],[5.764556637055563,50.79448169090621],[5.764512190562108,50.79459689326183],[5.764503271978905,50.79472096837657],[5.764545394113992,50.794843078968256],[5.76459877439758,50.79495436615016],[5.764716537680688,50.79513465693376],[5.764825112126473,50.795231381440374],[5.765041530302775,50.7953349441478],[5.765318691281763,50.79540864442705],[5.765585566334818,50.795438332429306],[5.765710325972019,50.79543253030915],[5.765873084119497,50.795390648112516],[5.766206690279435,50.79525562009434],[5.76750619698338,50.794956514260726],[5.76762228367833,50.794930963183],[5.767742669102709,50.794910791128444],[5.76796948627858,50.79489835805346],[5.767934351917802,50.79528319626149],[5.76799249886118,50.79528300455802],[5.768021597949257,50.795717968503254],[5.768706507589276,50.7957040225847],[5.768719805977228,50.79611386981346],[5.768723344722067,50.79619925211559],[5.768741021611262,50.79627919440773],[5.768824168757968,50.7965593715474],[5.768959846461007,50.79701825295617],[5.769000726894417,50.79716014152042],[5.769016919770824,50.7972319987231],[5.768408397423851,50.79722412111096],[5.768185558084158,50.79720418207264],[5.767384817499713,50.79710524680504],[5.766412080102172,50.79695922999854],[5.765841216733102,50.79687301231054],[5.765715735533994,50.79626937357076],[5.76520836873356,50.796315979488526],[5.765224335707448,50.796360871426735],[5.765250340356704,50.79641921376635],[5.76454608262617,50.79649702314924],[5.764576502400871,50.79674951014933],[5.763064866490116,50.796783203808566],[5.762900856112141,50.7966713769628],[5.762620869633628,50.79677476018081],[5.762182781419285,50.79644449524257],[5.761702086805182,50.79610627687187],[5.761456763786568,50.79593538530036],[5.76128697861495,50.795810091638614],[5.761028604898933,50.79560328608703],[5.760358299370068,50.79514073092244],[5.75966671975955,50.79467644275167],[5.759128117758541,50.794363569259886],[5.758755104701754,50.79418409431746],[5.758459007141915,50.79404571959165],[5.75818699879904,50.793904570080784],[5.758948465626147,50.79371335592706],[5.760171301464967,50.79340289390123],[5.761498824864424,50.79306241648938],[5.761535196381849,50.79300027562588],[5.762524185037143,50.79253773613625],[5.763779960412552,50.79192420491657],[5.764512410036376,50.79165934012816],[5.764659498374804,50.79161031974422],[5.764786923124662,50.79158473444449],[5.765339632631121,50.791539779579196],[5.765404465094399,50.79201238017892]]]]}},{"type":"Feature","properties":{"gezicht_uri":"https://linkeddata.cultureelerfgoed.nl/cho-kennis/id/gezicht/10134448","gezichtsnummer":"1580","naam":"Helenaveen"},"geometry":{"type":"MultiPolygon","coordinates":[[[[5.931198572151837,51.384605311108494],[5.930155430253096,51.38579491029857],[5.927615060405278,51.38878563225397],[5.925254157062202,51.39154984818912],[5.922516123897376,51.394770584559794],[5.919930621112171,51.39779639826125],[5.917166150138865,51.40103240739275],[5.91607454523416,51.402320076069216],[5.915232368125801,51.403309972220235],[5.915002633617516,51.403576184061244],[5.913582675445001,51.405064867829424],[5.911617670548298,51.40715734169072],[5.910193818244703,51.40870173159954],[5.906131499119254,51.41307768100181],[5.903112242069645,51.41632436977174],[5.902844006847826,51.41663027832523],[5.90247794747728,51.41693032647142],[5.901773610779818,51.417827827328715],[5.90059628346877,51.41923707495846],[5.900661034624772,51.419242183104586],[5.898629573721989,51.42141292824024],[5.896241654710518,51.42399688266599],[5.89529656768039,51.424987080293455],[5.893381378508755,51.42692711087974],[5.89257658084489,51.42774229347857],[5.891562657447886,51.42876332051346],[5.891678254012435,51.42881405677322],[5.890488906025031,51.43010010469915],[5.890487994330153,51.430147749429835],[5.890358593683656,51.43027954478934],[5.887652245378289,51.42935725240605],[5.888775800242416,51.4280975841738],[5.878217412080362,51.42518160657162],[5.87906126179764,51.42423512195532],[5.879202267161753,51.424111380100854],[5.88273057138389,51.42027438760232],[5.883853559468216,51.41897072298049],[5.885164939511923,51.41754759011305],[5.888406304082498,51.41398310967709],[5.89029232637728,51.41190485608034],[5.890953969905886,51.41116401498299],[5.892266212245048,51.409729111067975],[5.892991660427446,51.4089151720293],[5.894452939545206,51.40732319025758],[5.895773323772539,51.40586483946645],[5.896345476796395,51.40523402134291],[5.897171709015567,51.40432073805383],[5.897980884908478,51.403427298974485],[5.89838953030411,51.40295898624491],[5.899177446018607,51.40209619397686],[5.900042992039345,51.40111080633389],[5.90017644150441,51.400965498575054],[5.901238076479245,51.399786877226695],[5.902715510941678,51.39814977380153],[5.902968188790156,51.39787539472811],[5.903216522446424,51.39759833767165],[5.903361100696857,51.39742241479896],[5.903603905943658,51.39716515685942],[5.903914669566382,51.39681860746035],[5.90418579791616,51.396525267283494],[5.904615554351017,51.39602897306608],[5.905393451043754,51.39519045212479],[5.906356785128638,51.394109299675954],[5.906854711977232,51.39354707462805],[5.908372935336718,51.39186836705654],[5.909358940627454,51.39077180671089],[5.910425838075876,51.38959217710757],[5.91160188240739,51.388288898939294],[5.911863216558677,51.38802704555894],[5.911899978331345,51.38797564351309],[5.912860309350206,51.386909730539266],[5.911393218671996,51.386508244935605],[5.911263373278948,51.38646028909976],[5.912409664386433,51.38520208037347],[5.913021198026494,51.38454043853676],[5.914569077413478,51.38497569562897],[5.915792974004756,51.38360743767498],[5.917596728769497,51.38158663315552],[5.919403165211335,51.379563091092294],[5.920307612718436,51.378538719243316],[5.925470511798485,51.38139322026785],[5.931198572151837,51.384605311108494]]]]}},{"type":"Feature","properties":{"gezicht_uri":"https://linkeddata.cultureelerfgoed.nl/cho-kennis/id/gezicht/10134466","gezichtsnummer":"1606","naam":"Maastricht"},"geometry":{"type":"MultiPolygon","coordinates":[[[[5.702159949062341,50.84728388869899],[5.702241856802279,50.8474274867118],[5.701930888931702,50.848051259821865],[5.701762571323624,50.84835554048795],[5.701588126692971,50.8485942191233],[5.701534800417221,50.8486869491107],[5.701220706713121,50.84927117795248],[5.705203025135709,50.84940321157462],[5.70491743868214,50.849997259819304],[5.700788820672957,50.849865613313625],[5.699838648377503,50.85088122851404],[5.698843448406241,50.850909085012596],[5.697904215413734,50.851024873016925],[5.697822057359047,50.85190150461092],[5.697791263600635,50.852391478516196],[5.697781288612249,50.8534449960334],[5.697884813635058,50.8540595536917],[5.69800088051632,50.854638122231364],[5.698180189069538,50.855117643410146],[5.698594901870397,50.85618080428267],[5.697895352219953,50.85626538403978],[5.694941752899545,50.856729918159985],[5.694587639030276,50.856440521280156],[5.693902476030324,50.85612593463914],[5.693455729889102,50.85600037674747],[5.693119169694398,50.856001268023384],[5.692703274466768,50.856031132288706],[5.692166629853224,50.85605502153824],[5.692010461698541,50.8560617256612],[5.691938758900564,50.85617157842259],[5.691998585616712,50.85684648160971],[5.690060298098466,50.85687674537188],[5.690013539080055,50.85515550759166],[5.689278370310959,50.85522215088194],[5.689123389864229,50.85453940505068],[5.687777745257057,50.854628306210415],[5.687656449584686,50.853880751318066],[5.687562728209301,50.853880994916324],[5.687203690021183,50.85391698383449],[5.686730146824282,50.85403326898346],[5.686266471794022,50.85413874006565],[5.685665601879339,50.854329957486435],[5.683858621102988,50.853117522858525],[5.679790090854886,50.85039349457089],[5.679177966715022,50.84992223064436],[5.679140358066679,50.849812662031525],[5.679158165114113,50.84970924560163],[5.679278382700689,50.84940871520469],[5.679754511924258,50.84835761656345],[5.680505265301082,50.84740379743992],[5.681328741281293,50.84762193066991],[5.681629996484288,50.84721396993154],[5.68270051796608,50.84743056484853],[5.682831150251861,50.84720910572934],[5.683415436517901,50.84732356539496],[5.684382288883033,50.8459862430293],[5.683756440772959,50.84580897318622],[5.683965458972841,50.84541382733543],[5.683555860218634,50.8453043159435],[5.683308448750786,50.845246522810285],[5.683013789907435,50.84512682723135],[5.683074995931618,50.844928916467005],[5.683694418917153,50.843882827822746],[5.684075794297263,50.84313487762809],[5.684703881165343,50.84322404945195],[5.684897358209134,50.84328557406316],[5.684984271715396,50.843333889768516],[5.685048499108721,50.843386758293875],[5.685136303255292,50.84357349944788],[5.685194881238246,50.843630876869206],[5.68524614105722,50.84365411561225],[5.686256866462587,50.843415098380206],[5.686984649170613,50.843332313275646],[5.687959870559331,50.843312700505976],[5.689158165055138,50.84332036219254],[5.689312126521061,50.84319950956069],[5.690067438635551,50.843202925768736],[5.690285395112906,50.84309898286241],[5.690430487644247,50.842925117936694],[5.690551154972257,50.842923902361285],[5.690895290287966,50.84301019007241],[5.691345214726418,50.84212630429042],[5.693156568776262,50.84253141313026],[5.693730877756836,50.8426449481281],[5.694306382788874,50.842724319565484],[5.694865968843804,50.84275788751702],[5.695358633415907,50.842761968111844],[5.695886562455496,50.84273179487815],[5.696323439514325,50.84267309858771],[5.697197033915972,50.84253233052998],[5.698230423856768,50.84229854097737],[5.701559958157614,50.84151469475544],[5.701518272828131,50.84185728246227],[5.701382433433758,50.842551589324735],[5.701186835098581,50.84301774219671],[5.701005003625968,50.84342093556193],[5.700713398755902,50.8439673488524],[5.70039933262705,50.84455247423674],[5.699766772249779,50.84549082265542],[5.699495224486238,50.84585740205375],[5.699182450235075,50.846216901048656],[5.698905178128589,50.846578101208586],[5.698772135536259,50.84685172032245],[5.699103161763382,50.846882288304414],[5.69950516054719,50.84690996692249],[5.700181103555749,50.84692521710594],[5.70093059081454,50.846898016222575],[5.701305254871413,50.846872728697825],[5.701950581879048,50.846770298088934],[5.702022469999149,50.84690223806269],[5.702065944009139,50.847031558760946],[5.702085214220022,50.84715105768094],[5.702159949062341,50.84728388869899]]]]}},{"type":"Feature","properties":{"gezicht_uri":"https://linkeddata.cultureelerfgoed.nl/cho-kennis/id/gezicht/10134487","gezichtsnummer":"1626","naam":"Amstenrade"},"geometry":{"type":"MultiPolygon","coordinates":[[[[5.927710904414188,50.93759894534947],[5.930390160278015,50.93836215000062],[5.92984370574934,50.93919709058526],[5.929361886564521,50.939358452913375],[5.929071389795768,50.9394568939336],[5.928832485273275,50.93958745306307],[5.928688652784397,50.93969689238412],[5.92860968109524,50.93975658890409],[5.92817699782804,50.9401055856276],[5.927813072417574,50.93988705645975],[5.927730854461382,50.93991260950334],[5.927491382972763,50.94011687793502],[5.927472348899364,50.94019247400984],[5.927506110050682,50.94028130709153],[5.927567258917981,50.94040057476442],[5.927706145747346,50.94059768335631],[5.927919758627334,50.94085826433271],[5.928150687927514,50.94113943860079],[5.928696092345088,50.941788587875955],[5.929286164335011,50.94248426804634],[5.929548758007162,50.94279495485742],[5.92961951575616,50.942883614000976],[5.92964898319405,50.94296976991268],[5.92964376039915,50.94325204766419],[5.929537469476577,50.94425751118863],[5.92758521654016,50.94327426030544],[5.927109438041366,50.943713343659546],[5.926858966871036,50.94358686843624],[5.926379673829209,50.943359883513104],[5.925412774944408,50.942923924323274],[5.926326541401249,50.94197673069211],[5.924469026831002,50.941173664521195],[5.924456455355083,50.9409489990105],[5.924430556223297,50.94080170036383],[5.924429249899873,50.940689344497244],[5.924438915844837,50.94066413056332],[5.924654145521009,50.94045368878763],[5.924795751596217,50.94027415101014],[5.924907272068555,50.94007677490906],[5.925015402327629,50.9398326718861],[5.925069639665406,50.939725451310565],[5.925156241204305,50.93958751785423],[5.925281326071478,50.93945569771217],[5.925374381117901,50.939383353459256],[5.925815981145887,50.9390657871091],[5.926357292896228,50.93875944028851],[5.926638237744006,50.93857385773119],[5.927435147727188,50.93798406114548],[5.927513718547346,50.93789020926191],[5.927710904414188,50.93759894534947]]]]}},{"type":"Feature","properties":{"gezicht_uri":"https://linkeddata.cultureelerfgoed.nl/cho-kennis/id/gezicht/10134488","gezichtsnummer":"1627","naam":"Ronkenstein"},"geometry":{"type":"MultiPolygon","coordinates":[[[[6.090885224895806,51.293231046511714],[6.092732319964771,51.29168273784173],[6.095317359940025,51.289748775813514],[6.095610480088908,51.2895141756524],[6.095807167957751,51.28944016687347],[6.097056800566258,51.28913411436271],[6.097204882241374,51.28971570060351],[6.097196469367537,51.28991261187109],[6.097060129489506,51.29008783100209],[6.096796335319573,51.290271917387564],[6.096196035812119,51.29057401249754],[6.09650719548026,51.29113303216863],[6.096860958663958,51.29148054884491],[6.097247318099774,51.29171100808685],[6.098533040024773,51.29298499271846],[6.094200099722541,51.296303182144605],[6.092647264173491,51.294813234870425],[6.090885224895806,51.293231046511714]]]]}},{"type":"Feature","properties":{"gezicht_uri":"https://linkeddata.cultureelerfgoed.nl/cho-kennis/id/gezicht/10134489","gezichtsnummer":"1628","naam":"Amstenrade Uitbreiding"},"geometry":{"type":"MultiPolygon","coordinates":[[[[5.930390160278015,50.93836215000062],[5.927710904414188,50.93759894534947],[5.927979659496852,50.937223749448016],[5.928433300152743,50.93660139112552],[5.928446166048693,50.93660672433726],[5.929243898785242,50.93681962513256],[5.929799596196107,50.93701567740948],[5.931056750525604,50.937461921873386],[5.930390160278015,50.93836215000062]]],[[[5.924469026831002,50.941173664521195],[5.926326541401249,50.94197673069211],[5.925412774944408,50.942923924323274],[5.924412973445614,50.94247103080902],[5.924135485015587,50.94234467512313],[5.923750951194854,50.94218915145598],[5.923582230796453,50.942362521304815],[5.92332912934704,50.94225312970253],[5.923651000460778,50.94203590359155],[5.923711821437925,50.942005059265554],[5.923928963631043,50.94183595918936],[5.924035960020274,50.94173838231619],[5.924118665922825,50.94163192906075],[5.92415869110366,50.941525673739406],[5.924176047317488,50.94142761362474],[5.924213832748025,50.94137350460861],[5.924254505223042,50.94132297776689],[5.924323369797108,50.94124984771068],[5.924368090607924,50.941180425239],[5.924390079990528,50.94111380493031],[5.924456455355083,50.9409489990105],[5.924469026831002,50.941173664521195]]],[[[5.927919758627334,50.94085826433271],[5.927706145747346,50.94059768335631],[5.927567258917981,50.94040057476442],[5.927506110050682,50.94028130709153],[5.927472348899364,50.94019247400984],[5.927491382972763,50.94011687793502],[5.927730854461382,50.93991260950334],[5.927813072417574,50.93988705645975],[5.92817699782804,50.9401055856276],[5.92860968109524,50.93975658890409],[5.928688652784397,50.93969689238412],[5.928862897014246,50.939997207192974],[5.929877438358979,50.93976773124747],[5.930080671229732,50.94011285312834],[5.929381506593163,50.9403031004286],[5.92909982484041,50.940547121319966],[5.9285399095494,50.94096592992625],[5.928495238484981,50.940917598461574],[5.928446204784444,50.940861197317965],[5.928274950900426,50.940694803354056],[5.927919758627334,50.94085826433271]]],[[[5.927109438041366,50.943713343659546],[5.92758521654016,50.94327426030544],[5.929537469476577,50.94425751118863],[5.928426804796287,50.94369910175743],[5.928348090649978,50.94365991834657],[5.927873685617604,50.944094503954396],[5.927109438041366,50.943713343659546]]]]}},{"type":"Feature","properties":{"gezicht_uri":"https://linkeddata.cultureelerfgoed.nl/cho-kennis/id/gezicht/10134490","gezichtsnummer":"1629","naam":"Vaals Uitbreiding"},"geometry":{"type":"MultiPolygon","coordinates":[[[[6.016152808317491,50.77198380274221],[6.015917659227209,50.77147271169907],[6.016694025935314,50.771230273974595],[6.01705127260224,50.77112764930293],[6.017155833651689,50.771102808664885],[6.017254554094648,50.77106541523373],[6.017472155779342,50.771013889412835],[6.017723091812985,50.77091184288874],[6.017910254748302,50.77081104307279],[6.017390109583616,50.77019094695542],[6.017335260044887,50.77011843558753],[6.017239305973912,50.770046148486834],[6.017130254159173,50.76994876362971],[6.017018944175272,50.769789367053356],[6.016879043358992,50.769612148341395],[6.017135066679597,50.76957209926977],[6.017191956262361,50.76916818385994],[6.016766048559057,50.76911926971457],[6.016930621750534,50.76839835531525],[6.016406656147238,50.768330198885955],[6.01603528571477,50.768330424233646],[6.016023700752185,50.76789362314789],[6.016342577471175,50.76789008827747],[6.017254008410227,50.76799568281902],[6.018756818900998,50.768227478265274],[6.018876287851586,50.767840298732445],[6.019184424681234,50.767880860756414],[6.019621689390021,50.768035773677184],[6.019868787668678,50.7681737491483],[6.01993453334701,50.76810956714269],[6.020115998587836,50.768007896028465],[6.020311048574433,50.76817492057957],[6.020389946334971,50.76824370307114],[6.020453302510236,50.76831616633885],[6.020496938536696,50.76839772671368],[6.020821764456457,50.768310549358056],[6.02170687853109,50.76783736299662],[6.022237427927772,50.76755758568066],[6.022363550745434,50.76776273957044],[6.022481699408356,50.7680065898144],[6.022554681711218,50.76816079869058],[6.022642231596946,50.76834369208855],[6.022715264172854,50.76850149618459],[6.022909948602758,50.76843390602641],[6.022940328309926,50.768478683661236],[6.023079436420818,50.76859657219331],[6.023138582117678,50.76867175388817],[6.023173534358046,50.76873987762822],[6.023184059116795,50.768783865661305],[6.023185425603788,50.76888363581605],[6.023221980114308,50.768965234188066],[6.023400800319026,50.76918807466177],[6.023706076866397,50.769536063578215],[6.023994016408778,50.76985987707444],[6.024202781873757,50.770095135765004],[6.024466632329385,50.770419081006345],[6.023687830113294,50.77068675374552],[6.02342268494326,50.77078529598151],[6.021151988128285,50.77131824697338],[6.021511531936428,50.77190325283284],[6.021205060134578,50.77198673568497],[6.021188038318099,50.77198593024636],[6.020789724561545,50.77209148976408],[6.020607102023776,50.771797653147196],[6.020441848047833,50.77184170662667],[6.020162135922444,50.77128862023214],[6.020125511423318,50.77120162789387],[6.019876862871506,50.771263216714594],[6.019840471615619,50.77119330206965],[6.019731757450288,50.771225359076354],[6.0190127759967,50.771412670531966],[6.018814236777806,50.7715108376719],[6.017940305148195,50.77166662957142],[6.017777420132594,50.77167650817643],[6.017621512478306,50.77167825837826],[6.017445111648857,50.771736750781486],[6.017078893071961,50.77180526748866],[6.016761354529864,50.7719094735361],[6.016152808317491,50.77198380274221]],[[6.020375900624273,50.7686689587611],[6.019980206658553,50.76886079539526],[6.019483077646528,50.7694109474771],[6.018561717312774,50.76951576675786],[6.018433358267552,50.76966658446531],[6.018052812568904,50.76972259807655],[6.018001178592588,50.77072155551781],[6.018341274109915,50.77113049334885],[6.018811128488646,50.77096971819961],[6.019390541887724,50.771047448164325],[6.019515376383938,50.770637766112635],[6.01977472467122,50.77052937675647],[6.020153306091646,50.77043291785036],[6.020214295709668,50.77053955235702],[6.020965932872496,50.77035744751431],[6.020646021454185,50.76976682925934],[6.021047530766793,50.76968911846661],[6.021246487049026,50.769622406584716],[6.021538042956313,50.77000463465135],[6.021775097687542,50.76992512798173],[6.021498935141113,50.7695284335818],[6.02187255238107,50.769380759086594],[6.021914319926828,50.769429069988185],[6.022182197011993,50.769323324995696],[6.022092648020688,50.76920156729552],[6.021954224290202,50.769237385362295],[6.02182240814577,50.76923810992611],[6.021670638171069,50.769230853903885],[6.021480341214184,50.769204932470586],[6.02118318900549,50.769139147076096],[6.02096101119634,50.769062162653775],[6.020785656404028,50.768988516478416],[6.020605461543386,50.76887174949381],[6.020516628579899,50.76880212273905],[6.020375900624273,50.7686689587611]]]]}},{"type":"Feature","properties":{"gezicht_uri":"https://linkeddata.cultureelerfgoed.nl/cho-kennis/id/gezicht/10134491","gezichtsnummer":"1630","naam":"Griendtsveen"},"geometry":{"type":"MultiPolygon","coordinates":[[[[5.875224058087805,51.44614171444182],[5.876577601871898,51.444796709775275],[5.878774802631498,51.44246296195242],[5.882211006253916,51.438752225378046],[5.888239824162486,51.43937637082723],[5.89747541773248,51.44031610800147],[5.901326143288792,51.44073335618448],[5.904736118001293,51.441089512377076],[5.902913974573384,51.44339512916061],[5.895497303360946,51.44414230065294],[5.890213853741824,51.44465150290508],[5.883714871317351,51.44529957999104],[5.880522029790547,51.445614254141205],[5.875224058087805,51.44614171444182]],[[5.879688611205928,51.44410046440657],[5.880492056398292,51.44404223710961],[5.881483062373946,51.4445665836893],[5.88188081638472,51.44450287445369],[5.881950336349488,51.44454662476282],[5.882019573244516,51.44456430866418],[5.882389964738596,51.4447622883411],[5.882530972839528,51.44489831956544],[5.882602127955184,51.4449600401771],[5.884460391549988,51.44480920987545],[5.884176222680817,51.44341805322168],[5.88423364081658,51.44314364957191],[5.880954644665217,51.44279442964852],[5.880862060471241,51.442878417580296],[5.880718543878869,51.4430408236807],[5.880377699060583,51.44291282656443],[5.879697610036449,51.443602446029274],[5.879381825170475,51.44393007311583],[5.879373700175536,51.44397684924333],[5.879387101850196,51.44401904011811],[5.879445073014796,51.44405924512354],[5.879538925364844,51.44409210758224],[5.879688611205928,51.44410046440657]]]]}},{"type":"Feature","properties":{"gezicht_uri":"https://linkeddata.cultureelerfgoed.nl/cho-kennis/id/gezicht/10134492","gezichtsnummer":"1631","naam":"Maastricht Uitbreiding"},"geometry":{"type":"MultiPolygon","coordinates":[[[[5.702159949062341,50.84728388869899],[5.70489293437349,50.847459780421545],[5.706013625651941,50.84752231279097],[5.705832964054964,50.847679216666066],[5.705353260177684,50.84853627485553],[5.705232670884105,50.848757731979376],[5.70614261417505,50.848934102166375],[5.705393562876408,50.85047595353262],[5.704557495165724,50.850309262276205],[5.70432534745704,50.850829453889595],[5.703992139210124,50.851522507625276],[5.703688334945364,50.852156153600376],[5.703579345987545,50.85241533031145],[5.702840683907525,50.85341870562497],[5.702778761060755,50.853500673071565],[5.702564737842966,50.85397676636923],[5.702975706486071,50.85406103820442],[5.702603318048236,50.854845881023564],[5.702219562552145,50.85563165249986],[5.70204463234,50.85601145779012],[5.701621123305513,50.8565923902022],[5.699261442352701,50.85646664920597],[5.698660208502693,50.856389169171855],[5.698069810371198,50.85644469154992],[5.698000354628954,50.85625251738155],[5.698594901870397,50.85618080428267],[5.698180189069538,50.855117643410146],[5.69800088051632,50.854638122231364],[5.697884813635058,50.8540595536917],[5.697781288612249,50.8534449960334],[5.697791263600635,50.852391478516196],[5.697822057359047,50.85190150461092],[5.697904215413734,50.851024873016925],[5.698843448406241,50.850909085012596],[5.699838648377503,50.85088122851404],[5.700788820672957,50.849865613313625],[5.70491743868214,50.849997259819304],[5.705203025135709,50.84940321157462],[5.701220706713121,50.84927117795248],[5.701534800417221,50.8486869491107],[5.701588126692971,50.8485942191233],[5.701762571323624,50.84835554048795],[5.701930888931702,50.848051259821865],[5.702241856802279,50.8474274867118],[5.702159949062341,50.84728388869899]]]]}},{"type":"Feature","properties":{"gezicht_uri":"https://linkeddata.cultureelerfgoed.nl/cho-kennis/id/gezicht/10134493","gezichtsnummer":"1632","naam":"Noorbeek / De Wesch"},"geometry":{"type":"MultiPolygon","coordinates":[[[[5.80767098479808,50.76694283588416],[5.809033155812883,50.76741697244909],[5.808974786071548,50.76754482738155],[5.809425742002705,50.767724753794276],[5.80961102239078,50.76783643666834],[5.810269412452824,50.76806953376099],[5.810144305381165,50.768184150557154],[5.81046151294594,50.76830703420577],[5.810703155687059,50.76807064014777],[5.811282287523634,50.76831570770936],[5.812276681327376,50.7685547497693],[5.812368869666658,50.768560702504715],[5.812516855211143,50.768623079396576],[5.812575256746303,50.768654325217845],[5.812643687230588,50.768697219561446],[5.812740589441688,50.76875349220428],[5.813530111328654,50.769062492633054],[5.813705567581289,50.769183194112635],[5.813500283898176,50.76936462823555],[5.813369511635336,50.76947926946036],[5.813291092797131,50.76958382959462],[5.813193636717472,50.76962194240639],[5.81308982715708,50.76974007936479],[5.812981286658595,50.76980609832877],[5.812941120969779,50.77006332764565],[5.812923939407374,50.77066294750949],[5.812832529671408,50.770742386441604],[5.812079300317497,50.77052942833663],[5.811403865121146,50.77029730294285],[5.810939333793997,50.770186648140886],[5.810673853306522,50.770141779054626],[5.810287333672902,50.770036228784775],[5.809896285239959,50.76990013171178],[5.809625753616749,50.769767187972825],[5.809309375485775,50.76958047812663],[5.808905253519795,50.769564876117535],[5.80874641191414,50.76955556845922],[5.80860895199629,50.76940325981289],[5.808236772249479,50.76931472918449],[5.80751370262837,50.76914028349053],[5.807431590225391,50.76915136901882],[5.806993517937259,50.76961319183548],[5.806846105338657,50.769613727742104],[5.805932501594022,50.76937344705673],[5.806490112095986,50.76880602468009],[5.80734340638026,50.76755167470125],[5.80767098479808,50.76694283588416]]],[[[5.805936136706279,50.771190979298915],[5.806386353172736,50.77081540939754],[5.806989852128821,50.770775463503],[5.807010076953468,50.77050392668168],[5.807243019536292,50.77055611364968],[5.807276436680107,50.77048947457388],[5.808460845467196,50.7707332513666],[5.808668975854078,50.77070642410453],[5.808744289047705,50.77072682350666],[5.808734070016666,50.77100641409391],[5.80868242570619,50.7712510993965],[5.808546563782321,50.77158777833681],[5.808391003135512,50.77209711493001],[5.807572607861296,50.77188885955461],[5.807470491032395,50.77188293911599],[5.806901342960899,50.771804109793415],[5.807015857626767,50.771456723819796],[5.806358847845192,50.77138000905578],[5.806226835345951,50.771359813891856],[5.805936136706279,50.771190979298915]]]]}},{"type":"Feature","properties":{"gezicht_uri":"https://linkeddata.cultureelerfgoed.nl/cho-kennis/id/gezicht/10134517","gezichtsnummer":"238","naam":"Landgraaf - Lauradorp"},"geometry":{"type":"MultiPolygon","coordinates":[[[[6.03988009006619,50.91299762018678],[6.039865821559522,50.91299410505737],[6.03993957717627,50.91288042724358],[6.040005728037657,50.91283241220137],[6.040212177337603,50.91265056779096],[6.040376314978158,50.912493232242156],[6.040555900342254,50.912322325687086],[6.040623179425657,50.91225362914756],[6.040842875695915,50.91200339215844],[6.040912870324886,50.91192569107715],[6.040895682355043,50.91191679915164],[6.040958745947661,50.91185172184068],[6.040955877053319,50.91184994024398],[6.040969929280438,50.91183817510873],[6.040981404858361,50.91184530149365],[6.041055524443471,50.91175768908423],[6.041140928664399,50.91166372052924],[6.041370774858882,50.911427807603246],[6.042059726675172,50.910679618720685],[6.04220112931803,50.91052420701448],[6.042193982629067,50.910521550761636],[6.042345145216579,50.91035260008009],[6.042379444153732,50.91036499051275],[6.042478945427787,50.91026285099983],[6.042466086526423,50.91025842930755],[6.042499684971784,50.91022138400102],[6.04251928297878,50.91019969933179],[6.042538855494916,50.910176216997414],[6.042562578426278,50.910144621023655],[6.042544007324784,50.91013843388795],[6.04277362221597,50.909887238082526],[6.043184672448042,50.90999817018456],[6.043203147801623,50.9100978436878],[6.043217951141638,50.910139109303046],[6.043235470388641,50.910171370486225],[6.043267550820532,50.91022781948919],[6.043335887739619,50.9103344014663],[6.043530935710344,50.910653304773874],[6.043622556994969,50.910797508441746],[6.043715753677783,50.910952489939376],[6.044284068601948,50.91122342944996],[6.0443284356948,50.91124385226318],[6.04436560481064,50.91125802361811],[6.044428441593668,50.91127744258949],[6.045053035515267,50.911406031953206],[6.045169898412424,50.911425143348346],[6.045786004387887,50.91155647374865],[6.045954267949521,50.91159057313949],[6.045988965686028,50.91163082624441],[6.046828597097552,50.91178245193663],[6.046715398565565,50.9120204077087],[6.047275794672792,50.91193361419942],[6.047402432371097,50.91194008293841],[6.04785220016116,50.911872794764854],[6.047969140892014,50.91219573229507],[6.047973778577242,50.91222177401383],[6.047975508551293,50.912243337819625],[6.047972960427957,50.91226402715255],[6.047962112948965,50.91230094414308],[6.047948254996095,50.912326192577545],[6.047934397028152,50.912351441010415],[6.047910638121662,50.91238034159114],[6.047889542924318,50.9123966423079],[6.047902153362854,50.91258264333638],[6.047998485070408,50.9128562588284],[6.047785624979543,50.91348311109776],[6.047767822184486,50.91353085461869],[6.047760944329933,50.91354707414623],[6.047743218516799,50.91360021064507],[6.047589037878892,50.91405503697271],[6.047557761017952,50.91415499376326],[6.04753626986375,50.91424320895549],[6.047544161863593,50.9142979970343],[6.047559034611318,50.914343756239326],[6.047707539086401,50.91498472579264],[6.047853892535704,50.91517625566724],[6.047920555831126,50.91526396759615],[6.047995904592168,50.915362416732414],[6.048035338853754,50.91553478102531],[6.048044114027968,50.91555181007945],[6.048051313211032,50.915558061290255],[6.048043197097398,50.915686650856344],[6.047866784052638,50.915680466976156],[6.047815584353811,50.91567986038125],[6.047526587955513,50.915656340591376],[6.047458095000286,50.91563965225658],[6.047452856756764,50.91567114376979],[6.047274406136439,50.915621823243185],[6.047038979129277,50.915565636123276],[6.046807856712103,50.91551212070005],[6.046799569197466,50.91552924710748],[6.046445629843061,50.915438677033166],[6.046355771417247,50.91541941305888],[6.045766614600256,50.91528703320017],[6.045762451469613,50.91529424812109],[6.045554183755659,50.91524779135863],[6.045487126751737,50.9152319925963],[6.04544289605569,50.91522145737042],[6.044977853537652,50.91511713233218],[6.044599813530024,50.91503118815458],[6.044474142436304,50.914993249210575],[6.044371195371837,50.91495338327073],[6.04433406159837,50.91494190841433],[6.044262522832517,50.91491085304138],[6.043754951296123,50.91471507646605],[6.043791344534356,50.91467441931952],[6.043531493401812,50.91449970845989],[6.043454013462207,50.91445070822596],[6.043405174138294,50.91441592797612],[6.043323441772398,50.914367850674445],[6.043223060199471,50.91430819330523],[6.043051052770251,50.914211187907185],[6.04291196435968,50.91412927707229],[6.042651194658737,50.91398962669156],[6.042500720453988,50.91390688095915],[6.042055331913332,50.91368287883661],[6.041776096727979,50.91354422990983],[6.041769064098626,50.913549663111496],[6.041727539500112,50.91352922323345],[6.041696603536125,50.91355366860338],[6.04150062243533,50.91347028007123],[6.041456229013473,50.91344805851242],[6.041464683454105,50.91344261729052],[6.041189640576238,50.913298549838984],[6.041176958905263,50.91330671164141],[6.041122740398932,50.91329353451552],[6.040898897523226,50.91325075306238],[6.040520867605688,50.91316389669304],[6.040408242163495,50.91314295886641],[6.040211287563282,50.9130910352669],[6.040118453126747,50.91306189534103],[6.040119836834294,50.9130591908243],[6.039962718037735,50.91300883982224],[6.039934320560588,50.91301169672737],[6.03988009006619,50.91299762018678]]]]}},{"type":"Feature","properties":{"gezicht_uri":"https://linkeddata.cultureelerfgoed.nl/cho-kennis/id/gezicht/10134533","gezichtsnummer":"239","naam":"Heerlen-Landgraaf - Leenhof-Schaesberg"},"geometry":{"type":"MultiPolygon","coordinates":[[[[6.007550333960364,50.892835145734914],[6.007568893452775,50.89284133850294],[6.007590295279552,50.89284751602394],[6.007792450263273,50.892872499753736],[6.007864625250598,50.89263749954775],[6.007893818488049,50.892588802290774],[6.007923325163492,50.89256347475104],[6.007964164872282,50.89253538968503],[6.00803183762397,50.89249457598933],[6.008103821958343,50.8924573347115],[6.008187066823731,50.892411942835494],[6.00845950258721,50.89227294822327],[6.008619017854408,50.89219208926577],[6.008630326652867,50.89218753401101],[6.008647320025369,50.892182948215485],[6.008661507322267,50.89218107419411],[6.008670022114257,50.89218012954753],[6.008986949285563,50.89217932529027],[6.009031028903751,50.89218088613955],[6.009062354468166,50.892185212239426],[6.00909369211867,50.89219043716625],[6.009115081765724,50.89219571556993],[6.009926313553293,50.89238461476608],[6.010044559371109,50.89240555174573],[6.010305513504611,50.89246976608434],[6.011216684492564,50.89269137720272],[6.011521843377333,50.89276613714268],[6.011802734266194,50.89283293721733],[6.011770362953525,50.89285648341979],[6.011406566694882,50.8929654162705],[6.011283613367634,50.89312248837328],[6.011600193118848,50.89320078210288],[6.01139160025793,50.89354169226429],[6.013398664028986,50.89408187081858],[6.013135218381353,50.8948851160295],[6.013541034343204,50.89493955020026],[6.013703395071687,50.89496384020708],[6.013604023653334,50.89518281122138],[6.0132967577615,50.89589910071538],[6.013194196181902,50.89588257665019],[6.013088743526307,50.8958624725338],[6.012950468364853,50.89583265796583],[6.012769361304954,50.89578869245458],[6.012596782103572,50.895744680557634],[6.012392814246173,50.89569184904237],[6.012157457956278,50.8956301977425],[6.011227542335437,50.89539341359851],[6.011019422927865,50.89534869217421],[6.010772688177354,50.89528620053036],[6.010675632121504,50.895256161055954],[6.010581467106389,50.895229701523135],[6.010477365651992,50.895204194352345],[6.010348909614621,50.89516443587836],[6.010102104141648,50.89509654978994],[6.009995027698115,50.89506117030196],[6.009902454055678,50.89504728625809],[6.009806602582558,50.89500105936659],[6.009658129552759,50.8949524188596],[6.009498395816594,50.894911928845055],[6.009388622849742,50.89488735011019],[6.009267335174645,50.89485204638838],[6.009254048685458,50.89481526292019],[6.009223937123934,50.894795649030776],[6.009104578454796,50.894798088583244],[6.009076021080302,50.89478835420425],[6.008984700373487,50.894761878088346],[6.008942909153722,50.894825025739536],[6.008938947432592,50.89484751954208],[6.008946995671931,50.89491759051402],[6.008811125343088,50.89496056902438],[6.008810944207145,50.89494708649225],[6.008569706333932,50.89487017822643],[6.00846991874392,50.89484824168608],[6.008381682060729,50.89483972653837],[6.008309163351349,50.89483741923282],[6.008229635036222,50.89484234071628],[6.008131739328618,50.89485545084066],[6.008083598559684,50.89486919274234],[6.007949148794681,50.89491216261346],[6.007483420436989,50.89505309148845],[6.007106805664127,50.89516207945799],[6.0069921551349,50.89519775090611],[6.006948253302978,50.89520967182078],[6.006929608667179,50.89519718710424],[6.006761901711605,50.895304155669265],[6.006690164603925,50.89536027167485],[6.006650345758378,50.89535868710698],[6.00628880492143,50.89553231249236],[6.005308170537138,50.89607150313083],[6.004766352248426,50.89637013505951],[6.004624219022951,50.8964769639661],[6.004598803962814,50.896489684212305],[6.004577580757205,50.89649698868093],[6.004506708768219,50.89651174929664],[6.003276402587939,50.89677089891018],[6.00226998645289,50.89644456025112],[5.999714638800796,50.89571472860254],[5.999716000558463,50.89571022689345],[5.999883408785755,50.895472030823974],[6.000083098989738,50.895203100885574],[6.0003025292667,50.894922380276675],[5.999467273871699,50.89474432753039],[5.998282852677991,50.894494404053475],[5.999008720611878,50.89306491242927],[5.999129628655886,50.892857525961844],[5.99914492864666,50.89283227583251],[5.999160216733211,50.89280612686443],[5.99936663685581,50.89250929665744],[5.999489634843394,50.89224526806635],[5.999802438545148,50.89182562354711],[5.999985583796744,50.89159633294857],[6.000173863275631,50.891647471550804],[6.000396476625972,50.89171550693947],[6.000906073626849,50.89188269643043],[6.001024528741834,50.89191982169364],[6.001274241727818,50.89199490279308],[6.001857923594173,50.89217517829611],[6.002338916721993,50.89232813110687],[6.002458747466631,50.892361651995536],[6.002511509336856,50.89237485484635],[6.002639819420511,50.89240473484396],[6.002839653719217,50.89246929115262],[6.003256437716881,50.892602806088895],[6.003944466917541,50.892826561447066],[6.003965880237444,50.892833638475416],[6.004529830637447,50.89302479258386],[6.00454137988617,50.89303821444824],[6.004548545703724,50.893042670705235],[6.004567092887194,50.89304796511928],[6.004591408713502,50.893059521041835],[6.004614267398985,50.89306838803669],[6.004972505654844,50.893180635701114],[6.005022534834079,50.89320194210775],[6.005216679167752,50.89326562582658],[6.005449279962798,50.8933353959915],[6.005877580932371,50.89347872789092],[6.006114483418664,50.89355117041983],[6.006439945430965,50.893656397728826],[6.006776850678778,50.8937669562385],[6.007064860096365,50.893410347683286],[6.007109711730975,50.893363364520035],[6.00733206551147,50.89309250263878],[6.0073768322372,50.8930392275237],[6.007383901948291,50.89303649291956],[6.007389490250761,50.8930292717564],[6.007467834743189,50.89293626496432],[6.007550333960364,50.892835145734914]]],[[[5.996069926193067,50.89082687764731],[5.996132431162305,50.89082475081784],[5.996193408557013,50.890814541902515],[5.996234431312548,50.89079994352532],[5.996256991523016,50.89078634124753],[5.99628369672018,50.89076372814519],[5.996344687071083,50.89064655005206],[5.99645299832593,50.89066935099843],[5.996457202454746,50.8906648343576],[5.9964984498623,50.89066731379171],[5.996551101584478,50.89067242983241],[5.996629392314558,50.89068190526617],[5.996830371411674,50.89072669007481],[5.997018549122032,50.89077064312605],[5.997193972794165,50.890817359830315],[5.99720682198045,50.89082178656654],[5.998082346684842,50.89104189094461],[5.99853159981564,50.89116086892772],[5.998789795743674,50.89123321382666],[5.998532604770259,50.89177481202594],[5.998505983214416,50.891803717504686],[5.998617640373475,50.892832367405006],[5.998168869249305,50.89275114092862],[5.99786963005884,50.89269249479138],[5.997866965671163,50.892705992350464],[5.997680283457433,50.89266832505026],[5.997232865613365,50.89258169441634],[5.996868113355672,50.892512604382766],[5.996634416209342,50.89246619419245],[5.996499027703869,50.892438142632415],[5.9963493331622,50.89240297505684],[5.995924493225306,50.89230363589084],[5.995560929895214,50.892216557507446],[5.995589332201501,50.892106742403335],[5.995684226224807,50.89175747030376],[5.995723559647926,50.89161433838596],[5.995782102930789,50.89141896922368],[5.995872990881948,50.89108949382738],[5.995909871130879,50.890976038432456],[5.995934767487171,50.89081590332502],[5.995971775337467,50.89082020305722],[5.996069926193067,50.89082687764731]]]]}},{"type":"Feature","properties":{"gezicht_uri":"https://linkeddata.cultureelerfgoed.nl/cho-kennis/id/gezicht/10134538","gezichtsnummer":"281","naam":"Steyl"},"geometry":{"type":"MultiPolygon","coordinates":[[[[6.120748450600949,51.34163872880503],[6.119777748342452,51.34241340179127],[6.118602715980795,51.34172323822473],[6.117870037587051,51.34122984492514],[6.117184327084748,51.34053120266403],[6.116615232915634,51.340034079345116],[6.116167609780398,51.339593722791946],[6.115757822871323,51.33909559801555],[6.115573392049811,51.338689548453544],[6.115471404774428,51.338233543347535],[6.115427662978384,51.33783020922879],[6.115212750549497,51.336861636124546],[6.114986205793806,51.33642348840723],[6.114617428393619,51.3358846527495],[6.114385875480598,51.33567215995586],[6.114029900534256,51.33530583199544],[6.1136909496148,51.334926812105834],[6.11342049956358,51.33461388290689],[6.113196731916854,51.33425841358406],[6.113050141881408,51.33397347614906],[6.112919672395291,51.333619222497695],[6.112829236978213,51.33325573019452],[6.112709111494705,51.33228746076792],[6.112708009633372,51.331585423988365],[6.112754454019992,51.33089567557153],[6.112821146844108,51.330306478125905],[6.112898715657664,51.32986013850871],[6.113023178126928,51.329294851229626],[6.113399333798929,51.32795493704454],[6.113769869321021,51.32689461562772],[6.114264667759481,51.32688253780281],[6.117355509353849,51.32681645257288],[6.118117071323917,51.32679819062048],[6.118395371039225,51.32679554429298],[6.118542607253493,51.3268512505042],[6.118823267000512,51.32699600862576],[6.118954680424509,51.327049117033546],[6.119159418024266,51.32711165230048],[6.119460650174145,51.32719695188422],[6.119579110099423,51.327247444346476],[6.119587530584732,51.32723570562354],[6.119851464102786,51.327321238816864],[6.121287869663068,51.32733376497294],[6.121536902236562,51.32729533949631],[6.12198354700098,51.32732218547623],[6.122509880518999,51.32730807580207],[6.122807459974009,51.32716596697494],[6.122978952894077,51.32756939041811],[6.123040894891253,51.327941145453416],[6.123143087473346,51.327961174366074],[6.123118088873522,51.32801256993394],[6.123085888035648,51.32806221320735],[6.123061149821586,51.328129787398396],[6.123050584381413,51.32818648515862],[6.12304581541584,51.328246741902625],[6.123046929780497,51.328315950509605],[6.123080474989189,51.328438888423726],[6.123176680703749,51.32862165687143],[6.123200156454797,51.32865386904212],[6.123201367618337,51.32899634401302],[6.122845385081315,51.329343773023055],[6.12271928161416,51.32971042380463],[6.122811883634967,51.329758379644126],[6.122508386520154,51.329979629353446],[6.122655444661766,51.33020162886787],[6.122354827757841,51.33042375886844],[6.122285152487318,51.33073072515645],[6.122178151245394,51.330858146137686],[6.122440181051593,51.331002114363336],[6.12188373733499,51.331555756116856],[6.121823968820439,51.33158669596465],[6.121745182754405,51.331684274671595],[6.121720267251702,51.33174106281665],[6.121965781176098,51.331839292184256],[6.121958950221207,51.331949900518616],[6.122382646013736,51.332242066749124],[6.122697812251951,51.33247738715995],[6.12315238829065,51.33272620815614],[6.123289908522726,51.3328898383925],[6.123464605336109,51.33295615173219],[6.123671056640264,51.333033949731664],[6.123938495066224,51.33315630673213],[6.124190425945422,51.33293987430134],[6.12422799169894,51.33295581681054],[6.124353992449,51.332849847383],[6.124548574780991,51.332903448549125],[6.125008236741866,51.33311088054574],[6.125217807764193,51.333203937426795],[6.125497397842243,51.333367563459284],[6.124884946140781,51.333917979011545],[6.124876453242454,51.33392522405092],[6.124768581290984,51.333998718641226],[6.124586112055039,51.33407358445202],[6.124391857440349,51.33395166451854],[6.124197576059407,51.334094921234914],[6.124143979748362,51.33406379879305],[6.124128051600747,51.33405491055392],[6.12398040854628,51.33397584235204],[6.123870433377073,51.33409699134328],[6.123502198950349,51.33439865551885],[6.12342291925922,51.33446567571712],[6.123612434352698,51.33456066010579],[6.123969799116626,51.334741776007604],[6.12412889451372,51.33481897394552],[6.124209826531268,51.33485441790669],[6.124299454839218,51.33489520019082],[6.124448376756574,51.33496437195511],[6.12450507511634,51.334920865554885],[6.124493494695128,51.334914646548576],[6.124506234407492,51.334903779030924],[6.124817152773209,51.335051926973975],[6.124985672631313,51.33517940270001],[6.125247474760385,51.33530718589037],[6.125921299288042,51.33562292314087],[6.125615841522238,51.3359907146483],[6.125540027489151,51.33609456938957],[6.125268069619686,51.33631562611987],[6.125145221635847,51.33643955459533],[6.125454441685171,51.33657063246002],[6.12590521548334,51.33675834151172],[6.126344426333611,51.336940728801885],[6.127062619978366,51.337247188882735],[6.127123265686063,51.3372701750691],[6.127713169631648,51.337806666928515],[6.12786024169019,51.33793787056324],[6.127928748397379,51.338003054850965],[6.128064181686347,51.338124444314666],[6.128129717002779,51.33818335505822],[6.128185091110653,51.338235139186004],[6.128244799401942,51.33828869351614],[6.128383206390301,51.33841635602336],[6.128444364706266,51.3384707999283],[6.128514278854096,51.33853417710921],[6.128581279486902,51.33859487608385],[6.128662848886281,51.338668965828866],[6.128728444110662,51.33873147147785],[6.128741140107207,51.33871790706369],[6.12888223006492,51.338833866142544],[6.128853720069816,51.33884573347968],[6.128930766513956,51.338906368276504],[6.128786746854642,51.3390520091505],[6.12885234280062,51.33911451472713],[6.128822480036788,51.33921987674857],[6.128750039281156,51.339266182196454],[6.128606962535184,51.339293161431314],[6.128453099774021,51.33945144921061],[6.128618825303939,51.33949354162295],[6.128427914153796,51.3396682455157],[6.127898135321622,51.340186688640436],[6.127650924400606,51.340430066043396],[6.126972659945372,51.34108608233822],[6.126882228066338,51.341173850484466],[6.126785278876951,51.34112502649048],[6.126689794047893,51.34107799092657],[6.126695476069894,51.34107435922841],[6.126111221702581,51.340800306371335],[6.126040032252643,51.3407468237923],[6.125676941380551,51.34048125336245],[6.125604332429403,51.340428678426534],[6.124732414114606,51.33975912669995],[6.124405648950621,51.33952028942006],[6.123933517395788,51.33934439537238],[6.122798873965683,51.34018125658219],[6.122672589013026,51.34027104571055],[6.122669661072536,51.34026746858607],[6.121415654675362,51.341181476685485],[6.121354934401425,51.34115399347215],[6.120748450600949,51.34163872880503]]]]}},{"type":"Feature","properties":{"gezicht_uri":"https://linkeddata.cultureelerfgoed.nl/cho-kennis/id/gezicht/10134539","gezichtsnummer":"202","naam":"Heerlen - Beersdal"},"geometry":{"type":"MultiPolygon","coordinates":[[[[5.963852375149171,50.90357294530586],[5.963924737333697,50.90356179783217],[5.963937598101778,50.9035671271048],[5.963976113177264,50.90357772186475],[5.963996070265232,50.903582116854764],[5.96404023775483,50.90358998672015],[5.964092900653165,50.903595117514534],[5.964121353152047,50.90359677342825],[5.964159744969472,50.9035974808701],[5.964296063564755,50.903585115294916],[5.964301715936688,50.90358239040708],[5.964337186234388,50.90357682008112],[5.964381140679642,50.90356761182759],[5.964442029754917,50.90354843119121],[5.96448730469528,50.90353112623144],[5.964508515042132,50.903522031417545],[5.96454379454955,50.9035011807231],[5.96458608055038,50.90347220497314],[5.964612864648871,50.90345409334796],[5.96467775988427,50.903414217950015],[5.964724343880375,50.903387917387754],[5.9647370363547,50.90337976394961],[5.964766685779843,50.903363435779504],[5.964811926745802,50.90334343416886],[5.964901020742396,50.903306134517265],[5.964947716767972,50.90328882227987],[5.965015667797936,50.90326601048286],[5.96504682837239,50.903256865873054],[5.965116245718144,50.90323764228285],[5.965208395648014,50.903217406180346],[5.965232493620754,50.90321189239586],[5.965282155972499,50.90320445307458],[5.965357371450131,50.903194189342166],[5.965402791760033,50.90318856896325],[5.965449656022285,50.9031847391443],[5.965532046310778,50.90317983282174],[5.965590316195929,50.90317864262179],[5.965651440299625,50.903178337018986],[5.965715441108118,50.903180713691576],[5.965786594348682,50.9031866501488],[5.965926069146909,50.90319943599492],[5.966018601052272,50.90320975985213],[5.966428620925907,50.9032580460021],[5.966519742822765,50.90326927541641],[5.966657841614474,50.90328566286289],[5.966975296636728,50.903320927204916],[5.966988112623032,50.90332266077341],[5.967062154302807,50.903332177562774],[5.967119138066939,50.903341779811385],[5.967208906421246,50.903358408854885],[5.967213182179774,50.90335928631627],[5.967284459874977,50.90337510910439],[5.967300130153076,50.903377727224374],[5.967419975571587,50.90341218324129],[5.967471363721126,50.903429004561616],[5.967541366713461,50.90345651925534],[5.967924235475695,50.90360651175332],[5.967994227719391,50.90363312733132],[5.968352832122142,50.90377515015109],[5.968409974812777,50.90379733553683],[5.968431410394855,50.90380621682484],[5.968612857226835,50.90387811582003],[5.96874145999984,50.90393050442113],[5.968641797989767,50.9040316818894],[5.968536517245427,50.90413828089034],[5.968431247311086,50.90424577863745],[5.968324589239293,50.904355979953166],[5.968222116215913,50.90445986786735],[5.968115457153767,50.90457006899235],[5.968010185261227,50.90467756636043],[5.9679273641077,50.90476157960086],[5.967904924164594,50.90478596247481],[5.967798207185068,50.90489166910505],[5.967733639732909,50.90495761264477],[5.967691557400776,50.9050027686845],[5.967622770112893,50.905072328925016],[5.967579266018544,50.90511749205609],[5.96751611949199,50.90518342834449],[5.96741083353989,50.90529002633188],[5.967304170636585,50.90540022671689],[5.967198906245989,50.90550862219578],[5.967092208528452,50.90561612586394],[5.967012193365859,50.90569742768206],[5.966986931884384,50.90572362231078],[5.966880221914818,50.905830226944275],[5.966776332078875,50.90593501955519],[5.966668233341628,50.90604432764025],[5.966600830772611,50.9061111836357],[5.966562920964093,50.906149127181564],[5.966534860850069,50.906178931315175],[5.966494152794205,50.906220484440595],[5.966439442684569,50.906279186709575],[5.966280772820309,50.906437288075765],[5.966067424597156,50.90665678784557],[5.965966351775459,50.90675976782863],[5.965862502769201,50.90686815499299],[5.965661776453429,50.90707410740979],[5.965649128097038,50.907085856316876],[5.965496139235033,50.90724392818778],[5.965442837032222,50.90730172404344],[5.965368457599219,50.907379400950646],[5.965327769912597,50.907422751352875],[5.965268893142998,50.907489563958265],[5.96516095570177,50.907612353271695],[5.965144132042836,50.907631314160675],[5.965054450549414,50.90773603422688],[5.964943736063859,50.90786423058962],[5.964923743355178,50.9078571392412],[5.964792391714555,50.90781285017221],[5.964442529136031,50.907575489486696],[5.964441096291855,50.9075745977379],[5.964342151664384,50.90750677513748],[5.964217405071992,50.9074220020849],[5.964109864113308,50.90734882877518],[5.964046774771666,50.9073059962632],[5.963993715328004,50.907269405997596],[5.963878988555942,50.90718997601715],[5.963668218769643,50.90704720278259],[5.963648148191776,50.90703381932149],[5.963645304972514,50.90703383348743],[5.963616895183515,50.9070357728265],[5.963585619770044,50.90703592863977],[5.963537217837692,50.90703077637547],[5.963514416085254,50.90702639547105],[5.963494457555718,50.90702200039993],[5.963473055022641,50.90701581472286],[5.963447342874203,50.90700605491676],[5.963305864674509,50.90694743225159],[5.963205837262524,50.90690658100542],[5.963107231631557,50.90686572259621],[5.963005771777949,50.906823979411236],[5.962781416751998,50.90673161044309],[5.962355678447893,50.9065647349632],[5.962183081836239,50.90663301015675],[5.962154783964026,50.90664393755496],[5.96200198862728,50.90670402399629],[5.961897303983282,50.90674589331886],[5.961881744547261,50.90675226288714],[5.96184495042278,50.906765929102875],[5.961713389015699,50.90681871851498],[5.961659624852691,50.90683966011655],[5.961520966156532,50.906893383445166],[5.961505417779788,50.906900651804975],[5.961376776924832,50.90695971861586],[5.961334351840415,50.90697790709976],[5.961325732931376,50.906970758691266],[5.961160530253832,50.906833148176446],[5.9611174360046,50.906797406062594],[5.961093413741708,50.90680921088807],[5.961081918237642,50.906799380038635],[5.960919392743955,50.90687749125326],[5.960547694384784,50.90705551770149],[5.960392219458603,50.90712909874392],[5.960310407868062,50.907066581221436],[5.960294614220869,50.90705407489328],[5.960275932813246,50.90703798727777],[5.960248666076769,50.90701744769659],[5.960184014389092,50.90696293516697],[5.960086331907237,50.90688161924515],[5.960053289866303,50.906853917037694],[5.960408062999149,50.90668676280169],[5.960718964757008,50.90653600510409],[5.96072461770012,50.90653328038995],[5.960878657356368,50.90645880711264],[5.960945070812053,50.906426117481125],[5.961114680318893,50.90634617329064],[5.961342217248108,50.90623717668517],[5.961369071163434,50.906224458856954],[5.961378966469272,50.90621991526215],[5.96141430523727,50.906203559724936],[5.961612132667642,50.906106395698146],[5.961647460103072,50.906089141248124],[5.961760527817151,50.906035544851306],[5.961774832936673,50.90604266498781],[5.961829593362008,50.905987560282924],[5.961898401896425,50.9059189023108],[5.961862683824067,50.90590469737178],[5.961932687245731,50.9059322154588],[5.962042695982369,50.90597571489311],[5.962098855240932,50.905918805314606],[5.962107272973111,50.905909774512466],[5.962149372757774,50.90586551933466],[5.962263123353312,50.90575259182407],[5.962292585183801,50.90572098397263],[5.96239647353444,50.905615296530286],[5.962498962207352,50.90551141374803],[5.962467520133432,50.90549808663085],[5.962305131156402,50.90524360711369],[5.962297866922403,50.90523105866038],[5.96228919231373,50.90521941611463],[5.962242741565003,50.90514234182952],[5.962225347716257,50.90511546136183],[5.962260662992191,50.905097307884674],[5.962173761023313,50.90496829858429],[5.962139777978265,50.90497925423587],[5.962064371793211,50.90486007559717],[5.962151948832225,50.90481469553998],[5.962153359201239,50.9048137896337],[5.962223978148362,50.90477658387162],[5.96228330289324,50.90474572648876],[5.962465485369306,50.904648638744746],[5.962502177013349,50.904626882759345],[5.962506419262007,50.90462506386933],[5.962541689332921,50.904603314940275],[5.962567109255448,50.904589705064],[5.962568519609473,50.90458879915262],[5.962569918782686,50.9045869943995],[5.962574149844181,50.90458427666526],[5.962889149580376,50.90442180702493],[5.962783991000888,50.90431086697396],[5.962733566554834,50.904257183988385],[5.962690339304059,50.904210656359346],[5.962660084753264,50.90417844654604],[5.962632718014228,50.90414981795104],[5.963049604970293,50.90394998625771],[5.963484844756115,50.9037401737618],[5.963852375149171,50.90357294530586]]]]}},{"type":"Feature","properties":{"gezicht_uri":"https://linkeddata.cultureelerfgoed.nl/cho-kennis/id/gezicht/10134542","gezichtsnummer":"282","naam":"Heerlen - Tempsplein e.o."},"geometry":{"type":"MultiPolygon","coordinates":[[[[5.973820589840129,50.88395562057891],[5.973857009117079,50.88391408655853],[5.973900475839512,50.883868022288446],[5.974119263239994,50.883640390005134],[5.974336604804791,50.883410966846],[5.974503248945004,50.8832177566337],[5.974273381976354,50.883131730579905],[5.974356050430303,50.88303962335604],[5.974562009696506,50.8828093586491],[5.974646205708937,50.882837695757324],[5.974727560093791,50.882866047239936],[5.974806061434532,50.882893514263166],[5.974827477131873,50.882901495536494],[5.974884842440273,50.88283109003413],[5.974929636678519,50.8827778274436],[5.974973032782233,50.88272636973643],[5.975013632732519,50.88267852181513],[5.975079431293,50.88260088217071],[5.975312024620848,50.882677903776376],[5.975414737725907,50.882709741756464],[5.975564465079999,50.882751228361876],[5.97554354063019,50.88278189733231],[5.975535175412738,50.88279452445531],[5.975507260855002,50.8828342179552],[5.975473777031926,50.88288292875396],[5.975469571556586,50.8828874446336],[5.975433303039087,50.882940664073416],[5.975398443884478,50.882992977436174],[5.975380292420203,50.88301823888693],[5.975360754332308,50.883046204079754],[5.97532303042912,50.88309673419203],[5.975449933587491,50.88313114582754],[5.975444341485662,50.883138365452325],[5.97560715522961,50.88320315679212],[5.975600142268053,50.8832103836531],[5.975681509318716,50.88323963330283],[5.975624007590572,50.88329925312329],[5.975567926594708,50.883358865687185],[5.975640745744471,50.88338636105503],[5.975747269680385,50.88327076011044],[5.975828648361251,50.883300908496096],[5.975860871282345,50.88326478858154],[5.975969326749972,50.8833010913378],[5.976053524515136,50.88332942741932],[5.976241869883763,50.88339049228657],[5.976242350341142,50.883428243550796],[5.976241535750251,50.8834758892874],[5.976239254515007,50.883519946902084],[5.976338727904597,50.88352033914446],[5.976342706669185,50.88338638309136],[5.97642838291423,50.88341920585976],[5.976469027738459,50.883374952786774],[5.976567537767962,50.88341130565589],[5.976591807217444,50.88342017096033],[5.976653191323018,50.883442330578305],[5.976743153439919,50.88347692906741],[5.976835968911352,50.88351241183838],[5.976875948361644,50.88352748927676],[5.976918769609036,50.88354255221171],[5.976951598869099,50.88355407048973],[5.977000149527915,50.88357269977147],[5.977078687777903,50.883602861767514],[5.977160090821349,50.8836348068935],[5.977105420835529,50.88369351411328],[5.977188222032232,50.88372365429313],[5.977268158633684,50.883752011232815],[5.977410912632846,50.88380341892128],[5.977334814730068,50.88385324661618],[5.977230527908826,50.88392119602856],[5.977209397786752,50.88393568618902],[5.97716427279094,50.88396288331523],[5.977323161494303,50.88405376032201],[5.977414809838328,50.884109024345086],[5.977419106934436,50.884111699110576],[5.977560980971683,50.88431682266561],[5.977566687539332,50.88431859133336],[5.977713614603704,50.88436278617124],[5.977746421705121,50.8843725065438],[5.977880526487081,50.88441406994561],[5.977887653991028,50.88441583134077],[5.977982155216089,50.884360515892865],[5.978003308237007,50.88434782327004],[5.97808089599051,50.88430338091203],[5.978179659475859,50.88424804352617],[5.978272773541571,50.88419543162072],[5.97831510222144,50.88417184394428],[5.97837717425687,50.88413646966348],[5.978460398974434,50.884088402643656],[5.978474516130031,50.88408113929002],[5.978574688085576,50.8840248954654],[5.978670620076447,50.88397047103236],[5.978702155537061,50.8839918833114],[5.978707885083025,50.88399544960147],[5.97874952771274,50.884029394749625],[5.978808382070218,50.88407583641739],[5.978888867849455,50.8840358731801],[5.978958055251629,50.88400136108254],[5.979095422670306,50.88396470224892],[5.979259729420819,50.88392341086099],[5.979193149496322,50.88382846846826],[5.979354556390944,50.88378269729601],[5.979388531301369,50.88377263546518],[5.979392770976162,50.88377081596111],[5.979413888837051,50.88375542656394],[5.979474412057551,50.88371017174121],[5.97944436633289,50.883694145432436],[5.979443561213447,50.883631226687704],[5.979443526708385,50.88362853017007],[5.979442721591587,50.88356561142537],[5.979442595073462,50.88355572419411],[5.979441916477322,50.883502692680786],[5.979441628937129,50.88348022170056],[5.979439644477523,50.88343618585521],[5.979376688667169,50.88340235008309],[5.979404945269703,50.88338962083024],[5.979346298184873,50.883359358572164],[5.979353368082436,50.88335662568109],[5.979412596475328,50.88332126539788],[5.979470426904783,50.8832877100391],[5.979556243220248,50.88333131655812],[5.979629202747456,50.88336959548194],[5.979706764286756,50.88332335436131],[5.97977729033536,50.883282542623874],[5.979844997526885,50.88324354308349],[5.979890120244217,50.883216344915844],[5.979993072793469,50.88315559111161],[5.980124281289173,50.88308210778853],[5.980207341068313,50.88302145577161],[5.980204487814301,50.8830205715029],[5.980238289226677,50.88299702683739],[5.980208289767496,50.88298459608338],[5.980249137901262,50.88295652079303],[5.980254867437624,50.88296008700642],[5.980292873789289,50.88293202627228],[5.98026280525354,50.88291420249783],[5.980293845454741,50.882896964261704],[5.980371297892,50.8829531976401],[5.980436035642206,50.88290432510029],[5.980277213905532,50.88281884540898],[5.980354796913604,50.88277440153514],[5.980428128713545,50.882730878312465],[5.980500051038917,50.88268826117137],[5.980571973231859,50.88264564398585],[5.98064106510508,50.88260394017593],[5.980659397933193,50.88259305932951],[5.980705825134719,50.88255686516483],[5.980734461226462,50.882573797276756],[5.9808045903439,50.88261298888135],[5.980877595882466,50.8826548623735],[5.98092235998709,50.88259979979645],[5.980969919569741,50.88254112725729],[5.980979715642556,50.882529391288266],[5.981014683455,50.882486064645015],[5.981072073428401,50.88241835260857],[5.981239062746513,50.88247592341347],[5.981270540687414,50.88249284079671],[5.981274757097243,50.88248922354612],[5.98134771671104,50.88252750138535],[5.98139490489506,50.8825506303151],[5.98153491037004,50.882609238223054],[5.981567786280822,50.88262435054578],[5.981659263675386,50.88266612861746],[5.981739305087703,50.882702572015816],[5.981667637864733,50.88276496438132],[5.981650772244397,50.88277943344002],[5.981603005501816,50.88282192715794],[5.981348667838704,50.88304436297533],[5.981563275693593,50.883158319278174],[5.981433501688306,50.88323269576869],[5.981264254195316,50.88333154512281],[5.981168361188359,50.88338866821554],[5.981130297322928,50.88341223504239],[5.981096461461822,50.88343308345145],[5.981123711960221,50.88345271927933],[5.981161024009148,50.88348129241248],[5.981077918526093,50.88353834975799],[5.981010292670581,50.88358364189219],[5.980970842271878,50.88360991247917],[5.98094970193402,50.883623504481534],[5.980653793526908,50.88381828630652],[5.980596009392892,50.88385543761312],[5.980536850362598,50.88389619153667],[5.980479089081301,50.88393514046342],[5.980410052682797,50.88398133837668],[5.980336822562322,50.88403295114425],[5.980256556876879,50.884089993329965],[5.980190361831664,50.884136176541254],[5.98012414362425,50.88418056203673],[5.980060801643163,50.884227629445014],[5.980052356803538,50.88423396501947],[5.97983401541174,50.88438340219381],[5.979702998393205,50.884472165462775],[5.979642439885958,50.884514723889474],[5.9796641793399,50.88454787176282],[5.979740771287698,50.88475872046148],[5.979682709087306,50.88477429917508],[5.97972382979581,50.88487836070731],[5.979789077301613,50.88486903744658],[5.979830175314805,50.88497130126237],[5.979837521664075,50.88499014048162],[5.979772239472003,50.88499676725237],[5.979807607794732,50.885095464839246],[5.979854263182916,50.88518781229369],[5.979877608213019,50.885235334272586],[5.979714925438778,50.885292798372305],[5.979694882704667,50.88528121537063],[5.979685085726234,50.88529295123308],[5.97966831062013,50.88531461071971],[5.979665457234848,50.88531372643787],[5.979661274962088,50.885320040148265],[5.979671520712168,50.885343359017085],[5.979639046195126,50.885359705529304],[5.979687852981456,50.885398108141786],[5.979361685505984,50.88556158017737],[5.979337460405182,50.88555631081332],[5.979254827012419,50.8855396547672],[5.979224918150361,50.885534414473895],[5.979214948531172,50.885532667707736],[5.979113819938958,50.88551430843151],[5.979088978624896,50.88557196503755],[5.978977811422181,50.88554646582887],[5.978955007319136,50.885541189114406],[5.978939330937862,50.88553767372549],[5.978903692360316,50.88552886707075],[5.978843794301029,50.885512094419454],[5.978836804478264,50.88552111915537],[5.978820005912116,50.88554098084125],[5.978804628278684,50.88556083525663],[5.97878224929888,50.88558881556333],[5.978710872322059,50.88567457593747],[5.97873944068713,50.88568611550632],[5.978714587326916,50.88574287319371],[5.978707666372833,50.88575729095806],[5.978710224652719,50.88584626878649],[5.978710293581775,50.885851661822535],[5.978645059380566,50.885973346663484],[5.978629428822769,50.885973426590205],[5.978535691413991,50.88597750146373],[5.978441908056366,50.88597798090371],[5.978289888295553,50.885980555694935],[5.978169106685915,50.88598117288488],[5.978102275653324,50.88597791874278],[5.978025474960379,50.88597291769345],[5.977915934844924,50.88596358931623],[5.977849080911946,50.88595853734888],[5.977807781320524,50.885951557060935],[5.977595611182865,50.885917583252656],[5.977545728589344,50.88590615219289],[5.977477316250008,50.88589032118913],[5.977396035105472,50.8858682635263],[5.977269042776499,50.88582756216116],[5.977169106094761,50.88579121714476],[5.977086289750358,50.885760178116335],[5.976950611919545,50.885706936128706],[5.976846389991001,50.88566881488959],[5.976773566532546,50.88564132028623],[5.976745055932988,50.88563427442913],[5.976716499544516,50.885623633206585],[5.976662297394532,50.88560772929443],[5.976575298999523,50.88558300350185],[5.976562739393206,50.8856010454601],[5.976518541188158,50.885589584994186],[5.97651136777348,50.88558422815631],[5.976495680116764,50.885579813596394],[5.976484335421199,50.88558166919306],[5.976472922056824,50.88557813175084],[5.976489664419902,50.8855537762059],[5.976402711991158,50.88553264564181],[5.976330003428117,50.88551413915503],[5.976235912098482,50.88549034813472],[5.976147516082619,50.88546742693564],[5.976133592585381,50.885489970281334],[5.976043764239513,50.88546615739854],[5.976059120154061,50.885444505668964],[5.975953592950228,50.885415379254894],[5.975888000896544,50.88539773516389],[5.97586090009084,50.8853897830165],[5.975833845023131,50.8853854262216],[5.975761251225145,50.88537590777386],[5.975725727673643,50.88537608853627],[5.975589892544771,50.8853102611928],[5.97518647607063,50.88521073729255],[5.975229257458542,50.88511074213463],[5.975243512481265,50.88511426525124],[5.975303424782473,50.88502047525157],[5.975240401303918,50.88498124418738],[5.975236092832011,50.88497767050109],[5.975175899907023,50.88493752611333],[5.975171602863343,50.884934851264376],[5.975142944499545,50.88491612009421],[5.975105680668768,50.884891140374435],[5.975035518653754,50.884849248791824],[5.975016909621512,50.88483855659565],[5.974978236411603,50.88481448289604],[5.974965139878364,50.88479027920995],[5.974957818372617,50.88477323735774],[5.97493159112138,50.8847221334599],[5.974924326710342,50.884709585804664],[5.974858581971772,50.88479171956877],[5.974795833065075,50.88477406041744],[5.974879992799143,50.884687338633114],[5.974827167645155,50.88466783127958],[5.974807183461835,50.884660741628096],[5.974767203702303,50.884645663474885],[5.974752926038126,50.88464034261967],[5.974671545696769,50.88461019347911],[5.974674353306079,50.88460748252497],[5.974595814909086,50.884577318896305],[5.974520141260845,50.884548938463126],[5.974435919399308,50.88451880358724],[5.974381176492141,50.88457211648868],[5.974301217428703,50.88454195987339],[5.974313834643622,50.88452841235954],[5.974364303429561,50.88447422229073],[5.974261507314136,50.88443609150266],[5.974123006180225,50.88438375945349],[5.974106171804814,50.88440092393722],[5.973959077113112,50.88434324191357],[5.973593570145572,50.884206665367735],[5.973443623513009,50.88414809825496],[5.973613298041493,50.88396925634676],[5.97375893603859,50.88402424949841],[5.973820589840129,50.88395562057891]]]]}},{"type":"Feature","properties":{"gezicht_uri":"https://linkeddata.cultureelerfgoed.nl/cho-kennis/id/gezicht/10134543","gezichtsnummer":"218","naam":"Heerlen - Eikenderveld"},"geometry":{"type":"MultiPolygon","coordinates":[[[[5.965716730003794,50.89066625719731],[5.96569094782187,50.8906502059913],[5.965669451447419,50.89063593114077],[5.965647955086226,50.89062165628625],[5.965625273582063,50.89062626419782],[5.965606641919239,50.89061377280488],[5.965556498811977,50.89058166323224],[5.965487735407389,50.890537961066734],[5.965425656161905,50.89057422730663],[5.965044719329341,50.890797259694025],[5.964911590957624,50.89072061951431],[5.964872951726837,50.890699238957076],[5.964772688849855,50.89063681683514],[5.964741211371229,50.89061989495964],[5.964739779047504,50.890619003214056],[5.964716861875408,50.890604735281656],[5.964712564907211,50.890602060043804],[5.964763298359068,50.890567648635724],[5.964815441618209,50.89053233126782],[5.964861945275016,50.89050063762996],[5.964931018146064,50.890455347790414],[5.965043785766759,50.89038107492051],[5.965104387829828,50.89034032177972],[5.965165012239414,50.89030136628976],[5.965303145429408,50.890209887368805],[5.965360938548546,50.890171844822994],[5.965379266737205,50.89016006754477],[5.965389102065274,50.89015102940876],[5.965400358479974,50.89014198416828],[5.965408739016043,50.89013025661089],[5.965415664763887,50.890115839633374],[5.965418282313931,50.89009784860271],[5.9654180913792,50.89008256830324],[5.965417821824535,50.89006099611585],[5.965414755021014,50.890043033500774],[5.965408834814893,50.89002418625209],[5.965404470473834,50.89001611799311],[5.965397263961587,50.890008063941316],[5.965388636365738,50.890000016992616],[5.965380020003573,50.8899928688844],[5.965324159699006,50.88995809110034],[5.964971744684037,50.88973332986821],[5.964904437834302,50.88969231677911],[5.964895765498328,50.88968067442869],[5.964892788692055,50.88966990252918],[5.96489552985367,50.88966179876343],[5.964896894823522,50.88965729745995],[5.96490109072294,50.889651883120166],[5.964906718918116,50.88964736052386],[5.96491658789478,50.889641018951764],[5.964970319408794,50.88961917703677],[5.965268785025241,50.88950712142605],[5.965619559048594,50.88937322993817],[5.965693117425871,50.88934589515139],[5.965753931080998,50.889322219655064],[5.965830320187191,50.88929397172422],[5.965888314057168,50.889272108057476],[5.965933608234985,50.88925749908281],[5.965966303930458,50.88925823438456],[5.966003274059205,50.88925984718499],[5.966057319437339,50.88926317231631],[5.966289267704748,50.889287180421924],[5.966627931121185,50.889321440298026],[5.967016399918779,50.889360842915586],[5.967198532964903,50.88937880662254],[5.967345128202713,50.88939604939581],[5.967419136396019,50.88940466714854],[5.967484618210645,50.88941332762974],[5.967775046025531,50.88945411841625],[5.96794873227492,50.889478415623714],[5.967978631140911,50.889482759989626],[5.968019954980069,50.88949154146565],[5.96805558327145,50.889499452631355],[5.968115471325197,50.88951533202645],[5.968250924488722,50.889550607562164],[5.96847193578016,50.88960882434617],[5.968587392808355,50.88963610989835],[5.968861165512994,50.889708443092864],[5.96899091289551,50.88974194866379],[5.969140634689259,50.88978164588065],[5.969276089409378,50.889816920213875],[5.969301781911759,50.88982577989435],[5.969317515555195,50.88983379079146],[5.969333283126271,50.889844498208284],[5.969347674854508,50.88985880813773],[5.969354904645446,50.88986865962364],[5.969357893810512,50.88988033024735],[5.969360849053246,50.889889304349076],[5.969362360598986,50.88989648792184],[5.969362451062849,50.889903678646874],[5.969358402666029,50.88992077807588],[5.969355628347427,50.889926185424265],[5.969320813623924,50.88998299118583],[5.969309671085285,50.89000102521283],[5.969304065892066,50.89000734570402],[5.969298472004094,50.89001456503559],[5.96929145702839,50.89002179151837],[5.969284430743989,50.8900281191601],[5.969277415764043,50.890035345642],[5.969267569914834,50.89004348526661],[5.969254927112113,50.89005523455504],[5.969247900817653,50.890061562194596],[5.969235224088304,50.89007061495895],[5.969223945831077,50.89007786289],[5.969221137571516,50.89008057371325],[5.969136448788452,50.89012684359313],[5.969113869605658,50.89013954175362],[5.968991048466232,50.89020488020671],[5.968878140739727,50.89026747198346],[5.968838655162409,50.890291940775455],[5.968787868564006,50.890321859761386],[5.96864276068951,50.89042326579827],[5.968434244535064,50.89056813737251],[5.968252468522846,50.890692199602015],[5.968182067731552,50.89074468928433],[5.967825572461511,50.89098918164172],[5.967762140995485,50.89103084931224],[5.967718481034429,50.89106252984938],[5.967694536267328,50.891079729071],[5.96758878662665,50.891146778141355],[5.967452042485903,50.89123555613835],[5.967421014450949,50.89125458863006],[5.967350510437615,50.891298988241694],[5.967305383741436,50.891327080387974],[5.967233435844687,50.89136968937394],[5.967200941435581,50.891385133569536],[5.967161375158179,50.891403309905996],[5.967109052479167,50.891424246875296],[5.96706520021427,50.89144064687125],[5.966946208185239,50.89147180583628],[5.966732292845884,50.89152681163239],[5.966607638345357,50.891559796412324],[5.966539648998625,50.891578114905336],[5.966491476717144,50.891590041832515],[5.966471175745505,50.89155778319393],[5.966389994644183,50.8914305462858],[5.966313819817773,50.89136261148485],[5.966425503835356,50.89131530961336],[5.966502720536366,50.89123941554178],[5.966537888520636,50.89121047469141],[5.966529294262037,50.89120512435128],[5.966481980865411,50.891172102105116],[5.966434690039368,50.891140877521565],[5.966388809146485,50.89110874696169],[5.966242606404733,50.891009701334106],[5.966182413396428,50.89096955226249],[5.966051944971982,50.890878517714626],[5.965986022881911,50.89083480162292],[5.965973120452618,50.89082587720967],[5.965967480976642,50.89082950101696],[5.965930228554364,50.89080541717971],[5.965915893792212,50.89079560102921],[5.965891532579121,50.89077954275803],[5.965867171382932,50.89076348448167],[5.965818460280706,50.89073226675466],[5.965794099134755,50.89071620846287],[5.965771170351744,50.89070104189879],[5.965716730003794,50.89066625719731]]]]}},{"type":"Feature","properties":{"gezicht_uri":"https://linkeddata.cultureelerfgoed.nl/cho-kennis/id/gezicht/10134579","gezichtsnummer":"241","naam":"Heerlen - Maria Christinawijk"},"geometry":{"type":"MultiPolygon","coordinates":[[[[5.972159773785207,50.91512073257791],[5.972229342403716,50.91511229078147],[5.972263819498256,50.915139982306],[5.972367262404236,50.91522395565826],[5.97239981733233,50.9153244676164],[5.97242056520325,50.91539088115038],[5.972453143118601,50.915493190774704],[5.972464984498076,50.91552998570828],[5.972469329741169,50.91553625601756],[5.972470842623403,50.915543439550994],[5.972485607409528,50.91558651198333],[5.972498950351292,50.915629591605956],[5.972513715191392,50.915672664034666],[5.972528491436962,50.91571663530219],[5.97253886554634,50.91574984205801],[5.972558044012859,50.91580457783145],[5.972572797585755,50.91584675141196],[5.972586129305735,50.915888932183805],[5.972590565631778,50.915902393213656],[5.972600894310728,50.91593200460133],[5.972614271599461,50.915977780732476],[5.972629013899607,50.91601905546513],[5.972643813127038,50.91606482439907],[5.972658601003458,50.91610969449046],[5.972671932878395,50.91615187525235],[5.972686720810252,50.91619674534014],[5.972700041354912,50.91623802725816],[5.97271340744985,50.91628290453713],[5.972728184082428,50.91632687577894],[5.972742960743258,50.916370847018875],[5.97275631553625,50.91641482545224],[5.97275925038864,50.91642200178655],[5.972771058103939,50.91645610016668],[5.972784412948573,50.916500078596776],[5.972800657152368,50.916547637996096],[5.972811020262236,50.9165799458868],[5.972813977900974,50.91658891990091],[5.972828788879876,50.91663558765167],[5.972843542967602,50.91667776119742],[5.972856875176927,50.91671994193788],[5.972868683041097,50.916754040308],[5.972870207410715,50.916762122676786],[5.97288500711739,50.91680789157969],[5.972896917493047,50.91685007951245],[5.972908839276166,50.91689316628458],[5.972919339169563,50.91693626025285],[5.972928405783273,50.916978462577035],[5.972940373174247,50.91702514470836],[5.97296877731015,50.91702230423042],[5.97308950339036,50.91701090625205],[5.973276968224679,50.916991978959665],[5.973289754055216,50.916991015302536],[5.973363602411203,50.9169834500546],[5.973431774485808,50.916976812414966],[5.973499935143593,50.91696927589468],[5.973566685264657,50.91696264538011],[5.973583736819132,50.9169616600745],[5.973622082864935,50.916957870156736],[5.973694509200453,50.91695031190386],[5.973761259265819,50.91694368127722],[5.973828020715358,50.91693794945259],[5.973897614566917,50.91693130433025],[5.973908978455774,50.91693034781415],[5.974109205596038,50.91690865776711],[5.974181631773702,50.91690109920974],[5.974252647428711,50.9168944466612],[5.974319397332179,50.91688781571296],[5.974388979622206,50.916880271455014],[5.974397499668098,50.91687932932176],[5.974406019713637,50.916878387187865],[5.974422551093712,50.91694841736742],[5.974496387777068,50.91693995255678],[5.974564559622338,50.916933314250336],[5.974632731447882,50.916926675903774],[5.974659713506381,50.91692384222958],[5.974708001389271,50.916919102580245],[5.974820195299363,50.916907746113594],[5.974982098890075,50.91689164255258],[5.974986364620962,50.916891620884414],[5.974990618925803,50.9168907003757],[5.975268833207278,50.916851533076745],[5.975306553045327,50.917022132073114],[5.975314005587595,50.917049061148475],[5.975330584134846,50.91712268655744],[5.975345637918399,50.91718822962851],[5.975356220182193,50.917237615254265],[5.975375894252277,50.91733100068868],[5.975392438698822,50.91740192956793],[5.975401427621878,50.91743783981285],[5.975402986759671,50.917448618668494],[5.975407515531133,50.917469270311535],[5.975426995414613,50.91754737545225],[5.975461849671497,50.91771619117388],[5.975498148998435,50.91788679733659],[5.975501175860598,50.917901164323034],[5.975508731587854,50.917936182948424],[5.975522318201926,50.91799813786466],[5.975536099282106,50.91807537306413],[5.975539103294448,50.918087942369006],[5.975561713502405,50.91818850403498],[5.975582821790381,50.91828278104475],[5.975608493434518,50.91840040620669],[5.975617597109712,50.91844530483771],[5.975632663176921,50.91851174671179],[5.975652361236241,50.91860692977995],[5.975676565514036,50.918720966796734],[5.975690141147373,50.918782022853016],[5.975706675163068,50.91885205284708],[5.975727829818861,50.91894992519157],[5.975749007447963,50.919049595212726],[5.975770162285341,50.91914746754948],[5.975789860903566,50.919242650594285],[5.975811061688447,50.919344118284684],[5.975832205351098,50.91944109176986],[5.975868644751033,50.919622483899985],[5.975879445580713,50.91968894744312],[5.975888893110246,50.919760811260915],[5.975890429553183,50.91976979242957],[5.975890486775509,50.91977428663089],[5.975915768092642,50.91997281458306],[5.972549256226519,50.92016517762272],[5.972521964531279,50.9200313798281],[5.972455163676595,50.919697327542046],[5.972433913200731,50.91959136502141],[5.972419920676044,50.91949705146963],[5.972419624876078,50.91947368161108],[5.972430796009318,50.919457444946914],[5.972449054325778,50.919439374641925],[5.972461795339423,50.91943481571223],[5.972452592130488,50.919381827261425],[5.972495217616364,50.91937891497883],[5.972536421109633,50.919376009873346],[5.972579046584749,50.91937309755986],[5.972623094041411,50.919370178036935],[5.972664297518683,50.91936727288597],[5.972706922977507,50.91936436052546],[5.972750970417585,50.91936144095386],[5.972793595865448,50.919358528561446],[5.972834799321392,50.919355623349794],[5.972878846744883,50.91935270372957],[5.972914362244992,50.91934982727747],[5.972954143699232,50.919346929220794],[5.972993936536469,50.9193449299911],[5.973066355323305,50.919336473284204],[5.973034808074766,50.91920359605229],[5.973007754706378,50.91908867402872],[5.972998676210874,50.91904557286948],[5.9729821803867,50.91897823900381],[5.972850312432083,50.91900857010603],[5.972812725229336,50.918847857539085],[5.972784045749218,50.918716763527144],[5.972752351761075,50.918572201289074],[5.972716073393463,50.918402493088806],[5.97271599371717,50.91839620120417],[5.97268142211536,50.91824895681461],[5.972657077517398,50.91812323423163],[5.972613337355094,50.917925697909496],[5.972601222118358,50.917867330814865],[5.972548575331016,50.91764017588702],[5.972099699026687,50.91767840158383],[5.972066699664943,50.91754283475051],[5.972065277734028,50.91754284193741],[5.972041127646294,50.91754476179378],[5.971882064592964,50.91756084687723],[5.971849418274455,50.91745314404448],[5.97182556504601,50.917366071436504],[5.971804771674606,50.917296062430694],[5.971788516864425,50.91724760404911],[5.971775026383747,50.9171928394132],[5.971767609968037,50.91716860662897],[5.971764584314075,50.917154239543144],[5.971754210441283,50.91712103271676],[5.971736397475443,50.91706179542167],[5.971721542009768,50.91701153216618],[5.971697746063334,50.9169289537356],[5.971696278703078,50.91692536555487],[5.971665146071281,50.91682484621361],[5.971642919921447,50.91675394551979],[5.971642874477685,50.916750350156676],[5.971580439425997,50.91653582882519],[5.971526888433095,50.91634912844305],[5.971575153323456,50.916342592419596],[5.971595037121276,50.9163406942048],[5.971822199234604,50.916312579787665],[5.971817797184819,50.91630181525023],[5.971802953242006,50.916252450846336],[5.971786676077738,50.916202194783196],[5.971714219754786,50.91598233076459],[5.971628467383334,50.91572298234069],[5.971627022787676,50.91572119184062],[5.971624042714789,50.915710420114294],[5.971601851249608,50.91564221593522],[5.971597437955795,50.91563055254855],[5.971578283416979,50.91557761429572],[5.971559162998987,50.91552737256199],[5.971550336457263,50.91550404578524],[5.971542852282021,50.91547441994205],[5.971526552960884,50.91542236616055],[5.97150573821173,50.91535055941962],[5.971459922829097,50.915213259350075],[5.971600459717213,50.915194571693235],[5.971679958837654,50.9151842822771],[5.971843199816626,50.91516188404775],[5.971901416426469,50.915155297601586],[5.971917034128011,50.915153420886575],[5.971944015321424,50.9151505878469],[5.972005052881952,50.91514218929661],[5.972063246706476,50.91513380508772],[5.972159773785207,50.91512073257791]]]]}},{"type":"Feature","properties":{"gezicht_uri":"https://linkeddata.cultureelerfgoed.nl/cho-kennis/id/gezicht/10134585","gezichtsnummer":"201","naam":"Asselt"},"geometry":{"type":"MultiPolygon","coordinates":[[[[6.006546710737043,51.225324130931995],[6.007104259542857,51.2247386726441],[6.008412651585191,51.22336266499299],[6.010143943201232,51.222248653091185],[6.010284499580955,51.22216340325019],[6.010200894343376,51.22212070419812],[6.00962539738873,51.22190625353193],[6.00934195717178,51.22179990297859],[6.009134745418249,51.22172011089059],[6.009013768589072,51.221665925246874],[6.008905661939004,51.22161077174568],[6.008787499597199,51.221552975219225],[6.008667869656086,51.22149248972272],[6.008600060598125,51.221453300672586],[6.008247380047101,51.22120169594378],[6.008086457101549,51.22105154056057],[6.007785865085164,51.220734935485225],[6.007499492981594,51.220411062571465],[6.007214580539552,51.22008897897642],[6.006874481342492,51.219707861577085],[6.006694099111663,51.219493986205286],[6.009000668012947,51.21816747989744],[6.009003506100479,51.21816566691686],[6.011057597797393,51.217543408925586],[6.011522301129396,51.21740338224286],[6.011846402157815,51.217344111419685],[6.011919248664875,51.217438104358656],[6.011978491820362,51.21747913530791],[6.012061943213546,51.21751104709639],[6.012766594808497,51.21764838409184],[6.013318404443218,51.21780811382048],[6.013514069976858,51.2178816683414],[6.013661221793543,51.217966270806485],[6.013849271789443,51.21811087887455],[6.014142921842286,51.21833671697748],[6.014218280603381,51.21840462685941],[6.014226990990322,51.21841356886814],[6.01425095326912,51.21838647261753],[6.01430308539206,51.21832596510434],[6.014318386378147,51.2182935221698],[6.014318374082541,51.21829262333653],[6.015294391988395,51.21828106115716],[6.015365793743509,51.218268989615666],[6.015447866956309,51.218304502033675],[6.016620890446304,51.21856782597398],[6.016627886243535,51.21855610239544],[6.016658201573737,51.21857481512768],[6.016678325413868,51.21858099844788],[6.016719893272085,51.218585267830534],[6.016737031200565,51.2185824783144],[6.016749850701296,51.218577914385236],[6.016764039727383,51.21856884853839],[6.01677244204614,51.2185553195336],[6.016849382826844,51.21842546121441],[6.016957069556485,51.2182415022836],[6.01701999333857,51.21813329338235],[6.017033959896033,51.21810804851144],[6.017043756235463,51.21809181523336],[6.017049246527401,51.218074706387846],[6.017054675069499,51.21805310337783],[6.017120438959149,51.218151625977235],[6.017323543778255,51.21845345434228],[6.018693421904149,51.2206411335778],[6.018664094904852,51.220694327985484],[6.01887631695782,51.22103295906051],[6.018888052418407,51.22105356998353],[6.019009528154369,51.22124707215321],[6.01912372433412,51.221431624774176],[6.019125143277988,51.2214307181606],[6.019183784680595,51.22132343027539],[6.019226210364191,51.221389718196896],[6.020288820393302,51.22308285658813],[6.020290276608105,51.22308464645714],[6.020496659608202,51.22341341853881],[6.020686989545118,51.22371980524736],[6.021426154221102,51.22489423261409],[6.021919441374072,51.22567807774931],[6.02236885403096,51.226393844169266],[6.022481508089708,51.22656851408968],[6.022693698448195,51.2269008462201],[6.023085834145215,51.22751085282561],[6.023170621129178,51.22763713391959],[6.023299090553886,51.22781621104473],[6.023310567769951,51.227817946044965],[6.02330786688113,51.22782964652305],[6.023305240841915,51.22784673999133],[6.023340346212572,51.22790048189861],[6.02342357830686,51.22801778232058],[6.023613110781804,51.22826394240869],[6.023761825186661,51.22845729060354],[6.024111643522485,51.228904824627165],[6.024264594364952,51.229093654481545],[6.024290899958784,51.22913216302854],[6.024314254978454,51.22916439543957],[6.02434053566291,51.229201106312075],[6.02434201722302,51.22920469379242],[6.024366741410721,51.22923242418934],[6.024390021553405,51.22925926359583],[6.02444381480715,51.229318296148755],[6.024752061268463,51.22965818814252],[6.024837813204438,51.229750304552134],[6.025174972854927,51.23010981266013],[6.025837479255334,51.230801923880776],[6.026078662772926,51.23105408858148],[6.026181612165209,51.23114700841038],[6.026197548163199,51.23116040432402],[6.026254046315879,51.23120773548523],[6.026293189416822,51.23124257742183],[6.026606348909836,51.23152221126631],[6.026638447177925,51.23156518193416],[6.026661616958583,51.231583931399385],[6.02666878775153,51.231584790858186],[6.026735245757043,51.23162757250562],[6.026716809895919,51.231640258519114],[6.027132877758063,51.23200921486362],[6.027166232793507,51.2320395938688],[6.027190859800752,51.23206013300893],[6.027109768686021,51.23219990888792],[6.027081134418872,51.23230254110323],[6.027077378193319,51.232443689096044],[6.026998435177637,51.232429741149794],[6.026956803624982,51.23242188014268],[6.026899985710124,51.23265950240934],[6.026826151463049,51.2328064293525],[6.026747957323598,51.233051360338486],[6.026645880466384,51.23302135920216],[6.02653400760955,51.2330075920468],[6.026469543735074,51.233005249817396],[6.026356502549198,51.23301036581675],[6.02617919800003,51.23302752061431],[6.026100555012493,51.23303514400791],[6.025926013434974,51.23304509203517],[6.02575585454487,51.23306130802911],[6.025604282549927,51.23307562391396],[6.025461275605284,51.23308809478092],[6.02537975647942,51.23309483457558],[6.025325389520964,51.23309782968819],[6.025250703452024,51.233081160488794],[6.025108014487324,51.233013627079515],[6.025081505776913,51.23296073742597],[6.025045291837164,51.23262205082414],[6.025002203738692,51.232612399309],[6.024930857274325,51.23262986978498],[6.024866756726489,51.2326535927751],[6.024798448601382,51.23268363110418],[6.024748589734614,51.23270188252487],[6.024684326440133,51.23271392060688],[6.024597118625314,51.23272338774667],[6.024296714447599,51.23274301229127],[6.02429243188337,51.23274393465869],[6.024290962707778,51.232741246009745],[6.02423637118218,51.232728061646895],[6.024158635333034,51.2326979249619],[6.024076567056335,51.23266511525833],[6.024008503464815,51.23260975629243],[6.023938908442629,51.2325472144754],[6.023880904410618,51.23249449704142],[6.023730236882681,51.232367678255486],[6.023670938967935,51.2323248557008],[6.023613110284971,51.23228472177329],[6.02356404647723,51.2322571244409],[6.02351215682897,51.23223223925372],[6.023362679859344,51.23229418245081],[6.023182005019889,51.23237786971466],[6.022519168191961,51.232693411935834],[6.02252086156947,51.23271227957765],[6.022522617256221,51.232735641377836],[6.022793536245016,51.233067652433505],[6.022971383288159,51.23329589948148],[6.023085139187375,51.23344539363348],[6.023211631548842,51.23358403120571],[6.023266822672714,51.23364035996238],[6.024290566956491,51.234463540354625],[6.02433517587311,51.23447947610385],[6.024375539590152,51.23449903070078],[6.024411670611032,51.234523102981136],[6.024439261210129,51.23455081765937],[6.024645932286724,51.234791488802486],[6.024799686468045,51.23493357080314],[6.024834473852615,51.234963942621604],[6.024870680531936,51.23499340774569],[6.024911157513131,51.23502105163679],[6.024953053791814,51.23504778882883],[6.024996344346158,51.23507182165782],[6.025043917714504,51.2350949320753],[6.025091466105214,51.2351162448107],[6.025140433787784,51.2351366508395],[6.025173539501753,51.23514905378677],[6.025185068683874,51.23515438392323],[6.025178009990099,51.235161613855134],[6.02516281123114,51.235201248848334],[6.025134513831518,51.23522567441165],[6.025087791148697,51.235263684556436],[6.025069491008875,51.23528625745431],[6.025035691651442,51.23532689337611],[6.025000773243073,51.23539000792367],[6.024913436426264,51.235596335061565],[6.024868958020115,51.235692761297706],[6.02484266731472,51.23575852517596],[6.024800664443657,51.23582707191227],[6.024232528659796,51.23574748733522],[6.024212708654106,51.235763776124294],[6.024160095096974,51.23579013246817],[6.024088568460898,51.235795018795656],[6.02399559005669,51.23580182037132],[6.02385364377162,51.23578821532345],[6.023657115078067,51.235762324306016],[6.023586695640551,51.23574383286984],[6.023572194374956,51.235833802217904],[6.023542214299148,51.235840258603126],[6.023503780812192,51.23585664914157],[6.023446871384305,51.23588302867088],[6.023360131489251,51.235926650488395],[6.023348752070754,51.235932106148766],[6.023214825365066,51.23598048052383],[6.023150619446095,51.235997011923104],[6.023104914473683,51.236005352003595],[6.02286311669572,51.2360192588111],[6.022821507520026,51.236013193991916],[6.022711284674182,51.236015594311475],[6.022605407042309,51.236021566378774],[6.022583980053676,51.23602527907399],[6.021011928821118,51.23645184771143],[6.021010509450935,51.23645275434837],[6.020976206272812,51.23656080928536],[6.020965271897221,51.23670199611747],[6.020947590758095,51.236769509959345],[6.020939459860377,51.2368028135612],[6.020899006323866,51.236880339411215],[6.020887688529987,51.23689028899044],[6.020819731944937,51.236946391115666],[6.020746035482667,51.23700162557725],[6.020653576034226,51.23704617542176],[6.020524062930202,51.23710351162277],[6.020505561031722,51.2371117024969],[6.020341783096646,51.23717641631956],[6.02019707791581,51.237274285356364],[6.020164580434814,51.23730592375579],[6.020052856293702,51.2374072086577],[6.020006921661879,51.23750274201055],[6.020198702861466,51.23811744421035],[6.020303563660492,51.23814114357281],[6.019838800027335,51.23860121310149],[6.019778462894536,51.23858715898932],[6.020032048607673,51.23932197771013],[6.020348292132779,51.24023803240102],[6.020370652925285,51.24030173249682],[6.020362048960329,51.24030088044939],[6.020304685061804,51.240294900506235],[6.020290340984374,51.240293180808095],[6.020190218098091,51.24030181600257],[6.020178824798466,51.24030637252268],[6.020177529475434,51.24031626746742],[6.020140423617881,51.24032545845108],[6.01971141702228,51.240369142305155],[6.019586889076617,51.24037341523745],[6.019495258199896,51.240374812452075],[6.019306268722956,51.24037763780232],[6.019128722236305,51.24037950175694],[6.018945485209851,51.2403840930561],[6.018815477272799,51.2404063729214],[6.018700011498648,51.24044475384951],[6.018604580161919,51.24048212697315],[6.018559092843701,51.240506644251035],[6.018531985249817,51.240513982631754],[6.018456365373104,51.24053416897675],[6.018342008966378,51.240549172143766],[6.018159080646758,51.24057623300643],[6.017870448842983,51.24062274383787],[6.017794680033886,51.240632143768075],[6.017584531911824,51.24065845244197],[6.017507130669565,51.2405492063418],[6.017509833775523,51.24053750599932],[6.017500945403858,51.24051598060063],[6.017298670199453,51.24038583762548],[6.017203260728675,51.2403207349714],[6.016971904016188,51.24015838862961],[6.016842980785415,51.24005121893592],[6.01678628376474,51.23998950190161],[6.016755583648809,51.23994382427078],[6.016746683396668,51.23992139998095],[6.016730166623939,51.239865757659125],[6.016728129540308,51.23982172262975],[6.016729129183659,51.23979025574714],[6.016738559713677,51.23974705752891],[6.016757877706979,51.239693917884665],[6.016822114870831,51.23957491537049],[6.016854159211229,51.23951002110646],[6.01688061175617,51.239455045006515],[6.016910890479734,51.239365890009836],[6.016921307900673,51.239290326059894],[6.016922134444614,51.23924627552352],[6.016919837772899,51.239183365019045],[6.016907233758558,51.23909983565553],[6.016882248226476,51.23894895590474],[6.016843634821282,51.23874421599577],[6.01682519240911,51.238652628146575],[6.016819007899523,51.23861940236586],[6.016811440934547,51.238589779667514],[6.016780901451183,51.238451514557894],[6.016747831886938,51.238337533417585],[6.016697518425194,51.23821915113215],[6.016675460135472,51.238177022291765],[6.016646069726216,51.23812234855181],[6.016561194751685,51.237989770918105],[6.016443103842027,51.237836698307],[6.016287255141254,51.2376451772092],[6.016112460766625,51.237429488108106],[6.01578623002429,51.23703034322401],[6.015688744442026,51.236917608923214],[6.015665847664058,51.23691863158743],[6.015418507124684,51.236633219434886],[6.015279106628552,51.236491946488506],[6.015155850998532,51.23637935095412],[6.014915167247842,51.23616131923023],[6.014651257149215,51.2359200409841],[6.014432374840909,51.2357252619962],[6.014329438900938,51.23563233175736],[6.014315231822691,51.23564049847938],[6.014313812344751,51.23564140503474],[6.014201978688586,51.235526050198736],[6.014100315571431,51.23542142720776],[6.013827270303332,51.23513974591541],[6.013433648365237,51.23473106984143],[6.013388588499466,51.23468187308763],[6.012946732869125,51.2342006443379],[6.012894392649596,51.23414249758866],[6.012640048458166,51.233866106303054],[6.012638579929216,51.23386341750593],[6.011893126093658,51.233062011773406],[6.01054943411708,51.23185571029841],[6.010217453119407,51.23155366196366],[6.010147524153438,51.23146504568832],[6.010001745007418,51.23127346235134],[6.009949240873415,51.231202730590915],[6.009885442555717,51.231143744985204],[6.009782242356248,51.23113530869168],[6.009795618473713,51.23106602184537],[6.00971205846691,51.23102781664726],[6.009207838089678,51.23079859951095],[6.00925404480158,51.230721945882735],[6.009549441168215,51.23022866726152],[6.009736344295702,51.22986451141995],[6.009902137022209,51.22952743530657],[6.010068298393239,51.229006981579964],[6.01010500840776,51.228863859953954],[6.0101156546416,51.228804475577554],[6.010144705621911,51.22862454011694],[6.010155021875094,51.228540887231524],[6.010180451914928,51.22830523942456],[6.010206178919608,51.22788082122627],[6.010176925050321,51.227835134145494],[6.010054611569472,51.227683875600974],[6.009914766406543,51.22750664276982],[6.009779412246811,51.22734376810637],[6.009670180366006,51.22720682149063],[6.009517271476874,51.227016174653826],[6.009370333915408,51.226843473641175],[6.00924576050587,51.2267362724055],[6.009109686899544,51.226625536965564],[6.008938904455283,51.22648891893509],[6.008814393972258,51.226386211401675],[6.008661047088317,51.226268376613845],[6.008538139903254,51.226178244802476],[6.008415367210475,51.226098000032245],[6.008118229026368,51.22593329119295],[6.007948048612386,51.22584071455539],[6.007789539726074,51.22576425554418],[6.007615236528579,51.22568428501723],[6.007468338609826,51.22561944928967],[6.007318638978581,51.225559122817735],[6.007046997841164,51.22547967064209],[6.00680990713149,51.22541441606711],[6.006622978926205,51.22535338822925],[6.006576929279889,51.22533565561546],[6.006546710737043,51.225324130931995]]]]}},{"type":"Feature","properties":{"gezicht_uri":"https://linkeddata.cultureelerfgoed.nl/cho-kennis/id/gezicht/10134623","gezichtsnummer":"1310","naam":"Heerlen - Molenberg"},"geometry":{"type":"MultiPolygon","coordinates":[[[[6.000127561828046,50.88697164094378],[6.000131729550056,50.886964427661425],[6.000130225233297,50.886958143335875],[6.000078153191325,50.88688920399527],[5.999372757316158,50.88652618855011],[5.999261160672264,50.88646924957217],[5.998633031921939,50.88614537233926],[5.998194198130105,50.885950832343894],[5.998119869462161,50.88591796568506],[5.998016955756701,50.88587266534837],[5.9967992831655,50.88534604217904],[5.996680658873799,50.88529453117025],[5.996293314181782,50.88512398297336],[5.996218952704726,50.88508841857836],[5.996146035922584,50.88505464432843],[5.996138883977738,50.8850510863854],[5.99610027058989,50.885032412787595],[5.996004465454872,50.88498707325236],[5.995902953165945,50.884939965875844],[5.995832902335279,50.884907974145854],[5.995762827963472,50.88487418469913],[5.995665590747732,50.88482795352162],[5.995652731557351,50.88482262777472],[5.995578382871035,50.88478796180371],[5.995558348213635,50.88477728039384],[5.995535483541526,50.88476751276471],[5.995459690487174,50.88473105651649],[5.995389628466785,50.884698165680085],[5.995332425654298,50.88467060058518],[5.995269527438671,50.88464216650597],[5.995208026598678,50.88461192724869],[5.99515081219376,50.88458346322653],[5.995090779645078,50.88455681178647],[5.995083627858131,50.884553253777966],[5.995027216310778,50.88458591062106],[5.994972201991612,50.88461676229587],[5.994912936654363,50.88464853517958],[5.99464481481083,50.88479107082644],[5.99459823114907,50.884814686850696],[5.99459258285408,50.88481741321036],[5.994509267477003,50.88485740227423],[5.994489480713704,50.88486559626086],[5.994404708859259,50.88490289619873],[5.994550015045771,50.885038765943456],[5.994609016269645,50.88509508675456],[5.99468236852597,50.885162118952096],[5.994731293746355,50.88520860473222],[5.994804658160429,50.885276535688966],[5.994829120880315,50.88529977855564],[5.994912609186253,50.8853811397469],[5.994945774698024,50.88541782035076],[5.994999222970794,50.885484058036006],[5.995023862970317,50.88552078341896],[5.995045649316599,50.88555662489464],[5.995077724679791,50.88561848036896],[5.995092418187411,50.88565525801256],[5.995102754424187,50.885684867361796],[5.995114676915549,50.88572705296205],[5.995125202092427,50.88577104370405],[5.995131440821043,50.88581325917668],[5.995136353065293,50.8858626728151],[5.995134932112348,50.885862680283765],[5.994769947787716,50.885879879390465],[5.994481659327579,50.88589397798436],[5.994339634670339,50.8859001169864],[5.993247462125733,50.88594719425162],[5.993190720407599,50.8856292812729],[5.993161930525797,50.885384032658116],[5.993217073239036,50.885254302279044],[5.993221253655042,50.88524798808179],[5.993226866774027,50.88524256527659],[5.993235321759992,50.8852371275805],[5.993246630382134,50.885232573830365],[5.993044587123538,50.88521295764784],[5.992888119755925,50.885201192544756],[5.992869762879652,50.88510151087786],[5.992821545352468,50.88510895455537],[5.992722291909764,50.88512565440318],[5.992699604054526,50.885129368775026],[5.992590404003241,50.88514612058056],[5.99249398050519,50.88516190652049],[5.992457118557078,50.8851683917186],[5.992284093866278,50.88519446620195],[5.992186834401684,50.88492890086847],[5.992169125348647,50.88487865515342],[5.992155855333134,50.88484186970292],[5.992126896464882,50.88480067181269],[5.992074791777331,50.88472813349944],[5.992071902950879,50.88472455301124],[5.992006822252513,50.88463770014451],[5.99195038472709,50.884559791039976],[5.991888205029153,50.88447741743487],[5.991828902597347,50.88439772545293],[5.991771044758896,50.88431982368834],[5.991714631499767,50.88424371214318],[5.991651008268432,50.884159548161165],[5.991648107771566,50.884155068824704],[5.991588806167756,50.88407537671891],[5.991525148188389,50.883988516154375],[5.991461502183519,50.88390255439218],[5.991452847737878,50.883892711718744],[5.991390540754332,50.88380045063052],[5.991313637982048,50.88367860208359],[5.990974904099947,50.88363722372962],[5.989527652431228,50.8834748779166],[5.989446452358552,50.88389598539847],[5.989354573536189,50.88437018344797],[5.98994633680802,50.88474553747785],[5.98917386003165,50.88456978077977],[5.98903417794268,50.88453724844066],[5.988910242945518,50.8845136229997],[5.988810545367714,50.88449616364836],[5.988790940212921,50.88440907244376],[5.988770124519348,50.884338167710176],[5.988749764510439,50.884302317654665],[5.988726597768925,50.884269178889376],[5.988696408309456,50.88424236893321],[5.988626386858923,50.88421217050646],[5.988547828404514,50.88418111752558],[5.988540688855418,50.88417845794977],[5.988292050948624,50.88407188256253],[5.988223462589957,50.88404257534463],[5.988151927484774,50.88400519330901],[5.988141911178779,50.88399985195988],[5.988037380541284,50.88393837102257],[5.988005887482292,50.883920556647645],[5.987882640518468,50.88438772522675],[5.987734667688798,50.88437321235561],[5.986919194040695,50.88427766587746],[5.986436773693161,50.88422353571053],[5.986404046342146,50.88422010967341],[5.986300134161637,50.88420626559351],[5.986189574600626,50.88400818163868],[5.986162404819731,50.88388517324137],[5.986114784419337,50.88371912360858],[5.986132848871542,50.88368756861429],[5.986077926650546,50.88350627550471],[5.986076494137593,50.883505384023685],[5.986068971035186,50.88347306262991],[5.986037434594737,50.88334198673017],[5.986031111463086,50.88329258004874],[5.98603061139635,50.88325393000025],[5.986033232185482,50.8832368373584],[5.986038403980525,50.883197259044486],[5.986047768603891,50.883152265629654],[5.986055886787296,50.88312076214615],[5.986061314410133,50.88310095827462],[5.98607639735779,50.88305863194411],[5.986090187346317,50.88302620019072],[5.986102719279483,50.88300635952986],[5.985688430421172,50.883055246801916],[5.985634757238524,50.882860463552184],[5.985366659242351,50.88278634296455],[5.985111338216418,50.88271125680789],[5.985038619020468,50.882691856955255],[5.984634984769479,50.88257528807234],[5.984235638287472,50.88246049345138],[5.984010297783951,50.88239603689081],[5.984000317072458,50.88239339169773],[5.983958961800425,50.88238191940948],[5.983911899980289,50.882368678752066],[5.98400975993541,50.882244125837964],[5.984668760907131,50.881339128252485],[5.984730186089499,50.88125431446335],[5.984753910574374,50.88122093264632],[5.984911827603349,50.88101606668107],[5.984719148497253,50.880949644925586],[5.984667813904402,50.88093552775704],[5.984455337039818,50.88087639902557],[5.983755193609786,50.88057348823188],[5.98418237836547,50.88031419903104],[5.984228214475825,50.880342727170415],[5.98432983237894,50.88039973204499],[5.984474166992281,50.88024347731731],[5.985032618493019,50.8804671143152],[5.985056888010417,50.88047597784313],[5.985281032095144,50.88055841649044],[5.985613715157487,50.88068344028127],[5.985696496130894,50.88060211106373],[5.985716154790364,50.8805840313606],[5.985770845055978,50.88052801661488],[5.985801672370504,50.880494597818156],[5.985927050698951,50.8805209157669],[5.986049564328139,50.88054545061663],[5.986059533128082,50.88054719679498],[5.986092304375672,50.880554218286726],[5.986172066455381,50.88056908649818],[5.986291715487426,50.8805918381312],[5.986421333464959,50.880616335787394],[5.986625019134252,50.88065483181046],[5.986758911492736,50.88068020583429],[5.986754800460271,50.880691912827395],[5.986746706456752,50.88072521403319],[5.986727513826618,50.88077924743882],[5.986971297327442,50.88084180525028],[5.987052562523218,50.88086295735243],[5.987157969773719,50.880883085263974],[5.987524421478744,50.880981860346964],[5.987632799072103,50.88101186029422],[5.987935474920207,50.880904218478925],[5.987943451441194,50.880861928810795],[5.987966555096721,50.88078090792352],[5.987985652948176,50.880719683610494],[5.988011901391315,50.8806620177421],[5.98804382127395,50.880603423504745],[5.988059181634456,50.88058266903477],[5.988108034201242,50.88051499782054],[5.988155559195496,50.88045452467275],[5.988190518724835,50.88041119587633],[5.98843789104449,50.88053126146174],[5.988529405503634,50.88057573060956],[5.988646669610546,50.88063354925967],[5.988718164851087,50.8806682344808],[5.988943084890162,50.88048189131324],[5.989041535047051,50.88040407374737],[5.989073874201354,50.88037783739231],[5.989121678316042,50.88033893595911],[5.989138540711274,50.880324465817424],[5.989206013567088,50.880268382901974],[5.989259442127488,50.880224957640635],[5.989280520014255,50.880206869938256],[5.989291781033376,50.88019872122517],[5.989401479287918,50.88011185580346],[5.989561810365167,50.879985175028594],[5.989577228326482,50.87996891454783],[5.989707979666161,50.87986216340249],[5.989712206876598,50.87985944468391],[5.989630719970836,50.87982121653155],[5.989639115901054,50.87981128491091],[5.989453164667516,50.879716071230774],[5.989397368922241,50.879686698114234],[5.989318712414965,50.879647556107656],[5.98913708322142,50.87955681391595],[5.98894114199761,50.87945805582094],[5.988745921511804,50.87930535972899],[5.988454838630749,50.87921069124173],[5.988360275328843,50.8791500577189],[5.988355978064027,50.879147383360355],[5.988275890933471,50.879107349189404],[5.988164349150844,50.87905219714148],[5.988045657246418,50.8789934865402],[5.987968423800516,50.878954336231075],[5.98795412305306,50.87894721932931],[5.987894055296048,50.87891696878744],[5.98777964962308,50.87886003345005],[5.98765950298181,50.87879863331512],[5.987593717687592,50.87876571560854],[5.987526500094116,50.87873190640127],[5.987382061794931,50.878659845290855],[5.987421434411392,50.87862817950511],[5.987109024244046,50.878531820547046],[5.987110386729482,50.87852731898677],[5.987177428382113,50.87843798024736],[5.987230425652008,50.87836129891588],[5.987336431319592,50.8782088350194],[5.987502769375945,50.87799762946499],[5.987512539521159,50.877984095272126],[5.987634019625012,50.87781986509053],[5.988089453874513,50.877989189262024],[5.988173684355322,50.87802021303671],[5.988249355648347,50.87804858453873],[5.988323594646269,50.87807606453775],[5.988414975719453,50.87811064656466],[5.988530614213169,50.87815319248091],[5.988613412890431,50.87818332448381],[5.988726210307564,50.878225884980324],[5.988837575528255,50.87826755391967],[5.98889039924503,50.87828705487546],[5.988956067930546,50.87831098346536],[5.989075992965537,50.87835530433335],[5.989198783058801,50.87840140796157],[5.989317276141414,50.8784448371363],[5.989388674951865,50.87847233124367],[5.989497667239304,50.87833153547352],[5.989571725723837,50.87823586649508],[5.989796276482197,50.878349755716286],[5.9897920845167,50.878355170950826],[5.989973125047005,50.87840097023138],[5.990047271982648,50.87842125842012],[5.990128557736642,50.878444206040484],[5.990132843330651,50.87844598149535],[5.990215538188237,50.87846802280989],[5.99031678456214,50.878496259611744],[5.990450813243468,50.878532415420466],[5.990456531300801,50.878535082290206],[5.990886562045038,50.87871621370565],[5.990996591717124,50.87876417984118],[5.991043733960266,50.8787837094813],[5.991062332517707,50.87879350025827],[5.991102324225371,50.878809471615426],[5.991122671894378,50.87884442241601],[5.99113575171736,50.87886682658327],[5.991073776682727,50.879017266306334],[5.991011578476305,50.87915062808304],[5.991061396524514,50.87926632592046],[5.991136188565846,50.8794448162429],[5.991166950963238,50.879515668603936],[5.991200754363725,50.87960178635559],[5.990976825058664,50.87964520387203],[5.990938593415854,50.87965529134633],[5.990977528515922,50.87969913412864],[5.991052533951345,50.87978503681498],[5.991062432418453,50.87978138953654],[5.991217905945588,50.879827320386724],[5.991521491898085,50.87989944415318],[5.991719800735414,50.879961330675386],[5.991873796033001,50.88000277388108],[5.991960780308079,50.880026589332736],[5.99194261556124,50.880050055688166],[5.992138108151052,50.880222520789644],[5.99225024493649,50.880322610867566],[5.992610312758927,50.8802587025502],[5.992624886776573,50.88039525889831],[5.992653976288893,50.880663877402775],[5.992954267074494,50.88059219085236],[5.993430193287566,50.880478233655666],[5.993770122317232,50.88039555040857],[5.993872089007978,50.88036984640288],[5.99413264122559,50.880301960823324],[5.994227503599396,50.88027629378528],[5.994461260420771,50.880223829384015],[5.994835461378881,50.88015444652264],[5.994980746581628,50.88018154898126],[5.995110863763856,50.88024378805284],[5.995116653129417,50.88025184771391],[5.995121021715997,50.880259914842995],[5.995058076883013,50.88066025579795],[5.995247562057837,50.881023313889656],[5.995259223689686,50.88104572505719],[5.995406752466115,50.8813514739355],[5.995181917353487,50.88143445590315],[5.995116866705759,50.88145816922435],[5.994503132904908,50.881682522738274],[5.994490575700791,50.88180843454971],[5.994486879285404,50.88185160111605],[5.994467524437136,50.882000919994816],[5.994331766998658,50.88194230538745],[5.994190738245702,50.8821318144359],[5.994135290179018,50.88212940872968],[5.994044279120856,50.88223236079279],[5.993940439844395,50.882223916595805],[5.993879308314051,50.8822215405822],[5.993757186621069,50.88222757450544],[5.993703288861651,50.88223504835093],[5.993628160888632,50.88224892578424],[5.993542054701229,50.88229252439224],[5.99349836176917,50.88231972042051],[5.993340792726933,50.882440099898666],[5.993395644329308,50.88250543204617],[5.993698244847338,50.883259819740694],[5.993711527407553,50.88329750384905],[5.993736577483645,50.88336568881413],[5.993770105787001,50.88343023371405],[5.99381940523913,50.88350548267654],[5.993864265477788,50.883567271417284],[5.993921949146632,50.883631689570116],[5.993972516758994,50.883695246128426],[5.994099086995464,50.88381143892847],[5.994388488771165,50.88399149761197],[5.994441486458232,50.884023579741935],[5.994523126268299,50.884072590536825],[5.994574703242372,50.88410468006661],[5.994603333555405,50.88412070989873],[5.994637682879101,50.88413940638561],[5.994680616623301,50.88416255227049],[5.994732123014547,50.88418924870659],[5.994770746947221,50.88420882159995],[5.994830354038086,50.8842031150684],[5.994943070176129,50.88412971201401],[5.995154902308813,50.884137587722954],[5.995189027523604,50.884139206140155],[5.995280012362088,50.88414232342064],[5.995379546236153,50.884147193474476],[5.995457164174589,50.884106334841114],[5.995536202873652,50.88406546868241],[5.995620865939342,50.88402007838658],[5.995692847140509,50.88398284484222],[5.995785987987402,50.883933814224974],[5.995859377993471,50.88389567426392],[5.996032965372244,50.88380487070128],[5.996167027420593,50.88373405077488],[5.996265803494536,50.88368139450024],[5.996277099609454,50.88367594161821],[5.996353318740549,50.88363688754316],[5.996423877873029,50.88359966102979],[5.996442219206102,50.88358967652475],[5.996457742430056,50.883581504660356],[5.996533949419669,50.88354155162995],[5.996549484445036,50.883534278590254],[5.996604520096281,50.88350522384389],[5.996675066989736,50.883467098341185],[5.996751261765656,50.88342624633146],[5.9968458330865,50.88337810621382],[5.996955915417829,50.883320895251416],[5.996829576152481,50.883222682325695],[5.997068045318132,50.88309557921499],[5.99735304619914,50.88294126315967],[5.997515295745212,50.88285321386162],[5.997529646576624,50.882863924924656],[5.997645969168865,50.8829567965596],[5.99774201874464,50.88291314239751],[5.997812658662779,50.882882206898735],[5.997887584785237,50.8828530465236],[5.997965340670334,50.88282297225686],[5.997990773795147,50.88281205115419],[5.998057186407562,50.88278383452761],[5.998140589900357,50.882751033615584],[5.998216924593477,50.8827209666858],[5.998243790324674,50.88271093685801],[5.99848693100722,50.88261526759871],[5.998522262373191,50.88260069846483],[5.998568924912186,50.882583372725314],[5.998694739445074,50.882534167027345],[5.998814917825739,50.88248858659444],[5.998830464016555,50.88248221208641],[5.998935072210027,50.88244120836392],[5.999060885966403,50.882392002269206],[5.999188120299046,50.882342788519914],[5.999258794036416,50.88231454865126],[5.999329479574772,50.882287207576155],[5.999458122284132,50.88223708717445],[5.999585343875406,50.88218697415333],[5.99970833836189,50.88213958007632],[5.999827070087543,50.882092208447474],[5.999948643239413,50.882044821642],[6.000070216142086,50.88199743470927],[6.000140900715819,50.88197009314023],[6.000210164374392,50.88194275905892],[6.000338805170751,50.88189263768148],[6.000371317556813,50.88187988072256],[6.000614526277138,50.8820044369874],[6.000626202666117,50.88202774644595],[6.000965038067436,50.882184155133764],[6.001000797431778,50.88220194335227],[6.001105162477027,50.88224993000707],[6.001219533254142,50.88230235794668],[6.001333916216303,50.88235568460913],[6.001455439455607,50.88241166993648],[6.00157554214119,50.88246766268334],[6.00164273959693,50.88249876719472],[6.001709937142884,50.88252987166698],[6.00183004044238,50.88258586414872],[6.001951552946448,50.88264095011698],[6.002070235971514,50.88269694990078],[6.002191760995457,50.88275293445207],[6.002258959278548,50.88278403860435],[6.002326157651856,50.88281514271746],[6.002446262435413,50.88287113455732],[6.002567788370499,50.88292711871228],[6.002647858582104,50.88296444645162],[6.002685028105003,50.88298132775081],[6.002919101849851,50.883059185044026],[6.005541627079189,50.88418589800785],[6.005351318288651,50.88430017666837],[6.005262497595598,50.884352787534844],[6.005227263044876,50.88437454941256],[6.005204696592191,50.88438725459204],[6.005132782442536,50.88442898822165],[6.005072151431176,50.88446436923158],[6.005015747058754,50.884497030932664],[6.004943844565237,50.8845396632813],[6.004829602469041,50.88460409528362],[6.004757699637748,50.884646727517236],[6.004730906160511,50.88466215187267],[6.004695647139775,50.88468211591774],[6.00465475239354,50.88470570563784],[6.004660508004894,50.88471106831073],[6.004584354091222,50.88475462202988],[6.004578610473291,50.88475015818907],[6.004541942391767,50.88477102860804],[6.004501047488631,50.88479461827411],[6.004426290232651,50.884836366634374],[6.004391030947794,50.8848563305871],[6.004317694414259,50.88489807129524],[6.004297957315495,50.88490986230008],[6.004303700926302,50.884914326154856],[6.004250125325301,50.88494607348641],[6.004242960792972,50.88494161720947],[6.004204871485022,50.88496249510269],[6.00416820306673,50.88498336540385],[6.004155522587765,50.88499152314274],[6.004131546596827,50.88500513452941],[6.004053970775424,50.885048695480485],[6.004014484325802,50.88507137856145],[6.003977803756882,50.88509134996664],[6.003984968286994,50.88509580625998],[6.003891869749768,50.88514753997623],[6.003886126149557,50.885143076100974],[6.003857923141242,50.88515940666749],[6.003794412412358,50.885192105655115],[6.003719605982686,50.88523025821726],[6.003674435484651,50.88525297147897],[6.003605288649318,50.88528929600131],[6.003575137805378,50.885266085287185],[6.00346792153389,50.8852181160153],[6.003390284894339,50.88525718234303],[6.003356409875346,50.88527444190378],[6.003288815309174,50.88532064586439],[6.003205733875403,50.885377719065175],[6.003138139008117,50.88542392293839],[6.003100108612393,50.88544929465001],[6.003033934475202,50.88549549089625],[6.002973384175864,50.885537162664804],[6.002925502668259,50.88556977796233],[6.002893119935675,50.88559242284057],[6.002841011352223,50.8856277573035],[6.002805810560074,50.88565221495627],[6.002753713797647,50.88568844821629],[6.002718512913251,50.8857129058427],[6.002666404060967,50.88574824022754],[6.002631203084998,50.88577269782757],[6.002580503096855,50.88580712577708],[6.002542495982604,50.88583429497903],[6.002488977857664,50.88587053568029],[6.002455173748953,50.885893187995755],[6.00240306449282,50.88592852226281],[6.002367863240703,50.88595297978326],[6.002318595761187,50.88598829889747],[6.002043957434648,50.886174033592965],[6.001976372185607,50.886221135628325],[6.001908786799067,50.88626823762448],[6.00184261030297,50.88631443319407],[6.001794715258536,50.88634614919058],[6.001727117569489,50.88639235224508],[6.001682064302893,50.88642405309591],[6.001615887357916,50.886470248536725],[6.00156800392919,50.886502863276334],[6.001501826757786,50.88654905865236],[6.001406059509192,50.88661428801816],[6.001339893944796,50.886661382138556],[6.001301873474369,50.886687652099454],[6.001234274794976,50.886733854867956],[6.001254311606519,50.88674453529173],[6.001219097201811,50.88676809362875],[6.001184707498889,50.8867467025936],[6.001156538333128,50.88676572901445],[6.000976548376798,50.88690960932219],[6.000950815703136,50.88689806017467],[6.000870763875463,50.886862528939616],[6.000825042162274,50.88684389461942],[6.000664986668745,50.88677642726493],[6.000523761712068,50.88673582682988],[6.000127561828046,50.88697164094378]]]]}},{"type":"Feature","properties":{"gezicht_uri":"https://linkeddata.cultureelerfgoed.nl/cho-kennis/id/gezicht/10134627","gezichtsnummer":"1592","naam":"Budel-Dorplein"},"geometry":{"type":"MultiPolygon","coordinates":[[[[5.57974801112291,51.22911852990037],[5.580210331922569,51.2290943919945],[5.580342012284544,51.22908698215099],[5.580885920546799,51.229059110394395],[5.580907387495035,51.22905727685071],[5.580928858243331,51.22905634217538],[5.581472765781621,51.229028467674325],[5.582015237197186,51.22899969415776],[5.582036707895652,51.22899875927789],[5.582058178593237,51.22899782439408],[5.582602080908916,51.22896904573942],[5.582806758477621,51.22895791480597],[5.587392697563002,51.228718193341514],[5.587315169868537,51.22866798967627],[5.587260630747575,51.22863662283531],[5.587544088185508,51.228635235559025],[5.58845383028823,51.228458382032116],[5.589954256074723,51.22815285136144],[5.58954893056693,51.22778861310699],[5.590431902278838,51.226746170288536],[5.591730194619824,51.225751529804306],[5.592173668102093,51.22568333238979],[5.594321316243676,51.22607413177221],[5.594356712056367,51.22535406654962],[5.594414389063049,51.2241800276243],[5.60053731085841,51.225499287934646],[5.600419134430749,51.22563703336969],[5.601675173216679,51.226066183759336],[5.60426473245931,51.226946771177545],[5.605139422100281,51.227246258479084],[5.605686104417348,51.22660702755103],[5.60990936754111,51.22751676578198],[5.610188820038272,51.227576454772866],[5.61118196541779,51.22779027576515],[5.611207589079989,51.22776056335149],[5.611530747422217,51.227389601611996],[5.61183114966696,51.227050143736754],[5.612274317887469,51.22721468001628],[5.611704893991011,51.227870165784935],[5.61168785577495,51.22789896284339],[5.615931417421921,51.22881203894857],[5.617847597119092,51.229224432725786],[5.616654249734381,51.23049781077059],[5.615504981925724,51.23172344923077],[5.614934018286991,51.23235917838512],[5.614771760381903,51.23255275530722],[5.614404278882276,51.23293819471362],[5.613994069615931,51.23337045806396],[5.611649472406532,51.236719739594484],[5.610920010108898,51.237762947029346],[5.610204613412435,51.237584546126726],[5.609631154544062,51.23744182442557],[5.609272626881685,51.23732835241426],[5.609493475198354,51.23710231154635],[5.609604603568739,51.23698704240807],[5.609613129384182,51.23697354290523],[5.609611632024714,51.236960062584025],[5.609603005816184,51.23695288805914],[5.6095915202132,51.236946617884456],[5.60954997384442,51.23694220298351],[5.60943968848492,51.236936121777376],[5.609348039400998,51.236934499240846],[5.609253535278567,51.23693467984541],[5.609157577493282,51.23693036875389],[5.609035819755524,51.23692071355839],[5.609005750270648,51.23692077095105],[5.608782233437912,51.2368915343167],[5.60851294021561,51.23687137322518],[5.608358240884114,51.236859982288635],[5.608308099102913,51.23685468442177],[5.60736416722933,51.236789060531954],[5.607351280343095,51.23678908494451],[5.60728992132557,51.236833246235925],[5.607279090452507,51.23666517636157],[5.607365338710939,51.236139168741],[5.607477085751713,51.235556483333085],[5.607513297429269,51.23534517810015],[5.607619170664356,51.23473284065995],[5.607621545465388,51.23463126281365],[5.607134462845064,51.23457645513904],[5.606743161551132,51.234490003750615],[5.606271955989433,51.23446122996547],[5.602841300321483,51.23415213996735],[5.602727154386006,51.234236846350115],[5.602587299043546,51.234335083458596],[5.602364639221632,51.2344847098437],[5.602307510570985,51.23451537748978],[5.602164722360567,51.23459923745178],[5.602056191670385,51.23466056193093],[5.602056200103818,51.234662359673315],[5.60183626157825,51.234782317003294],[5.599820184483926,51.23692715267643],[5.599516681484473,51.23724860731028],[5.599522417383957,51.237250394588685],[5.599495348954635,51.23728010704151],[5.599481005033566,51.23727473997036],[5.599344222105692,51.23742150699447],[5.59934278604524,51.23742061073706],[5.599228791971922,51.23754126853545],[5.598970707019589,51.23777724536764],[5.598638645383643,51.23811852505736],[5.59872900986504,51.23815161913211],[5.598971436544129,51.23824466102505],[5.599050333652559,51.23827507910975],[5.5990218282309,51.238303895190896],[5.598924918671917,51.23840384733121],[5.599033936412436,51.23844499709464],[5.598838684394082,51.23864490392171],[5.598808555612551,51.238632374481334],[5.598780053969825,51.23866208937434],[5.598617954782559,51.23859946285834],[5.598646464792181,51.23857154574747],[5.598624944304217,51.238562596112345],[5.59860642047363,51.238582405143624],[5.598570555768752,51.23856808831804],[5.598560577876187,51.238577994131816],[5.598381267099867,51.23850910643619],[5.598296629882519,51.2384760016881],[5.598118491505691,51.238661494154584],[5.596827342253278,51.24001484499914],[5.596024028664906,51.2397079758026],[5.595755767526263,51.23960238983041],[5.595570483264704,51.23979418334347],[5.595339652010191,51.240047181889416],[5.595117389723089,51.24029567024892],[5.594922161667741,51.24050635695903],[5.594838077569778,51.24059549620212],[5.594819510526078,51.24060631591668],[5.59479804280434,51.240609050901895],[5.594763674887103,51.24060911228749],[5.594253538628918,51.24053361757938],[5.59420908991846,51.24052111245977],[5.594121616439748,51.24049430187716],[5.593929429080722,51.24042812688286],[5.592985542993527,51.24006575621367],[5.592582406820825,51.23989927793049],[5.592295548931549,51.23979641348582],[5.591763363997751,51.239590609381835],[5.591738968399217,51.23957896689894],[5.59142190291159,51.23944469271391],[5.590941392305541,51.23926486151729],[5.59050818768274,51.23909573213289],[5.59005065514779,51.23892934024068],[5.589875683423664,51.238867622901246],[5.589753809273714,51.23883188024314],[5.589845258796228,51.24008206089075],[5.589553194364628,51.24009605297726],[5.589540302564641,51.24009517654519],[5.589090739823218,51.2401139359742],[5.588641172757122,51.240131794794046],[5.588268928455273,51.240148619242724],[5.588035542880394,51.24015531495087],[5.587793557462902,51.240160227277904],[5.587494320187073,51.24017152993805],[5.587459940792057,51.240168892550166],[5.587448465271127,51.24016441793178],[5.587449861876266,51.24015632561895],[5.587385414784901,51.24015463889358],[5.587386870345729,51.24016002965719],[5.587386905712658,51.240168119502606],[5.587374053227578,51.2401762315475],[5.587332537490075,51.240178999684694],[5.586963152365791,51.24019491615087],[5.58628878159613,51.24021764647172],[5.58495008134881,51.240267572686854],[5.584330131754351,51.24029199678891],[5.584277155958168,51.24029388439567],[5.58426429128165,51.24029929948169],[5.584257139080109,51.240301109366385],[5.584010856513925,51.240306021108296],[5.583995004205773,51.240282677115346],[5.583912975478547,51.240188433762206],[5.58384394686471,51.24012023582812],[5.583753380881745,51.24003859110594],[5.583637008787458,51.239949798909976],[5.583588175083206,51.23991572406577],[5.583539353014063,51.23988434581665],[5.583487678623754,51.239855669000015],[5.583457545532744,51.23984133783807],[5.583408792960968,51.239826139228114],[5.583285539363379,51.23980207754432],[5.583243946748743,51.23978686678403],[5.583236775345684,51.239784182246474],[5.583199467134384,51.23976626760764],[5.583164999812383,51.23974295489603],[5.583147750778676,51.23972770304871],[5.583129073633184,51.23971335248501],[5.583095999901015,51.239681048619474],[5.583074397334577,51.23965232092398],[5.58305561259268,51.23961280193475],[5.583043964641859,51.23956787764502],[5.583039530351648,51.23953552549545],[5.583039418866427,51.23950945820971],[5.583049300360788,51.239476183056134],[5.583101725352037,51.23934575732417],[5.580531885377115,51.23811769879235],[5.580325283307015,51.23802186234225],[5.580214809759057,51.237970809818925],[5.580259165021972,51.23796264623274],[5.579944943820707,51.23781305514774],[5.579770004360116,51.23741424317688],[5.579749787710568,51.23737382714971],[5.579869961124492,51.2373484593682],[5.579758930306993,51.23716437333514],[5.579740935063946,51.236971144297655],[5.579414514567864,51.23698337010796],[5.579218376562953,51.23699088540212],[5.579212385195901,51.236927973815064],[5.57872561651959,51.23694585580571],[5.578731607220883,51.23700876741817],[5.578292085976125,51.23702567083053],[5.578276335232882,51.23702569673078],[5.57795564149693,51.23703790902892],[5.577982701283911,51.23700280834959],[5.577927426602707,51.23645188664752],[5.577925994734859,51.236451888997685],[5.577882602890985,51.23600341989803],[5.577766149156836,51.234857540975554],[5.577688524067026,51.23409541934894],[5.577603413863725,51.23325420861639],[5.57750941754662,51.23234110207874],[5.577525162945314,51.23234017741082],[5.577412038945166,51.23130215798923],[5.577410566174753,51.23129227273658],[5.57741052511138,51.231282385140226],[5.577410487781059,51.231273396416235],[5.577410446717726,51.23126350881984],[5.577410405654412,51.23125362122349],[5.577410364591122,51.231243733627075],[5.577410323527848,51.23123384603071],[5.577410278731573,51.23122305956189],[5.577411669372585,51.231213169621746],[5.577413060013,51.231203279681615],[5.577413015216121,51.23119249321282],[5.577414405855622,51.231182603272686],[5.577415792761402,51.231171814460076],[5.577418615102323,51.23116192217605],[5.577420002006494,51.23115113336342],[5.577422828078497,51.23114213995168],[5.577425654149395,51.23113314653989],[5.577428480219185,51.231124153128064],[5.577431306287869,51.23111515971612],[5.577434132355445,51.231106166304095],[5.577436958421917,51.23109717289203],[5.577441216187615,51.231088177135824],[5.57744404225159,51.23107918372357],[5.577448300014232,51.23107018796708],[5.577452561509039,51.23106209108282],[5.577456815534508,51.23105219645361],[5.577461069558146,51.231042301824246],[5.577466759012648,51.231033303722725],[5.57747101676658,51.23102430796539],[5.5774767024826,51.23101441099099],[5.577482391930578,51.231005412888706],[5.577488081376323,51.230996414786105],[5.577493767085205,51.230986517810855],[5.577499456526377,51.2309775197077],[5.577500884488479,51.23097661849049],[5.57874822734213,51.229000631556694],[5.578897192625283,51.22901836345343],[5.578898609213002,51.229014765601825],[5.57892583662465,51.229021012827346],[5.578954484390381,51.22902456106663],[5.578968808274906,51.22902633518361],[5.57974801112291,51.22911852990037]]]]}}]}