{"type":"FeatureCollection","name":"beschermde_gezichten","features":[{"type":"Feature","properties":{"gezicht_uri":"https://linkeddata.cultureelerfgoed.nl/cho-kennis/id/gezicht/10134173","gezichtsnummer":"1439","naam":"Kamerik"},"geometry":{"type":"MultiPolygon","coordinates":[[[[4.893541014074513,52.11037958083476],[4.894183323536706,52.1103804705669],[4.894182550320862,52.11045057481796],[4.894611469672896,52.11047483777299],[4.894788119515285,52.1104737779745],[4.894789042117274,52.111052617921814],[4.895992245376426,52.11129132790782],[4.89585532757699,52.111528943078426],[4.895828814284716,52.11155040412403],[4.895769572972057,52.11162745521467],[4.895655291210052,52.111797753462355],[4.895562648566229,52.11199151097376],[4.8948691390784,52.11186547996798],[4.89484075397074,52.11205680875307],[4.894836436404211,52.11271382344513],[4.894912327535853,52.11271593792984],[4.894805357470379,52.113149618215125],[4.894346152143322,52.113089276931724],[4.893527252733507,52.1130795597058],[4.893554171093476,52.11222849591312],[4.89362119979344,52.111711059809764],[4.893613390453502,52.1110962384909],[4.893531643194444,52.111095896271344],[4.893536744013406,52.11036967600414],[4.893541014074513,52.11037958083476]]]]}},{"type":"Feature","properties":{"gezicht_uri":"https://linkeddata.cultureelerfgoed.nl/cho-kennis/id/gezicht/10134175","gezichtsnummer":"1600","naam":"Vreeswijk"},"geometry":{"type":"MultiPolygon","coordinates":[[[[5.096143005766469,52.003438013215835],[5.096284050569309,52.00347161810683],[5.09645273607745,52.003509785182395],[5.096291731994623,52.00385902824137],[5.096448389387856,52.004180293689885],[5.096412853342488,52.00494420230857],[5.09639519073338,52.00497292090228],[5.096270696025371,52.00508137048877],[5.09625297496262,52.00511907710835],[5.095472963255458,52.005250172388706],[5.095444608014342,52.00513145799657],[5.09500156761104,52.00517799680345],[5.094938665494575,52.0049971780209],[5.094867251890054,52.00500509011446],[5.094744057622686,52.00469019744117],[5.094625812307383,52.00406342659685],[5.094416050277124,52.004070994561786],[5.09418165414617,52.00405962564346],[5.093607039735371,52.00396202057374],[5.093568375560195,52.00363924797131],[5.0941877024548,52.003579671114494],[5.094091669433394,52.00334394138396],[5.094023007160337,52.00315411951749],[5.095061841528056,52.00307940313867],[5.095159342203258,52.003090430847266],[5.095284301704237,52.00313388405781],[5.095420783092242,52.003197139716605],[5.095756250690813,52.00334178167625],[5.095858004212679,52.0033707957199],[5.096143005766469,52.003438013215835]]]]}},{"type":"Feature","properties":{"gezicht_uri":"https://linkeddata.cultureelerfgoed.nl/cho-kennis/id/gezicht/10134284","gezichtsnummer":"1409","naam":"Culemborg"},"geometry":{"type":"MultiPolygon","coordinates":[[[[5.226393277283381,51.95047689777551],[5.227699667939333,51.95124986524663],[5.229351432559562,51.952272255584774],[5.230508010310534,51.952652205179305],[5.231466838028405,51.95301300662304],[5.230926807119504,51.95353091137791],[5.230310899566852,51.954111630074735],[5.230215850815625,51.95425261843939],[5.230263275485792,51.95441896378665],[5.2303777211221,51.95455573728863],[5.230367083229365,51.95468605232995],[5.230000809546231,51.95501093736501],[5.229681252506747,51.955287347381145],[5.229161916429293,51.955698311777915],[5.228775243189703,51.956027659685354],[5.228538850622412,51.95623137388908],[5.228494982039093,51.95629513111291],[5.22850062019158,51.95634637156785],[5.228532447538998,51.9563967485044],[5.228765855514048,51.956627161313406],[5.229007877560546,51.956890841636735],[5.229199196111455,51.95709423233811],[5.22935733367953,51.9572184819098],[5.229514134023582,51.95730947306634],[5.230103940687403,51.95755204474261],[5.230735834067054,51.95782612815594],[5.234892124138966,51.96002020956956],[5.235089700921266,51.96010585305688],[5.234398914287482,51.96044740941055],[5.233907790897779,51.96068675622555],[5.233499728304904,51.960886661321744],[5.234597495594344,51.96152265725441],[5.235223321100229,51.9618946799674],[5.236177327347106,51.96246126612539],[5.235386036655919,51.96282696738805],[5.234586039717692,51.963181866181394],[5.233729106654807,51.963588816935065],[5.232878058428914,51.96397239980506],[5.23222371703894,51.96427174644919],[5.231802559394072,51.96445994368145],[5.231594389083125,51.96448843098956],[5.231368870250827,51.964484537414876],[5.231209489930619,51.96429018102541],[5.231115487315226,51.964124673380475],[5.231050560869206,51.963966394792834],[5.230962679676169,51.96371460831991],[5.23092370692282,51.96362467449066],[5.230561969749044,51.96346330478074],[5.229772905511017,51.96317552833617],[5.229583073371803,51.962955063157594],[5.229280008742727,51.96307599785719],[5.228946349514343,51.9632076765051],[5.228740988584116,51.963265823636874],[5.228615804570609,51.96328093502926],[5.228497962161582,51.96327718094248],[5.227764482063417,51.963321130918814],[5.22701625499519,51.9634198843451],[5.226413557702997,51.9635098436565],[5.225689649327232,51.96372277213911],[5.225210372314725,51.9638821037735],[5.224140576483661,51.96437947254328],[5.221598864053906,51.96549585552803],[5.220946140528207,51.9649385653281],[5.220516665043864,51.96460898950017],[5.220170132761282,51.964279529797494],[5.219149894093171,51.96356980667125],[5.216799797143805,51.962099551762385],[5.214449898911848,51.96099596897469],[5.213447418075263,51.96062777421265],[5.215718840233948,51.958265406076286],[5.217712519996936,51.95619381231762],[5.219675182058622,51.95419854010278],[5.221566345757905,51.952215717665936],[5.222914241811742,51.95316586458265],[5.223550230565479,51.9526858805214],[5.224740568454675,51.951764438737975],[5.225376563135649,51.951271861233046],[5.225941084814102,51.950830415260384],[5.226393277283381,51.95047689777551]]]]}},{"type":"Feature","properties":{"gezicht_uri":"https://linkeddata.cultureelerfgoed.nl/cho-kennis/id/gezicht/10134294","gezichtsnummer":"1420","naam":"Zuilen"},"geometry":{"type":"MultiPolygon","coordinates":[[[[5.077061278315305,52.12778930632652],[5.074918786515676,52.128852330602136],[5.074382769475665,52.128441955325066],[5.074018246055074,52.12815157372049],[5.073893296553464,52.12826808628771],[5.071837638481819,52.127566935564296],[5.070986959520706,52.12870434030593],[5.069601376491474,52.12824582397433],[5.069490795175871,52.12839382867544],[5.069420854161452,52.12857699605996],[5.069402377288983,52.12871086789744],[5.069372923301417,52.128950768876926],[5.069387657847416,52.12913775953387],[5.06932385732804,52.12927869965836],[5.069283979100721,52.12934150838484],[5.069143706207592,52.12955684291985],[5.069356649929662,52.12959606534642],[5.069300788683549,52.13005789935782],[5.069032545373199,52.12999066482947],[5.068557103618922,52.12989770375356],[5.068581252115214,52.129788115058076],[5.068576391062248,52.129650585127195],[5.06858402075245,52.12939983979256],[5.068590714692559,52.12928031711443],[5.068613453645865,52.129163534173394],[5.068554455794296,52.129040238858614],[5.068561681719209,52.12884611698342],[5.068620494784907,52.12858562301869],[5.068898712836186,52.12807136000782],[5.069035856755038,52.127884778971136],[5.069116981958456,52.12777174857647],[5.069429233588189,52.12739868809037],[5.069507468205583,52.127281155620224],[5.069538825111402,52.12718416934212],[5.069673034573177,52.126587725466656],[5.069699107044706,52.126206703136404],[5.06974063557719,52.12591110867265],[5.069829198671766,52.125572498178634],[5.06985913169799,52.12547011514133],[5.069914335777025,52.125304883842794],[5.070067568710639,52.12470130009219],[5.070215472967948,52.124024898694756],[5.072896097850456,52.125118724680036],[5.075025589072316,52.12631619203889],[5.076295838088784,52.12697926790596],[5.076146272535967,52.12706695630075],[5.077061278315305,52.12778930632652]]]]}},{"type":"Feature","properties":{"gezicht_uri":"https://linkeddata.cultureelerfgoed.nl/cho-kennis/id/gezicht/10134295","gezichtsnummer":"1422","naam":"Wijk bij Duurstede"},"geometry":{"type":"MultiPolygon","coordinates":[[[[5.344261258714305,51.96475864871924],[5.344411010545176,51.964883639008924],[5.344930027517172,51.96535121212315],[5.345358933357261,51.96571808323906],[5.34611505849146,51.96628730143994],[5.346808653533018,51.966833124055626],[5.34711835517394,51.96710197654015],[5.348227971416983,51.96785106431516],[5.349401803324463,51.968420398292416],[5.349602545859282,51.96850585016928],[5.350511782231815,51.968810835710514],[5.351084984665216,51.96898628203332],[5.352272069941376,51.96943874485188],[5.352548487102275,51.96953230340115],[5.351747169534615,51.97074367345806],[5.350863124028574,51.97162424719077],[5.350407310701977,51.97200610402466],[5.349517539330643,51.97271139610743],[5.349630949455556,51.97283636800114],[5.349757328877729,51.97311683948783],[5.349959361232286,51.973428793344745],[5.348444297500687,51.97349841381222],[5.348028050812961,51.97352164577465],[5.34769910351037,51.97356827477279],[5.34743416988658,51.97363829370043],[5.345931757613255,51.9741833609765],[5.345704671074194,51.97423810931327],[5.345489284319177,51.9742308428806],[5.344505682917209,51.97399589973258],[5.343963090817947,51.9737305508559],[5.343426398125614,51.9733914985402],[5.343250485249847,51.973204478944396],[5.343086445346226,51.972783770705405],[5.342922570250983,51.97219857847186],[5.34284729419219,51.971793183013936],[5.342696530299752,51.97120080475653],[5.342558419381406,51.97106053688448],[5.34238244948339,51.970943623767155],[5.340564652005959,51.97112178448544],[5.340602561317407,51.971051691595534],[5.340481762822769,51.971063328485556],[5.339585340156025,51.97104769031815],[5.339295793681936,51.97100083456734],[5.338652595823129,51.97097720243674],[5.338640574702648,51.96997950857589],[5.340584736405302,51.96999557243672],[5.34086121216769,51.970011860049425],[5.340942721318934,51.96999571328264],[5.341011149081416,51.969964281419635],[5.341163998875411,51.96991400727793],[5.341108740975793,51.969874437680495],[5.341028870734273,51.96971172023945],[5.341015808840843,51.969677560009764],[5.341028976724138,51.96960835610353],[5.341122226099435,51.9694951413573],[5.34133054044587,51.96927950594581],[5.341521290178683,51.96916273345313],[5.341682907813808,51.96907291398898],[5.341649510194666,51.96900189440329],[5.341562226062518,51.96897489611609],[5.341319220300299,51.968964016076626],[5.341361838941721,51.968553272331214],[5.3415830312271,51.96854796511199],[5.341664526552768,51.96854260366597],[5.341788248247333,51.96851119266398],[5.34185667043841,51.9684824567583],[5.342056092373265,51.968419615862906],[5.342033254959566,51.96797559048326],[5.342024714263225,51.96778593637289],[5.342029142827593,51.96772302072574],[5.342051004313586,51.967688873961265],[5.342148567596088,51.96762060098173],[5.342179139145209,51.96760713035853],[5.342111329537048,51.96702556843481],[5.341923588101873,51.965608058443244],[5.343665097703665,51.96433328870641],[5.344261258714305,51.96475864871924]]]]}},{"type":"Feature","properties":{"gezicht_uri":"https://linkeddata.cultureelerfgoed.nl/cho-kennis/id/gezicht/10134296","gezichtsnummer":"1423","naam":"Westbroek"},"geometry":{"type":"MultiPolygon","coordinates":[[[[5.125968411265462,52.15038490964574],[5.127509227108048,52.15175358322503],[5.127189873134764,52.15189489009465],[5.127649513929048,52.15225362307306],[5.125887364175636,52.15299933167657],[5.124249014051107,52.151570200505454],[5.124754412982857,52.15134842365663],[5.124088921204649,52.15071868251366],[5.124606000021096,52.1504969323201],[5.124562325812089,52.150469871212906],[5.125146767490227,52.150221304604365],[5.125528894457679,52.150587064247105],[5.125968411265462,52.15038490964574]]]]}},{"type":"Feature","properties":{"gezicht_uri":"https://linkeddata.cultureelerfgoed.nl/cho-kennis/id/gezicht/10134297","gezichtsnummer":"1424","naam":"Werkhoven"},"geometry":{"type":"MultiPolygon","coordinates":[[[[5.244124576209018,52.02363029401717],[5.244224002042078,52.023519860694876],[5.245031961441678,52.023726666308775],[5.245127253529921,52.023540726955964],[5.24576065653887,52.02366013215013],[5.245999309824541,52.02375209724425],[5.246147609406854,52.023851144248084],[5.246346697617708,52.024015865112204],[5.246417886233126,52.02408066469684],[5.246414929959531,52.024094143357544],[5.246329897378554,52.024262119741714],[5.246140591425926,52.024229536048345],[5.246015967097705,52.024477459145494],[5.245938823092071,52.02445309875849],[5.245819488855688,52.02440891383365],[5.24558778925595,52.02488230996888],[5.244466741140102,52.02461580780607],[5.244601407575966,52.024420029640716],[5.243789043730283,52.02422040624517],[5.244006269598283,52.023721829243165],[5.244124576209018,52.02363029401717]]]]}},{"type":"Feature","properties":{"gezicht_uri":"https://linkeddata.cultureelerfgoed.nl/cho-kennis/id/gezicht/10134298","gezichtsnummer":"1425","naam":"Vreeland"},"geometry":{"type":"MultiPolygon","coordinates":[[[[5.032721675752703,52.2280510003447],[5.034022041497741,52.22815555895988],[5.035193933209546,52.22821927505967],[5.035444036871572,52.2282424896493],[5.03604784423858,52.22832967067599],[5.036341596174326,52.22838626825564],[5.036687841887761,52.22846818692318],[5.036968246136747,52.22854721305187],[5.037244246325579,52.22862802304393],[5.038225302933049,52.22895179225132],[5.040162590464397,52.229597435580125],[5.040613776167432,52.2297389708828],[5.039880959403003,52.230237443969024],[5.039405784988388,52.23054343173459],[5.039492870950626,52.23063806078696],[5.039252867896481,52.230818909438156],[5.038772827819374,52.23118420032329],[5.038287164239253,52.23151891385402],[5.038104808159296,52.23162712855836],[5.037794527072823,52.23180866536605],[5.037360906790728,52.23203837078532],[5.036954159801438,52.23220074518425],[5.036669334031084,52.2323086538833],[5.03632319844256,52.232394808940015],[5.035936316859926,52.23245028307205],[5.035536402264535,52.232487741392234],[5.03524064215503,52.23249674744056],[5.034955398401251,52.232471630159324],[5.034671867684703,52.232415059722],[5.034347409142566,52.23235117608273],[5.034068527758804,52.23226226170961],[5.033876194778078,52.232150237023184],[5.033731810178177,52.23208329486896],[5.033594273930218,52.23207569304186],[5.03343450299151,52.23210307721833],[5.033150255089518,52.232137278560494],[5.033042072580175,52.23211987737528],[5.032404904105152,52.23198854034868],[5.032296786694466,52.23196304958154],[5.032161130288752,52.23190332201994],[5.031831634284675,52.23173785325018],[5.032151927457857,52.231588718516626],[5.032288721427626,52.23150554219304],[5.032392049375255,52.23139709915127],[5.032467981002146,52.23123644405418],[5.032543364236773,52.23096074236328],[5.032575006864994,52.23066333841898],[5.032596560541061,52.230346130828664],[5.03260967945946,52.23016910889254],[5.032614016132574,52.22999206059354],[5.032141079564222,52.23001131245667],[5.032112655971466,52.2297209183681],[5.032146377936849,52.22971382940166],[5.03214146875102,52.22959517456922],[5.032221970974116,52.22959541645957],[5.032234797543326,52.229455243989165],[5.032609583478007,52.2294455839106],[5.032626609401336,52.2291454396403],[5.032677583101267,52.22844184112724],[5.032721675752703,52.2280510003447]]]]}},{"type":"Feature","properties":{"gezicht_uri":"https://linkeddata.cultureelerfgoed.nl/cho-kennis/id/gezicht/10134299","gezichtsnummer":"1426","naam":"Soest"},"geometry":{"type":"MultiPolygon","coordinates":[[[[5.312350663303564,52.174313581704574],[5.311372973922084,52.174129605607824],[5.311532995711474,52.173729746480966],[5.311575909858502,52.17342238767056],[5.311547284291308,52.17306105565983],[5.311512467914409,52.17290284627961],[5.31139764118564,52.17251449527861],[5.311486826217943,52.17250646330535],[5.311669305251996,52.17265398163429],[5.311777350224439,52.17273134657341],[5.311853263992764,52.172791613925604],[5.312949802381456,52.172694339405155],[5.312914533225679,52.172805767258694],[5.313648599028278,52.172669609991864],[5.313897810031775,52.17313443933707],[5.313176852313221,52.173295772480294],[5.313876260598684,52.173795036805274],[5.31353525008524,52.17403480184433],[5.313383310080059,52.173977184526294],[5.313204605968354,52.174191883684756],[5.312454963573612,52.174010755398946],[5.312350663303564,52.174313581704574]]]]}},{"type":"Feature","properties":{"gezicht_uri":"https://linkeddata.cultureelerfgoed.nl/cho-kennis/id/gezicht/10134300","gezichtsnummer":"1427","naam":"Rijsenburg"},"geometry":{"type":"MultiPolygon","coordinates":[[[[5.27445837113055,52.05503798426812],[5.274633679259727,52.0548988364522],[5.274804567293659,52.05477766032445],[5.274994462051375,52.05463493063421],[5.275304675848519,52.054769147768944],[5.275536353088831,52.054825992252816],[5.275727294640485,52.05484774426856],[5.275832159726824,52.05489188493262],[5.276035976109599,52.05501341630644],[5.276481422962902,52.05470554410969],[5.276571753064898,52.05473169430747],[5.277366829904278,52.05513150818297],[5.277346332155225,52.05516654260903],[5.277373692615337,52.0553058833408],[5.277465143583516,52.05547045033364],[5.27758427533926,52.05564403105948],[5.277619192758107,52.055674622977506],[5.276970823404428,52.056086571688965],[5.27683693124041,52.05598667879813],[5.276590118343887,52.056151828264625],[5.276674535116287,52.05621212753234],[5.276519727138011,52.05631624408622],[5.276659482734058,52.0564035595168],[5.276511975323527,52.05650318886009],[5.275801534060997,52.05606839576588],[5.275632155511786,52.05616800335407],[5.275413819794723,52.05602039211401],[5.275441598324191,52.055989858966775],[5.275061674412479,52.055742326154665],[5.275273487391276,52.055581640709875],[5.275027422256008,52.055446585732646],[5.27510483780441,52.05539003442545],[5.27445837113055,52.05503798426812]]]]}},{"type":"Feature","properties":{"gezicht_uri":"https://linkeddata.cultureelerfgoed.nl/cho-kennis/id/gezicht/10134301","gezichtsnummer":"1428","naam":"Renswoude"},"geometry":{"type":"MultiPolygon","coordinates":[[[[5.550247298669215,52.07028900242993],[5.553762346452043,52.06913989882075],[5.555073596885519,52.07072083479889],[5.555860169369657,52.070450966944776],[5.558277687060448,52.07065869727744],[5.558206784941061,52.07080620465548],[5.558582145103813,52.071323371430466],[5.55853020022589,52.07146995257452],[5.558706877485217,52.07152092723842],[5.558501042281088,52.07185378552164],[5.558604990893181,52.07195609815398],[5.558620358756699,52.07216010490414],[5.55827976901783,52.07234575465425],[5.558021714216413,52.07275598531408],[5.557908825400327,52.072986243598734],[5.557422564198836,52.07322333400415],[5.55700784012093,52.073479194136524],[5.556159636799882,52.074049359318735],[5.555992969157535,52.07394713452708],[5.555894907157351,52.0738582932829],[5.555769006843018,52.07373623599182],[5.555675392670716,52.07366626312817],[5.555498734077795,52.07362157554865],[5.555167492656645,52.0735842988671],[5.555043489125104,52.07357818412572],[5.554960180978514,52.07353336257694],[5.554824219016936,52.07344996729306],[5.554006242587102,52.07352842678555],[5.554017143797866,52.073713565460665],[5.552948849652399,52.073945169210766],[5.550042453188055,52.07451187913037],[5.547300599180947,52.072169756312285],[5.544519752177582,52.07317028278896],[5.544591583181579,52.07327265066586],[5.544042440741075,52.07348460326429],[5.543272434690023,52.072686588128654],[5.542246962830768,52.07307802556445],[5.54173763321758,52.072573566339805],[5.541253066872543,52.07205648917993],[5.540960597415146,52.071411528640404],[5.540877196140167,52.071334340222094],[5.541154611481168,52.07057358726971],[5.541318675561212,52.069934320977325],[5.541380065730809,52.069550450082296],[5.541576649984274,52.069461210486345],[5.541637619293784,52.06937844026296],[5.541654850467008,52.06930022145596],[5.541609210050393,52.069176246009995],[5.541537026211186,52.06896781751559],[5.541379993622706,52.06868400039114],[5.541379637057541,52.0685806380648],[5.541384987052934,52.068440417176014],[5.541469079049086,52.06829649785473],[5.541579474676066,52.06816782368327],[5.541740957425223,52.068051665622704],[5.542045210318425,52.06789127801529],[5.542402047589787,52.067755088064736],[5.542785271431272,52.06765840965524],[5.543296901119903,52.06758133349245],[5.543680401591279,52.067564645629936],[5.544193771179949,52.06756845589432],[5.544472915382211,52.06773616008233],[5.544928090674053,52.06777959242088],[5.547087179321635,52.067960934188406],[5.547362946547606,52.06799651147561],[5.547570198128518,52.0680402707717],[5.547746965592802,52.068123618807526],[5.549141723752141,52.06906994917885],[5.549621414954051,52.069433304931515],[5.550247298669215,52.07028900242993]]]]}},{"type":"Feature","properties":{"gezicht_uri":"https://linkeddata.cultureelerfgoed.nl/cho-kennis/id/gezicht/10134302","gezichtsnummer":"1429","naam":"Oudewater"},"geometry":{"type":"MultiPolygon","coordinates":[[[[4.867442822601041,52.02356528827742],[4.86714431114201,52.023173879000254],[4.866731238511886,52.0228619582842],[4.866493128013853,52.02266496107826],[4.866453118526931,52.02259737204871],[4.866443714102981,52.022529019535106],[4.866451792250927,52.02246074433892],[4.866465562111695,52.02240417907618],[4.866498239982932,52.02235039391129],[4.866596518839083,52.02229330348777],[4.866713538438224,52.02225337355552],[4.86702948509927,52.022146011545836],[4.867384744755062,52.02204061990693],[4.868041438594812,52.02182240549029],[4.868110983210512,52.02173013282267],[4.868117383199975,52.02168072550068],[4.86811082766402,52.02161777864499],[4.868088382143185,52.021543076971476],[4.868077591470122,52.02146842667724],[4.868078393120391,52.02139922045788],[4.868134658869339,52.02132127047555],[4.868726447535757,52.02117107704023],[4.869133247974832,52.02114320628814],[4.869268899945107,52.021129421813605],[4.869365217275567,52.02111546419979],[4.869524354944361,52.02108650264192],[4.869667238899378,52.02107724364425],[4.869779300992954,52.02108762324839],[4.869898533195027,52.02110792135372],[4.869962353873277,52.02113247007734],[4.870062331389478,52.02105381236382],[4.870126089861725,52.02108375369294],[4.870874473595904,52.02049201373321],[4.870969774490663,52.02056613548931],[4.871467806686872,52.02083886514601],[4.87169318239743,52.020624133405796],[4.87212706542564,52.020140665166714],[4.872946127517187,52.02049568698283],[4.873386176213127,52.020743886885384],[4.873934261828796,52.02097278190212],[4.874085268092793,52.021017482610596],[4.874253373616687,52.020841146012486],[4.87435949937418,52.020733748968865],[4.874431675567784,52.02066485357836],[4.874552368661895,52.020557519798885],[4.874688582511269,52.020494296011265],[4.87512792630131,52.02042250366026],[4.875367018295584,52.020408263155026],[4.875637985624318,52.02040944072621],[4.875932087685127,52.02042599820009],[4.876050705887681,52.02050021706314],[4.876281387798357,52.01994574278343],[4.876337811617879,52.01985250952734],[4.876895876960813,52.019845042404086],[4.877070579894701,52.01985568654185],[4.877269772342322,52.01989070482814],[4.877357129045375,52.01989557726043],[4.877588647395979,52.019906466630005],[4.877789624180774,52.01991272927462],[4.878162625704424,52.019908949474804],[4.877725875920159,52.020394225025235],[4.877444210113052,52.020693214334976],[4.8772511879682,52.02088382878492],[4.877567488995074,52.020998450492776],[4.877782426034257,52.02105870320208],[4.877933385377671,52.021107892894904],[4.878013000818681,52.02115317858336],[4.878131797954698,52.021212116033205],[4.878186259560963,52.02129144828988],[4.878201172167851,52.02138948493813],[4.878176576367853,52.02150263085905],[4.878111637781436,52.02157605395304],[4.878047035948804,52.021619817165174],[4.877598714450971,52.02183988807758],[4.875998237148197,52.02267335408915],[4.875894182872657,52.02272683193719],[4.87520545064555,52.023073483060905],[4.875101230164572,52.02314134072478],[4.874995377825576,52.023224471262424],[4.874915348729752,52.0233427683189],[4.874905374317866,52.023450584198464],[4.874912769827655,52.02356836274635],[4.874923130587359,52.02368166005571],[4.874922627141382,52.02372570040055],[4.874857782750654,52.023790133838254],[4.874793174545444,52.0238338952416],[4.874666031461369,52.0238674973326],[4.874594415909368,52.02388695979089],[4.874481389335652,52.02396017153391],[4.874360686876358,52.024067505173406],[4.873271655085968,52.025140450966354],[4.872985734040586,52.025424130942305],[4.872936973050811,52.025483240591214],[4.872901366014686,52.02553881236258],[4.872925572465285,52.02584182281551],[4.872613828266502,52.025835966778594],[4.872271549346332,52.02582458343231],[4.872088144364178,52.025808501219544],[4.871936896600234,52.02578357116478],[4.871666579356459,52.025723065426256],[4.871604270244313,52.02569313132172],[4.871314409074588,52.025938140437574],[4.871273499449864,52.02594784830389],[4.871241445605324,52.025947707860304],[4.870042284771721,52.025568535334905],[4.86972865645645,52.025473679470885],[4.869506704620663,52.0253891129491],[4.869252980740977,52.02528013791898],[4.869077944721284,52.02517060976649],[4.868984146128259,52.02509199902459],[4.868889015652371,52.02500259641425],[4.868787328612146,52.02485024693695],[4.868644266030824,52.02487388535159],[4.868483719799979,52.02489744657642],[4.867956612302421,52.024993994446774],[4.867870965391226,52.02484081607],[4.867831306070269,52.02474266895132],[4.867769573891632,52.02466329983004],[4.867755381089968,52.02450504357024],[4.867763447187876,52.024437667083724],[4.86782904231061,52.02430942407839],[4.867974092586135,52.024114119349115],[4.867664286942583,52.02406781146859],[4.867801885848525,52.02388685531028],[4.868186151473047,52.023416665150215],[4.86812290111224,52.02334268246922],[4.868027983452428,52.023361139387575],[4.867442822601041,52.02356528827742]]]]}},{"type":"Feature","properties":{"gezicht_uri":"https://linkeddata.cultureelerfgoed.nl/cho-kennis/id/gezicht/10134303","gezichtsnummer":"1430","naam":"Nigtevecht"},"geometry":{"type":"MultiPolygon","coordinates":[[[[5.02599688230562,52.27272542963919],[5.026536094937493,52.272539230373695],[5.026699134917991,52.272488497061325],[5.027959293229013,52.272106755405055],[5.02865914803141,52.27198305039495],[5.029425712711633,52.27194402860351],[5.03008004355349,52.272015213021554],[5.030600899052211,52.27228821714685],[5.030912936722904,52.27247520563486],[5.030963646311529,52.27254636216814],[5.031655398466201,52.27343644035353],[5.032020870503935,52.273905803809484],[5.032251123784501,52.27424533574816],[5.031329853284967,52.274570621556784],[5.030811065570742,52.27495014212349],[5.030320194573861,52.27458825030859],[5.030219394398395,52.274551095987505],[5.030118644885542,52.27450765026489],[5.030022384828571,52.27445253386313],[5.03031760145855,52.27436354720019],[5.029848285435685,52.27369074011005],[5.030059270425586,52.273508026222466],[5.029789674139509,52.27332655651715],[5.029415076402493,52.273084550134286],[5.029049653380024,52.27334139402132],[5.028854341272672,52.27321497282913],[5.028382728492108,52.27337622193915],[5.028309385646375,52.27338678471049],[5.028194236050287,52.273312735048826],[5.027957909893582,52.273366842892905],[5.027595343265808,52.27345022616077],[5.027462969370324,52.27333208310612],[5.027041499086788,52.27345213548063],[5.02675239889759,52.27369033033929],[5.026594675084402,52.273626934696814],[5.026383864635337,52.27342496450318],[5.026152683952558,52.27302519978176],[5.02599688230562,52.27272542963919]]]]}},{"type":"Feature","properties":{"gezicht_uri":"https://linkeddata.cultureelerfgoed.nl/cho-kennis/id/gezicht/10134304","gezichtsnummer":"1431","naam":"Nieuwer-Ter-Aa"},"geometry":{"type":"MultiPolygon","coordinates":[[[[4.979227307890103,52.19117163418308],[4.979548996662794,52.191497210989326],[4.979755889035331,52.191742397882955],[4.979884099519994,52.191955855106784],[4.980113383718346,52.19215168475924],[4.98040132356198,52.19233063891377],[4.980184553449272,52.19236584375812],[4.980076258520526,52.19237355957691],[4.979931229998104,52.19240002333256],[4.979279914449023,52.1924552979906],[4.978360997405902,52.19266603343726],[4.978210657616812,52.192474069048814],[4.978139525174317,52.19241629963564],[4.977852567355813,52.19213128530816],[4.977501802993037,52.19178762707019],[4.977467068058578,52.19174795946965],[4.977314777155088,52.19160991494674],[4.976903919315053,52.19159949998737],[4.976928394012614,52.1913236543159],[4.976950868595606,52.19110622349411],[4.977522627810464,52.19111270270829],[4.977582668989929,52.1911039230475],[4.977638240391753,52.19110411582327],[4.977731834332923,52.19110444043914],[4.977999454517106,52.19110536822803],[4.978446868215423,52.19111590594299],[4.978736704456039,52.19108634986627],[4.97880686437429,52.19125017362716],[4.979227307890103,52.19117163418308]]]]}},{"type":"Feature","properties":{"gezicht_uri":"https://linkeddata.cultureelerfgoed.nl/cho-kennis/id/gezicht/10134305","gezichtsnummer":"1432","naam":"Nederlangbroek"},"geometry":{"type":"MultiPolygon","coordinates":[[[[5.327662360187218,52.01066928717529],[5.328605208935128,52.01143015537987],[5.328057159562068,52.01171840114535],[5.327236686598482,52.01203257183237],[5.325982299448411,52.011157382194746],[5.327662360187218,52.01066928717529]]]]}},{"type":"Feature","properties":{"gezicht_uri":"https://linkeddata.cultureelerfgoed.nl/cho-kennis/id/gezicht/10134306","gezichtsnummer":"1433","naam":"Maarssen"},"geometry":{"type":"MultiPolygon","coordinates":[[[[5.035225657255179,52.14544213228113],[5.0352038372235,52.14561553589572],[5.035212306910102,52.145838463945815],[5.035226825851363,52.1460353447879],[5.035249216284743,52.14616034498203],[5.035348654531854,52.146334110219826],[5.035568085828106,52.14666911845949],[5.035786356489027,52.14696637315252],[5.03600637375442,52.14722768056761],[5.036305490666915,52.147649209419065],[5.036444093765679,52.147859940980204],[5.036602467759161,52.14815791482199],[5.036681461542124,52.14833161811201],[5.036578802838846,52.14856679900436],[5.036478387618387,52.148702219553144],[5.036191930985225,52.14927120764574],[5.035999071194572,52.1494566856094],[5.035572154006138,52.149863469865466],[5.035513029112566,52.14976442556869],[5.034728440671836,52.149762084634446],[5.034806940578634,52.1499978049305],[5.035005732182938,52.15035791876623],[5.035164502195747,52.15060556275123],[5.035382293654873,52.15096573258283],[5.035155127459194,52.15179464813658],[5.035010661936774,52.15214115410524],[5.035143377321122,52.1521730081354],[5.035201681112313,52.152191158072455],[5.036049920724516,52.1519087654147],[5.036588111212508,52.152591656441786],[5.036867976709695,52.152864824136365],[5.037706045996768,52.153882054643034],[5.03736169366157,52.15400506875807],[5.037018412928311,52.1541775190596],[5.036451472458556,52.15454703986226],[5.036268529804622,52.15476939842564],[5.035235723112814,52.15565793237176],[5.034829778899241,52.15599107459836],[5.034506831454392,52.15617616149401],[5.034182619044579,52.15633607732209],[5.031737602596415,52.15746841662299],[5.030524453147933,52.15804627996792],[5.030105493570537,52.157624374673446],[5.029646323700503,52.1571151624214],[5.028988959030937,52.156357278052226],[5.028868466831161,52.15625804423591],[5.028630338467805,52.15588611645167],[5.027952580397534,52.15494301121766],[5.027375041348279,52.15425996087334],[5.027957165349891,52.1543731856596],[5.028360357791564,52.15438699556009],[5.028702583818725,52.15435028606296],[5.029086112356166,52.15426516569015],[5.029589558815346,52.15416782431695],[5.030053752015512,52.15404519559458],[5.030476928701205,52.15393502427691],[5.03075914015542,52.15391071059968],[5.030940722617308,52.15386182488971],[5.032252015878601,52.15360602291979],[5.032695932094209,52.15345905521208],[5.033039223966199,52.15328661747909],[5.033261813960142,52.15322526805633],[5.03374635563531,52.152929217356],[5.034040742028478,52.152657762160906],[5.034304540255929,52.15237363154985],[5.034467999638632,52.152028082022866],[5.034452043878932,52.151643347649454],[5.034593872840834,52.151446035371066],[5.034618827865343,52.15087627026028],[5.034599933914185,52.15067847762878],[5.034480324866644,52.150467800776624],[5.034381461326112,52.1504054879679],[5.0342624436566,52.15012021217347],[5.033984964481317,52.14954954211345],[5.033757255575088,52.14915248902827],[5.033597236768426,52.14887967288709],[5.033517762850365,52.14876798336575],[5.033299897405917,52.14842039289888],[5.033121482428982,52.1480729203868],[5.032842646929308,52.14767661077993],[5.032504808645973,52.14716777295321],[5.032206030932785,52.14670848570353],[5.032085264543189,52.14664610500963],[5.031702594212562,52.14663236950914],[5.031502837019723,52.146582333429976],[5.030139463760775,52.14588523959967],[5.028645257511149,52.14511223297817],[5.030333871176092,52.14386172588586],[5.03008657340894,52.14372975257092],[5.030005750006639,52.143606372036814],[5.029564801839895,52.14339381782764],[5.030071662420965,52.143036731005054],[5.028146936798134,52.14204040941789],[5.029696143069841,52.14085599808614],[5.028714403504389,52.14032002932385],[5.028956912011087,52.14013561257095],[5.028977758855827,52.14008624172143],[5.029887379964565,52.13959375973039],[5.032994532247647,52.14123715165916],[5.033378736101531,52.14086709907928],[5.033602046336749,52.14070688291564],[5.033844053286391,52.14058357322244],[5.035099349607891,52.13978199909064],[5.0364338600904,52.13893211177867],[5.036635634787182,52.13890754501595],[5.036673811302841,52.13906854409271],[5.036652775947257,52.13914308220187],[5.036892342935767,52.13951499915923],[5.037240497318909,52.14001127245609],[5.038056067834638,52.13995257016814],[5.038599560543346,52.139941593996944],[5.039173826513339,52.139918122866995],[5.039857451406645,52.13992013740177],[5.040359944963222,52.13992161564392],[5.040356581069431,52.140354828405954],[5.041071771179712,52.14043152925064],[5.041072154239314,52.14038209625834],[5.041695700837665,52.14040909031832],[5.041610741592566,52.140816897632575],[5.042737878198295,52.140894794232516],[5.042760623068797,52.14059735717479],[5.0437262819582,52.1405875890363],[5.044248088288725,52.14073830803804],[5.044932146851775,52.14087601347565],[5.045454435120974,52.140964711188325],[5.045634814811272,52.14106410170995],[5.045370873622109,52.14138510837926],[5.045108064448387,52.14155781543983],[5.045449889612821,52.14155880601365],[5.046153044026802,52.141684875203936],[5.046092677800004,52.141746718019014],[5.045449133160729,52.1416576720151],[5.044784278736279,52.141680910873745],[5.044059344564813,52.14172823892344],[5.043476293038578,52.14175170828483],[5.042609374565192,52.14183546459139],[5.041562961916445,52.14189442120882],[5.041503451639802,52.14184481276204],[5.041325284295435,52.14146050219907],[5.040841763614392,52.141459083802886],[5.040499653312941,52.14149492991389],[5.040421040492546,52.14127179599635],[5.039654528122401,52.141406158555476],[5.039773752912567,52.14166626345927],[5.038967404865409,52.141849938365006],[5.03913542581883,52.14222163934554],[5.038853103525846,52.142270240274165],[5.038388572610518,52.14245491989971],[5.038085023753239,52.142602324449],[5.039526256050533,52.143622226024554],[5.038758749368951,52.14406576764385],[5.038353618006752,52.14431174102195],[5.037968442656131,52.14462068818623],[5.037665656249571,52.14485527764611],[5.036927722887039,52.14524856205351],[5.03619696759043,52.14472688317878],[5.035731042075267,52.14508411810198],[5.035471097254695,52.14488560715682],[5.035410421639874,52.14498429445566],[5.035225657255179,52.14544213228113]]]]}},{"type":"Feature","properties":{"gezicht_uri":"https://linkeddata.cultureelerfgoed.nl/cho-kennis/id/gezicht/10134307","gezichtsnummer":"1434","naam":"Loenersloot"},"geometry":{"type":"MultiPolygon","coordinates":[[[[4.998192087140593,52.23311758608824],[4.997864237918999,52.23311201227647],[4.997169985463112,52.2331573583963],[4.995786944520007,52.233292097188546],[4.996001445064251,52.23420328126807],[4.994346759389607,52.23442788128663],[4.99426604357134,52.233953052067186],[4.992672561376451,52.234043912521734],[4.992570221546773,52.23402919012364],[4.992586538523556,52.23400497730281],[4.991837024703635,52.234006965636574],[4.991222116372002,52.23385211221949],[4.991734093948656,52.23290470503037],[4.992249622663651,52.23188450539861],[4.993450574183148,52.23214287132747],[4.994127095847837,52.23111960473494],[4.994668703872197,52.23028732827521],[4.994972479679283,52.23036473429538],[4.995368939226786,52.22972341490549],[4.996105693047521,52.22849900744591],[4.996752862818464,52.22864046048789],[4.997118104050416,52.22871806414544],[4.997548077143259,52.22875813099079],[4.997758841968928,52.22875882592134],[4.997993237125998,52.228735330989714],[4.997717749327789,52.22810167481603],[4.997735402728064,52.22775659753994],[4.997783660268641,52.22759407556316],[4.999017229969184,52.22762689643155],[4.999022668533909,52.22784262396432],[4.999387367912322,52.22815030913125],[4.999989417719234,52.22809476127553],[5.000101173689647,52.22870900113838],[5.000175873400861,52.22904000059482],[4.999901880958733,52.2290723579599],[4.999737701427304,52.229100580924445],[4.999535302360997,52.229147552850385],[4.999385837148615,52.22916683570654],[4.998879497580667,52.22915528587396],[4.998890788974761,52.22953910631925],[4.998981372063163,52.22955827859031],[4.998939134799009,52.229870019906706],[4.998803683009467,52.230128426194916],[4.998627962682606,52.230640158621135],[4.998557704765755,52.230639927533566],[4.998445118803296,52.23096132388187],[4.998339817472545,52.230951090667475],[4.998194615034911,52.23148719015154],[4.997992745337137,52.2314721446959],[4.997937179278717,52.23196809353425],[4.998192087140593,52.23311758608824]]]]}},{"type":"Feature","properties":{"gezicht_uri":"https://linkeddata.cultureelerfgoed.nl/cho-kennis/id/gezicht/10134309","gezichtsnummer":"1435","naam":"Loenen"},"geometry":{"type":"MultiPolygon","coordinates":[[[[5.027112761819853,52.20887452154825],[5.02656587353476,52.20920091208781],[5.026757476459127,52.20920778849878],[5.027236551445671,52.20930721783827],[5.027385408434246,52.2093535097944],[5.027608560366246,52.20943957461909],[5.027821261906409,52.209551672187956],[5.027943416548109,52.209643720573325],[5.028186314989826,52.20982152112584],[5.028366572673312,52.209965875584466],[5.028600436037422,52.21017600432269],[5.027626702105866,52.21045526465155],[5.027584484012368,52.210429071159446],[5.027499467754015,52.21044858570604],[5.026579599563666,52.2107594591511],[5.026462445879472,52.21077258328606],[5.026387939068463,52.21075887383412],[5.026228997163933,52.210692776400194],[5.025993816755675,52.21064621905152],[5.025196850935687,52.21041458724777],[5.02440872284606,52.210176685638864],[5.02416490061348,52.21011391983317],[5.024197460683913,52.21006818151405],[5.02326607756358,52.209816349999116],[5.022839946640935,52.209683812577715],[5.0226156340421,52.209919502717774],[5.02277892752083,52.209989213637165],[5.022805129834383,52.210005472734494],[5.022819503006539,52.210036974798584],[5.022786934197638,52.210083611506015],[5.0227221123853,52.210138237810064],[5.022656305152281,52.21013443955438],[5.022441731601162,52.21007355803673],[5.021999279080765,52.20996882973672],[5.021696881291,52.20991306803156],[5.020752392683523,52.20947782247331],[5.020051273781229,52.20916106784422],[5.020640569888339,52.208664967244474],[5.020195374577221,52.20836248927357],[5.019776526136253,52.20805919276664],[5.01944101266534,52.20776334459732],[5.019122189765459,52.20739564405507],[5.018944682434851,52.20692322457104],[5.018704051304,52.206300509439906],[5.01863182817157,52.206011771571504],[5.018602133841446,52.20571058327838],[5.018606629663645,52.20516682756106],[5.019129520771226,52.20509026331534],[5.02004803574005,52.20493583352102],[5.020787691293333,52.20482757905467],[5.02142490631585,52.204723496703245],[5.021713789407462,52.20463900571054],[5.022717932431055,52.204386851694686],[5.023049174663678,52.204309678501346],[5.023428288838743,52.20517818195007],[5.023771160262118,52.20600792441338],[5.024764278540268,52.20585458627725],[5.025495690801317,52.20766430015777],[5.024389842837724,52.20782269100264],[5.024189183041932,52.20785083579938],[5.024086402369252,52.207896358267476],[5.024277150493595,52.208007495999865],[5.024479698402949,52.20810698535811],[5.024723166616013,52.20821199270872],[5.024990248088505,52.20829190578723],[5.025314284538695,52.208384575870085],[5.025845694239873,52.2085237180882],[5.026324861696382,52.208610568352434],[5.026697181908268,52.20870338213849],[5.027112761819853,52.20887452154825]]]]}},{"type":"Feature","properties":{"gezicht_uri":"https://linkeddata.cultureelerfgoed.nl/cho-kennis/id/gezicht/10134310","gezichtsnummer":"1436","naam":"Linschoten"},"geometry":{"type":"MultiPolygon","coordinates":[[[[4.916038302503139,52.06189060892085],[4.915943625470475,52.06188034327132],[4.915796312377244,52.0618833492616],[4.915650467264801,52.06230071677511],[4.914874772815274,52.06270657273779],[4.914604648840378,52.06260122652756],[4.914344053809724,52.06242221472573],[4.914152194884286,52.062224603105804],[4.913962441247772,52.06224181752229],[4.913854381006191,52.06184230751056],[4.91388406706944,52.061792991681216],[4.913920796830155,52.06176707345067],[4.914018750510215,52.06174319873747],[4.914013791908961,52.0616604874077],[4.914120370799947,52.06164833190573],[4.914201575634738,52.061277445362315],[4.914225812470153,52.06105373652634],[4.914228917713645,52.060759834904246],[4.914190987240021,52.0607614802756],[4.914192771887083,52.060316571593475],[4.914835992260722,52.06030117569998],[4.915146713782318,52.06028893871235],[4.915416532047098,52.06028372768682],[4.915468114236322,52.06064705743238],[4.91548442756504,52.06089789346613],[4.915590919025026,52.06089382566604],[4.915735549243434,52.060868338711984],[4.915921357227496,52.06080975996264],[4.916057380067958,52.06077075588923],[4.916038027009538,52.060808428929796],[4.915951326296962,52.061010316633805],[4.91592845118786,52.061105500030685],[4.915933716052848,52.06115945027168],[4.915946546064607,52.061187364998645],[4.915969706131451,52.06120363638285],[4.915984932125056,52.06128099577093],[4.916006643563099,52.06129636253424],[4.916062898018788,52.06149342899636],[4.916093122066595,52.061531300272506],[4.916107865995474,52.061654497513636],[4.916038302503139,52.06189060892085]]]]}},{"type":"Feature","properties":{"gezicht_uri":"https://linkeddata.cultureelerfgoed.nl/cho-kennis/id/gezicht/10134311","gezichtsnummer":"1437","naam":"Lage Vuursche"},"geometry":{"type":"MultiPolygon","coordinates":[[[[5.231320999933737,52.177308334673306],[5.230430525669406,52.17942560570536],[5.228973253665013,52.1830260138338],[5.228919029218137,52.18306099399945],[5.228106622064573,52.182082917949586],[5.225886677780327,52.18138783887363],[5.225583751414953,52.18186558119667],[5.224459135227416,52.18152878843976],[5.223852199082663,52.18237011711134],[5.221487213201287,52.18176732999998],[5.221383005034236,52.181874139803604],[5.220292284493568,52.181865413340724],[5.220909887269985,52.180924352128436],[5.220957444268241,52.1807176972725],[5.221236807061753,52.180690227608885],[5.221422732720696,52.18062577577971],[5.22121322183428,52.179562212363905],[5.221588965911668,52.17956363856738],[5.221581103968608,52.17931825770447],[5.221923228969001,52.17931693933063],[5.221940398214157,52.178628489686204],[5.22107121119352,52.178434929180284],[5.221059779333904,52.178363908628384],[5.222091142682804,52.17858645733162],[5.222381070685354,52.17846552549237],[5.222487723942232,52.1765045125007],[5.226530180201746,52.17687229324983],[5.228769220734197,52.177069456471614],[5.231320999933737,52.177308334673306]]]]}},{"type":"Feature","properties":{"gezicht_uri":"https://linkeddata.cultureelerfgoed.nl/cho-kennis/id/gezicht/10134312","gezichtsnummer":"1438","naam":"Kockengen"},"geometry":{"type":"MultiPolygon","coordinates":[[[[4.947642051290119,52.146714071927775],[4.947995177790987,52.146312722095146],[4.948916816959847,52.14663522528004],[4.948807657097897,52.14674177758338],[4.949085719234208,52.14684257783306],[4.948823164169234,52.14709686334566],[4.948858112487965,52.14710867766016],[4.94858620608307,52.14742224905363],[4.948647443225475,52.1474350599595],[4.948427404441912,52.14782252579129],[4.948759528923556,52.14792352780987],[4.948590041195076,52.148072998359666],[4.949079505537403,52.148220423321305],[4.948648768106557,52.14878776679778],[4.948057346536976,52.14860760365971],[4.947719776825838,52.14891104174997],[4.947168141291142,52.14869686773766],[4.94679710322074,52.14898579749512],[4.9466807624794,52.148930536072285],[4.946607117353914,52.14899048104398],[4.946387426045137,52.14889618473326],[4.946130900691877,52.14912891543709],[4.945721907802914,52.148970094917445],[4.944987886003027,52.14873185917811],[4.945214445651102,52.14842711425698],[4.945415468125346,52.14848808707398],[4.945702160715352,52.14801189452056],[4.946027064256698,52.14810388916866],[4.946471692926143,52.14761210667975],[4.946583806681716,52.14765117404766],[4.946942581307916,52.14727141980994],[4.947101224068208,52.14733313043515],[4.947642051290119,52.146714071927775]]]]}},{"type":"Feature","properties":{"gezicht_uri":"https://linkeddata.cultureelerfgoed.nl/cho-kennis/id/gezicht/10134313","gezichtsnummer":"1440","naam":"Jaarsveld"},"geometry":{"type":"MultiPolygon","coordinates":[[[[4.979399615042379,51.96807862744602],[4.981466426646576,51.97012072074261],[4.980526524396256,51.97058217028635],[4.980264134560904,51.970791588974826],[4.979177595797099,51.97137206471793],[4.976707541592709,51.97269284077737],[4.975407527766543,51.971626781895814],[4.975899504241649,51.970823152199976],[4.975081618099948,51.97019200909027],[4.977381085396234,51.969056730449516],[4.977700016410982,51.96887088448018],[4.979399615042379,51.96807862744602]]]]}},{"type":"Feature","properties":{"gezicht_uri":"https://linkeddata.cultureelerfgoed.nl/cho-kennis/id/gezicht/10134314","gezichtsnummer":"1441","naam":"IJsselstein"},"geometry":{"type":"MultiPolygon","coordinates":[[[[5.043184359462124,52.01724577783455],[5.043307251257997,52.01736747742281],[5.043488572003397,52.01746867458503],[5.044363427991186,52.017936813319075],[5.044997417687381,52.01828110754084],[5.045410740137339,52.01852588793213],[5.046267902404253,52.01902721731049],[5.046920574087464,52.01940930554471],[5.047450938531575,52.0197838467705],[5.047832074727936,52.020050097344374],[5.04799590736573,52.02015483235854],[5.048034867786436,52.020204379615976],[5.048043234758354,52.020253838756474],[5.048034208118746,52.02029156315663],[5.047953748813287,52.0203353735341],[5.047444466692034,52.0206377061523],[5.047433144641186,52.02078597861196],[5.047317324091103,52.02088181802543],[5.04725630657878,52.02085917143477],[5.046809133402383,52.02123088962359],[5.046741598699481,52.02129900463842],[5.046382917548899,52.021719513210634],[5.04633454651931,52.02175802242584],[5.0461793711401,52.0216640960241],[5.046093080027704,52.021707888241885],[5.045986522377997,52.02173454412067],[5.045893261342106,52.021736970330224],[5.045719953899746,52.02172837856277],[5.045488597348721,52.02168995709687],[5.045205177545387,52.02160105013683],[5.044945693401511,52.021430419532244],[5.044848460486652,52.02138070187082],[5.044730769808417,52.02133901400874],[5.04434597116188,52.02117161285755],[5.044021950585183,52.02105831670792],[5.04397818282559,52.02106627852859],[5.043924258322261,52.0210688178133],[5.043871976551803,52.02104709374861],[5.043818182889032,52.02103255580443],[5.043505576819387,52.02133095062854],[5.043219286973193,52.02161683802085],[5.042994437066677,52.02149034638901],[5.042275112641814,52.021061302703714],[5.041957534741202,52.020868923643526],[5.041803424348466,52.020638374044644],[5.041808598266327,52.02053412619424],[5.041836936172423,52.020448821479754],[5.042000244409376,52.02024167305807],[5.041023647737068,52.01973996161377],[5.040264869631157,52.01933236111571],[5.040062016814644,52.01918974985177],[5.039571953664248,52.0188871996962],[5.039540224952938,52.01884576033213],[5.039568329113126,52.018791015309134],[5.03973537812638,52.018665673589304],[5.040488902286623,52.01824365171187],[5.040746377235539,52.01810419364302],[5.040854386116004,52.01807754677294],[5.041022358121912,52.01802051622759],[5.041339890023833,52.017838090056884],[5.04186809833214,52.01753853566776],[5.042085347227502,52.01751400560863],[5.042280800044389,52.01748222075294],[5.042467519037562,52.0174495111861],[5.042814790107885,52.017376824086156],[5.043032348225567,52.01731184630489],[5.043184359462124,52.01724577783455]]]]}},{"type":"Feature","properties":{"gezicht_uri":"https://linkeddata.cultureelerfgoed.nl/cho-kennis/id/gezicht/10134315","gezichtsnummer":"1442","naam":"Eemnes - Buiten"},"geometry":{"type":"MultiPolygon","coordinates":[[[[5.266661486970573,52.25152364859473],[5.267107984693788,52.25266644971801],[5.264201839707511,52.25290433633915],[5.263979386897971,52.25179231627764],[5.266661486970573,52.25152364859473]]]]}},{"type":"Feature","properties":{"gezicht_uri":"https://linkeddata.cultureelerfgoed.nl/cho-kennis/id/gezicht/10134316","gezichtsnummer":"1443","naam":"Cothen"},"geometry":{"type":"MultiPolygon","coordinates":[[[[5.31268287646675,51.99948491687782],[5.312016615483825,51.99908452117845],[5.31162389801599,51.99881822080056],[5.311570213836214,51.99870313801522],[5.311586402469097,51.998601582259056],[5.311712089040575,51.99832932171819],[5.311979592343968,51.997714702884906],[5.312144736242797,51.99735438308881],[5.312229328630697,51.99727174587013],[5.312428978442272,51.99717390173674],[5.312595111677116,51.997091315928344],[5.312978391658312,51.99689471717932],[5.313333937569159,51.99673764769573],[5.314007100874079,51.9964621310358],[5.314380070428287,51.99633113485156],[5.314661302295984,51.99620187872144],[5.314924576861082,51.99637281534679],[5.315403771806684,51.996282327677385],[5.315967439841526,51.996177508058814],[5.315995016915948,51.99623325128368],[5.316579144219459,51.99607990503973],[5.316648969221786,51.99612219116798],[5.316765598565746,51.99603058168191],[5.316569215909198,51.9959118205608],[5.31704265133406,51.995774584348055],[5.317521078888196,51.9961721445139],[5.317917348098664,51.99603126390827],[5.318071510157426,51.99614909922061],[5.318155896023583,51.996192291802956],[5.318486188206995,51.9963470809868],[5.318943082715779,51.99655407387952],[5.319245804275762,51.996649523133925],[5.320744734818497,51.99721842860847],[5.319042183961574,51.99745654198486],[5.318191606350635,51.99759086970591],[5.316797694144373,51.997849803538855],[5.31646562084855,51.99789814087501],[5.316273384958532,51.997915102914895],[5.316146717383122,51.99790513969916],[5.316002623322163,51.99786550491837],[5.315236105897421,51.99823625044612],[5.314392369193752,51.99862581844028],[5.313130280759048,51.99926858426061],[5.31268287646675,51.99948491687782]]]]}},{"type":"Feature","properties":{"gezicht_uri":"https://linkeddata.cultureelerfgoed.nl/cho-kennis/id/gezicht/10134318","gezichtsnummer":"1444","naam":"Blauwkapel"},"geometry":{"type":"MultiPolygon","coordinates":[[[[5.137462299432263,52.11365246743395],[5.137592239565606,52.113650944861966],[5.137717789993924,52.113651210468],[5.138024551963533,52.11361860317167],[5.138169205997917,52.11359643858325],[5.138323898983926,52.11360665189467],[5.13847108259973,52.113654598880466],[5.138581674310661,52.11371954581388],[5.138686406787443,52.11378807550894],[5.138818917545229,52.11384947318348],[5.139039042460832,52.11390745985126],[5.1391909266131,52.11389789245621],[5.139843734259486,52.11385701945232],[5.140002813191195,52.11386634095275],[5.140182072521402,52.11392244223317],[5.140470214706904,52.11408932374627],[5.140917671663154,52.114488428316996],[5.14124571906371,52.1148333540956],[5.141547107428424,52.115248330003034],[5.141749490917513,52.11561456382001],[5.141916562413304,52.11603105676717],[5.141976436557362,52.11629453028774],[5.14202191463534,52.11678716838235],[5.142002500949746,52.116866222614966],[5.141898210120895,52.116981052460574],[5.141766316884621,52.11707065833028],[5.141598100782681,52.117127831560715],[5.141314618045442,52.117171282318296],[5.140901080384461,52.1172351333748],[5.140753386898917,52.117277068612864],[5.140659678766744,52.117325408118006],[5.140598041086886,52.11738280261484],[5.14055081990114,52.11747348289783],[5.140335981198541,52.1180410763686],[5.140284229749422,52.11815871111461],[5.140225440996037,52.11822869460111],[5.140181525615083,52.11824927509706],[5.140121614333395,52.11825813764996],[5.140038441776317,52.11824897540005],[5.139952428710824,52.11822542630708],[5.139840194737576,52.11819103654951],[5.139668293545948,52.11812146822342],[5.139052040829119,52.11787839578897],[5.138820350968667,52.11779611720764],[5.138732934344226,52.11776267744328],[5.138629287693591,52.117759762685594],[5.138541586326115,52.11777755389559],[5.137877216800176,52.11804848863491],[5.137650425107669,52.11813519288855],[5.137448633949245,52.11818959276552],[5.137198731390154,52.11823130711886],[5.137076022796942,52.11824273143104],[5.137001646339282,52.11822729407344],[5.136968367319645,52.118173295364855],[5.136854801179664,52.117855777286174],[5.136602616847505,52.11726293122973],[5.13652491547359,52.11705963684401],[5.13642843151584,52.11682124918462],[5.136379351512267,52.116721377788075],[5.136325690024126,52.116657448716836],[5.136232573783269,52.11659972730289],[5.135175892868212,52.116017746954846],[5.135097313197673,52.115971740121594],[5.135058248996468,52.11590874045969],[5.135049762961441,52.11586018698951],[5.135079509585712,52.11576317990771],[5.135182912443213,52.11554948588153],[5.135272516411575,52.11545260661343],[5.135799932098806,52.11512746652154],[5.136560234257512,52.11466620113901],[5.136737509145092,52.11455512615885],[5.136797738295872,52.114488742636524],[5.136797959785403,52.11444919579302],[5.136726811681711,52.114379836940266],[5.1366236162981,52.11429782673448],[5.136584485907989,52.11424651185553],[5.136576134560237,52.11417369109911],[5.136591121540498,52.114104515137306],[5.136630861311025,52.11404707619005],[5.136699713364942,52.11400497870131],[5.136797763265343,52.11396294315694],[5.136930850520175,52.113920981873775],[5.137082916174484,52.11387906068338],[5.137264415584212,52.11379495794072],[5.137403512202282,52.11372244956598],[5.137462299432263,52.11365246743395]]]]}},{"type":"Feature","properties":{"gezicht_uri":"https://linkeddata.cultureelerfgoed.nl/cho-kennis/id/gezicht/10134319","gezichtsnummer":"1445","naam":"Baambrugge"},"geometry":{"type":"MultiPolygon","coordinates":[[[[4.993018311878186,52.24046331868634],[4.993540900872795,52.24063852695652],[4.993843217751379,52.24072312102273],[4.994532444543245,52.240929438273646],[4.995370433677108,52.241201856391356],[4.995490043346855,52.24125258508049],[4.995616602130643,52.24134557972084],[4.996021305013776,52.24160936626189],[4.995621498224551,52.24178779972041],[4.995065641162839,52.242062783208965],[4.994570769807098,52.24239459037789],[4.994149207303754,52.242714056294865],[4.993618102785831,52.24316797411307],[4.993048291500905,52.24369276468185],[4.992742771342468,52.24396767315026],[4.99218346767239,52.244461037017004],[4.992025326924262,52.244626784048954],[4.991844360590427,52.24488952358787],[4.991738919539174,52.24505634531325],[4.99166440122687,52.245203497114076],[4.992655166150043,52.24559238898468],[4.992268570422012,52.246091722357654],[4.992112354114783,52.2460399693084],[4.991941743768645,52.24629016053622],[4.991440834330441,52.24614018416969],[4.991208554581985,52.24640904234472],[4.991207635358338,52.24651239983416],[4.991081752766186,52.24667196214],[4.99143524230735,52.24676931672909],[4.990949485909896,52.247384257195236],[4.991095511740102,52.2474296860946],[4.99083072125229,52.24773079085797],[4.990571971143639,52.24751780891361],[4.990435218263824,52.24758206256532],[4.990027891617507,52.2474458762267],[4.989100360328509,52.24702481917154],[4.989657202682526,52.24681457979358],[4.989149251355931,52.246305953757016],[4.988654602236028,52.24611194604179],[4.988814233065966,52.24594530976121],[4.989096968256938,52.24576650500326],[4.989180596524055,52.245747912151536],[4.989274538388692,52.24572216366716],[4.989727714676764,52.24531294272774],[4.988957324460784,52.24500835634453],[4.988884059297127,52.24501440093698],[4.988154676728583,52.24470994748953],[4.988175400591569,52.24468485140342],[4.988060247012875,52.2446269400883],[4.988637079688633,52.243979962007074],[4.988975092156787,52.24351283293673],[4.989249717246179,52.24325670465764],[4.989093859913244,52.243166300874314],[4.989738520414906,52.24246202335867],[4.989832912162283,52.24238504501221],[4.990128647604236,52.24205888016061],[4.990086189259545,52.24205873748463],[4.990615308822556,52.24150146807391],[4.990729329667329,52.24152162402952],[4.99084527864613,52.24148965661517],[4.991044638063463,52.241297984411396],[4.991140545088391,52.241214718575584],[4.991389699943497,52.241350371659266],[4.99189022026294,52.24153809630939],[4.992101519111184,52.241320397411585],[4.993018311878186,52.24046331868634]]]]}},{"type":"Feature","properties":{"gezicht_uri":"https://linkeddata.cultureelerfgoed.nl/cho-kennis/id/gezicht/10134320","gezichtsnummer":"1446","naam":"Amersfoort"},"geometry":{"type":"MultiPolygon","coordinates":[[[[5.394021576812888,52.154164540269534],[5.394576908049267,52.15455368340671],[5.395260859711445,52.15505516410716],[5.395712450309073,52.15537959594962],[5.396355507575289,52.15586219858792],[5.397014648590644,52.156325022886136],[5.397260187859084,52.156506557965095],[5.397479412761386,52.15663326851522],[5.397624098668378,52.156703361438545],[5.397903251408934,52.156879499391756],[5.398027508901794,52.157065537926016],[5.397996851637096,52.15718957413628],[5.397975051813921,52.15767941802108],[5.397975107538909,52.15790681248104],[5.397918173268089,52.15814589650127],[5.397837843526113,52.15833105509223],[5.397720978929819,52.15851621693627],[5.397250519368541,52.15895666677748],[5.397124862257937,52.15905284834873],[5.396635360489848,52.159342300249016],[5.39630365676451,52.15950051417372],[5.396090311907432,52.15959670148739],[5.395660699741218,52.15980525342267],[5.395234008537996,52.16002548787901],[5.394776616513964,52.16020707474612],[5.394544263273727,52.160284385865694],[5.39425491528188,52.16037248552975],[5.394079549414504,52.16040754901117],[5.393724423131916,52.16041476000462],[5.393436520449972,52.160407585631894],[5.393253841265955,52.16040400022845],[5.39118153152357,52.16037263347064],[5.390892169103024,52.160377137235024],[5.390804485290503,52.16039960986464],[5.39043475197536,52.160508374909284],[5.390271076256528,52.160573991316674],[5.390126398427342,52.160635113041145],[5.390046020426022,52.16065039457938],[5.389857494771192,52.16064680406558],[5.389699657237982,52.16060815967806],[5.389630967499499,52.16056951315453],[5.389537432000905,52.1605039033616],[5.389335746158089,52.16034572007794],[5.388935301749295,52.16003294758445],[5.388727775847858,52.15990981623127],[5.38866493409938,52.159882853353174],[5.388602092143594,52.159847801313184],[5.388489562376046,52.159813648652765],[5.388238198186619,52.15975163482374],[5.38794299275367,52.15970130509909],[5.387805620233553,52.159682431437986],[5.387108529571582,52.1595970486591],[5.386268224753077,52.15948919110815],[5.38580350133916,52.1594316644604],[5.385728970646921,52.159411890229784],[5.385465921240328,52.15935436431958],[5.385249636802564,52.15930402887804],[5.385053805976553,52.15939660133101],[5.384771745698363,52.159608711177356],[5.384270509742082,52.15919975007206],[5.384853620168832,52.158876197142924],[5.38484777544622,52.158860018775215],[5.384611051404344,52.158504991216965],[5.38455844858334,52.15838994471497],[5.384331955636286,52.158087046736476],[5.384229669665594,52.157947731536204],[5.384130305791722,52.15782729095514],[5.384013407154316,52.157695165538776],[5.383962266306128,52.15760708256378],[5.383848287681904,52.15752708701358],[5.383747458209886,52.15749113254718],[5.383634938649551,52.15744978490317],[5.383504885387346,52.157382371647664],[5.383404057690586,52.15733203620826],[5.383357298582297,52.15729069030661],[5.38335876524749,52.157225977297614],[5.38336315092641,52.15720530520841],[5.383439145099214,52.15713969570415],[5.38354144232077,52.15708037848036],[5.383630589188473,52.15699769218382],[5.38371827775544,52.15687006615355],[5.383762123765151,52.156780188130526],[5.383794282404533,52.15664537014296],[5.383830828374234,52.1564602198804],[5.383877602016985,52.15629034934905],[5.383909760773946,52.156143847015024],[5.383966766735378,52.15591645398198],[5.383977002497104,52.155817587057726],[5.383975560286461,52.15553986008545],[5.383959494442165,52.15542211782336],[5.383959503747128,52.15528729891574],[5.383985821712076,52.15506439899891],[5.384038439385484,52.15487835024435],[5.384051602536192,52.154700389603036],[5.384082296551584,52.15458085093039],[5.384158294134311,52.154376826833584],[5.384210903840627,52.15429234157665],[5.384273744885113,52.15416022051181],[5.384386267216972,52.154025404159725],[5.384481250051408,52.15396428833896],[5.384555776095298,52.15389418408273],[5.38485972056249,52.15365870633564],[5.384891869354712,52.15361286848328],[5.384941552208488,52.15357422127895],[5.385343392419292,52.15334683311066],[5.385701390978381,52.153180561003225],[5.386021395547215,52.15303406093042],[5.386129524486935,52.15298372940187],[5.386278567734342,52.152852506666314],[5.386377928635096,52.15281745433446],[5.386616102183745,52.15270600508373],[5.386751991844394,52.15267904169956],[5.387212261960463,52.152563097609175],[5.387321849666708,52.152525348085604],[5.387539563827384,52.152492092017],[5.387833258205564,52.152444454369046],[5.387996908793229,52.152430072463744],[5.388270146461947,52.15240130854827],[5.388658816116621,52.15237793523068],[5.389034336278215,52.15238601861652],[5.389241822318847,52.15239320527062],[5.389531135348966,52.15242825244787],[5.389655335750819,52.15244712441547],[5.38992273364778,52.152509134910574],[5.390092233398668,52.15256665340732],[5.390267578349842,52.1526250702933],[5.390518906972043,52.15270954970188],[5.390913435243691,52.15282907688899],[5.391359106763186,52.15294500572003],[5.391635281112736,52.153045660108326],[5.391804784724422,52.153099580966646],[5.392811595075965,52.153488713381215],[5.393213452107586,52.15367833835383],[5.393564171069291,52.15387515513468],[5.394021576812888,52.154164540269534]]]]}},{"type":"Feature","properties":{"gezicht_uri":"https://linkeddata.cultureelerfgoed.nl/cho-kennis/id/gezicht/10134321","gezichtsnummer":"1448","naam":"Abcoude"},"geometry":{"type":"MultiPolygon","coordinates":[[[[4.983951446730882,52.27051870154972],[4.983550059505764,52.270837298821256],[4.983133297877911,52.271234935154396],[4.982634300040181,52.271813842938386],[4.982062460981065,52.27250664451661],[4.981354986395344,52.2732897548919],[4.980504810249069,52.27413348745587],[4.97918156840084,52.27559124878951],[4.977608589799389,52.27519933306256],[4.977797230399053,52.27492136356895],[4.978207225137237,52.274312508595585],[4.978150115225995,52.274149631195634],[4.978122151314586,52.274003931501646],[4.97813160321537,52.27393206151784],[4.978242302939703,52.27368438020926],[4.977032993665344,52.27342583512201],[4.976717315085037,52.27397479513773],[4.975970420103621,52.27377896107669],[4.975978809066886,52.27366394593643],[4.976027320934236,52.273487953044146],[4.97608274269348,52.273356923345844],[4.976183740131741,52.27320897518064],[4.976239820889022,52.27316512972663],[4.976059704615787,52.27315461687208],[4.975794903397129,52.27311235164927],[4.975546260357898,52.27306564817506],[4.975375159873173,52.27303089850266],[4.975214573338344,52.27296832291946],[4.975110926129322,52.27292751641336],[4.974846168820334,52.27288075529082],[4.974569266217683,52.27287978916627],[4.97453868056515,52.27301809513959],[4.973967401033254,52.27300441553669],[4.973989895277852,52.27326424271788],[4.973466401240297,52.27331094623046],[4.973438169003681,52.27319580308229],[4.973370094986136,52.27311107912641],[4.973123790802118,52.27312819239935],[4.97293591475013,52.27316438437089],[4.972895118291228,52.273297261441314],[4.972975259863932,52.27428890087928],[4.972443531635886,52.27427445373447],[4.972039262395204,52.27426135062688],[4.971869643948645,52.274538479086935],[4.971053848883708,52.27434776458433],[4.97098374074042,52.274324149410326],[4.970806854153131,52.274281283710216],[4.970463169574557,52.27421356275245],[4.97041160356893,52.27440032803267],[4.970322052746757,52.27457527516394],[4.970202356387776,52.27468360589628],[4.96995519092524,52.27479148671785],[4.969302450012936,52.27502466267027],[4.968989484633363,52.27480605032851],[4.96935623308154,52.274602424335356],[4.969535051807691,52.27443947751123],[4.969663767722242,52.27430691213474],[4.969133003228459,52.274189992121016],[4.969446592672407,52.27340556333692],[4.97048709065403,52.2736932511462],[4.970656260985711,52.273621045796],[4.971378623964508,52.27330362156768],[4.971575737500206,52.2732198289889],[4.971380774419302,52.273073540411396],[4.971212851074784,52.27301273114065],[4.971075468213639,52.272976296300115],[4.970908447300302,52.272975708306625],[4.970928452202241,52.2728733173552],[4.971199796715116,52.272371852104584],[4.972321305813586,52.27261217332339],[4.972440431236913,52.27240676973986],[4.972530755897061,52.27230462519454],[4.972619564821852,52.272207867968945],[4.972837408117516,52.2720998788059],[4.972319900609694,52.271663052284936],[4.971847260558805,52.271129312367314],[4.971671686871432,52.27094714093534],[4.971176442633712,52.27110897796083],[4.971039015239313,52.27107793560028],[4.970903227852788,52.27087163588433],[4.970954224312169,52.270745086837294],[4.970698409123237,52.27068396729262],[4.970728222705452,52.27062924646903],[4.970432911984346,52.27056169571083],[4.970793611447188,52.26990415764637],[4.970691171205421,52.26989211257333],[4.970811988911304,52.269662449301876],[4.971342535840996,52.26979733692379],[4.971382821340636,52.26971928436513],[4.971814036441686,52.26982326176018],[4.97188548020609,52.26970307563216],[4.97342635666197,52.26926717560823],[4.973919714893259,52.269147565452116],[4.974008113864197,52.26909394737745],[4.974098544997855,52.26897921898292],[4.974319396201612,52.26854497874547],[4.974673414228412,52.26860014172764],[4.974367712229894,52.26917968944026],[4.974580944111961,52.26956691123475],[4.974648565034574,52.26970016733839],[4.975665813753612,52.26948620703278],[4.976691900597886,52.269265977184794],[4.977038413342531,52.26918269418676],[4.977778702552471,52.268974045975014],[4.978385285530232,52.268807173703685],[4.978989164924537,52.26861512302414],[4.979472847569687,52.26842984504704],[4.979789144354448,52.26828533243672],[4.979849478518415,52.26825588046295],[4.980614956308023,52.26849399717321],[4.981342845277056,52.26867805279384],[4.981534312005518,52.268727244321035],[4.981771086428257,52.268788275123555],[4.982791302927197,52.26920880541881],[4.983193938211504,52.269397129183595],[4.983533544521022,52.26991239375684],[4.983951446730882,52.27051870154972]]]]}},{"type":"Feature","properties":{"gezicht_uri":"https://linkeddata.cultureelerfgoed.nl/cho-kennis/id/gezicht/10134343","gezichtsnummer":"1475","naam":"Blaricum"},"geometry":{"type":"MultiPolygon","coordinates":[[[[5.244471744549436,52.275544823280846],[5.243844258479892,52.27520612542485],[5.242712529687061,52.27448572901102],[5.242474261598846,52.27431467058513],[5.242344522591435,52.274111388703375],[5.242598497497292,52.273957110107034],[5.243355776823579,52.27402184623255],[5.243828732737358,52.273657517703725],[5.243736576250548,52.27361156847432],[5.244830951206425,52.27272400197786],[5.24470837915135,52.27256836633781],[5.244824249302241,52.27252895972802],[5.244869742374464,52.27250564631317],[5.24485673455287,52.27244990660964],[5.244611183906872,52.272266260810824],[5.245221995364544,52.27184996371347],[5.245325801709248,52.27191749637585],[5.245805819004194,52.27162417153177],[5.245675681227566,52.271544024939715],[5.245956126645147,52.27135022462588],[5.245742617620151,52.271226837329934],[5.245989065085554,52.27112736767937],[5.246461039684878,52.2710569268165],[5.246442874676422,52.27077828486138],[5.247090065298352,52.2708940963041],[5.246934055987482,52.27112040282017],[5.246810775374963,52.271188563519615],[5.246914483481122,52.27128755181102],[5.246804490028302,52.271323372347965],[5.247010501652063,52.2715024728996],[5.246680445650954,52.271633302532855],[5.246763649016349,52.27173046904233],[5.24687903364701,52.27184385161537],[5.246963796344456,52.27191136024957],[5.247045646092396,52.27197347272047],[5.24718459793846,52.27204733679971],[5.247313314344089,52.27211489718729],[5.247978752371346,52.27249316760032],[5.248089926459199,52.27254902241614],[5.248192397143485,52.27257700487653],[5.249296253589609,52.27190241779368],[5.25012395243771,52.27240399731849],[5.249812848250748,52.272566314755004],[5.249448969827298,52.2727375576885],[5.249902324311332,52.27300771711101],[5.249454513107684,52.2733136788542],[5.250327659685802,52.2738153096971],[5.250902685570852,52.274070326729344],[5.252222284396997,52.27472345103793],[5.251884085329877,52.27512032310335],[5.251541774789942,52.274941075011036],[5.251443486577054,52.27498050836287],[5.251054348294903,52.275262276452786],[5.250619306629525,52.27569947825227],[5.250185910464099,52.27559921322995],[5.249972014714553,52.275590876384165],[5.24907100826288,52.27555837088522],[5.248701428826606,52.27519842905689],[5.248579898638668,52.275172222278286],[5.248256065079247,52.27517993141709],[5.248078183738722,52.27536936382708],[5.247945246693868,52.27524248023523],[5.247867726197224,52.27519924779546],[5.247621973243045,52.27507133215654],[5.247213769477147,52.27488480356536],[5.247097895301264,52.27492421249904],[5.246961545077036,52.274951912981535],[5.246688994457539,52.27495967859776],[5.246047475388051,52.274885215495416],[5.245678331265405,52.27485871006977],[5.245322379974024,52.27483042176183],[5.245115711503548,52.27485444067612],[5.244939599197505,52.27494500529728],[5.244615231274665,52.27511987590051],[5.244537270701276,52.275215052034355],[5.244471744549436,52.275544823280846]]]]}},{"type":"Feature","properties":{"gezicht_uri":"https://linkeddata.cultureelerfgoed.nl/cho-kennis/id/gezicht/10134352","gezichtsnummer":"1482","naam":"Vianen"},"geometry":{"type":"MultiPolygon","coordinates":[[[[5.086938296028641,51.99572369461291],[5.086898020218356,51.99564988858007],[5.086898730194712,51.99554382953907],[5.086916641828061,51.99547826130957],[5.087180403752672,51.99501064814172],[5.087205721065073,51.9949262234991],[5.087187381912649,51.994838092320386],[5.08713540428824,51.99477234592486],[5.087064402482386,51.99472093213993],[5.08720222307553,51.99457837090481],[5.087338436597985,51.994458275936324],[5.087706095064726,51.994129344560484],[5.087830753942491,51.993994838487744],[5.087873367345742,51.9939365234824],[5.088453061236068,51.99259425855107],[5.088730963765031,51.9919657886623],[5.088802351694858,51.99195877906824],[5.089301905701586,51.991714666090864],[5.089544995378132,51.99172247156212],[5.093033286422418,51.99174292464345],[5.09317732764162,51.991757665628775],[5.095060158579001,51.991711120360314],[5.095712553584784,51.991690267022015],[5.095830243165439,51.99172741003126],[5.095931561942798,51.99181934049723],[5.095983426543438,51.99190395797899],[5.096013079169928,51.99204604503658],[5.095938278981946,51.993027372378016],[5.095857634016376,51.99401138153497],[5.095874393810204,51.99412107913134],[5.095814750952589,51.99523367141183],[5.095793685750865,51.99556258757302],[5.095737986552262,51.99606758677938],[5.095665833815246,51.99619144534517],[5.095576426469389,51.99672961730904],[5.095522078289847,51.996802287120396],[5.095438696007343,51.99686140265272],[5.095266498345086,51.99691939910693],[5.09510038793882,51.99693696349841],[5.093912871001582,51.996835140949884],[5.092334059129118,51.99667390369378],[5.091880125059217,51.99661793784944],[5.091690756887383,51.99751358663231],[5.091039290041638,51.99738072185204],[5.090305388988118,51.997163156478805],[5.090593807481229,51.99670638384253],[5.089080178281345,51.996379884108904],[5.088494455846631,51.99621751055722],[5.08789111509716,51.99607755980454],[5.087358938302994,51.99596565066017],[5.087110536930306,51.99587783213277],[5.086991682389077,51.99579663524326],[5.086938296028641,51.99572369461291]]]]}},{"type":"Feature","properties":{"gezicht_uri":"https://linkeddata.cultureelerfgoed.nl/cho-kennis/id/gezicht/10134355","gezichtsnummer":"1486","naam":"Nieuwpoort"},"geometry":{"type":"MultiPolygon","coordinates":[[[[4.871071153320661,51.930898026572784],[4.874864662293866,51.93165705844412],[4.87459547112958,51.932184402570016],[4.875190177848588,51.9323110334843],[4.875013591768967,51.932623060379356],[4.874562059841391,51.933456114037234],[4.873917063155187,51.9346757210941],[4.872179635684764,51.938207750812616],[4.870731115093706,51.93847104940796],[4.869500784798413,51.938728100255965],[4.868681626526678,51.93889077626286],[4.866148425742408,51.93938472648466],[4.864597683194118,51.939678057227326],[4.862929297984823,51.93995646172435],[4.861495598400124,51.94018645583582],[4.861335340930418,51.940210906797525],[4.86058908978659,51.9403522804242],[4.862419870409779,51.93613412345254],[4.863394914816456,51.934197876698185],[4.863719728670624,51.93390090848378],[4.864095647809545,51.933585291109395],[4.864497607911988,51.933280574374095],[4.864732095391346,51.93312252192641],[4.865653958398554,51.932371589300246],[4.866903358088496,51.931333571760774],[4.868243578109977,51.930232124244476],[4.869393105648649,51.92927093966559],[4.869957465951758,51.929376790306],[4.869130931292502,51.93082477732294],[4.86874639481905,51.931514289973734],[4.86875320816664,51.93155386895265],[4.868979572780827,51.931467679409835],[4.869217391784722,51.93139682016452],[4.869493999953606,51.93136657900934],[4.870661298880687,51.93164226345504],[4.871071153320661,51.930898026572784]]]]}},{"type":"Feature","properties":{"gezicht_uri":"https://linkeddata.cultureelerfgoed.nl/cho-kennis/id/gezicht/10134366","gezichtsnummer":"1498","naam":"Ameide"},"geometry":{"type":"MultiPolygon","coordinates":[[[[4.959893832118552,51.95636775037083],[4.959898230576849,51.95636417102286],[4.958944588976981,51.955984991606236],[4.958941842370166,51.95596790381056],[4.958988968171711,51.95590785366346],[4.959120982399722,51.95579418255898],[4.959565600277471,51.95539312324591],[4.959634014905561,51.9552360764331],[4.959599307216509,51.95521437831958],[4.95981618705645,51.95504888266779],[4.96015305165546,51.9548101180834],[4.960209477234625,51.954842680847584],[4.960392527731747,51.95471571108659],[4.961298299759954,51.95523222675843],[4.96137922671124,51.95528914610937],[4.962323286891571,51.95575905315394],[4.962708183325695,51.955516859442774],[4.963599208510862,51.95590477115448],[4.964273181097549,51.95601595475354],[4.963873906033697,51.95701222107588],[4.96415717136432,51.957057282808],[4.964090224536878,51.957214337458836],[4.96427465107439,51.95725005505514],[4.964249335694598,51.95731198337562],[4.964540071787539,51.95733639792624],[4.965023008424218,51.9573435250642],[4.9650571542469,51.957425441214],[4.965138774220957,51.957409555122794],[4.96546224549054,51.957511384288395],[4.965284012059112,51.95774534003282],[4.965314741558326,51.95896516359682],[4.965333463479418,51.959759797023935],[4.96491024301634,51.95974299846507],[4.96435863135803,51.95976438669205],[4.963370747743697,51.95976442710622],[4.962613872334432,51.95979854992769],[4.962136218603103,51.95984536189657],[4.961786864377101,51.959863873366395],[4.961252477927587,51.95990957774957],[4.961070415207304,51.95993049035024],[4.960640692210669,51.95998555933632],[4.959869579516176,51.96013915738446],[4.959693172113691,51.960177166184465],[4.959388495744022,51.960239875597296],[4.959268913353148,51.960269102087025],[4.958908598912281,51.96036845992334],[4.958147944713564,51.96064432577613],[4.95806755651726,51.96068268229326],[4.957975597804808,51.960713805894],[4.957759423077746,51.96080200122811],[4.957449858914138,51.96091861763877],[4.95872120759276,51.958508096286224],[4.958925667396544,51.958121444613944],[4.959299489090411,51.95751879043027],[4.959527309928815,51.95712233551187],[4.959709755342198,51.956754477854204],[4.959843472489745,51.956461944715635],[4.959893832118552,51.95636775037083]]]]}},{"type":"Feature","properties":{"gezicht_uri":"https://linkeddata.cultureelerfgoed.nl/cho-kennis/id/gezicht/10134447","gezichtsnummer":"1579","naam":"Zeist - Wilhelminapark"},"geometry":{"type":"MultiPolygon","coordinates":[[[[5.244128553380882,52.08494253338647],[5.246894534152791,52.08501146838476],[5.247609711062644,52.08492063879502],[5.248463655738469,52.084775141084414],[5.248562082510028,52.08502782080963],[5.249240945732896,52.08488390918589],[5.249540258591042,52.08481055689184],[5.250481882862048,52.084615712605775],[5.254385261994217,52.08733815522114],[5.253448445382346,52.08786379590497],[5.254025051982386,52.088260820658554],[5.253688882079058,52.08845637991855],[5.253945157433744,52.08863193637681],[5.253160234916956,52.08909752630558],[5.253230110092125,52.0891515338898],[5.25328538369665,52.089209120073484],[5.252642904849518,52.089366578497454],[5.251683347171575,52.088707555917075],[5.251367680907752,52.08887347158039],[5.251375431902008,52.08920424025228],[5.25046772312219,52.08972989064842],[5.249251871126702,52.08891415912268],[5.249046317132179,52.08885639514957],[5.248214866793821,52.08831164225778],[5.24846339878165,52.08815374532217],[5.247959563486405,52.087831379943594],[5.248009422812062,52.08775054643089],[5.247510786445949,52.08763491014714],[5.247441882988712,52.08727261054394],[5.247089586942835,52.0870196287276],[5.246693555355249,52.0867567069163],[5.246044881703706,52.086568981271974],[5.24605552834871,52.086431476981204],[5.245979869760203,52.08636487492735],[5.245971024994414,52.086393626071036],[5.245562855821292,52.086281684991285],[5.245287742518133,52.08608002221685],[5.245255975175538,52.085975722709584],[5.24446829065233,52.08546335265683],[5.244440535716098,52.0854741047225],[5.244223650578316,52.08531655129457],[5.244438497667252,52.08519816933282],[5.244122102839681,52.08513486969533],[5.244128553380882,52.08494253338647]]]]}},{"type":"Feature","properties":{"gezicht_uri":"https://linkeddata.cultureelerfgoed.nl/cho-kennis/id/gezicht/10134494","gezichtsnummer":"1633","naam":"Vreeswijk Uitbreiding"},"geometry":{"type":"MultiPolygon","coordinates":[[[[5.093568375560195,52.00363924797131],[5.093518597187372,52.00323465504091],[5.093672494683168,52.002639121424544],[5.095604636176101,52.00291806231883],[5.097303912169821,52.00317842193939],[5.098248109305874,52.00332545278319],[5.097948343605962,52.00396647375724],[5.098054341424629,52.00401527034488],[5.098520192226474,52.00426898161915],[5.098929482537292,52.00448659980337],[5.099322918671716,52.004679010853536],[5.099746975907101,52.00486610242119],[5.100050562727738,52.00498998138539],[5.100188599124204,52.00503975298222],[5.100184017261008,52.00507299811936],[5.100220218901105,52.00510544384368],[5.100374005527187,52.00519749810265],[5.100439363191309,52.00522552068202],[5.100511876303716,52.00527333466556],[5.100560869591295,52.00535524647351],[5.100557577736675,52.005414560514836],[5.100526074973126,52.00555829486134],[5.100504996409111,52.00566610181911],[5.100669431581656,52.005915474922986],[5.10073146436051,52.00600820420711],[5.100748757188311,52.006037008482544],[5.100742770925986,52.006062160849226],[5.100709044528426,52.006098031552376],[5.100671046552062,52.00611861193002],[5.100570401131494,52.006142635089155],[5.100310664877475,52.00622019978943],[5.100252202458346,52.00625241481563],[5.100227300116782,52.00627482460039],[5.100206743904954,52.00630084024835],[5.100181864522766,52.00631965480373],[5.098660706626453,52.006649398930335],[5.098615056189813,52.00650098193569],[5.098333721767058,52.00563472939944],[5.09811806959803,52.00565127771327],[5.0980057845206,52.00567347246621],[5.097925672756019,52.005675073319004],[5.097017481501078,52.005582956727835],[5.096997280885742,52.00577884950564],[5.096993582971708,52.005900180966755],[5.096673180700098,52.00589939085527],[5.096410911012736,52.00591761865012],[5.096480653388621,52.00639236732303],[5.096490591761303,52.006431939896956],[5.096612503909316,52.006722559355296],[5.096674197511605,52.00686652262274],[5.096809983592974,52.00726413553313],[5.096380002146763,52.00731520584761],[5.096197873840573,52.007326440532644],[5.096050833749239,52.00731708886507],[5.094692383513042,52.007477307178156],[5.094529794280834,52.00694929643329],[5.095147802899529,52.006875330095305],[5.095082230917846,52.006656754418614],[5.095286278805449,52.006633891159105],[5.095210488357554,52.00641888548959],[5.095114918063187,52.00611035351305],[5.094974023969758,52.00605247950459],[5.094911530794794,52.00580874440749],[5.094923638654912,52.005738666568504],[5.094734615910086,52.00524474547809],[5.095014452247884,52.00521218390782],[5.09500156761104,52.00517799680345],[5.095444608014342,52.00513145799657],[5.095472963255458,52.005250172388706],[5.09625297496262,52.00511907710835],[5.096270696025371,52.00508137048877],[5.09639519073338,52.00497292090228],[5.096412853342488,52.00494420230857],[5.096448389387856,52.004180293689885],[5.096291731994623,52.00385902824137],[5.09645273607745,52.003509785182395],[5.096284050569309,52.00347161810683],[5.096143005766469,52.003438013215835],[5.095858004212679,52.0033707957199],[5.095756250690813,52.00334178167625],[5.095420783092242,52.003197139716605],[5.095284301704237,52.00313388405781],[5.095159342203258,52.003090430847266],[5.095061841528056,52.00307940313867],[5.094023007160337,52.00315411951749],[5.094091669433394,52.00334394138396],[5.0941877024548,52.003579671114494],[5.093568375560195,52.00363924797131]]]]}},{"type":"Feature","properties":{"gezicht_uri":"https://linkeddata.cultureelerfgoed.nl/cho-kennis/id/gezicht/10134497","gezichtsnummer":"1636","naam":"Vlist Uitbreiding (Bonrepas)"},"geometry":{"type":"MultiPolygon","coordinates":[[[[4.823776407785246,51.97711945260359],[4.821846589803758,51.976760548301705],[4.82165243949975,51.97715240694073],[4.8207176131229,51.97649265783383],[4.819318982345743,51.97706207022167],[4.820377800354364,51.97562544126117],[4.821277573435677,51.973984900601785],[4.821914320001686,51.972885987177996],[4.822115019356338,51.972665837322744],[4.822956399226931,51.97288200102806],[4.823381446708646,51.97299100033051],[4.823826407851021,51.972905045780585],[4.824332736137729,51.97279960873755],[4.825029652441954,51.972582725700434],[4.825506359003334,51.972401639761316],[4.825712004925852,51.97224981905702],[4.825825385031782,51.97214429731861],[4.825881965542584,51.97204209984297],[4.825976646177512,51.971802562004925],[4.826080399835953,51.97165205224018],[4.826239883920373,51.971583602302154],[4.826419493478287,51.97153502249575],[4.826794101523921,51.97148737140954],[4.827234608331636,51.97140677582441],[4.827369595591008,51.97143528217484],[4.827732225301364,51.97129768739665],[4.828433701462713,51.97082823272912],[4.828642084048125,51.97068900364194],[4.828825201636043,51.97059189962564],[4.829276047198374,51.9703810141106],[4.829506543100818,51.97021851859804],[4.829620266452646,51.970084232055875],[4.829727669470382,51.9697557666261],[4.829817233748091,51.96957462587684],[4.830075165749558,51.9693115894654],[4.830372026612131,51.96907749953797],[4.830619460743769,51.96895642853016],[4.830921887731304,51.968859885648854],[4.831248326964851,51.968821879886136],[4.832822178429793,51.96887784395377],[4.833228459822851,51.96885548913675],[4.83353063662507,51.96877871280385],[4.835210586812863,51.968017202516705],[4.835434609970385,51.96790499994673],[4.835636535006468,51.96757787129287],[4.83574075191347,51.967504655215485],[4.835892323950803,51.96748559119627],[4.836460490661382,51.96766981745163],[4.836572290306502,51.96769011518777],[4.836770491752514,51.967665875250354],[4.837050210282888,51.96752067321841],[4.837175280567994,51.96740800456586],[4.837805777690804,51.96713680536901],[4.838774397458586,51.96646450056738],[4.839030694275303,51.96621042537707],[4.839501072342419,51.96570297562513],[4.83958199814125,51.96562964772125],[4.839796840849986,51.9655524487886],[4.839987153383659,51.965577602788194],[4.840374090722088,51.96570703685887],[4.840477277492379,51.96571740365675],[4.840675402478336,51.96569854983343],[4.84112910880578,51.96560268350025],[4.84161601446679,51.965408996166616],[4.841935054223323,51.965258571898495],[4.84224216046711,51.964892370615395],[4.842388743414525,51.96456407521547],[4.842568629929175,51.96436896169576],[4.842602242547032,51.96423698826192],[4.84256617486522,51.96397166435111],[4.842561037307778,51.963795468495476],[4.842640859495606,51.963692471760204],[4.842984966615741,51.9635133979073],[4.843080911688078,51.9634005882522],[4.843222877190317,51.96285205531564],[4.843220233171733,51.9627100268132],[4.843070935422762,51.96254305144314],[4.843064499628542,51.96247381120698],[4.843145882148139,51.96236183296602],[4.843289237753259,51.96229867844068],[4.843414310459106,51.962183306667164],[4.84356207694542,51.96199613265887],[4.843819482260422,51.96176632077138],[4.844143440511788,51.96156737604854],[4.845251287238189,51.96115542470422],[4.845547364337328,51.96097522325926],[4.845835652738197,51.96071678638436],[4.846061552096888,51.96044368041858],[4.846167750045634,51.96020328050853],[4.846154107931575,51.96000727122282],[4.846027847327782,51.95986017992904],[4.845881187314044,51.959715691133226],[4.845877004340137,51.95957994743425],[4.846037477058421,51.9594233892523],[4.846300937908005,51.95929247191486],[4.846460985940831,51.95917096586397],[4.846462999395352,51.959003791354455],[4.846536406721137,51.95882795663757],[4.846705235387377,51.95870199642468],[4.846841202921714,51.95864689318],[4.847008510368751,51.95852631857017],[4.847253909101018,51.95820296493411],[4.847394800726024,51.95810114410481],[4.847655739918135,51.957936955185076],[4.847739861094379,51.95783757004374],[4.847688151155441,51.95766116072476],[4.850435078060608,51.95813393245948],[4.848496100786494,51.95992274313882],[4.845654846278709,51.962558570360265],[4.843097404371746,51.96504104208805],[4.842824396424282,51.965235725523094],[4.842515564885349,51.96562439123487],[4.841856576318682,51.96596918813009],[4.841109486546423,51.966258743371775],[4.840835357590043,51.96642465422396],[4.84049608828423,51.96656239779866],[4.840087749724328,51.96675554709308],[4.838930151807351,51.9672939542219],[4.838499023857859,51.967445645316744],[4.837636343552986,51.96790182307608],[4.837376311600083,51.96798419992046],[4.835378956829958,51.96888087588268],[4.833791989534497,51.9694163190881],[4.832546859649965,51.96984279609669],[4.831741093711522,51.970159879380425],[4.823776407785246,51.97711945260359]]]]}},{"type":"Feature","properties":{"gezicht_uri":"https://linkeddata.cultureelerfgoed.nl/cho-kennis/id/gezicht/10134506","gezichtsnummer":"1645","naam":"Noordeloos"},"geometry":{"type":"MultiPolygon","coordinates":[[[[4.957098374905346,51.91345980678687],[4.956712909694617,51.91318874483244],[4.956308157052224,51.91311086080904],[4.95614300102018,51.91305542627895],[4.954815649183027,51.91234136925982],[4.954186466050774,51.91202625804508],[4.953608105323714,51.91171672391746],[4.953499549784736,51.91167048276843],[4.952711417885503,51.91126219680984],[4.951790286652146,51.91078240480351],[4.951110552636996,51.91043922573144],[4.95101789270016,51.91040292844751],[4.950286263855787,51.91001730662468],[4.950069386498927,51.90990234796008],[4.946338649281083,51.907988272064784],[4.945917811154435,51.90777906135816],[4.945576427813882,51.90865414623269],[4.943221211101728,51.908160800319465],[4.942799062380127,51.90808550034044],[4.942173914503086,51.9079644885498],[4.942748673712642,51.90656717213195],[4.942931138724672,51.90619034984879],[4.943176332893268,51.90578859678154],[4.942761569757889,51.90570343726308],[4.942559801245832,51.905681102050345],[4.941805699656337,51.90552544442414],[4.940816487341672,51.905340126456615],[4.941154987200732,51.90461604879274],[4.939928130510026,51.90465812620643],[4.939528074169779,51.90557881159873],[4.939331430934661,51.90606343529601],[4.939032322624381,51.90676788342818],[4.938458556336421,51.906597611555476],[4.938373207136448,51.90655863562894],[4.938198858758682,51.90640966140163],[4.938008078271054,51.906305566042136],[4.9374450958932,51.90607510820841],[4.936935308404288,51.905902377116995],[4.936087129926841,51.90556565574395],[4.935351132051977,51.90520149550006],[4.934785768298998,51.904921579523894],[4.934150836232461,51.904624314727094],[4.936044632847938,51.9002416688536],[4.936175315331417,51.90025025997965],[4.93667448377203,51.900315992090086],[4.936864457812758,51.90035267373412],[4.937721290709654,51.90054111459558],[4.938185351800928,51.9006309746604],[4.938671352338026,51.9007065351881],[4.939284101035422,51.900748420924046],[4.939348173847985,51.90073428366472],[4.939939933784527,51.9006951904775],[4.94036232086712,51.90073904253607],[4.940484531386248,51.90116196145949],[4.940646472558199,51.90168120695554],[4.941205619170269,51.9020015190207],[4.941922332803745,51.90299206033151],[4.941937319358915,51.90309278704497],[4.941986502358433,51.90326195503481],[4.94240923001173,51.90371477252945],[4.942584795062625,51.90388801379768],[4.942885004380343,51.90409408423094],[4.943209927363741,51.90429934840235],[4.943667844834557,51.904427813484546],[4.943417649984478,51.90460124376941],[4.943649582859121,51.904658746057585],[4.943993349937892,51.90472206266632],[4.944213889754176,51.9047561510767],[4.944919112441854,51.90485767905983],[4.945069764375982,51.904905884275486],[4.945499509147809,51.90479694288394],[4.945665451211224,51.90476790469639],[4.945915618540521,51.90474457554771],[4.946700587774536,51.90471606064843],[4.947391466585309,51.904650336108],[4.948886791876562,51.90479344405882],[4.949164391073266,51.90478818705247],[4.950093199127189,51.904911190250125],[4.950568182444329,51.90493093242011],[4.950867055306698,51.90497968069666],[4.951364034714713,51.905128933971355],[4.957181701622263,51.90763474867764],[4.957941726061121,51.90839704416216],[4.958176344975704,51.90909090420609],[4.959234169869296,51.91139758061751],[4.95917708930012,51.91143961812605],[4.959152366180416,51.91144132577742],[4.959026348952423,51.91139682383387],[4.958892748730548,51.91138555108973],[4.958295599786288,51.9113671947721],[4.958086317160694,51.91136732982922],[4.958013558188369,51.911376951413075],[4.957960922190712,51.91141001619184],[4.95778028720683,51.911606201753024],[4.957750783395256,51.91165193465374],[4.957704454135546,51.91193759551984],[4.957637028629382,51.912149474650235],[4.957098374905346,51.91345980678687]]]]}},{"type":"Feature","properties":{"gezicht_uri":"https://linkeddata.cultureelerfgoed.nl/cho-kennis/id/gezicht/10134532","gezichtsnummer":"1657","naam":"Utrecht"},"geometry":{"type":"MultiPolygon","coordinates":[[[[5.121023471898154,52.09800518491216],[5.120782075247753,52.098105306003625],[5.120691524106149,52.098116785864974],[5.120583765731592,52.09807699484201],[5.120451562624296,52.09797602965422],[5.119405143280625,52.097006543148396],[5.119232773842627,52.09703401455705],[5.117681285213325,52.0970646333511],[5.116692121046245,52.097017428109254],[5.115980604529602,52.09690973468501],[5.115612887732515,52.09618175441904],[5.115807340956954,52.09564112093401],[5.115879866039284,52.09547321110854],[5.115553361025716,52.095410441781276],[5.115363888072146,52.09537135648335],[5.115108889619732,52.09530875074342],[5.11444742532466,52.09513465181502],[5.114660184948424,52.094704615617836],[5.115974238745694,52.094830781887325],[5.115951874086692,52.0941871852435],[5.116036539649307,52.09370112580605],[5.116146113278381,52.093438926303534],[5.114858535523405,52.093284960014],[5.114889253462884,52.092793383861476],[5.114889931877707,52.0926819334302],[5.114928282763786,52.092374630181126],[5.11517546553447,52.09203994586595],[5.115353353603691,52.09182194613344],[5.116000102085643,52.091286847922724],[5.116155415221926,52.09118114586715],[5.115685499815317,52.09095086902582],[5.115567783813264,52.090872401718435],[5.115679055057439,52.090810640343335],[5.115341004102479,52.090732564023114],[5.11572075602034,52.090190559719545],[5.116188072120477,52.089644261425114],[5.115281903217897,52.08941297934873],[5.117687656945504,52.08680297454817],[5.117294569992183,52.086661861414484],[5.117541567984669,52.08634964166737],[5.117823648515088,52.08602581705772],[5.118344844704445,52.085485025892126],[5.119295286520675,52.084403227658974],[5.119642437467933,52.08392854681157],[5.119844145625009,52.08362161220714],[5.120192282182225,52.08297975371024],[5.120371438801429,52.08253884474335],[5.120592109225533,52.08198567839159],[5.121035619493055,52.08075711134434],[5.121135513475128,52.08064049179569],[5.121281859070271,52.080562625689865],[5.121535958272075,52.080518258163906],[5.121727029815199,52.08052408142645],[5.12189897175394,52.0805577243789],[5.122143620124548,52.08063107811684],[5.123030056068332,52.08096832308698],[5.123148087940855,52.080991057704345],[5.123229713005208,52.08100292499775],[5.123492502149368,52.08096935840562],[5.123683967523236,52.08090866759074],[5.123937965858102,52.080881372011326],[5.124043423728396,52.081305844746446],[5.124752774303286,52.08124630705081],[5.124925079497051,52.081218827455814],[5.125338843155587,52.08106335465971],[5.125392756535748,52.08107426009048],[5.125756786115068,52.080941145567444],[5.126192070078925,52.08084683642806],[5.126337103013198,52.08099276428862],[5.12638990083571,52.08119511284405],[5.126454877787292,52.08131030395794],[5.127171695346196,52.08247584299138],[5.12729770873949,52.08263251335866],[5.127968731879878,52.08339977462147],[5.128276692583478,52.08362964721911],[5.128411851214906,52.083719824698484],[5.128768936879167,52.084033392883406],[5.129347495059561,52.08439777773699],[5.13003435000696,52.08470577112977],[5.130239488065687,52.08480598598122],[5.130435754726861,52.084926853715714],[5.130525895151636,52.084981877216315],[5.13059247605813,52.08507459926999],[5.130632419791278,52.08523287623554],[5.130656644979848,52.085333595334504],[5.130654644946025,52.08542796571765],[5.130636910596328,52.085467474636026],[5.130540005226511,52.08557422175785],[5.130440165971833,52.08568365883071],[5.130262706191965,52.08584415868894],[5.130230391839403,52.085881838156816],[5.129975735348222,52.086273162683014],[5.129907861893483,52.08640513920169],[5.129776242597827,52.08671224385532],[5.129390194011058,52.08787535512401],[5.129384207635662,52.087901407428134],[5.129384047087456,52.087929270083976],[5.129389727913907,52.08795624670554],[5.129398363097791,52.087976938139704],[5.129411359905317,52.08800033552918],[5.129609562940371,52.08829377966592],[5.129624055230512,52.088310888651314],[5.129642950584298,52.08832351321985],[5.129661851122205,52.088335238989956],[5.129693872880183,52.08834879102694],[5.129727374408407,52.08835875105998],[5.129924073885668,52.08840681716857],[5.130112045216529,52.08845036988451],[5.130206739902292,52.08847574290132],[5.130294118718345,52.08850469512817],[5.130374186830589,52.08853632778597],[5.130451311129995,52.088572448011654],[5.130537122949506,52.08862027158248],[5.130759593213178,52.08875467781129],[5.131152108458672,52.08900629783934],[5.131227677413071,52.089059491497075],[5.131294456040625,52.0891189576732],[5.131314723909102,52.08914686465905],[5.131327680937978,52.08917745219591],[5.13133195026474,52.08919633639555],[5.131324603415013,52.089205308516895],[5.131093352082515,52.08932974055198],[5.130391067882312,52.089662569065446],[5.130063277956262,52.08982723506679],[5.1295306918236,52.090081333435826],[5.129153104016653,52.090277346294094],[5.128864748245856,52.0904340059954],[5.12846217769658,52.09065962250862],[5.128434313732588,52.09068382913341],[5.128371082026138,52.09076817814381],[5.128273421091153,52.09100255216907],[5.128120489960522,52.09145791100981],[5.128025343612613,52.091761498407664],[5.127956789384254,52.092008519397126],[5.1278957022569,52.09222589615782],[5.127892492142281,52.09227622223985],[5.127901033693788,52.09231309207283],[5.127916912893545,52.09234278759111],[5.127931364174522,52.092367087131024],[5.128035853312565,52.0924661854982],[5.12821457476181,52.09259780385104],[5.128599979583608,52.092820654786564],[5.128960830629914,52.09300030799201],[5.129494710386247,52.09328819506604],[5.129689511610841,52.093416251070074],[5.129642397197229,52.093488951447476],[5.129394839538344,52.09365289194465],[5.12838369511225,52.09413693090968],[5.127566955506372,52.0945620682091],[5.127376749985686,52.09464793462035],[5.127255233878969,52.09471597604913],[5.127190733476842,52.094766166968405],[5.127145234824448,52.094811006924594],[5.12713161541907,52.094894565822436],[5.126935147880419,52.095805521314645],[5.126917118474556,52.09589446327563],[5.126954621239766,52.09597004571698],[5.127503887240071,52.097130715698825],[5.12784388462936,52.09789185327071],[5.127852578547612,52.098154323527204],[5.127778311473858,52.09837796267556],[5.127668372301533,52.09846130965938],[5.127523532485477,52.09852300836927],[5.127405222410832,52.09853982508947],[5.127295767844783,52.09853958390948],[5.127106083184865,52.09853287406758],[5.126670017567532,52.098481578405575],[5.126081136706522,52.098358038435755],[5.125500926013155,52.098249794447064],[5.12520184694361,52.09823295186307],[5.124548539046536,52.098147010887345],[5.122674642478127,52.09741119469184],[5.122573946850561,52.09741096876979],[5.122483365658511,52.097427842771864],[5.121023471898154,52.09800518491216]]]]}},{"type":"Feature","properties":{"gezicht_uri":"https://linkeddata.cultureelerfgoed.nl/cho-kennis/id/gezicht/10134534","gezichtsnummer":"204","naam":"Amersfoort - Bergkwartier"},"geometry":{"type":"MultiPolygon","coordinates":[[[[5.372727040779607,52.14537457614673],[5.372734349210219,52.14536289270815],[5.372908191309548,52.14539257387559],[5.372971008238025,52.14540336691635],[5.37304697279871,52.14541685786688],[5.373125859283491,52.14543034911318],[5.373181372178604,52.14543934359142],[5.373239806419749,52.14545013597384],[5.373273406370654,52.145455532665814],[5.373317232357737,52.14546272812693],[5.373400502101656,52.14547532090511],[5.373456015108041,52.14548431525398],[5.373562658906289,52.14550050578424],[5.373594797992584,52.14550590221769],[5.373672224396594,52.145517595343414],[5.373721894009489,52.14552569011044],[5.373740885454956,52.145528388636066],[5.373853372436674,52.145547275944665],[5.37389427698569,52.145553572070334],[5.373983390310274,52.14556796267637],[5.374054973147821,52.14557965490369],[5.374057894513023,52.145581452813666],[5.374073962025851,52.14559134131749],[5.374101715279815,52.14560752266108],[5.374222952803454,52.145680338228864],[5.374215637480813,52.14571718799593],[5.374369033499761,52.14572978769368],[5.374374877295336,52.1457297883213],[5.374379259632203,52.1457315863802],[5.374519497875426,52.14577743985413],[5.374538488469416,52.14578373342785],[5.374558939768336,52.14579092594723],[5.374680188489891,52.145827789276815],[5.374715248362635,52.145838578475704],[5.374916842715724,52.14590151496089],[5.37510241398295,52.14578918461673],[5.375211966482833,52.145860200393955],[5.375476355235967,52.146029199913315],[5.375509950321702,52.146056167026586],[5.375518712135734,52.146071447383164],[5.375518708656218,52.14608492929498],[5.375507017488994,52.14609841006445],[5.375707202682388,52.14596630672913],[5.376190782170553,52.1459546678776],[5.376193703864698,52.14595556694045],[5.376198086733572,52.145955567343414],[5.376202469384244,52.14595646654036],[5.376206852253203,52.14595646694297],[5.376211235122166,52.14595646734545],[5.376215617991125,52.14595646774777],[5.376220000860087,52.145956468149905],[5.376224383729046,52.145956468551915],[5.376228766815678,52.14595557015956],[5.376233149684552,52.145955570561256],[5.376237532770919,52.1459546721686],[5.376244831031821,52.145981636661496],[5.376285709034163,52.146101180016984],[5.376313451960645,52.146164996926586],[5.376335353907343,52.14621712897545],[5.3764244558785,52.14628814176332],[5.376364541823392,52.146348355560605],[5.376409815386827,52.14641756679478],[5.376434640797374,52.146464306321896],[5.376674173156776,52.14675373930293],[5.376804159785989,52.146931711871424],[5.376959032252552,52.14689757103734],[5.377017453979473,52.146976669888765],[5.37702329571986,52.146986557119035],[5.377068572959597,52.14704678015312],[5.37708902003561,52.147077340875555],[5.377115308917558,52.14711778881977],[5.377144518643026,52.14716362976674],[5.377148900634771,52.14716812410417],[5.377163505225434,52.14719239276518],[5.377205859875592,52.14725710946949],[5.377210241091022,52.14726519898034],[5.377256977306036,52.14733710638218],[5.377264279754818,52.147348791308914],[5.377296408456113,52.147409911955286],[5.377312472643894,52.147441371068865],[5.377329997273751,52.14747552668211],[5.37733729937357,52.14748900919189],[5.37736358755394,52.147534849841335],[5.377373810328092,52.14755462414568],[5.377379652028533,52.14756541015124],[5.377413241860856,52.14762742967711],[5.377420543623297,52.14764270976912],[5.377461435938265,52.14771731299024],[5.377461435745405,52.14771821178412],[5.377474579671171,52.14774248028571],[5.377503788638276,52.1477955114898],[5.377512551092561,52.14781258928152],[5.377544680467599,52.14787370985549],[5.377572428964295,52.147924943336115],[5.377511063598472,52.14793662271473],[5.377551956524994,52.1480103271069],[5.377632294256713,52.14809841533795],[5.377712639254313,52.148153248142194],[5.377858721372185,52.1482539245107],[5.377984351484933,52.1483456111902],[5.378185913991658,52.14864941878665],[5.378229727940897,52.148737503853845],[5.378248709696516,52.14879772444987],[5.378269146903334,52.14888670654928],[5.378283709116649,52.14913297710266],[5.378216496256716,52.149153644348395],[5.378239849665372,52.14927318564986],[5.378252986864183,52.1493361021845],[5.378344995739568,52.149532944807014],[5.378553894547095,52.14971541512114],[5.378661995019805,52.14981878410983],[5.378663455765216,52.149820581800746],[5.378664916679384,52.14982148069802],[5.378667838507893,52.149823278492576],[5.378667838339314,52.14982417728614],[5.378688289800546,52.14984395219438],[5.378742340202048,52.14989608603542],[5.378800773327146,52.14995181533161],[5.378805155759378,52.149956309605386],[5.378853363890906,52.149998556257614],[5.378929328741102,52.1500632746399],[5.378960009531808,52.150074961061414],[5.378974619468726,52.15008035482244],[5.37904766952814,52.15010552601339],[5.379075432684305,52.15009204598839],[5.379141177834272,52.15011452024731],[5.379206922261821,52.15014148843705],[5.379258056767044,52.150163062866],[5.379260979268356,52.15016126547174],[5.379271205987484,52.15016665890683],[5.37924782628467,52.15017924047386],[5.379249287379217,52.15017924057039],[5.379253670349292,52.15018103844681],[5.379313571338723,52.15020351222341],[5.379323800093733,52.150197221338416],[5.379367628776613,52.15022149162202],[5.379370550814045,52.150222390605535],[5.379373473005967,52.15022239079549],[5.37937785629385,52.15022239108033],[5.379380778485773,52.150222391270084],[5.379385161773656,52.150222391554635],[5.379388083965577,52.15022239174421],[5.37941146380507,52.150208911355975],[5.379442144363155,52.15022329403222],[5.379456754101502,52.15023048532042],[5.37952980316629,52.150264644147015],[5.37954733482571,52.1502736331969],[5.379602852342892,52.15029880292819],[5.379656908823401,52.15032397254178],[5.379713887270063,52.15035093989897],[5.379716809322944,52.15035183887392],[5.37978255240197,52.15039138985034],[5.379789858493395,52.150387795125695],[5.379890666570691,52.15043723491984],[5.379963716305938,52.15047139347654],[5.380038226835269,52.150508248454905],[5.380109815693236,52.15054240683396],[5.380114199570382,52.15053881191758],[5.380121504266124,52.150544205107],[5.380210623236502,52.15059993549433],[5.380198930237366,52.15062689862012],[5.380045497433241,52.15073114966049],[5.380010430164234,52.15073474274965],[5.379892072260416,52.15078327048179],[5.379781019971126,52.150830000957754],[5.379599829170624,52.15090458952122],[5.379469780343877,52.150959407644095],[5.379310506892307,52.15102500923227],[5.379287127219282,52.15103489442514],[5.379157077470072,52.15109061099536],[5.379040178820739,52.151139137967334],[5.378728934722509,52.15126944148527],[5.378321246380571,52.15143838520296],[5.378289098750521,52.151451864722226],[5.377953009426918,52.15158935468662],[5.377672447020922,52.15170078310785],[5.377520475548097,52.151759192504414],[5.377302746519346,52.15184276250616],[5.377228221597778,52.15187151771505],[5.377184383328738,52.15188859113234],[5.377076249162911,52.15192902774432],[5.376120567477788,52.152290258023584],[5.37598174401575,52.15234237509614],[5.375790313684633,52.152412462863026],[5.375787391122745,52.15241336137747],[5.375783007166344,52.15241515854554],[5.375780084377382,52.15241695585292],[5.375777161588184,52.15241875316023],[5.375774238798752,52.15242055046746],[5.375771316009084,52.152422347774625],[5.375769854387212,52.15242414522137],[5.375766931597132,52.152425942528424],[5.375765469747921,52.15242863876826],[5.375764008125604,52.15243043621487],[5.375761085107746,52.15243313231491],[5.375759623485106,52.15243492976151],[5.375759622803626,52.15243762614096],[5.375758161180782,52.15243942358752],[5.375756699330598,52.15244211982722],[5.375756698648942,52.15244481620665],[5.375756697967288,52.1524475125861],[5.375756697512851,52.15244931017241],[5.375756696831194,52.15245200655183],[5.37575669614954,52.1524547029313],[5.375763947724312,52.15266951518824],[5.375777015976462,52.15299577833619],[5.374456098097507,52.15301362067957],[5.374459027059393,52.15299025237172],[5.374058661943555,52.152990208991596],[5.373735739447827,52.15299107180551],[5.373637842106193,52.152983870378684],[5.373569168789569,52.15297577341848],[5.373491728928665,52.15296587782552],[5.37338214467293,52.15295058570571],[5.37294966079531,52.15286514949329],[5.372854689077858,52.15284895983461],[5.372740721207352,52.15283546417753],[5.372628213716148,52.1528246649681],[5.372520089529312,52.15281476498409],[5.372413425687281,52.15280756146139],[5.372229324392697,52.152785068661714],[5.371720844919612,52.15275264716974],[5.371023865231665,52.15274536424993],[5.370622052710979,52.15271385124878],[5.370484709361913,52.152694058603814],[5.370405806817646,52.152691351124176],[5.370334210166256,52.15268864462667],[5.370291834019495,52.15269403137643],[5.370259681708607,52.152711103876584],[5.370233369008157,52.15274165909721],[5.370226060407394,52.15274884840073],[5.370082863535822,52.15275242307494],[5.369759943729343,52.15275057862541],[5.369026429130228,52.152757659235505],[5.368490163023097,52.1527899326756],[5.368253449220934,52.152796186765066],[5.367470264536021,52.15277808356927],[5.36731683909266,52.1527816531882],[5.367121034597026,52.152796000976444],[5.366935454596076,52.15281843932095],[5.366828780251119,52.15283639695399],[5.366694341722288,52.15285794487746],[5.366587669245282,52.15287140832704],[5.366505840537599,52.15287678686944],[5.366431318555087,52.152880369045675],[5.366282279570468,52.152876747740244],[5.365798637478749,52.15285688819115],[5.364857649141778,52.152830649988495],[5.364821122294725,52.152825250355065],[5.364761223291663,52.15280636440131],[5.363506062163331,52.15281960255798],[5.363463685068618,52.15282498685447],[5.36339354075799,52.15283935350408],[5.363326314468271,52.152861809836764],[5.363282468474405,52.15288157446295],[5.36324739098055,52.15289864446232],[5.363207924148506,52.152926499082],[5.363177217651261,52.15296693856454],[5.363139179653079,52.153055012588204],[5.36309676275207,52.15313409777866],[5.363054358259575,52.153189814335214],[5.363026578666584,52.1532212664411],[5.36299003137967,52.15325361554609],[5.362933028749957,52.15328326408173],[5.362851202744191,52.15328144974466],[5.362649559659468,52.153277813050835],[5.362420166283178,52.15325170039681],[5.362246278581865,52.153261550699405],[5.362162993953542,52.1532552416129],[5.361980359700103,52.153228239162374],[5.361940913015057,52.153218344051666],[5.361885389671727,52.15321473705211],[5.361882459177949,52.15322911711645],[5.361217672980782,52.1531301062215],[5.361115401615716,52.15310941154763],[5.361040896614594,52.15308243135648],[5.360972228058547,52.15306983309781],[5.360921086967218,52.153068922991885],[5.360817355219644,52.15304732894284],[5.360441877492229,52.15296725228729],[5.360362984208897,52.152949258608885],[5.360139456474198,52.15289348267053],[5.359812203509464,52.15280802223711],[5.359693870469159,52.15277114434402],[5.359502493694119,52.15270998188682],[5.359214702290098,52.152612844687084],[5.359065696897606,52.15255798305922],[5.35872239668474,52.15243926044115],[5.358663968234754,52.15241048501706],[5.358500354837258,52.15235202398497],[5.35762240524971,52.15203183789981],[5.357005949025892,52.15180698422416],[5.355943963934999,52.15142022790003],[5.355391796387389,52.15122054890826],[5.354193991187906,52.15078520541695],[5.35373678584061,52.15061969921203],[5.353691521687768,52.15057924071537],[5.353856759135542,52.150401326198335],[5.353883075656797,52.15037886376035],[5.353934235520799,52.150350116737],[5.354027750571269,52.1503438513919],[5.354482190620513,52.15029184767765],[5.354781929431799,52.14999622694552],[5.355083124064098,52.14970240341933],[5.355262319506582,52.148376731063436],[5.355393807592593,52.14838395676614],[5.355429041758235,52.14814488704772],[5.355320979989814,52.14806846055695],[5.355378216898327,52.14770626198679],[5.355484867066537,52.147711683331245],[5.355495131636498,52.147658657234054],[5.355514261902894,52.1474645228522],[5.35541934684241,52.147393492719615],[5.355455878917682,52.14738361577397],[5.355489487701148,52.147375535623034],[5.355508486449033,52.147367451557635],[5.355534796544017,52.1473503815024],[5.355562570789102,52.14732881786199],[5.355580116104408,52.147309947869076],[5.355588904904852,52.14727759362871],[5.355697536976867,52.14653971261896],[5.355715125444074,52.146458825820126],[5.355747423726582,52.14623503465049],[5.355743066036538,52.14619908172746],[5.355737230373526,52.146187395854575],[5.355693453846752,52.146112784311214],[5.355661336706569,52.14607862159185],[5.355659885223664,52.146065139292816],[5.355665742328217,52.14604626617291],[5.355600066901862,52.14595007770474],[5.354214792514022,52.14634157456927],[5.354172415817248,52.1463532470919],[5.354084749043421,52.14636490695344],[5.353704857371283,52.146417829050705],[5.353609907029648,52.146400725087716],[5.353326519446827,52.14634671677553],[5.352946723820829,52.14627290648176],[5.352702779060011,52.14622519962349],[5.352371188885867,52.14616218702895],[5.351992856664976,52.14608927288505],[5.351180686113922,52.1459353349421],[5.350831572447476,52.14586781871477],[5.350830111494272,52.145867818266275],[5.350814043197191,52.14586511694935],[5.350502910208581,52.14580390296742],[5.3505014485218,52.1458048013088],[5.350478077720497,52.14579940130083],[5.350206383114776,52.14574808549168],[5.349886487588011,52.14568506955663],[5.349626480416178,52.14563555367993],[5.349585708925113,52.14547465656081],[5.349620976415949,52.14523019569859],[5.349651841928165,52.14500820327991],[5.34968122741117,52.14480868023639],[5.349706209600478,52.1446334232349],[5.349729718667474,52.14447254646831],[5.349763514671135,52.14423887059092],[5.349775271644414,52.14415528641774],[5.349785554928364,52.1440869812835],[5.349813467075677,52.1439009396291],[5.349838447487978,52.14372658136699],[5.349857545268681,52.143598958558975],[5.349864895318364,52.143544134405694],[5.34986782231133,52.143537843766026],[5.349917581812917,52.143430004085815],[5.349990760492218,52.14326734526902],[5.349996613659759,52.14325566277724],[5.350030257578271,52.14320264445553],[5.35011802549732,52.143062459997765],[5.350216033689844,52.142904302775435],[5.350302338107946,52.14276591530617],[5.35031111430967,52.1427524361189],[5.350314039709066,52.1427479430563],[5.350360831250563,52.142694029934574],[5.350488045826537,52.14254666709338],[5.350618181975229,52.142398406219],[5.35079218535885,52.14219712979522],[5.351081696709749,52.14186646192587],[5.351238148843739,52.14168675055144],[5.351423842457668,52.14147379238725],[5.351489638999291,52.14139831346664],[5.351571424195529,52.14142350434898],[5.351676720534114,52.141274336011975],[5.352059880457169,52.140726185346544],[5.352760365217292,52.13972513330556],[5.352979718029653,52.1394106185456],[5.353025057862642,52.13933603162862],[5.353397513250619,52.13938017943242],[5.35345447606269,52.1393882848253],[5.35351435295467,52.139406277766376],[5.353562537890566,52.13943235651546],[5.353591727830526,52.13946562022048],[5.353601924765552,52.13950337251036],[5.353613589865815,52.13953123846816],[5.353604787025665,52.13958246729838],[5.353604781641123,52.1395896576583],[5.353625104977739,52.139759535705124],[5.353654227970484,52.139882678888135],[5.353712558972195,52.14001571706529],[5.353765059984261,52.140131676458864],[5.3538700968812,52.14031775663047],[5.353972239725645,52.14046788408937],[5.35410358164676,52.14064138828466],[5.354335658382655,52.14089760944477],[5.354596969436868,52.14113226710372],[5.354658267554188,52.141208681520006],[5.354783814601976,52.14132196408502],[5.354909379104697,52.14141187785143],[5.355258379001636,52.14159892175275],[5.355327027662515,52.14161242215528],[5.355506669061236,52.14166729681038],[5.35561621569628,52.14168799833122],[5.355902506891746,52.141729418827964],[5.356101158186758,52.141758232543246],[5.356257455881455,52.14177265415925],[5.356435670902092,52.14177989089892],[5.356568606089788,52.14177902652544],[5.356780431614079,52.14176919432126],[5.356977654908924,52.141750370067044],[5.357249398943155,52.1417028028952],[5.357402809189019,52.14166599095763],[5.357572295854322,52.14161749850506],[5.35767896129842,52.141577978134315],[5.35786453504938,52.14150072782908],[5.357996047158391,52.141440541032566],[5.3581363324796,52.141366874315864],[5.358267851937095,52.141294104088146],[5.358487051804605,52.141170123662974],[5.358900650687336,52.14086463279059],[5.35899566580574,52.14076309159056],[5.359122834576519,52.14063459407797],[5.359301175629542,52.140432407280386],[5.359530693478028,52.140146644213665],[5.359827487560242,52.13972248178013],[5.359944473190292,52.139515785830596],[5.360115571734182,52.139198550314],[5.36017700480257,52.13906194744896],[5.36021654442149,52.13889567932767],[5.36021227457488,52.13870872893902],[5.360188969012155,52.138599070608684],[5.360202146245142,52.138547842275486],[5.360237228194698,52.138506505669305],[5.360272299841558,52.138482246161296],[5.360336585129777,52.138458892056576],[5.360590769055113,52.138424795115576],[5.360752912072613,52.138417641006384],[5.360833250569509,52.13841855768194],[5.360935495509836,52.138426669516555],[5.361240765169197,52.13845909332576],[5.361565017861045,52.13850320478579],[5.363457947746231,52.13879390937393],[5.36382163804701,52.13885060563924],[5.364283183226783,52.13893608115328],[5.364861569322718,52.139060225085274],[5.365717467316751,52.13924912993301],[5.366054862873884,52.139322891657415],[5.366311929188838,52.139374168444796],[5.366719440714917,52.13945153574946],[5.366996964210359,52.13949113022849],[5.36748920487339,52.1395604200846],[5.367741900504114,52.13959191953494],[5.368573024860888,52.13969181886607],[5.369291681624992,52.139774618358814],[5.370115519626675,52.13984664307085],[5.370171027010028,52.13985024620382],[5.370252831062467,52.13984576390095],[5.370409137346601,52.139831405324934],[5.37053622609676,52.1398233340223],[5.370936476697433,52.13981350260798],[5.371075250377366,52.139808128704715],[5.371127798802649,52.13991689001209],[5.371158444682574,52.140001380879866],[5.371180303744844,52.14014878621064],[5.371191946167729,52.140271922695604],[5.371169993401487,52.14038786430088],[5.371032494704585,52.14090645041593],[5.370946192370659,52.14122730845235],[5.37086428067566,52.14152210196036],[5.370856958375682,52.141572433466585],[5.370852549215352,52.14164613403711],[5.370862747239968,52.14172253299553],[5.370880249075357,52.14179983174788],[5.37093424981766,52.14193735473679],[5.370926870761224,52.14214497531832],[5.371383787344179,52.143068098987364],[5.371786709740115,52.14387437048903],[5.371810063713755,52.14393369394249],[5.371891839097385,52.14403526824816],[5.372163480215118,52.14429056044371],[5.372239414032078,52.14439033617637],[5.372281755319722,52.14446584021134],[5.372318247182732,52.14455931938772],[5.372490641661218,52.144537769714915],[5.372524209272079,52.14464023640923],[5.372525669016429,52.144643831766324],[5.372554860453232,52.144726524435775],[5.372598645485176,52.144857753778645],[5.372619078917221,52.14491797549859],[5.372550385812492,52.14500964409961],[5.372491922731575,52.145089629595645],[5.372477307001906,52.1451094012664],[5.372423228807277,52.14518219691421],[5.372357457648499,52.14527116937811],[5.372727040779607,52.14537457614673]]]]}},{"type":"Feature","properties":{"gezicht_uri":"https://linkeddata.cultureelerfgoed.nl/cho-kennis/id/gezicht/10134537","gezichtsnummer":"209","naam":"Laren - Brink"},"geometry":{"type":"MultiPolygon","coordinates":[[[[5.228494355029808,52.259711401491636],[5.228310788329094,52.25984597165816],[5.228307846122235,52.25984956281556],[5.228304503076388,52.25996550061939],[5.228183862232614,52.26011543432041],[5.228135045641695,52.26025018529429],[5.228117234831759,52.26031577209156],[5.22830883228803,52.26039422327162],[5.228260339742567,52.260438198209684],[5.228330495112671,52.260480535000774],[5.228393339873986,52.26051926682476],[5.228488379616495,52.26056613081702],[5.228560083362597,52.2605851013368],[5.228539513319036,52.26060304929244],[5.228458704103564,52.26067304549836],[5.228370542186195,52.26075112077095],[5.228197567247483,52.260789535788724],[5.228121876896161,52.26065641496475],[5.227960343474477,52.26077213987564],[5.227853647198232,52.26070818298712],[5.227673441748804,52.260720522953484],[5.227496562080877,52.260622317519655],[5.227483350629584,52.26063038867638],[5.227379571905058,52.26057003040644],[5.227285991580883,52.26052496504926],[5.227243366422424,52.2605662511706],[5.227238978737608,52.26056444768181],[5.227181638527962,52.26062458820356],[5.226902214279034,52.26053073698405],[5.226733383707889,52.260638361336355],[5.226683466735863,52.26067064958846],[5.226604184021016,52.260722671052186],[5.226517561303155,52.26077917637777],[5.226432406332496,52.260834784857124],[5.226225428864143,52.260959433391626],[5.226176985640329,52.26098902710229],[5.226075695055007,52.261050904796086],[5.225980276129942,52.26110919529704],[5.225791732952358,52.260996590979715],[5.225775585108653,52.26100645549277],[5.225468758397071,52.26119837468183],[5.225335304216125,52.26124313098586],[5.224966961346014,52.261433167109296],[5.224685209327728,52.2615756858959],[5.224894127632655,52.261724271018615],[5.224779667195182,52.261781635636886],[5.225099607442866,52.26201306029738],[5.224880955051379,52.26212331002221],[5.224515562043898,52.26230525977003],[5.22468063505606,52.262427720395536],[5.224847177032708,52.26254928402605],[5.224766532229461,52.26257164272983],[5.224743049849695,52.26258419335804],[5.224581809163736,52.26261542897914],[5.224420571537006,52.26264576560737],[5.224253451536495,52.262682385351475],[5.224128408330954,52.26242875787095],[5.22380852564859,52.26178299437864],[5.223680577813452,52.26152396970036],[5.223668942365277,52.2615014841809],[5.223645684708083,52.26145291804716],[5.2236238918428,52.2614043539342],[5.223603567066449,52.26135489307009],[5.223584707073157,52.26130543422827],[5.223568756779266,52.26126137207262],[5.223563006820099,52.26123170446502],[5.223558724905807,52.26120114011078],[5.223555907730861,52.2611705777828],[5.223553090559764,52.261140015454586],[5.223551734821143,52.261110353925645],[5.223550382387175,52.261079793623665],[5.223550494684533,52.261049235348175],[5.223552065104541,52.2610204766448],[5.223575923461149,52.260905466147136],[5.223593780825832,52.26082909477041],[5.223718358335063,52.260409537962175],[5.222627044355789,52.26004042445146],[5.222494669896802,52.26018943725486],[5.222275194399885,52.26012711575775],[5.222191853083616,52.26008745329931],[5.222109979944268,52.26004689405347],[5.221836455507063,52.259945848844694],[5.221508822393037,52.259822257767716],[5.221457250536353,52.259904873047695],[5.22107232161656,52.25982793688748],[5.220873264882621,52.2597899084543],[5.220883611682895,52.25976475723083],[5.22093525490855,52.25966326796755],[5.220997224455442,52.259542020083025],[5.22068398799777,52.25948675404048],[5.220462952878242,52.25945139029855],[5.220443737076848,52.25949809964697],[5.220406733005658,52.259601406901105],[5.220396295079978,52.259650824952644],[5.220264792774632,52.25995622381439],[5.220017262981996,52.259954975394294],[5.219999723946691,52.26033513352588],[5.219759454753728,52.26035007282837],[5.219283174446802,52.26041590711645],[5.219022266277703,52.260465867941036],[5.218761357523213,52.2605158281888],[5.218326021196199,52.260598793698456],[5.218192636681901,52.26062376893868],[5.218137642878759,52.260448428712735],[5.218082649508331,52.26027308845563],[5.218027653156273,52.26009864694019],[5.21797119595808,52.259923304525074],[5.217859716815851,52.25958071065018],[5.217788774881777,52.259363104833525],[5.217621750751928,52.2593763471287],[5.217569142309541,52.25934481446138],[5.217453277148684,52.25900131509275],[5.217411285121313,52.25887452713664],[5.217389582572762,52.25880439130323],[5.217369348172919,52.25873335879525],[5.217480685768531,52.25872722717977],[5.21774625643029,52.258604475422395],[5.217872335821574,52.25857319877822],[5.21799107814299,52.25854550661387],[5.218243249709811,52.25847935757511],[5.218449928066194,52.25843651131968],[5.218611106863349,52.258418765633195],[5.218772299128685,52.258397424634424],[5.219205921287783,52.25837467315439],[5.219548667628451,52.258369766852994],[5.219844545386032,52.2583647932443],[5.219935349745994,52.25836582048202],[5.219936953152439,52.257938903230105],[5.221184570733215,52.25800627193741],[5.221194799686344,52.25801257774127],[5.221227923448446,52.2581636189216],[5.22125529269535,52.258286789899564],[5.221307155916548,52.25851874734887],[5.222795491857348,52.258451619755476],[5.222796986361756,52.2584435328325],[5.222852652771112,52.25844091386678],[5.222936748002071,52.25787839574638],[5.222939942443157,52.25780649794884],[5.222326208981876,52.25782092317419],[5.222293144975612,52.25765280559741],[5.221137219905368,52.257742863517876],[5.221032143629992,52.25724928679376],[5.221024921214074,52.257222313303714],[5.220969276350592,52.25721953876937],[5.220964996601203,52.25718897429929],[5.22092252649148,52.257188015816915],[5.220918142751802,52.257185313319226],[5.219940024842719,52.257121019558106],[5.219961150239123,52.25695567425934],[5.2199645012907,52.25684333173],[5.219954944421776,52.256658169912455],[5.219208182522446,52.256610375033276],[5.219262649480474,52.2561484803728],[5.218777959084551,52.25612622041651],[5.218805568441897,52.25579640808824],[5.218594017569369,52.255582197413666],[5.21858817978788,52.25557679642012],[5.218582342007808,52.25557139542633],[5.218576504229152,52.255565994432196],[5.218569201903406,52.25556059134944],[5.218563364127761,52.25555519035466],[5.218557522950352,52.25555068813313],[5.218550220629419,52.25554528504921],[5.218542918310263,52.255539881964815],[5.218537077136931,52.25553537974227],[5.218529774820992,52.25552997665707],[5.218522469102941,52.25552547234494],[5.218515166790404,52.25552006925884],[5.218507861075457,52.255515564945796],[5.218500555361988,52.255511060632315],[5.218491785103273,52.255506554229086],[5.21848447939291,52.25550204991461],[5.218475709137601,52.25549754351016],[5.218468403430348,52.2554930391947],[5.218459629773289,52.25548943156262],[5.218450859522982,52.25548492515634],[5.218443550414839,52.255481319612855],[5.21843478016776,52.25547681320536],[5.218426006516628,52.255473205570816],[5.218417232866918,52.25546959793559],[5.218408459218632,52.25546599029965],[5.218398221026502,52.25546238057268],[5.21838944738118,52.25545877293536],[5.218380673737282,52.25545516529741],[5.218371896687887,52.25545245643237],[5.218361658501839,52.25544884670218],[5.218352881454846,52.25544613783572],[5.218342639864286,52.25544342687746],[5.218332398274974,52.255440715918304],[5.218323621231368,52.255438007049655],[5.218313379644463,52.25543529608885],[5.218303138058808,52.255432585127146],[5.218294361018589,52.25542987625634],[5.218284116026648,52.25542806406652],[5.218273874444442,52.255425353102325],[5.218263629454377,52.25542354091076],[5.218253384465149,52.2554217287183],[5.218243139476757,52.25541991652498],[5.2182328944892,52.25541810433072],[5.218222649502478,52.25541629213561],[5.218212404516592,52.255414479939574],[5.218200694987921,52.25541266564978],[5.218190446593184,52.25541175222546],[5.218180198198867,52.25541083880018],[5.21816995321597,52.25540902660048],[5.218159704822703,52.25540811317348],[5.218147991886423,52.25540719765202],[5.218137740082383,52.255407182996606],[5.218127491690206,52.2554062695668],[5.218115778755079,52.25540535404214],[5.218105526951478,52.255405339383984],[5.21809527856039,52.255404425951326],[5.218085026757013,52.2554044112914],[5.21807477495364,52.25540439663057],[5.21821631911067,52.25515473856165],[5.217835444285953,52.25517935950336],[5.217769309915582,52.25485480573133],[5.218686374781686,52.25478421378402],[5.218802462884385,52.254681019616555],[5.219042328519295,52.254764947338565],[5.220258225737296,52.25467499461098],[5.220266804002676,52.25473073098749],[5.22057296629258,52.25471049085777],[5.220585881370192,52.254781512555034],[5.220987257942023,52.25475601278784],[5.22098003260214,52.2547299380565],[5.221189516100854,52.25471495307454],[5.22121143032149,52.25472936429075],[5.221237774960293,52.25473389515714],[5.22122331730399,52.25468354327182],[5.221315618873176,52.25467378621622],[5.22131561552579,52.25467468499002],[5.221582268366546,52.25464539903393],[5.221540315468744,52.254506029606155],[5.221450154430426,52.25433423657481],[5.221321773088366,52.25420103734306],[5.221278002027407,52.25415693578895],[5.221118897413754,52.25401560421409],[5.220798038085206,52.25405110431316],[5.22053578851797,52.25407859714796],[5.220455207379285,52.254087471342125],[5.220411895007482,52.25392113621951],[5.220320908088444,52.253580370746484],[5.22041467204927,52.253570616458454],[5.220520178738307,52.25355368841804],[5.220671111172354,52.2535296340304],[5.22081710275365,52.25365207342351],[5.220961630648307,52.25377451057512],[5.221002656486433,52.25376917556695],[5.221237655693019,52.25397981979244],[5.221497276182683,52.25387143164139],[5.22145493297382,52.2538372187155],[5.221630959330831,52.253760170330885],[5.222149195434913,52.253813023913075],[5.222192464252629,52.25399284001388],[5.221823290846653,52.25402468035983],[5.221711190886294,52.25423933162213],[5.221683168232,52.25429232033929],[5.221892636092178,52.254280929203965],[5.22190545976001,52.254377116431705],[5.221922546952631,52.25450836197673],[5.221943921090679,52.25466837441792],[5.222129935034688,52.25466324153385],[5.222397971978705,52.25465552635253],[5.222409122829556,52.25480833422891],[5.222927617366219,52.254794675129766],[5.22294986650537,52.25511556992513],[5.222358161467282,52.25512373443119],[5.222364918678784,52.2552765361743],[5.22227263938511,52.25528000263205],[5.222319229074148,52.25575012866221],[5.222202048028759,52.255754459123516],[5.222248554298342,52.25585159205326],[5.222266138982975,52.2558489202439],[5.222287930979674,52.255896585881985],[5.222283530644387,52.255898377302444],[5.222296601869258,52.255928055212],[5.22230099887935,52.25592716256474],[5.222369314345832,52.256067467206194],[5.222478811054077,52.256161092702406],[5.22255073107267,52.25611895027621],[5.222555121451564,52.256119855166695],[5.222584465945114,52.25610551556431],[5.22258597037419,52.256094732319625],[5.222600629323802,52.256091157609916],[5.222616769443368,52.25608309106848],[5.222638784423812,52.2560705388086],[5.222700425639071,52.25603557221359],[5.222707775016223,52.256028392210105],[5.222764992565705,52.256001508432476],[5.222823674608451,52.2559746266626],[5.222872081437224,52.255954022034274],[5.222901415772854,52.25594237867353],[5.222949792700069,52.255929862975975],[5.22299816960009,52.255917347258574],[5.22303920710891,52.255909315225125],[5.223080244602928,52.255901283177344],[5.22311687515846,52.255896840114154],[5.223154970266397,52.2558923990711],[5.223168157923936,52.255890619806536],[5.223190142866898,52.255886156406305],[5.223270733335983,52.25587548280355],[5.22354767372095,52.25583811766761],[5.223851077847381,52.255772926311955],[5.223999011158734,52.25576953543461],[5.224119114600311,52.25576700477762],[5.224146944447742,52.25576614437206],[5.224171848472736,52.25576438114848],[5.224226069915363,52.25575546809802],[5.224281765753998,52.25574386071901],[5.224315493246029,52.255732223059034],[5.224340426822914,52.25572237083636],[5.224410873247269,52.25568202280402],[5.224435938153138,52.25563621961137],[5.224441934300446,52.25559847917622],[5.224467442441116,52.25543134151697],[5.224840816138811,52.255455222928326],[5.22507654579455,52.25547262310171],[5.225111685086326,52.25547536760214],[5.225326914568191,52.255491840399024],[5.225382567341042,52.255491916559755],[5.225590441656508,52.255517366594944],[5.225687004017146,52.25554446185603],[5.225887445332164,52.25560045967708],[5.225993511018508,52.25542983643285],[5.226062282837125,52.255447006942305],[5.226145181344242,52.25520265216953],[5.226180317239915,52.255206295126065],[5.226195147798927,52.25515508495357],[5.226209978323736,52.25510387477871],[5.226212936628175,52.25509578980086],[5.226227578716644,52.25509670850969],[5.226315476317356,52.25468428885116],[5.226142714941298,52.2546696732488],[5.225936315295393,52.25464242863184],[5.225756260934988,52.254619713513385],[5.225584918855642,52.25461768193004],[5.225595878463508,52.254826213494674],[5.225429017307151,52.254799920792664],[5.225415269830125,52.254552737924705],[5.224983466821475,52.25448923193552],[5.224763907776246,52.254456574546275],[5.225025909796265,52.25409472639286],[5.223841190512185,52.25367696135547],[5.223335912806194,52.25368435131791],[5.223352412289246,52.25357831830147],[5.223362928148259,52.253506430579684],[5.223374842338537,52.25345252036621],[5.223386753194445,52.25339950892508],[5.223400022732842,52.253375260281445],[5.223411774901985,52.25336538999337],[5.223530615469444,52.25330623513453],[5.223549630524504,52.25331255290028],[5.223659347339571,52.2533450607101],[5.223752978154538,52.25337125473569],[5.22434207029366,52.252869650166126],[5.224130684334869,52.25260691547533],[5.224157195794665,52.25256560820568],[5.224206960793854,52.252572867036356],[5.2242567258093,52.25258012584609],[5.224348900773567,52.25260362106204],[5.224410335475353,52.252623478779185],[5.224473234684843,52.25264333847948],[5.224533185350269,52.25266858676296],[5.224561141235865,52.2526326740629],[5.224998603441903,52.2527456222282],[5.224950037398949,52.25281116645386],[5.224879399497108,52.25290544128447],[5.224839701786914,52.25294852816771],[5.224791181166558,52.253001489486635],[5.225334436781112,52.25342196393363],[5.225711063346773,52.253755925682],[5.225870220688496,52.25388646579581],[5.226330848102584,52.25407763431506],[5.226100086150666,52.254308306260015],[5.226480076596357,52.2545254288794],[5.226466866772248,52.25453349993231],[5.226634929625964,52.25463259385191],[5.226939022356866,52.254779507196425],[5.226944873982678,52.254781312682574],[5.22701952912017,52.25479130038271],[5.227092716536488,52.254802184826985],[5.227205417092078,52.25482121169292],[5.227318117744161,52.254840238451294],[5.22736641160279,52.25485019029135],[5.227463063849614,52.25485211843259],[5.227550928950169,52.254854034633055],[5.227638794058359,52.25485595076823],[5.22768126208943,52.25485690683588],[5.227766207808426,52.254856122603506],[5.22781015001702,52.25485438427717],[5.227871692251167,52.25484547942015],[5.227936102451314,52.25485365518152],[5.227996103034616,52.25486631886345],[5.22804001634016,52.25487266941767],[5.228086823394527,52.25488891041033],[5.228155569512404,52.25491326989504],[5.228230109664919,52.25495561269405],[5.228262217058145,52.25498711308819],[5.228272436700634,52.25499611460497],[5.228265078770581,52.25500599127834],[5.228285495623046,52.25503028572826],[5.228305912497797,52.25505458017459],[5.228337901409388,52.25511933518469],[5.22833633429498,52.255148093984474],[5.228334770384182,52.25517595401011],[5.228334738327609,52.25518494174975],[5.228333260968133,52.255188534878314],[5.228324351924069,52.255222676484536],[5.228296134516741,52.255332289521604],[5.228770572465963,52.255353597925804],[5.229098492543814,52.25498014499449],[5.229591511249241,52.25513000023599],[5.229932560676152,52.255183482158046],[5.229958915992298,52.255185314757775],[5.230020423367678,52.25518629529619],[5.230055575423398,52.25518544323031],[5.230109782305393,52.25518012257406],[5.230210825832522,52.255182953077416],[5.230503685761056,52.25519682313089],[5.230953235645186,52.255215393459125],[5.231493568443278,52.255239474300254],[5.231782041801504,52.25525153785252],[5.231981507266482,52.25516911220827],[5.232174250502709,52.25533474019624],[5.232406815937358,52.25542042873479],[5.232469447921783,52.255519376287296],[5.232525950449081,52.255696509484245],[5.232575333431623,52.25581521276509],[5.232554636153969,52.255870909945024],[5.232523674410354,52.255930188809565],[5.232491244898949,52.255990364523505],[5.232458868381143,52.25603526107049],[5.232385424583682,52.256097180642016],[5.232265089362505,52.25616622897338],[5.232139076958639,52.25618314061318],[5.231928194575327,52.256178370055146],[5.231787605299794,52.256175489065335],[5.231717312237636,52.256173599120736],[5.231512313355246,52.25616164533042],[5.231231248283841,52.25612352633327],[5.231223893971057,52.256132504415106],[5.231146098670341,52.256181834585355],[5.23080128729752,52.2563629322795],[5.23032100146536,52.256335332841786],[5.230288043071104,52.2565447043987],[5.230255081198616,52.25675497471195],[5.230187643591292,52.256773759540685],[5.230190598116099,52.2567665732392],[5.230199559896981,52.2567171523475],[5.230179191922695,52.25667847785477],[5.230084120652108,52.25664240047668],[5.229994819046918,52.25663149647479],[5.229328576502596,52.25659016401598],[5.229354232490432,52.256376289088266],[5.228879792939302,52.25635228670596],[5.228318950427202,52.25632636882041],[5.22831712676724,52.256427029514256],[5.22831516202686,52.25656723625046],[5.22804263732716,52.25659832705295],[5.227247065246163,52.256681738890244],[5.227297706218114,52.25685437274956],[5.226924089817452,52.25689431203123],[5.226986653500396,52.25741658679754],[5.227068655509155,52.25742119174222],[5.227433249969967,52.257447749381754],[5.227714381291071,52.25746880070902],[5.227718845929553,52.25744903361562],[5.227759851826091,52.25744998768066],[5.227920936564523,52.25745649617439],[5.227934355900673,52.25739000468115],[5.228037190102629,52.25730296165783],[5.22815854382417,52.257361545472236],[5.228173231626382,52.25734988110959],[5.228360695037766,52.25735193058048],[5.228355583194476,52.25755324996224],[5.228452212525111,52.2575632662578],[5.228522504439759,52.257566056918904],[5.228712888414277,52.25757080608194],[5.228928231576342,52.257558511562074],[5.22887767932568,52.25735891521283],[5.229093104371026,52.2573232522773],[5.229373659232468,52.25750697768167],[5.229508540481988,52.25746851014744],[5.22991025996366,52.257351305175895],[5.229907391055192,52.25733422458082],[5.230149298502458,52.25726444137733],[5.23020176133686,52.257339109594035],[5.230289188175153,52.25746685207127],[5.230309699074376,52.25746508172544],[5.230335498636871,52.25762509840107],[5.230345516727037,52.25769162124608],[5.230229780122807,52.25770045547652],[5.230252596441784,52.2578757474264],[5.2302552976603,52.257940463010826],[5.230226020948184,52.25793593026907],[5.23005183176986,52.257906938065084],[5.229842529913333,52.25786711355951],[5.229747392829804,52.25784901138892],[5.229641434323791,52.25799177595026],[5.229038808226168,52.25776537838837],[5.228344523059072,52.25777972712649],[5.227852501571059,52.25816284337224],[5.227683559962775,52.258304622524356],[5.22746613251954,52.25848857851256],[5.227597738031264,52.25854807551067],[5.228064205865935,52.258759916822],[5.2280891338891,52.25875186136082],[5.228178574065201,52.2587250183191],[5.228317812313914,52.258698242116374],[5.228390580227719,52.25882866260893],[5.228466636664532,52.25885842437042],[5.228343179046494,52.258977796041776],[5.228222659721629,52.259094475198815],[5.228327945704774,52.25914225188512],[5.228536002063576,52.259121859289785],[5.228659082027743,52.25910854267269],[5.228737556793449,52.25928211191342],[5.2286098423198,52.25936283071591],[5.228410191578317,52.25949018925599],[5.228502296578796,52.2595379480855],[5.228635332861956,52.25960823116217],[5.228494355029808,52.259711401491636]]]]}},{"type":"Feature","properties":{"gezicht_uri":"https://linkeddata.cultureelerfgoed.nl/cho-kennis/id/gezicht/10134550","gezichtsnummer":"228","naam":"Baarn - Het Rode Dorp"},"geometry":{"type":"MultiPolygon","coordinates":[[[[5.292238210617233,52.215494144151414],[5.292261631932385,52.21548966903519],[5.292413861775221,52.21546462518656],[5.292426971703895,52.21549249799034],[5.292464828810479,52.21558060913131],[5.292567289743134,52.215564513048385],[5.292681458397004,52.21554752744954],[5.292722444239565,52.21554036992599],[5.292726816822825,52.215548462472874],[5.292808788481945,52.215534147380026],[5.29282488978011,52.215531463877554],[5.292930280737938,52.215513572249996],[5.292966874906174,52.21550730992496],[5.293023685004847,52.215628690984595],[5.293139320676977,52.215609908543804],[5.293222753661999,52.21559649310967],[5.293298868517566,52.21558397059054],[5.293326541464223,52.21564510985399],[5.29333964067435,52.21567837524923],[5.293355660717282,52.2157143393116],[5.293357118288892,52.21571703681934],[5.293374584595258,52.215761091080125],[5.293378949759996,52.215772778731576],[5.293392054714938,52.21580334777351],[5.293405157798719,52.21583481559609],[5.293471024628704,52.215824981190245],[5.293498690412156,52.215889715539724],[5.293548197506305,52.216005697849546],[5.293559907290232,52.2160039095534],[5.293753120471534,52.21597350371722],[5.293783876953216,52.21596004625731],[5.293792686554368,52.21594567267546],[5.293794178023295,52.21593219209759],[5.293849520143709,52.21605716672462],[5.294031576732284,52.21646445927103],[5.294049040245927,52.216510310990664],[5.294091266858406,52.21661010921983],[5.294117483880341,52.216668550788796],[5.294142248941702,52.21672159850745],[5.294177202664624,52.21680071895753],[5.294234010218912,52.21692569453616],[5.294318485826722,52.217115404228345],[5.294448101960856,52.21741210449358],[5.294448092619951,52.21741659840359],[5.29448155985263,52.217507401772345],[5.294472793121378,52.21750110341577],[5.2944567005504,52.2174992932319],[5.29444791887875,52.217500185129374],[5.294185886903924,52.21754851366861],[5.294100979748703,52.21756552375396],[5.294017537708844,52.21758163614904],[5.293932630426271,52.21759864611322],[5.293849188263543,52.217614758389196],[5.293770137836987,52.21762997529188],[5.293699863421938,52.217646996646266],[5.293557845465803,52.21768373441674],[5.293505134345293,52.21769897199189],[5.293363097162077,52.217744697347015],[5.293311845429702,52.2177617335604],[5.293194695490188,52.2178020857646],[5.293143458783624,52.217811931649415],[5.292989807354561,52.21781360693118],[5.292843466766846,52.21781798419572],[5.292688350091125,52.21782055669976],[5.29235324421639,52.21782388358689],[5.291950829811251,52.217825357771126],[5.291738574695706,52.217860239202984],[5.29168613017118,52.2177505452836],[5.291677383028516,52.21773525890086],[5.291595882614719,52.21752757406999],[5.291310502910394,52.21686314201064],[5.291220220363887,52.21665814611652],[5.291169214718413,52.21656103608104],[5.29116483845012,52.21655474104214],[5.29113862343421,52.216497197599445],[5.291121126151833,52.21646842230974],[5.291105082479824,52.21644414211661],[5.291052590827933,52.216357816223514],[5.291001634332695,52.216238236557565],[5.291148008604154,52.216215885930716],[5.291130544321903,52.216171831344624],[5.291142256181209,52.21616914450624],[5.29112040989797,52.21612149122436],[5.291114583972279,52.2161089035194],[5.291149829774465,52.216049612422644],[5.29117332885795,52.21600918623648],[5.29120564026976,52.21595348787455],[5.291239418714262,52.215895993126075],[5.291270206816747,52.215868155805936],[5.291262933094198,52.215848376663345],[5.291244009462808,52.21580252333987],[5.291223630359701,52.21575307369675],[5.291207621691593,52.21571261543469],[5.291206162316807,52.21571081668267],[5.291184312321777,52.21566496097317],[5.291598557574574,52.21559609019123],[5.291850320927832,52.215555848157855],[5.291867885528057,52.215553165965574],[5.291983519572886,52.2155352834388],[5.29214599620291,52.21550845061682],[5.292238210617233,52.215494144151414]]]]}},{"type":"Feature","properties":{"gezicht_uri":"https://linkeddata.cultureelerfgoed.nl/cho-kennis/id/gezicht/10134551","gezichtsnummer":"268","naam":"Baarn - Prins Hendrikpark e.o."},"geometry":{"type":"MultiPolygon","coordinates":[[[[5.282342041536471,52.20939382298647],[5.282170881373888,52.209387379582246],[5.282182742165234,52.20932088003369],[5.282206317729322,52.2092498969613],[5.282249020371799,52.20913309283],[5.282281395000478,52.209053129700514],[5.282302010420986,52.208996524538655],[5.281958109368169,52.2090348666995],[5.28195810300917,52.209037563048724],[5.281618450064424,52.209135227808474],[5.281561281433826,52.20918191356399],[5.281504185063777,52.20919804066808],[5.281452945024178,52.20921237541233],[5.281385611639038,52.209226695733314],[5.281428432509739,52.210295389239036],[5.281353788555717,52.21030700664611],[5.281223526775086,52.21032756201835],[5.281233727674177,52.21034464807115],[5.281173417396581,52.21048120928946],[5.281111846674235,52.2105323847938],[5.28106632899569,52.210600651585665],[5.281117481014201,52.2106240658911],[5.28132065853801,52.21070423983843],[5.281341118160682,52.21071414478872],[5.281491674592835,52.210773599270574],[5.281585220189081,52.21081233060381],[5.281671461166967,52.21084656142026],[5.281898026719861,52.21093664187147],[5.282200610294958,52.21105375295208],[5.282753157039524,52.21126815304777],[5.282954885745696,52.211344727751815],[5.283063064806548,52.21138347080837],[5.283131769685927,52.21140959604733],[5.283171237769561,52.21142491011376],[5.283201939841645,52.211434823750274],[5.283226783239448,52.21144742858114],[5.283261859990013,52.21146363754039],[5.283294004282545,52.21148254026611],[5.283327624258687,52.21149605157193],[5.283355385566516,52.21151225407692],[5.283340710600599,52.21153111566411],[5.283442977421701,52.211595917929394],[5.283501411859751,52.2116346169231],[5.283366450423065,52.21178729185897],[5.28329308341087,52.211878004647374],[5.283247567697735,52.21194627226425],[5.283247563510065,52.21194806982952],[5.283216756351452,52.211983095337615],[5.283039830148647,52.211935304045575],[5.28301928145313,52.21196314826229],[5.282956157393301,52.21205297107851],[5.282919457534548,52.212105068218364],[5.282862431465285,52.21208973857879],[5.282822952387041,52.212078918323826],[5.282806797064314,52.21210496881195],[5.282721986437983,52.21208332308088],[5.282694094494475,52.212122844950066],[5.282617740323891,52.21223872063893],[5.282592778662007,52.21227644750589],[5.282521138072968,52.21225391449692],[5.282485906997173,52.212303316447496],[5.282455075785775,52.212348228362515],[5.282444804328301,52.212360802245556],[5.282402236309137,52.212419185514456],[5.28247679704351,52.2124444175342],[5.282410751265717,52.21253154111146],[5.282442917068177,52.2125414562401],[5.282634440619444,52.212604540664024],[5.282565462304862,52.21269435808516],[5.28250968786869,52.212768907821264],[5.282337180418404,52.21270763763093],[5.282288936858531,52.2126905179356],[5.282247801867192,52.21276148539819],[5.282170030951485,52.21285668748827],[5.282111327233338,52.212932133217095],[5.282086381692346,52.212962669712496],[5.282032077745716,52.213033625389976],[5.282157822191906,52.213070587314576],[5.282058005753232,52.21320711381835],[5.282063854154266,52.213208916586964],[5.282154517126593,52.21323146676857],[5.282479127697893,52.21332163311462],[5.282443836646528,52.213396200949916],[5.282421534587026,52.213547176944125],[5.282393500011585,52.21364691714926],[5.282390535662256,52.21366309263779],[5.28238600468133,52.2137233071639],[5.282372614378782,52.21381766763525],[5.282335492024222,52.214048622253586],[5.282326573475529,52.21410793409824],[5.282323617521537,52.21412051445466],[5.282304306581728,52.21424363075263],[5.282296868052712,52.21429575363294],[5.282277556962678,52.21441886992263],[5.282265707632972,52.21447997672651],[5.282264216952242,52.21449165959681],[5.282261273638436,52.21449884725756],[5.282240708472704,52.21453298280095],[5.282234834517638,52.21454196542791],[5.282227499471481,52.21455004797346],[5.282198180411891,52.21457339032912],[5.282195247658152,52.214576084077166],[5.282190849584535,52.21457967530798],[5.282186453625612,52.214582367756464],[5.282182057666158,52.21458506020476],[5.282176198501672,52.21458775135334],[5.282171802541066,52.21459044380126],[5.28216740657993,52.21459313624905],[5.282298830859275,52.214705600915785],[5.282317825102312,52.21471730195661],[5.282322195714544,52.21472539488937],[5.282338136812151,52.21479102026142],[5.282374311659372,52.2149636188664],[5.282403246672085,52.21510385481569],[5.282004983431606,52.21521674798175],[5.281958139026192,52.21522569414043],[5.281988754430719,52.21527335693357],[5.28208764192737,52.215533193432435],[5.281802211205408,52.21557518221966],[5.281603149295322,52.21560106936339],[5.281521178176278,52.215613579111455],[5.281244532246945,52.215652878049276],[5.281221323235107,52.215567472779306],[5.281215512989588,52.215549491893434],[5.281198105770546,52.21548566263156],[5.281195209199042,52.21547307705984],[5.280982978283785,52.21549895135256],[5.280987335892153,52.215512437025666],[5.281007677850455,52.21557267381828],[5.280760322215715,52.21560121251455],[5.280699278161021,52.21542859103577],[5.280665894236283,52.215315314185055],[5.280647007497784,52.215258673777626],[5.280531339545652,52.21528912815031],[5.28030439931582,52.215347344177346],[5.280168230580999,52.21538407114782],[5.280127236397795,52.21539392065917],[5.280160759172888,52.215448776830236],[5.280197193410358,52.21550992711337],[5.280262782614277,52.215616941734346],[5.280265691856988,52.21562413463664],[5.280278759767259,52.215666389297695],[5.280296195889936,52.215717635745186],[5.280316534853905,52.21577877143641],[5.280341244235933,52.215848000127856],[5.280126037090969,52.21589364343592],[5.279938650680159,52.21593122253531],[5.27953611635206,52.21598927767516],[5.279530302393756,52.21597309427171],[5.279466353471665,52.21579327924806],[5.279426830685766,52.215799534720794],[5.279199914698061,52.215846064453494],[5.279076941068016,52.215871118023706],[5.279098793943805,52.215910684494816],[5.279015310356533,52.215942964366306],[5.278843948700228,52.21600931747287],[5.278781269165675,52.21591039379241],[5.278624548535635,52.215973164868515],[5.278690233013796,52.216039735169105],[5.278710668273378,52.216060425948776],[5.278597890605768,52.21610436283497],[5.278502689301743,52.216141125500286],[5.27835231389048,52.21600167567402],[5.27827175609583,52.21603395771287],[5.278170690678552,52.216075208628375],[5.278280070413545,52.21622450755227],[5.278137998151574,52.2162801012013],[5.277978837280214,52.216143339150726],[5.277920245418848,52.21616845096539],[5.277781083972427,52.216230338362756],[5.277701981991874,52.21626531771077],[5.277848001712805,52.21639038379018],[5.277683946306968,52.21645943831792],[5.277563830401674,52.216511456472446],[5.277525849523546,52.216485356520614],[5.277398403749311,52.216542760410974],[5.277434923543661,52.216567960263426],[5.277507965466233,52.21661746115242],[5.277616070900374,52.21668946409002],[5.277697877430685,52.21674526446869],[5.277403336618311,52.216916659046305],[5.277388683899042,52.21692473449374],[5.277378425443608,52.216931016453074],[5.277274381876083,52.21699203707304],[5.277212835342164,52.217027931191986],[5.277196714834581,52.2170378028177],[5.277151288709064,52.21706382527859],[5.27705896635443,52.21711856512949],[5.276969574793004,52.217171510072504],[5.276994408522782,52.217188610110455],[5.276998700701638,52.21722816059402],[5.276984045586016,52.21723713477239],[5.276896110323665,52.217292777367334],[5.27681257139855,52.21734572764948],[5.276751019553322,52.21738341908841],[5.276708517182817,52.21741034289226],[5.276918894229504,52.2175471544],[5.27687184407676,52.21763788765968],[5.276796895243758,52.21776724255103],[5.276645530726514,52.21802684959503],[5.276527959184639,52.21823076348624],[5.276333471124172,52.218176654286914],[5.276320310160672,52.21817304681259],[5.2761843151539,52.2181351703044],[5.276144834580369,52.21812344904567],[5.276064092216402,52.21822763208159],[5.275996566470911,52.21831295303603],[5.275956931137722,52.21836324763406],[5.275860418770106,52.21833619329379],[5.275722962576714,52.21829741609608],[5.275586967698772,52.21825953890076],[5.275091250691827,52.21811975850303],[5.275066392321999,52.218112544663676],[5.274934741022809,52.21809354528975],[5.274650816919641,52.218689168882584],[5.274625790455903,52.21874846477052],[5.27461549716447,52.218768228207544],[5.274597943872511,52.2187655151431],[5.274580390582691,52.21876280207603],[5.274565763977521,52.218760091794145],[5.274549674032968,52.21875738011641],[5.274497023271634,52.218745645760556],[5.274426816997827,52.21873209707266],[5.274355145153201,52.21871944572783],[5.274280546670334,52.218706791544726],[5.274186924821922,52.218694119134575],[5.27415035273415,52.218689590257966],[5.274112315036478,52.218685958751855],[5.274055253942173,52.218682309032346],[5.274012826242819,52.218678673293496],[5.27395722850447,52.21867502492738],[5.273925039623594,52.218673196529096],[5.273875295252315,52.21866955373151],[5.273723117220236,52.21866581265504],[5.273645567163766,52.218663041856644],[5.273221222105046,52.21865364574956],[5.272668119691683,52.21863783198797],[5.272627146251205,52.218637792293826],[5.272608125177072,52.21863687507826],[5.272609574660865,52.21864226918421],[5.272480826404818,52.21863225772519],[5.272460341999141,52.21863133906613],[5.272419368564877,52.2186312992999],[5.272340355313422,52.218628526223824],[5.272321331934483,52.21862850774337],[5.272060878858173,52.21862016536341],[5.271611615908418,52.21862691730897],[5.271602868496682,52.21861432578779],[5.271226879857504,52.2185798038375],[5.271196133456598,52.21858606516213],[5.271146361345805,52.21859320659026],[5.271134645306168,52.218596790224744],[5.271120004931855,52.21859947220367],[5.271027791366333,52.218608369475895],[5.270865332928141,52.21861899515219],[5.270799482787221,52.21861893034577],[5.270688257478118,52.218623314717824],[5.27059752121107,52.21862682040832],[5.270517040043126,52.21862584223168],[5.270436563584225,52.21862306643764],[5.270356082426683,52.21862208815127],[5.270301943685403,52.218620237072656],[5.270174652275823,52.218612920889676],[5.270180517410273,52.218608432776456],[5.270136624403932,52.21860569297792],[5.270067849972246,52.218604726084656],[5.2700519067087,52.2185462893566],[5.2699480288925,52.218538996124],[5.269769530563895,52.2185280335796],[5.269579335138936,52.21851346399558],[5.269441810316061,52.21850254170742],[5.269326233168888,52.21849253992447],[5.269313065554058,52.218491628013254],[5.26896487110927,52.218461620483765],[5.268922444037124,52.21845798291587],[5.268812718060147,52.21844888526666],[5.268660567486734,52.21843525107227],[5.268562543478639,52.2184279624889],[5.268407466394242,52.21841432503183],[5.268401615469467,52.218413420369664],[5.268233370919919,52.21839887066952],[5.268234827057615,52.21840156848557],[5.268141195579523,52.2183933851881],[5.267939301845895,52.21837610483015],[5.267756426716841,52.21836064090839],[5.267700834706204,52.21835519203406],[5.267487237112625,52.21833700028975],[5.26730436471752,52.21832063688661],[5.267139049949378,52.218305189813684],[5.266902017803309,52.218295062264744],[5.266844955378343,52.218292307842255],[5.266542115065284,52.21826683324193],[5.266032987942172,52.21822586731862],[5.265368791362643,52.21816946018974],[5.265098135943946,52.218147610179],[5.264818703337311,52.21812485167904],[5.264523179449432,52.21810027825489],[5.264530466382823,52.21811107122044],[5.264514372340435,52.218110155737534],[5.264223238674544,52.218085586118015],[5.26401987709701,52.21807099387996],[5.263817978970683,52.218056402818775],[5.263698011807883,52.21804728972673],[5.263528304374342,52.21803363057516],[5.26341126895449,52.218022722690755],[5.263324945758832,52.218018138359085],[5.263546327636418,52.21786647564311],[5.263594709070571,52.21783327123334],[5.263775029512892,52.21771302258324],[5.263931893915969,52.21760802852789],[5.264041847618032,52.21753354405689],[5.264135669956604,52.217471625666896],[5.264255856144098,52.21740074678111],[5.264409838739262,52.217278672196215],[5.264443605769019,52.21723826198603],[5.264470046397882,52.2172014392965],[5.264477380156099,52.21719515542194],[5.264544978164085,52.217090966636874],[5.264584622774504,52.21704157464349],[5.264637508460908,52.21696613162966],[5.264684503820346,52.21690416424659],[5.264765297527261,52.21679010238044],[5.264918037561224,52.21658623649347],[5.265075207817554,52.21636709565051],[5.265142830222598,52.21625301991048],[5.265160458177173,52.21622787215484],[5.265261796416897,52.21609136154039],[5.265405717945145,52.21590006888204],[5.265598121190118,52.215636923187816],[5.26576996599281,52.215399820796684],[5.265949134851179,52.215159130521386],[5.26595941649458,52.215144760518236],[5.266126801966531,52.21493192019083],[5.266150308528192,52.214896891675565],[5.266153249589555,52.21489150198134],[5.266339762017083,52.214639134417176],[5.266554184893884,52.21434545095451],[5.266827338538096,52.21397543022861],[5.266911055072917,52.21385867346468],[5.267166526253181,52.2135326743716],[5.267388249320098,52.213240794324165],[5.267460190209346,52.21314919118941],[5.267568887998973,52.21299111515457],[5.267478341449738,52.212928108580655],[5.267398005810585,52.21287679648298],[5.267354193473099,52.212846193404005],[5.267341061374554,52.21283269832303],[5.267327926868913,52.212820102022654],[5.266792480634058,52.21225332360537],[5.266598441122883,52.21204730413334],[5.266389816079394,52.21182509130472],[5.266302280165736,52.21173242699294],[5.266141803887057,52.21156059488758],[5.265979863304919,52.211389659841196],[5.26582084037006,52.21122232270165],[5.265807711659929,52.211207928664145],[5.265746433039568,52.21114495078706],[5.265693923333004,52.21108557702968],[5.265669121826477,52.211059486775405],[5.265521788736664,52.21089845273232],[5.265473651695712,52.21084537486871],[5.265389028588864,52.21075900435444],[5.265230005208245,52.21059346396642],[5.265178937785956,52.210542180525785],[5.265170193778082,52.21052958851089],[5.265075369750219,52.21042882667637],[5.264979095398483,52.21032356933923],[5.264876959403077,52.21022190099625],[5.264763153949423,52.21010763748702],[5.264698964548208,52.21004016211183],[5.264588095996794,52.20992230633256],[5.264453895941827,52.20977656388559],[5.264367843492122,52.209679405714695],[5.264366385398676,52.209677606629455],[5.264290549845171,52.20958944686692],[5.264902117662687,52.20958378963525],[5.264903580702148,52.209583791148795],[5.265093768453466,52.20958668410192],[5.265561931318342,52.209590761878715],[5.265762360421789,52.20959366429192],[5.266255397539446,52.20959686608278],[5.266224737064418,52.209573466299034],[5.269000134497816,52.209571779868725],[5.269083527734985,52.20957186321676],[5.269083577702456,52.209552988780594],[5.269218174880378,52.20955402196559],[5.269219592762536,52.209571100296515],[5.269301525334735,52.20957028324784],[5.269345416511062,52.209570327010496],[5.269446340124042,52.20958031421224],[5.269512148454556,52.20959116516158],[5.269620349456156,52.209615540019264],[5.269652529247987,52.209618268374626],[5.269696429940206,52.209614716876104],[5.26977719048938,52.20950334777218],[5.269863821677385,52.20938479415728],[5.269982757109967,52.20922133325597],[5.270161251215243,52.20921971252662],[5.270316332155719,52.20921986595205],[5.27032367790118,52.20920818900817],[5.270442618231031,52.20904203128943],[5.270504283767283,52.20895850515797],[5.270768588821158,52.208590263839234],[5.270783263448039,52.20857320137208],[5.270947722004967,52.20834237540667],[5.271050464161712,52.20821484888916],[5.271138580499891,52.2080855103517],[5.271258984782799,52.2079166568627],[5.271448374350228,52.20766068863464],[5.271514452972221,52.20756638085433],[5.271576112126386,52.20748375292296],[5.27164951669139,52.2073849583024],[5.271658289842088,52.20738676444771],[5.271741995281799,52.207264611415184],[5.272010668905452,52.20689637148478],[5.272219163029659,52.20660357038808],[5.272756480749682,52.20587068276082],[5.273033970199763,52.20548087809996],[5.273119121995236,52.20536232059397],[5.273189589253298,52.20526531972006],[5.273258283498491,52.20528965316153],[5.273334613388057,52.205188163921925],[5.273363981350891,52.20514505049104],[5.273365455708645,52.20514055798221],[5.27346234574414,52.20500763095322],[5.273595933175588,52.204825305896385],[5.273730989247048,52.20464028573549],[5.273777751071765,52.20466010389594],[5.274022724165868,52.20439519686569],[5.274138614203271,52.204267680169565],[5.274336714754858,52.20402519728198],[5.274636049005768,52.20366417074712],[5.274662452752511,52.2036354347354],[5.274709343072803,52.203604021855476],[5.274775229902112,52.20358071609712],[5.27484986656246,52.203568204048864],[5.274927392686892,52.20357007527245],[5.274971259878574,52.20357730721229],[5.27498149299731,52.20358001328413],[5.27563486021238,52.20379004879225],[5.275639244267917,52.20379185050113],[5.275943149552973,52.20393953777672],[5.27611118095485,52.204018788943905],[5.276156475856213,52.204040402357286],[5.276382937631303,52.20415386186475],[5.276615258702683,52.2042646300582],[5.276621125753041,52.204258344045456],[5.276651923844073,52.20422691534509],[5.276656303531126,52.20423051458359],[5.27673373522074,52.20427103232086],[5.276779032904346,52.20429174671085],[5.278430144125391,52.2050842087238],[5.278658088635169,52.20519407006022],[5.27895617278709,52.20533725025751],[5.27929370948879,52.20550023899389],[5.279755457636604,52.20572086197748],[5.280871834280436,52.20626294007578],[5.281595166356573,52.20660962072796],[5.282074465271108,52.206841934466865],[5.282707211397347,52.207146284776236],[5.282842043328388,52.207043942336],[5.283530718703235,52.20657717979769],[5.283750480767731,52.2064389593319],[5.284232447478732,52.20678720994939],[5.284508483549978,52.20698787912382],[5.284581509370552,52.20704097085342],[5.284401331748673,52.207142377078114],[5.284062945548235,52.20733352365548],[5.283989375276673,52.20751591285545],[5.283943769432564,52.207625524829616],[5.28383385471685,52.20770811702878],[5.284247429821982,52.207902615437646],[5.284560171685638,52.208049389295404],[5.284793971643161,52.208170927996235],[5.285103789137151,52.20831859665709],[5.285017422821822,52.20834009289536],[5.284958966676082,52.20831218002921],[5.284828794857082,52.208296788058],[5.284793674655105,52.208300352787354],[5.284723430106631,52.20830927978133],[5.284682447568919,52.20831733332214],[5.28457998185955,52.20834151163647],[5.284451161340961,52.20837465481402],[5.284290113143016,52.208425745507704],[5.284187613777116,52.20846430401247],[5.283915268393096,52.20856203400249],[5.283792311269845,52.20858978887192],[5.28350543021222,52.20864616109229],[5.283208292689217,52.20870881509058],[5.283154136118244,52.20871955286866],[5.283101442533366,52.20873029190992],[5.282878949123802,52.20877952899583],[5.282970816704608,52.20890903504934],[5.283071427300491,52.20905382807181],[5.283084554663772,52.209070916545436],[5.283107868696208,52.209111382394006],[5.283190992969292,52.20922650001173],[5.28320556670218,52.209250780022906],[5.283265414837477,52.20930925366285],[5.283094022123801,52.20940257651623],[5.282668237052065,52.209420176569836],[5.282617035046288,52.2094183337242],[5.282567268683228,52.20942817633043],[5.282491148680592,52.209446084645336],[5.282451752204432,52.2094011105067],[5.282342041536471,52.20939382298647]]]]}},{"type":"Feature","properties":{"gezicht_uri":"https://linkeddata.cultureelerfgoed.nl/cho-kennis/id/gezicht/10134557","gezichtsnummer":"225","naam":"Havengebied Spakenburg"},"geometry":{"type":"MultiPolygon","coordinates":[[[[5.382373522726895,52.25797608768419],[5.382555080980929,52.25853423476918],[5.382625363655386,52.258741854715986],[5.382695646634739,52.258953069717556],[5.382748359415522,52.25911035746568],[5.382562339296982,52.259179556323154],[5.381996952173296,52.25938625204455],[5.381916420981211,52.25915885823051],[5.381686542836246,52.25853240105799],[5.381592836501058,52.25827624554961],[5.381499132028267,52.25801379852067],[5.3816441410797,52.25792932025929],[5.381573859188377,52.25776304340899],[5.381546039392744,52.257697431445685],[5.381556293643724,52.2576821527241],[5.381548973964682,52.2576542903172],[5.381554833230539,52.25764799915485],[5.381556298628276,52.25764170778837],[5.381554834892498,52.25763451750957],[5.381519695005661,52.25754553701278],[5.381510907068357,52.25754733415462],[5.38150211935407,52.257547333743105],[5.381497725944727,52.25754373843163],[5.381093618200111,52.25659281329749],[5.381084832719237,52.25657753365395],[5.380982309540442,52.25659280764322],[5.380958884490974,52.25653168963532],[5.38092667336254,52.256460684625715],[5.380898854839291,52.25639866760046],[5.380762646502006,52.25641483842058],[5.380720174141334,52.256411241050195],[5.380778771445438,52.25631147997042],[5.380812464169385,52.256258453932595],[5.380799288274082,52.25622070462056],[5.380789041296881,52.25618475301495],[5.380500512915639,52.25623417011082],[5.380488797632332,52.256225181695925],[5.380393610157615,52.25615866691134],[5.380392145852836,52.256156869275735],[5.380376037162037,52.256146083049025],[5.380368715105939,52.256140689976164],[5.380356999603892,52.25613349910122],[5.380255953555917,52.2560714777562],[5.380247166819156,52.256066983368235],[5.380194447680305,52.25603192803721],[5.380119762340852,52.25598249097179],[5.380116833625296,52.25597979447032],[5.380008467138435,52.25590698716287],[5.379992358488758,52.25589709965997],[5.37992938924318,52.25585305583115],[5.379924995984493,52.255850359236696],[5.37989131738451,52.25581081103076],[5.379862031946203,52.25577485818855],[5.379856174574015,52.25576946517254],[5.3798312819957,52.25573890524952],[5.379790281504453,52.255694862683576],[5.379721459840267,52.255618462422014],[5.379643852438695,52.25553397257929],[5.37955599544705,52.25543779793801],[5.379553066801508,52.25543510142224],[5.379506211108018,52.255376677956285],[5.379493034143008,52.25535330892013],[5.3794842496091,52.25533713037733],[5.379298260673983,52.25528858439264],[5.379292400773835,52.25529847055277],[5.37927043197081,52.25530206421717],[5.379201596766115,52.25531104743802],[5.379119580782048,52.25531913095919],[5.378977517243683,52.2553335017783],[5.378776870579486,52.25535415978115],[5.378722681338024,52.25535954863934],[5.378680227035012,52.25526607286132],[5.378697821108199,52.25516181600015],[5.378623128011629,52.2551698996937],[5.378533788961974,52.25518067861681],[5.378460566063922,52.255159102679926],[5.378396125237457,52.25516449064367],[5.378482526565138,52.25519865045045],[5.378475201953539,52.255208536464146],[5.378362433442069,52.255202236798354],[5.378328754434064,52.25517437224014],[5.37833314911204,52.255168979903466],[5.37833314963963,52.255166283573175],[5.378331685802538,52.25516268835819],[5.378327293236785,52.255157295373735],[5.378324364860211,52.25515370005064],[5.378315577971135,52.25515190184858],[5.378246747601442,52.25513661754079],[5.378215993872036,52.25512852625694],[5.378211600610404,52.25512672837518],[5.378016834189094,52.25504132986663],[5.378013905480611,52.255039532089334],[5.377949477626127,52.25498200543465],[5.377933372895783,52.254956838443896],[5.377902626729955,52.254912796006266],[5.377886515765119,52.254918187420095],[5.37786162445962,52.25489032340772],[5.377823544776946,52.254899308211584],[5.377819150995069,52.254900206645566],[5.377778157009668,52.25483818783837],[5.377822094953664,52.254828304729386],[5.377795738650008,52.25480313691887],[5.377829424298673,52.25479594933501],[5.377879220672235,52.25478426910762],[5.37786604492242,52.254760001110625],[5.377845540426065,52.254765392177795],[5.377775239364918,52.25478336222281],[5.3777913459979,52.25479864269092],[5.377779628834179,52.25480313565729],[5.377747406762516,52.254814817226254],[5.377725437132845,52.25482290448774],[5.377700538624572,52.25483009273685],[5.377617055298658,52.25485435308255],[5.377593621095113,52.254862440202665],[5.377533571305677,52.25488130969956],[5.377532106390309,52.25488310713532],[5.377524783733592,52.254883106545826],[5.377513065751009,52.25489119459293],[5.37748377125846,52.254909167763536],[5.37748230653321,52.25491006642185],[5.377480842000981,52.25491006630337],[5.377479377468752,52.25491006618485],[5.377416411135544,52.25487051489281],[5.377359302250649,52.25483455915429],[5.377351983515528,52.254816583017785],[5.37733002185419,52.254787820356235],[5.377249468254605,52.25480848557579],[5.37718795465852,52.25482375966857],[5.37713524840539,52.25474825800748],[5.377308072801499,52.25470153597327],[5.377510188658657,52.254648524614105],[5.377499940076352,52.25463414335723],[5.37750140479216,52.25463324469864],[5.377501405177482,52.25463144714495],[5.377712308932671,52.25457214471039],[5.377781143668923,52.254561364802214],[5.377789931353946,52.254558669159934],[5.377804577120215,52.254555973975044],[5.377841191621021,52.25454878661642],[5.377867554284005,52.25454249722789],[5.377869018063198,52.254546092449026],[5.377953962440063,52.2545353136895],[5.377943723110425,52.25447509485042],[5.37792907774725,52.25447599249883],[5.377918833122317,52.25444183818655],[5.37782949517783,52.25445351535546],[5.377814857086265,52.2544193606914],[5.37778703015939,52.254424751176785],[5.377787030533168,52.254422953623006],[5.37775628750621,52.25436632826651],[5.377748967561759,52.25435374481439],[5.377798763834872,52.254340267066134],[5.37780022666874,52.254348356172756],[5.377835376857728,52.25433937114729],[5.377889567182058,52.254323197372244],[5.377886639820128,52.254315108153264],[5.377885176416921,52.254309715378376],[5.377867611715624,52.25426387639317],[5.377866147945827,52.25426028117182],[5.377835403443263,52.254210846049524],[5.377828080525054,52.25421264303268],[5.377681622603689,52.25424588626914],[5.377642092782144,52.25418926018473],[5.377647951385267,52.25418656431978],[5.377608421659264,52.2541299382235],[5.377611350862811,52.25412903968032],[5.377627461004924,52.25412634463403],[5.377683115084325,52.254112867400494],[5.377669938883226,52.25409219448641],[5.377795892314845,52.25406344354575],[5.377838364985852,52.25405356031473],[5.377825188730184,52.254032887417715],[5.377820796895956,52.25402479808245],[5.377804692398262,52.2540005298466],[5.377795904824361,52.2540032254903],[5.377778336781781,52.25397446325143],[5.377787124351068,52.253971767609016],[5.37778419647004,52.25396637471786],[5.377754916573575,52.253917838463614],[5.377713913222595,52.25390525235636],[5.377705129432846,52.253889972453905],[5.377691953476319,52.253868400764475],[5.37772124512921,52.253860314085514],[5.377716853142606,52.253853123523086],[5.377741750913776,52.25384683404621],[5.377746142903784,52.25385402460769],[5.377763717622909,52.253850430880924],[5.377841340070177,52.253830663855986],[5.378027338797279,52.253792929556944],[5.378109353068576,52.253780352906745],[5.378118140038879,52.25378035357061],[5.378143037353227,52.253775861563035],[5.378317322464963,52.25372374549225],[5.37854725801601,52.25367073440025],[5.378550185970067,52.25367612727282],[5.378702500339816,52.25363749070752],[5.378758153482228,52.25362401296634],[5.378799147715048,52.25368603144747],[5.378683447450143,52.253714784185235],[5.378602896591976,52.25373455155475],[5.378632177802245,52.25378039126948],[5.378648282332587,52.25380645694748],[5.378771305166399,52.253778603534315],[5.378894328339768,52.25374805366197],[5.378952911202812,52.2537309809232],[5.378995383949446,52.25371750216757],[5.379053966733498,52.253700429378604],[5.379080329043998,52.25369234216441],[5.379097903591523,52.253688748239064],[5.379152080078748,52.253743577266306],[5.37916526100049,52.25374088181456],[5.379169654481754,52.25374088210727],[5.379175512456775,52.253740882497354],[5.379179905461781,52.253743579120716],[5.379184297515329,52.2537516684059],[5.379216509275116,52.25379211550848],[5.379244327288238,52.253834359866076],[5.379256040275788,52.25385143740123],[5.379263361349143,52.25385952687622],[5.379307285190089,52.25392334292507],[5.379317534192822,52.25393772402709],[5.379348279687233,52.25398985509703],[5.379434688220832,52.253972783928376],[5.379477160441341,52.253962900108036],[5.379504987026856,52.25395661044716],[5.379537196498805,52.25401323544595],[5.379570869199588,52.25407794952047],[5.379573797153696,52.254084241144206],[5.379420019813445,52.25410939708107],[5.379461014650488,52.25417590921161],[5.379471263761075,52.254190290299626],[5.379528381566717,52.254178609844665],[5.379632364638595,52.25416064087109],[5.379699718050811,52.254245130106426],[5.379846175333883,52.254206491706654],[5.379995561662797,52.254166055745905],[5.380014596290464,52.254191222633494],[5.380049746190592,52.254180439395114],[5.380086349205358,52.254242457163244],[5.380100995008768,52.25423796413966],[5.380117101543888,52.25425773817687],[5.380141992514697,52.25429458948641],[5.380134666328534,52.254317957258245],[5.380124406777596,52.25436918694192],[5.380118544386135,52.2543970486826],[5.380178588406945,52.25440424240001],[5.380181518823381,52.254395254801175],[5.380188841399853,52.25439525522603],[5.380213738021983,52.254396155444],[5.380259137723118,52.25439795561209],[5.380344079209642,52.254400656787205],[5.380345544806813,52.25439346665504],[5.380367511322433,52.25440155688971],[5.380380691423945,52.254405152740944],[5.380475886397674,52.25439527152218],[5.380477350515318,52.2543979679342],[5.380505176703588,52.25439527314583],[5.380506641218884,52.25439527322682],[5.380546183525348,52.25439257907608],[5.380625269419543,52.25437820296593],[5.380636985796068,52.254376406047655],[5.380682385750999,52.25437640849933],[5.380735109298064,52.254369221109364],[5.380754148493607,52.2543656270162],[5.38080833678212,52.25435664211766],[5.380842021731352,52.254348554897376],[5.380840557718448,52.254344959712924],[5.380893282071746,52.254331480814],[5.380896210105422,52.2543386711816],[5.380907926584452,52.254335975459526],[5.381010445197829,52.25431620764377],[5.381120286519471,52.25429464255231],[5.381120286639034,52.2542937437754],[5.381173010372922,52.254283859859136],[5.381165689475819,52.25427127661853],[5.381132012996766,52.25421644954701],[5.381146658567004,52.254212855170735],[5.38128139726022,52.25418320217591],[5.381315081876558,52.25417601359738],[5.381435174822122,52.2541499548242],[5.381512795714423,52.25413378049598],[5.381751512227873,52.25411761343719],[5.381766154626539,52.25414008351525],[5.381843775486272,52.25412301019256],[5.381918466757682,52.2541104305766],[5.381972647643114,52.25416166319847],[5.381977038711751,52.25418323403316],[5.381994610875433,52.25420031154657],[5.381988737638631,52.254334229056674],[5.382015094006329,52.254377371471975],[5.382076591694633,52.25448432852161],[5.382196659396726,52.25469374851429],[5.382180549227778,52.254697342960185],[5.382209834074262,52.254749473217956],[5.382266951975243,52.25473689266338],[5.382242051341549,52.25477104517472],[5.382262550579688,52.25480969340916],[5.382265479155396,52.2548141874117],[5.38230941244825,52.25483845615317],[5.38232259245498,52.254845646894736],[5.382325521324783,52.254847444565286],[5.382404600992529,52.25489508286561],[5.382410458839011,52.25489777942571],[5.382365055330486,52.25492653849598],[5.382247884674157,52.2550011322765],[5.382266919679654,52.25503798289559],[5.382303526011683,52.25510449385084],[5.382266911774386,52.255111682591654],[5.382306446579916,52.25518448510076],[5.382313767758937,52.25519886582207],[5.382324017455615,52.25521863932039],[5.382329874388462,52.25523032365189],[5.382470443360926,52.255494569532715],[5.382504122089984,52.25555299131657],[5.38252169381049,52.25558175284434],[5.382565622488145,52.25566084686511],[5.382603703298675,52.2556374801071],[5.38265641811322,52.25573095484971],[5.382669596763186,52.25575522230807],[5.38267691850598,52.255766007898735],[5.382760384446403,52.25591161276991],[5.382591948037432,52.25602575118182],[5.382517249813164,52.25607697861362],[5.382493814938065,52.25609405446994],[5.382707630609366,52.25621449856842],[5.382717883246709,52.25620820750772],[5.382817468204,52.25627292302307],[5.382799892251065,52.256283707712676],[5.3827076185334,52.25633852973667],[5.38268711319285,52.25635111185505],[5.38267686034197,52.25635920046602],[5.382659284320878,52.25636998513454],[5.382649031371898,52.25637897251964],[5.382627060969465,52.25639604845588],[5.38259044320515,52.256428403038825],[5.382580190408966,52.25643559286476],[5.382564078284227,52.25645266901007],[5.382543572214739,52.25647154253913],[5.382537713334547,52.25647693497533],[5.382531854361876,52.25648322618778],[5.382518671735805,52.256496707332325],[5.382499630395265,52.25651378335652],[5.382426393316004,52.256589277748844],[5.382380985080308,52.256646797664864],[5.382372196506748,52.256656683859745],[5.382357549474471,52.25666746859846],[5.382342902245344,52.25668005088836],[5.382325325159488,52.25669892449516],[5.382266736308232,52.25674745607436],[5.382202288463316,52.25680048126687],[5.382158346290794,52.256840025625294],[5.382153952108724,52.25684362054963],[5.382123192913659,52.25686788623885],[5.382092433984851,52.25688945559049],[5.382066068720064,52.256911923895615],[5.382070462012568,52.25691641796286],[5.38207339080785,52.25692001319194],[5.382077783400273,52.256930798694206],[5.382079246896805,52.25694068529684],[5.382080710594335,52.2569487743466],[5.382080710093472,52.2569532682289],[5.382079243690344,52.25696944614386],[5.382074848185318,52.25698472515918],[5.382070453480312,52.256992813962604],[5.382067523676088,52.25699820649814],[5.382061664568291,52.25700449768668],[5.382058735567163,52.25700270001029],[5.382070448461322,52.257037752785486],[5.382211003265071,52.25747096884885],[5.382373522726895,52.25797608768419]]]]}},{"type":"Feature","properties":{"gezicht_uri":"https://linkeddata.cultureelerfgoed.nl/cho-kennis/id/gezicht/10134570","gezichtsnummer":"289","naam":"Utrecht-Oost"},"geometry":{"type":"MultiPolygon","coordinates":[[[[5.135708926558035,52.099900640116175],[5.135590474334323,52.09994263128015],[5.135464729736041,52.09998370795452],[5.135112441911346,52.100082722771134],[5.134944337044812,52.10012999996863],[5.134849325943987,52.10015586204065],[5.134695850534808,52.10019687855387],[5.134543819063307,52.10024059437504],[5.134397635262063,52.10028252492606],[5.134264626926628,52.10031729311679],[5.13413160312831,52.10035475753853],[5.134102363186525,52.10036368283703],[5.134044575119638,52.100259297452936],[5.13404312584298,52.100257496732404],[5.133946324828538,52.100083819577826],[5.133949248808032,52.100082927052114],[5.133920344921479,52.10003253191186],[5.133917461661913,52.10002623408601],[5.133907342265645,52.10000913506121],[5.133904453919508,52.100003736028896],[5.133895793975354,52.09998664013764],[5.133892905632064,52.09998124110501],[5.133882781165008,52.09996504087185],[5.133879897915075,52.09995874304506],[5.133850999277765,52.099907449092996],[5.133826453562798,52.099860658509606],[5.133806199646822,52.09982915682429],[5.133804750393688,52.09982735610069],[5.133813517198223,52.09982557732766],[5.133838358171024,52.09982023786916],[5.133901195385141,52.09980599197341],[5.133981566141018,52.09978818847359],[5.134040019872016,52.09977483189655],[5.13399101474074,52.099665971304496],[5.133986702592598,52.09965427758301],[5.134058285937211,52.09964184799192],[5.134045308757536,52.09961395718545],[5.134045318931573,52.09961215959759],[5.13406285243642,52.09960860201485],[5.134116912363632,52.099597932382906],[5.134156444076759,52.099575547091156],[5.134171099377191,52.09956479287783],[5.134331102960047,52.09965951057445],[5.134409653192351,52.099705518021665],[5.134731137713645,52.099892259288595],[5.135010463222065,52.099791291997605],[5.135023506931362,52.09980749837614],[5.135193201598634,52.09973685553791],[5.135421404542517,52.099642968457545],[5.135667170207393,52.09954013034758],[5.135670094117019,52.099539237779055],[5.135858840082646,52.09945425373741],[5.13587055083357,52.09944798706165],[5.135955449893152,52.09940322772291],[5.135981800279585,52.099388902980536],[5.136148694075982,52.09929668148416],[5.136276066963449,52.09922504817967],[5.136369802332875,52.09916592646551],[5.136513333821938,52.099075452369405],[5.136639351814694,52.0989849408895],[5.136651077436856,52.09897597775309],[5.13666133861097,52.09896791030921],[5.136709705477122,52.09893116205326],[5.136749280595965,52.09890068674061],[5.136799111754258,52.09886304275261],[5.136812316842827,52.098850487521936],[5.136813776248058,52.09885049062052],[5.136915008305144,52.09875543219269],[5.136961955557725,52.098711490380644],[5.136991294401416,52.09868458848483],[5.136994233311431,52.098680999500644],[5.136995697738701,52.09868010380269],[5.137010392280801,52.09866215888032],[5.137014790586789,52.09865857299168],[5.137030959593065,52.09863793478002],[5.13703389849682,52.0986343457948],[5.137052996333332,52.09861191618316],[5.137055935233606,52.098608327197375],[5.137091212051301,52.098563461773395],[5.137119146600537,52.09852667001309],[5.137147086128237,52.09848897945169],[5.137175020584861,52.09845218767768],[5.137200021143106,52.098418086092124],[5.137208832745577,52.09840821791738],[5.137214710493804,52.098401039937684],[5.137225036731882,52.09838128811818],[5.137245689180622,52.09834178447634],[5.137264867139161,52.09830497412055],[5.137285519517342,52.09826547047119],[5.137307631243858,52.098225969910374],[5.137323860208859,52.09819454612518],[5.137326814122388,52.09818826074945],[5.137261352788043,52.098150372221504],[5.137156588757891,52.09809442423131],[5.137121714372186,52.09806738613355],[5.137098459779746,52.098050259523525],[5.137079573289287,52.09803493978337],[5.137063585463639,52.098023221408376],[5.136935798819158,52.09790880206015],[5.136884982254655,52.097861956347955],[5.136808017859774,52.09779348377734],[5.136919352468136,52.097718220493626],[5.136923836179048,52.097699355103664],[5.136931133017354,52.0976993705893],[5.137075555133103,52.0977095638497],[5.137126617939158,52.09771236855693],[5.137214144864627,52.09771884576457],[5.137224717062463,52.09765505301824],[5.137226231679198,52.09764516937344],[5.137236773706887,52.097586769391604],[5.137247295617585,52.09753196458586],[5.137253343999237,52.097494227593295],[5.137256322986946,52.0974834482465],[5.137260861774482,52.09745469610434],[5.137265375446391,52.09743043793398],[5.137266885024518,52.09742145308271],[5.137272933374526,52.097383716088444],[5.137278956605933,52.09735047306582],[5.13728043102715,52.097347779775276],[5.13728648939867,52.09730824519099],[5.137292537716648,52.09727050819499],[5.137295511658588,52.09726062764129],[5.137300015249465,52.097238167057704],[5.137300050398052,52.09723187549657],[5.137306078609747,52.097197733677206],[5.137307573108555,52.09719144520846],[5.137312136938028,52.097158199090615],[5.137313606329942,52.09715640459407],[5.137319624479378,52.09712406036252],[5.137319664645903,52.09711687000681],[5.137325667723516,52.09708722215817],[5.137331726019332,52.09704768756983],[5.137333235571071,52.097038702717114],[5.137293843268289,52.09703682163527],[5.137293863353575,52.097033226457356],[5.137225294185084,52.097029485908486],[5.137212165095682,52.09702855927245],[5.137042941302217,52.097017414761346],[5.137064065717284,52.09689342446133],[5.136773233992903,52.096707653353015],[5.137001609180338,52.096579608963275],[5.13693450509177,52.096574972547074],[5.136916998149148,52.09657403658704],[5.136920027443932,52.09655426930193],[5.136867672627544,52.09652180118831],[5.136728065188245,52.09643432064312],[5.136637566817539,52.09643772361328],[5.136393256664968,52.09628440737316],[5.136405248698167,52.09622780814619],[5.136264198890796,52.09613762756129],[5.136214758626876,52.09610606416114],[5.136200109996115,52.09611591984115],[5.136011232421355,52.096226969525944],[5.135913119733955,52.09628698045231],[5.135873854398109,52.09626262903326],[5.135773530052356,52.09619680239118],[5.135715359429674,52.09616072614086],[5.13566301605749,52.09612645990178],[5.135597574316876,52.09608587405644],[5.135527780037892,52.096040784858744],[5.13545507739214,52.0959938917998],[5.135385283400468,52.09594880251723],[5.135445287109183,52.095918371251464],[5.13549358592495,52.09589330780405],[5.135517005658444,52.09588077451561],[5.135601898290924,52.095836015401574],[5.135606286321212,52.095834227152906],[5.135516092494707,52.09578370158929],[5.135503004264026,52.095775584406454],[5.135497187274138,52.095771976769164],[5.135465224193927,52.09574674199157],[5.135462305586355,52.095746735761146],[5.135434715394242,52.095722409115346],[5.135354934440601,52.09563685224795],[5.135379737484257,52.095637804021315],[5.135387033985373,52.09563781960232],[5.135414755630774,52.09563877760064],[5.13541913353155,52.09563878694803],[5.135419128472739,52.09563968574257],[5.13544830942032,52.09564064684873],[5.135452687321286,52.09564065619485],[5.135481863212687,52.09564251608729],[5.135481868270236,52.09564161729273],[5.135579616116734,52.09564631992893],[5.135848066813941,52.09565767809244],[5.135999798780301,52.09566429304368],[5.136260953186114,52.09567563472369],[5.136266790392265,52.09567564714488],[5.136290134175611,52.095676595621434],[5.136306181451933,52.09567752856969],[5.136313477959954,52.09567754409334],[5.136354323284938,52.09568032740137],[5.136361619793437,52.095680342922016],[5.136402470163049,52.09568222741872],[5.136408302331187,52.09568313862756],[5.13644915270535,52.09568502310807],[5.136459367818381,52.095685044828656],[5.136498758894541,52.095686926189074],[5.136506055404182,52.095686941700805],[5.136546905785998,52.09568882614748],[5.136555661597965,52.09568884475791],[5.13659651198364,52.09569072918734],[5.136603808493947,52.09569074469307],[5.136643199581286,52.095692626005196],[5.136650496091925,52.09569264150801],[5.136692805787314,52.09569452900457],[5.136701556567446,52.095695446398786],[5.136736574788563,52.0956964195854],[5.136738084413815,52.09568743473841],[5.136812493721973,52.09569028916974],[5.136821254564999,52.09568940896583],[5.136834383252988,52.095690335645315],[5.136855583061864,52.095552863436104],[5.136866140164745,52.09549176708362],[5.136881376882141,52.09537675234116],[5.13688592072389,52.095347101409004],[5.137081656665488,52.09531336212486],[5.137068563262212,52.09530614390993],[5.137068558236614,52.09530704270464],[5.137027833841744,52.095282688571025],[5.13691874421487,52.09521864190793],[5.136914376412202,52.095216835026875],[5.136886740492779,52.09520059787116],[5.136850394149795,52.09517625296859],[5.136779120615146,52.095134756586305],[5.136710760745191,52.09509416515506],[5.136707852245635,52.095092361366056],[5.136667123209203,52.095068905901954],[5.136662760465062,52.09506620021677],[5.136604575488968,52.09503282078345],[5.136600212752134,52.09503011509598],[5.136542032905848,52.094995836836894],[5.136539124419496,52.09499403304373],[5.136521668469764,52.094984109077814],[5.136456217543547,52.09494532129183],[5.136453304026028,52.094944416291256],[5.136389312493656,52.094905631570875],[5.13638931753285,52.094904732776115],[5.136389322572046,52.09490383398138],[5.1363224126031,52.09486504301698],[5.136270050114168,52.094834372220056],[5.136240965475992,52.09481633421751],[5.136156610070297,52.09476582155883],[5.136146425431838,52.09476040704366],[5.135948479388817,52.09466830729699],[5.135945570947724,52.09466650348909],[5.135784137681078,52.09456908842185],[5.135712871156975,52.094526692597206],[5.135746560530211,52.094504294301736],[5.135787551233562,52.09448101275797],[5.135847577947182,52.09444608730485],[5.135913456754013,52.094408477875206],[5.135958835156325,52.094383408010515],[5.135979335450015,52.09437086840839],[5.135847042840706,52.09428160474885],[5.135841226017209,52.09427799712775],[5.135801689733811,52.09430218059696],[5.135731872768725,52.0942615854828],[5.135675148788843,52.094228208699256],[5.135615516496667,52.09419302807212],[5.135582064892798,52.09417318297595],[5.135555889354189,52.09415694861983],[5.135500614775375,52.094125372455515],[5.135432247492717,52.094086577867365],[5.135419159773591,52.09407846067336],[5.135769046862985,52.09387877356773],[5.135689086641174,52.09382557351774],[5.135624672802315,52.09386228714427],[5.135331888192908,52.09402794118834],[5.135301340149706,52.09401079863013],[5.135241703379576,52.09397651660778],[5.135173336549252,52.09393772186879],[5.135145707116802,52.09392058550759],[5.135109342503131,52.09389983524359],[5.135046802741668,52.093862850498574],[5.13499444736852,52.09383128033646],[5.134937724485189,52.09379790319633],[5.134914452673432,52.09378437132487],[5.134875185008299,52.093760918359834],[5.134812635493448,52.09372573107966],[5.134747177747914,52.09368873992844],[5.134683179346046,52.093651751865586],[5.134622089369249,52.093616567608656],[5.134611910253168,52.093610254165284],[5.134560999488615,52.09358138331991],[5.134527543734102,52.093562436717875],[5.13450136385906,52.09354710092131],[5.134498455549277,52.09354529707743],[5.134434457558543,52.09350830887889],[5.13437337305303,52.09347222569761],[5.134312283565386,52.093437041279415],[5.134281705828867,52.09342529122478],[5.134220621560084,52.09338920796405],[5.134206069955785,52.09338198629894],[5.134127536116846,52.09333507988155],[5.134079539341092,52.09330711388551],[5.134044624772479,52.093288164013536],[5.133966076004748,52.09324395387262],[5.133919538648875,52.09321599094482],[5.13390790050238,52.0932096743061],[5.133848255689466,52.09317718916529],[5.133792983528215,52.09314561219662],[5.133736247135082,52.093114930860196],[5.133678066883409,52.093081549974606],[5.133627152229598,52.09305357751894],[5.133577701949743,52.09302470938487],[5.133582099975455,52.09302112362088],[5.13361146258515,52.092989728566394],[5.133639350658401,52.09296102675126],[5.13367163161172,52.092929637956814],[5.133700989005445,52.09289914167434],[5.133728882057033,52.092869541042646],[5.133758234280418,52.09283994354044],[5.133771438440463,52.09282738863765],[5.133787586464916,52.092810346030745],[5.133816943701127,52.09277984971866],[5.13384482642137,52.092752046648684],[5.133868311133739,52.09272782934694],[5.133830468517131,52.0927106707301],[5.133741691277121,52.092669134873],[5.133674741108145,52.09263843154934],[5.133666011363186,52.092633918750685],[5.133625265784118,52.09261405740816],[5.133520483595387,52.09256439771171],[5.133497197563514,52.092553561943106],[5.133504529238321,52.09254728607596],[5.133215041571869,52.09238937186743],[5.133156857549214,52.092356889516374],[5.133103030767193,52.092328011749395],[5.133088489899086,52.092318992355544],[5.132738475263918,52.092541141424654],[5.132694540789974,52.09256890959078],[5.132619845409987,52.092617283868556],[5.132567119763936,52.09265132464826],[5.132159936773015,52.09240596945899],[5.131851654605962,52.09221835064019],[5.131812384792442,52.09219579544554],[5.131819711514148,52.09219041847781],[5.131824099337415,52.0921886303688],[5.131879753633662,52.09215279864835],[5.131935356557476,52.09212595485026],[5.131993882910502,52.09209821854707],[5.132086103668502,52.092047186161956],[5.132074471210824,52.092039970546445],[5.132288070069568,52.09194246264349],[5.132097814459658,52.09178476014128],[5.132001201348493,52.09183847944899],[5.131948501791465,52.09186802598177],[5.131901659391962,52.09189398994827],[5.131837234971736,52.091932499105575],[5.131809418216668,52.09194861736998],[5.131775990507626,52.091925176008886],[5.131752736023574,52.09190894712551],[5.131681518629496,52.09185935849084],[5.131646642146603,52.09183411634099],[5.131636386842169,52.09184128456309],[5.131598319890764,52.091863672204155],[5.131567574466738,52.09188158167541],[5.131523660461436,52.09190575422831],[5.131491460937146,52.09192276172073],[5.131424128039935,52.09195946673331],[5.13138562917588,52.092057353074544],[5.131308045713212,52.092100327423985],[5.131239248070043,52.0921379279579],[5.131168985980604,52.09217642407789],[5.13118060289694,52.092186336166996],[5.131177674235446,52.09218812742033],[5.131144010044125,52.09220603044341],[5.131107412014092,52.092226623503166],[5.131070813950347,52.092247216551506],[5.131035680189155,52.092266913963485],[5.130994683898963,52.09229109265726],[5.130974188311074,52.09230273260131],[5.130953697860602,52.09231347374701],[5.130908313609093,52.092339440487045],[5.130861794558095,52.092308779965144],[5.130672981683962,52.09240903562673],[5.130691873910788,52.09242255881485],[5.130699138965713,52.0924279674544],[5.130691817223754,52.09243244555736],[5.130669857142886,52.092444981068674],[5.130662592088746,52.092439572427324],[5.130627695110992,52.09241792515745],[5.130568100142228,52.09237734920163],[5.13055938107422,52.0923710385833],[5.130546212241842,52.09237730156316],[5.130535966949389,52.092382672099134],[5.130547588935048,52.09239168545554],[5.130535879288962,52.09239795161024],[5.130510995635508,52.09241137953442],[5.13048758663443,52.092422114245764],[5.130433410718233,52.09245435330465],[5.130385092149717,52.09248300987166],[5.130388000224335,52.092484813817144],[5.130268165417053,52.092516010976894],[5.130164221546493,52.09257510564045],[5.130159828454908,52.09257779248227],[5.130091044608275,52.092612695957634],[5.130085197473104,52.092614480820224],[5.130057395160852,52.09262790228447],[5.130019352583844,52.09264579543814],[5.1300076427972,52.09265206154001],[5.129949062804732,52.09268878479986],[5.129913928202583,52.092708481875505],[5.129735677707461,52.09274764027494],[5.129545453012343,52.092838902987324],[5.129551248434801,52.092846106098115],[5.129514643970443,52.0928675974549],[5.129479565992344,52.09287740765919],[5.12939333277996,52.0929014869171],[5.129302701115895,52.09292915171601],[5.129245688226919,52.09294700312843],[5.129143475999954,52.092958463963775],[5.128960830629914,52.09300030799201],[5.128599979583608,52.092820654786564],[5.12821457476181,52.09259780385104],[5.128035853312565,52.0924661854982],[5.127931364174522,52.092367087131024],[5.127916912893545,52.09234278759111],[5.127901033693788,52.09231309207283],[5.127892492142281,52.09227622223985],[5.1278957022569,52.09222589615782],[5.127956789384254,52.092008519397126],[5.128025343612613,52.091761498407664],[5.128120489960522,52.09145791100981],[5.128273421091153,52.09100255216907],[5.128371082026138,52.09076817814381],[5.128434313732588,52.09068382913341],[5.12846217769658,52.09065962250862],[5.128864748245856,52.0904340059954],[5.129153104016653,52.090277346294094],[5.1295306918236,52.090081333435826],[5.130063277956262,52.08982723506679],[5.130391067882312,52.089662569065446],[5.131093352082515,52.08932974055198],[5.131324603415013,52.089205308516895],[5.13133195026474,52.08919633639555],[5.131327680937978,52.08917745219591],[5.131314723909102,52.08914686465905],[5.131294456040625,52.0891189576732],[5.131227677413071,52.089059491497075],[5.131152108458672,52.08900629783934],[5.130759593213178,52.08875467781129],[5.130537122949506,52.08862027158248],[5.130451311129995,52.088572448011654],[5.130374186830589,52.08853632778597],[5.130294118718345,52.08850469512817],[5.130206739902292,52.08847574290132],[5.130112045216529,52.08845036988451],[5.129924073885668,52.08840681716857],[5.129727374408407,52.08835875105998],[5.129693872880183,52.08834879102694],[5.129661851122205,52.088335238989956],[5.129642950584298,52.08832351321985],[5.129624055230512,52.088310888651314],[5.129609562940371,52.08829377966592],[5.129411359905317,52.08800033552918],[5.129398363097791,52.087976938139704],[5.129389727913907,52.08795624670554],[5.129384047087456,52.087929270083976],[5.129385697756492,52.08789601784632],[5.129390194011058,52.08787535512401],[5.129776242597827,52.08671224385532],[5.129907861893483,52.08640513920169],[5.129975735348222,52.086273162683014],[5.130230391839403,52.085881838156816],[5.130262706191965,52.08584415868894],[5.130440165971833,52.08568365883071],[5.130540005226511,52.08557422175785],[5.130584769434719,52.08565521182159],[5.130777938720511,52.08606279162838],[5.131530088046509,52.08618486513433],[5.131721046571517,52.08621493968555],[5.132279037104618,52.08610110014674],[5.132355288519759,52.08629001441791],[5.132399099311442,52.086282918648806],[5.132548111142766,52.086249085917686],[5.132603261399256,52.08630043700586],[5.132641000971497,52.08633467315013],[5.132675832831685,52.08636710539158],[5.132712113517157,52.08640133836318],[5.132745496703569,52.08643196984316],[5.132789041836397,52.0864716113085],[5.132847100430493,52.08652476616879],[5.13288628405716,52.08656170176814],[5.132909510635976,52.08658242441891],[5.132922524200234,52.086603125040035],[5.132961575178983,52.086663429303044],[5.132986163831875,52.08670123220328],[5.132993366961221,52.08671742625469],[5.133007798765362,52.086745320377425],[5.133019348306206,52.086766916637664],[5.133042457631867,52.086808311563196],[5.133090635649162,52.08680302256419],[5.133092089556574,52.08680392450433],[5.133089140907112,52.086809310989814],[5.132943299337676,52.08705526962319],[5.132890279108981,52.08714233952666],[5.132816643249975,52.08726262077608],[5.132797578808348,52.08727965697011],[5.13276530132756,52.0873110455558],[5.132734503276874,52.08733884209881],[5.132733039136156,52.08733973774563],[5.132709571980361,52.08736125845663],[5.132668509516219,52.08739802089386],[5.13262743675711,52.087436580907706],[5.132649219976444,52.0874546040701],[5.132592159146016,52.08748234387426],[5.132570212260474,52.08749308216041],[5.132568763456116,52.08749128141837],[5.132474873595491,52.0875809592828],[5.132471924820306,52.0875863457521],[5.132398445772168,52.08767876406817],[5.132481632316312,52.08793150845913],[5.132590653195934,52.088259808316906],[5.132594201823665,52.08840542263536],[5.132605541905787,52.08846386954431],[5.132709664223584,52.088627677101556],[5.132716934019096,52.08863218682432],[5.132763836252352,52.08885159681729],[5.13288010784619,52.088931841430686],[5.132861078480623,52.088942586062224],[5.132849370062448,52.08894885245106],[5.132824483914211,52.08896317966827],[5.132815698760383,52.08896855355381],[5.132729331749527,52.089017801544955],[5.132877448170551,52.08914305519969],[5.133082209667135,52.089314269881385],[5.133118518571988,52.08934400873673],[5.133137405141937,52.089358430334435],[5.133188238744364,52.08939988494564],[5.13338725797584,52.08955490820264],[5.133494762601603,52.08963782974331],[5.133544178512166,52.089672090697405],[5.133592140486636,52.0897054496971],[5.133720032645591,52.08979560532719],[5.133786881867899,52.08984338574753],[5.133826120074695,52.08987133306394],[5.133868261288708,52.08990198302286],[5.134023776046803,52.09001017378616],[5.134103717300906,52.0900651725836],[5.134105181503532,52.090064276920195],[5.1341545932696,52.090099436411876],[5.134233685542242,52.09004657655239],[5.134255643445959,52.09003404037072],[5.134419602852371,52.0899391185173],[5.13444595322499,52.089923895297844],[5.134463518437712,52.089914046079976],[5.134513290728544,52.089885390952304],[5.134519147482343,52.08988180827818],[5.134563062955586,52.08985673580343],[5.134605524343234,52.08983076139113],[5.134606993602413,52.089828966926106],[5.134606988528136,52.08982986572146],[5.134659673779443,52.08980211557819],[5.134705058349106,52.08977524858439],[5.134753371222772,52.08974659022994],[5.134778262260915,52.089731363811694],[5.134801678964163,52.08971883065098],[5.134809004920309,52.08971345349479],[5.134841216800408,52.089693748701805],[5.134819411327597,52.0896793211314],[5.134828196380658,52.08967394709703],[5.134848699898985,52.089660508885494],[5.134869193267026,52.089648868261214],[5.134892620038585,52.08963453749139],[5.134908720867141,52.08962558387983],[5.134921898414004,52.08961752281796],[5.134927755099973,52.08961394012331],[5.134948253493476,52.089601400689716],[5.134970210978244,52.089588864373695],[5.13497606765659,52.08958528167663],[5.134990709348346,52.08957632493268],[5.13501998258239,52.0895602090301],[5.135030231755332,52.08955393930567],[5.135052194259095,52.08954050417881],[5.135072692584036,52.089527964723366],[5.135077080015959,52.089526176492186],[5.135094655062285,52.08951452958858],[5.135121010018763,52.08949840742132],[5.135125397445854,52.08949661918833],[5.135145895730147,52.089484079720044],[5.135156144867981,52.08947780998457],[5.135167863227795,52.089469745776],[5.135175178973479,52.08946616618767],[5.135216165350776,52.089442884820976],[5.135191456871373,52.08942575469614],[5.135171100387224,52.089413127899604],[5.135220866605091,52.089385371265564],[5.135231039784784,52.08939258345548],[5.135315955793078,52.08934153292459],[5.135313047723655,52.08933972909974],[5.135329168600609,52.0893271802483],[5.135354054149974,52.08931285250254],[5.135381883163157,52.08929403700626],[5.135400922189858,52.089281494377026],[5.135406783851543,52.089277012862794],[5.13542436377179,52.08926446711393],[5.135425827921743,52.089263571433996],[5.135465370062167,52.08923759047758],[5.135482949950469,52.08922504471986],[5.135503453066134,52.08921160639317],[5.135523961225225,52.089197269267366],[5.135547397660858,52.08918114077504],[5.135528500276429,52.08916851715376],[5.135505235748865,52.08915408659481],[5.135524279737077,52.08914064514977],[5.135667730190082,52.089059159873074],[5.135705777559914,52.089039467291165],[5.135758456146975,52.08901261544759],[5.13577894898121,52.089000974663506],[5.135806752371264,52.088986653043506],[5.135830168396215,52.08897411967651],[5.135866756540028,52.08895442393173],[5.135919439978024,52.08892667322015],[5.136036514611193,52.088864905021055],[5.136078636216126,52.08889914937716],[5.136093156399989,52.08891176358902],[5.136178853889799,52.08898115414693],[5.136284245578676,52.08892115844302],[5.136401390226963,52.08884680674254],[5.136473136913482,52.0888020190093],[5.136499495989138,52.0887849977357],[5.136594738706488,52.0887132956922],[5.136607920714469,52.088704335644564],[5.136653328164274,52.08867297391596],[5.136720697104763,52.08862817672931],[5.13682908081529,52.08855470479758],[5.136909636316824,52.08850004863187],[5.137003368445251,52.08843733111388],[5.137089779873268,52.08837909202473],[5.13713225848324,52.08834952151109],[5.137262602053957,52.08826261365425],[5.137262597033289,52.08826351245001],[5.137265515152739,52.088263518635536],[5.137264071154924,52.08826081915555],[5.137300688203076,52.088235730188025],[5.137346099710006,52.08820346939372],[5.137390042058496,52.08817300308207],[5.137435453437238,52.08814074225296],[5.137473539378603,52.08811385873017],[5.137476467521012,52.08811206731895],[5.137480859734186,52.08810938020189],[5.137517476536661,52.08808429116625],[5.13754823702613,52.08806278494543],[5.137571677151402,52.088045757250896],[5.137599514470536,52.08802514363438],[5.13763906427894,52.087997364350265],[5.137684475299594,52.087965103424075],[5.137716699687547,52.08794270145048],[5.137728417183227,52.087934636984755],[5.137844142878969,52.08785219158557],[5.137852862095911,52.08785850166952],[5.137866028574312,52.0878522378671],[5.138003544349932,52.08778691570863],[5.138006712720343,52.08774198208292],[5.138008281886338,52.08772221165748],[5.138011565374379,52.08765660572611],[5.138011585396469,52.08765301054261],[5.137989699798438,52.08765296428815],[5.137987197217603,52.08757835806271],[5.137984514427298,52.087536108488415],[5.137981786587113,52.08750194807684],[5.137986163691931,52.087501957328335],[5.137988058246386,52.08742376516883],[5.137989927764422,52.087350066987895],[5.137981173584522,52.08735004848504],[5.137984447072058,52.08728624014237],[5.137987690514458,52.087227824574526],[5.137993526618441,52.087227836909534],[5.137995356072523,52.087161329093725],[5.137982224858097,52.08716130133981],[5.13798692731598,52.08710288885469],[5.137990205782481,52.08703818171337],[5.13799490821672,52.086979769226716],[5.137998121588434,52.0869267464316],[5.137903310575679,52.08692205197653],[5.137563440082246,52.08690695198759],[5.137563570457103,52.08688358329267],[5.137565134773867,52.08686471166649],[5.137566704103645,52.086844941244294],[5.13756681943354,52.086824268937036],[5.137568494061501,52.08678562379923],[5.137570188743558,52.086743383477256],[5.137570309085756,52.08672181237369],[5.137571873393902,52.086702940746925],[5.137571983706715,52.08668316723521],[5.137573558041138,52.086662498016324],[5.137573678381426,52.08664092691249],[5.137575242685264,52.0866220552854],[5.137575342968053,52.08660407936544],[5.137575463307278,52.08658250826137],[5.137575693957081,52.086541163645045],[5.13757589452173,52.08650521180459],[5.137626944565943,52.08650801629189],[5.137960956011772,52.086526698944574],[5.137961211336606,52.0864808603467],[5.138006440386965,52.08648095594499],[5.137999500775908,52.086417126007774],[5.137992546167364,52.08635599245772],[5.137989788356914,52.08632722481628],[5.137989798368447,52.08632542722413],[5.137987065590699,52.08629216560222],[5.137981575017692,52.08623013633797],[5.137980181101538,52.08621844890511],[5.137976079453753,52.08616900586896],[5.137970578898578,52.0861087741952],[5.137970608935298,52.086103381418624],[5.137969169970585,52.08609978315025],[5.137967856160435,52.086073714979456],[5.137966592413711,52.08603865884748],[5.137965378731018,52.08599461475424],[5.137962751122616,52.085942478411546],[5.137961412289292,52.08592090422062],[5.137958889822428,52.08584989315851],[5.137954968461304,52.085768093457716],[5.137954998499609,52.08576270068086],[5.137952375922909,52.08570966553989],[5.137952380929337,52.08570876674373],[5.137952466038583,52.08569348720915],[5.137952701340266,52.08565124378986],[5.137952986705449,52.0856000124086],[5.137953222005997,52.085557768988636],[5.137953262057104,52.08555057861924],[5.13795343227414,52.08552001954928],[5.137953452299656,52.08551642436459],[5.137953537408059,52.085501144829564],[5.137953652554613,52.085480472517375],[5.137953887853714,52.085438229096624],[5.137953912885503,52.08543373511568],[5.137955567099572,52.085398685148306],[5.137955797389994,52.085357340523224],[5.137956157843584,52.08529262719638],[5.137956298019657,52.08526746090245],[5.137956863728385,52.08516589692947],[5.137956983878529,52.08514432581992],[5.137949694094857,52.08514341160289],[5.138030061903946,52.08512111130118],[5.138106047760074,52.08509970049404],[5.138182033543504,52.08507828963778],[5.138224408275432,52.08506669463749],[5.138260937164617,52.085056884893135],[5.138297466037794,52.085047075137474],[5.138290231257926,52.08503627418255],[5.138274307754709,52.08501377039489],[5.13823666999251,52.08496066132397],[5.138200486268614,52.08490845411802],[5.138177333131183,52.084874250559494],[5.138164297627072,52.08485714569689],[5.138162833676333,52.08485804141162],[5.13813967058868,52.08482563543798],[5.138130986940813,52.08481303379852],[5.138126650121502,52.084805834182234],[5.13809770133706,52.084764427909],[5.137948576395229,52.08455828597626],[5.13780371565957,52.0846343782364],[5.137783235374111,52.084644221789766],[5.137650095755665,52.08471135058633],[5.137645708899189,52.08471313891508],[5.137607801423402,52.0847085646405],[5.137501363728541,52.084696654785134],[5.13751325594014,52.084657132466496],[5.137494299724077,52.084655294707574],[5.137532949319048,52.08452684716814],[5.137623593757743,52.08423133159512],[5.137607715994295,52.08420073854773],[5.137609174921494,52.08420074163616],[5.13761512091599,52.08418098046994],[5.137625629155398,52.08412797310289],[5.137632923779538,52.08412798854368],[5.137764232025038,52.084127367604175],[5.137894081342327,52.08412674343352],[5.138000587859417,52.084126069785064],[5.138239851529594,52.08412657524587],[5.138298208523263,52.084126698455314],[5.138358019444118,52.08412772351136],[5.138393028644087,52.08412869620175],[5.13842220214578,52.08412965656856],[5.138451375648739,52.08413061692816],[5.138480544157378,52.084132476076874],[5.138515543374037,52.08413524632373],[5.138551996526138,52.084138918433304],[5.138586985765409,52.084143486251726],[5.13872842667319,52.084157266513984],[5.138722571006773,52.084160849401314],[5.138728386748344,52.08416445688533],[5.138741507102719,52.08416628214833],[5.138919341508239,52.08419451977816],[5.138931002952088,52.08419634194788],[5.138935394692965,52.08419365477469],[5.138942664396886,52.08419816411648],[5.138951447877072,52.08419278976903],[5.138952911790233,52.08419189404436],[5.138961670338351,52.08419101367823],[5.139012667979971,52.08420280552882],[5.13918102248727,52.08409889819049],[5.139227887356054,52.084066639715054],[5.139273298214934,52.08403347935655],[5.139337734717099,52.083989573295156],[5.139381676541964,52.08395820742031],[5.13949889258248,52.0838676742331],[5.139548734499361,52.083824636200454],[5.139718768927678,52.08368028530637],[5.139789174288019,52.08361212373724],[5.139828778450951,52.08357355813653],[5.140076226802356,52.08367654103912],[5.140058630530114,52.08369268268166],[5.140068823051644,52.083696299273896],[5.140084960411195,52.083680154572136],[5.140102427633107,52.08368738163622],[5.14010536034305,52.08368469136155],[5.140367374298479,52.083792198208414],[5.140496801434944,52.08386796887599],[5.140499714313186,52.08386887377777],[5.140585612078325,52.08390141052644],[5.140658404458512,52.08392942577449],[5.140734109818766,52.08395834587351],[5.140785068069845,52.08397732732999],[5.140812723220652,52.08398906961446],[5.140821461898598,52.08399178429622],[5.140865140461344,52.08400805408498],[5.140895713495375,52.084019802446086],[5.140908814109126,52.08402522265407],[5.140946666939141,52.08403968262911],[5.140977240016236,52.084051430969055],[5.140987427748713,52.08405594627827],[5.141025285574611,52.08406950743148],[5.141058766652473,52.08408305943548],[5.141068954400392,52.08408757473771],[5.141106797449425,52.084103832254314],[5.14113294935782,52.08412366058735],[5.14116344841637,52.08414889082711],[5.141188151332085,52.084166918510306],[5.141193957391429,52.0841723234658],[5.141221558424742,52.08419395241617],[5.141247705496716,52.08421467952002],[5.141273847653464,52.08423630541464],[5.141299994774425,52.084257032506805],[5.141308713779303,52.08426334233853],[5.141330494018121,52.08428226270292],[5.141361003171655,52.08430569529798],[5.141363901282942,52.08430929656801],[5.141387145436366,52.08432732116719],[5.14141620065449,52.08434985190967],[5.141423465697711,52.08435525989501],[5.141445241093783,52.08437507903448],[5.141472842373704,52.08439670792539],[5.141477199433941,52.08440031223317],[5.141503346744992,52.08442103927978],[5.141529489145924,52.084442665117095],[5.141536754217917,52.0844480730954],[5.141561442648184,52.08446879708925],[5.141590493112861,52.08449222658488],[5.141594850191883,52.08449583088824],[5.141612283447689,52.084509349303566],[5.141654405228643,52.08454359169045],[5.141708149285244,52.08458684632918],[5.14183017292847,52.084683272656505],[5.142148283686369,52.08493919534966],[5.142245551287491,52.08502748052386],[5.142147545386152,52.08507401482191],[5.142049544204893,52.08511965024147],[5.141983718728124,52.085150971594],[5.141974940349089,52.08515544737037],[5.141938372782303,52.08517244863798],[5.141868160413779,52.085205558413904],[5.141923374286665,52.08524701839338],[5.14195824651838,52.085273156325044],[5.141974231074818,52.08528487405795],[5.142001843021562,52.08530470522947],[5.142030904108253,52.085326337020994],[5.142078882534012,52.08535699620127],[5.142091963990144,52.08536601146253],[5.14215301413646,52.08540748346518],[5.142205325348739,52.08544624085784],[5.142261993881108,52.08548860250538],[5.142291055213108,52.08551023423226],[5.142311397178476,52.08552555619605],[5.142404358291212,52.08560124899152],[5.142408715543787,52.085604853264314],[5.142456620789023,52.08564899423582],[5.142474049838986,52.08566341131801],[5.142501637666086,52.085687736353485],[5.142551002069355,52.08573188031399],[5.142568431182029,52.08574629738209],[5.14260183537506,52.08577422968741],[5.142597360176554,52.085792196535344],[5.142591367035841,52.08582094591302],[5.14258687217523,52.08584250794598],[5.142579361077389,52.08588203985252],[5.142576050030549,52.08595393750861],[5.142505846735448,52.08598525006721],[5.14265398544172,52.08610959270784],[5.142806487226725,52.0862366406217],[5.142913957204537,52.08632764278567],[5.143111483589892,52.08649253344377],[5.143121647580684,52.08650154254879],[5.143399783331924,52.086600087877024],[5.143431817810344,52.0866118385935],[5.143549801565728,52.08664803471245],[5.14358184101138,52.086658886591735],[5.143708559503743,52.0866986958236],[5.14378284674065,52.08672131936794],[5.143846930753893,52.08674212419471],[5.143909565589145,52.086761128383436],[5.143976562856935,52.08678283795683],[5.144043565073979,52.08680364869574],[5.144112021484029,52.086825361200816],[5.144190671534633,52.08685068990055],[5.144229996593371,52.08686335423078],[5.144254760803208,52.08687059570901],[5.144276606990805,52.08687783117023],[5.144323217418441,52.086892308091244],[5.144362547429133,52.086904073580854],[5.144388760944786,52.08691311562834],[5.144409153035164,52.08691944926417],[5.144454309408093,52.086933024332666],[5.144495093631377,52.08694569157803],[5.144519853055208,52.08695383179681],[5.144540245182746,52.08696016540989],[5.144583937745044,52.08697463622238],[5.144682985366042,52.087005399398926],[5.145046991146901,52.08714456369011],[5.145096495835874,52.08716354027932],[5.145118332577751,52.08717257317698],[5.145173658845336,52.08719425810454],[5.145196949782616,52.087204192778735],[5.145389128338994,52.0872809855861],[5.14578804382288,52.087440891706116],[5.146095241275796,52.08756375790539],[5.146103976130431,52.087567370990776],[5.146109841338002,52.08756199014584],[5.146128770088216,52.08756921929681],[5.146211765822264,52.08760084716923],[5.146226327168826,52.08760626976588],[5.146280195471055,52.08762795119122],[5.146315139846688,52.0876415046777],[5.146332614461586,52.087647832018845],[5.146395217764316,52.08767312645928],[5.146403957501417,52.0876758407261],[5.146398077803388,52.08768391797456],[5.146411184994514,52.08768843877236],[5.146479619733648,52.087714643882],[5.146743179980459,52.08781315152109],[5.1468188958533,52.0878420676991],[5.146866947847284,52.08786014177254],[5.146868411722222,52.08785924595005],[5.146965970049043,52.087896295805834],[5.146880664582977,52.08802285364315],[5.14698417047272,52.088039243062774],[5.147030787812975,52.08805282011507],[5.14771513840469,52.088316663404996],[5.147492075304437,52.088556191371595],[5.147382013974975,52.08867371116946],[5.147291011642535,52.088774192327435],[5.147182384221696,52.088896208883696],[5.146831548962075,52.089289171257924],[5.146617119727461,52.08954938768042],[5.146471619223397,52.08974413161331],[5.146448055850829,52.089784529771755],[5.146315739120811,52.08996941355889],[5.146261301699122,52.090052891286426],[5.146167056224468,52.09021268612125],[5.146149391781071,52.090241411799454],[5.146118483793394,52.090290782933664],[5.145872094816889,52.09079361018903],[5.145709808679152,52.09112313965961],[5.145650709805149,52.091258738278235],[5.145439359548798,52.09175624350038],[5.145593930111708,52.09177543521863],[5.144835542872557,52.093588567287185],[5.144727581722074,52.09385349293612],[5.14469066215795,52.09393430949932],[5.144564978648508,52.09423784716849],[5.144548765962735,52.09426747438431],[5.144040328317155,52.09545374880268],[5.144007872027696,52.09551839584535],[5.143969656637711,52.09556865011805],[5.143921250498516,52.095614389329754],[5.14386556241867,52.095657417080425],[5.143801142864971,52.095695932757764],[5.143779189742296,52.09570757191157],[5.14374700680863,52.09572188635824],[5.143730915334071,52.095729043578295],[5.143706053352642,52.09573887910259],[5.143679732055694,52.095748711608195],[5.143653420533726,52.09575674651787],[5.143627104108503,52.095765680216616],[5.143600797461441,52.095772816319496],[5.143570112889202,52.095779943372065],[5.143554040946564,52.095783505387836],[5.14352482056136,52.095789736648605],[5.143494150654876,52.09579416729639],[5.143463480742327,52.09579859793616],[5.143432815721427,52.09580212977294],[5.143402150695696,52.095805661601744],[5.143371495463035,52.09580739583259],[5.143339380921485,52.09580912703776],[5.143308730584253,52.09580996245732],[5.143276625840173,52.0958098960554],[5.143256195548544,52.0958098537951],[5.143245985304221,52.09580893386865],[5.143215344769601,52.095807971673935],[5.143183249832604,52.095806107656635],[5.143152619107999,52.09580334785565],[5.143121993291159,52.09579968925173],[5.143091372383927,52.095795131844845],[5.143060751482948,52.095790574430005],[5.143031594799753,52.0957851212338],[5.143000983724542,52.09577876621349],[5.14297038247207,52.09577061359531],[5.142447101680148,52.095658076866165],[5.141938396793229,52.09554916334424],[5.141907480477805,52.09559853332643],[5.141700506573166,52.0955531623686],[5.141658251064154,52.09554138992552],[5.141516743620078,52.09553300595155],[5.141490481204496,52.09553205242916],[5.14144668747219,52.09553465758842],[5.141453588961366,52.09560657638739],[5.141454993949119,52.09561646617243],[5.141232972780263,52.0956537531145],[5.141065128409346,52.095657896935954],[5.140954201714297,52.09566126057889],[5.140849112209087,52.095664636311604],[5.140722133162823,52.09566796620119],[5.14060391486316,52.09567041546878],[5.140472552919883,52.09567463472955],[5.14036600900496,52.0956771081834],[5.140262383682456,52.095679587652526],[5.140160217650712,52.09568207008755],[5.140052209433423,52.09568543899541],[5.139936904688534,52.09568879250543],[5.139823059228926,52.09569214896384],[5.139697539332449,52.09569548081057],[5.13956034499676,52.09569878800833],[5.139320974551736,52.09570637434337],[5.139333948913511,52.09573516338265],[5.139403174004272,52.095883611729015],[5.13949099735385,52.096099509487935],[5.139577367202651,52.096314505315426],[5.139619100573488,52.09642065194705],[5.139686694277998,52.09660055486151],[5.139702493315982,52.09664642708087],[5.139741288730236,52.09675616271702],[5.139824215491568,52.0970664244472],[5.139845568937866,52.09716354018138],[5.139864003769391,52.09726064978874],[5.139885233162515,52.097380235377095],[5.139904963556149,52.09750700825554],[5.139921795203802,52.09763017983001],[5.139942885816751,52.097774931647564],[5.139958372555239,52.09787742787831],[5.139966820800132,52.097933171494496],[5.139985047580622,52.09806803043933],[5.140010352849802,52.098242451629524],[5.14006652348055,52.09864163869892],[5.140097413780379,52.09886191060048],[5.140107252279986,52.09893024037686],[5.140021122366849,52.098934553908435],[5.139764201880856,52.09894569959878],[5.139676617470203,52.09894911102217],[5.139529177378556,52.09895599191067],[5.139105844112868,52.09897397700017],[5.138936517695938,52.09897991229812],[5.138864991653416,52.09898245811787],[5.138554057447009,52.09899618383327],[5.13851172455866,52.09899789218094],[5.138483990767282,52.09899873249879],[5.138288379783507,52.099007307843436],[5.138199330727376,52.09901161388274],[5.138148236342632,52.099014202405286],[5.138142398699848,52.09901419007699],[5.138089849903734,52.09901587669788],[5.138084012260753,52.09901586436669],[5.138078169611932,52.09901675082947],[5.138034372268658,52.099019354716944],[5.138028534625242,52.099019342383016],[5.137996417571541,52.09902107212974],[5.137990579927913,52.09902105979391],[5.137946782575371,52.09902366364881],[5.137897152582965,52.09902535635281],[5.137843139342998,52.09902793857272],[5.137843134332428,52.09902883736694],[5.137789121085179,52.09903141956211],[5.137789126096834,52.099030520767904],[5.137727810775201,52.09903398629654],[5.137685477819977,52.09903569434735],[5.137668060151428,52.099018580202895],[5.13751384927547,52.098931069737155],[5.137497730560798,52.098942720072046],[5.137417166976177,52.09899557894782],[5.13732488271815,52.099056502178385],[5.137220902804312,52.09912099576501],[5.137134521007082,52.09917024689476],[5.137049593410264,52.09922039985047],[5.136512133515521,52.099550018758265],[5.13635544545744,52.09964406008365],[5.136324691539394,52.09966286956538],[5.136305663469838,52.099672715938084],[5.136292488246833,52.099679878345896],[5.136277858629251,52.09968613885294],[5.136179834537256,52.09972907287662],[5.136102302898749,52.09976126479537],[5.135982381881007,52.09980505083526],[5.135843457632473,52.099854189080446],[5.135708926558035,52.099900640116175]]]]}},{"type":"Feature","properties":{"gezicht_uri":"https://linkeddata.cultureelerfgoed.nl/cho-kennis/id/gezicht/10134571","gezichtsnummer":"301","naam":"Utrecht - Zuilen-Elinkwijk"},"geometry":{"type":"MultiPolygon","coordinates":[[[[5.078667663756845,52.10981294705371],[5.078755602632318,52.109761945180374],[5.078798096740628,52.109738687374126],[5.07936233641625,52.10941569282149],[5.079624669428676,52.109265377994845],[5.079687722590804,52.10922419737885],[5.079756732010577,52.10916595495654],[5.079784664753766,52.109137266002236],[5.07979209938224,52.109117511665744],[5.079805317326642,52.10910586165019],[5.080464769084046,52.108732776848456],[5.081298659392982,52.10825138550289],[5.081527289171756,52.10811805631352],[5.082015271819861,52.107840690446956],[5.082072089456084,52.107857015960704],[5.082268743577772,52.107916845750125],[5.082418773668807,52.107963971452136],[5.082444999213507,52.107971229667605],[5.082624168555032,52.1080265196506],[5.082672234571953,52.10804192346615],[5.082798965355429,52.10808089926867],[5.082889277202463,52.10810899530307],[5.083295691084196,52.10823407841679],[5.083305890702026,52.10823680111544],[5.083330650736316,52.10824495416188],[5.083333564041427,52.10824586047352],[5.0834734028259,52.108289363346685],[5.083553521970862,52.108313837398185],[5.083649661399638,52.10834374546181],[5.083694820892949,52.108357343766826],[5.083782226638768,52.108383634024456],[5.083932265992077,52.108429859009426],[5.084172613018703,52.108505077643436],[5.08431537286601,52.10854858701842],[5.084345959949553,52.10855855242593],[5.084401313547302,52.10857577185736],[5.084452300204841,52.108591182442254],[5.084455213555315,52.108592088726134],[5.084509119687368,52.10860750678066],[5.084727621467489,52.108675477766646],[5.085069957444125,52.10877971785604],[5.085090351073807,52.108786061734754],[5.085174839029947,52.10881234348057],[5.085208327725621,52.108825012509314],[5.08528116228806,52.10884766911738],[5.085517146778122,52.10892107621822],[5.085540459994315,52.10892742748703],[5.085563767153652,52.108934677540816],[5.085823059811821,52.109015334078],[5.085865307238767,52.109028025300965],[5.085830134320926,52.109048607943095],[5.085752465476536,52.10909334969867],[5.085682119401692,52.10913451490443],[5.085610307397341,52.10917657512454],[5.08557074290431,52.10919894406904],[5.085563413896238,52.109203419349676],[5.085309883930931,52.109350174672024],[5.085252717231834,52.10938508172134],[5.085103240341342,52.10947098421201],[5.084925900027022,52.109575690007276],[5.084786670538736,52.10965712433476],[5.084782309517875,52.10965441673724],[5.084776452268067,52.10965709813281],[5.084777905941595,52.109658000665426],[5.084719290840289,52.10969110613164],[5.084691446052251,52.1097072132033],[5.084692899725688,52.10970811573695],[5.084659191569725,52.109727802981425],[5.084657737896328,52.10972690044737],[5.084653340384852,52.10972958558142],[5.084647483117455,52.10973226697058],[5.084648936790819,52.10973316950476],[5.084615228596591,52.10975285673654],[5.084613774923269,52.10975195420192],[5.084549284044468,52.10979043733818],[5.084536103638771,52.10979669514896],[5.084448171283579,52.10984770133942],[5.084415928761045,52.10986649347162],[5.08432213273118,52.10992107973383],[5.084308946166253,52.1099282363083],[5.084181447393981,52.11000161080196],[5.084115502110035,52.11003919115888],[5.084056879924088,52.110073195082194],[5.083999717416502,52.11010720272891],[5.083941101149579,52.11014030780486],[5.083883938468041,52.11017431539493],[5.083825322027328,52.1102074204128],[5.083768165271672,52.11024052915697],[5.083709542557333,52.110274532906],[5.083604017784818,52.11033627885369],[5.083508760000457,52.110390860705216],[5.083425222959245,52.11043918103485],[5.083382724481329,52.11046333929705],[5.083553140181798,52.110519504080145],[5.083621597317816,52.110542150433716],[5.083684227596504,52.1105629841422],[5.083749771399598,52.110584724118524],[5.083783273216832,52.11059559597076],[5.083813861581643,52.11060556151404],[5.083876485941268,52.11062729390953],[5.083940576243558,52.1106481312361],[5.083942029932381,52.11064903377886],[5.083946403191853,52.11064994382868],[5.084007573987324,52.11067077361172],[5.084045443102249,52.11068345422598],[5.084113906832309,52.110705201504224],[5.084259556683599,52.11075411117465],[5.084413947335223,52.11080573951928],[5.08447657835338,52.11082657280646],[5.084499880244374,52.11083472185821],[5.084552317135427,52.11085193372123],[5.084553770843245,52.11085283625646],[5.084619315495234,52.11087457574892],[5.084649904237779,52.11088454107507],[5.084687773716439,52.11089722148282],[5.08471544898312,52.110906280514],[5.084756238087176,52.1109189683877],[5.084779540077432,52.1109271173841],[5.084824696445901,52.11094161404202],[5.084845084948396,52.110948856750916],[5.084890241360135,52.110963353383724],[5.084910629883188,52.11097059608129],[5.084958699854884,52.11098599896014],[5.084974721160918,52.11099143284515],[5.085024244899522,52.11100773822729],[5.085041726018614,52.11101317584332],[5.085091243732444,52.11103037998653],[5.085158248705334,52.11105212291839],[5.085225253743491,52.11107386581217],[5.085286425716362,52.11109469493106],[5.08529378540922,52.111085725723086],[5.085296698939334,52.11108663198595],[5.085443732270146,52.11114722818891],[5.085506358182797,52.111168959717745],[5.085579190651219,52.11119251492533],[5.085614147110663,52.11120428877935],[5.085638909210255,52.1112124413386],[5.085638915272634,52.111211542549334],[5.085649115712894,52.11121426504454],[5.085682618465009,52.111225136356595],[5.085716115172607,52.11123690644837],[5.085751071702915,52.11124868026176],[5.085783114700269,52.111259547814015],[5.085815157713223,52.11127041535758],[5.085850114295881,52.1112821891416],[5.085879249843481,52.11129125162932],[5.085920033573253,52.111304837889236],[5.08594333597729,52.11131298665539],[5.085987027250863,52.111328377928174],[5.086007422173493,52.111334721646614],[5.086055486861588,52.11135102286714],[5.086071508432087,52.11135645660294],[5.08612249278527,52.111372765250515],[5.086135600805496,52.1113772927352],[5.086190946481458,52.11139630890001],[5.086199687187595,52.1113990276218],[5.086259406299774,52.11141895372047],[5.086263773632085,52.11142076247352],[5.08632786013897,52.11144249729041],[5.086391946708249,52.111464232072386],[5.086396320097547,52.11146514203124],[5.086457499198764,52.1114850717527],[5.086461866545565,52.11148688049843],[5.086521585892261,52.111506806464185],[5.086531780409348,52.11151042767218],[5.086585678691546,52.11152764235149],[5.086601700389946,52.111533076015206],[5.086649765508544,52.11154937699322],[5.086667247037694,52.111554814368056],[5.086716772019316,52.11157111903855],[5.086734247524728,52.111577455192695],[5.086856606391272,52.111617314252705],[5.086961477833243,52.11165263464633],[5.086914395400231,52.111707341863664],[5.086886441471714,52.11173962765462],[5.086855549744214,52.1117746023715],[5.0868202422655,52.11181495866169],[5.086790816298155,52.11184903828978],[5.086692174338016,52.111972822033245],[5.086668617697582,52.11200242256185],[5.086642117195045,52.112035610801996],[5.086614150778251,52.11206969410473],[5.086587638108377,52.1121046799106],[5.086559671606717,52.112138763199944],[5.086533164897683,52.112172850203905],[5.086505198311728,52.11220693347989],[5.086478691520618,52.11224102047119],[5.086450718804128,52.112276002522925],[5.086427167890315,52.11230470421242],[5.086291670905063,52.11248142309089],[5.086288781461958,52.11247692169634],[5.086268180280129,52.11250113685653],[5.086216692355276,52.112559427768076],[5.086218146152232,52.112560330282626],[5.086156366518186,52.112629380557586],[5.086169474910224,52.11263390803784],[5.086141495652688,52.11266978880263],[5.086114982255927,52.1127047744982],[5.086087008963804,52.11273975646052],[5.085989816885971,52.1128644421112],[5.085924729113739,52.11299100730053],[5.085888317371511,52.11297833102237],[5.085851536086696,52.11302048086148],[5.085844182244827,52.11302855131232],[5.085848549717491,52.11303036008039],[5.085822066172078,52.113060851762725],[5.085795588650052,52.11309044464999],[5.085791215114019,52.113089534668944],[5.085783861249876,52.1130976051159],[5.085745613840771,52.113140649979144],[5.085722080200616,52.113166655156114],[5.085714726311271,52.11317472559861],[5.08564188447971,52.113152069268835],[5.085579243595664,52.113132135394736],[5.08552098236528,52.11311221268958],[5.085509327699315,52.1131085876607],[5.085461261321641,52.11309228622085],[5.085442325540074,52.1130859461442],[5.085403000195907,52.113072363457334],[5.085379696973756,52.11306421458607],[5.08534619291751,52.11305334319019],[5.085309781289015,52.113040666733575],[5.085286478100421,52.11303251784388],[5.085251520298234,52.11302074389516],[5.08522676333904,52.11301169246729],[5.085188891916245,52.11299901223558],[5.085168502423109,52.112991769587794],[5.085124803733767,52.1129772768037],[5.085110241559176,52.1129718466795],[5.085059261827298,52.11295463880828],[5.085051974672742,52.11295282253128],[5.08499371391163,52.11293289956533],[5.084993719987291,52.112932000776404],[5.084932545637622,52.11291117150999],[5.084928178213751,52.112909362707995],[5.084872825125535,52.11289124474289],[5.084868457706032,52.112889435938705],[5.084816024382676,52.11287132543113],[5.084805829694678,52.112867704075384],[5.084757763833194,52.11285140234845],[5.084740288110788,52.112845065902484],[5.08469950333571,52.11283147923695],[5.084677654142058,52.11282423275995],[5.084641242890221,52.11281155609668],[5.084612112686973,52.11280159451569],[5.084582982496726,52.112791632927525],[5.084549478839039,52.11278076130507],[5.084523262300552,52.11277170598318],[5.084486851135386,52.112759029272176],[5.084465008097969,52.11275088396676],[5.084425677259184,52.112738199742516],[5.084405288008956,52.1127309569626],[5.084355768676601,52.11271375253481],[5.084348481589995,52.11271193621426],[5.084288767694888,52.11269111036211],[5.084226140243884,52.11266937819058],[5.08421739940979,52.112666659322926],[5.084157685636378,52.1126458334043],[5.084140203986813,52.1126403956582],[5.084102333187565,52.1126277150771],[5.083972699160395,52.11258423924288],[5.083923180157456,52.11256703463321],[5.083848892576673,52.11254257586303],[5.083792092734201,52.112522656057465],[5.083730913405009,52.1125027249559],[5.083720718889184,52.11249910350624],[5.083672653820726,52.11248280133647],[5.083653718551648,52.11247646097232],[5.08361584802963,52.112463780234805],[5.08359108560705,52.11245562725204],[5.083589631866624,52.11245472470513],[5.083557588547511,52.1124438565585],[5.083556128703655,52.11244385280016],[5.083529912564464,52.11243479725714],[5.083497869274189,52.112423929094284],[5.083462912420195,52.1124121546147],[5.083438150054178,52.112404001599764],[5.083398832028016,52.11238951945481],[5.083381350571245,52.112384081596076],[5.08333183201817,52.11236687673775],[5.083323091297767,52.11236415780376],[5.083264832076282,52.112344233982625],[5.083202205610234,52.11232250126666],[5.083130838509399,52.112298049569084],[5.083079860309795,52.11228084084118],[5.082951694239093,52.11223646885861],[5.082925478344261,52.112227413181095],[5.08290072229648,52.11221836126421],[5.082829355527212,52.112193909384004],[5.082769636913246,52.112173981550555],[5.082711378186887,52.11215405745565],[5.082709924474053,52.11215315489788],[5.082656033057259,52.112135039659904],[5.082653119512522,52.11213413333192],[5.082599234265419,52.112115119279046],[5.082596320723134,52.11211421294963],[5.082545342939449,52.11209700399042],[5.082538062152105,52.112094288769036],[5.08250456564126,52.112082517775995],[5.082491451657212,52.11207888867713],[5.082476890095871,52.11207345822724],[5.082452128097759,52.112065305005025],[5.082439020249924,52.11206077711138],[5.082418631631312,52.11205353398753],[5.082385129054553,52.11204266174943],[5.082363286750984,52.112034516054244],[5.082332697732936,52.11202455013638],[5.08230356855824,52.112014587984476],[5.082277352925139,52.11200553216271],[5.082245310247844,52.111994663659026],[5.082224921690846,52.11198742050166],[5.082187051989444,52.111974739304785],[5.082172490499085,52.11196930881727],[5.082127340088459,52.11195391235676],[5.08211568600043,52.111950286992126],[5.082057427857778,52.11193036257375],[5.081999169767119,52.111910438126564],[5.081978781288511,52.11190319492656],[5.081935084700052,52.11188870095915],[5.081892854102875,52.11187331196562],[5.081872459520211,52.111866967536116],[5.081809834401334,52.11184523407977],[5.081764684241231,52.11182983748025],[5.081744289696642,52.11182349302854],[5.08167729751745,52.11179995058145],[5.08164525513376,52.11178908191454],[5.081640887952793,52.11178727299061],[5.081541847405054,52.11175376057855],[5.081493888413935,52.11172217810861],[5.081482252876063,52.1117158563146],[5.081393603476824,52.11165720417675],[5.081358727709145,52.111633744817084],[5.081347098362202,52.1116265242208],[5.081323845828837,52.11161118423588],[5.081133471311671,52.11148485767],[5.081873610577348,52.111057147355226],[5.08184745084039,52.111040002335855],[5.081901880710352,52.11097902451198],[5.081195516125006,52.11073811178096],[5.081163468467336,52.11072814177093],[5.081140173394487,52.11071909327101],[5.081038222171535,52.11068467406657],[5.080079924168405,52.11035591625502],[5.078872609400658,52.10994111336722],[5.078748814901332,52.10989944462257],[5.078738652388309,52.10989132879646],[5.078727023918142,52.10988410794032],[5.078715389250335,52.109877785872],[5.078702294826538,52.10987145998414],[5.07868773444542,52.10986602906517],[5.078673174067844,52.109860598144394],[5.078658607491276,52.1098560660108],[5.078644034714836,52.10985243266438],[5.078627995979084,52.109849694285785],[5.078611957245303,52.10984695590498],[5.078607577969882,52.109846944446254],[5.078638356956688,52.109829048874495],[5.078667663756845,52.10981294705371]]]]}},{"type":"Feature","properties":{"gezicht_uri":"https://linkeddata.cultureelerfgoed.nl/cho-kennis/id/gezicht/10134603","gezichtsnummer":"250","naam":"Nieuwersluis"},"geometry":{"type":"MultiPolygon","coordinates":[[[[5.001342164258048,52.204059196382026],[4.999287856093506,52.19654303721661],[4.999581881336803,52.19637053524487],[4.999717102662904,52.196294581438664],[4.999903779109754,52.19618823721273],[5.000118383964284,52.19606580592923],[5.000403518307201,52.195905855900286],[5.00061667345116,52.195781621371594],[5.000829811832265,52.195659183993826],[5.00102820675118,52.19555017994622],[5.00120605496824,52.19544919756144],[5.001285437200509,52.195402719663726],[5.001380977283638,52.195348205348864],[5.001552958171694,52.19524900086146],[5.001742574249949,52.19513996694226],[5.001933651938309,52.1950309374872],[5.002083544879596,52.194948737270835],[5.002171708266691,52.194901388620394],[5.002326042224914,52.19481291100909],[5.002502429787133,52.194711023115104],[5.002658209453724,52.19462434737024],[5.002802272847266,52.194539430870684],[5.00293893016263,52.19446527563971],[5.003041809772053,52.19440718868309],[5.003304954387608,52.194250755286255],[5.003397487158783,52.19420521751661],[5.003440116534514,52.19418018979592],[5.003473390777094,52.19422254131683],[5.003518264657456,52.19427661485956],[5.003610868198587,52.19439286032728],[5.00367892628579,52.194472175389095],[5.003992724151359,52.19437792185424],[5.004040508409979,52.19443380223091],[5.004063700212162,52.19445814495784],[5.004088339116768,52.19448428996588],[5.004110076171466,52.19450772916814],[5.004130397050918,52.19452577099998],[5.004155066912294,52.19454832091264],[5.004178297434617,52.19456816976517],[5.004200119488482,52.194581722477295],[5.00421320500825,52.194590752872934],[5.004349879738717,52.194684670797635],[5.00449816272413,52.19478941172732],[5.004552546261321,52.19475813013479],[5.004843306077124,52.194621556306345],[5.004859455495059,52.19461441823546],[5.004828996797966,52.194584659363564],[5.004766663250736,52.194519744236985],[5.004749251741364,52.19450350952903],[5.004723142209683,52.19447825869178],[5.004624032619799,52.194267619513155],[5.004619645080893,52.19426760529775],[5.004618197989291,52.19426580301849],[5.004592404829813,52.19420370256523],[5.004898847814714,52.19411391677092],[5.00483720234917,52.19379823998133],[5.004775519214345,52.19348705699549],[5.004730646676683,52.19326221278174],[5.004818077023524,52.192787931887366],[5.00487034355007,52.1924914985796],[5.004894998691574,52.19234507471739],[5.005048311182739,52.19203279010543],[5.005213482616931,52.19170166893634],[5.005259610720616,52.19160924219193],[5.005663447870424,52.1915862802999],[5.005855117789367,52.19157611393064],[5.00625017211553,52.191554020462384],[5.006965688376717,52.191510488175965],[5.007373826834898,52.191497421038996],[5.007736675855774,52.19147881417921],[5.007768833844734,52.19148071511227],[5.00778925422953,52.19148707229958],[5.007805233832342,52.19149970678435],[5.007816765010547,52.19151951733939],[5.007844652662232,52.19167959256488],[5.007908966237551,52.192027633071355],[5.007923529488602,52.19203487021526],[5.007946882673008,52.1920403379989],[5.007987823360875,52.19204136828436],[5.008014162571483,52.19203965527977],[5.008053694306371,52.19203438944875],[5.008967004050035,52.191949236576285],[5.010408606211587,52.191823520239886],[5.01042473094632,52.191819077716026],[5.010437718212778,52.19183979145283],[5.010447765436468,52.191862293398316],[5.010459176404862,52.19189648403529],[5.010469124953593,52.191930670005036],[5.01047624733782,52.19195316261588],[5.010483362137292,52.191976553997414],[5.010494856670646,52.19200085814664],[5.010500584963066,52.19201525714888],[5.010506267710366,52.19203504877831],[5.010542160738023,52.19211425727864],[5.010910954252605,52.19208487407102],[5.012059735081507,52.19199775105021],[5.013239267839184,52.19190532148174],[5.013252263975307,52.19192513613832],[5.013375168978563,52.191918334944816],[5.013405398045928,52.19197595354521],[5.01341401449037,52.19199485552356],[5.013432732439374,52.192029967793],[5.013447161010434,52.192053382142944],[5.013464499417557,52.19207860329169],[5.013481807718294,52.19210741952375],[5.013493371702081,52.19212363443872],[5.013506368014618,52.19214344906672],[5.013513552212436,52.1921587513231],[5.013523601060845,52.192181253007035],[5.013536574812327,52.19220376394593],[5.013548040948555,52.192231662884325],[5.013555202584686,52.19224966145238],[5.013560916837876,52.19226585784935],[5.013563668547685,52.19228653884814],[5.013570762431188,52.19231262635813],[5.013577871382172,52.19233691632471],[5.013587920302994,52.19235941800252],[5.013597984292358,52.19238012213653],[5.013610965668002,52.19240173429512],[5.013623954584908,52.192422447680755],[5.01363841349662,52.19244226692018],[5.013649985152142,52.192457583047556],[5.013657184505711,52.19247108775159],[5.013668733591715,52.19248910019135],[5.013673008043431,52.1925025956417],[5.01367430489031,52.19252237323938],[5.0136755114061,52.19255293609409],[5.013676883532136,52.192563725977415],[5.013699853814684,52.19261502996542],[5.013715662379616,52.19264833539188],[5.013717094733224,52.192651935103285],[5.01372273382884,52.192677119205484],[5.013767400350139,52.19275725324699],[5.013881001496061,52.19298860282046],[5.013953275103202,52.19309039514752],[5.014005375181413,52.19315617186613],[5.014025526477623,52.19319488374285],[5.014055704606277,52.19325879356479],[5.014075660478004,52.19332087348706],[5.014088371654818,52.19337484135791],[5.014115677653694,52.19343245052112],[5.014180707722514,52.19352613065615],[5.014222511064339,52.19359906510459],[5.014225390948049,52.193604466971365],[5.014329255094997,52.19377646484268],[5.014425860112883,52.193942148134624],[5.014448944650236,52.19397997039707],[5.014506468382993,52.194096995313686],[5.014582922473171,52.194223966680724],[5.014639179579224,52.19431761886158],[5.014759359904223,52.19446270395661],[5.014814387817468,52.19452848953058],[5.014828750376233,52.19455999264361],[5.014853320612645,52.19459512312186],[5.01503450859366,52.194790732792676],[5.015169279350949,52.19494035741029],[5.01517510700295,52.19494307215482],[5.015199850165058,52.194957530822236],[5.01523485359625,52.19496932542029],[5.015287437482877,52.19497758020054],[5.015367794622827,52.194987720004455],[5.015398447974339,52.194995006881975],[5.01542178864315,52.19500227072845],[5.015458277184123,52.19501137355134],[5.015490393105833,52.19501866500923],[5.01552976180801,52.19503316964471],[5.015560385256423,52.19504405156495],[5.015583710997842,52.19505311292173],[5.015598261505537,52.195062146659325],[5.015608416907361,52.19507206535931],[5.015617109772518,52.195081979456155],[5.015621415016991,52.19509187974587],[5.015624227765709,52.19510537051794],[5.01562411543132,52.19511885208562],[5.015618093012803,52.19513950541388],[5.015612063099467,52.1951610575129],[5.015603085623098,52.1951852967202],[5.015586690553773,52.195222095710044],[5.015573332901524,52.19524542233567],[5.015548042650408,52.195296574040874],[5.015533162479825,52.1953270862276],[5.015524184926899,52.195351325428106],[5.015499059373001,52.195382704157026],[5.015484081745956,52.19542490036161],[5.015467626552264,52.19546888950204],[5.015467619060068,52.195469788273165],[5.015463119014116,52.19548325602735],[5.015455588961685,52.19550929736826],[5.015448036422611,52.19553803502191],[5.015440483873751,52.19556677267489],[5.015434408858902,52.1955937173896],[5.015429713972599,52.195630553190384],[5.015428049101689,52.19565481540493],[5.01542941425258,52.195666504033554],[5.01542495913368,52.19567457915931],[5.015419003986187,52.195687143535594],[5.015412966408514,52.19570959439327],[5.015412734114544,52.1957374562963],[5.01541395689048,52.195766221575035],[5.015427983081818,52.195838169306334],[5.015450649860782,52.19592632254007],[5.015463340960578,52.19598298655347],[5.015471951556142,52.19600278714083],[5.015491918111602,52.1960639680257],[5.015499051177985,52.19608556154901],[5.015482955370872,52.19608640967775],[5.01538193284014,52.1960986747565],[5.015324824977387,52.19610658407901],[5.015272104819493,52.196114507193634],[5.01521646698977,52.19612152229926],[5.015138868013743,52.196131164570424],[5.015083200142041,52.19614177469705],[5.015006876137486,52.19617389076443],[5.014902868093903,52.19619333638056],[5.014801822645052,52.19620829727503],[5.014742358630185,52.196323155443224],[5.014730402729447,52.19635367674855],[5.014719924411023,52.196382405124176],[5.014719849336304,52.19639139283318],[5.014706498386449,52.196413820584226],[5.014696072594137,52.19643625756113],[5.014679781429771,52.196460473623304],[5.014669378138574,52.19648021428497],[5.014658937294516,52.19650444880003],[5.014651481687185,52.1965215023756],[5.014648421349632,52.19653767102278],[5.014579585695078,52.19689876923801],[5.015071927106116,52.19714209748137],[5.015421521949658,52.19731486836405],[5.015871628648187,52.19753738798931],[5.016101301719571,52.19770888088826],[5.016189976091872,52.197774771499866],[5.016794644807762,52.19823235835381],[5.01717113530558,52.19851486123195],[5.017328140204431,52.1986312975305],[5.016821679255261,52.198851712315765],[5.016450294793149,52.1990105322874],[5.016467009880016,52.19911124970034],[5.016470620732734,52.1992047356189],[5.016463068215762,52.199233473318756],[5.016459948562502,52.19925683217034],[5.016427067114398,52.199341215577974],[5.016150889653602,52.199307991561135],[5.016028129284686,52.199295022665154],[5.015881913730062,52.19928827145208],[5.015832227549835,52.19928272244908],[5.015715407914883,52.19925898638023],[5.015595370922395,52.1992702930409],[5.015471958934814,52.199335516601046],[5.015364681068472,52.19939539806998],[5.015334032193657,52.19938721241598],[5.015247936363287,52.19936267383417],[5.015163325806165,52.199335443486184],[5.015087453927821,52.199312734583785],[5.014973732539801,52.19926833527849],[5.01486582456077,52.19922844816262],[5.014754998930766,52.1991876529515],[5.014714171648032,52.19917224468095],[5.014664643436847,52.19914782100691],[5.01462091340416,52.1991297071643],[5.014603421401046,52.19912246162269],[5.014311221906943,52.19925635845528],[5.01373415367178,52.19952147675373],[5.013402298066659,52.19967412059686],[5.013002892149025,52.19985800727717],[5.012729773637495,52.199982972717315],[5.01246690008863,52.2001070712417],[5.012284791522013,52.20019367626379],[5.012306596123694,52.20020992377898],[5.012095119169949,52.20030991718502],[5.011955601764309,52.200375984711535],[5.011711769359382,52.200496546881006],[5.011462115043038,52.20061349484767],[5.011161082084414,52.20075184975442],[5.01075726907136,52.200935714810214],[5.010206540508834,52.20119460827946],[5.009865876291578,52.20134811286413],[5.009845314171578,52.20135793389722],[5.009661740264917,52.201443631399954],[5.009648560300922,52.20144538685243],[5.009636888751683,52.201441754361916],[5.009612113356429,52.20143088962191],[5.009515929777319,52.20138833873561],[5.009489501343158,52.20139993853358],[5.009311785200052,52.201484755434336],[5.00913259800628,52.20157046615242],[5.0090268528627,52.201620460041404],[5.00902104758454,52.20161504868723],[5.008827836016537,52.20145714085195],[5.008745008590577,52.20139216227647],[5.008548881114789,52.201233345835405],[5.008519832379397,52.201208985251725],[5.007989665337414,52.20145625000918],[5.007516777223827,52.20167583394003],[5.00647994219114,52.202156047129534],[5.006434412036509,52.20217747139741],[5.006178852642652,52.20229798434465],[5.005826402379595,52.20245862961775],[5.005368174753451,52.202671960734655],[5.004993653421193,52.20284691286605],[5.004951070555083,52.20286564971887],[5.004655884241548,52.203000411808496],[5.004229942997274,52.203200361179924],[5.003749665150962,52.203424400041776],[5.003310542673981,52.20362520209483],[5.002975664215397,52.2037814020133],[5.002634908831562,52.20394027822783],[5.002341132442714,52.204079533096376],[5.002022273322817,52.20407399960928],[5.001682957921832,52.20406570210441],[5.001342164258048,52.204059196382026]]]]}},{"type":"Feature","properties":{"gezicht_uri":"https://linkeddata.cultureelerfgoed.nl/cho-kennis/id/gezicht/10134606","gezichtsnummer":"1421","naam":"Zeist"},"geometry":{"type":"MultiPolygon","coordinates":[[[[5.217771991850453,52.06846216467802],[5.218869299109246,52.067922654358405],[5.22004969443489,52.067386846842446],[5.220084585000172,52.067416556939556],[5.220289604435402,52.06758132907145],[5.221079210627718,52.06820262114618],[5.22315583086626,52.06984135726147],[5.226768458653072,52.072693747108325],[5.22718004876572,52.07302506709447],[5.227283318308894,52.07310609975443],[5.228473794001294,52.072616959833354],[5.228727980353897,52.07250495088737],[5.228854531177564,52.07260219197411],[5.228863190349594,52.072628268986584],[5.229829299789504,52.07330456575411],[5.230175581087645,52.07355040145367],[5.230516050682091,52.07379083556373],[5.231406531012495,52.07441848319142],[5.231521486620408,52.07449772993346],[5.232120674664535,52.07416506231786],[5.232288122169114,52.074249770165686],[5.23312925646563,52.07481532225164],[5.233741918923202,52.075230470604396],[5.234165419124313,52.07551324596237],[5.234331321774016,52.07562581185755],[5.234546706267027,52.075771697391],[5.234555473542424,52.075767214709465],[5.235125934023149,52.076160729810965],[5.235692043691377,52.076549742499004],[5.236080605554656,52.076818983918244],[5.236163590407219,52.07686672692008],[5.236210201973953,52.07688656032715],[5.236493927066727,52.07666761463325],[5.236714886809423,52.07646027265656],[5.236746896272475,52.07648458124887],[5.238032089668567,52.07733378743566],[5.238518445418282,52.077591459934865],[5.237805310151467,52.07797434873624],[5.238444245017573,52.078411076955476],[5.238822664075483,52.07866951076576],[5.238917259849488,52.07873704013225],[5.239008947316259,52.078801869351736],[5.239094814871689,52.07886219716442],[5.239179223896422,52.078922523083286],[5.239180679687487,52.07892342371561],[5.239358239154254,52.07904768154607],[5.239429552597776,52.07909810400954],[5.23950232200697,52.07914942705783],[5.239575100473189,52.0791980536561],[5.239691488312407,52.07929347262962],[5.239692947086845,52.07929347445399],[5.239834102104448,52.079398811113975],[5.239892317198335,52.07944022887527],[5.239915604448686,52.07945643645106],[5.239918527921151,52.07945464249118],[5.240228466188101,52.0796932124827],[5.24031002560067,52.07973376031595],[5.240264381362489,52.07986223260318],[5.240255590257905,52.07987390611846],[5.240252657922166,52.07987839649102],[5.240233602150758,52.07990623570882],[5.240077874262758,52.08023949827316],[5.240047153686643,52.08026552529876],[5.239954867599578,52.080381355985956],[5.239791031103012,52.080517769717],[5.238893526850678,52.08105772527913],[5.239052141014642,52.0811783644794],[5.23887238559456,52.08127431070081],[5.238583022318783,52.081428540916285],[5.238547947394576,52.08144737162124],[5.237486623184234,52.082104853285294],[5.237469086732782,52.082113819074145],[5.237030612866518,52.082355938962934],[5.237013073210103,52.08236580348451],[5.236687136844588,52.0825460477954],[5.23661698059435,52.08258460685903],[5.236401568666709,52.082435130049],[5.236272951175305,52.08250507232215],[5.236267103538814,52.08250866005889],[5.236160405233884,52.08256784459694],[5.236124045428388,52.082534542251786],[5.235802386744216,52.08231122620896],[5.23515035944112,52.08185469337405],[5.234659888086717,52.081512514175124],[5.234272789712331,52.0812324845366],[5.233388002806278,52.080594979979395],[5.232992182969351,52.08031044067796],[5.232787008824941,52.08016007176461],[5.232510500940026,52.07996736510352],[5.232434805105691,52.079920527923996],[5.232410061532402,52.079904316957325],[5.232337311474475,52.079849394332825],[5.232315513542727,52.07982509796591],[5.232033199539062,52.079625192103016],[5.231614103343342,52.079327135406125],[5.231168811337088,52.07901286404775],[5.230772994495044,52.07873550764158],[5.230765669312972,52.07874448598066],[5.230329103753516,52.078441008649776],[5.229863448353921,52.07811502073687],[5.229470546005558,52.077843056622676],[5.229282833105552,52.07771157979743],[5.22923193003679,52.07766836895452],[5.228853584427123,52.077407207922064],[5.22837338584287,52.077074902878415],[5.227995037481684,52.076817334274516],[5.227769484123753,52.07666423257919],[5.227720180052378,52.07658237458317],[5.227644767203475,52.076459136174314],[5.224451021676444,52.07423741730375],[5.224643809271583,52.07416847512893],[5.225381500163084,52.07386659198203],[5.217771991850453,52.06846216467802]]]]}},{"type":"Feature","properties":{"gezicht_uri":"https://linkeddata.cultureelerfgoed.nl/cho-kennis/id/gezicht/10134614","gezichtsnummer":"1679","naam":"Oosterwijk"},"geometry":{"type":"MultiPolygon","coordinates":[[[[5.079628396523812,51.88488921523875],[5.079319936818661,51.88517963000836],[5.078853710644528,51.884752360006026],[5.077546437583895,51.883703577797476],[5.077516103876308,51.88367922932285],[5.07743810659967,51.883616105312754],[5.076618552967913,51.88303958665266],[5.076428568959887,51.88320896422995],[5.076418352522287,51.88321612789315],[5.076324908578383,51.8832868887097],[5.076209597560663,51.88336927644245],[5.076192075557752,51.883382712598255],[5.076159930117504,51.88341049140888],[5.076092746731668,51.88346424367618],[5.075685246104938,51.88316295327839],[5.075578291533978,51.88308716756817],[5.075436598225312,51.88299421173844],[5.075291982039559,51.88290394448334],[5.075247107530725,51.882882253328226],[5.075241266831861,51.88288673199951],[5.075200724601495,51.88286864766737],[5.075135572855667,51.882838813116884],[5.075035657471369,51.88279540366421],[5.075140821187029,51.88271029362603],[5.074840951694598,51.882598041396896],[5.074604844590879,51.88250663123327],[5.074474461837076,51.88245864607554],[5.074325267257176,51.88240072350185],[5.074210829926758,51.88235727467781],[5.074094927943221,51.88231561950979],[5.074026841725857,51.88229027069711],[5.07400076164893,51.88228121283992],[5.07391818940607,51.88225043234385],[5.073835604760378,51.882221449426964],[5.073829807813574,51.882219636298316],[5.073806626289571,51.88221148496235],[5.073687807806593,51.88217161928318],[5.073635660461457,51.8821517057752],[5.07359365465113,51.88213541464958],[5.073563217663436,51.882126345067654],[5.073516842288139,51.88211183992304],[5.073505248448993,51.882108213634005],[5.073469027111605,51.8820955332456],[5.073098681177882,51.88209364511639],[5.073062372139778,51.882093548062265],[5.07305657524069,51.8820917348955],[5.073039178272396,51.88208719421196],[5.072953670946429,51.88206089936528],[5.072892803619627,51.882041861043476],[5.07274059470958,51.8820001074213],[5.072633327487656,51.881970158769754],[5.07257388764388,51.88195471944446],[5.072515881344619,51.88194198043377],[5.072431745239554,51.88192737373708],[5.072370821730275,51.88191642451142],[5.072333104496984,51.88191003161146],[5.072272206191834,51.881895487060596],[5.072146052637589,51.88186638618314],[5.071992373779249,51.88182732415327],[5.071935820161857,51.881814588751816],[5.071863303299459,51.88180001281792],[5.071744462430292,51.88176374044705],[5.071589382344761,51.88171748344335],[5.071518311796112,51.88170381001557],[5.071479148819146,51.881696514121515],[5.071448681027967,51.881691938084124],[5.071342773135533,51.881675474433614],[5.071303629137147,51.881665482025596],[5.071096271701768,51.881618184992384],[5.070851261145642,51.88155550603295],[5.070800511249489,51.8815436845421],[5.070799065224479,51.8815427818133],[5.070732371181558,51.88152642318572],[5.070636680912954,51.88150279572899],[5.070451116365661,51.881454657422026],[5.070362688096971,51.88143104931518],[5.070240900430435,51.881401059320574],[5.070153893058966,51.88138194906592],[5.070097334191096,51.8813701115978],[5.069894349071301,51.88132102656323],[5.069679726695762,51.88127460624015],[5.069540543622739,51.881240074335864],[5.069518790339386,51.88123552135316],[5.069457881169461,51.881222772980166],[5.069325972782663,51.88118646281933],[5.069196937518114,51.88115465446259],[5.069005592051863,51.88110290287785],[5.068931637672414,51.88108652356508],[5.06888520129919,51.88108100477565],[5.068859116603386,51.881072844595224],[5.068822884695982,51.88106196041084],[5.068783741792691,51.881051967163174],[5.068674938094036,51.88103459441887],[5.068603824977609,51.881027210956525],[5.068506589103127,51.88101706010253],[5.068432552293201,51.881012365114124],[5.068323659676596,51.88100757550134],[5.068272828269478,51.88100743755693],[5.068171165456326,51.881007161602135],[5.06815375665941,51.88100441783179],[5.06809280995579,51.88099706166108],[5.068082650049573,51.88099613523565],[5.068069591865721,51.88099430210287],[5.068030430068003,51.88098700505921],[5.06797235618386,51.880984150806704],[5.067827174694906,51.880976565640744],[5.067718301370469,51.8809690790119],[5.06767185888746,51.88096445856119],[5.067574623360554,51.88095430693586],[5.067475935553928,51.88094415127861],[5.067387394896452,51.88093671966145],[5.067345303063841,51.880933009757456],[5.067304663561483,51.88092930379194],[5.067277101363011,51.880924734579835],[5.067226302002545,51.880920102091245],[5.066996950074798,51.88090329832424],[5.066976623955921,51.88090234410121],[5.066872107920704,51.88089486856098],[5.066700804315757,51.880884514285235],[5.066650005060587,51.88087988154739],[5.066610811583444,51.88087707812175],[5.066591944208665,51.88087522897606],[5.066578886121006,51.88087339567762],[5.066539699057474,51.880869693410006],[5.066520838092594,51.880866945434676],[5.066497620166771,51.88086418556583],[5.066278402999487,51.88085190223146],[5.0662595228309,51.8808518506688],[5.066208742888725,51.88084452128562],[5.065989564384077,51.88082684450303],[5.06595472795395,51.88082405276784],[5.065911177610384,51.88082123719794],[5.065857473869767,51.8808165961759],[5.065813904285676,51.880816477024496],[5.065748325235242,51.8808477569032],[5.065698670267563,51.880886270999],[5.065672573422556,51.880879907747556],[5.065669675200427,51.88087900098192],[5.065598582094001,51.88086891924601],[5.065295162693745,51.88085190942628],[5.065173219214858,51.88084438463243],[5.065142739782936,51.8808416045961],[5.065139835142538,51.88084159663553],[5.065073060577602,51.88083691943125],[5.064935148094936,51.88082845177856],[5.064795776906765,51.880820878797515],[5.064689809108229,51.880813397331124],[5.064576579750235,51.88080589583298],[5.06456351532237,51.88080496112865],[5.064498186746979,51.880801186403176],[5.064444483177487,51.88079654473518],[5.064319641803895,51.88078811225941],[5.064135261887444,51.88077861714576],[5.064125102112811,51.880777690378125],[5.064069939839565,51.8807739433641],[5.064065589338788,51.88077303256532],[5.064026389664008,51.880771127095464],[5.0639174851978,51.880768131034536],[5.063895693976271,51.880768969919124],[5.063808541998168,51.8807705277809],[5.063702542183643,51.880767539514196],[5.063645901795865,51.8807673835751],[5.06359797531425,51.880767251605334],[5.063584904455682,51.88076721561019],[5.063491975521854,51.8807642631486],[5.063362699863754,51.88076660346997],[5.063265375180499,51.88076903173026],[5.063185497710826,51.88076881151093],[5.062992326521042,51.88077007639206],[5.06276574553616,51.88077214755576],[5.062726532958879,51.8807720392881],[5.062594372051868,51.880771674289505],[5.062351835009176,51.8807710040701],[5.062222598213458,51.8807679502289],[5.062144186052404,51.88076593568194],[5.061988827057739,51.88076011281451],[5.061836359742883,51.88075609541972],[5.061715843427724,51.88075216632976],[5.061415265879729,51.88074414271287],[5.061410908929871,51.88074413063369],[5.061290386176557,51.88074109992508],[5.061106007102783,51.88073160005678],[5.061066833642855,51.88072609832792],[5.060892692567231,51.88070673934273],[5.060754826914657,51.880691975057545],[5.060661950494014,51.88068182981451],[5.060612643540994,51.88067180559488],[5.060587986811565,51.88066724288619],[5.060577840180953,51.88066451817614],[5.060502456861157,51.88064543306814],[5.060369072471652,51.88061360290466],[5.060325581434308,51.8806026959038],[5.060298033204703,51.88059632741892],[5.060015309391459,51.880529925543584],[5.059874670684243,51.880497175782324],[5.059870320295503,51.880496264828224],[5.059780453711249,51.88047174589464],[5.059641300370087,51.88043450581166],[5.059465885442803,51.8803908725834],[5.05933687909739,51.880356356945924],[5.05925143548317,51.88032286158602],[5.059216691561496,51.880307484404156],[5.059186298018597,51.88029301819158],[5.059080627265346,51.880245084866495],[5.058901105852162,51.880167283553945],[5.058725928826835,51.88009129178119],[5.058695522467834,51.88007862307697],[5.058670912182501,51.88006776824168],[5.058546388952329,51.880016186379244],[5.058343652434595,51.87993562276927],[5.058165533254985,51.87986501493782],[5.058082996020687,51.87983152686032],[5.058084632329252,51.87980636403121],[5.058084645473658,51.87980456639573],[5.058087885224413,51.87975873482584],[5.058071995537634,51.87974700545176],[5.058041602741736,51.87973253894253],[5.057982249768535,51.8797063064226],[5.057830227071177,51.87964206304134],[5.057763626099042,51.87961401242175],[5.057699916607899,51.87958776754444],[5.057660810369034,51.879573276502626],[5.057543472054823,51.87953249975225],[5.057219077935372,51.879406651016026],[5.057098882056226,51.87935957394078],[5.056971431673743,51.87931157751854],[5.056839644549454,51.87926087225618],[5.056778438143132,51.879289462924866],[5.05677118339591,51.87928854368859],[5.056655127282778,51.879271139394625],[5.056627600193274,51.87926207359586],[5.056277096268533,51.87913255344427],[5.056120674883241,51.87907458730348],[5.056081576212024,51.87905919691806],[5.05607723265156,51.8790573870058],[5.056023644465966,51.879037461588496],[5.055864339069547,51.8789767904671],[5.055631167631252,51.87888894563298],[5.055444356585372,51.87881651144989],[5.05540958862786,51.87880472841165],[5.055367585929142,51.878789329587185],[5.055241604520839,51.8787395377531],[5.055137347457134,51.878697896703756],[5.055027288225742,51.87865534032313],[5.054925922779772,51.87861550493189],[5.054830339948857,51.878579281154764],[5.0547478075591,51.878545790732225],[5.054695686096077,51.8785240711822],[5.054446637659689,51.878423595343975],[5.05425404809547,51.87834754754598],[5.054128069158241,51.87829775451679],[5.054068693753854,51.87827511528844],[5.053996281559392,51.8782479448804],[5.053598115976994,51.87808502457355],[5.053492436379031,51.878039782669816],[5.05342293603182,51.87801172133895],[5.053408453748818,51.878006287181236],[5.053376598071267,51.877993612973896],[5.0533621224659,51.87798727999288],[5.053240562218603,51.87792940903022],[5.053130600055013,51.8778742674248],[5.052991707187668,51.877803763211766],[5.052852814755758,51.87773325883425],[5.052805098543946,51.877705259117796],[5.05280220078627,51.877704352034684],[5.052768940022369,51.87768538180643],[5.052677817750609,51.87763568641196],[5.052572233681052,51.877577860233025],[5.052416036401514,51.877491126992545],[5.052332196017791,51.8774387555642],[5.052270018554207,51.87740262488472],[5.052233860512321,51.87738274740824],[5.052202039053764,51.87736557879408],[5.052089308962283,51.87729245157973],[5.05197508687294,51.87722471301939],[5.051954849764801,51.87721207156941],[5.05194906104171,51.877209358543524],[5.051921596417,51.87719220228303],[5.051912916686973,51.87718768333281],[5.051805942727428,51.8771217629613],[5.051782808014423,51.8771082143738],[5.051753898015453,51.87709015511102],[5.051737990827443,51.87708112133102],[5.051727872337554,51.877074800586],[5.051696057989231,51.877056733016786],[5.05169316699508,51.877054927088686],[5.051641115739257,51.8770242180059],[5.051610753656344,51.87700615456063],[5.05156012119698,51.87697994367727],[5.05148493558416,51.87693568588903],[5.051438639739133,51.87691218385306],[5.051396687104916,51.87689049188443],[5.051147822841365,51.87676753860463],[5.051127566039519,51.87675759346451],[5.05111598881082,51.87675216733071],[5.051076920718294,51.876733180007655],[5.050971320683759,51.876678048839224],[5.050706504933964,51.87655235245979],[5.050613921615715,51.87650444893732],[5.050556063023667,51.876473722733316],[5.050522790671584,51.87645654950274],[5.050488066168542,51.87643937210133],[5.050408512539383,51.87639689877365],[5.050236403464923,51.876302926301115],[5.050156850314683,51.87626045280265],[5.050110576051026,51.87623425378961],[5.050060005921122,51.876199952900386],[5.050009429135487,51.87616655080685],[5.049967531755184,51.87613766778637],[5.04991696184286,51.87610336683531],[5.049795606494554,51.87601942659196],[5.049619345882445,51.875898476176],[5.049552876930491,51.87585424218027],[5.049464686463006,51.87580185618075],[5.049396765651594,51.87575761792236],[5.049297079780404,51.87568901968114],[5.049295634375388,51.87568811668746],[5.049204668459619,51.87561864460609],[5.049165635906137,51.87559516255819],[5.049052996207246,51.87551124661031],[5.048990911830539,51.87546342956218],[5.048969230962268,51.875449884598964],[5.048956229201295,51.87544085880154],[5.048910003762132,51.87540836759107],[5.048759758030597,51.87530456866607],[5.048704853835977,51.8752675581902],[5.048668726123011,51.875244084343294],[5.048636921057871,51.87522511712588],[5.048625364804862,51.87521699429344],[5.048532874358234,51.87515740449819],[5.048420182820016,51.8750806784813],[5.048402811350514,51.87507343769673],[5.048401365983219,51.87507253469204],[5.048385446651657,51.875065298092],[5.048365252116058,51.875047263116365],[5.048277125517707,51.874986786864106],[5.048180306700062,51.87492358895393],[5.048142747720096,51.874897414302126],[5.048112408788358,51.87487665349738],[5.048079206261434,51.87485049139716],[5.048059032259491,51.87482975991584],[5.048012923227283,51.87478198845214],[5.0480263038502,51.87474068057021],[5.048029289357899,51.87472990314272],[5.048022123564808,51.87471729873777],[5.047975974047874,51.87467492016452],[5.04778683075493,51.87453055999702],[5.047652590884234,51.87442321051915],[5.047628040599155,51.87440516282659],[5.047606340309484,51.87439431406346],[5.047581729029986,51.87438435571951],[5.047522192532949,51.874384183617444],[5.047466971665851,51.874389416986766],[5.04744234685243,51.874381256248746],[5.047425002946791,51.87437042004898],[5.047409124727203,51.87435779041084],[5.04725760354498,51.87423151491735],[5.04720275620293,51.87418731319575],[5.047149347491326,51.8741449132861],[5.047081546902237,51.8740853937847],[5.047039673713806,51.874053813262655],[5.047022357199621,51.87403938173279],[5.047020911893238,51.87403847871106],[5.04700358859852,51.874024945996034],[5.046973291538715,51.87399879199016],[5.046896826392971,51.87393295542942],[5.046709236945992,51.87377601427781],[5.046658746962971,51.8737318249245],[5.046654431493611,51.87372641939294],[5.046645800557996,51.873715608329384],[5.046621448263149,51.873671494715204],[5.046675331841908,51.87365097763464],[5.046910957034633,51.873600426560024],[5.047161136472023,51.87354542294873],[5.047388048082432,51.873494845700435],[5.047710972655116,51.87342117570264],[5.048013533243489,51.87335194021948],[5.048330627176208,51.87328094820031],[5.048638994159306,51.87321172785451],[5.048941524901893,51.87314608524747],[5.049145165664097,51.87309993179866],[5.049241177618014,51.873076838234994],[5.049279005593156,51.87306705982628],[5.049430310585755,51.87302884488728],[5.04965582563803,51.872970169714094],[5.049664551502043,51.872968397107265],[5.049830410145591,51.87292572927575],[5.050428411583911,51.87276655296425],[5.051071529807505,51.87259312129593],[5.051614230751129,51.872449060972606],[5.051905189229195,51.872376186992184],[5.052081241332981,51.87232905088978],[5.052116163976812,51.87231926328207],[5.05214236096683,51.87231124845583],[5.052151113362638,51.87230588039127],[5.05215405089514,51.87230139458178],[5.052223187181082,51.87237709403848],[5.052249658366493,51.87233222764351],[5.052283490011615,51.872273899665025],[5.05228639409592,51.87227390794309],[5.052382429418685,51.87224721653318],[5.052436268568079,51.872232089711105],[5.052513407147189,51.87220804086383],[5.052549808368305,51.87219466199021],[5.052622624105347,51.87216610657257],[5.052676456398372,51.872151878458276],[5.052820528630621,51.872109144379486],[5.052974798202278,51.872061944946104],[5.053136340959232,51.87201296831567],[5.053223696363276,51.871981757353325],[5.053340098948626,51.87194973003059],[5.053600518829782,51.871882158100476],[5.05361347387683,51.87189747511607],[5.054159010094292,51.872349340161314],[5.05482261205847,51.87274221342776],[5.055362036596773,51.8730412532088],[5.05574568296886,51.87319873373629],[5.055964476362523,51.873263168170354],[5.056211044874344,51.87330251300603],[5.056451812113576,51.873340942155885],[5.056951043123084,51.873380996398744],[5.05754879925655,51.87345098660025],[5.058150729554247,51.87354615287698],[5.05900811178341,51.87365820892649],[5.05965194277605,51.87378314613731],[5.060275448009363,51.87390802325744],[5.061097523282029,51.87408468202371],[5.061287455777442,51.87412565665369],[5.06180361833951,51.874235846460564],[5.062372266938187,51.87431741633048],[5.062743793149941,51.874348104436756],[5.063388096994116,51.87441010386175],[5.064430591331464,51.87443005008834],[5.065296307916012,51.87439647153872],[5.065815141906192,51.87433766974828],[5.066520132555372,51.87423892623106],[5.067232367862896,51.874141995887676],[5.067765685541277,51.87408771911076],[5.067862995536968,51.87408528710716],[5.068523963041205,51.87405022930642],[5.06906110718296,51.87407056044955],[5.069598042558206,51.87412055017071],[5.07028754511559,51.874157466479446],[5.070943909252538,51.87415743726113],[5.071604913259236,51.87411696920387],[5.072282071551724,51.87405047447319],[5.072684454472624,51.874029980153985],[5.073089452748066,51.874050837915426],[5.073326164164369,51.87404877395919],[5.073506318745103,51.87403577251446],[5.073658770621886,51.87403887592654],[5.073825537067107,51.87407167891341],[5.074118380499122,51.87414166994615],[5.074885284489692,51.8743252757563],[5.075531917945834,51.87447260414953],[5.075950665922575,51.87460584301225],[5.076456841655111,51.87469616748546],[5.077232712613717,51.874845625864225],[5.077914477978165,51.87495438382596],[5.078618034835346,51.87506229621603],[5.079518655925918,51.87523363906673],[5.079862285583433,51.875311838229926],[5.080269510577102,51.87543424547241],[5.080531736958529,51.8755248137123],[5.080816880749439,51.87566218058105],[5.081072750832962,51.87583362624972],[5.081184041720118,51.8759112160062],[5.081322502732203,51.87605089604903],[5.081459744404541,51.87615641699571],[5.081913452432026,51.87649286232244],[5.082228420487919,51.87673097279625],[5.082572089118946,51.87702039044551],[5.082846360029408,51.87726468557195],[5.083176396136726,51.877638556642765],[5.083448148337594,51.878041937683385],[5.08365948085307,51.87836067148904],[5.083933396439542,51.878659792046236],[5.084102287088792,51.878812130952916],[5.084425845394946,51.879072728450524],[5.084811595577526,51.879372135005745],[5.085285391643181,51.879753560510714],[5.085341735495426,51.87979774817646],[5.085167694849358,51.87997886568513],[5.084818132891251,51.88034469145396],[5.084752314063138,51.88041373237632],[5.084749391327241,51.88041642135928],[5.084747932978965,51.88041731644098],[5.084702591262214,51.88046483799411],[5.084767637222343,51.88051084600069],[5.084763262169233,51.88051353124637],[5.084987284230244,51.880675897885],[5.085005826420133,51.88072628033042],[5.084982166872167,51.88078913793938],[5.084880401792536,51.88080415637927],[5.08463756810377,51.880847574333934],[5.084367073271901,51.8809008076943],[5.084215819788509,51.88093187704998],[5.084169181996551,51.880956025343366],[5.08414138204019,51.88098651404538],[5.084107712209132,51.88102597595198],[5.084114628865533,51.8810772273877],[5.083782249489814,51.8812615296947],[5.083467350080561,51.881437786726444],[5.083363827315982,51.88149774106214],[5.0832778295266,51.881543359271056],[5.083242821502384,51.8815657396031],[5.083202137613357,51.88156833087216],[5.082844617725709,51.88138853730829],[5.082656055654335,51.88156691697222],[5.082613682169567,51.88160455822485],[5.082428120360203,51.88176856393723],[5.082332027687836,51.88180336925382],[5.082305812266886,51.88181408726176],[5.082305617430074,51.88184284947649],[5.082323383878482,51.88200738237365],[5.082328657553732,51.882086493533365],[5.082319858142014,51.882099054394686],[5.082306671192579,51.882116098047085],[5.082302271481364,51.882122378476964],[5.082297835235753,51.88213405182175],[5.082293350276205,51.88215291571973],[5.082285917958991,51.88217806381498],[5.082294333792552,51.88222212856384],[5.082330095018956,51.882303116488636],[5.082340121579084,51.88232381570336],[5.082380428791244,51.88237695152128],[5.082344143850628,51.88237326205965],[5.082338297835728,51.88237863990389],[5.082333922455914,51.882381325058155],[5.082189272712063,51.8825085842792],[5.081651399654617,51.883007838086115],[5.081914930241786,51.88312716917158],[5.081835994708764,51.88320156738487],[5.081749742011051,51.88328403604049],[5.081689809196917,51.883340506847176],[5.081622583696566,51.883401452835045],[5.081512963505843,51.88350273608484],[5.081398961159249,51.883607603168386],[5.081135429131322,51.8834882709316],[5.079628396523812,51.88488921523875]]]]}},{"type":"Feature","properties":{"gezicht_uri":"https://linkeddata.cultureelerfgoed.nl/cho-kennis/id/gezicht/10134629","gezichtsnummer":"1447","naam":"Amerongen"},"geometry":{"type":"MultiPolygon","coordinates":[[[[5.465809195069407,51.999574623254226],[5.465237098758236,51.99968016621359],[5.465028931397876,51.999718953421294],[5.464803294092289,51.9997604482525],[5.464763991024833,51.99976856355673],[5.464654811094435,51.99978840955692],[5.464615506420243,51.99979562599732],[5.464608228581871,51.99979742842558],[5.464292337616548,51.99985695804097],[5.464286514398295,51.99985786067908],[5.464181176767009,51.99957210653032],[5.464188384982371,51.99952985748657],[5.463974341781011,51.99953898577761],[5.463863679693626,51.99954355215388],[5.463604603710196,51.99961652504818],[5.463603149061257,51.99961742480994],[5.463563850504406,51.99962823615628],[5.463486508737992,51.9995321131942],[5.463444297864625,51.99954292639279],[5.463333673953533,51.99956996262753],[5.463176470359874,51.999607814688886],[5.463175012649759,51.999606916816774],[5.46292319480922,51.99966730009964],[5.462895461886698,51.99962866892477],[5.462885244266142,51.9996142944669],[5.462841456926164,51.99955410205953],[5.462809341930189,51.99950738434914],[5.462791822202658,51.99948043117074],[5.462622967503362,51.99951739117779],[5.46246139041113,51.99955254864725],[5.462464310335849,51.999557040852],[5.462304192177343,51.99959399480069],[5.462225588429228,51.9996120213557],[5.462048001672183,51.99965258137649],[5.461920837654044,51.99936773792868],[5.461897466800535,51.99932460966499],[5.461871168643,51.9992724951051],[5.461811267679075,51.99915388956348],[5.461735302792032,51.99900743091264],[5.46171049560372,51.99897598812079],[5.461352279454214,51.99897621489115],[5.460957687376708,51.998993540918384],[5.460555871653685,51.999045923932805],[5.460104606829484,51.99913608653157],[5.459653385319587,51.9992541106447],[5.458914043178695,51.999499941128576],[5.4577989679721,51.99972801718953],[5.457651432910397,51.999435990868726],[5.457591564107667,51.999330865396054],[5.457503952042007,51.99917722048375],[5.457450092108903,51.999188937322664],[5.457290904767048,51.998892423423676],[5.457269004630255,51.99885558506885],[5.457697109826476,51.99885173352163],[5.457673716399038,51.99879152694018],[5.457473768152025,51.99850222825483],[5.457208270930686,51.99819678964805],[5.456520511320492,51.997898791048925],[5.456377692584844,51.99782247598216],[5.456214435909192,51.997712017771214],[5.455882037024728,51.99744975859682],[5.455839834552167,51.99746596195883],[5.455537161891213,51.99759646678531],[5.455363997472136,51.997671169144205],[5.455179191684923,51.99775127088176],[5.45483653915877,51.99744497273696],[5.454808830882344,51.99741712541868],[5.45518167347777,51.99651000521253],[5.456022127968144,51.99575451033867],[5.456168764455509,51.995478487851436],[5.456315333868054,51.9951602208672],[5.456380654086914,51.99502985410048],[5.456618658584954,51.994523680281105],[5.456731849446618,51.99428003418529],[5.456894429754335,51.993963554568076],[5.456966985878968,51.99380711749236],[5.456990234131586,51.99377654393024],[5.457048419179033,51.99374145550106],[5.457089147675137,51.99371626441286],[5.457145856901221,51.9936685933899],[5.457166208443058,51.99364790849417],[5.457281237307467,51.99365143514382],[5.457394811609711,51.993655861366726],[5.457390460560673,51.99366664976029],[5.457435599100405,51.993668420394684],[5.457885538642809,51.99369241836872],[5.45835148600638,51.99371101202536],[5.458845097620487,51.99372958695734],[5.459682347401607,51.993762329217176],[5.460398740525488,51.993788849221446],[5.460946228631682,51.99380917936807],[5.461155903857603,51.99381623800544],[5.461563602056542,51.99382766509217],[5.461528805976871,51.993916669910284],[5.461322890981699,51.99442193466109],[5.461143064051081,51.99485707494762],[5.460861682027988,51.995517881453814],[5.460784798126725,51.99569229992427],[5.460581705033141,51.99615262068645],[5.462950616426063,51.99694207402629],[5.463063925285266,51.99678470813827],[5.463188973639138,51.996681263479374],[5.463350435786248,51.99658498560097],[5.463414480581723,51.99657146181312],[5.463528052149401,51.99656959040974],[5.463613979585189,51.99658032030942],[5.46380918582201,51.996633223235754],[5.463966528042709,51.99668255533597],[5.464091861339012,51.99674628924097],[5.464156008175109,51.99679208681561],[5.464179365961595,51.99682712531494],[5.464192580617964,51.996890932560845],[5.464192699714915,51.99696014128582],[5.464152063473872,51.997038364882044],[5.464006792911941,51.99723619942559],[5.463990831275542,51.99726856722597],[5.466505478144004,51.99805965115808],[5.466515803324335,51.998134245870446],[5.466526160410169,51.99822681686906],[5.46656402001724,51.998226791288445],[5.466581500060681,51.99823037473547],[5.466644241704896,51.99830223754425],[5.466681129024321,51.99857455366445],[5.467053799158463,51.998515877839225],[5.467615817398499,51.998484934604775],[5.468490875237388,51.99843669492078],[5.469150439999144,51.99839848626886],[5.46947516511946,51.998400955670874],[5.469620811006015,51.99841793103979],[5.469760655638912,51.99844749372353],[5.46989469248009,51.99848604848536],[5.470314346646295,51.998638550873714],[5.470296929574154,51.99866912292393],[5.469700243255659,51.9988520031297],[5.469116520973499,51.998960269582646],[5.468554631823784,51.99906492275265],[5.468493494085497,51.99907664968924],[5.467911220509702,51.9991840103385],[5.467799131056756,51.999203861258735],[5.467311476501648,51.99929497528401],[5.46693881945195,51.99936443769076],[5.466819451434245,51.999386090249395],[5.466659321516693,51.99941406198186],[5.466593820652884,51.99942938614375],[5.466438062159565,51.99945915224991],[5.466130905165799,51.99951418683608],[5.465809195069407,51.999574623254226]]]]}},{"type":"Feature","properties":{"gezicht_uri":"https://linkeddata.cultureelerfgoed.nl/cho-kennis/id/gezicht/10134633","gezichtsnummer":"1767","naam":"Westelijk deel en rand van historische kern Amerongen"},"geometry":{"type":"MultiPolygon","coordinates":[[[[5.45554397142399,52.00110004458684],[5.455257166139746,52.001147848396336],[5.455212033823156,52.00115506507145],[5.454958706274447,52.001192961788625],[5.454955793803674,52.00119296346961],[5.454609284291833,52.001242597772155],[5.454600549578967,52.0012444004173],[5.454274423921278,52.00129222439839],[5.454211819128206,52.001301248301324],[5.454166686488729,52.00130846457544],[5.45402692110657,52.001331014595046],[5.453830374251498,52.00136168602521],[5.453788152633666,52.001368001686735],[5.45374593100393,52.00137431733315],[5.453517349101522,52.0014068040254],[5.453514436616786,52.001406805670676],[5.453304777573642,52.001433888369014],[5.453246541117975,52.00144290929813],[5.453073287854704,52.001469971095275],[5.452916046476472,52.00149252959988],[5.452643785189948,52.001531330743],[5.452536045278213,52.00154667061257],[5.452531677850529,52.00154757185824],[5.452352598759399,52.00157463583581],[5.452307464236483,52.00158095258245],[5.452027925851094,52.001623351595285],[5.45190708315958,52.00164139456885],[5.451703250940256,52.001671167644595],[5.451397501458151,52.001715377188944],[5.451305776882423,52.001728909541555],[5.451262098309604,52.001735225091835],[5.451206773557789,52.00174424342165],[5.451157271227277,52.001751460923344],[5.450918174108468,52.001561042200564],[5.450871519157532,52.0015224184766],[5.450709683065918,52.00138678510009],[5.450645531909623,52.00133289089719],[5.450606167546503,52.001300554830465],[5.450581382181597,52.00127989547316],[5.450558054350719,52.00126013413875],[5.450518690114594,52.001227798042365],[5.45047786842776,52.00119456390346],[5.450454540686924,52.00117480254832],[5.450431212966657,52.001155041188426],[5.450390391410937,52.0011218070188],[5.450352484918776,52.00109036889645],[5.450327699787005,52.001069709485016],[5.450310203443553,52.001054439039336],[5.450299998411369,52.0010463551912],[5.450289792114717,52.0010373725279],[5.450193563146802,52.00095383441966],[5.450076971400964,52.00088738462654],[5.450072600196656,52.00088558933813],[5.449996817142954,52.000843385603225],[5.449912290592394,52.00079669241623],[5.449566843639648,52.00056588102353],[5.449514372296159,52.00053175392224],[5.44944440770969,52.000484153850316],[5.449440035318934,52.00048145972392],[5.448429952056612,51.999804284459174],[5.44841975010931,51.99979799807538],[5.448370195375296,51.999765666569516],[5.44840366189027,51.99974677400446],[5.448588463331951,51.999648706638986],[5.448683054822626,51.99960461518241],[5.448806769777304,51.999560508365796],[5.448921756086781,51.99952269771547],[5.449308914287271,51.99938857001608],[5.449436996556242,51.999344460223845],[5.449486482734561,51.99932735648389],[5.449511227688276,51.99932015282791],[5.449533061538062,51.99931384952796],[5.449627677744068,51.999288632415215],[5.449902788696136,51.99921298528794],[5.449988666196938,51.99918687373734],[5.450109481549702,51.99915355288121],[5.450188105827121,51.999147219006886],[5.450195386672362,51.999147215099306],[5.450084606595415,51.99906817876544],[5.450644817523922,51.99877666114424],[5.450777225583668,51.998704684276184],[5.45085434420837,51.99866419579086],[5.451114795257973,51.9985238390687],[5.4536523488261,51.99719667718898],[5.453721109629992,51.99643534147263],[5.454555775292623,51.9956879496954],[5.455267309621287,51.995373852573294],[5.455943593707129,51.993920073251495],[5.45639924805154,51.99293110791389],[5.463211991892926,51.993088681495216],[5.462170885640304,51.99564468462072],[5.471289831651346,51.998565052427985],[5.471337915008114,51.99858119666955],[5.4711910108696,51.99867028455084],[5.471189554716599,51.9986702855922],[5.471090649213102,51.99873057691707],[5.471033936631292,51.99877196292357],[5.471009244262007,51.99880523671809],[5.471003444882605,51.99881872308798],[5.470706487650209,51.99887196471847],[5.470824505444944,51.998908732177846],[5.470373250983146,51.99899264245338],[5.469068965916109,51.99923264380475],[5.468815677357738,51.999279558500426],[5.468555110665583,51.9993282753231],[5.468191189074523,51.999395938014054],[5.4680849239251,51.99941578518883],[5.468054353947121,51.999421199131746],[5.467953910145239,51.99943924454939],[5.467766126293546,51.999474427322994],[5.467579796712602,51.99950870998593],[5.467316314980414,51.99955742605769],[5.46724353161179,51.99957185673364],[5.466945113543051,51.99962778630294],[5.466937834223793,51.99962869006102],[5.466336630437176,51.999742347463766],[5.466240552201411,51.99975948966014],[5.465540350574956,51.99988848944023],[5.464656723235355,52.00005176115907],[5.464508239181232,52.00007972227758],[5.464103541014039,52.000152792042606],[5.463978344718333,52.000174445531876],[5.463904099987894,52.00018707746512],[5.463850235896078,52.00019610078908],[5.463831309878866,52.00019880958703],[5.463780355087409,52.000206033349954],[5.463675528438578,52.00021778626384],[5.463593996392028,52.00022682748629],[5.463470242056265,52.00024039015982],[5.463342119031555,52.00025395553604],[5.463254763560076,52.00026389911443],[5.463157214612592,52.00027384922212],[5.463020357209518,52.000289217527744],[5.46296211963198,52.000295546823224],[5.462800509622546,52.000312728471165],[5.462633074660513,52.00032991363921],[5.462371002682086,52.00035704615796],[5.46234479546678,52.00035975937777],[5.462222496594072,52.00037331980705],[5.462081269939146,52.00038868981153],[5.462065254647723,52.000390497653896],[5.46168670761805,52.00043118507937],[5.461677971851692,52.00043208943584],[5.461580423682134,52.00044293705044],[5.46148141925412,52.00045378550545],[5.46128486200042,52.00047278480418],[5.461281951065274,52.0004736854559],[5.461078117030503,52.00049538544537],[5.460998038684453,52.00050352513855],[5.460949992551969,52.000508948216776],[5.460587461866001,52.0005496220436],[5.460466615213362,52.000561382109254],[5.460342894279042,52.00059651303409],[5.460377949328585,52.000661205879005],[5.460318284060029,52.00068551105701],[5.460219324274226,52.00072422168932],[5.460190211606791,52.00073143031123],[5.46008976902421,52.00075396308454],[5.460082490848189,52.000755765232675],[5.459997936408735,52.00069829352182],[5.459987738486674,52.00069560339888],[5.459977542028204,52.00069381208924],[5.459968800327343,52.000691121062054],[5.459958602408657,52.00068843093659],[5.459948404491198,52.00068574081023],[5.459938206574959,52.00068305068299],[5.459929464878555,52.000680359652875],[5.459919266964676,52.000677669524],[5.459906152232333,52.000672284755154],[5.459893037503138,52.000666899984864],[5.459881378995091,52.00066151431171],[5.459868262811841,52.00065523072443],[5.459856602849858,52.00064894623463],[5.459844942891146,52.00064266174361],[5.459842027537063,52.00064086591711],[5.459828920121713,52.00063997521063],[5.459815812706882,52.00063908450266],[5.459756113630419,52.000642716669326],[5.45972407976238,52.00064453409053],[5.459724072475936,52.000640040019555],[5.459719705281222,52.00064094153211],[5.459678937021371,52.000644561965636],[5.459524607036774,52.00066263343347],[5.45925962168694,52.000691558444586],[5.45923632652562,52.00069426918455],[5.458982984792951,52.000719591167794],[5.458844666935934,52.0007340566926],[5.458798075077319,52.00073857918933],[5.458754395650651,52.00074309989268],[5.458621902531817,52.00075756160556],[5.458479215776062,52.00077202935816],[5.458332163120609,52.000788297213006],[5.45817637302221,52.0008045701663],[5.458024951480279,52.00082084027803],[5.458014759340748,52.00082174524096],[5.457984182919692,52.00082446012437],[5.457736667474371,52.000851573540686],[5.457512447092368,52.00087597604226],[5.457492062767094,52.0008777858784],[5.457476047115607,52.00087959309612],[5.457455664199035,52.00088230174014],[5.457254738903252,52.00090399336324],[5.457199412164162,52.00091031806854],[5.457189219987591,52.00091122295998],[5.45704362263342,52.000927488336266],[5.456842692736826,52.00094648281315],[5.456765525269938,52.00095461789813],[5.456749509561668,52.00095642501695],[5.456643220293292,52.0009663748998],[5.456535477536124,52.00097812317508],[5.456532565079385,52.00097812489511],[5.456529654015905,52.00097902542921],[5.456477238146766,52.000984449260805],[5.456411717597046,52.000990779610376],[5.456382597192303,52.00099349321911],[5.456285046517987,52.00100433644353],[5.456213703768124,52.00101246773877],[5.456146726910475,52.00101879879679],[5.45607392511426,52.00102513323404],[5.456002582292948,52.001033264401286],[5.455983665123808,52.001042263636265],[5.455977848495115,52.00104765993408],[5.455974944326654,52.001053054525435],[5.455973506063246,52.00106473996315],[5.455973511591682,52.00106833521993],[5.455941481410116,52.00107284805396],[5.455894893047615,52.00108006584366],[5.455851215754313,52.00108638309769],[5.455808994680799,52.00109269948447],[5.455791524030877,52.001095406138106],[5.455766773595384,52.00109901585612],[5.455765309095453,52.00109362382141],[5.455759466255254,52.00108194263866],[5.455756546902934,52.001077450268454],[5.455755086538131,52.00107475467623],[5.455752171319734,52.001072958748544],[5.45574779987016,52.001071163671035],[5.455741972189585,52.00106936944357],[5.455739059726881,52.001069371143934],[5.45554397142399,52.00110004458684]],[[5.464286514398295,51.99985786067908],[5.464292337616548,51.99985695804097],[5.464608228581871,51.99979742842558],[5.464615506420243,51.99979562599732],[5.464654811094435,51.99978840955692],[5.464763991024833,51.99976856355673],[5.464803294092289,51.9997604482525],[5.465028931397876,51.999718953421294],[5.465237098758236,51.99968016621359],[5.465809195069407,51.999574623254226],[5.466130905165799,51.99951418683608],[5.466438062159565,51.99945915224991],[5.466593820652884,51.99942938614375],[5.466659321516693,51.99941406198186],[5.466819451434245,51.999386090249395],[5.46693881945195,51.99936443769076],[5.467311476501648,51.99929497528401],[5.467799131056756,51.999203861258735],[5.467911220509702,51.9991840103385],[5.468493494085497,51.99907664968924],[5.468554631823784,51.99906492275265],[5.469116520973499,51.998960269582646],[5.469700243255659,51.9988520031297],[5.470296929574154,51.99866912292393],[5.470314346646295,51.998638550873714],[5.46989469248009,51.99848604848536],[5.469760655638912,51.99844749372353],[5.469620811006015,51.99841793103979],[5.46947516511946,51.998400955670874],[5.469150439999144,51.99839848626886],[5.468490875237388,51.99843669492078],[5.467615817398499,51.998484934604775],[5.467053799158463,51.998515877839225],[5.466681129024321,51.99857455366445],[5.466644241704896,51.99830223754425],[5.466581500060681,51.99823037473547],[5.46656402001724,51.998226791288445],[5.466526160410169,51.99822681686906],[5.466515803324335,51.998134245870446],[5.466505478144004,51.99805965115808],[5.463990831275542,51.99726856722597],[5.464006792911941,51.99723619942559],[5.464152063473872,51.997038364882044],[5.464192699714915,51.99696014128582],[5.464192580617964,51.996890932560845],[5.464179365961595,51.99682712531494],[5.464156008175109,51.99679208681561],[5.464091861339012,51.99674628924097],[5.463966528042709,51.99668255533597],[5.46380918582201,51.996633223235754],[5.463613979585189,51.99658032030942],[5.463528052149401,51.99656959040974],[5.463414480581723,51.99657146181312],[5.463350435786248,51.99658498560097],[5.463188973639138,51.996681263479374],[5.463063925285266,51.99678470813827],[5.462950616426063,51.99694207402629],[5.460581705033141,51.99615262068645],[5.460784798126725,51.99569229992427],[5.460861682027988,51.995517881453814],[5.461143064051081,51.99485707494762],[5.461322890981699,51.99442193466109],[5.461528805976871,51.993916669910284],[5.461563602056542,51.99382766509217],[5.461155903857603,51.99381623800544],[5.460946228631682,51.99380917936807],[5.460398740525488,51.993788849221446],[5.459682347401607,51.993762329217176],[5.458845097620487,51.99372958695734],[5.45835148600638,51.99371101202536],[5.457885538642809,51.99369241836872],[5.457435599100405,51.993668420394684],[5.457390460560673,51.99366664976029],[5.457394811609711,51.993655861366726],[5.457281237307467,51.99365143514382],[5.457166208443058,51.99364790849417],[5.457145856901221,51.9936685933899],[5.457089147675137,51.99371626441286],[5.457048419179033,51.99374145550106],[5.456990234131586,51.99377654393024],[5.456966985878968,51.99380711749236],[5.456894429754335,51.993963554568076],[5.456731849446618,51.99428003418529],[5.456618658584954,51.994523680281105],[5.456380654086914,51.99502985410048],[5.456315333868054,51.9951602208672],[5.456168764455509,51.995478487851436],[5.456022127968144,51.99575451033867],[5.45518167347777,51.99651000521253],[5.454808830882344,51.99741712541868],[5.45483653915877,51.99744497273696],[5.455179191684923,51.99775127088176],[5.455363997472136,51.997671169144205],[5.455537161891213,51.99759646678531],[5.455839834552167,51.99746596195883],[5.455882037024728,51.99744975859682],[5.456214435909192,51.997712017771214],[5.456377692584844,51.99782247598216],[5.456520511320492,51.997898791048925],[5.457208270930686,51.99819678964805],[5.457473768152025,51.99850222825483],[5.457673716399038,51.99879152694018],[5.457697109826476,51.99885173352163],[5.457269004630255,51.99885558506885],[5.457290904767048,51.998892423423676],[5.457450092108903,51.999188937322664],[5.457503952042007,51.99917722048375],[5.457591564107667,51.999330865396054],[5.457651432910397,51.999435990868726],[5.4577989679721,51.99972801718953],[5.458914043178695,51.999499941128576],[5.459653385319587,51.9992541106447],[5.460104606829484,51.99913608653157],[5.460555871653685,51.999045923932805],[5.460957687376708,51.998993540918384],[5.461352279454214,51.99897621489115],[5.46171049560372,51.99897598812079],[5.461735302792032,51.99900743091264],[5.461811267679075,51.99915388956348],[5.461871168643,51.9992724951051],[5.461897466800535,51.99932460966499],[5.461920837654044,51.99936773792868],[5.462048001672183,51.99965258137649],[5.462225588429228,51.9996120213557],[5.462304192177343,51.99959399480069],[5.462464310335849,51.999557040852],[5.46246139041113,51.99955254864725],[5.462622967503362,51.99951739117779],[5.462791822202658,51.99948043117074],[5.462809341930189,51.99950738434914],[5.462841456926164,51.99955410205953],[5.462885244266142,51.9996142944669],[5.462895461886698,51.99962866892477],[5.46292319480922,51.99966730009964],[5.463175012649759,51.999606916816774],[5.463176470359874,51.999607814688886],[5.463333673953533,51.99956996262753],[5.463444297864625,51.99954292639279],[5.463486508737992,51.9995321131942],[5.463563850504406,51.99962823615628],[5.463603149061257,51.99961742480994],[5.463604603710196,51.99961652504818],[5.463863679693626,51.99954355215388],[5.463974341781011,51.99953898577761],[5.464188384982371,51.99952985748657],[5.464181176767009,51.99957210653032],[5.464286514398295,51.99985786067908]]]]}},{"type":"Feature","properties":{"gezicht_uri":"https://linkeddata.cultureelerfgoed.nl/cho-kennis/id/gezicht/10134643","gezichtsnummer":"223","naam":"Haarzuilens"},"geometry":{"type":"MultiPolygon","coordinates":[[[[5.003100845590285,52.14186625774197],[5.003207105050104,52.14191064499786],[5.003165731308656,52.141965337349575],[5.003102182651298,52.14205051681741],[5.002955121073507,52.141994312147126],[5.002920193336052,52.141978918730786],[5.002441355661888,52.1417724309444],[5.002231745222874,52.141685462046496],[5.002153687989088,52.141758909222595],[5.002056248937303,52.141708258181566],[5.00201552508143,52.14168745275268],[5.001968958106897,52.1416666282311],[5.001904931495433,52.14163765744201],[5.00182632035983,52.14160594256966],[5.00174915460892,52.1415760299739],[5.001674918289908,52.1415452280959],[5.001587566055595,52.1415107880891],[5.001487121243259,52.14147001358947],[5.001393941702542,52.1414337567798],[5.001332798534956,52.14140928912469],[5.001255594622721,52.141383870097094],[5.001207520935955,52.14136843316574],[5.001115740458508,52.14133937114154],[5.001032716993938,52.14131123651206],[5.000967191862669,52.141286754323396],[5.000890058335218,52.14125324605183],[5.000807112928014,52.141216123480646],[5.000706669492446,52.14117534831559],[5.000623693266045,52.141141820728286],[5.000514524449378,52.14109652278979],[5.000411152229172,52.14105663657569],[5.000269909242109,52.14100404282302],[5.000166584184755,52.140958763724754],[5.000092326616101,52.14093065718432],[5.000071961600991,52.14092070352112],[5.000038527626289,52.14090171893046],[5.000000711390333,52.1408827199483],[4.999962879601802,52.14086551851048],[4.999895894950428,52.14084103093148],[4.999804147595044,52.14080837277288],[4.999773572969286,52.14079658792587],[4.999754661049954,52.14078753778288],[4.999681888179019,52.140756739446],[4.99957998604834,52.140715958522364],[4.999421364309606,52.14064622937356],[4.999334062405135,52.14060639502643],[4.999219037582892,52.1405628742345],[4.999168083023035,52.14054293297258],[4.99911859706937,52.140522097715355],[4.999067603549354,52.14050665030115],[4.998993347425601,52.14047854306805],[4.998927824636539,52.1404540597452],[4.998860880243504,52.14042507768667],[4.998786694729374,52.14038888131921],[4.998706681987857,52.14035086810852],[4.998609148269448,52.14031189833147],[4.998540743553272,52.14028291127971],[4.998462074616578,52.14025838438823],[4.998405269951516,52.14023932232221],[4.998348488809222,52.140217563894154],[4.998278615840633,52.140189470653894],[4.998258235915264,52.14018131423344],[4.998214554607884,52.140164991749735],[4.998188347404387,52.14015501849611],[4.998015192948776,52.14007715028413],[4.997805614774333,52.13998837595496],[4.99778525853535,52.13997752311805],[4.997718315599426,52.13994854041005],[4.997648412093877,52.139924041908806],[4.997485492421564,52.13984530790125],[4.997334188529338,52.13977470128868],[4.997140649694998,52.139689573984995],[4.997057710313898,52.13965244877305],[4.996971865332741,52.13961351628332],[4.996753511388146,52.13952650864879],[4.996469583344496,52.13942130736681],[4.99628757606897,52.1393541929261],[4.996136220654081,52.13928987622154],[4.996003870628814,52.13922382473298],[4.995955840450767,52.13920389176861],[4.995749136747157,52.13912141491539],[4.995712768795354,52.139104216958884],[4.995557072353246,52.13903539107785],[4.995442071031698,52.13899006904206],[4.995252881870227,52.138909447078255],[4.995014171798752,52.13881248171953],[4.994774081036697,52.13870652323711],[4.994685247404655,52.13867566836636],[4.994605083234263,52.13865562793128],[4.994590531638378,52.13864928787556],[4.994567239612971,52.13864022231646],[4.994533778083584,52.138624831274576],[4.994503222149895,52.138611247503555],[4.994373742595642,52.1385514953535],[4.994271905698264,52.138504418391314],[4.994200624742636,52.138470925198526],[4.994145300675308,52.13845006838853],[4.994076925444323,52.13841838240999],[4.994043432606448,52.138406586341226],[4.994008471193614,52.13839568417289],[4.993945843907778,52.138374802928205],[4.993849747686941,52.13833942919211],[4.993743490208574,52.13829683105304],[4.99355786532649,52.13830969390413],[4.99337738311312,52.13823628839557],[4.993369554150376,52.13813020332468],[4.993347739165813,52.138119344844284],[4.993312801924988,52.13810574613528],[4.993273514398133,52.13808853767184],[4.993237124460775,52.138074035285],[4.993158533694157,52.13804141585068],[4.99310904539136,52.138021476846795],[4.993004297635348,52.13797349025164],[4.992969376478405,52.13795809388462],[4.992914061556172,52.137936337718365],[4.992889309578035,52.137927266945766],[4.992817990904363,52.13789826680644],[4.992580752195565,52.137801301399385],[4.992391557356169,52.13772247239571],[4.992241649907315,52.13766085190891],[4.992193615144375,52.137641816188555],[4.992066991248587,52.13759016028598],[4.991908352593398,52.13752491490928],[4.99175989916906,52.13746419748164],[4.991585257963842,52.1373917075883],[4.991468820192194,52.13734457921968],[4.991345119268149,52.13729293234026],[4.991270881324814,52.13726392146198],[4.991180624218953,52.13722946393499],[4.990844276507746,52.13710879334527],[4.990689935501095,52.13705344760813],[4.990604045216477,52.13702080192317],[4.990490498788597,52.136977277520316],[4.990426438457656,52.13695369315958],[4.990318710944601,52.13691288457507],[4.990183327506517,52.13686119716468],[4.990128007313331,52.136840338468424],[4.990095985323601,52.13682764741587],[4.990053794887313,52.13680863048928],[4.98992715185309,52.13675966862086],[4.989816520005431,52.13671705218381],[4.989767026668412,52.136698010554085],[4.989663682246469,52.13665721613256],[4.989586541209731,52.13662639679314],[4.989491992854354,52.13658203664602],[4.989377076057604,52.13652861968814],[4.98930580993778,52.13649422475464],[4.989222891021968,52.136456195247554],[4.989097822656035,52.13639465452304],[4.9890221510894,52.136362940964865],[4.988949392842814,52.136332135997655],[4.988859147429645,52.13629677791427],[4.988767481632474,52.13625692093888],[4.988684515506241,52.13622428372051],[4.988661225946786,52.13621521699379],[4.988594262500961,52.13618982421223],[4.988511272560761,52.1361598832058],[4.988442840653898,52.13613538417994],[4.98840064355255,52.13611726543907],[4.988346809795458,52.13609371451009],[4.988263892441063,52.13605568432773],[4.988169306466162,52.13601581700826],[4.988095104833327,52.13598320901701],[4.988016513476669,52.135951484930075],[4.987955369092192,52.13592880788836],[4.987863680753792,52.13589164654346],[4.987792368600199,52.135862643361634],[4.987741424515329,52.13584269715785],[4.987630821147234,52.13579738233438],[4.987558048701501,52.135768374063616],[4.987463439837821,52.13573120251123],[4.987376109956583,52.135696751968],[4.987307703521188,52.13566955594913],[4.987186868848704,52.13562510482878],[4.987157769745619,52.135612422882694],[4.98705007261388,52.135568914975615],[4.986971514940604,52.13553359507988],[4.986927874527023,52.13551367330027],[4.986815965276212,52.13545127597528],[4.986802908639572,52.135441344802956],[4.986788423651009,52.135427813559936],[4.986763762934925,52.13540885494338],[4.986744880108873,52.135397106377326],[4.986701215755664,52.13537988084737],[4.986589154011128,52.13533456008709],[4.986398527702506,52.13525481771996],[4.986378184460939,52.135243064132716],[4.986359309871407,52.13523041672689],[4.986344817020464,52.13521778420702],[4.98633324532882,52.1352051616117],[4.98632168977503,52.135190741459375],[4.986314532084118,52.135174538640236],[4.986310263282887,52.13516194085914],[4.986303234657048,52.135131357592414],[4.986267623802812,52.13503057037103],[4.986261942859987,52.13501257495635],[4.986253340784415,52.13499456961315],[4.986244722581445,52.13497836182515],[4.986231763019035,52.1349576452537],[4.986176818184402,52.13489544091586],[4.986166674913728,52.13488641838052],[4.986152149952734,52.13487738094825],[4.986134687729912,52.13487013113895],[4.986098230106482,52.1348637155481],[4.986058286668951,52.13475752069371],[4.985851140405431,52.13424090179672],[4.985742715656057,52.13395381390293],[4.985568861597703,52.133471462331286],[4.985551771733423,52.133422868641404],[4.985406468965342,52.13301431605391],[4.985370829473995,52.132917123642606],[4.985322352898865,52.13278573286847],[4.985313808226459,52.1327614360035],[4.985292466800446,52.13269844689254],[4.985251859197261,52.13250416648879],[4.985237860839713,52.13243670835622],[4.985157647411868,52.1324238517201],[4.984917023592827,52.13238348392809],[4.984793076832473,52.13236148983641],[4.98468807596583,52.13234405429137],[4.984567042289976,52.13232296870713],[4.984454747303007,52.13230460925142],[4.98428420344275,52.13226717582491],[4.984233200170324,52.13225441832486],[4.984289460314261,52.132170122746246],[4.9843220689925,52.132117204571855],[4.984306028092125,52.132114453368786],[4.984266660139978,52.13210712845684],[4.984212711786116,52.13209705730511],[4.984158771565106,52.132086087350515],[4.98410483137066,52.13207511737124],[4.984050907424024,52.1320623498109],[4.983998443980288,52.13204958721793],[4.983953274811917,52.1320377483425],[4.983845419012017,52.13201311183682],[4.983798789450843,52.132001267908386],[4.983720062043544,52.13198571895457],[4.983683607122741,52.13197930261694],[4.98357720396206,52.131955569639956],[4.98354078969083,52.1319446593674],[4.98345772980481,52.1319237025766],[4.983390710763518,52.13190549705703],[4.98330331024963,52.131880031268246],[4.983217362173724,52.131855469194434],[4.983160542202226,52.131839994889354],[4.983035202403531,52.13181080372288],[4.982955047666023,52.13179165414204],[4.982909854635486,52.13178251120135],[4.98277282332924,52.131754178490255],[4.982686818822187,52.131735907476646],[4.982586234196281,52.13171488997257],[4.982469657884867,52.13168572826135],[4.982326826046506,52.13165288109794],[4.982207312856063,52.131625506658295],[4.98210093577535,52.13159907601527],[4.982051386197553,52.13158722136505],[4.981962542921859,52.13155995201034],[4.981894072736748,52.13154084184503],[4.981793546016392,52.13151353221842],[4.981739607097115,52.13150256115749],[4.98156035483315,52.13145970100389],[4.98133006878385,52.13140767693436],[4.981092481027725,52.13135562727586],[4.980894276855903,52.13130910563336],[4.980716470273591,52.13126804678358],[4.980497845207658,52.131218757683136],[4.980267578016639,52.1311649339831],[4.980076628616341,52.131123828824826],[4.97995275329149,52.13109463942311],[4.979817243788757,52.13106001687451],[4.979713790350953,52.13103359416567],[4.979638019750549,52.13101445746539],[4.979382960063199,52.13095695114323],[4.979136655426878,52.130900373360475],[4.978915121261068,52.130850172443985],[4.978753366636209,52.130810963792946],[4.978603254631532,52.13077628927988],[4.978410864450796,52.13073337881031],[4.978273831004238,52.130705939650234],[4.97820094952002,52.13069040726372],[4.97774929632155,52.13057109674959],[4.977669162561702,52.130550146020724],[4.97748986034575,52.130513571125505],[4.977186719701896,52.130444208539565],[4.976930214277565,52.130385793059126],[4.976704336942173,52.13033197764055],[4.976523567720662,52.13029629497194],[4.976372007036335,52.13026071375684],[4.976223342613212,52.13022783885656],[4.975984472151555,52.13015779826539],[4.975758472957541,52.130117462701435],[4.975566129764151,52.130070053702916],[4.975426286986976,52.130030916931545],[4.975231139740707,52.12997091430261],[4.975003731528128,52.12992517952586],[4.974789450786556,52.12988128782015],[4.974489222835176,52.12981372606818],[4.974384298441988,52.12978909113012],[4.97421386405327,52.12974175658838],[4.974106002572672,52.12971890873184],[4.973995286914983,52.12968886032419],[4.973938472906047,52.129673381576076],[4.9738853529818,52.12957432671539],[4.97387525497705,52.129560809230554],[4.973773422008953,52.12936001844638],[4.973731794550722,52.12928167634592],[4.973726052843779,52.12927087053775],[4.973582469468225,52.12900521912553],[4.973579598650157,52.12899981621762],[4.973558084178848,52.12895749685064],[4.973546592613479,52.12893678399375],[4.973535159309245,52.12890977969182],[4.973513553382042,52.12887734687095],[4.973487649613573,52.12883591090289],[4.973480455980307,52.128824201182326],[4.973425827773534,52.128730533647015],[4.973309378504506,52.12853148876535],[4.973248959566662,52.12843240798074],[4.973244620146401,52.12842789871708],[4.973177149604951,52.128301828936095],[4.973113960517122,52.128186559827554],[4.973026362546321,52.128026264625504],[4.97301778381068,52.128006460747585],[4.973016381794538,52.12800016417525],[4.972944498206434,52.12787767398123],[4.972865605076307,52.12772370086954],[4.972729091586892,52.12748413856655],[4.972697481480293,52.12742830144575],[4.972693158889204,52.12742199460548],[4.972637182134812,52.1273166374425],[4.97263139924765,52.12731032546738],[4.972562688663106,52.12716088195766],[4.972498134222289,52.12703572081044],[4.972396188015098,52.126848410434036],[4.972394794466441,52.12684121507528],[4.972366047415514,52.12679167957699],[4.972332994644481,52.1267340396614],[4.972269834982388,52.12661607374135],[4.972187992428343,52.12646568498662],[4.972067407523124,52.12624145761832],[4.972058821202896,52.126222552443565],[4.972054582324639,52.12620725779912],[4.972041757145724,52.12617305797834],[4.972127513618149,52.12605921125368],[4.971994887557355,52.12603088143296],[4.971992017121603,52.126025478484124],[4.971986284604141,52.126013773808296],[4.971944629973388,52.12593902615207],[4.97188434286518,52.125826462962394],[4.971824173032235,52.12570131684778],[4.971812691460307,52.12567970503447],[4.971772489333506,52.12560586123466],[4.971742325290303,52.12555182654229],[4.971742350360578,52.125549130208235],[4.971659377252942,52.12536368357595],[4.971635029431989,52.12531236576659],[4.971616480863547,52.12526556242257],[4.971596438648574,52.12522234904235],[4.971584999108556,52.125196243315],[4.971480658866862,52.12495319756488],[4.971433507999241,52.124841579227045],[4.971423520521997,52.12481637740804],[4.97140772557796,52.12478755988516],[4.971397671219249,52.12476954828877],[4.971383361630886,52.124738039575824],[4.971367575104424,52.124708323269125],[4.97135752077966,52.124690311669106],[4.971294441859726,52.1245642561891],[4.97128871807725,52.12455165269878],[4.971277262156095,52.12452734449537],[4.971257203866166,52.12448592860919],[4.971085283166842,52.1241302931647],[4.97103368656284,52.12402584942444],[4.97102509273278,52.124007842946604],[4.970960630855509,52.123873693119485],[4.970950585254129,52.123854782704434],[4.970886148940942,52.12371793649893],[4.970867551571476,52.12367652569576],[4.970844649020765,52.123627010421565],[4.970843222323615,52.12362341015399],[4.970761850709168,52.12342358754109],[4.970656008613529,52.123185928513315],[4.97055572341059,52.122978848477814],[4.970411045786732,52.12267813545469],[4.970385282610575,52.1226223183159],[4.970349466060213,52.12254848947955],[4.970332237602044,52.12251697030765],[4.970326338277247,52.12252324111248],[4.970253918369672,52.12261646115179],[4.970216936287112,52.12266756246459],[4.970096388259199,52.122441535404455],[4.970133252854607,52.12240301702453],[4.970285116204323,52.122246262535796],[4.970360313213802,52.12216833202506],[4.970445831555338,52.12207965224056],[4.970627180348014,52.12189244201813],[4.971058311323357,52.12138164337435],[4.972608515675661,52.11954634371665],[4.973484091869359,52.11849511619822],[4.973521008515475,52.11845030527267],[4.974135323851086,52.11770105459658],[4.974717142382784,52.116990335791364],[4.974917954533097,52.11674656203653],[4.97499179855636,52.116655141684205],[4.975016916396433,52.11662287236432],[4.975024323979589,52.11661121374176],[4.975098134412704,52.11652338843904],[4.975102564023889,52.1165180110658],[4.975111414956271,52.11650815509849],[4.97512619688531,52.116488432959194],[4.975126205171787,52.116487534179534],[4.975133571272275,52.11648036944826],[4.975743353311664,52.11574188014711],[4.976431349618085,52.11491018399268],[4.976759114223418,52.114512254069744],[4.976924445975419,52.114314192613655],[4.977100086161482,52.114106279873134],[4.977173929589714,52.11401395932477],[4.977218212417389,52.11396108355744],[4.977538556617242,52.11357481015821],[4.977559200678284,52.11355241164637],[4.977593131760424,52.113513880721015],[4.977668358939115,52.11342965394589],[4.977750967461561,52.11333646466106],[4.977899935797721,52.11317070212825],[4.977976679268547,52.113080188754104],[4.978031244981651,52.113020157888364],[4.978104961300876,52.11294131844376],[4.978169803154521,52.112875031498284],[4.978197803360147,52.112846366725044],[4.978228517635129,52.11284018158353],[4.978229977478385,52.1128401866463],[4.978246011085704,52.11284293867697],[4.978287927220933,52.112888923289844],[4.978332713808353,52.11294031069368],[4.978365912137986,52.11298177100655],[4.97843532731213,52.11305391635796],[4.978475767551348,52.113101693403664],[4.978482886011441,52.11312149187304],[4.978465219848637,52.113137609205154],[4.978459339343496,52.11314208286811],[4.978454926909186,52.11314566281026],[4.97846649889511,52.113157387435876],[4.978572002744525,52.11311461023257],[4.978610098568678,52.1130994624793],[4.978642338531991,52.11308609204424],[4.978670182494532,52.11307450398958],[4.978683370437947,52.11306915682142],[4.978700970785081,52.113060229700544],[4.978752303721945,52.11303434204627],[4.978822696747111,52.11299953228592],[4.978904825909376,52.11295847145505],[4.978912166192839,52.11295400282399],[4.978947366697998,52.11293614851074],[4.978994295189257,52.1129129419303],[4.979045619580318,52.112887952927935],[4.979057363992098,52.11288080310381],[4.979111632615094,52.11285312783569],[4.979248029698018,52.112784391470534],[4.979296442319769,52.112758493477195],[4.979353630325929,52.11273082819579],[4.979382974722023,52.11271475111727],[4.979441647053367,52.112684394499354],[4.979509094723976,52.112652270572504],[4.979611758665132,52.11260049453219],[4.979729078058584,52.11254247737957],[4.979808285883593,52.112501405826016],[4.979935872708238,52.112438031083684],[4.980103079170221,52.112352322757374],[4.980120678951547,52.11234339542288],[4.980150080108303,52.11232102668647],[4.980179505787073,52.11229596160024],[4.980195694806415,52.11228163653117],[4.980203059399659,52.11227447147665],[4.980220716411234,52.11225925266157],[4.980225120433632,52.11225657143338],[4.980228154642255,52.11224399857834],[4.980228318298779,52.11222602296259],[4.980221256487297,52.11219993312951],[4.980212653030994,52.11218282606567],[4.98018660537596,52.112157569513386],[4.980164830818588,52.11214401222198],[4.980132927563882,52.11212053306409],[4.98004441885166,52.11206090610939],[4.97998641094881,52.112018461787414],[4.979908121337178,52.111958870016096],[4.979867516795909,52.111929069068395],[4.979803768278162,52.11187581911637],[4.979766157232157,52.111837939192654],[4.979728579020954,52.11179646413352],[4.979698234372555,52.11176220453154],[4.979660689064429,52.11171713432712],[4.979640505799805,52.1116892014902],[4.979618944704875,52.11165227579607],[4.979606052319043,52.11162526696115],[4.979580333159608,52.111564059040134],[4.979561929461333,52.11150107878255],[4.979556500070564,52.11145611955561],[4.979548437967631,52.11137969290559],[4.979545944586052,52.11133294620827],[4.979547469950688,52.11132576100776],[4.979550881312544,52.111271844248584],[4.97956313336832,52.11120896995748],[4.979572301897957,52.11116406119007],[4.979588785736045,52.11111738008933],[4.979632430690511,52.11097372146622],[4.97966843233656,52.11086778639872],[4.979698693026444,52.110751045768914],[4.979716816593124,52.11068459651005],[4.979731995986597,52.110620833502445],[4.979751677523344,52.110543603908816],[4.979757762353695,52.11051666065404],[4.979772933439491,52.1104537964203],[4.979783733383274,52.110390018272675],[4.979789883702702,52.11035588476738],[4.979794500531606,52.11032983524751],[4.979814525839064,52.110214856835626],[4.979836502208272,52.11004595659654],[4.979842693389568,52.11000732918103],[4.979846456458441,52.10991476481422],[4.979848178283668,52.1098860088617],[4.979849932866097,52.10985365778462],[4.979851949520081,52.10979254571174],[4.97985256375487,52.10972513712778],[4.97985153807266,52.10967749668545],[4.979853726700227,52.1095975102068],[4.979852889383213,52.10952919779703],[4.979852897572942,52.10952829901588],[4.979850641473918,52.109455487656945],[4.979851132858671,52.109401560786885],[4.979848467279752,52.10937368848534],[4.979848672024169,52.109351218955936],[4.979844915263885,52.10928289645815],[4.979841019286606,52.109229853239846],[4.979831399084215,52.109164206913086],[4.979824632830785,52.10910576092034],[4.97980478645266,52.10904097807078],[4.979800538345178,52.10902658244182],[4.979759001072126,52.108939254403396],[4.979705802640537,52.108850088432696],[4.979653998582653,52.10876811773183],[4.979625222274292,52.10872217898505],[4.979590590805653,52.10867801761055],[4.979571852268481,52.10865188735777],[4.979547307712723,52.10862214179185],[4.979475092958537,52.108537404016246],[4.979431711770435,52.108492313529325],[4.979395497990674,52.108461628767586],[4.979360776757462,52.10842735391816],[4.979333247469362,52.10840478845981],[4.979281059164907,52.108365060310476],[4.979239031412115,52.108331658957965],[4.979195511216468,52.10830184766476],[4.979191156739273,52.10829913616898],[4.979159240329417,52.108277454298815],[4.979101115101623,52.10824849124011],[4.979044466052982,52.1082177356427],[4.978987751427864,52.10819417026814],[4.978936859210219,52.10817242264433],[4.978871419395388,52.1081452317653],[4.978820510869848,52.10812528165372],[4.978728772167383,52.108100696041355],[4.978686515116509,52.10809246036643],[4.978607757668078,52.108084997015496],[4.978515846624093,52.10807928564376],[4.978480830551575,52.108077366658875],[4.97841660429286,52.1080771440241],[4.978320264906167,52.10807681000636],[4.978291087594537,52.108074911210885],[4.977794612756029,52.10809296232891],[4.977746418353202,52.10809549141919],[4.977617949325286,52.108096842876655],[4.977390205012695,52.10809964683486],[4.977159516565417,52.108105136544715],[4.977067539705009,52.10810661429275],[4.97702083792106,52.10810555303884],[4.976911361291285,52.108105172170724],[4.976820868862662,52.10810395846186],[4.976688086744483,52.108098103416935],[4.976587426050636,52.10809146127023],[4.976552426564519,52.10808774415044],[4.976482427609837,52.10808030987964],[4.976462041530252,52.10807484601232],[4.976403810953764,52.10805756577852],[4.976377627444267,52.10804758765036],[4.976363121435228,52.1080376502026],[4.976289164846463,52.107984362725965],[4.97626884492586,52.10797170857676],[4.976210895486999,52.10792386969158],[4.976096506249727,52.10782280423765],[4.976080623349268,52.107803873855254],[4.976049031170669,52.107747138681496],[4.976036158595679,52.107718331880264],[4.976033297107248,52.107712030233245],[4.976021900759593,52.10768143095788],[4.976017728396832,52.10765894616114],[4.976006596605424,52.10759958588937],[4.9760052030669,52.10759239055058],[4.975992710841543,52.10752223981361],[4.975990072578961,52.107491671075664],[4.975975297648263,52.107352304009204],[4.97597131548637,52.10730914724379],[4.975966931890417,52.10715094140144],[4.975958748088856,52.10692980560055],[4.975954405908224,52.10676710584201],[4.975954579525061,52.10674823143673],[4.975960512716793,52.10657927583956],[4.975962517994509,52.1065199613686],[4.975961190634456,52.1065055757781],[4.975956013480469,52.10643365291566],[4.975942525006111,52.10631316531893],[4.975939804170436,52.10629158438667],[4.975924351812516,52.106225917352695],[4.975886438522967,52.10606310047373],[4.975851453009799,52.1058993949812],[4.975833404205161,52.105798665275415],[4.975833453823188,52.10579327258743],[4.975830683452815,52.10577708433898],[4.975821020251799,52.1057168303431],[4.975814119162608,52.10567366337647],[4.975811323996287,52.105660171471314],[4.975793382892666,52.105547757597925],[4.975786390879804,52.10551447722362],[4.975783645355286,52.10549559262919],[4.975772530947292,52.10543443475256],[4.975771112700493,52.10542993575272],[4.975766899316387,52.10541194484612],[4.97576266112266,52.10539665028349],[4.975791869658554,52.10539495457814],[4.975790484492797,52.10538686045293],[4.975790492763234,52.10538596167155],[4.975794904642836,52.105382381824015],[4.975824319912043,52.105358216575766],[4.975811869935276,52.10528357188803],[4.975797579974553,52.10525026605058],[4.975800598406897,52.105239490858814],[4.975815235702659,52.105235047876654],[4.975818163161462,52.10523415927998],[4.97591163508288,52.10522819368407],[4.976081055460041,52.105217099983236],[4.976098570587268,52.105217161051186],[4.976124835014542,52.105218151429675],[4.976145244540435,52.10522091901212],[4.976165654068865,52.105223686591025],[4.976184604005576,52.10522644907858],[4.976204997014862,52.105231014213594],[4.976223930433764,52.1052355742577],[4.976242855595233,52.10524103308028],[4.976260312905461,52.10524738559439],[4.976277770220653,52.10525373810588],[4.976325705591152,52.105279071836975],[4.976370738339847,52.105302597814564],[4.976437557752847,52.10533788420629],[4.976446282311493,52.10534150983995],[4.976456466469729,52.105345140557446],[4.976466658886448,52.10534787249259],[4.976476859561038,52.10534970564541],[4.976488528091243,52.10535064509994],[4.976498737023555,52.10535157946943],[4.976510422066616,52.105350721358874],[4.976520647510894,52.10534985816352],[4.976530881210318,52.10534809618577],[4.976827394157589,52.10532575945285],[4.977213024640639,52.10529474377241],[4.977242241297106,52.10529214892596],[4.977271449709573,52.105290452853815],[4.977364938035448,52.105282688542275],[4.977791485828402,52.10524642032158],[4.978086603679008,52.10521688509841],[4.978131883993351,52.10521344695556],[4.978183002676821,52.105210029047704],[4.978197664392854,52.10520288942447],[4.978210915840942,52.105190352046804],[4.978222584366475,52.10519129132973],[4.978232834405428,52.105187731640804],[4.978320483979264,52.10517994632084],[4.978424205478512,52.105170419034394],[4.978460728164261,52.10516695040423],[4.978476627572472,52.10518408291077],[4.978507303677212,52.105181492810004],[4.978651926591534,52.10516851184293],[4.979718273096988,52.105079624307784],[4.980515830608547,52.10501406824773],[4.981219866201049,52.1049598693608],[4.981696041869454,52.104922859074755],[4.981789561265811,52.10491149612367],[4.981929746582689,52.104904787551014],[4.982207263053363,52.10488416962261],[4.982236479154757,52.10488157353745],[4.982264227528847,52.10487987121459],[4.982290524456658,52.104877265090956],[4.98286458794226,52.10482980047345],[4.98291131895683,52.1048272642807],[4.983006248677453,52.104821298060735],[4.983514540304062,52.104783491711025],[4.984037451187002,52.10474303672799],[4.984157225839469,52.10473355928865],[4.984186433628993,52.10473186150211],[4.984214189937971,52.10472925993771],[4.984580803320311,52.10470175041692],[4.985184061768006,52.104653475387025],[4.985205979663735,52.10465085368335],[4.985229365214043,52.10464733816902],[4.985241106469069,52.10464018771603],[4.985244066022676,52.104635703755505],[4.985247025575691,52.10463121979493],[4.985260177920651,52.104629467009694],[4.985363912834496,52.10461813604794],[4.985469115346978,52.10460591118533],[4.985471969893235,52.10461311139002],[4.985495266577038,52.10461948242905],[4.985541956854452,52.10462143910476],[4.985571124151195,52.10462423488683],[4.985598856094576,52.10462432934335],[4.985810631783032,52.10460977067976],[4.9859128666043,52.10460292817811],[4.985978603951534,52.104596860212844],[4.986039962556196,52.10459077731371],[4.986330627491868,52.104568396798015],[4.986644677523219,52.1045424997698],[4.986980596647049,52.10451937256557],[4.987242061172539,52.10449778949778],[4.987271268692833,52.10449609094646],[4.987300484249684,52.104493493605325],[4.987388122862982,52.1044866003211],[4.988241138365313,52.10441938244431],[4.988454371803715,52.104404823966696],[4.995099252617042,52.103823107788244],[4.995071309639957,52.10401356248688],[4.995095113231871,52.10412868926396],[4.995117473143735,52.10424201361432],[4.995589282593745,52.10420133748365],[4.99613991541691,52.10416002210265],[4.996201256332958,52.104155731478116],[4.996664723690322,52.10590545152458],[4.997022244172969,52.105916521984334],[4.997601548793281,52.105937312441064],[4.997743069357044,52.10594497041749],[4.997884613448496,52.10594993187424],[4.997993764239597,52.10598714337252],[4.998091543286796,52.10598926368955],[4.998243375287276,52.1059861693815],[4.998755687102068,52.10598965578957],[4.999161430951032,52.10599458694371],[4.99925190416001,52.10599758106483],[4.999345249845739,52.106005977418974],[4.999520225367136,52.106027225432186],[4.999820510717479,52.106074051571845],[5.000046503600214,52.106103555674395],[5.000228731300063,52.10613021929842],[5.000343870762326,52.10615037089641],[5.000646937193657,52.10621338261091],[5.000992232882956,52.10628821637832],[5.001047582477494,52.10630187978261],[5.001586476160592,52.106439363447755],[5.001966690371436,52.10652779066792],[5.002166343766766,52.1065652939217],[5.002287316059723,52.106586361469695],[5.00262239987402,52.106661157109755],[5.002723045811534,52.10666957459214],[5.003179358940432,52.10673577576759],[5.003230415724736,52.106739537266485],[5.003242904184571,52.10681507786589],[5.00319328443318,52.10698389232887],[5.004155078580663,52.1071712762975],[5.004210484134148,52.1071786467312],[5.004449607098773,52.107209982628575],[5.004693078633908,52.10724492738039],[5.004695982583317,52.10724673441741],[5.004700346197339,52.107248546189126],[5.004701782793395,52.10725124727489],[5.004703219389626,52.10725394836064],[5.004703188631969,52.10725754349529],[5.004703165563722,52.10726023984632],[5.004700223165774,52.107262926727806],[5.004697288457009,52.10726471482557],[5.00469289408304,52.10726649818841],[5.004689967063428,52.107267387502276],[5.004799318939211,52.10728212310742],[5.004797890023784,52.107278523239174],[5.004796438045955,52.10727761972194],[5.004796468796128,52.10727402458722],[5.00479795152389,52.10727133296977],[5.004799441938957,52.107267742568624],[5.004802384331264,52.10726505568464],[5.004806786388062,52.10726237353406],[5.004811180757092,52.10726059016699],[5.004815567438613,52.10725970558339],[5.005031321245598,52.107292762132694],[5.005318483899279,52.107339531693064],[5.005322847547649,52.107341343441746],[5.005357887243935,52.10734055810227],[5.00541329320705,52.10734792797077],[5.005500765843605,52.10736079446681],[5.005566374190218,52.10736999490434],[5.005566366518138,52.10737089368807],[5.005569285855127,52.107370903136115],[5.005613022212171,52.10737733633437],[5.005614474209771,52.10737823984159],[5.005691736949292,52.1073901743476],[5.005811276476957,52.10740853720612],[5.005825819506463,52.10741487590158],[5.005830175516013,52.10741758641522],[5.005835998862907,52.10741940286565],[5.005840370206677,52.107420315811446],[5.006096950378371,52.107458895284566],[5.006263221319171,52.10798883072393],[5.006351547596632,52.10824437761184],[5.006364386277996,52.10827947260302],[5.006292769170523,52.10829002698977],[5.006325545908729,52.10838360893112],[5.006428271386764,52.108662571265825],[5.006569484657884,52.10905041353311],[5.006773529131166,52.1096029402115],[5.006836312469549,52.1097730174773],[5.006951952770812,52.110078985176685],[5.00697096019145,52.110075451232014],[5.006970944902578,52.11007724879887],[5.007017878640455,52.110223007028566],[5.007046431869717,52.110298598955886],[5.007062214141968,52.110331006921776],[5.007092525323109,52.110371550989406],[5.007080786051023,52.1103787036142],[5.007035311622625,52.11040462245731],[5.007017679755604,52.11041804773563],[5.007020576361521,52.11042075349811],[5.007022020842871,52.11042255577104],[5.007021997912413,52.11042525212128],[5.007020522856916,52.110427044981925],[5.007017588032721,52.11042883313642],[5.007010197465122,52.1104395950061],[5.006988155691948,52.11045660129463],[5.006977860861754,52.11046555618233],[5.006930888287959,52.110495964194875],[5.006894134052481,52.11052640514286],[5.006836904712374,52.110561274080005],[5.006767920604507,52.110605093149104],[5.006693020756903,52.110657881170056],[5.006631388805813,52.11069543222574],[5.006535982860157,52.1107562432404],[5.006437680058431,52.11081434840048],[5.006346652944466,52.110875173400274],[5.006273280859077,52.11091987681636],[5.006201399053305,52.110960989769616],[5.006153003948882,52.11098689883615],[5.006063550828086,52.111034246583266],[5.005979982664366,52.111076220438974],[5.005919862988593,52.111107484355465],[5.00587735272812,52.11112801948767],[5.005820213838028,52.11115210252798],[5.005742576431796,52.11118330969985],[5.005651800770662,52.1112144743131],[5.005585918224709,52.11123673133391],[5.005498107983524,52.111262512577206],[5.005410274612853,52.11129099010429],[5.0053268128449,52.11132038053032],[5.005234592176736,52.111349742527636],[5.00519800505179,52.111360409712276],[5.005054260963194,52.11143993790464],[5.00501614476321,52.11145868934977],[5.005033339670494,52.11149649500951],[5.005114912167718,52.11168820542743],[5.00527666854469,52.112063532303104],[5.005520003577322,52.11263056904784],[5.005950891434122,52.1136314369855],[5.006023352244045,52.11386536119004],[5.006100093857698,52.11411098367098],[5.006262147542518,52.11462472631796],[5.006422745016973,52.11513846398885],[5.006442747527287,52.11518976058979],[5.006462742427582,52.11524195596963],[5.006489998735392,52.115298668823314],[5.006517255112227,52.11535538167027],[5.006521550699453,52.11536528241668],[5.006547362533424,52.11542019297837],[5.006577470041745,52.11548500427819],[5.006609037573026,52.11554982028114],[5.006640605195677,52.11561463627503],[5.006667869607272,52.11567045030198],[5.006695126435581,52.11572716310478],[5.00672525731601,52.11578927801626],[5.006768290647594,52.11587929756489],[5.006796969432426,52.11594050896468],[5.00681127825839,52.115974709792035],[5.006835623198721,52.11603051435946],[5.006885788511556,52.11614033062083],[5.006911608885686,52.11619434231414],[5.006948910189103,52.1162717600054],[5.006986211621474,52.116349177684],[5.007026379598729,52.11643289624007],[5.007069437085568,52.11652021932296],[5.007082316910538,52.11655082027878],[5.007096656722712,52.11658142593849],[5.007110973625255,52.116614727943755],[5.007126742878104,52.11664893343468],[5.007148267981049,52.116693044349766],[5.007171253101105,52.116737159965126],[5.007195660035558,52.11678577419228],[5.007220059382071,52.11683528719652],[5.007241622869036,52.11687490418107],[5.007261718773535,52.116915415240605],[5.007313346106305,52.11702523600937],[5.007396512976404,52.11720346766026],[5.007304128724285,52.11725080688627],[5.007245507489164,52.11727668344829],[5.007166385144642,52.11730968437839],[5.007075552151623,52.11734624273983],[5.007024291796147,52.117364952460335],[5.00700963068185,52.11737209565536],[5.006948112064242,52.11739526630862],[5.006898311596028,52.117413980681256],[5.006836800511883,52.117436252493775],[5.006773844668324,52.117456721999936],[5.006731389958038,52.117470067154564],[5.006688942874176,52.117482513511526],[5.006623089857783,52.117500277168986],[5.006510424920361,52.11752867538106],[5.00646508068648,52.117538415884866],[5.006374415133834,52.11755520049317],[5.006282304831278,52.1175701827516],[5.006179982113138,52.117584233138786],[5.006032353257352,52.11760352986283],[5.005881827271628,52.11762012061425],[5.005653851914384,52.11764454990469],[5.00544049171199,52.117667228449676],[5.005190585062942,52.11769518108139],[5.004945058122376,52.11772314737917],[5.004738966460558,52.11774944344219],[5.004395456726484,52.11779596575871],[5.004088461947935,52.11784080808172],[5.004480818495523,52.11856921682552],[5.004768287857432,52.11910044539238],[5.005264148215888,52.120021531533766],[5.00651718182645,52.12239214001971],[5.007298672359353,52.12390465406343],[5.007659283986224,52.124600592001556],[5.007723925863315,52.12472663281226],[5.008100346688806,52.12545407833882],[5.009068749586955,52.12732580359657],[5.009962492570657,52.12905527018843],[5.009973993475005,52.1290768782913],[5.013379336646877,52.12859517388376],[5.013251043891304,52.12874307008478],[5.01283346788036,52.12907969627726],[5.012648171749814,52.12923280372591],[5.01256435711989,52.12930084674768],[5.012212797858169,52.129600829374155],[5.011872886915595,52.129904443230245],[5.011624129097705,52.13013554315605],[5.011381195266507,52.13036845871842],[5.011141164626271,52.13060318064177],[5.010831801966982,52.13091947212789],[5.010604864035322,52.13115962755164],[5.010385218352599,52.131400704633045],[5.010169928928662,52.13164449163824],[5.00989258388849,52.131972567424874],[5.009758276087519,52.13213841664497],[5.009498412826804,52.132471041447],[5.0093757632143,52.132639623964145],[5.009201280327135,52.13289252790939],[5.009087391483782,52.133061138191174],[5.008914388659854,52.13331135003165],[5.00873847807256,52.133559754674636],[5.00856549420893,52.133807269638424],[5.008393961344678,52.13405568780623],[5.008222426569008,52.134304105712374],[5.007994686811151,52.13463503271673],[5.007879358914943,52.13480004195969],[5.007765490735832,52.13496505578218],[5.007651614077528,52.135130968269095],[5.007536283628829,52.13529597716039],[5.007404664270962,52.13548699882238],[5.007314674166318,52.13559186918066],[5.007440698826013,52.13571541111342],[5.007415547776651,52.135753079927646],[5.007357881416761,52.13583558426283],[5.007337188458914,52.13586427937118],[5.007244008661241,52.13600059754872],[5.007186334017875,52.1360840005756],[5.007162773142658,52.136106394785],[5.007075878348627,52.136190602428535],[5.007008139491228,52.13625509805015],[5.006958065526863,52.136303472094085],[5.006918307581951,52.13634109371977],[5.006800486310488,52.136454862003774],[5.006684132717329,52.136567736098954],[5.006647272583807,52.13660806339173],[5.006548346173837,52.13673267801978],[5.006495120115897,52.136808005819596],[5.006378826127782,52.136913689369955],[5.006191347719262,52.13714497550805],[5.006114619906596,52.137235506900424],[5.005983249526343,52.13739596840605],[5.005900578510454,52.137498164905764],[5.005828331225219,52.13757702613746],[5.00579296083827,52.13761376275959],[5.005750194999715,52.13766126110832],[5.005691093135346,52.137740164756984],[5.005629069734238,52.13781905892642],[5.00550804345289,52.13796517248587],[5.005474079398525,52.138008205189266],[5.005407750044639,52.13807809726799],[5.005344341831917,52.13814799876392],[5.00531483634854,52.13818205781183],[5.005255809876106,52.13825197344296],[5.005201196004571,52.13831830811588],[5.005071325967666,52.138473380625314],[5.004911925841943,52.13866520826758],[5.004801242900135,52.13879697374406],[5.004607874786306,52.13903183345353],[5.004417479974168,52.13926041086108],[5.004303795617488,52.139401154164624],[5.004247749028278,52.1394638885244],[5.004157743475245,52.139568756388464],[5.004005739379758,52.139748922351025],[5.003940819592907,52.13982421099638],[5.003915740395005,52.13985289124552],[5.003880328061515,52.13989412117035],[5.003819828625937,52.13996493009098],[5.003751948158833,52.14004470302914],[5.003588162233003,52.14023561579902],[5.003458296447596,52.14038888891391],[5.00342729640248,52.140426537837136],[5.003216222645899,52.140680212516266],[5.003180809008766,52.14072144222403],[5.003112933976063,52.140800316003414],[5.003078973180732,52.14084244921358],[5.003062727005506,52.14086306880366],[5.002983026254854,52.140958082469716],[5.00292101678554,52.14103427882765],[5.002894460014968,52.14106475165146],[5.002699595773522,52.14130140092159],[5.002662503718692,52.14136779150349],[5.002613593734617,52.14144942321279],[5.002608576769047,52.141523108755734],[5.00256668406659,52.141638019051406],[5.003100845590285,52.14186625774197]]]]}}]}