{"type":"FeatureCollection","name":"beschermde_gezichten","features":[{"type":"Feature","properties":{"gezicht_uri":"https://linkeddata.cultureelerfgoed.nl/cho-kennis/id/gezicht/10134183","gezichtsnummer":"1596","naam":"'s-Gravenhage - Willemspark e.o."},"geometry":{"type":"MultiPolygon","coordinates":[[[[4.307876341454779,52.087646631701624],[4.307492326839293,52.08799198856149],[4.306915053267838,52.08852482797063],[4.306781041212319,52.08875205669523],[4.306718027704034,52.08882866958818],[4.306493766120232,52.089095863540265],[4.306481525212561,52.089108616388195],[4.306032633260353,52.089018928523494],[4.305940824180852,52.08900607725533],[4.305840421232461,52.08898836505792],[4.305733954653793,52.088970983643364],[4.305621252593304,52.08895259209851],[4.305513189242309,52.0889348722341],[4.305400402441101,52.088916371834216],[4.305195351429271,52.088879729926894],[4.305184264753291,52.08887778544482],[4.305062915828827,52.0888561409505],[4.304951765936442,52.08883634279642],[4.3048430431306,52.088817555588115],[4.304708762321363,52.088794254880106],[4.304572988366553,52.08877055378563],[4.304431070496942,52.08874568148102],[4.30432184601469,52.08872653861905],[4.304173848130452,52.088673763069266],[4.304014638821517,52.08861698317352],[4.302645436304025,52.08816029297177],[4.302066264424301,52.08795663619654],[4.301499654212154,52.08775972819562],[4.300853203154778,52.0875610364924],[4.300409890661231,52.08739701019284],[4.300324190937291,52.08736848507365],[4.300249153379502,52.087300968498155],[4.300218880946836,52.08721221769023],[4.300107056875864,52.08695734890493],[4.300105865211208,52.086954749157286],[4.300010813509226,52.08675081457768],[4.300013150236241,52.08674442005912],[4.300063660615458,52.08660627569505],[4.300161067163803,52.086503835332444],[4.300319569045737,52.08636828212968],[4.300390467603299,52.08630765086329],[4.300471454039598,52.08623838452877],[4.300472647278749,52.086237316885146],[4.300474824940278,52.08623536843557],[4.300479419347068,52.08623124003422],[4.300504896294439,52.086208391919214],[4.300537413964764,52.086179217737374],[4.300622526188225,52.08610287027154],[4.300680997545686,52.08605042983074],[4.300684040280024,52.086047707334025],[4.300688440639338,52.08604375691009],[4.300710307640459,52.08602414736453],[4.300746194378007,52.08599201993049],[4.300831363147076,52.085915717781106],[4.300901511662243,52.08585286806929],[4.300910823387856,52.08584374944836],[4.30095028835671,52.085809066184055],[4.300951659900662,52.08580786534845],[4.300994673309034,52.08577005973457],[4.300995881110947,52.085768992220046],[4.301001516428041,52.0857640554188],[4.301200002962335,52.08560778878694],[4.301263015963697,52.085549576455676],[4.301269896698724,52.08554322191072],[4.301307912828575,52.08550809371767],[4.301302222735241,52.085504472756384],[4.301397725882354,52.085421317147194],[4.301404569036699,52.08542417120334],[4.302123026820722,52.08476368146192],[4.302209592861689,52.08468582266461],[4.302395772218739,52.08451910593557],[4.30258049799252,52.08435210587557],[4.302668905492782,52.084272099658456],[4.302793481040243,52.08415936117752],[4.30283528101765,52.08412603810089],[4.302619650264802,52.08403901120597],[4.302623568651684,52.08403536638596],[4.302514269552963,52.083988221169186],[4.303293208462321,52.08322190172681],[4.303398134232658,52.083128262694395],[4.303597135046563,52.082939547496245],[4.304577303100309,52.08333926349108],[4.308017204476206,52.08465199884481],[4.308314016502173,52.0847689634317],[4.308467241089779,52.08481098625623],[4.308609516393387,52.08486658949455],[4.308631747377191,52.08487527833188],[4.309472554679153,52.08522938759728],[4.309755588638083,52.08534502698055],[4.310012841633548,52.08544750197924],[4.309769911994109,52.08568483943666],[4.309640649561056,52.08581900738704],[4.307912413416063,52.08761271505894],[4.307876341454779,52.087646631701624]]]]}},{"type":"Feature","properties":{"gezicht_uri":"https://linkeddata.cultureelerfgoed.nl/cho-kennis/id/gezicht/10134195","gezichtsnummer":"1484","naam":"Rotterdam - Scheepvaartkwartier"},"geometry":{"type":"MultiPolygon","coordinates":[[[[4.468705700752597,51.90298868095778],[4.468733305905349,51.90298889672875],[4.469518680617996,51.902955482178925],[4.469947722936102,51.902296359824575],[4.471215510027714,51.902619957231074],[4.472621450027041,51.903082144282635],[4.475394018480152,51.90408616229904],[4.479203256448465,51.90600509415152],[4.480235109384255,51.906578454987496],[4.482233052661515,51.90818037205998],[4.480063025745605,51.9091290330867],[4.480612870809569,51.909321140913775],[4.480386468562902,51.909593550985534],[4.479771466869496,51.909389253657146],[4.479690585748631,51.90950817947303],[4.479186788089733,51.90933889499338],[4.478900891240428,51.90982207817364],[4.47880454952011,51.90998672651923],[4.478624215715551,51.910208253457824],[4.478275971683412,51.91010848211724],[4.4782657627827,51.91018211090986],[4.478351768625511,51.910456932930174],[4.478282524030237,51.9107188688952],[4.478225559514237,51.91080472031163],[4.478102184697982,51.910940394998036],[4.477731745185506,51.91143460671743],[4.477167100276634,51.91125495518351],[4.476774531244317,51.9111188811953],[4.476295972976309,51.91099472367216],[4.474222755766039,51.910312569496064],[4.471844585738406,51.90954980128992],[4.471291411627603,51.90938009820016],[4.471087457157269,51.909332665802374],[4.470977478832819,51.90930933652876],[4.470655414749106,51.90920974656644],[4.470187523853777,51.90906317522762],[4.46991224182829,51.90902147630839],[4.468489664698021,51.9085833976502],[4.468287408721868,51.908524288238084],[4.467315222663,51.90823623293499],[4.466800745888111,51.907881642838646],[4.466559282038198,51.90775031320807],[4.467149571663795,51.90645965501147],[4.468705700752597,51.90298868095778]]]]}},{"type":"Feature","properties":{"gezicht_uri":"https://linkeddata.cultureelerfgoed.nl/cho-kennis/id/gezicht/10134196","gezichtsnummer":"1491","naam":"Heenvliet"},"geometry":{"type":"MultiPolygon","coordinates":[[[[4.240016280425226,51.86204862845438],[4.241173289139192,51.86182531082597],[4.241805168650708,51.86169843750137],[4.243671368359817,51.86133279202346],[4.243828751897874,51.861538376939684],[4.244002436377792,51.86178816686908],[4.244104264442714,51.86195186069664],[4.244407890862229,51.86245910387839],[4.244572425197957,51.86266925185496],[4.244780506819548,51.86287982325585],[4.244900762004927,51.86300414362414],[4.244965115014113,51.863100053936506],[4.245016472889392,51.863193141085105],[4.245052806881382,51.86319169667343],[4.245428997926108,51.863242997221704],[4.245421238725756,51.86326269776616],[4.246025498153989,51.86336655262125],[4.24599038105455,51.86343452839004],[4.246019040725038,51.86350671959197],[4.245974970287714,51.86352696619584],[4.246251484097565,51.86378763989733],[4.245962861846481,51.863890007541116],[4.245614252795153,51.86395313827008],[4.245626313966876,51.863992807495876],[4.245280629579976,51.864055066765346],[4.245440697684487,51.8643271946703],[4.244548645552937,51.86457830247852],[4.244642342647287,51.864719443894856],[4.243683929231747,51.86501035040085],[4.243519459086018,51.86479750516907],[4.242695749047855,51.86504387114598],[4.242620917056069,51.86496044218503],[4.242354303807504,51.86459648188246],[4.242155781029021,51.86435273978162],[4.241779903414482,51.86440300856033],[4.24117973701636,51.86362499002498],[4.240908010534527,51.86329153925601],[4.240508503272852,51.86278784513637],[4.240296834269881,51.86249093568651],[4.240016280425226,51.86204862845438]]]]}},{"type":"Feature","properties":{"gezicht_uri":"https://linkeddata.cultureelerfgoed.nl/cho-kennis/id/gezicht/10134349","gezichtsnummer":"1480","naam":"Voorschoten"},"geometry":{"type":"MultiPolygon","coordinates":[[[[4.443513219914922,52.123241254883],[4.443675477023703,52.123164353357495],[4.443771556964081,52.12310939340518],[4.443866707971516,52.12302925812971],[4.44403673825152,52.12292994703669],[4.44409828689773,52.12298886461886],[4.444405881827074,52.12308300719608],[4.444563813582867,52.1230033733222],[4.444774705400643,52.12318213260148],[4.444839782107996,52.12321231477305],[4.444976041917816,52.123329355373144],[4.445582357026903,52.123038477012315],[4.445602475668072,52.12305391812712],[4.445663590919069,52.12313350497414],[4.445882450813126,52.12328086610633],[4.445922915761495,52.12330096384096],[4.445966433401114,52.123314793977755],[4.44601309838532,52.12331786301779],[4.446353415727058,52.12359203168997],[4.446582314440364,52.12381767154437],[4.447105936196145,52.12426408156686],[4.447495631584879,52.124621334669975],[4.447651531320945,52.12477717914441],[4.448395802363566,52.124523339508386],[4.448778832811168,52.12485087318162],[4.44892350996163,52.12498505423375],[4.448931055906056,52.12497342923193],[4.449511855786738,52.12548050614773],[4.448489009203474,52.12592538817463],[4.44824168064574,52.12574185139397],[4.447804146017715,52.125922630761686],[4.447263634171508,52.125375418302454],[4.446798454697489,52.12562069077278],[4.445862891179768,52.124971447029885],[4.445573463016267,52.12477678224034],[4.444692223649457,52.12425380175403],[4.444301661909042,52.12400798973194],[4.443513219914922,52.123241254883]]]]}},{"type":"Feature","properties":{"gezicht_uri":"https://linkeddata.cultureelerfgoed.nl/cho-kennis/id/gezicht/10134350","gezichtsnummer":"1481","naam":"Voorburg"},"geometry":{"type":"MultiPolygon","coordinates":[[[[4.361306971249185,52.06668666127167],[4.36164483218325,52.06645409953392],[4.361744918591236,52.06635070208327],[4.362160688385974,52.06621859140294],[4.363429713069983,52.06576491178872],[4.363520716000918,52.06567581580191],[4.364232395854796,52.0654222250801],[4.36460715783581,52.065679858445954],[4.364952883709027,52.06586802579717],[4.365265649517585,52.06603073789222],[4.365909344217129,52.06639137284148],[4.366330265686337,52.066480413623495],[4.368430737934471,52.06774892146765],[4.370464955884418,52.068921539231184],[4.371887337216302,52.06974368501302],[4.370509743517447,52.07073763644523],[4.370365627866261,52.07066088789327],[4.370305052870243,52.070630702462836],[4.36981900290646,52.0709662777391],[4.36823034047407,52.07225770256981],[4.367218969962139,52.07176895620537],[4.36628826267519,52.071325843346614],[4.366124412645617,52.07121925596014],[4.365941623832129,52.071047785743474],[4.36583992767228,52.07090218655391],[4.365761359993175,52.07076577646647],[4.365592905717535,52.07034993808258],[4.365532309967553,52.07012919014236],[4.365268082248478,52.06943656835547],[4.365253868126348,52.069356445859746],[4.365033705057408,52.06871454222472],[4.364330524907633,52.06840282403356],[4.364050053083364,52.06823050252368],[4.363555574136032,52.068041040243855],[4.363435569764487,52.067995054064404],[4.363257113470604,52.0679539529394],[4.363120842992939,52.06791771260136],[4.362983114519809,52.06788145942837],[4.362675780539577,52.06786350631965],[4.361904034114337,52.06787207298817],[4.362567140164534,52.06725762333308],[4.362083993781986,52.06708353406695],[4.361306971249185,52.06668666127167]]]]}},{"type":"Feature","properties":{"gezicht_uri":"https://linkeddata.cultureelerfgoed.nl/cho-kennis/id/gezicht/10134353","gezichtsnummer":"1483","naam":"Schoonhoven"},"geometry":{"type":"MultiPolygon","coordinates":[[[[4.856737026633281,51.94783487720621],[4.856505439101525,51.94786169642095],[4.85626379760342,51.947877683734575],[4.855976855162616,51.94791144270968],[4.855874298851491,51.947973898114284],[4.855822446344147,51.94805366045309],[4.85577380844563,51.948230511822196],[4.855770894381216,51.948476780322196],[4.855540718080284,51.948384058541926],[4.855281038187455,51.948326257565775],[4.855059958694697,51.948325257480704],[4.85492006323911,51.94834709538511],[4.854761893514,51.948438060941],[4.85469501416834,51.94855820247741],[4.854511016242683,51.949232396749636],[4.854473225104776,51.94935266989463],[4.85444450199785,51.94944422128154],[4.854247902224298,51.94958624583759],[4.85399649915005,51.94968847274795],[4.853773488741966,51.94972701039031],[4.853457784121508,51.949731869978244],[4.853311016955983,51.9497195189443],[4.853078978674517,51.94966093976459],[4.851540668361639,51.94936272009437],[4.851160023879717,51.949446375498454],[4.850970722051264,51.94897631892581],[4.850982045981855,51.94875885165212],[4.850863733625938,51.94867831555482],[4.85031781583737,51.94859492929932],[4.850244389673423,51.94853167539655],[4.849838093509256,51.948449823105726],[4.849329349501957,51.94829918918827],[4.8490637843138,51.94812629619051],[4.848618893059677,51.947745848608946],[4.848689325162578,51.946481504927604],[4.848931335571496,51.94485661312652],[4.849028656932793,51.944381572642165],[4.849200895441249,51.94323723959002],[4.849288777560029,51.94209252030725],[4.850975293012936,51.94201483279594],[4.85622783066241,51.94156947189563],[4.856212202141577,51.942891593402315],[4.855963412187242,51.94351426395861],[4.855985173724925,51.944871608704055],[4.856795018877985,51.945264461042235],[4.85591038253347,51.94566134996073],[4.855896283039476,51.94574667592459],[4.856429021961386,51.94608165167889],[4.856435995835812,51.94622999149397],[4.857322113645565,51.94731079551429],[4.857362542828992,51.94745928596432],[4.857361397684503,51.947556355331734],[4.857305386439116,51.94761902165822],[4.857192513605946,51.94769311662202],[4.856737026633281,51.94783487720621]]]]}},{"type":"Feature","properties":{"gezicht_uri":"https://linkeddata.cultureelerfgoed.nl/cho-kennis/id/gezicht/10134354","gezichtsnummer":"1485","naam":"Noordwijk - Binnen"},"geometry":{"type":"MultiPolygon","coordinates":[[[[4.449266962858161,52.231905878501145],[4.44932868079075,52.23189468374197],[4.449837006860174,52.23222499524812],[4.449991458773164,52.232328687814125],[4.450142795029342,52.23244134378378],[4.450495949187373,52.23277221890287],[4.450566495845829,52.23282850596607],[4.450616872924174,52.23286935290168],[4.450708637554798,52.232960862593835],[4.450954254949062,52.233184821370095],[4.45111581340382,52.23336856484787],[4.451339791548325,52.23364718007807],[4.450960906438398,52.23377360946471],[4.45069318343098,52.233904514367715],[4.451369621621438,52.23438715556301],[4.451511327052545,52.234610289761946],[4.451617583122223,52.23470910413945],[4.4517533027083,52.23479916342877],[4.451687124562157,52.23488312956231],[4.451605128512278,52.23495348788846],[4.451470589385892,52.23501623928089],[4.451394192683054,52.23502911654941],[4.451300609074339,52.23502388094898],[4.45123534618866,52.23499460120884],[4.451063835534635,52.235075035831635],[4.45098515361201,52.23505733442536],[4.450815796721724,52.23503531886912],[4.450599960155646,52.23499585672137],[4.450025139402741,52.234832204172285],[4.449529445296312,52.23473479172461],[4.448326153547276,52.23459220640998],[4.448091861827722,52.23452562797768],[4.447594780526187,52.23428618074056],[4.447165395595153,52.23451556209141],[4.446898861818982,52.234312102078725],[4.446639867906292,52.23444486501802],[4.44606825763927,52.23399179438814],[4.445337575512078,52.23434640245338],[4.444892026084408,52.2340246619743],[4.445745957674783,52.23351823741686],[4.445476071422305,52.2331970002067],[4.445072009280556,52.23278301120155],[4.444949235513443,52.232635522024616],[4.445410243028905,52.23229494548714],[4.445472665643215,52.232250501516866],[4.445900440745167,52.23202740530473],[4.445801749815216,52.23191785992328],[4.445744326158089,52.23186437106229],[4.445676904363606,52.23179911764032],[4.445498874729274,52.23149569033247],[4.445545995022525,52.23148258349635],[4.445440634353321,52.23134242427506],[4.445323736698923,52.231263293641064],[4.445281007401299,52.23120722521502],[4.445253655454274,52.23111622489292],[4.445746409312871,52.23107341415067],[4.44574017431353,52.23102213093762],[4.446156060651023,52.23101465912079],[4.446256346976121,52.23111792510496],[4.446237035481403,52.23113125376442],[4.446348121249134,52.231346959886935],[4.446564935100691,52.231754959440394],[4.446388885840468,52.23184254182178],[4.4468021487475,52.23216761512692],[4.447460449265481,52.23281282363857],[4.447962330577374,52.232546266746226],[4.448489106507711,52.23227900675589],[4.4487953917059,52.23212414470787],[4.449266962858161,52.231905878501145]]]]}},{"type":"Feature","properties":{"gezicht_uri":"https://linkeddata.cultureelerfgoed.nl/cho-kennis/id/gezicht/10134355","gezichtsnummer":"1486","naam":"Nieuwpoort"},"geometry":{"type":"MultiPolygon","coordinates":[[[[4.871071153320661,51.930898026572784],[4.874864662293866,51.93165705844412],[4.87459547112958,51.932184402570016],[4.875190177848588,51.9323110334843],[4.875013591768967,51.932623060379356],[4.874562059841391,51.933456114037234],[4.873917063155187,51.9346757210941],[4.872179635684764,51.938207750812616],[4.870731115093706,51.93847104940796],[4.869500784798413,51.938728100255965],[4.868681626526678,51.93889077626286],[4.866148425742408,51.93938472648466],[4.864597683194118,51.939678057227326],[4.862929297984823,51.93995646172435],[4.861495598400124,51.94018645583582],[4.861335340930418,51.940210906797525],[4.86058908978659,51.9403522804242],[4.862419870409779,51.93613412345254],[4.863394914816456,51.934197876698185],[4.863719728670624,51.93390090848378],[4.864095647809545,51.933585291109395],[4.864497607911988,51.933280574374095],[4.864732095391346,51.93312252192641],[4.865653958398554,51.932371589300246],[4.866903358088496,51.931333571760774],[4.868243578109977,51.930232124244476],[4.869393105648649,51.92927093966559],[4.869957465951758,51.929376790306],[4.869130931292502,51.93082477732294],[4.86874639481905,51.931514289973734],[4.86875320816664,51.93155386895265],[4.868979572780827,51.931467679409835],[4.869217391784722,51.93139682016452],[4.869493999953606,51.93136657900934],[4.870661298880687,51.93164226345504],[4.871071153320661,51.930898026572784]]]]}},{"type":"Feature","properties":{"gezicht_uri":"https://linkeddata.cultureelerfgoed.nl/cho-kennis/id/gezicht/10134356","gezichtsnummer":"1487","naam":"Maassluis"},"geometry":{"type":"MultiPolygon","coordinates":[[[[4.25720492574083,51.91894242294581],[4.255700256511523,51.9201010120395],[4.255446953335103,51.92028824121374],[4.255027974571544,51.92064646297369],[4.254900839660347,51.92084569309103],[4.254913770077122,51.92096716925167],[4.255034977395891,51.92106092363728],[4.25518361442287,51.921104603649574],[4.254873156943882,51.921482746956734],[4.255648168179931,51.921707744795995],[4.255422978520414,51.92199052804773],[4.257306000167983,51.92255427749114],[4.257060106456535,51.922851247177064],[4.260678075661796,51.92397634420029],[4.260112306520839,51.924738580600085],[4.259553782809038,51.924574118388186],[4.257765728923142,51.92410300624412],[4.25687486048153,51.923858031788825],[4.256309951688324,51.92365933437969],[4.256146068938685,51.923643375069894],[4.254959088564754,51.923322725196826],[4.253815094628902,51.92302764694124],[4.253100504837615,51.92288502012271],[4.25301826627846,51.92274489697358],[4.252786938948183,51.92275165353241],[4.252545051534018,51.92277358900663],[4.252309954550841,51.92281446646744],[4.252207099781753,51.92285751943362],[4.252000322561845,51.922985863125795],[4.251546772710322,51.9227540598278],[4.250455517952507,51.92359387125048],[4.250069919713004,51.92337710183901],[4.249366055884763,51.92235183507227],[4.249272921435475,51.92235542792914],[4.248854676113489,51.92187855581223],[4.248832263565713,51.921845079389385],[4.248832878266425,51.92182081500569],[4.248854205241173,51.92178236880419],[4.248989768010066,51.921653340979915],[4.249300133462078,51.92139566477785],[4.249135845299585,51.9211091223654],[4.249529747004569,51.920996977541485],[4.24980444277545,51.92094210647173],[4.249961457910658,51.9208842983522],[4.250119857820836,51.92082920012626],[4.250581950566542,51.92072220601148],[4.249862183603531,51.920039269319645],[4.248708064845185,51.919058180467985],[4.249896486231657,51.91856899833872],[4.251947179393374,51.919219853346355],[4.25148469542528,51.91963067758599],[4.252206337683685,51.91989473443632],[4.25255392337138,51.92006169054352],[4.252842399436242,51.920209198198506],[4.25324814802258,51.92037581465547],[4.253743009832227,51.920525311092455],[4.253833729244403,51.92044438595679],[4.254237781020858,51.92062087049914],[4.256672179673709,51.91868111292308],[4.25720492574083,51.91894242294581]]]]}},{"type":"Feature","properties":{"gezicht_uri":"https://linkeddata.cultureelerfgoed.nl/cho-kennis/id/gezicht/10134357","gezichtsnummer":"1488","naam":"Maasland"},"geometry":{"type":"MultiPolygon","coordinates":[[[[4.271457008730063,51.93433647680742],[4.271631205376001,51.934407345030735],[4.271726212610831,51.93468061229291],[4.271755982167171,51.935062925884004],[4.271875510025334,51.93540294399783],[4.271900720343715,51.9354418357288],[4.27201694088535,51.93579800243007],[4.272518770509312,51.9356760172975],[4.272572483836935,51.935796978718365],[4.272637266714042,51.93588208919767],[4.272489687332669,51.93591035353435],[4.272639407263132,51.93608885568822],[4.272684897489693,51.936306819903585],[4.272671772166508,51.936366921534564],[4.272963696138248,51.93638227325976],[4.273098801195356,51.936681088389705],[4.272933746981458,51.936944698540024],[4.272732904026593,51.936950884841494],[4.272741445450843,51.9374858091364],[4.27260691485813,51.937691279918795],[4.272672115231147,51.93793549893768],[4.272728494267336,51.93806637335962],[4.272785814740065,51.938217931287],[4.272953112267691,51.938508961565915],[4.272991076662152,51.93856145734894],[4.273048143571539,51.93860604408587],[4.272501713543447,51.938590077650304],[4.272327659478936,51.93857134820702],[4.27193132842979,51.938601747213916],[4.27186143649455,51.93801949825279],[4.271738407542206,51.93799585860458],[4.271836858560371,51.93772083148002],[4.271769460079146,51.93768243838561],[4.271790634587676,51.937532523581126],[4.271857307198556,51.93701449287545],[4.271572780083554,51.936935386968244],[4.271369517554486,51.93686334397927],[4.270911472451811,51.937095405431954],[4.270892317092256,51.936871398288694],[4.271064706687145,51.93683977589665],[4.2709786905125,51.93655580679096],[4.270837668504742,51.93614457084672],[4.271044813899374,51.93553349013864],[4.270710868844618,51.93486873100098],[4.270728595853156,51.93456507220077],[4.270996707528325,51.934543347972664],[4.271262131872219,51.93445418035966],[4.271457008730063,51.93433647680742]]]]}},{"type":"Feature","properties":{"gezicht_uri":"https://linkeddata.cultureelerfgoed.nl/cho-kennis/id/gezicht/10134358","gezichtsnummer":"1489","naam":"Kinderdijk - Elshout"},"geometry":{"type":"MultiPolygon","coordinates":[[[[4.62895962639166,51.880363367229215],[4.629630934714221,51.879568608571205],[4.630870191095686,51.8784215541834],[4.633064957676567,51.87666939775014],[4.633579395517058,51.87612888678972],[4.634137075377988,51.875693817879274],[4.634196844202987,51.87576700899901],[4.634299159488736,51.8758144057524],[4.634445352998005,51.875843207472485],[4.635296430161666,51.875925960633175],[4.635709372097144,51.875982534988175],[4.636976946234077,51.87617041019045],[4.637175044247701,51.87613482182362],[4.637379489408446,51.876066914558486],[4.637976773526389,51.87586758257871],[4.638308789512267,51.87581307140063],[4.638945692971944,51.875676008670574],[4.6399414726666,51.875440553378645],[4.64133896369125,51.87497483555663],[4.644167003333154,51.87405884011092],[4.664589131957182,51.8743147858139],[4.664801071290127,51.87431968487058],[4.665707858247186,51.87437109999852],[4.666267065155562,51.87436374711907],[4.66672980439774,51.87439534981356],[4.667351549711969,51.874382083307765],[4.668093540892394,51.87438662806706],[4.668434991789888,51.87464758983471],[4.668566948914518,51.874932437223016],[4.66837642226649,51.87531418615454],[4.66458307569936,51.87930432554328],[4.664463051507874,51.879452798037335],[4.663189476178969,51.88079863979869],[4.66195109952243,51.8821186181924],[4.661837810086609,51.88220870366135],[4.660957608487926,51.883110215911984],[4.656972471283393,51.88729038270168],[4.6567001997859,51.88759789808366],[4.656542728174318,51.887723658182736],[4.656436172620896,51.887755354438575],[4.656212018850461,51.8876937363641],[4.656023943521473,51.88764672416232],[4.655619490275636,51.88750668073271],[4.655507187347034,51.88735587168198],[4.655388714880736,51.88731648279178],[4.653391064406494,51.887158407278115],[4.652230532006581,51.887063963491535],[4.650984130414763,51.88706874371911],[4.649987454697666,51.88716945839035],[4.649356393618657,51.88729673058296],[4.648848728528251,51.88742837039418],[4.648089025238271,51.888223579914715],[4.647707559709056,51.88827690890983],[4.647336171966509,51.88833569329971],[4.646729601819028,51.88847389202291],[4.646223842020158,51.88857676901226],[4.645583338840852,51.888658119573385],[4.6450621900194,51.88872493998997],[4.644374787200185,51.88883115583653],[4.644041422827778,51.88887399073658],[4.643199980032291,51.888895631166534],[4.642836438747729,51.88891849660377],[4.642481002057651,51.88897826560856],[4.641927026258801,51.889096998033224],[4.641305092564292,51.88919642034769],[4.640830620359412,51.889250934300144],[4.640491722965188,51.88927664563307],[4.639897948797162,51.8893420827426],[4.6391583534757,51.8894407452714],[4.638751005982377,51.889476802101825],[4.638320552215175,51.88950462049035],[4.63750500074678,51.88954076700367],[4.637012536937607,51.889541219052695],[4.63669636770905,51.8895104362747],[4.636183541978372,51.889425362893355],[4.635819024539863,51.889332247210625],[4.635564137566326,51.889198484143826],[4.635241019338198,51.88897529649402],[4.635727423763586,51.888380665316426],[4.634937493508468,51.88749382630036],[4.634518294846376,51.88719721345368],[4.634246046420035,51.886973449950794],[4.634073875746034,51.88684560679715],[4.633845196865375,51.886709311285756],[4.63361033329767,51.8865954472124],[4.632524891286934,51.88609770078828],[4.63211497237838,51.88594226023811],[4.631932494044451,51.88582333626182],[4.631884259343129,51.885754712595826],[4.63177009438474,51.88537375960169],[4.631818011984016,51.88511519521909],[4.631960528960719,51.88484555377171],[4.632345861264889,51.88404175029595],[4.632397442287052,51.88391084772785],[4.632496402201209,51.883726317738244],[4.632503794528274,51.88363198461937],[4.632471838392992,51.88354548848349],[4.632359823771274,51.88346926431892],[4.631457053742847,51.8829969503253],[4.630869374181247,51.882531152603796],[4.630223460636024,51.881556219977554],[4.629154307827051,51.88079068499659],[4.62895962639166,51.880363367229215]]]]}},{"type":"Feature","properties":{"gezicht_uri":"https://linkeddata.cultureelerfgoed.nl/cho-kennis/id/gezicht/10134359","gezichtsnummer":"1490","naam":"Hellevoetsluis"},"geometry":{"type":"MultiPolygon","coordinates":[[[[4.124403066562036,51.82237548956247],[4.123880029788138,51.81893774350529],[4.130852954571504,51.81840313310674],[4.13098953767034,51.81974759614901],[4.131680745170836,51.82065751878794],[4.132700430944375,51.822066258985245],[4.133014786597111,51.82260268399403],[4.133228386922471,51.82290251212386],[4.132994505773625,51.822966533432236],[4.13326033957358,51.82337029653156],[4.133160400505608,51.82336473395679],[4.132995827095879,51.823388145176075],[4.13285098105862,51.82343244239381],[4.13287213006809,51.82376706996648],[4.132945139562978,51.82390628534619],[4.132965166486152,51.8240206633437],[4.132963512489448,51.824392802159316],[4.13305705007302,51.82473269793959],[4.133106208087852,51.82479075470954],[4.134056383811536,51.825626121212586],[4.13481062177143,51.82542202563433],[4.135007091815736,51.825660540305115],[4.135109767807211,51.82582883647981],[4.135302916159206,51.8260825969583],[4.13520385089901,51.82620199651232],[4.135125411988237,51.826257792148006],[4.135078602885825,51.82627167558273],[4.133997990420665,51.827047602308625],[4.133511132519147,51.82739118657944],[4.133424112431759,51.827494532632116],[4.13341446016389,51.827528588789356],[4.133418536015943,51.82769493406871],[4.133650669993846,51.82858106023258],[4.133718789328382,51.82889641265679],[4.133693033831793,51.829144241728955],[4.13367152849055,51.829239298411935],[4.133464147252658,51.82975756257304],[4.132851273629165,51.82977977959092],[4.132166054106271,51.82979492729476],[4.131248041922234,51.82983364892942],[4.130876858873156,51.829877319343716],[4.130552339019828,51.82991249895445],[4.130008831110266,51.829944433143275],[4.129360215136662,51.8299995094409],[4.129220297710431,51.830022280861236],[4.12803767462953,51.8304959191765],[4.127678575610008,51.83062600634812],[4.127392028668967,51.83070383444145],[4.127169591172038,51.8306681861735],[4.126979473315599,51.83056636378365],[4.126876163498824,51.83042142579038],[4.126885766492035,51.83007813803941],[4.126930523726352,51.82873741648697],[4.12695829437786,51.82847073273928],[4.126955323174443,51.828265744981074],[4.126910922612853,51.82819335384903],[4.126562365997061,51.827999037276584],[4.126463624522062,51.8279503333293],[4.125371187085313,51.82738035744529],[4.125242947791977,51.827297175961064],[4.125011826869905,51.82726143007646],[4.124889077861304,51.82724123231782],[4.124627647637278,51.82683749742381],[4.125172595582526,51.82613140665103],[4.125209784678074,51.82568413958225],[4.125371404600051,51.82462693822237],[4.124999311254116,51.823720411090505],[4.124403066562036,51.82237548956247]]]]}},{"type":"Feature","properties":{"gezicht_uri":"https://linkeddata.cultureelerfgoed.nl/cho-kennis/id/gezicht/10134360","gezichtsnummer":"1492","naam":"Gouda"},"geometry":{"type":"MultiPolygon","coordinates":[[[[4.701645217799391,52.011464989931866],[4.702193031895721,52.01098010821978],[4.702373768493891,52.010686339891166],[4.702337957511713,52.01026547384068],[4.702567105345174,52.00966278542742],[4.702702892756477,52.00945054969576],[4.702814045284517,52.00932535819539],[4.703244159454984,52.009010567088914],[4.703950937352468,52.00860479994773],[4.704297973134159,52.00838839531743],[4.705415427607526,52.007793548038066],[4.706098250533559,52.007428077194916],[4.707345621422327,52.00700294553042],[4.707915431607331,52.00707724366],[4.708036594122556,52.00705906714138],[4.708576352292922,52.0069057818369],[4.70912170101917,52.00676780657378],[4.710018439149818,52.00650781078686],[4.710664319090696,52.006366811356465],[4.711060115027936,52.00619740689447],[4.711242107609107,52.00610497267948],[4.711338617234016,52.006079460469756],[4.711399836562339,52.00607621660119],[4.711626012741596,52.00624110401206],[4.711722516265828,52.00631266628744],[4.711852848102268,52.00645902638039],[4.711982320066644,52.00656583238594],[4.712084514836954,52.00664641541252],[4.712264919021358,52.00675620973062],[4.712450153032702,52.006835470861596],[4.712580723006155,52.00686947637328],[4.713025349003919,52.00693943684722],[4.713260722317958,52.00697763717148],[4.713387424109425,52.0069783625254],[4.713460241233094,52.006978779333764],[4.713556130251276,52.00699460843186],[4.71367091129534,52.00701324207449],[4.713743674473529,52.007017253761816],[4.713797437691962,52.00702565091336],[4.713910722077955,52.00704697228145],[4.714092076968844,52.007093850352554],[4.714478844740553,52.00713740806556],[4.714819589724262,52.00714205147347],[4.715205400749589,52.0071523442241],[4.715742793407351,52.00715541091132],[4.716136007600837,52.007157653274184],[4.716290044333019,52.00718100234797],[4.716439483568856,52.007219605310766],[4.716643767047988,52.00729177762389],[4.716841674746806,52.00740076573019],[4.716955450423924,52.0074868034697],[4.716914711055708,52.007971046498675],[4.716622395523205,52.009110010037666],[4.716184033975927,52.01114967694376],[4.715994069950264,52.01196833605379],[4.7161963023747,52.01217891866499],[4.716307748243129,52.012421341788034],[4.716224414244874,52.012733663107724],[4.716116250609434,52.013050337015905],[4.716014029715222,52.01326188044346],[4.715771354303548,52.01331982001397],[4.715186764855523,52.01325356555041],[4.714752943152742,52.013235808001234],[4.713841992911376,52.01414382230411],[4.713378294016498,52.0144656502947],[4.712931178887639,52.01474982018155],[4.712641903138651,52.01490276344468],[4.711194878629009,52.01561173738218],[4.710430694682159,52.01586081965246],[4.709912232753932,52.01594772203224],[4.709309349827085,52.015933465976914],[4.708907604921495,52.015912276323505],[4.706643746866869,52.01466869873343],[4.703944648252197,52.01322211003901],[4.701969781092171,52.011958545749955],[4.701645217799391,52.011464989931866]]]]}},{"type":"Feature","properties":{"gezicht_uri":"https://linkeddata.cultureelerfgoed.nl/cho-kennis/id/gezicht/10134361","gezichtsnummer":"1493","naam":"Gorinchem"},"geometry":{"type":"MultiPolygon","coordinates":[[[[4.98480105501127,51.830373834166295],[4.986205687395772,51.831315236171875],[4.986221461316662,51.83133596347206],[4.986179110702483,51.83136727839188],[4.985684394321519,51.831530975032585],[4.98422491024779,51.83201944059792],[4.984224508413327,51.83206438145379],[4.984396758694951,51.83259529087415],[4.984407722074301,51.83266723605592],[4.984280991981179,51.83272432728353],[4.983977373385306,51.83276912604654],[4.983298765091598,51.83288993528515],[4.983256290141664,51.8329347313947],[4.983234004985414,51.83299307962497],[4.983120209427575,51.83403444893065],[4.983089218734348,51.83409276716693],[4.982974605366361,51.83409237263953],[4.982806893036558,51.834027078323196],[4.981985166271584,51.83376537803598],[4.978811097547939,51.83532646018316],[4.977126872439833,51.83513902349519],[4.972076254050028,51.834519948227396],[4.966445210392484,51.83190493741014],[4.964200581526591,51.83023400718234],[4.961758756869801,51.829953732599684],[4.961473099146319,51.82932530254375],[4.961459103285555,51.82911761833715],[4.961638033128095,51.82891153244974],[4.961837872463333,51.828795406663524],[4.96196486577542,51.82871227401614],[4.961749503641901,51.82816769182063],[4.961607311420501,51.82786336641139],[4.961481542324406,51.8278170692531],[4.961210459111009,51.82779721016099],[4.961021881612182,51.82779652575042],[4.960660231660008,51.82753634461147],[4.960591309539531,51.82746148993394],[4.96050009727999,51.82728947879265],[4.96052135115651,51.82504423748593],[4.96266507711635,51.82475718773765],[4.965943884654042,51.82423059009937],[4.971934643220121,51.82327848394698],[4.975580573294716,51.822711568662434],[4.983070396456294,51.82163021354191],[4.987803929010017,51.82105677087441],[4.992825971634018,51.820814882266326],[4.993072077911342,51.82451805260011],[4.993119357881102,51.826908240097374],[4.994349935406191,51.826689450779035],[4.99385065920936,51.82921353263361],[4.992875184091806,51.8291176794319],[4.992664167485742,51.830685454233084],[4.992104294261089,51.83067278539245],[4.992088470586076,51.830657451786564],[4.99201316853751,51.830641917995216],[4.991837729386505,51.83063054121917],[4.99037620767018,51.83053752382618],[4.989766958077507,51.83053096884602],[4.98931332248799,51.830316406212106],[4.989162816758896,51.830274549208795],[4.989066054502264,51.8298967063565],[4.988959311320102,51.82966354355254],[4.988836389624361,51.829455493402634],[4.988845641675272,51.82939350450577],[4.98884746875958,51.82918677640493],[4.98886484773235,51.82902594215011],[4.985821401984963,51.82934185755418],[4.98480105501127,51.830373834166295]]]]}},{"type":"Feature","properties":{"gezicht_uri":"https://linkeddata.cultureelerfgoed.nl/cho-kennis/id/gezicht/10134362","gezichtsnummer":"1494","naam":"Goedereede"},"geometry":{"type":"MultiPolygon","coordinates":[[[[3.974505197888286,51.81878152493052],[3.974505226056785,51.81878062631546],[3.974181793733114,51.81887202101968],[3.973891922481189,51.81891078077996],[3.973684180061447,51.81892086373582],[3.973450535143585,51.81892434155837],[3.973218734899008,51.818915255783395],[3.973537263617987,51.818240383228314],[3.973869875438821,51.817023609919985],[3.974427703747313,51.81607114342595],[3.975027058650797,51.81619971744344],[3.975053100509117,51.81620182878007],[3.976442745831082,51.81652239202564],[3.976526053038675,51.816548564357305],[3.976814375998228,51.816605068743655],[3.97747399493809,51.816755030453606],[3.978691782403706,51.81691348805918],[3.979457986738268,51.817041345154735],[3.981199612149744,51.81733281268296],[3.981210152333777,51.817831858025606],[3.981187385942548,51.81791069310396],[3.981133441404298,51.818012527349474],[3.981061592394962,51.81813032816552],[3.98076148440462,51.81840450788362],[3.980729071903147,51.81846704609696],[3.980734574725524,51.81856959272302],[3.980642407208838,51.81878064087386],[3.980451479757288,51.81894915312687],[3.980375128519074,51.81911813989324],[3.98029693223455,51.81916035208649],[3.980177387270395,51.819179594585556],[3.979851727342885,51.81915681106574],[3.979401583056026,51.819172087113884],[3.979308727161618,51.81917277091737],[3.979134681470465,51.81912573481432],[3.978925369144349,51.81904681181837],[3.978867481798816,51.81904252123298],[3.978614565358425,51.81905926233851],[3.978227547068256,51.819096866544136],[3.978202700520539,51.81910286086353],[3.978109423306123,51.81911702296126],[3.977996042810854,51.819124650875644],[3.977932299282567,51.819122087404466],[3.977802884503761,51.81913221941518],[3.977478793322042,51.81919844455332],[3.977289016856218,51.819283362899014],[3.977120339039611,51.81929661819363],[3.976906835927334,51.819258993086905],[3.976547671140249,51.819194445808904],[3.975958971533054,51.819094774652946],[3.975577130731743,51.81905961713204],[3.974901097926301,51.818969677393184],[3.974718723903144,51.81891084804697],[3.974614367797301,51.81886194721314],[3.974580272365229,51.81883906288944],[3.974505197888286,51.81878152493052]]]]}},{"type":"Feature","properties":{"gezicht_uri":"https://linkeddata.cultureelerfgoed.nl/cho-kennis/id/gezicht/10134363","gezichtsnummer":"1495","naam":"Geervliet"},"geometry":{"type":"MultiPolygon","coordinates":[[[[4.252418310843604,51.858755082479135],[4.253260213495659,51.85881715038437],[4.254254877390808,51.8588663037545],[4.255273946191629,51.85892647084149],[4.255578311414684,51.85894648377325],[4.256214867728681,51.85897688730147],[4.256782825253106,51.85902190841115],[4.257380330837909,51.859046536209895],[4.257976678747139,51.85905946403406],[4.258992844347536,51.859062040793084],[4.260763765110594,51.859070952798014],[4.26190497716622,51.859065714809425],[4.262386283893454,51.859731921787926],[4.261578398854184,51.85970170737504],[4.261311850594092,51.860375129826444],[4.261144932762763,51.86077983510982],[4.261092188255874,51.860915064215014],[4.261021203812778,51.86102494897462],[4.260933408411136,51.86111040196945],[4.260776538685919,51.86122935076247],[4.26059807583206,51.861340900926926],[4.26033978039118,51.86145168474111],[4.260061657895662,51.86154250172934],[4.259806071915252,51.861602971607155],[4.259432779312858,51.861667703960016],[4.259241890728889,51.86169553440894],[4.259031727072156,51.86173935968892],[4.258742078319849,51.861826467209895],[4.258530967165066,51.86190803658814],[4.258398303964915,51.861987663010396],[4.258336854166196,51.86206437828407],[4.258118510104785,51.862318467542494],[4.256413910461879,51.861687212435314],[4.256313786653823,51.86174287937324],[4.255753097293942,51.861465109253814],[4.255485075298402,51.8615002805249],[4.255395281236373,51.86143379482803],[4.255329349117292,51.861399899740654],[4.255147813427292,51.86128668521953],[4.254805671169855,51.860978656557435],[4.254696847364054,51.86086074905607],[4.254003347572801,51.86020774379455],[4.253814559477981,51.86003692704952],[4.25370959700737,51.85993883183002],[4.253649813522041,51.85989151150581],[4.25347325350967,51.859754071825606],[4.25335831354915,51.85964868868044],[4.253230990468919,51.85951621859202],[4.253187218928651,51.85946725483809],[4.253116595039308,51.85938926666621],[4.2530840501723,51.859355692737566],[4.252940353390072,51.859181714400286],[4.252877963279337,51.8591226826822],[4.25277699684147,51.859039007722245],[4.252418310843604,51.858755082479135]]]]}},{"type":"Feature","properties":{"gezicht_uri":"https://linkeddata.cultureelerfgoed.nl/cho-kennis/id/gezicht/10134364","gezichtsnummer":"1497","naam":"Brielle"},"geometry":{"type":"MultiPolygon","coordinates":[[[[4.159526057173934,51.899419844404605],[4.160784846277393,51.89935118952396],[4.161448749533025,51.89925024780202],[4.161797699564407,51.89918916583877],[4.162749574161137,51.89897166409991],[4.162928094943755,51.898925881912845],[4.164612917547348,51.89841845922989],[4.165040823716463,51.89839234809615],[4.165911159616376,51.89812633019368],[4.166071656600019,51.89810192989065],[4.166219421388662,51.89806481223287],[4.166552902562386,51.898037714284015],[4.166873811164861,51.89804554251187],[4.167109638424323,51.89808304947107],[4.167399983416487,51.89814629162044],[4.167592905334377,51.89821211743394],[4.167909560387589,51.89832327394154],[4.168211973848562,51.89847742975978],[4.168475874284564,51.89860511674606],[4.169589500212652,51.89912005564179],[4.169854697845373,51.899200110411044],[4.170179577453922,51.89927628822678],[4.170353313981318,51.899299661697924],[4.170825352620238,51.899361181274294],[4.171117242376137,51.89936779848656],[4.17137492419237,51.89934979028584],[4.171695920925082,51.89930097454784],[4.171906392725555,51.89925550932102],[4.17222574559155,51.89915993157536],[4.17266695461914,51.89901797022061],[4.173125159208152,51.89883842843621],[4.175027743843382,51.89790252726317],[4.175743161504583,51.89853015720021],[4.175935322727378,51.89862472662202],[4.176325728143545,51.899127648229],[4.177637120892748,51.900883251309864],[4.178054345149199,51.90141700589821],[4.179944950985793,51.90417453654677],[4.179525464904231,51.904696988825805],[4.17870498505426,51.90570162809907],[4.171736679361169,51.906339895571726],[4.171812108324922,51.90715149611011],[4.171306516874371,51.907843822709665],[4.170595109727632,51.907601842751326],[4.17042109777134,51.90758745618237],[4.170206233402896,51.90757893865652],[4.170022141412566,51.907614786283226],[4.169875209939623,51.907727426294876],[4.169546460265264,51.909079582428504],[4.169432981372577,51.9090837999602],[4.167705183241257,51.908966102221726],[4.167643475387563,51.90899063140282],[4.167395021375818,51.90946987059355],[4.166943310264379,51.90945888833482],[4.166780062339466,51.90947607019722],[4.165868289895572,51.909761441149804],[4.165914286657873,51.91004777397313],[4.166009248002451,51.91045776687951],[4.16608793463096,51.91087837752926],[4.166163971391374,51.91112906578012],[4.166235905538286,51.91131678735086],[4.166257531739546,51.91143027522837],[4.16626242920174,51.91151752078259],[4.166233921330438,51.91187139674514],[4.166219525427944,51.91191978853133],[4.166195958863548,51.91193122955272],[4.166155578403873,51.911973058942124],[4.166041811491222,51.91204109315997],[4.165875183727418,51.91207531807566],[4.1651157171358,51.91253036327747],[4.163846973103605,51.91332528619144],[4.162142274769296,51.91171465109213],[4.162615907504564,51.91145530678672],[4.161518516659878,51.910816423326345],[4.160192305020383,51.91004210083521],[4.160279234660393,51.909998961655866],[4.156393504134715,51.908220722161055],[4.154509123014477,51.909628448164],[4.153687837926059,51.91021491234688],[4.153110160933652,51.910556727563936],[4.152809869169038,51.9106947033756],[4.152176475309473,51.909942846581615],[4.151633030329865,51.90930339761514],[4.151314084792667,51.9090627295867],[4.149561455559156,51.907103521581476],[4.149601253224791,51.90708326565965],[4.149709468021205,51.90700619958518],[4.149868491180593,51.906878430170934],[4.149996699406407,51.90681415920744],[4.150301085154204,51.906685222907996],[4.150581827308783,51.90657041967665],[4.150828267088442,51.906434579767506],[4.151065449471346,51.9062653820352],[4.149675468844608,51.905179241833146],[4.151372521343802,51.90408244583383],[4.152845754045694,51.9031423829795],[4.153709886721178,51.90257884775922],[4.156821404248417,51.90060508971045],[4.156986916314355,51.90066345458498],[4.157419582375205,51.90078304537123],[4.158024602430606,51.900019903842704],[4.158263025612064,51.89980306228147],[4.1585668697643,51.8996381426376],[4.158665033831452,51.899608605959244],[4.159198372350544,51.89944698308861],[4.159526057173934,51.899419844404605]]]]}},{"type":"Feature","properties":{"gezicht_uri":"https://linkeddata.cultureelerfgoed.nl/cho-kennis/id/gezicht/10134367","gezichtsnummer":"1499","naam":"'t Woudt"},"geometry":{"type":"MultiPolygon","coordinates":[[[[4.299255747475607,51.99320192953401],[4.298992221731318,51.99356084482679],[4.298848214003625,51.993734795684155],[4.298668219129262,51.9939515599843],[4.298482274526691,51.994113436927684],[4.298350046649832,51.99422187750875],[4.298030224788577,51.99444004353956],[4.297695514175402,51.99467155414888],[4.297091122062035,51.99509472513905],[4.296853448129878,51.995287581322685],[4.296515498621998,51.99559186837479],[4.296175170259756,51.99593388562508],[4.295584322658996,51.99651717627482],[4.295299456806351,51.99685341332661],[4.29509564572253,51.997149952108],[4.294838511004732,51.997423523410134],[4.294365771723718,51.99734182989542],[4.29320751455611,51.99730499988956],[4.292234764598072,51.99700651108415],[4.292353246655637,51.996865589473344],[4.290154443998948,51.996207800500144],[4.290810354199666,51.9955271642462],[4.291960718609275,51.994335166736484],[4.291864672924635,51.994273148431176],[4.292274371848092,51.99377448379064],[4.292482004871407,51.99350045745634],[4.293460779522158,51.99199673309107],[4.295483670573574,51.99239754595211],[4.296791994638913,51.992664961144676],[4.299255747475607,51.99320192953401]]]]}},{"type":"Feature","properties":{"gezicht_uri":"https://linkeddata.cultureelerfgoed.nl/cho-kennis/id/gezicht/10134386","gezichtsnummer":"1515","naam":"Woudrichem"},"geometry":{"type":"MultiPolygon","coordinates":[[[[5.000535381843653,51.820933109725694],[4.999200122624655,51.82086578491217],[4.997129308981111,51.82082117075774],[4.995777799809726,51.82078880795412],[4.992692552768382,51.82081263628036],[4.989379798780882,51.820976731496586],[4.987848994391239,51.82104523919618],[4.995684530355585,51.81633022263485],[4.999062697933924,51.8164430109683],[4.999095497053189,51.8161707691666],[4.999015390853167,51.816041969344596],[4.998649179909431,51.815118541921905],[4.999733853020524,51.81462416675231],[5.00090151578366,51.81459655571727],[5.002412299701436,51.814126927392664],[5.00256103435264,51.81369147465422],[5.00301966888564,51.81347725365411],[5.002512047576729,51.81297403511584],[5.003625027453263,51.81237994493403],[5.005663600437983,51.812076487226626],[5.006521851974352,51.81193186313835],[5.006927178048482,51.811844191261535],[5.007380718779342,51.81171352941562],[5.008002331271741,51.81142700974367],[5.008198363219721,51.81156786283138],[5.008000222636835,51.811677780913044],[5.007237201155308,51.812568766104405],[5.00712593201758,51.81269424426693],[5.007016188158025,51.812810738806526],[5.00682018888771,51.81300964755931],[5.006146408858883,51.81380294060308],[5.008185216166159,51.814512438714665],[5.009559314940577,51.814942920230074],[5.010223832297238,51.815078984174136],[5.010210840439762,51.81541870598089],[5.010180791494217,51.815717026107194],[5.01016754358504,51.8160873078001],[5.010093407996316,51.81645469735123],[5.009934240396141,51.816757995582776],[5.009698432751954,51.81703408179722],[5.009442431452917,51.81729661987552],[5.009106556604638,51.817571483987564],[5.00869977225496,51.817827242774875],[5.00836672122229,51.81793762522132],[5.00751585943445,51.81822520322209],[5.006704789747575,51.81843650221722],[5.005364422561697,51.8188087661179],[5.004598299863067,51.81901929793059],[5.004080175867898,51.819230634397066],[5.003378922427269,51.81948631221866],[5.0029933045961,51.81963515790614],[5.002451431212178,51.8199084297837],[5.002133528050098,51.82010962758791],[5.001474299700396,51.820536212478686],[5.000973078432279,51.82080242035154],[5.000535381843653,51.820933109725694]]]]}},{"type":"Feature","properties":{"gezicht_uri":"https://linkeddata.cultureelerfgoed.nl/cho-kennis/id/gezicht/10134387","gezichtsnummer":"1516","naam":"Willemstad"},"geometry":{"type":"MultiPolygon","coordinates":[[[[4.422948245983772,51.69072685976742],[4.425538155476752,51.68979531604358],[4.425683695042953,51.68975246470099],[4.430134853263746,51.688135840068554],[4.43198858624584,51.68746690875732],[4.433464525734489,51.686948584758504],[4.441474943996196,51.68404536966203],[4.44183239033244,51.68437905174698],[4.442277385119861,51.6848833316435],[4.442632760181832,51.68524755714691],[4.443330516468971,51.6860451155107],[4.443702719698191,51.68650475685053],[4.441547799931063,51.68727121903704],[4.441522655515254,51.68722876760772],[4.439689372517383,51.687895317765204],[4.440227010624244,51.688534291106784],[4.440446100551656,51.68877696814355],[4.440646494084038,51.68880735277596],[4.440771977332306,51.688823648207816],[4.440957497649635,51.68887368795743],[4.441055431777198,51.6888933561077],[4.441140013592148,51.688929096553366],[4.441266529105044,51.68903439108106],[4.44132983366773,51.689119399138626],[4.44136177690268,51.68918258024715],[4.441549137643666,51.689559834184394],[4.4416845004162,51.689864755874936],[4.441681476601048,51.68994023921429],[4.442245641239993,51.68993490449115],[4.442539132376451,51.68993996879652],[4.442803571320171,51.689951090418475],[4.442955049872776,51.689969390900764],[4.443070264807525,51.68999279227255],[4.443223810601324,51.690050660741235],[4.44340545288505,51.69014830709053],[4.443482883623336,51.69018039258366],[4.443517216560774,51.69026786267421],[4.443528187707042,51.69036593134184],[4.443521524933423,51.690477341449615],[4.443502391184627,51.69056258292769],[4.443429773958145,51.690715709957146],[4.444071404091829,51.69046379267754],[4.444615823014743,51.69022637092476],[4.446508035190035,51.68950897962391],[4.446969673915841,51.689982811902404],[4.447742802932807,51.6908492643046],[4.451375372587195,51.68954887143838],[4.457056727444464,51.694735837035914],[4.444218233036071,51.69965623823931],[4.432824432870721,51.70097613604487],[4.432163806011991,51.696431296342375],[4.43109279940545,51.69639109733289],[4.430799324891192,51.69638330799988],[4.430564861553012,51.69638948344058],[4.430373538475108,51.696407696559284],[4.429471174295077,51.696532460472795],[4.428035058162377,51.696724760105454],[4.426996446485569,51.69686187278157],[4.426644279432435,51.69689314362026],[4.426383952009377,51.69689100847721],[4.426177270018782,51.696883020588565],[4.425979475766809,51.69686521733853],[4.425782006418805,51.69683213506998],[4.425613558095408,51.696794796202376],[4.425369127217179,51.69672537157497],[4.425064056575503,51.69658263719491],[4.424832134647522,51.696469267932336],[4.424653265976457,51.6963779078665],[4.424101463711444,51.69607044163145],[4.423247598760479,51.69561576377937],[4.421408636080184,51.69462260788258],[4.422430394527894,51.6918830800013],[4.422948245983772,51.69072685976742]]]]}},{"type":"Feature","properties":{"gezicht_uri":"https://linkeddata.cultureelerfgoed.nl/cho-kennis/id/gezicht/10134434","gezichtsnummer":"1598","naam":"'s-Gravenhage - Malieveld e.o."},"geometry":{"type":"MultiPolygon","coordinates":[[[[4.32469343690334,52.08568796023342],[4.324428960151676,52.08572561093951],[4.324206694841586,52.08574729363737],[4.323986309892352,52.08577533665923],[4.32376828810887,52.085809681452204],[4.323553105434023,52.085850251427516],[4.323341227142411,52.08589695866747],[4.323133111541596,52.08594970171138],[4.322929217213424,52.08600836786798],[4.322729984940296,52.08607282631062],[4.322492009671227,52.086233785404445],[4.322124765905021,52.08653457252979],[4.321521333643803,52.08718042947162],[4.321424575697323,52.08728398517387],[4.321414258962175,52.087295028870905],[4.321045524917053,52.08767845931625],[4.320753729700098,52.08758160616345],[4.318670557108554,52.08670655901067],[4.318077690399012,52.0864752482424],[4.31762772368201,52.08632252322074],[4.317024570411981,52.08611816298281],[4.316488334799767,52.08594086817952],[4.316258794899047,52.08585346146467],[4.315671204247745,52.08560434825496],[4.315080553469601,52.08628837645804],[4.314210561006675,52.087350678840885],[4.313857000062304,52.08724281468104],[4.312777442790283,52.086861967582955],[4.314354025971083,52.085192516325876],[4.314718804229179,52.08500479295976],[4.316004952925794,52.083634658856305],[4.316048589098291,52.08359200632485],[4.315665701565996,52.083460694386325],[4.315705533526042,52.083427632053315],[4.315943560003547,52.08317722231482],[4.316432490677171,52.082673543173414],[4.316359272819435,52.08264299033033],[4.31604393269058,52.082512756310635],[4.317338222366846,52.08149440132338],[4.318906368235461,52.08224355975156],[4.320164216501085,52.08126326824182],[4.320336345666403,52.08133627813502],[4.320505552894569,52.08140856244841],[4.322524518028738,52.08224416337315],[4.322604661955542,52.082269365984544],[4.325210598883405,52.08327395114699],[4.326418797556542,52.0837741608231],[4.326566742084859,52.083840204463854],[4.326568932947368,52.0838411837275],[4.326702854013619,52.08390287403257],[4.326703590612009,52.08390319077194],[4.326755862453608,52.0839255734001],[4.326779748826858,52.08393579952424],[4.326760705455442,52.08410760446778],[4.326679816505259,52.08445107631664],[4.326637025604009,52.084541387181865],[4.326591712454716,52.0846795985844],[4.326537371291196,52.08481656916473],[4.326474087595689,52.08495207496304],[4.326440544682725,52.08502000174605],[4.326398113867748,52.08508601481447],[4.326347075487608,52.08514967398932],[4.326287771509943,52.08521055537516],[4.326220601940484,52.08526824908104],[4.326146009916284,52.08532237256975],[4.326064496400463,52.085372566296186],[4.325976601947806,52.08541849354357],[4.325726179401546,52.08548301959071],[4.325472360789441,52.08554229207618],[4.325215435844076,52.08559624842074],[4.324955694409868,52.08564482155397],[4.32469343690334,52.08568796023342]]]]}},{"type":"Feature","properties":{"gezicht_uri":"https://linkeddata.cultureelerfgoed.nl/cho-kennis/id/gezicht/10134440","gezichtsnummer":"1599","naam":"'s-Gravenhage - Binnenhof e.o."},"geometry":{"type":"MultiPolygon","coordinates":[[[[4.316863824000083,52.08003847349592],[4.317087018580547,52.080135315999655],[4.316853198356616,52.08043678395295],[4.316599557960949,52.08074301740598],[4.316781511655481,52.08079930392202],[4.316734053386924,52.08086083201439],[4.316681069331682,52.08092951883662],[4.316605665767696,52.081027269201684],[4.316602415751372,52.081031392459984],[4.316525302877297,52.081129226119465],[4.316509123983374,52.081152959884065],[4.316957230512554,52.081284459387184],[4.317075567920392,52.08137219888482],[4.317338222366846,52.08149440132338],[4.31604393269058,52.082512756310635],[4.316359272819435,52.08264299033033],[4.316432490677171,52.082673543173414],[4.315943560003547,52.08317722231482],[4.315705533526042,52.083427632053315],[4.315665701565996,52.083460694386325],[4.316048589098291,52.08359200632485],[4.316004952925794,52.083634658856305],[4.314718804229179,52.08500479295976],[4.314354025971083,52.085192516325876],[4.314106746236084,52.08545437340216],[4.31335484364235,52.086250573394494],[4.312777442790283,52.086861967582955],[4.312755563816285,52.08688607582955],[4.310994504634138,52.086258103360436],[4.311696639917388,52.0853481431847],[4.311739698931521,52.08530197461463],[4.311738974951448,52.08530174328924],[4.311778157997692,52.08525838875458],[4.311979014102722,52.08503511718521],[4.312028054787712,52.08498348401856],[4.312490995011763,52.08447933214175],[4.312557419990643,52.08441885960015],[4.312702043838522,52.08431128012731],[4.312829783535973,52.08419043199971],[4.312941313413794,52.084085948234446],[4.312966855194011,52.08406266435081],[4.312752699587971,52.083954130355494],[4.312340471105691,52.08375887293602],[4.312038947630309,52.08362364863311],[4.311732035332841,52.08349310692232],[4.311419925443237,52.08336733265362],[4.310593554095416,52.08305726762908],[4.310327065698838,52.08296636101203],[4.309360408717362,52.08251944611367],[4.309030723087272,52.08240203269386],[4.308921494378236,52.08236002663334],[4.308843172454245,52.08232990776595],[4.307953175888445,52.08200212935183],[4.307132282552592,52.08171147179006],[4.306942627244569,52.08163083689107],[4.307026843599554,52.08155255756263],[4.307109697726053,52.08147554658204],[4.307400129111206,52.08120558703072],[4.307404065418025,52.08120192873526],[4.307803182589465,52.08083093982475],[4.307895809379897,52.08074484033055],[4.307899518070533,52.080741391169],[4.307952596930271,52.08068565284866],[4.307993655966609,52.080642532456],[4.308037783566653,52.08059618623326],[4.308170031138515,52.080427654207455],[4.308178443603261,52.08041760319405],[4.308223063500171,52.080364288404205],[4.308271930723707,52.08030590239669],[4.308369480852237,52.08018934661073],[4.3085750621728,52.08002882035631],[4.308564727894123,52.0800223797106],[4.308605137359088,52.07999646657877],[4.308724325960584,52.07988895573636],[4.308746039911169,52.07986937028762],[4.308757300902342,52.07987368008189],[4.308941043849748,52.07973597345305],[4.308982179629357,52.07964420192465],[4.308984341996866,52.079639379034006],[4.30901498186737,52.0795710169755],[4.309059906487855,52.0794707857399],[4.309073007956643,52.07944155741729],[4.309093398220149,52.07939607000474],[4.309159491373849,52.07924860788016],[4.309196085714192,52.07916696547235],[4.309212544249386,52.079130246528166],[4.309233693718014,52.079083058178085],[4.309274539172648,52.07903536911656],[4.309327504631024,52.07897328310483],[4.309362514553494,52.07893224622243],[4.309384988823647,52.078905899099105],[4.309277273911184,52.07887375878898],[4.30936037167548,52.07874873068106],[4.30945709508789,52.07863489227572],[4.309465434682115,52.07862299556814],[4.310158421350128,52.0778373711259],[4.310138254872086,52.077826532887684],[4.310165916333965,52.07783206212984],[4.310180130911796,52.077821989855494],[4.310219283071089,52.07779424896318],[4.310235152380831,52.07778300754224],[4.310323953406497,52.07769387120976],[4.310460281675806,52.07773887651701],[4.310891361731678,52.07782177441765],[4.310956279952474,52.07782921233641],[4.311022235122467,52.07783114510493],[4.311088006354116,52.077827534604886],[4.311152370165679,52.077818450561594],[4.31131847106032,52.077780963042265],[4.311353499013479,52.07777439302492],[4.3113897307545,52.07777114858241],[4.311457157462054,52.07777103387782],[4.311524050684506,52.077776269299484],[4.311589292921948,52.07778676599516],[4.311775197736684,52.0778569570746],[4.312073388680808,52.077976689159094],[4.31223775266258,52.078049714387454],[4.312301732440487,52.07805858793716],[4.313140973795906,52.078078259151646],[4.31320967970249,52.07810827857117],[4.313219102503088,52.078112589162274],[4.313263547375746,52.078132904300205],[4.313317126422225,52.07815740153136],[4.313378959674861,52.07818566833071],[4.313847962842457,52.07839860601541],[4.313968748408586,52.078451840875836],[4.315220048180365,52.07900331254929],[4.315240398733726,52.07898006184896],[4.315248285677732,52.078973598801085],[4.315471025051734,52.07877763042048],[4.315473469188295,52.07877547738109],[4.31550100194097,52.07874791670353],[4.315529742440563,52.078722463624096],[4.316929698679117,52.07936942126909],[4.317394930337174,52.079559337431206],[4.316863824000083,52.08003847349592]]]]}},{"type":"Feature","properties":{"gezicht_uri":"https://linkeddata.cultureelerfgoed.nl/cho-kennis/id/gezicht/10134452","gezichtsnummer":"1584","naam":"'s-Gravenhage - Zorgvliet"},"geometry":{"type":"MultiPolygon","coordinates":[[[[4.286632797776242,52.09561233411177],[4.286630898321247,52.09561123772595],[4.286582926557463,52.095583538145135],[4.286502574629217,52.095536837321745],[4.286463269690788,52.0955114545809],[4.286418880854763,52.09548153896348],[4.286400736917638,52.09546922571421],[4.286397203973165,52.09546749384459],[4.286316477783235,52.095409041116426],[4.286240288064914,52.09534832060359],[4.286192761481007,52.095307157642985],[4.286148655192882,52.095266377176856],[4.286075647777782,52.09519260767068],[4.28600769060921,52.095117042613204],[4.285958255262927,52.095056221327305],[4.285849401815128,52.094915653995095],[4.28583602661301,52.09489816725638],[4.285822114243178,52.09487997437456],[4.285808739173017,52.09486248313936],[4.285692862904083,52.09470786354439],[4.285691845590103,52.09470650572551],[4.285660775325795,52.09465910535034],[4.285572614991367,52.094539980528474],[4.285540413008507,52.094494690882534],[4.285450466770319,52.09436219200149],[4.285390026483431,52.094276018211154],[4.285340267184925,52.09420235769762],[4.28529733823211,52.09413756774116],[4.285124633574939,52.09385818506734],[4.285056106116004,52.09374018723292],[4.285003991918411,52.09365258098142],[4.284965439367028,52.093588344179466],[4.284972644658588,52.09358687674031],[4.284966114903494,52.09357352132209],[4.284957582494377,52.09357524825811],[4.284953633465363,52.09357604727679],[4.284935145928076,52.09354989690438],[4.284907058057084,52.09351018935441],[4.284904361117198,52.09350637312789],[4.284896536630654,52.093492852787],[4.284859580550401,52.09341196799985],[4.284856627424907,52.09340685274995],[4.284816358214127,52.09333723580545],[4.284806793613803,52.09331912391147],[4.284788698057395,52.09332265800508],[4.284779850025373,52.09330685392954],[4.284780143379692,52.09330679375243],[4.284727002262679,52.09320820250576],[4.284721294604638,52.09319761430664],[4.284680727695344,52.093122331618524],[4.284618223606069,52.09300753590986],[4.28460970664981,52.09299133042399],[4.284520145430778,52.09282510860347],[4.284519963961013,52.09282477432204],[4.284514515955158,52.09281372112642],[4.284390887947447,52.092563162661705],[4.284333668321398,52.09244717578566],[4.284326487635544,52.09243123446641],[4.284266419381598,52.09230828158472],[4.284237580025748,52.09224925226217],[4.284225992836514,52.092223822525376],[4.28407910153158,52.09190190004918],[4.284079922323977,52.09190175492347],[4.283977635441403,52.0916192070214],[4.283968337974712,52.091594436890446],[4.283921235669244,52.09147836471831],[4.28391903526078,52.0914788295107],[4.283863147755877,52.09134148859211],[4.283803076184295,52.09118862085783],[4.283747649649354,52.091042681959415],[4.283696840357432,52.09090479523736],[4.283649051863096,52.09077164687915],[4.283552222514848,52.09047749122324],[4.283540059986919,52.09044052345541],[4.283528058948384,52.09040233472877],[4.283512860416156,52.09033879475302],[4.283503450993538,52.09027483258909],[4.283429000246577,52.08974454522427],[4.283375363936592,52.089494874727016],[4.283371778528947,52.08947814903669],[4.283354315107772,52.08941638106829],[4.283328865498884,52.08935567311836],[4.283295591445983,52.089296419954294],[4.283254709785727,52.08923900112821],[4.283206481338841,52.08918378761417],[4.283205914163816,52.0891835620764],[4.283182535942362,52.089170030723245],[4.283175385259767,52.089164732280054],[4.283172880421192,52.0891621649973],[4.283140095995886,52.08912712532248],[4.283084693271896,52.0890684670185],[4.28303134347948,52.089014726791156],[4.282970700999594,52.088960855282906],[4.282962164840964,52.08895375508268],[4.282922858160524,52.08892402950086],[4.282879202305841,52.08889669910057],[4.282876755958104,52.088895309885636],[4.282756186159497,52.088829541850174],[4.282695563116863,52.088798537759025],[4.282646722880778,52.088776704738194],[4.281337812769544,52.08824636221851],[4.281313325067328,52.0882364335528],[4.280612861264385,52.08795260886495],[4.280569028611055,52.08793487591897],[4.280567929900813,52.08793446110721],[4.280546676360639,52.087924167145644],[4.280534799424412,52.08791529157278],[4.280529484321639,52.08791131357217],[4.280525231725447,52.08790744442579],[4.280520339168972,52.08790142769838],[4.280425115319772,52.08785683231176],[4.280286827131387,52.087792072810366],[4.280247653099568,52.087773605974526],[4.280261767306818,52.0877492756584],[4.280377129187412,52.087568593129596],[4.280500889813474,52.08739003206026],[4.280632939669071,52.087213739710805],[4.280773172891261,52.0870398633745],[4.280921469201925,52.086868543466615],[4.281077711865248,52.086699924928794],[4.281221048209573,52.086553985035046],[4.281373607676222,52.08641163713645],[4.281535151254047,52.086273103674046],[4.281705432926434,52.086138595786366],[4.282695082523406,52.0854289867859],[4.282844792023059,52.08532163947977],[4.282891704597128,52.0853281757524],[4.283207249574915,52.08537214589251],[4.283478564309248,52.08540718181776],[4.283589458730975,52.085420651903085],[4.283590668341235,52.08541598009074],[4.283694911591985,52.085428767560565],[4.283799285526168,52.085441583127626],[4.28390372230535,52.08545421941519],[4.284007832852935,52.0854676615434],[4.284110329116015,52.08548089071515],[4.284110765414233,52.085480948731934],[4.28422422831617,52.08549737259457],[4.284324005732537,52.0855096233229],[4.284407233865042,52.08552022695665],[4.284526114082263,52.085532943926644],[4.285490399869229,52.08564799241591],[4.285490421414111,52.08564948699726],[4.285519393977099,52.0856520679779],[4.285854442266855,52.08568191447559],[4.28585293751427,52.08568910040134],[4.286052095427687,52.08570608968637],[4.286050940764559,52.08569905868221],[4.286126374403315,52.08570625343312],[4.286162117720091,52.08570881662189],[4.286492813986243,52.08576375317972],[4.2864928424428,52.08576378265897],[4.286521523203922,52.08575451124687],[4.286589513926409,52.085736278914965],[4.286659456427487,52.08572114791388],[4.286731013433745,52.08570918700031],[4.286795081785569,52.085701515656226],[4.28687740328138,52.0856950394366],[4.286940739762623,52.08568864657085],[4.28709450223204,52.085673138365344],[4.287191659084386,52.08566621615618],[4.287286447840852,52.0856594695155],[4.287291834451725,52.08565580744124],[4.28729133449243,52.08565418479975],[4.287295529554429,52.08565388238422],[4.287341982679,52.08565051372953],[4.287452151866737,52.08564251725433],[4.287498560984156,52.08563915711611],[4.287503925487968,52.085638766730575],[4.28751283368814,52.085637861101624],[4.28751823623575,52.08564304409473],[4.287589273949256,52.085634978932944],[4.287913541382052,52.08565826504313],[4.287914569531027,52.08565383419282],[4.287985537841374,52.085663431035336],[4.287988415084145,52.085673408419076],[4.288074278245682,52.085664114968594],[4.288084475235647,52.085663014576326],[4.28809478372119,52.08566747026951],[4.288097470675455,52.08567687958436],[4.288113269393543,52.08567879772493],[4.288151718862672,52.08568346195084],[4.288236781349692,52.08569012493061],[4.28832239877566,52.085693206513405],[4.288405732128375,52.0856960150509],[4.288420346775018,52.08569564795598],[4.288488485169429,52.08569393722867],[4.28852972691048,52.085690663335434],[4.288625349107455,52.0856796807004],[4.28871971527922,52.085665180668066],[4.28881251773908,52.08564721430595],[4.288903389568429,52.085625868085586],[4.288922826334502,52.085620458241635],[4.288992037671945,52.08560119321236],[4.289052916086358,52.08558198531861],[4.289071326580435,52.0855761793703],[4.289239932449657,52.08552062699814],[4.289331663643534,52.085490407575385],[4.28937006148758,52.085478747359076],[4.289424541485155,52.08546221224329],[4.289519848651189,52.08543728440576],[4.289617276833774,52.08541570208393],[4.289716532535448,52.08539753444878],[4.28981729330602,52.08538284141409],[4.289825884672267,52.08538176187409],[4.289878378291132,52.0853771900504],[4.289941838393014,52.08537166863628],[4.290058448723943,52.0853651409415],[4.290145639460155,52.0853629504687],[4.290175452454688,52.08536220330355],[4.290261731412354,52.08536268290277],[4.290292543273916,52.085362852869714],[4.290409443604719,52.08536710503346],[4.290469717994731,52.08537070422683],[4.290589895414547,52.085379957487646],[4.290626304036935,52.08538275922102],[4.290782073536846,52.08539836595204],[4.29093652661356,52.085415299552466],[4.291089993420225,52.08543794960575],[4.291187512788619,52.085454290351116],[4.291197524395523,52.08545777222556],[4.291203548723325,52.08546379678362],[4.291204541654085,52.08546733859526],[4.291207215091752,52.08547911174937],[4.291354666915529,52.0854757190515],[4.291440013824016,52.08547375316904],[4.291466350832932,52.085473144140224],[4.291465757139006,52.08546343077616],[4.29154986610352,52.085459583644294],[4.29155142536587,52.08547514866919],[4.291809744317413,52.085464399687886],[4.291809690851292,52.08545585988448],[4.29199296956228,52.0854444668558],[4.292044411191902,52.08544411798873],[4.292095790260292,52.08544572806378],[4.292213462238438,52.08545483053863],[4.29227957036808,52.08546212345411],[4.292469522199912,52.085489263508244],[4.292521679806796,52.08549483567661],[4.292574343095074,52.08549822825476],[4.2926105768992,52.0854992389898],[4.292646770397224,52.08549772350269],[4.292658504661056,52.085496403287394],[4.292660008050566,52.08549623298242],[4.292971102582171,52.08573011936267],[4.293027726944127,52.085704020501765],[4.293119872965135,52.08565615709678],[4.293208159773664,52.08560559712481],[4.293292365254401,52.085552473363705],[4.293372296910406,52.08549690088899],[4.293447776615753,52.085439003898266],[4.293459835239288,52.085429192253386],[4.293517328880415,52.08536334402526],[4.29368206231362,52.08517469804341],[4.294473313941594,52.08543428913736],[4.294692259303774,52.0854978561577],[4.294698472841514,52.085499738479115],[4.29487033833486,52.08555176757373],[4.295001012034993,52.085591324775876],[4.295106252115294,52.08562318546852],[4.295201440452261,52.0856520046113],[4.295207292851291,52.085653739739115],[4.295335218852897,52.08569171605168],[4.295462203451478,52.085729413839736],[4.295777420685334,52.085822985234266],[4.295783997473142,52.08582493378332],[4.295849672192316,52.085850629608615],[4.295926784600436,52.08587938861338],[4.296030033750523,52.08591157160531],[4.296107137214993,52.085944294440644],[4.29641666029776,52.08607342475485],[4.296526568147385,52.086116796997665],[4.296608049007521,52.08614894878082],[4.296637776847213,52.08616068454448],[4.29671919995433,52.08619281773753],[4.296767730086136,52.086211972383396],[4.296791854465737,52.08621834391257],[4.296872708765694,52.0862397032289],[4.296947387033351,52.08625943231985],[4.297121288881279,52.08630536458928],[4.297336640459132,52.0863622507153],[4.297595123998085,52.08643052849363],[4.298131668658101,52.08657213516138],[4.298129453085006,52.086576833770415],[4.298099430144245,52.086591567481875],[4.298078355212167,52.0866313186344],[4.298091114467795,52.0866526230048],[4.298035499232483,52.08675628391098],[4.298031540886638,52.086756002382074],[4.297965524656546,52.08674317425619],[4.297966615865852,52.086740307947764],[4.297914571095466,52.08673121566404],[4.297921294409806,52.08671817223848],[4.297836111005626,52.086700764630045],[4.297793121002518,52.08673386821665],[4.297781357103964,52.08674059089937],[4.297695921654036,52.08676467285603],[4.297631327663784,52.08676039923646],[4.297404600063045,52.08671458145866],[4.297379412697394,52.08675959781095],[4.297353299459679,52.086755787777975],[4.297326472208658,52.08675553067436],[4.297321444055077,52.08675588866326],[4.297303712375111,52.08676320329287],[4.297290661889205,52.08677242188446],[4.297240448856885,52.086860595363625],[4.29714519983852,52.08704781258308],[4.297139900109674,52.08705871183778],[4.297140352193321,52.08707009575734],[4.29714649638477,52.08708082222023],[4.297157802870785,52.087089879586415],[4.297173112353278,52.087096340280034],[4.297190907966853,52.08709957903487],[4.297209521879725,52.08710097367678],[4.297198852302965,52.0871154726906],[4.297183179012836,52.08712812767291],[4.297178424792008,52.08713101402415],[4.296856962281811,52.08731583272091],[4.296780787328197,52.08735920863114],[4.2967338587977,52.087386819230765],[4.296662369989154,52.0874271013611],[4.296613972992247,52.08745688258649],[4.296541516216404,52.0874979556836],[4.2964784511468,52.08753505275697],[4.29640725250209,52.08754367909697],[4.296267960252607,52.08761069506301],[4.296244734297987,52.08764821475272],[4.295649981142656,52.08800019814513],[4.295860120380358,52.088140577685074],[4.295495628353419,52.08844642528126],[4.293925560829243,52.08972674873339],[4.286632797776242,52.09561233411177]]]]}},{"type":"Feature","properties":{"gezicht_uri":"https://linkeddata.cultureelerfgoed.nl/cho-kennis/id/gezicht/10134453","gezichtsnummer":"1585","naam":"'s-Gravenhage - Westbroekpark / Belgisch Park"},"geometry":{"type":"MultiPolygon","coordinates":[[[[4.28552840897903,52.11123156120674],[4.285515513227141,52.111235296850325],[4.285503547450024,52.111242023189746],[4.285447575170292,52.11127348418306],[4.285429037330344,52.11128282098815],[4.285372214480161,52.111311323451],[4.28490719053578,52.11157544210624],[4.284616331054408,52.111731399859764],[4.284530943521578,52.111779113301054],[4.284465091175052,52.11181553981838],[4.284418209599021,52.1118392988907],[4.28438274744044,52.11185881198729],[4.284151766473141,52.11170610344841],[4.284150520275405,52.11170528055626],[4.284095024051742,52.11166756596358],[4.28405426707701,52.11163957124218],[4.284036799615232,52.11162682133531],[4.283999647959337,52.11159531203669],[4.283962215162787,52.1115574518138],[4.283929877055876,52.11151784151539],[4.283902860510022,52.111476752930415],[4.28388247838128,52.111438369114495],[4.283870532248805,52.11141250463407],[4.283855632245681,52.11136968675192],[4.283847573104683,52.111341314841816],[4.283847410155767,52.1113408189373],[4.283876704189678,52.111187952341126],[4.28388336398116,52.11110802407832],[4.28388399240125,52.111097501924874],[4.283884485407184,52.111089212200255],[4.283898025873217,52.11104458410503],[4.283918029377212,52.110992447995784],[4.283952745981146,52.110915002520436],[4.283993042879207,52.110838598016144],[4.284057329340307,52.110727467610026],[4.284057382865995,52.11072736923502],[4.284061835799965,52.11071967386616],[4.284110970578191,52.11056082660806],[4.284146052572093,52.110526957302916],[4.284154356626858,52.11051894066431],[4.284195447029938,52.11048370285375],[4.284215858716454,52.11046646471443],[4.284238382157243,52.110448841837645],[4.284283640517667,52.11041508118835],[4.284293340585394,52.11040772928321],[4.284376997670948,52.11035076841728],[4.284466638703138,52.11029504998013],[4.2845243811561,52.110261199280124],[4.284556215169859,52.11024253085528],[4.284689892128358,52.11017829834352],[4.284701452194452,52.11017366041622],[4.284702936592308,52.1101726675626],[4.284721490887749,52.11016398270799],[4.284822821301963,52.11011654856387],[4.284946137733134,52.11006333792215],[4.284978229197969,52.11005019985321],[4.285115223504478,52.10999821354899],[4.285255192409741,52.10994932004565],[4.285296110963276,52.109935796991145],[4.285522602022334,52.10986343337758],[4.285727052747332,52.10979916896844],[4.285891272553733,52.109745988974204],[4.28596045908999,52.10971567818386],[4.285970461419103,52.10971988845568],[4.286093837990148,52.10967702320013],[4.286270676818718,52.109611726909264],[4.286444436883788,52.10954338139842],[4.286693999136681,52.10942915480636],[4.286729036866411,52.10941238086918],[4.286751101907193,52.109411681239],[4.286742690777623,52.109405843199696],[4.28674492146302,52.109404776389034],[4.286784481390024,52.109382359288446],[4.286927565847638,52.109290374032376],[4.287018666812675,52.10922880216884],[4.287020195964684,52.10922776700772],[4.287034336484622,52.10921821139067],[4.287068716534642,52.10919389417773],[4.287068984117997,52.10919369892318],[4.287073987206518,52.10919016585837],[4.287074202599966,52.10919001506035],[4.287075342869485,52.10918920997592],[4.287171644624378,52.10911827984082],[4.287263388365849,52.10904509587393],[4.287350436220706,52.1089697736528],[4.287350499798828,52.108969711324995],[4.287353466740068,52.108967051380944],[4.287353724203718,52.108966822323694],[4.287380400287619,52.10894291628543],[4.28738080409109,52.10894252454943],[4.28738653827643,52.10893701403359],[4.287386631653186,52.10893692726479],[4.287386874687083,52.10893669133131],[4.287675285294344,52.10865958331388],[4.287881538854273,52.108460546235314],[4.287990180626878,52.10835727226803],[4.288029958591156,52.10832177146589],[4.287883820866846,52.1082573865822],[4.287703796188946,52.108177164180205],[4.287584289964405,52.10812392388558],[4.287697137202683,52.10802831184518],[4.287652706238656,52.10800787954177],[4.287506782980106,52.10794077484356],[4.287471634349498,52.107900860627666],[4.287421545458734,52.107843998112024],[4.287371556647833,52.107787226394684],[4.287321312111736,52.10773017361848],[4.287239244811122,52.107697390042176],[4.287150759006215,52.10766204764667],[4.287039168535268,52.10765618827474],[4.286927038748499,52.107650296796926],[4.28689053195339,52.1076483830135],[4.286737858506594,52.10757923681805],[4.286582787873406,52.10752801851031],[4.286503817920226,52.1075929707088],[4.286284586130559,52.10747903184374],[4.286258800134303,52.107465631529784],[4.286192079465984,52.10743095909507],[4.28619161818913,52.10743072107992],[4.286116912640693,52.10739189314235],[4.286160616721629,52.10736000489793],[4.286222574937974,52.10731481304123],[4.286155998698361,52.1072802138423],[4.286201828207534,52.10724678139835],[4.286275425728893,52.10719309602191],[4.286493452385568,52.10703405423319],[4.286053686874318,52.10680359305479],[4.286032015416807,52.10679148055471],[4.285979557292446,52.10676217265869],[4.285920626808204,52.106725388575484],[4.285850935580226,52.10667684555147],[4.285843661052137,52.10667170794516],[4.285782368480782,52.10662297368813],[4.2857509218637,52.10659583953141],[4.285684256258194,52.10653116295579],[4.28564594788437,52.106488665844914],[4.285630262285525,52.106468833962055],[4.285598022870372,52.1064264924254],[4.285562858731608,52.106371925850226],[4.285533184665113,52.10631612518639],[4.285509111648416,52.10625932518211],[4.28549157974837,52.10620484247688],[4.28548230183292,52.10616668852356],[4.28548223816504,52.10616631040218],[4.285392282161331,52.106158215702784],[4.285299035763183,52.10614680929238],[4.285269094550503,52.1061421249249],[4.285233583189545,52.10613245366853],[4.285068070139459,52.10607816042286],[4.284965920473198,52.10603652232458],[4.284765540032446,52.105950037580236],[4.284712198839545,52.105927012951895],[4.284347536972399,52.105902675961126],[4.284232646469375,52.10589039204091],[4.284123393217972,52.10587312707608],[4.284016654754366,52.10585067657912],[4.283913081043122,52.10582317472949],[4.28381329926515,52.105790791450254],[4.283717917742703,52.10575372120888],[4.28362751488209,52.105712187407576],[4.283625297205988,52.10571110597557],[4.283626437742968,52.10571073238553],[4.28384983535119,52.105637561078595],[4.283926863562447,52.105611666449214],[4.283952836504773,52.10559554107688],[4.283989546855931,52.10556961960636],[4.283993445011523,52.105567229134024],[4.284004294965209,52.10556056216978],[4.284012424237106,52.10555352817024],[4.2840212244394,52.10554592517093],[4.284029088177878,52.105535454992165],[4.284034128981582,52.10552876062433],[4.284041545096986,52.10551040314373],[4.284030805281337,52.10546928707942],[4.284022570189071,52.10543773149278],[4.284019619613722,52.10542642302845],[4.284028708027431,52.10542311034784],[4.284044913938802,52.10541412947079],[4.284056034086598,52.105403462800695],[4.284057240774916,52.10540173926965],[4.284063186276071,52.1053900309171],[4.28406396984435,52.10537661808344],[4.284062108683234,52.10536745014335],[4.284061280723732,52.10535456829306],[4.284061049469947,52.105354031299726],[4.284061162231563,52.10535271550677],[4.284060305339878,52.10533937945506],[4.2840643389647,52.105311390358594],[4.284074139636895,52.10528394961286],[4.284089535721732,52.10525750504643],[4.284110283059464,52.10523248583121],[4.284136050593725,52.105209293359],[4.284166405334434,52.10518831907871],[4.284200871621485,52.105169909096126],[4.284211960990076,52.105165365692656],[4.284238858598157,52.10515434551816],[4.284332546351373,52.10511937509185],[4.28435579501322,52.10511070276237],[4.284383640457989,52.10510031164533],[4.284697925465934,52.10498300048219],[4.284852164915383,52.10492542979507],[4.284923973313829,52.104898625036874],[4.2850242307211,52.10486120764699],[4.285213194616736,52.10479067808993],[4.285425171776685,52.104711509449245],[4.285647890101488,52.10462826105356],[4.286137699893342,52.10444516186071],[4.286405893623818,52.10434914138237],[4.286421642324585,52.10434802104593],[4.286436062172273,52.10434395797389],[4.286518593477528,52.10431316926259],[4.286668393246106,52.104257273858614],[4.286824954878679,52.10419885263818],[4.286912700936284,52.10416611683833],[4.287230433244854,52.104047572747966],[4.287411581522408,52.103979977989226],[4.287680678499592,52.10387964847946],[4.287903538418474,52.1037968286438],[4.28813718099353,52.103710001085524],[4.288309112554197,52.10364610327401],[4.289163383385157,52.10332812434694],[4.289344006458876,52.10326087231563],[4.289514817972043,52.103197267947266],[4.289670234595704,52.10313939861171],[4.289815397855412,52.1030853437076],[4.289943206321249,52.10303778771388],[4.290173011870299,52.102952340659314],[4.290186387671496,52.10294736854351],[4.290800405495817,52.10271907823679],[4.290945770115046,52.102665032816134],[4.291115101673576,52.10260206856394],[4.291572027669564,52.10243252879109],[4.291952351033869,52.10229146186351],[4.292166470402731,52.102212049441704],[4.292438466486985,52.10211166420182],[4.292634869232955,52.10203919646131],[4.293020956157545,52.101896741446915],[4.293146199810902,52.101850524490494],[4.293271398767186,52.10180433395353],[4.293396696757283,52.10175826105734],[4.293412720565896,52.10175241428047],[4.293440321079008,52.10174231539998],[4.293522009302519,52.101712179175586],[4.293987568150742,52.1015404270994],[4.293995448092643,52.10153752491933],[4.294005377148554,52.101532601304875],[4.294011066223842,52.10152557994862],[4.294011462389978,52.101517736472346],[4.294008826927175,52.101513891824126],[4.294079214508066,52.10148743465664],[4.294143183131626,52.10146382127667],[4.294174645306372,52.10145217602313],[4.294176469682995,52.10145397270724],[4.294179978251973,52.10145315131514],[4.294184324916124,52.10145745227513],[4.294197892702758,52.101466081418735],[4.294214989319534,52.101471866893974],[4.294234080006039,52.10147430008832],[4.294253506005623,52.101473167867965],[4.294271513533182,52.10146856183537],[4.294273212602196,52.10147070791602],[4.294276502058035,52.101469893478004],[4.294281929011966,52.101468217965426],[4.294285072447624,52.101466808917856],[4.294325807406474,52.101452004677775],[4.294384538704434,52.10143066169602],[4.294439220225499,52.10141078225529],[4.294483047698501,52.10139485607653],[4.294488378856485,52.10139291899361],[4.294506515717556,52.101387199523465],[4.295273115928147,52.101145361316235],[4.295427911095057,52.10109500226164],[4.295556532677007,52.10105251740834],[4.295658427279923,52.10101845901682],[4.295899343512446,52.10093618692933],[4.296026946528976,52.10089174158528],[4.296153548320523,52.10084704414113],[4.296287705515903,52.100798964824584],[4.296574234512989,52.10069384174553],[4.296729722083567,52.10063531666132],[4.296853729728332,52.100588005721804],[4.29739838433045,52.10037807779728],[4.297544842765321,52.100321625455244],[4.297956456749457,52.10016296804035],[4.298394235425851,52.09999422287533],[4.298436645812335,52.09997763496256],[4.298559853451654,52.0999294609283],[4.29901762518853,52.09975045324662],[4.299264023110494,52.09965410368825],[4.29936102891036,52.099616167808705],[4.299387361831402,52.09960586708678],[4.299397441136968,52.09960192417955],[4.299415875608607,52.099594714581244],[4.299442252718581,52.09958439627758],[4.299446747095325,52.099582640012954],[4.299448539101694,52.0995827734044],[4.299455904554868,52.09957999195664],[4.299456619911983,52.099578785082215],[4.299461468000727,52.09957688826194],[4.299462926848683,52.09957631745888],[4.299494284446648,52.09956405860148],[4.299527101092426,52.09955121994515],[4.299653400928367,52.09950183287231],[4.299862470965642,52.09942006789372],[4.299985675537951,52.09937189235595],[4.300343625973444,52.099232165264944],[4.300349342571519,52.09922996181241],[4.300376069026427,52.09921966450071],[4.300401115796444,52.099210016859715],[4.300419738987774,52.09920283581231],[4.300469685028716,52.099183602067654],[4.300474738632563,52.09918165316877],[4.300499255018529,52.099172207357284],[4.30054861184465,52.099153192864826],[4.300573643729774,52.09914355403902],[4.300598130671341,52.09913411692439],[4.300623766709928,52.0991242409626],[4.300628982342756,52.09912223062989],[4.300738519821217,52.09907782941816],[4.30075253822644,52.09907214294163],[4.301508004202321,52.09876586566822],[4.301670030566786,52.098700176428586],[4.302761499782943,52.098257660327825],[4.302904030233937,52.09820011357409],[4.303044187499226,52.098143515600675],[4.3032324313838,52.09806720703297],[4.303619659600816,52.097909752947686],[4.303943818159362,52.09777828857726],[4.304042928448449,52.0977380940825],[4.304126080753245,52.097702948336135],[4.304592285115551,52.097505920420524],[4.304692169112906,52.097463710032784],[4.304912852165819,52.097549999133086],[4.304992495844633,52.09751686099901],[4.305124677179973,52.09746186598099],[4.305372073648194,52.097353935491874],[4.305514298099673,52.09727680539571],[4.305623823866986,52.09721741540468],[4.305809274881318,52.097116843573886],[4.305911589882989,52.09705625458097],[4.305957978780508,52.09708478335829],[4.305960197022795,52.09708614752026],[4.305986168669657,52.09710212500878],[4.305994106892298,52.097107006790694],[4.305997011773995,52.09710879522591],[4.306075761638225,52.097157211709025],[4.30608646102746,52.09716379071232],[4.306095826670667,52.09716954624953],[4.306133242008171,52.09719256121598],[4.306168302628342,52.097214123120644],[4.306177549813969,52.097219798913486],[4.306201609843584,52.09723456332146],[4.306273271146217,52.09728552812004],[4.306270303333419,52.097287246957926],[4.306291532860993,52.09730152471629],[4.306296413803361,52.09730473575221],[4.306306188879315,52.097313328717334],[4.306363511394722,52.097380577584936],[4.306413196978271,52.09743229581494],[4.306432698099343,52.097450910478834],[4.306461957508083,52.09747277864475],[4.30649567071834,52.09749213484874],[4.306532698026374,52.09750842931461],[4.306584311129998,52.09752872264477],[4.30663894824974,52.097545879651626],[4.306696030273392,52.097559706259105],[4.306754904258913,52.09757004367008],[4.306791834898797,52.097574642859406],[4.306830304713086,52.097577152788574],[4.306888724876466,52.09757788603354],[4.306947043514258,52.097574968904034],[4.307004588962412,52.09756841322195],[4.307060760995875,52.09755829438606],[4.307114958522591,52.09754472374312],[4.307167036266796,52.0975276729985],[4.30719733972865,52.09751540245036],[4.30724324977387,52.09749327046833],[4.307285330892359,52.09746832587528],[4.307323093962064,52.0974408787986],[4.307356108882185,52.09741121294026],[4.30738787295641,52.09737532441674],[4.307397468766538,52.09737805501081],[4.307404950501148,52.097366797785895],[4.307419080600798,52.09734555209609],[4.307435174959416,52.09731186605279],[4.30744559769018,52.09727733704166],[4.30745025235741,52.097242332717634],[4.307449071709399,52.097207221002186],[4.307448381774559,52.09720194729939],[4.307441199025328,52.09716698733663],[4.307434868337894,52.09715173842441],[4.307418134814109,52.097120645991666],[4.307392977740699,52.09708089216679],[4.307425535238345,52.09706818828272],[4.307453001200539,52.09709044875783],[4.307495935423555,52.097122014917105],[4.307498101843174,52.097123562843606],[4.307521605712414,52.09713961625866],[4.307576590106066,52.097175023088056],[4.307615388390241,52.097201994042],[4.307677590221896,52.097251597179834],[4.307690212849639,52.0972625531739],[4.307737612124335,52.097308074655515],[4.307772865185331,52.09734467145021],[4.307789447056194,52.09736331982419],[4.30798494344836,52.097549875182615],[4.308730438137798,52.09821522278207],[4.308972431799736,52.09838799074096],[4.309185030833645,52.09850363579266],[4.309584574951151,52.0987039959989],[4.309722459020096,52.098809849116066],[4.30969650488465,52.098803948964644],[4.309567243086113,52.09881509968252],[4.309493205457479,52.09881674181207],[4.309108679218125,52.09900916091471],[4.309259988015374,52.099148422525104],[4.309260964776629,52.09916057519394],[4.309380564135775,52.09926449968753],[4.309459770748096,52.09934028861624],[4.309494721454307,52.09938107532897],[4.309762381311017,52.09959934110024],[4.309719391672843,52.0996201704319],[4.309806783588173,52.09971368774925],[4.309856228482285,52.0997665797859],[4.309945297547436,52.099858359528284],[4.310062440804844,52.099943816037076],[4.310114264000051,52.099981619691235],[4.31012959548285,52.09998984962279],[4.310259035731316,52.10005927459761],[4.310340550085475,52.10010300332633],[4.310396592315657,52.100128063469626],[4.310477991710025,52.10016445627296],[4.310480392419592,52.10016537707368],[4.310633734192432,52.10022419757669],[4.31064573777343,52.100228801563816],[4.310721024017982,52.100252985640516],[4.310824510745194,52.10028014179111],[4.310940674245144,52.10031062257002],[4.311145125290942,52.100348480022824],[4.31121143758456,52.10036045385524],[4.311190615404946,52.10041174653322],[4.311180244274706,52.1004642312382],[4.311180485922484,52.10051710271355],[4.311208749313317,52.10059599160492],[4.31124470804907,52.10067368557665],[4.311288230458042,52.10074989578127],[4.311339155355242,52.10082434658367],[4.311397295906253,52.10089676660807],[4.311341643861293,52.100917289946864],[4.311310806638327,52.10092925107366],[4.311165827132167,52.10100313603749],[4.311127240232622,52.10103143073912],[4.311093286082961,52.1010619070343],[4.311064307677992,52.10109426244272],[4.311040560242329,52.10112820267145],[4.311022285275746,52.10116339734666],[4.311009636506897,52.101199524281405],[4.311002753722324,52.10123623419453],[4.311001459026559,52.101266972703144],[4.311003204183522,52.10131513209423],[4.311030541493231,52.10139945296971],[4.311047837181948,52.10143222187211],[4.311095855539523,52.10149176095181],[4.31111195036725,52.10150468981744],[4.311153633242442,52.10153819370108],[4.311234813245062,52.10158261984409],[4.311158662237797,52.10160714021074],[4.310103259005614,52.10113437362688],[4.309384634908466,52.10081245398646],[4.307822225352285,52.102175063456016],[4.309915640919854,52.10355940917492],[4.312863983718049,52.10550320139841],[4.313463830097417,52.10663549764402],[4.309587179345995,52.10812524177659],[4.309525811000871,52.10812390773017],[4.309464923195473,52.10811899155852],[4.309405069474163,52.10811054326691],[4.309365516535668,52.10810292775139],[4.309313794839454,52.10809021223105],[4.309263326613327,52.10807394862928],[4.30921582368198,52.108054584058834],[4.309182771133192,52.108038326874826],[4.30913922802916,52.10801276033541],[4.309099919642534,52.10798472466502],[4.309065204777631,52.10795447483264],[4.309050073829526,52.107939037694706],[4.309024516835276,52.107908592959305],[4.309004265315945,52.107876677656506],[4.308989559355354,52.107843626566435],[4.308988890163107,52.10784171484342],[4.308979233796633,52.107809932400485],[4.30897669146332,52.10779489803498],[4.308928313135308,52.10743971687756],[4.308915964308071,52.107394894174675],[4.308898187945169,52.10735176562745],[4.30887481058951,52.107309655494916],[4.308845985859739,52.107268852817015],[4.308811912024074,52.1072296110869],[4.30877280172616,52.10719219291738],[4.308728926419656,52.10715684348155],[4.308711966197714,52.10714463447712],[4.30867571374232,52.107118855809155],[4.308597617037641,52.1070697551179],[4.30851545821397,52.1070232418996],[4.308446334407304,52.1069876613078],[4.308335016439987,52.10693117332294],[4.308220069093662,52.10687749243629],[4.307653464806558,52.106634580790235],[4.307547256654962,52.10658660619159],[4.307460740936208,52.106544079250924],[4.307368878741232,52.10649566960645],[4.307280934846521,52.10644459917779],[4.307216412168659,52.10640052074297],[4.307167105840955,52.10636286478747],[4.307122618428766,52.106322727142185],[4.307083053000006,52.106280675044694],[4.307057527174569,52.106249034649345],[4.307034051392328,52.10621169622418],[4.307016106643699,52.10617321298227],[4.306980398229666,52.106040590152126],[4.306981917829362,52.10604037936035],[4.30691628039362,52.10579061122249],[4.306895659067992,52.10571068352126],[4.306816229263692,52.10539443435219],[4.306714983668692,52.10500773622767],[4.30666657489577,52.10500941606325],[4.306667717057887,52.10501394784749],[4.306333650334166,52.105042624140495],[4.306288626473641,52.105046483158056],[4.306189544782626,52.10505322167029],[4.306248633508344,52.105338161417734],[4.306165618088634,52.10534902249629],[4.306081369956157,52.10535532393],[4.305996550827214,52.1053570178535],[4.305911814252304,52.105354092283015],[4.305827834912175,52.10534656689121],[4.305648204623332,52.105319042635976],[4.305466180164499,52.1052983208029],[4.305282441883666,52.105284484029944],[4.305193162028978,52.105281408376555],[4.305103772422372,52.10528286644611],[4.30501488272334,52.10528884810542],[4.304927092299138,52.10529931616258],[4.304874854796611,52.1053104971198],[4.304826494857177,52.105327021485685],[4.304783440344492,52.1053483967625],[4.304697266842495,52.105334286418234],[4.304710592964486,52.105306766302576],[4.304717248111344,52.105278339986256],[4.304717093336244,52.105249621920265],[4.304710124743291,52.105221225547275],[4.304696495431773,52.105193761256395],[4.304676497741842,52.10516781599539],[4.304399862569682,52.105270123823495],[4.304101271516504,52.10532981609127],[4.304089038135702,52.105332256474426],[4.304078024133164,52.105335579964695],[4.304069077316674,52.105336726959145],[4.303991299008028,52.10535026382674],[4.304188886495571,52.106345908078765],[4.30319409387887,52.10649336744093],[4.30321066079904,52.10655015982767],[4.303228322627241,52.10659536461153],[4.303313814531515,52.10681418060848],[4.303288435043027,52.10681813597476],[4.303332737809072,52.106932582951366],[4.303370254447527,52.107029502473324],[4.303408925509136,52.107129389876235],[4.303447830035028,52.107229890641605],[4.303486933385867,52.10733183141081],[4.303525954791959,52.10743354669347],[4.303563795080725,52.107532203934475],[4.303586667498229,52.107591928353955],[4.303602140248969,52.1076323219706],[4.303633969162234,52.10771159822729],[4.303565917964099,52.10774388028852],[4.303619925557073,52.107790479776604],[4.303669155559954,52.10776980886505],[4.303719432730952,52.10791910582435],[4.30373003145155,52.10794678954882],[4.303800419005888,52.10813068003202],[4.303820793018852,52.10818389159617],[4.303843253088087,52.10824258745428],[4.303851518051036,52.108264173359416],[4.303910278133562,52.10841768297704],[4.303946450565472,52.108512192189245],[4.303961542298444,52.10855161820984],[4.3039683099404,52.10856933419566],[4.304050311513998,52.108670446469915],[4.304154130205478,52.10864117138092],[4.304248347694212,52.10860989340536],[4.304258375455962,52.10860573387565],[4.30427521758207,52.108616764918445],[4.304348132621484,52.10866454448165],[4.304259533546761,52.10871397738192],[4.304281906871562,52.10877146786416],[4.304330048173875,52.10889517206362],[4.304373640866419,52.109007185110436],[4.304379659993842,52.10902266499824],[4.304392015229347,52.10905440071203],[4.304426400411144,52.109142751815895],[4.304462585601715,52.10923574861748],[4.304477730958922,52.1092746469697],[4.304492861964517,52.10931353619902],[4.304528484501115,52.10940506265139],[4.304579774254288,52.10953685850098],[4.304620893806604,52.10964253866175],[4.304630349093572,52.109666841031064],[4.304634197699849,52.10967671000371],[4.304683577045997,52.10980362537205],[4.304753173982777,52.10998246527118],[4.304647571444789,52.11002439857289],[4.304426548150591,52.11011398140966],[4.30437630336244,52.11013547028238],[4.304244854661226,52.11019388478135],[4.304228931625925,52.11020153169759],[4.304217568981658,52.110207144119485],[4.304199313429857,52.110212243780836],[4.30418068424073,52.11021348385781],[4.303674691445226,52.11046902083422],[4.303635008690898,52.11049501093328],[4.30352446702388,52.110561724608985],[4.303419479182525,52.11061974324415],[4.303365652271693,52.11064682568007],[4.303248162839869,52.11069719669986],[4.303170930403639,52.110724396413545],[4.303105797298938,52.11074872309956],[4.301336683601289,52.11133747872607],[4.301216699118851,52.11137740686273],[4.300375727270727,52.11165725900631],[4.299992880176819,52.11177266724617],[4.299942754371624,52.11178069926934],[4.299634694450956,52.111692321237136],[4.299206048352967,52.11157138708278],[4.299203742875719,52.11157073659641],[4.299158271419391,52.11155790353311],[4.299095056592429,52.11153988199868],[4.29897297967882,52.11150495765151],[4.298821709141673,52.11146203337211],[4.298752664806579,52.111442402786636],[4.298586303897462,52.11139507822837],[4.298337871336578,52.11132295063392],[4.298209800836193,52.111290792578366],[4.298083480704099,52.11126229996505],[4.297972184405345,52.111245748192914],[4.297843480890897,52.11123119274789],[4.29777142441403,52.111226158360374],[4.297664766656491,52.11122175694062],[4.297575334999563,52.11121979777684],[4.297486396860991,52.11122035095426],[4.297399838843498,52.111223281106966],[4.297313720095596,52.111228552319204],[4.297227601406762,52.11123621446329],[4.297147006434189,52.111246057942665],[4.29705969094597,52.11125849088629],[4.296980330676715,52.111269783861935],[4.29689768878673,52.1112815408119],[4.296815061449745,52.111293297838785],[4.296731994432752,52.11130512265044],[4.296648927591513,52.1113169384168],[4.29656587508352,52.11132876324613],[4.296483379377094,52.11134050328194],[4.296401601468959,52.1113521420376],[4.296320394960427,52.11136369613736],[4.296237181284242,52.11137553722216],[4.296152736883436,52.11138755562068],[4.296079143266504,52.111398236199236],[4.296012745658212,52.11140778110181],[4.296005361620709,52.11140884308197],[4.295931630092754,52.11141918971029],[4.295857981279388,52.1114297348099],[4.295784332651067,52.11144027087671],[4.295710801854872,52.111450763045184],[4.295637166436876,52.11146135307494],[4.295563261999824,52.11147159899712],[4.295489480332236,52.11148219656945],[4.295415977054473,52.11149275173056],[4.295342341718274,52.11150333258904],[4.295299355893335,52.11150951417781],[4.295267820503566,52.11151192768184],[4.295183467956368,52.111518373244685],[4.295104980521266,52.11152437870311],[4.295100768044746,52.111524699226834],[4.295020905113739,52.11152605371656],[4.294937317523719,52.11152748150628],[4.294706746999244,52.111528131451685],[4.294452620601476,52.11149801898509],[4.294446977736162,52.11149713072898],[4.294292146368734,52.11147282814822],[4.294210805263051,52.111457620182115],[4.294131530398006,52.11143911448666],[4.294053394182978,52.11142121255041],[4.293971342584349,52.11140223156265],[4.293823932536775,52.111368208486425],[4.293632079992124,52.11132353482791],[4.293622583604903,52.11132440852562],[4.293621136752166,52.11132387375894],[4.293364425518044,52.111264045263304],[4.293362969871554,52.11126386996],[4.29335423310577,52.111259357461684],[4.293319042323486,52.11125126468507],[4.293093912467118,52.11119909937727],[4.293047312446428,52.111188320869815],[4.292968063777175,52.11116997642463],[4.292888815173332,52.111151631926305],[4.292809551818804,52.111133296225994],[4.292730531089761,52.11111459418758],[4.292651054497924,52.11109662493691],[4.292571791559683,52.111078280090474],[4.292492543062712,52.11105994431305],[4.292413280035134,52.11104160834691],[4.292341958358514,52.11102508989148],[4.29227065177125,52.111008553555266],[4.292199345237038,52.11099201717605],[4.292128038755878,52.110975480753716],[4.292056748024884,52.11095889949072],[4.291985410916279,52.110942425617786],[4.29191405948487,52.11092594257954],[4.291841227691143,52.11090910417169],[4.291754069733759,52.110888869692744],[4.291678656289442,52.11087134202915],[4.291663936434891,52.11086792435639],[4.291601582715346,52.11085364608],[4.291530097561518,52.11083726942892],[4.291518701905371,52.110834628696985],[4.291353181084451,52.11079630835433],[4.291186963913688,52.11075781950624],[4.291182985579559,52.110756928591016],[4.291104213500163,52.11073885697379],[4.291017935538359,52.11071907956323],[4.290932528114329,52.110699525913574],[4.29084455828801,52.11067968769798],[4.290759004395959,52.11066015952539],[4.290462577978344,52.11059193732794],[4.290427130378315,52.110583643539265],[4.29013042869282,52.110514186484785],[4.290007556705237,52.11048765881614],[4.28981243716998,52.11044553722615],[4.289728136388398,52.11042733231572],[4.289643821080134,52.11040912720923],[4.289558619914245,52.110390734019354],[4.28947521942091,52.11037273506091],[4.289390888620325,52.11035457457131],[4.289306848037253,52.11033648863345],[4.289306557667903,52.11033642300813],[4.289222226784388,52.110318271384806],[4.289137968506793,52.11030013835436],[4.289053565224081,52.11028196795755],[4.28896800031606,52.11026354398259],[4.288914253451035,52.110251978147815],[4.288612285267336,52.11018076930527],[4.288345932989368,52.11011992308569],[4.288333144211768,52.11013773635595],[4.288331284419436,52.11014034372375],[4.288267272406258,52.110175180514496],[4.28822514522985,52.11019810451041],[4.288195462280806,52.11021425915313],[4.288161147867983,52.11023293239213],[4.288127469661604,52.11025126099308],[4.288093880328037,52.11026953648089],[4.288056784038705,52.11028972082253],[4.287989456839723,52.11032636923981],[4.287962821999707,52.11034086236875],[4.287906342916095,52.110340668284266],[4.287688073315955,52.11041122551617],[4.287683926583581,52.1104136227805],[4.287615195054387,52.11045333202803],[4.287576053002651,52.11047595105666],[4.287502448942406,52.110518473199],[4.287501486283778,52.11051903050764],[4.287450046487858,52.11054719766253],[4.28742601359873,52.11056035764969],[4.287364762209502,52.110593898370105],[4.287324613461724,52.110615887702885],[4.287314105773297,52.110621668282896],[4.287273901465049,52.11064413348207],[4.287208657642475,52.11068090876243],[4.28720464554006,52.110683172435664],[4.287142155146105,52.11071840034743],[4.287100998167377,52.11074160266161],[4.287072795271294,52.1107575011756],[4.287022947872797,52.11078560210872],[4.287002724495485,52.110797008809556],[4.286967430314288,52.110816895026474],[4.286937406140931,52.110833828189755],[4.28691087614041,52.110848780486876],[4.286870962679556,52.110871275231204],[4.286854795814503,52.1108803916933],[4.286805273899137,52.110908306810714],[4.286797382745805,52.11091276346226],[4.286738341469088,52.11094603685299],[4.286722781614026,52.11095480840386],[4.286671364474283,52.110983793407854],[4.286637298503611,52.111002998862375],[4.286603972703778,52.111021788748005],[4.286549846278412,52.11105229446404],[4.286540563354146,52.111057538099644],[4.286474178497144,52.11109494951271],[4.286458263143665,52.11110392445021],[4.28642110304117,52.11112486273974],[4.286387466116318,52.11114382943407],[4.286317971564747,52.11118300946476],[4.286242303340959,52.11122566436243],[4.286168826183969,52.11126708125644],[4.286116623664271,52.111296508122045],[4.286002339963837,52.111359143641984],[4.28597313668751,52.111353547277744],[4.285965319053338,52.11135205178517],[4.285964941216744,52.111351980840226],[4.285879797003025,52.11133541023669],[4.285849443388296,52.11132954466924],[4.285788779749554,52.11131782290674],[4.285704751809418,52.111301577210206],[4.285643451825108,52.111267107978534],[4.285585366034735,52.11123550918403],[4.285567308304213,52.11123070226007],[4.285547749470435,52.111229341960545],[4.28552840897903,52.11123156120674]]]]}},{"type":"Feature","properties":{"gezicht_uri":"https://linkeddata.cultureelerfgoed.nl/cho-kennis/id/gezicht/10134454","gezichtsnummer":"1586","naam":"'s-Gravenhage - Van Stolkpark/Scheveningse Bosjes"},"geometry":{"type":"MultiPolygon","coordinates":[[[[4.285979202871508,52.10432567275181],[4.285978792479654,52.10432559251357],[4.285923422630518,52.104318603327854],[4.285904028065538,52.10431543786746],[4.285857483194612,52.10431048165617],[4.285810295636535,52.10430909693354],[4.285793124054206,52.10430990726492],[4.285763194625094,52.10431130849053],[4.285736180113542,52.10431466952292],[4.285733294205401,52.10431153245673],[4.285682235861636,52.10425694320554],[4.285681986506225,52.104256695932534],[4.285670295328028,52.10424510133484],[4.285650433220979,52.10422492704304],[4.285672896793279,52.10421654150103],[4.285673864875032,52.10421575954004],[4.285682176491701,52.10420900578162],[4.285685270243535,52.104200747088456],[4.285709684272692,52.10417081806293],[4.285742907417973,52.10413008600378],[4.285754147188872,52.104116312442194],[4.285772856280085,52.104093386243306],[4.28579199345485,52.10409396056827],[4.285810531975283,52.10409098773875],[4.28583008847839,52.10408283792393],[4.285833426109576,52.1040800826053],[4.285841606555134,52.10407331862142],[4.285848013359693,52.1040621156122],[4.285848714498318,52.104050248057916],[4.285841979655578,52.10403699867065],[4.285760049204559,52.10394877731085],[4.285904966550741,52.103886936154424],[4.285948711289122,52.103869852801836],[4.285937272046867,52.103745836352324],[4.285943879170718,52.1036530355621],[4.285947967271428,52.10359552793738],[4.285949735241603,52.10357057377627],[4.285942833362898,52.10352485555671],[4.285939897842824,52.10350536753985],[4.285933108504886,52.10346041441224],[4.285930802144659,52.10344501315449],[4.285923446013578,52.10339640530764],[4.285920648010699,52.10337785340205],[4.285912684210125,52.103324880344324],[4.285928686458904,52.103302198491704],[4.285854455739337,52.103286448811374],[4.285723927413425,52.10325876631462],[4.28569089492246,52.103300228238496],[4.285679871883127,52.103297958944],[4.285588347068812,52.103279126141956],[4.285619381820435,52.10323936242268],[4.285604209472097,52.10323547232688],[4.285527491632456,52.10321581606496],[4.285516728892407,52.10321305480789],[4.285426260104861,52.10318988120469],[4.285439907135721,52.10317511444723],[4.285436011197373,52.10317387354167],[4.285364681511765,52.10315118440343],[4.285358207450749,52.1031491283873],[4.285272814909728,52.10312195718983],[4.285195856429959,52.103097273761385],[4.285193886799081,52.10309664411327],[4.285111222276879,52.10307013650188],[4.285114976398472,52.103064104212095],[4.285040801920295,52.10303485347165],[4.285025463974627,52.10302880445745],[4.284957744321787,52.103002984793946],[4.284943225807782,52.1029974468004],[4.28486175528649,52.10296515244774],[4.284801794483971,52.102941382774965],[4.284781889446708,52.102933493268424],[4.284780939797679,52.10292938552663],[4.284613257543056,52.102855835367066],[4.284605359023772,52.10286655694436],[4.284579165360896,52.10292957458545],[4.28437857559596,52.10296279897072],[4.284364022071809,52.10296282460048],[4.284355173967333,52.10296470135672],[4.284351749284095,52.10296639964402],[4.284214520882443,52.10289369564664],[4.284089341498824,52.10282620535348],[4.284096551413956,52.10282091554648],[4.284035168406524,52.10278500637381],[4.284209690526621,52.10266886930542],[4.284181521587532,52.10265102375085],[4.284190166433641,52.1026461428704],[4.284115370614372,52.102598944219245],[4.284031103322003,52.10254576925589],[4.283978855955495,52.10257737001137],[4.283926252733111,52.102609192131425],[4.28387470174651,52.10264036790058],[4.283820023825185,52.10267344695302],[4.283738377501301,52.102722830752484],[4.283735849345393,52.10271999361226],[4.283685889301362,52.10266011038602],[4.283672307915429,52.10264382149799],[4.283623908029571,52.10258578655115],[4.283565964865901,52.10251640833779],[4.283633234856465,52.10247879113609],[4.283702206905412,52.10244021904847],[4.283751375257936,52.1024127244058],[4.283794578667303,52.10238857164342],[4.28374452933333,52.102302161858674],[4.283726203448532,52.10227052973987],[4.283690376278527,52.10223890455451],[4.28367784793407,52.102227856964966],[4.283595036679423,52.10215477628389],[4.283519232433788,52.10218453829932],[4.283517580260242,52.10218524192736],[4.283444458489082,52.10221631440147],[4.283328054610834,52.102136411112625],[4.283238395646457,52.10207880756],[4.28324197093593,52.10207411297379],[4.283182178614052,52.102037103637116],[4.283115371435766,52.1019992645183],[4.28304266205127,52.101958098172204],[4.282973062479551,52.10191867776168],[4.282903815037636,52.101879188698206],[4.282833876804145,52.101839306605136],[4.282768410385191,52.1018009854666],[4.282766597432997,52.10179992578614],[4.28270002124234,52.101761036908535],[4.282697116774197,52.10175925688892],[4.282629506670801,52.10171968412699],[4.282561925650849,52.101680120586565],[4.282551853873121,52.10167422846238],[4.282491207125946,52.1016399433326],[4.282455334528546,52.101619661114555],[4.28242192358237,52.101600768245945],[4.282356138021975,52.10156357646131],[4.282349473269826,52.10155980164156],[4.282288193411762,52.10152515990951],[4.282256265231378,52.10150710785585],[4.282157800864566,52.101450948996266],[4.282136714765501,52.10143892213224],[4.282133519373272,52.10143710341584],[4.282124207073378,52.101431786912016],[4.28209868822926,52.10141721736617],[4.282057321526918,52.10139364756785],[4.281811602625016,52.10125344723745],[4.281680085749287,52.10117798928681],[4.281701473455544,52.101158482088984],[4.281701932404977,52.10115807291178],[4.281757325632513,52.10110741958016],[4.281814409467216,52.10105524050999],[4.281814502671505,52.101055160485465],[4.281814796377043,52.10105494076875],[4.281842271850785,52.101034346822],[4.281873937696246,52.10100056524285],[4.281939476726071,52.100930647485114],[4.281962714337127,52.10089327899485],[4.281974348189891,52.100868008393924],[4.281983330389208,52.10083531070476],[4.281986417315715,52.100803142003485],[4.281987146228248,52.10080450613736],[4.281986523084643,52.10080063513837],[4.281983098910018,52.10079331316655],[4.281947655619914,52.10072854956305],[4.281935459556743,52.10070350718874],[4.281917842640134,52.10066453087832],[4.281911884014471,52.100648290784214],[4.281891642089684,52.10059313934364],[4.281885019460494,52.10057158292581],[4.281881861944403,52.10056129941589],[4.281875152477182,52.10054340284537],[4.281855620399845,52.100489799621975],[4.281851454570045,52.100480007776966],[4.281820802047229,52.10040804413661],[4.281788367996264,52.100353825519775],[4.281749493420983,52.10030330377926],[4.281675613601029,52.10024470540504],[4.281662979630558,52.10023797119332],[4.281579744104426,52.10018940631943],[4.28152167587031,52.10016369314007],[4.281471144011611,52.1001413225331],[4.281462673123961,52.100137998130734],[4.281366038848266,52.10009416356719],[4.28136342703093,52.10009295030208],[4.281357291525261,52.10009021409354],[4.281175933897692,52.10003763614961],[4.281396513606394,52.09985967267645],[4.282066976689078,52.0993187313027],[4.283288351736512,52.09833041170149],[4.286632797776242,52.09561233411177],[4.293925560829243,52.08972674873339],[4.293968466585487,52.08974925456229],[4.294051390985413,52.08979209333064],[4.294318901950616,52.08998717383804],[4.294320931309641,52.08998847579963],[4.294358254564212,52.09001611171679],[4.294418401766731,52.09006399515618],[4.294457497935715,52.090098505884576],[4.294514755523161,52.09015417368783],[4.294567006593708,52.09021169166599],[4.294585007343288,52.090231660740464],[4.294599816516646,52.09024966764416],[4.294609655109566,52.090261628483],[4.294610756812135,52.090262973524055],[4.294611139521938,52.090263435497626],[4.294632255371077,52.09028909634715],[4.294674227558868,52.090348056051134],[4.294714141363201,52.09041720785734],[4.294751066471266,52.09049162630666],[4.294955325510507,52.09093567085325],[4.29495855074343,52.09094268049563],[4.29495995715377,52.09094574071055],[4.294961578724584,52.09094925235623],[4.294962714690546,52.09095173478574],[4.294974950247249,52.09097833797858],[4.294976682389513,52.0909821023333],[4.294981518370685,52.090992619025656],[4.295016146922979,52.09106789699034],[4.295018114361711,52.091072184871436],[4.295029754464465,52.09109747917308],[4.295032830676041,52.091104168332],[4.295054544188079,52.09115138961477],[4.295215077549364,52.09150043549305],[4.295221086601491,52.091513713595184],[4.295252324515941,52.0915826589617],[4.295252338282591,52.09158269279698],[4.29530874973039,52.09170719028561],[4.295356861018291,52.091805271618604],[4.295410530117576,52.09190225386075],[4.295431167122197,52.0919368179474],[4.295509832292127,52.0920637754079],[4.295588107935068,52.092181003397485],[4.295637323663354,52.09224225902031],[4.295659141563592,52.092269411557965],[4.295686968799889,52.09230162197648],[4.295692072058602,52.092307329893885],[4.295705029985138,52.09232141164975],[4.295707969058324,52.09232460964454],[4.295712592829094,52.09232963447113],[4.29572020588569,52.09233594989936],[4.295755607122098,52.09236875628808],[4.29581555197479,52.09241734720191],[4.295865577883316,52.09245529795936],[4.295877964403883,52.092464693523574],[4.295888719258659,52.09247218184977],[4.295917554314654,52.09249226001877],[4.295946067456665,52.09250848802406],[4.295957665842967,52.09251340438953],[4.295967863262919,52.092517723514455],[4.295985818117427,52.092524687490254],[4.295986548220654,52.09252496840668],[4.295986858998597,52.09252509038492],[4.296029671672155,52.09254259234016],[4.296115079044715,52.092578160475085],[4.296206626949297,52.09261909997766],[4.29630357729931,52.092658430995684],[4.296616798622436,52.09278549346161],[4.296810104961848,52.09286390878261],[4.297391965667885,52.093096444935014],[4.297408328382517,52.09310288835179],[4.297477242814772,52.093130258060015],[4.297480104506261,52.09313139912259],[4.297604489381544,52.0931808995335],[4.297627657116951,52.0931901563843],[4.297769001942322,52.09324676170063],[4.297787802920143,52.09325436018247],[4.297836700437086,52.093273742428536],[4.29796463224788,52.09332444377305],[4.298003383248182,52.09333980409807],[4.298009084909221,52.09334208150207],[4.298009435383666,52.09334222181921],[4.29815654002722,52.093401003480984],[4.298235380390132,52.09343250938663],[4.298546031593544,52.09355663728557],[4.299134071425996,52.09379145996418],[4.299182432021752,52.09381076477578],[4.299363747824562,52.09388317078641],[4.299368994344955,52.09388526639516],[4.299459612953153,52.09392144420838],[4.299593410795531,52.09397487204096],[4.299628156563041,52.09398874767664],[4.299698761135672,52.094016940646014],[4.299916559027316,52.09410391157155],[4.300248504793675,52.09423613244839],[4.30026893786269,52.09424446467791],[4.300312544813091,52.0942618465342],[4.300312996780364,52.09426201474649],[4.300801414548357,52.09445812834342],[4.301112505335671,52.09458321520948],[4.301115236770752,52.09458431902708],[4.30112005647013,52.094586269050914],[4.301121280627616,52.09458513876475],[4.301544036138255,52.09474444204852],[4.301707436644875,52.09480999400195],[4.30174201046065,52.0947752519423],[4.301942061381064,52.094855799465094],[4.30190599513698,52.09488965143922],[4.302074532614872,52.094954951304956],[4.302003485819611,52.095018510284646],[4.301203110575234,52.09577813160739],[4.301329712650425,52.09613009175731],[4.301588240836974,52.09622989983504],[4.303435455249328,52.096954950255174],[4.304296673074491,52.09730906653961],[4.304692169112906,52.097463710032784],[4.304592285115551,52.097505920420524],[4.304126080753245,52.097702948336135],[4.304042928448449,52.0977380940825],[4.303943818159362,52.09777828857726],[4.303619659600816,52.097909752947686],[4.3032324313838,52.09806720703297],[4.303044187499226,52.098143515600675],[4.302904030233937,52.09820011357409],[4.302761499782943,52.098257660327825],[4.301670030566786,52.098700176428586],[4.301508004202321,52.09876586566822],[4.30075253822644,52.09907214294163],[4.300738519821217,52.09907782941816],[4.300628982342756,52.09912223062989],[4.300623766709928,52.0991242409626],[4.300598130671341,52.09913411692439],[4.300573643729774,52.09914355403902],[4.30054861184465,52.099153192864826],[4.300499255018529,52.099172207357284],[4.300474738632563,52.09918165316877],[4.300469685028716,52.099183602067654],[4.300419738987774,52.09920283581231],[4.300401115796444,52.099210016859715],[4.300376069026427,52.09921966450071],[4.300349342571519,52.09922996181241],[4.300343625973444,52.099232165264944],[4.299985675537951,52.09937189235595],[4.299862470965642,52.09942006789372],[4.299653400928367,52.09950183287231],[4.299527101092426,52.09955121994515],[4.299494284446648,52.09956405860148],[4.299462926848683,52.09957631745888],[4.299461468000727,52.09957688826194],[4.299456619911983,52.099578785082215],[4.299455904554868,52.09957999195664],[4.299448539101694,52.0995827734044],[4.299446747095325,52.099582640012954],[4.299442252718581,52.09958439627758],[4.299415875608607,52.099594714581244],[4.299397441136968,52.09960192417955],[4.299387361831402,52.09960586708678],[4.29936102891036,52.099616167808705],[4.299264023110494,52.09965410368825],[4.29901762518853,52.09975045324662],[4.298559853451654,52.0999294609283],[4.298436645812335,52.09997763496256],[4.298394235425851,52.09999422287533],[4.297956456749457,52.10016296804035],[4.297544842765321,52.100321625455244],[4.29739838433045,52.10037807779728],[4.296853729728332,52.100588005721804],[4.296729722083567,52.10063531666132],[4.296574234512989,52.10069384174553],[4.296287705515903,52.100798964824584],[4.296153548320523,52.10084704414113],[4.296026946528976,52.10089174158528],[4.295899343512446,52.10093618692933],[4.295658427279923,52.10101845901682],[4.295556532677007,52.10105251740834],[4.295427911095057,52.10109500226164],[4.295273115928147,52.101145361316235],[4.294506515717556,52.101387199523465],[4.294488378856485,52.10139291899361],[4.294483047698501,52.10139485607653],[4.294439220225499,52.10141078225529],[4.294384538704434,52.10143066169602],[4.294325807406474,52.101452004677775],[4.294285072447624,52.101466808917856],[4.294281929011966,52.101468217965426],[4.294276502058035,52.101469893478004],[4.294273212602196,52.10147070791602],[4.294271513533182,52.10146856183537],[4.294253506005623,52.101473167867965],[4.294234080006039,52.10147430008832],[4.294214989319534,52.101471866893974],[4.294197892702758,52.101466081418735],[4.294184324916124,52.10145745227513],[4.294179978251973,52.10145315131514],[4.294176469682995,52.10145397270724],[4.294174645306372,52.10145217602313],[4.294143183131626,52.10146382127667],[4.294079214508066,52.10148743465664],[4.294008826927175,52.101513891824126],[4.294011462389978,52.101517736472346],[4.294011066223842,52.10152557994862],[4.294005377148554,52.101532601304875],[4.293995448092643,52.10153752491933],[4.293987568150742,52.1015404270994],[4.293522009302519,52.101712179175586],[4.293440321079008,52.10174231539998],[4.293412720565896,52.10175241428047],[4.293396696757283,52.10175826105734],[4.293271398767186,52.10180433395353],[4.293146199810902,52.101850524490494],[4.293020956157545,52.101896741446915],[4.292634869232955,52.10203919646131],[4.292438466486985,52.10211166420182],[4.292166470402731,52.102212049441704],[4.291952351033869,52.10229146186351],[4.291572027669564,52.10243252879109],[4.291115101673576,52.10260206856394],[4.290945770115046,52.102665032816134],[4.290800405495817,52.10271907823679],[4.290186387671496,52.10294736854351],[4.290173011870299,52.102952340659314],[4.289943206321249,52.10303778771388],[4.289815397855412,52.1030853437076],[4.289670234595704,52.10313939861171],[4.289514817972043,52.103197267947266],[4.289344006458876,52.10326087231563],[4.289163383385157,52.10332812434694],[4.288309112554197,52.10364610327401],[4.28813718099353,52.103710001085524],[4.287903538418474,52.1037968286438],[4.287680678499592,52.10387964847946],[4.287411581522408,52.103979977989226],[4.287230433244854,52.104047572747966],[4.286912700936284,52.10416611683833],[4.286824954878679,52.10419885263818],[4.286668393246106,52.104257273858614],[4.286518593477528,52.10431316926259],[4.286436062172273,52.10434395797389],[4.286421642324585,52.10434802104593],[4.286405893623818,52.10434914138237],[4.286370408939498,52.10436184588759],[4.286352095907104,52.10436840291786],[4.286337519851008,52.104373621818965],[4.286191619300046,52.10442585661517],[4.286137699893342,52.10444516186071],[4.286029269830291,52.10448569483628],[4.285961219918549,52.10441288413312],[4.285967605998652,52.104410521334444],[4.286039385090447,52.104383956078735],[4.286042165298588,52.10438279329252],[4.286044572820854,52.10438135286858],[4.286046548175124,52.1043796791948],[4.286048020767921,52.10437782329697],[4.286048956490247,52.10437583654162],[4.286049320956388,52.104373781528636],[4.28604910907889,52.10437171663713],[4.286048319252712,52.104369707020375],[4.286046982930195,52.10436780915173],[4.28603467818264,52.10435474819166],[4.286018965251849,52.10434315875467],[4.286000292112826,52.10433337311303],[4.285979202871508,52.10432567275181]]]]}},{"type":"Feature","properties":{"gezicht_uri":"https://linkeddata.cultureelerfgoed.nl/cho-kennis/id/gezicht/10134455","gezichtsnummer":"1587","naam":"'s-Gravenhage - Statenkwartier"},"geometry":{"type":"MultiPolygon","coordinates":[[[[4.279055812953705,52.090566511618135],[4.279016058215137,52.09063675567811],[4.278971756230828,52.09071500863818],[4.278879791890759,52.090879312108875],[4.278868115148262,52.09089766519017],[4.27884309118623,52.09094406798585],[4.279201266773545,52.09137235686408],[4.279275192576539,52.091460773110384],[4.279384947394944,52.09160384514],[4.279391137468851,52.09161198421568],[4.279481005263864,52.09172903553336],[4.279553016914028,52.09182289876121],[4.279606243113636,52.091892198910365],[4.279715883871052,52.0920346583011],[4.279814526142421,52.09216281200974],[4.279883280221132,52.0922521500353],[4.27993953641456,52.09232524477823],[4.280040922276349,52.092456983605004],[4.280144528591877,52.092591601618324],[4.280226404719952,52.09269797951749],[4.280423862522055,52.092951671827414],[4.280688477367062,52.093291639120864],[4.280697455026771,52.0932986087919],[4.280746883048312,52.093336951436655],[4.281068035607733,52.09357911173238],[4.281269563317282,52.093678054533385],[4.28150012625916,52.09380029856072],[4.281795085472303,52.09394762250116],[4.28180455647048,52.09395235851505],[4.281978681720236,52.094039438584744],[4.282168203422394,52.0941342222881],[4.282284307098012,52.094192281512676],[4.282291010369864,52.09419563423797],[4.28234401674204,52.094222144598454],[4.282349235194267,52.09422475531219],[4.282403294081602,52.094251787870824],[4.28240643660733,52.09425336339367],[4.282530714454061,52.094315516965054],[4.283279330223555,52.09468988342164],[4.2833960853791,52.094748271223764],[4.283458665215422,52.09477957184637],[4.283563591235094,52.09482884197666],[4.283624544444088,52.094857466609575],[4.28392062857795,52.094986970974965],[4.283954370476589,52.09500174073302],[4.284306004282168,52.095155546060255],[4.284520378007193,52.09524931352289],[4.284563996407414,52.09526839347493],[4.284783048265698,52.09520311253116],[4.284829364680957,52.09518853457023],[4.284872592187602,52.09517493443886],[4.284874063008289,52.095174471792596],[4.284930024198109,52.09515686266198],[4.284932833524288,52.09515494062767],[4.28494738359153,52.09515140031503],[4.285287969970889,52.09505297648412],[4.28583602661301,52.09489816725638],[4.285849401815128,52.094915653995095],[4.285958255262927,52.095056221327305],[4.28600769060921,52.095117042613204],[4.286075647777782,52.09519260767068],[4.286148655192882,52.095266377176856],[4.286192761481007,52.095307157642985],[4.286240288064914,52.09534832060359],[4.286316477783235,52.095409041116426],[4.286397203973165,52.09546749384459],[4.286400736917638,52.09546922571421],[4.286418880854763,52.09548153896348],[4.286463269690788,52.0955114545809],[4.286502574629217,52.095536837321745],[4.286582926557463,52.095583538145135],[4.286630898321247,52.09561123772595],[4.286632797776242,52.09561233411177],[4.283288351736512,52.09833041170149],[4.282066976689078,52.0993187313027],[4.28047307100949,52.100604692950284],[4.279203914650552,52.10163920869253],[4.279155431419307,52.1016250001548],[4.279052673044105,52.101581312880406],[4.27863695997983,52.101402584038375],[4.278567494336595,52.10136324989121],[4.278505011804407,52.10131970050116],[4.278450183222702,52.10127240061538],[4.278411112321718,52.10124050507555],[4.278366200055626,52.1012116714147],[4.278316071177545,52.101186309997026],[4.278261428551441,52.10116477124808],[4.278203034632878,52.10114735671677],[4.278130350371498,52.10113379869153],[4.278056091399876,52.10112399882613],[4.277755636827186,52.101095085788316],[4.277454194933957,52.10107038739369],[4.276501565933658,52.10098863915822],[4.276475351148915,52.10098747527137],[4.276449683166477,52.10098398395323],[4.276425111187311,52.100978237795374],[4.276402150349999,52.10097035850691],[4.276400097231956,52.10096913241925],[4.27639909106624,52.1009690937235],[4.27640134939135,52.100922413999115],[4.276401680968643,52.1009155317478],[4.276408001812333,52.10068818513604],[4.276408736856398,52.10062394952353],[4.276410209132515,52.10056293882799],[4.27641171534699,52.100500562162836],[4.276426709364909,52.100379984658886],[4.276426855804036,52.100378790536205],[4.276440864336877,52.10030315644293],[4.276449980809125,52.100254640225195],[4.276458761200582,52.10020790061043],[4.276467826933938,52.10015966256373],[4.276491387914083,52.100035579271484],[4.276500207344229,52.09992088512357],[4.276494892520971,52.09980994091513],[4.276491257088066,52.09979529994839],[4.276479294517348,52.0997645176246],[4.276461730936838,52.099734761165195],[4.276387756351162,52.0996620821536],[4.276010219329243,52.099377571238875],[4.276001241101216,52.09935533832716],[4.27600000353941,52.099352279475184],[4.275960178466433,52.099327373717955],[4.275925197025099,52.09930548888974],[4.275812191149598,52.09923240553162],[4.275694100949567,52.0991560201884],[4.275680193963568,52.09914535422806],[4.275627631349066,52.09910502938675],[4.275618628541424,52.09909729505781],[4.275615856236844,52.099094913860405],[4.275600556411666,52.099079219034245],[4.27559501752924,52.099069530860014],[4.27559125375954,52.099052434723546],[4.275593315550958,52.09903525869902],[4.275601112059815,52.09901872102906],[4.275666044122831,52.09884861016283],[4.275585766564325,52.09883875644282],[4.275513276530042,52.09882798735882],[4.275507812536684,52.09882702795842],[4.27543706395452,52.09881255391203],[4.275377775150298,52.098797396916815],[4.275310837484128,52.098777583473066],[4.275246764782636,52.09875525320483],[4.275185760383105,52.09872985972162],[4.275128214026115,52.098701577491646],[4.275074888354356,52.09867084517593],[4.275024922612001,52.09863706140062],[4.274809444596898,52.09847020797716],[4.274763049964093,52.09843428476178],[4.274755284332946,52.098428458666994],[4.27470936387861,52.09839401181269],[4.274671101596635,52.098363259693336],[4.274648886585758,52.09834571070227],[4.274625784571791,52.09832744322275],[4.27458707107071,52.0982954733347],[4.274553506198152,52.098267749783545],[4.274531448946757,52.098248557317895],[4.274522220414335,52.09824052414209],[4.274475130539959,52.098196196507494],[4.274426192120575,52.09814697949866],[4.274407467980859,52.09812816005041],[4.274376679454465,52.09809386491837],[4.274348560609601,52.0980625522835],[4.27433098868078,52.09804200887323],[4.274313445503948,52.09802148370914],[4.274286313586043,52.09798746577532],[4.274246548198302,52.09793386789655],[4.274229376632261,52.097910730502285],[4.274207477766505,52.09787580915777],[4.274187165362404,52.09784341065152],[4.274174802248223,52.09782176584566],[4.274174606244345,52.09782143141098],[4.27414066314387,52.09776202781209],[4.27411184643425,52.09770482991666],[4.273876965309956,52.09774425630351],[4.273854725382417,52.097751174298075],[4.273843141015532,52.09775394126751],[4.273818461740991,52.09775683621861],[4.273793360837731,52.09775614965907],[4.27376919443248,52.09775193035504],[4.273747241216735,52.09774440611717],[4.273728702893106,52.09773396582718],[4.273534889557595,52.09758306520012],[4.273468271597194,52.09753119083668],[4.273403171381753,52.097480499314784],[4.27335413506712,52.097442319102974],[4.273305241839825,52.097404257076064],[4.273256363287141,52.09736619516679],[4.273207603116565,52.097328071434184],[4.273158651101231,52.09729003575468],[4.273109699169111,52.0972520000549],[4.273059771970496,52.09721444949596],[4.273010819757166,52.09717643172837],[4.272961853483602,52.09713839582925],[4.272911398015353,52.09709921324676],[4.27270718687703,52.09694059043875],[4.272358721242347,52.09667143441588],[4.272309100119863,52.0966327808056],[4.272256701061071,52.096591988537064],[4.272202484655661,52.0965497498395],[4.272148268352595,52.096507511117025],[4.272094037112424,52.09646529020475],[4.272039821014036,52.09642305143238],[4.272007866938114,52.09639815584948],[4.271985735237089,52.09638144308002],[4.271892352790773,52.09631091455242],[4.2717955380108,52.09623582313209],[4.271772289184184,52.09621709525623],[4.271748746280057,52.09619728594179],[4.271679658927915,52.09614510850562],[4.271675335817713,52.09614055523219],[4.271673528565366,52.09613285274105],[4.271677478716276,52.096125447440514],[4.271568971135978,52.096235889909146],[4.271409608526358,52.0963980754961],[4.271321663029123,52.09648455962204],[4.270929827631275,52.09688143292988],[4.270872530518132,52.09694390140906],[4.270863948676514,52.09695325831601],[4.270791041238343,52.09687521050102],[4.270746264817228,52.0968272807787],[4.270730216579669,52.09681009506393],[4.270603421344549,52.0966743861289],[4.270588140715876,52.09665802564282],[4.270331824429388,52.096383651139064],[4.270286310457414,52.09633548952345],[4.270225170523663,52.096270784305354],[4.270179668902081,52.09622272163948],[4.270134551680822,52.096175049115004],[4.270089946583878,52.09612791176306],[4.270038117530798,52.096073173339356],[4.269986376823958,52.0960184087627],[4.269941603010721,52.09597102705561],[4.269896743767701,52.0959235636218],[4.269851103230107,52.0958752478196],[4.26970429940798,52.095719887505155],[4.269595702599824,52.095608826364376],[4.26950844494181,52.09551958545561],[4.269075947360103,52.09503507879203],[4.268964079935582,52.09490976578773],[4.268880822238941,52.094813434252664],[4.268835892788392,52.0947531157974],[4.268796893889038,52.094700754723675],[4.268755170604874,52.094644709355755],[4.268725863706997,52.09460104247821],[4.268696586946405,52.09455733992371],[4.268667070298188,52.09451331148912],[4.268642956800796,52.09447731634814],[4.268638393281458,52.09446780786982],[4.268617295670854,52.09442385033827],[4.268593354105529,52.09437398715908],[4.268592125706248,52.09437117100613],[4.26859157379105,52.09436989835226],[4.268569020470783,52.094318214636516],[4.268548978079064,52.09427233452287],[4.268528046863203,52.094225816755106],[4.268505931950364,52.09417178213093],[4.268483885769968,52.09411791894069],[4.26846793236402,52.0940789360506],[4.268476897064103,52.094075272834885],[4.268473791723017,52.09407164785249],[4.268408629301159,52.093901393355345],[4.268391815607414,52.09383905846974],[4.268369471428449,52.09377028905588],[4.268364891641287,52.09375618715295],[4.268329165320322,52.093674580574735],[4.268284802551278,52.09359460884136],[4.268257275078901,52.093553942996046],[4.26825021012479,52.09354351187398],[4.268237853589393,52.09352526421855],[4.268231999316494,52.09351660638783],[4.268170951593266,52.09344090764777],[4.268165262440265,52.093434399695795],[4.267954119745659,52.093227540722275],[4.267943006387025,52.09322726439056],[4.267912878307687,52.09320772432212],[4.267818056325702,52.09314624843508],[4.267761907235234,52.09310984094437],[4.267684652383673,52.0930648374297],[4.267567147814524,52.092996566085894],[4.267559691504692,52.09298487277475],[4.267395888515902,52.09289188273516],[4.267383421874228,52.09288970585069],[4.267377432539077,52.092887033209244],[4.267285663395074,52.09283365780081],[4.267226142931187,52.09279904272924],[4.267166406862403,52.092764299735094],[4.26710710250512,52.092729803509606],[4.267047697460977,52.09269525236385],[4.267015808718599,52.092676702066285],[4.267006188663602,52.09266109601583],[4.267000360591513,52.09266072601169],[4.266847259372598,52.09257753579092],[4.266844785411893,52.092574348226236],[4.266829958445732,52.092569694910395],[4.266735259723788,52.09251505975011],[4.266674237408029,52.09247984584366],[4.266613229778239,52.092444632044355],[4.266552006325726,52.09240929930641],[4.266490969934215,52.09237407617991],[4.26647739021899,52.09236624366745],[4.266290935326045,52.09225726134911],[4.266194490647943,52.09220130576501],[4.266059943835318,52.0921232168315],[4.265863575437123,52.09200926759562],[4.26530658266054,52.09168363370291],[4.264701937606602,52.091333287030814],[4.265490187896813,52.090693899878254],[4.266924802904482,52.08952791865853],[4.26724003338626,52.08927405858126],[4.26739728816925,52.089161395602886],[4.26924988081737,52.087962894636675],[4.269955797975018,52.08751136899626],[4.269559036785563,52.08732115034657],[4.270282779346675,52.086785762582856],[4.270609827833933,52.086537405651775],[4.270898658651901,52.08629268130027],[4.270967765091426,52.08623413589692],[4.27116882280612,52.08606379745168],[4.271165287382915,52.08606221789966],[4.271276652361148,52.085967874761295],[4.271304490906675,52.08598021030622],[4.271781485247077,52.08557326543279],[4.271784049451098,52.08557107846751],[4.27181804027858,52.08554207884392],[4.271895016504072,52.08547796244882],[4.271963585567783,52.08541921363166],[4.272072901665692,52.08532556946328],[4.272220121197497,52.08518362988355],[4.272485318599156,52.085286345705114],[4.27262928376445,52.085367428893186],[4.272675166704337,52.08539326962691],[4.272751223454421,52.08543610583718],[4.27311550510988,52.08564126967152],[4.273234482093406,52.085708277641814],[4.273881874339409,52.08589462068851],[4.273885578140961,52.08589588714251],[4.273909016030843,52.0859039108269],[4.273902985774763,52.085910523519736],[4.274125273844741,52.086008156024725],[4.274398266056393,52.08612753435491],[4.274685627279755,52.08625297129549],[4.274872486474685,52.086334951019566],[4.274928198114757,52.08635950385812],[4.275320148827514,52.08653087919778],[4.275326561016493,52.0865331082395],[4.275323189116564,52.086532426985684],[4.275318815453483,52.08653051605485],[4.275383302977897,52.08655893574891],[4.275566158944191,52.086639465345684],[4.275633634858142,52.08666801196735],[4.275644364173663,52.08667369519715],[4.275759182988494,52.086724216399276],[4.277551281756817,52.08751050739774],[4.276635189906018,52.0871079809822],[4.277574094399332,52.087519090745324],[4.277631447576646,52.087544203805905],[4.277660443526488,52.08755690153467],[4.277675776912201,52.08756361668883],[4.277738507201005,52.08759108369349],[4.277745955598477,52.08759434482851],[4.277825650713372,52.087629234422664],[4.277901563946462,52.08766247038473],[4.277919131313698,52.0876701593446],[4.277920852688396,52.08767091262668],[4.277960400780489,52.087688228708885],[4.277960776063891,52.08768839403907],[4.279367372401406,52.08831157593785],[4.279551284384033,52.08839143050996],[4.279864477981983,52.08852741872708],[4.280057100708426,52.0886110554668],[4.280110383402121,52.088634189731835],[4.280102179614012,52.088648901408405],[4.280092948790486,52.08866545961349],[4.280084674232248,52.08868067174706],[4.280055631371045,52.088734052766036],[4.279829065540399,52.089148094287545],[4.279827399918636,52.08915112582345],[4.279781314766478,52.08923491738099],[4.279584454851712,52.08959707584499],[4.279577009015536,52.08961077663262],[4.27951524161726,52.089724389192796],[4.279488682940014,52.0897727147764],[4.279345999805578,52.09003240691459],[4.279316724790728,52.090086693433214],[4.279055812953705,52.090566511618135]]],[[[4.279055812953705,52.090566511618135],[4.279059429788687,52.0905601209169],[4.279055373225395,52.09057012320913],[4.279055812953705,52.090566511618135]]]]}},{"type":"Feature","properties":{"gezicht_uri":"https://linkeddata.cultureelerfgoed.nl/cho-kennis/id/gezicht/10134456","gezichtsnummer":"1588","naam":"'s-Gravenhage - Marlot en Reigersbergen"},"geometry":{"type":"MultiPolygon","coordinates":[[[[4.35843924489878,52.105069160739895],[4.358021321000962,52.10532868624436],[4.357937900340532,52.105277372100744],[4.3567986640394,52.10458996381773],[4.355108998526816,52.103681405487215],[4.353744528125545,52.102984758772955],[4.351942951269036,52.10203994631404],[4.351790155181022,52.10196192208613],[4.35004577169232,52.101047406694995],[4.3492231915881,52.100668269395506],[4.349223061713473,52.10066820533124],[4.349169441411497,52.10064349073765],[4.347979083140891,52.100087785949256],[4.347840961774526,52.100018865541216],[4.347726445134666,52.099961730525635],[4.347686219312817,52.099941663650796],[4.346596069266565,52.09939773158235],[4.346438407275526,52.09933703237901],[4.345498732331982,52.09881322281508],[4.343880542037648,52.09817745203072],[4.343738434445526,52.09810600157329],[4.343974789613825,52.09790317936076],[4.344005918909007,52.09786447107169],[4.344016590760229,52.097851208378984],[4.344054704337583,52.097819662934846],[4.344080956656788,52.09779793598348],[4.344133817735008,52.09782302374659],[4.344165770454904,52.09779655626872],[4.344884383082148,52.09718913191132],[4.344940526493592,52.097139148095124],[4.344952587981226,52.09713011328882],[4.34496941802087,52.09711748923066],[4.344999942882104,52.097094631333114],[4.34611914374402,52.096189153622525],[4.346161666021208,52.09615743072158],[4.346188903203482,52.09613719513515],[4.347349844222094,52.09519005258546],[4.347404346062329,52.09514704630528],[4.347767658058276,52.09486041174464],[4.348458335964856,52.09423636016638],[4.348650653074638,52.094072951334375],[4.349338832414934,52.09348820702261],[4.349348970453732,52.09347959527843],[4.349356830880845,52.09347291401557],[4.349423349438382,52.093412484749315],[4.349424052990166,52.09341062355054],[4.349557082338157,52.09330296693098],[4.349626304552546,52.093355072402204],[4.349665590188628,52.093385251619935],[4.349668461353521,52.09338745664606],[4.349665991802783,52.09338869781194],[4.349664648588711,52.09338935339484],[4.349771031066332,52.09346608225853],[4.349810171361548,52.09349577251223],[4.349876762160559,52.09354605693697],[4.350045035379752,52.0936739454078],[4.35015797878394,52.09375996299972],[4.350167454570293,52.0937670013535],[4.350173741800086,52.09377167459891],[4.350187719303348,52.09378281992983],[4.350193921547256,52.09378675310922],[4.350206663550458,52.09379642690981],[4.35021414956133,52.09380211068907],[4.350220416634732,52.09380686689962],[4.350240006380486,52.093821744707206],[4.350240726999652,52.093822292614234],[4.350246499248926,52.09382667593466],[4.350278246744362,52.09385077969844],[4.350301615448704,52.09386852441789],[4.350318237096075,52.09388112893411],[4.350475272356897,52.0940003517072],[4.35048885360442,52.09401065532315],[4.350493844256453,52.094014447493045],[4.350500455730406,52.094019458400055],[4.350555843844345,52.094061401285764],[4.350581959428132,52.09408121727542],[4.350600961405947,52.094095649406896],[4.350701680659193,52.09417208489704],[4.350720998293087,52.0941867534896],[4.350767310264822,52.09422189743161],[4.350811177086237,52.094255186167075],[4.350830982544393,52.094270218577],[4.350928905709231,52.09434454391039],[4.350948151787978,52.0943591579033],[4.351040209762245,52.09442902712964],[4.351053949061175,52.094439448920205],[4.351148244590096,52.094511018609424],[4.35116189764394,52.0945213856969],[4.351220110375348,52.094565555310176],[4.351249567908718,52.09458791734641],[4.351271453102696,52.094604531986356],[4.351331128707848,52.09464982000569],[4.351339160087538,52.09465591299382],[4.351350246021786,52.094664333923646],[4.351359267103448,52.09467117267858],[4.351433011914512,52.094727145967084],[4.351440125535931,52.094732538756055],[4.351451240273565,52.09474097790659],[4.351457837371191,52.09474598863162],[4.351556895732959,52.09482116833452],[4.35156279038931,52.09482563356169],[4.351574034201668,52.09483417270957],[4.351576443635197,52.09483600060108],[4.35162926445462,52.09487608671984],[4.351633222861822,52.094879087756865],[4.351644395203423,52.09488756334926],[4.351648382170084,52.09489059160263],[4.351731765488124,52.09495387626384],[4.351738276559714,52.09495882329624],[4.351749549204696,52.09496738065744],[4.351753823217908,52.09497061816806],[4.35181985309388,52.095020734732245],[4.351830982357588,52.095029182961916],[4.351839142903074,52.09503537592466],[4.35187795206128,52.09506483110044],[4.35187865474191,52.09506536760373],[4.351889984764064,52.0950739703983],[4.35190094208374,52.09508228228092],[4.351902928392905,52.095083791845774],[4.351938130215371,52.0951105277056],[4.35195476654376,52.0951231680664],[4.351974246338859,52.09513795921749],[4.351976339482046,52.095136903458894],[4.351978121717445,52.0951380876384],[4.352123367923412,52.09524810806874],[4.35246592795851,52.09550877579876],[4.352546196426749,52.095566756177675],[4.352634335396441,52.09562897632233],[4.352685742534479,52.09566417095075],[4.352690063306052,52.09566712794127],[4.352721655282552,52.095688762273625],[4.352810437361708,52.0957471767388],[4.352908076084895,52.095808212646766],[4.353008536801095,52.09586903054047],[4.353006273737194,52.095870491562835],[4.353016718609382,52.09587684156269],[4.353021425926093,52.09587965137263],[4.353053816622811,52.095898946583844],[4.353055213059784,52.095899776804046],[4.353067374913431,52.0959068227551],[4.353071659277155,52.0959093052604],[4.353126694972995,52.095940187763055],[4.353139416534942,52.09594732850376],[4.35320116623785,52.09598197320136],[4.353213700422922,52.095989013414815],[4.353218260374684,52.09599157024162],[4.35322456363592,52.0959951041479],[4.353368514698298,52.09607176373702],[4.353374905716193,52.096074974813405],[4.353377220090069,52.096076186110494],[4.35341248374224,52.09609463901645],[4.353443298878188,52.096110765281885],[4.353562839328029,52.096173323053456],[4.353610554750238,52.09619828951411],[4.35370664885652,52.09624857874962],[4.353730052517554,52.09626081977208],[4.353758459682679,52.09627568889932],[4.353760406359103,52.096276708202936],[4.355946693285318,52.09742088603327],[4.355947115067831,52.0974211076984],[4.355991581646631,52.097444514430585],[4.355992064719166,52.09744476809202],[4.356084999787849,52.097493358065265],[4.356107957795724,52.09750536100153],[4.356258497357975,52.097584070098875],[4.35628686315601,52.097598906781116],[4.35629881455201,52.09760515280781],[4.356336932741043,52.09762507920592],[4.356395962393835,52.0976557344082],[4.356449403069085,52.0976836665811],[4.356456213374052,52.09768722721641],[4.356469422884468,52.0976941381519],[4.356617728700451,52.09777166771063],[4.356631154653321,52.09777868838385],[4.356776634569578,52.09785473686875],[4.356790060779526,52.09786174853704],[4.356935468898383,52.09793776922797],[4.356948808434903,52.09794474416556],[4.357598890672113,52.09828456858327],[4.357708396455362,52.098342899623276],[4.35777683446672,52.098384647382694],[4.357855967258639,52.098439225407866],[4.35787628962376,52.09845354202087],[4.357939167069372,52.098502270239635],[4.357984334658047,52.09854175626247],[4.357985851167506,52.09854308409377],[4.357988809897295,52.0985419930912],[4.358098462230282,52.09864472892619],[4.358136025752584,52.098679789004414],[4.358198079312163,52.09873770526591],[4.35821495362524,52.098753456863996],[4.358221554780168,52.09875961778039],[4.358338555547956,52.09886906912851],[4.358369530979781,52.09889804923111],[4.358410993619156,52.098936837583736],[4.358421067128263,52.09894622875286],[4.35844037120623,52.098964221719314],[4.358514901599709,52.099033680257136],[4.358571642762537,52.099086552264176],[4.358586334484352,52.09910202408821],[4.358599473342513,52.09911838122263],[4.358607947031094,52.09913133589217],[4.358797736727155,52.099320719735125],[4.358807711424968,52.09932489659677],[4.358859377146023,52.099350353768514],[4.358872247005912,52.099360011987756],[4.358995368012687,52.0994839877586],[4.359004224393905,52.099490464927605],[4.359008702625625,52.09949374889158],[4.359602381288089,52.0998024905553],[4.35964916990281,52.09982681722748],[4.359862790867974,52.09993790927806],[4.360574025900114,52.10030803819646],[4.360629757412065,52.100337044544446],[4.360869430191003,52.10046176368171],[4.361104364113392,52.10058633320352],[4.361115834120338,52.10059088242857],[4.361126351829388,52.10059622335103],[4.361372398038852,52.10072445754953],[4.361428735241406,52.10075382832821],[4.361665061977365,52.10087698862475],[4.362286608382512,52.10119987334064],[4.362345266390982,52.10123056720353],[4.362400448346509,52.10125945106539],[4.362504192944098,52.101313727507964],[4.362714338102583,52.10142488293516],[4.362656500025316,52.1015048644177],[4.362651523989824,52.10150863234487],[4.362647096519445,52.101512665710416],[4.362643262629549,52.10151691097387],[4.362640051918491,52.10152135041529],[4.362616565527447,52.101551339075435],[4.362611914002716,52.101555595207856],[4.36257996999465,52.101596054007096],[4.362497849720214,52.10170123519101],[4.362474926367002,52.1017302130026],[4.362442968546176,52.10177062670184],[4.362366771747772,52.10186697852569],[4.362306124428324,52.10194274671057],[4.362112036838398,52.102180884617965],[4.36199353473768,52.1023238608434],[4.36196893542043,52.10235205994705],[4.361933388856473,52.10239107602317],[4.361877613006123,52.10245230680319],[4.361829663834692,52.102501309194764],[4.361753599763125,52.10257903733776],[4.361730100337374,52.10260254490684],[4.361629494635936,52.10269892659591],[4.361609570866792,52.10271735970956],[4.361485209713185,52.102828653458985],[4.361338843559647,52.102956807001455],[4.361271813053587,52.10301545868513],[4.361229703113064,52.103052296109134],[4.361214002929493,52.103066037899126],[4.361056669391763,52.103203893241044],[4.361053585780791,52.10320659894046],[4.361048415934336,52.1032111651018],[4.360972761745304,52.103277921197495],[4.3608550042551,52.10338055281154],[4.360710207632978,52.103507577693904],[4.360590253072688,52.103612392128575],[4.36053683146094,52.103656771126275],[4.360485704303642,52.10369657689503],[4.360483164580852,52.10369847834037],[4.360437939594788,52.10373234008136],[4.360403744185951,52.10375627556047],[4.360372432476969,52.10377810809196],[4.360266436390959,52.10385203077228],[4.360265664913674,52.103852572357575],[4.360199463043269,52.103897909507715],[4.360148290206864,52.10393269008938],[4.360125394992198,52.10394825665758],[4.360033480378411,52.10401043009188],[4.359906050952263,52.104096752009454],[4.35975825542846,52.10419717022033],[4.359687565675062,52.104245290398694],[4.359674931380948,52.104253890248806],[4.35964101748353,52.10427697404351],[4.359300025992098,52.1045095750554],[4.359262430936838,52.104534028868464],[4.359252888112024,52.104541487111085],[4.359036570058108,52.10468239837789],[4.359023874525194,52.10468936618842],[4.358936860481196,52.104743968153215],[4.358885925743811,52.10477592784069],[4.358782930141568,52.104840565404615],[4.358670807675737,52.10490534795925],[4.358542395402608,52.10499783728252],[4.35843924489878,52.105069160739895]]]]}},{"type":"Feature","properties":{"gezicht_uri":"https://linkeddata.cultureelerfgoed.nl/cho-kennis/id/gezicht/10134457","gezichtsnummer":"1589","naam":"'s-Gravenhage - Duinoord"},"geometry":{"type":"MultiPolygon","coordinates":[[[[4.281705432926434,52.086138595786366],[4.281535151254047,52.086273103674046],[4.281373607676222,52.08641163713645],[4.281221048209573,52.086553985035046],[4.281077711865248,52.086699924928794],[4.28077446423305,52.08656260401132],[4.28022624138472,52.08633495661674],[4.280173107185859,52.08631285748029],[4.279629276092476,52.08608781930194],[4.279320265649977,52.08595994377251],[4.279312486798838,52.08595765940309],[4.278874914796515,52.08577448854411],[4.278874627497247,52.08577430606673],[4.278662589448459,52.085686028439355],[4.278145470700669,52.08547175143048],[4.278121058286655,52.0854612295327],[4.277994209218074,52.085408673782894],[4.277770995591553,52.08531578595647],[4.277668761888091,52.08527324137298],[4.277620768967634,52.08525338273253],[4.277146567257255,52.08505574806474],[4.27476759673577,52.0840791378468],[4.274109264449026,52.08482291679263],[4.274031838470296,52.084911138238894],[4.273899331509317,52.08505622354337],[4.273761621465435,52.085196935940196],[4.273592124728824,52.08534260621451],[4.2732514366162,52.08569247386715],[4.273234482093406,52.085708277641814],[4.27311550510988,52.08564126967152],[4.272751223454421,52.08543610583718],[4.272675166704337,52.08539326962691],[4.27262928376445,52.085367428893186],[4.272930272310792,52.08505475841725],[4.273152476454815,52.08479996936349],[4.273261129037084,52.08467598074145],[4.273283956003613,52.08464992235817],[4.273957707431224,52.08388107111755],[4.274195564625956,52.08361007743727],[4.274304386450499,52.08348608946659],[4.27436323508553,52.08339966093586],[4.274350442429501,52.08339250191287],[4.274356874791748,52.08338495816273],[4.27418349789204,52.083295266638764],[4.274127362135682,52.08326623299478],[4.274130425877932,52.08325627541211],[4.274128376647967,52.083244229080634],[4.274125776076124,52.08323264495702],[4.274310430227649,52.083146460946644],[4.27431369259773,52.08314493670135],[4.274354991459441,52.08309534019734],[4.274391116305108,52.08305196897728],[4.274365310448306,52.083043590427906],[4.274392645622794,52.08301161485475],[4.274191030368422,52.08294744542357],[4.274092240381684,52.08293513245958],[4.27412265667127,52.082839743311816],[4.274121673967302,52.082842295828485],[4.274079324645605,52.082609769762705],[4.273803974831326,52.08262203347813],[4.273559862620036,52.082542432156934],[4.273643332730883,52.082466818700986],[4.274131707749667,52.08192204831473],[4.274568507783698,52.08143268112274],[4.275046956564244,52.08089792114483],[4.275791317543013,52.080069573124575],[4.276098134302959,52.07972226422554],[4.276776760154597,52.07899714195828],[4.276954405093982,52.07879922031889],[4.276989558551504,52.078760063881994],[4.277094944065723,52.07864265672549],[4.27718083922681,52.078546971498426],[4.277328940067294,52.078383236166644],[4.277615964144753,52.078483393524],[4.277697190062419,52.07851237417753],[4.277772935280369,52.078539406537566],[4.27779409133312,52.07854695630766],[4.277839009954452,52.07849887133548],[4.277904371879594,52.078522073260245],[4.277952925164073,52.07853905173257],[4.277970315973394,52.078545480629096],[4.278028967515414,52.07856646425231],[4.27804834450331,52.07857339722815],[4.278054229925847,52.07857550207084],[4.278105636238385,52.07859391857346],[4.278124593840451,52.07860070376852],[4.278182941240682,52.07862160355212],[4.278202245795332,52.078628517842986],[4.278259076287729,52.07864881904071],[4.278277600385995,52.078655438332845],[4.278283413571756,52.07865751551769],[4.278336440935757,52.078676459534684],[4.278353938407014,52.07868270960211],[4.278360749301986,52.07868514673457],[4.278413125958979,52.07870385987353],[4.278430131781422,52.078709934516176],[4.278490301187938,52.07873149848247],[4.278506974017779,52.07873747110399],[4.278567200949214,52.07875907152684],[4.278586274038445,52.078765911665755],[4.278644624320986,52.07878671236798],[4.278666156908257,52.07879438462328],[4.278720646366081,52.078813800647914],[4.278742019876154,52.07882141745992],[4.278798577077306,52.078841580990954],[4.278822667955585,52.07885022110431],[4.278875360312793,52.07886916172375],[4.278901952456521,52.07887871523706],[4.278952273353572,52.078896806548116],[4.278981482784738,52.07890730151554],[4.279028506984972,52.07892420223477],[4.279063225642355,52.07893668158238],[4.279106098607975,52.07895214098004],[4.279141061922347,52.07896475743681],[4.279182344119912,52.07897965353134],[4.279224696320592,52.07899493720138],[4.279259545021614,52.07900747164574],[4.279305296594601,52.079023928825116],[4.279342849233263,52.079037441478704],[4.279385923473496,52.07905302850825],[4.27946653453674,52.079082181919325],[4.279549372290595,52.07911214721864],[4.279631328004712,52.07914179854955],[4.279810888316426,52.07920367508263],[4.280090246818664,52.07930408012539],[4.280090897608797,52.079304310959515],[4.280099414666418,52.07930737525749],[4.280160177022157,52.07932921359276],[4.280166019109724,52.079331308932446],[4.280235790736286,52.079356368954244],[4.28024241355861,52.07935875027676],[4.280311519892971,52.07938357928352],[4.280318504472446,52.07938608085413],[4.280387033248712,52.07941067068231],[4.280395262192664,52.07941358843189],[4.280462812128013,52.079437647672044],[4.280473010495743,52.079441159195895],[4.280538590876635,52.07946463359987],[4.280550469628049,52.079468628315496],[4.280614008633207,52.07949147226767],[4.280628608155778,52.07949635544945],[4.280689411672571,52.079518319737026],[4.2807047430756,52.07952369517574],[4.280767588795544,52.079546262870295],[4.280782352932928,52.07955157005056],[4.280841621189544,52.07957308838114],[4.280858379273141,52.07957917831948],[4.280917213811374,52.079600539730045],[4.280923561356594,52.079602846519016],[4.280936099118237,52.07960733277602],[4.280992251019686,52.079627446489255],[4.281012293869918,52.07963462791851],[4.2810903832181,52.07966259697667],[4.281103976657857,52.07966746166522],[4.281165730935025,52.079689344740935],[4.281190056545412,52.0796979685889],[4.281243133470843,52.07971677691207],[4.281265333453058,52.079724634725004],[4.281269614162961,52.079726158050406],[4.281319914836092,52.07974455376341],[4.28134122644938,52.07975234929128],[4.281402414483098,52.07977472130872],[4.281418463349924,52.07978058877987],[4.281472248652146,52.07980025757893],[4.281492128992552,52.079807527287926],[4.281542663296957,52.07982533183836],[4.281568190786492,52.07983432643586],[4.281612100849794,52.07984980362844],[4.281645669859937,52.07986163321414],[4.281684156291378,52.07987519881586],[4.281722151272092,52.07988858001863],[4.28175479462441,52.079900086281384],[4.281798878514034,52.07991561896673],[4.281827226349678,52.079925610753016],[4.281831218269456,52.07992701449457],[4.281847815712332,52.079927808400804],[4.281905441309046,52.07986529279803],[4.282010842958742,52.07975094665172],[4.282050648355142,52.07976604360661],[4.282199774630713,52.07981875009771],[4.282220352550641,52.079826134090176],[4.282238728472001,52.0798334794515],[4.28239705256686,52.079889921382616],[4.282369334278319,52.08014015809582],[4.282699697967638,52.080205091291916],[4.283015525669608,52.080264653629484],[4.283046225561624,52.0802520784004],[4.283116355486658,52.08032864565759],[4.283217655486704,52.0804398015415],[4.283209215890576,52.080487517960975],[4.283552956049981,52.080539675193464],[4.283619453486389,52.080549763192806],[4.283644712207779,52.08054484920309],[4.283665645263907,52.080548505928796],[4.283680811406343,52.08055114684355],[4.28429727224982,52.08064810965298],[4.284435659617644,52.080671054337635],[4.28448809863893,52.08061804850084],[4.284633522020625,52.0804524791127],[4.284671678710827,52.08040667887161],[4.284714660716286,52.08036694623682],[4.284968033424398,52.08046698856562],[4.285028154553696,52.08049073296771],[4.285032736013704,52.08048361178154],[4.285074301943571,52.08044153768294],[4.285082443473747,52.080434404850756],[4.28509955437416,52.08044338287091],[4.28533765399682,52.08056827028821],[4.285404297457116,52.08060265301045],[4.285496644203894,52.08053633001685],[4.285564219113573,52.08057154832325],[4.285637727274546,52.08060977261925],[4.28572748434348,52.08065644538956],[4.28574350285342,52.080664765912125],[4.285813352491636,52.08070108623451],[4.285901107637724,52.080675614362825],[4.285908029754298,52.0806706004127],[4.285920002729782,52.080661912324025],[4.286197592355206,52.08080486592403],[4.286260674144041,52.08083817891912],[4.28640142164049,52.080738022081064],[4.286574300955858,52.080828210018005],[4.286607309534205,52.08080479251847],[4.286687534277336,52.080846997984295],[4.28676447576706,52.080887455878674],[4.286818177058986,52.0808481237215],[4.286899263456045,52.08088763596656],[4.286979131048462,52.0809289569973],[4.287056938610516,52.08096921604295],[4.287138319033092,52.08101132412128],[4.287255017817548,52.08108677754609],[4.287260645654501,52.0810827761533],[4.287342630255582,52.08112465601949],[4.287412886570398,52.08116053872489],[4.287489396083544,52.08119962581328],[4.287514668777074,52.08121253582664],[4.287542491652899,52.08122675502628],[4.287548079479336,52.08122260043767],[4.287555562464307,52.08122681408883],[4.287609884924653,52.081257451346474],[4.287685989227254,52.08129582441138],[4.287759268771161,52.08133278680076],[4.287834220564812,52.08137057373372],[4.288386520470066,52.08153527582784],[4.288480958580474,52.08158401258475],[4.288559188992803,52.08162438242583],[4.288636237810783,52.0816641569286],[4.288714396233879,52.081704499026905],[4.28883033028356,52.081764339250164],[4.289231726690913,52.08191115642903],[4.289141173047652,52.08198552373664],[4.28919360372234,52.08201143700637],[4.289272554403571,52.08205045577235],[4.289348780355687,52.08208814572868],[4.289322204005782,52.082108689092614],[4.289398519603334,52.082146298951976],[4.289514693611891,52.08220357892578],[4.289585329689979,52.08223839418362],[4.289654812624386,52.08227264135466],[4.289720878997104,52.082305211720865],[4.289791573522482,52.0823400363855],[4.289983476862161,52.082392295322684],[4.290113305583956,52.082453261387684],[4.290118427857245,52.082459160755235],[4.290197556824348,52.08249632886569],[4.290288975352377,52.08253925626193],[4.290347132265857,52.08256657512023],[4.290349428864108,52.082564547063384],[4.290524792196408,52.082420903146364],[4.290773267405681,52.08249734568233],[4.291042016462978,52.082576459432644],[4.291219447912833,52.0826811546519],[4.291286468552722,52.082720699282326],[4.291348412412183,52.08275724835005],[4.291398908027363,52.082787048235815],[4.291409148039019,52.08279309401475],[4.291474285227929,52.082831515404266],[4.291491687757549,52.08284178058114],[4.291527292963146,52.082860619493864],[4.291590869547259,52.08289426226975],[4.291661297776537,52.082936481056805],[4.29169113417672,52.082954367409194],[4.2916969185522,52.08295707286751],[4.291729994558823,52.082972553378156],[4.291803454362528,52.08300955083362],[4.29187164281319,52.08304553744622],[4.292003446273656,52.0831225646621],[4.292005447850188,52.08312126191988],[4.292108756264711,52.083181637681164],[4.292199747601362,52.08324154832937],[4.292240628627437,52.08326482255625],[4.292274717732052,52.08328423141787],[4.292336089688503,52.083319174641815],[4.292399605717861,52.083355342245596],[4.292429464250898,52.08337234771468],[4.292466949407706,52.0833936936853],[4.292521040739762,52.08342447929053],[4.292537962960553,52.083434119623355],[4.292632100776507,52.08348772209313],[4.292672282445211,52.08351037843537],[4.29265488010839,52.08352452687116],[4.292733690094374,52.08357012172603],[4.292651503387271,52.08363448179048],[4.292599141353258,52.08367550317236],[4.292841332892194,52.083789741237524],[4.292977756788405,52.08385444622255],[4.292879292193886,52.08393439457692],[4.292908142003194,52.083945988316245],[4.293115603960082,52.08403842242173],[4.293128001995398,52.084043948759025],[4.293389787016404,52.08416569566037],[4.293401103589398,52.08415682994036],[4.293458101434073,52.08418517017661],[4.293465698351929,52.08418894405271],[4.29352926960076,52.08422055424842],[4.293592454056014,52.08424948891554],[4.293467873707593,52.08436548518048],[4.293498971756322,52.08438136929219],[4.293618288630456,52.08443050353138],[4.293748646330757,52.08448400076467],[4.293877865038161,52.08453635470177],[4.294007821104925,52.0845884007295],[4.29404645439703,52.084603437748044],[4.294138656746509,52.084637901967845],[4.294181432044051,52.08465002905578],[4.29379170844244,52.08505372029784],[4.293763015108262,52.08508447419658],[4.29368206231362,52.08517469804341],[4.293517328880415,52.08536334402526],[4.293459835239288,52.085429192253386],[4.293447776615753,52.085439003898266],[4.293372296910406,52.08549690088899],[4.293292365254401,52.085552473363705],[4.293208159773664,52.08560559712481],[4.293119872965135,52.08565615709678],[4.293027726944127,52.085704020501765],[4.292971102582171,52.08573011936267],[4.292660008050566,52.08549623298242],[4.292658504661056,52.085496403287394],[4.292646770397224,52.08549772350269],[4.2926105768992,52.0854992389898],[4.292574343095074,52.08549822825476],[4.292521679806796,52.08549483567661],[4.292469522199912,52.085489263508244],[4.29227957036808,52.08546212345411],[4.292213462238438,52.08545483053863],[4.292095790260292,52.08544572806378],[4.292044411191902,52.08544411798873],[4.29199296956228,52.0854444668558],[4.291809690851292,52.08545585988448],[4.291809744317413,52.085464399687886],[4.29155142536587,52.08547514866919],[4.291441076216243,52.08547952258582],[4.291440013824016,52.08547375316904],[4.291354666915529,52.0854757190515],[4.291207215091752,52.08547911174937],[4.291204541654085,52.08546733859526],[4.291203548723325,52.08546379678362],[4.291197524395523,52.08545777222556],[4.291187512788619,52.085454290351116],[4.291089993420225,52.08543794960575],[4.29093652661356,52.085415299552466],[4.290782073536846,52.08539836595204],[4.290626304036935,52.08538275922102],[4.290589895414547,52.085379957487646],[4.290469717994731,52.08537070422683],[4.290409443604719,52.08536710503346],[4.290292543273916,52.085362852869714],[4.290261731412354,52.08536268290277],[4.290175452454688,52.08536220330355],[4.290145639460155,52.0853629504687],[4.290058448723943,52.0853651409415],[4.289941838393014,52.08537166863628],[4.289878378291132,52.0853771900504],[4.289825884672267,52.08538176187409],[4.28981729330602,52.08538284141409],[4.289716532535448,52.08539753444878],[4.289617276833774,52.08541570208393],[4.289519848651189,52.08543728440576],[4.289424541485155,52.08546221224329],[4.28937006148758,52.085478747359076],[4.289331663643534,52.085490407575385],[4.289239932449657,52.08552062699814],[4.289071326580435,52.0855761793703],[4.289052916086358,52.08558198531861],[4.288992037671945,52.08560119321236],[4.288922826334502,52.085620458241635],[4.288903389568429,52.085625868085586],[4.28881251773908,52.08564721430595],[4.28871971527922,52.085665180668066],[4.288625349107455,52.0856796807004],[4.28852972691048,52.085690663335434],[4.288488485169429,52.08569393722867],[4.288420346775018,52.08569564795598],[4.288405732128375,52.0856960150509],[4.28832239877566,52.085693206513405],[4.288236781349692,52.08569012493061],[4.288151718862672,52.08568346195084],[4.288113269393543,52.08567879772493],[4.288097470675455,52.08567687958436],[4.28809478372119,52.08566747026951],[4.288084475235647,52.085663014576326],[4.288074278245682,52.085664114968594],[4.287988415084145,52.085673408419076],[4.287985537841374,52.085663431035336],[4.287914569531027,52.08565383419282],[4.287913541382052,52.08565826504313],[4.287589273949256,52.085634978932944],[4.28751823623575,52.08564304409473],[4.28751283368814,52.085637861101624],[4.287503925487968,52.085638766730575],[4.287498560984156,52.08563915711611],[4.287452151866737,52.08564251725433],[4.287341982679,52.08565051372953],[4.287295529554429,52.08565388238422],[4.28729133449243,52.08565418479975],[4.287291834451725,52.08565580744124],[4.287286447840852,52.0856594695155],[4.287191659084386,52.08566621615618],[4.28709450223204,52.085673138365344],[4.286940739762623,52.08568864657085],[4.28687740328138,52.0856950394366],[4.286795081785569,52.085701515656226],[4.286731013433745,52.08570918700031],[4.286659456427487,52.08572114791388],[4.286589513926409,52.085736278914965],[4.286521523203922,52.08575451124687],[4.2864928424428,52.08576378265897],[4.286492813986243,52.08576375317972],[4.286162117720091,52.08570881662189],[4.286126374403315,52.08570625343312],[4.286050940764559,52.08569905868221],[4.286052095427687,52.08570608968637],[4.28585293751427,52.08568910040134],[4.285854442266855,52.08568191447559],[4.285519393977099,52.0856520679779],[4.285490421414111,52.08564948699726],[4.285490399869229,52.08564799241591],[4.284526114082263,52.085532943926644],[4.284407233865042,52.08552022695665],[4.284324005732537,52.0855096233229],[4.28422422831617,52.08549737259457],[4.284110765414233,52.085480948731934],[4.284110329116015,52.08548089071515],[4.284007832852935,52.0854676615434],[4.28390372230535,52.08545421941519],[4.283799285526168,52.085441583127626],[4.283694911591985,52.085428767560565],[4.283590668341235,52.08541598009074],[4.283589458730975,52.085420651903085],[4.283478564309248,52.08540718181776],[4.283207249574915,52.08537214589251],[4.282844792023059,52.08532163947977],[4.281705432926434,52.086138595786366]]]]}},{"type":"Feature","properties":{"gezicht_uri":"https://linkeddata.cultureelerfgoed.nl/cho-kennis/id/gezicht/10134458","gezichtsnummer":"1590","naam":"'s-Gravenhage - Benoordenhout"},"geometry":{"type":"MultiPolygon","coordinates":[[[[4.317254475593152,52.08619606144567],[4.31762772368201,52.08632252322074],[4.318077690399012,52.0864752482424],[4.318670557108554,52.08670655901067],[4.320753729700098,52.08758160616345],[4.321045524917053,52.08767845931625],[4.320899040822149,52.08783078683463],[4.320869520286996,52.08786695766929],[4.321364244235558,52.08809697775965],[4.321367818073424,52.0880999336584],[4.321386219064482,52.08811214494437],[4.321410242917821,52.08812475764055],[4.321421040589939,52.088129053018925],[4.321727763789373,52.08827707504779],[4.321738869475206,52.0882831439555],[4.321885541432028,52.088354402059394],[4.321942000404085,52.08838183359515],[4.322000193179322,52.088409990882575],[4.322114919653963,52.08846551734638],[4.322473526739458,52.08863906680905],[4.322553256275262,52.0886777104614],[4.322704493189183,52.08875101324611],[4.322760247939,52.08877803352904],[4.322979545390035,52.08888432798721],[4.322980052150712,52.08888449436015],[4.322997515620476,52.08889259807516],[4.323107179097894,52.0889408509179],[4.3232201235757,52.08898614004311],[4.323266525794194,52.08900333189219],[4.323360978334853,52.08904143375636],[4.323368794615911,52.089044713282014],[4.32343362209849,52.08907191401812],[4.323515614471673,52.08910996620116],[4.323831108992262,52.08926217863909],[4.324076910316864,52.089380764009135],[4.324191775732337,52.08943618179937],[4.324306655808324,52.089491608596255],[4.324779812828126,52.08971987348622],[4.32478655016212,52.08972312521167],[4.324894708739238,52.08977530882957],[4.32493152634109,52.08979306978755],[4.325131551652772,52.08988977527677],[4.325372059194855,52.090006054018694],[4.325873475478661,52.090248564442334],[4.32637235036603,52.090490168920205],[4.326474335439797,52.09053885281775],[4.326664161266353,52.0906259628015],[4.326857427902611,52.090710155141544],[4.327053990500678,52.09079138357476],[4.327335819222935,52.09090521647932],[4.327599836428336,52.091008380775854],[4.327779973809067,52.09107652557082],[4.327928755639316,52.09113281082448],[4.328251989652728,52.091254600114084],[4.328437027621018,52.09132663508251],[4.328577743767067,52.09138343130659],[4.32916749285355,52.091620446789385],[4.329852814569177,52.091895844542464],[4.32987076859124,52.09190305275231],[4.330138392568789,52.09201031550434],[4.330206862437246,52.09203750017509],[4.330258807769785,52.09205811868641],[4.330494179306998,52.09215194990167],[4.330622353853793,52.09220304921728],[4.330802602655342,52.09227490264492],[4.330882326620578,52.092309414697475],[4.330890744523061,52.092312910341846],[4.330898454309658,52.092316112000944],[4.330909746360435,52.09232056373357],[4.330919706109538,52.09232458105587],[4.330923319859432,52.09232604264575],[4.331005367760889,52.09235917320778],[4.331387988450262,52.09251352163949],[4.331395648833433,52.0925166554078],[4.331396729362639,52.09251709205038],[4.331543500494037,52.09257626249413],[4.331681897587961,52.0926320993549],[4.331755636625185,52.09266179320207],[4.331800189778143,52.09267972012576],[4.331959768032964,52.09274397097982],[4.332092167228386,52.09279738063417],[4.332185695452306,52.09283510748175],[4.332216930121342,52.0928478813564],[4.332217421523128,52.092848083506254],[4.332402083212796,52.09292362335478],[4.332575475711406,52.09299561041239],[4.332593439482897,52.09300306098227],[4.332645052668474,52.093024861958234],[4.332671621542462,52.093036236669704],[4.333035828266433,52.093192185666254],[4.333257524028913,52.09328968216776],[4.333531796169805,52.093412771671005],[4.333633406530422,52.09345876728298],[4.333690557784898,52.093484644228894],[4.333689286684347,52.09348594521352],[4.333960289879704,52.09361347185226],[4.334336094967116,52.093789169658464],[4.334484441393177,52.09385878630397],[4.33453265857467,52.09388141452278],[4.334826096484874,52.09401640236496],[4.335093269245942,52.09413581132397],[4.335171284500262,52.094168795071795],[4.335276191313816,52.09421314677223],[4.335690092974212,52.094383400487274],[4.336012612778743,52.09451572346711],[4.33629712591307,52.09463216524048],[4.337467480675465,52.095113233135585],[4.337805378035678,52.09525179139917],[4.337879660529914,52.095282313146136],[4.33933420858462,52.095880012265205],[4.339503115239316,52.09594945022184],[4.340269383861497,52.09626372574417],[4.340336206276828,52.09629121788416],[4.340337156714897,52.096291608344586],[4.340345995996686,52.09629524636915],[4.340498064012175,52.09635781877663],[4.340522072217514,52.096367775703015],[4.34066797023018,52.09642835154155],[4.340828184495102,52.09649895980763],[4.340984916309793,52.09657246724403],[4.341126617586283,52.09664155347158],[4.341282374744947,52.09672182930706],[4.341434318116434,52.096804821624076],[4.341640678401573,52.096916188317394],[4.341815926603296,52.09700434861172],[4.3420091691602,52.097093198546126],[4.342206232506043,52.09717783938514],[4.342473923413538,52.09728857982301],[4.342512497291842,52.0973045035821],[4.342350897021064,52.097451891884496],[4.342318089249614,52.09748181193146],[4.342253562089772,52.0975406639064],[4.341870840177954,52.0978896976051],[4.341646621855316,52.098096119911986],[4.341362036290855,52.09834247311349],[4.341302576811833,52.09833932080699],[4.340982391470964,52.09820768954854],[4.340824690420553,52.098142299310034],[4.34065324150238,52.09808563163032],[4.340524786613959,52.09804779923877],[4.340393920219903,52.09801323513868],[4.34026085970256,52.09798200417373],[4.340131808833891,52.09795531199903],[4.339935346556901,52.0979179264488],[4.339528006059185,52.09778449202973],[4.339492074136912,52.09777263118101],[4.338573369998291,52.09743479266384],[4.33816923220498,52.097829502134445],[4.337650475572682,52.098346550097595],[4.337496972954567,52.098506565611025],[4.33725292654364,52.098769494611105],[4.337133035115644,52.09869023412996],[4.3370083235183,52.098613015945325],[4.336785933937443,52.09848333219598],[4.336531285642069,52.09835944578507],[4.336410540912944,52.098309758649954],[4.336034041536709,52.098154807529085],[4.336027148913592,52.098112759983344],[4.336004226996788,52.09808329743122],[4.335936372312664,52.09806168570823],[4.335846078201624,52.09803292554303],[4.33571011365775,52.09818300093542],[4.335406309921401,52.09805929373533],[4.333291233586664,52.09728795820401],[4.33273393931464,52.0971107595718],[4.332177812781975,52.09694610792696],[4.332154927354852,52.09693935032246],[4.332123236412761,52.09693032963936],[4.330745539954584,52.09651072056254],[4.330615979159715,52.09647081794836],[4.330428006261226,52.09641200062343],[4.330416908943974,52.09640853036573],[4.330215492486355,52.09634550230689],[4.330152297397665,52.096326418865644],[4.330100492305986,52.09631077234946],[4.329557890462713,52.096154526053134],[4.329166531217497,52.09604831774862],[4.329152494104512,52.09604450637567],[4.328496455823161,52.09585751116882],[4.328402142189263,52.095826929366176],[4.328343558588141,52.095809153776024],[4.328313592892983,52.0958000666587],[4.327870831903651,52.09568798998248],[4.32773974572879,52.09565046144903],[4.327611217146688,52.09560971084733],[4.32753339149351,52.09558301586576],[4.327493564896269,52.09557004665278],[4.327484455490928,52.09556707937875],[4.327342749991272,52.09570112079398],[4.326465291977286,52.09647227608751],[4.326229653582188,52.0966793577289],[4.326103740613988,52.09678844343447],[4.325986245934624,52.09689024307434],[4.325983772336455,52.096892387074746],[4.32535024593294,52.097441255911995],[4.325280573673289,52.097500717540726],[4.324614449837258,52.098069405449166],[4.324558272288869,52.09811735696115],[4.324451279516674,52.098208697062674],[4.324080645073977,52.09852509998453],[4.323883029621438,52.098696178713325],[4.323282021971476,52.0992164942639],[4.323354220824352,52.09924734793032],[4.323560242115983,52.099333530136704],[4.323878761217341,52.09946654224788],[4.324005761701662,52.09951970542199],[4.324195243346054,52.09959936432742],[4.324403943701739,52.0996859557088],[4.324570224241097,52.09975621836085],[4.324701762263411,52.09981136323578],[4.324869346099043,52.09988148439943],[4.32502612688483,52.09994619565706],[4.325075229668824,52.09996756379507],[4.325205710879739,52.10002362440857],[4.325336699451577,52.100079231023216],[4.325560414245851,52.10017111508888],[4.325701542723912,52.10023307773168],[4.325830056443961,52.10028662106992],[4.326081055656954,52.10039190924495],[4.326225422264647,52.10045340602386],[4.326422944423315,52.10053716058954],[4.326906388586788,52.10074260517092],[4.327386403104801,52.10094514052035],[4.327456253993091,52.10097553007287],[4.327545059482963,52.10101416182102],[4.327628694881579,52.1010498526712],[4.328103535822046,52.10125294078203],[4.328503316058744,52.10141831943882],[4.328499849181126,52.101421721972656],[4.32852513782626,52.10143246810881],[4.328819479982681,52.10155756641177],[4.329033976008615,52.10164872729068],[4.329562761490625,52.10187345527475],[4.32961050736188,52.10189374640371],[4.330306283447904,52.102179460728294],[4.330479365133741,52.102250533176736],[4.331049666423557,52.1024919297615],[4.331321286863325,52.10260690136451],[4.332025826648382,52.102901953433786],[4.332008957547693,52.10291783820449],[4.332264271496787,52.10304006827889],[4.332173659502023,52.10310051504408],[4.331930311238356,52.103262838269764],[4.331828961328573,52.103330442494276],[4.331223562445342,52.10373393294907],[4.331017051570028,52.10387224300958],[4.330775410626489,52.104034075815676],[4.33043451561974,52.104261201897764],[4.330394193295479,52.10428982884478],[4.330257680662939,52.10423494475691],[4.329513959607346,52.10393592621283],[4.328770244821161,52.10363690520232],[4.327516914996871,52.103132961748166],[4.327415665577848,52.103095090036746],[4.327207430442712,52.10329203806699],[4.327203384153961,52.103295857820335],[4.327183151847339,52.10331499253186],[4.32704215264187,52.10344832982584],[4.32688196503566,52.103599822250395],[4.326723209961877,52.10374995208159],[4.326628795654446,52.10384046348885],[4.326533019077638,52.10392992886596],[4.326291205316447,52.10415876157984],[4.326176524386526,52.104267283294206],[4.326116226187206,52.10432376465326],[4.325935958343058,52.104492593972445],[4.325763989511006,52.10465365962853],[4.32574657741976,52.10466216791538],[4.325725728060982,52.10466789471293],[4.325703194134006,52.10467018165252],[4.325680467649885,52.10466889835064],[4.325658992142427,52.10466411173931],[4.325472835749326,52.10458417973978],[4.325216151023399,52.104473967394405],[4.325213622275026,52.10447288394825],[4.325073957984915,52.104418799125924],[4.324968196196051,52.10453145394161],[4.324957852046598,52.10454229095158],[4.324769763638226,52.10473945898836],[4.324556455964344,52.10496306428072],[4.324550812110285,52.10496898188058],[4.324434507535786,52.105090729851604],[4.324341892899501,52.10505506144236],[4.324278569159283,52.10503176707997],[4.32427198445104,52.105029981877806],[4.324245543739199,52.10502344238789],[4.324230658280189,52.10502036885905],[4.324223162861425,52.10501882263012],[4.324209001723027,52.105016596071344],[4.324181115778496,52.10501220980427],[4.324160280092403,52.10501059495057],[4.324159289294107,52.10501051860016],[4.324134796466145,52.10500861907759],[4.324088114371857,52.10500862053043],[4.324047817747347,52.10501203233292],[4.324002394431926,52.10501925402192],[4.323958758130019,52.10502989852002],[4.323917613627651,52.10504379241327],[4.323916071917323,52.10504447737585],[4.323897807140917,52.10505260467061],[4.323897228067145,52.10505286236575],[4.323833972042973,52.10509023518493],[4.323808836193416,52.10510508468317],[4.323710121606971,52.10516675528047],[4.323709954909878,52.105166859393414],[4.323697097233166,52.105174880386386],[4.323661178836581,52.105197342605685],[4.32365851381926,52.10519646463632],[4.323560854046396,52.10525734463536],[4.323530100543978,52.10527684221411],[4.323439758124167,52.105337536460354],[4.323353796499488,52.10540060723103],[4.323323218871871,52.10542374675703],[4.323099060661947,52.105590539727494],[4.323075411112104,52.10560869683796],[4.323067716262936,52.10561460484126],[4.323071523868456,52.10561592908931],[4.322933861798596,52.105712357203494],[4.322855001847227,52.10574104039104],[4.322771298062256,52.10576394276481],[4.322683870888974,52.10578075533484],[4.322593878881035,52.105791254850764],[4.322502522346848,52.105795303834874],[4.322411014265374,52.105792845825675],[4.322320576367341,52.105783916578346],[4.322021225974213,52.10581679583044],[4.321794448898558,52.105835503466295],[4.321255003091187,52.10583952084815],[4.320182341332846,52.10583605864235],[4.320154177485919,52.10582312966412],[4.320137658941427,52.105815546496515],[4.320136968442482,52.10581527283268],[4.319237864257189,52.105461311153114],[4.319178730109661,52.10543748571005],[4.319121386420389,52.10541204052053],[4.319065658481409,52.10538556725691],[4.319011331460934,52.10535789318972],[4.318958997291414,52.10532868211532],[4.318908516678964,52.105298265355216],[4.318007667359055,52.104719235424156],[4.317490230925639,52.10438663366206],[4.317437942701559,52.104356811080734],[4.317427327354875,52.10435267882183],[4.317373061152497,52.104337804418016],[4.317360902388877,52.10433595025927],[4.317301925849558,52.104332475665096],[4.317289258534781,52.10433296292944],[4.317231491562387,52.10434115760185],[4.317219902977232,52.10434414451611],[4.317169022615787,52.10436283753205],[4.317161230120233,52.10436639822158],[4.317159312008792,52.1043678639421],[4.317122568243962,52.10439603349856],[4.317114569772765,52.10440210015801],[4.317080354929305,52.10443133534697],[4.317075794089387,52.104435266939554],[4.316839929426042,52.10431965224264],[4.316737951807084,52.10426917156542],[4.316730363891659,52.104265408306574],[4.316374750523531,52.10408933483609],[4.316316470201096,52.104060473034615],[4.31623965247729,52.104022445105485],[4.316163222240646,52.10398469929533],[4.316086546838937,52.10394683435383],[4.316011271654051,52.10390962927147],[4.31586298508845,52.103836399075625],[4.315736778927643,52.10377434458882],[4.315659955942115,52.103736576897944],[4.315583044231776,52.10369886228143],[4.315506162054172,52.103661138893514],[4.315429158635238,52.103622389641615],[4.315351372715422,52.10358523320915],[4.3152027451129,52.10351231366798],[4.315077743862958,52.103450610988936],[4.315000939819056,52.10341270820142],[4.314924251791756,52.10337484237295],[4.314847711770475,52.103336896941826],[4.314542489918399,52.103185608637055],[4.314376715282116,52.10310350734525],[4.314279187384727,52.10305639081029],[4.314200567710869,52.10301756310578],[4.314123232103185,52.10297936725719],[4.314026710474273,52.10293170237107],[4.313865591403893,52.102852141588144],[4.313705814767117,52.10277323100336],[4.313608356469747,52.10272509881352],[4.313452590841155,52.102648174957196],[4.313338766792892,52.10259472495643],[4.313112837110323,52.102488631282476],[4.31297527059446,52.10242403431962],[4.312500557602961,52.10220821204619],[4.312084879114194,52.10202202270956],[4.311158662237797,52.10160714021074],[4.311234813245062,52.10158261984409],[4.311153633242442,52.10153819370108],[4.31111195036725,52.10150468981744],[4.311095855539523,52.10149176095181],[4.311047837181948,52.10143222187211],[4.311030541493231,52.10139945296971],[4.311003204183522,52.10131513209423],[4.311001459026559,52.101266972703144],[4.311002753722324,52.10123623419453],[4.311009636506897,52.101199524281405],[4.311022285275746,52.10116339734666],[4.311040560242329,52.10112820267145],[4.311064307677992,52.10109426244272],[4.311093286082961,52.1010619070343],[4.311127240232622,52.10103143073912],[4.311165827132167,52.10100313603749],[4.311310806638327,52.10092925107366],[4.311341643861293,52.100917289946864],[4.311397295906253,52.10089676660807],[4.311339155355242,52.10082434658367],[4.311288230458042,52.10074989578127],[4.31124470804907,52.10067368557665],[4.311208749313317,52.10059599160492],[4.311180485922484,52.10051710271355],[4.311180244274706,52.1004642312382],[4.311190615404946,52.10041174653322],[4.31121143758456,52.10036045385524],[4.311145125290942,52.100348480022824],[4.310940674245144,52.10031062257002],[4.310824510745194,52.10028014179111],[4.310721024017982,52.100252985640516],[4.31064573777343,52.100228801563816],[4.310633734192432,52.10022419757669],[4.310480392419592,52.10016537707368],[4.310477991710025,52.10016445627296],[4.310396592315657,52.100128063469626],[4.310340550085475,52.10010300332633],[4.310259035731316,52.10005927459761],[4.31012959548285,52.09998984962279],[4.310114264000051,52.099981619691235],[4.310062440804844,52.099943816037076],[4.309945297547436,52.099858359528284],[4.309856228482285,52.0997665797859],[4.309806783588173,52.09971368774925],[4.309719391672843,52.0996201704319],[4.309762381311017,52.09959934110024],[4.309494721454307,52.09938107532897],[4.309459770748096,52.09934028861624],[4.309380564135775,52.09926449968753],[4.309260964776629,52.09916057519394],[4.309259988015374,52.099148422525104],[4.309108679218125,52.09900916091471],[4.309493205457479,52.09881674181207],[4.309567243086113,52.09881509968252],[4.30969650488465,52.098803948964644],[4.309722459020096,52.098809849116066],[4.309584574951151,52.0987039959989],[4.309185030833645,52.09850363579266],[4.308972431799736,52.09838799074096],[4.308730438137798,52.09821522278207],[4.30798494344836,52.097549875182615],[4.307789447056194,52.09736331982419],[4.307772865185331,52.09734467145021],[4.307737612124335,52.097308074655515],[4.307690212849639,52.0972625531739],[4.307677590221896,52.097251597179834],[4.307615388390241,52.097201994042],[4.307576590106066,52.097175023088056],[4.307521605712414,52.09713961625866],[4.307498101843174,52.097123562843606],[4.307495935423555,52.097122014917105],[4.307453001200539,52.09709044875783],[4.307425535238345,52.09706818828272],[4.307392977740699,52.09708089216679],[4.307418134814109,52.097120645991666],[4.307434868337894,52.09715173842441],[4.307441199025328,52.09716698733663],[4.307448381774559,52.09720194729939],[4.307449071709399,52.097207221002186],[4.30745025235741,52.097242332717634],[4.30744559769018,52.09727733704166],[4.307435174959416,52.09731186605279],[4.307419080600798,52.09734555209609],[4.307404950501148,52.097366797785895],[4.307397468766538,52.09737805501081],[4.30738787295641,52.09737532441674],[4.307356108882185,52.09741121294026],[4.307323093962064,52.0974408787986],[4.307285330892359,52.09746832587528],[4.30724324977387,52.09749327046833],[4.30719733972865,52.09751540245036],[4.307167036266796,52.0975276729985],[4.307114958522591,52.09754472374312],[4.307060760995875,52.09755829438606],[4.307004588962412,52.09756841322195],[4.306947043514258,52.097574968904034],[4.306888724876466,52.09757788603354],[4.306830304713086,52.097577152788574],[4.306791834898797,52.097574642859406],[4.306754904258913,52.09757004367008],[4.306696030273392,52.097559706259105],[4.30663894824974,52.097545879651626],[4.306584311129998,52.09752872264477],[4.306532698026374,52.09750842931461],[4.30649567071834,52.09749213484874],[4.306461957508083,52.09747277864475],[4.306432698099343,52.097450910478834],[4.306413196978271,52.09743229581494],[4.306363511394722,52.097380577584936],[4.306306188879315,52.097313328717334],[4.306296413803361,52.09730473575221],[4.306291532860993,52.09730152471629],[4.306270303333419,52.097287246957926],[4.306273271146217,52.09728552812004],[4.306201609843584,52.09723456332146],[4.306177549813969,52.097219798913486],[4.306168302628342,52.097214123120644],[4.306133242008171,52.09719256121598],[4.306095826670667,52.09716954624953],[4.30608646102746,52.09716379071232],[4.306075761638225,52.097157211709025],[4.305997011773995,52.09710879522591],[4.305994106892298,52.097107006790694],[4.305986168669657,52.09710212500878],[4.305960197022795,52.09708614752026],[4.305957978780508,52.09708478335829],[4.305911589882989,52.09705625458097],[4.305995209206692,52.09700771863796],[4.305998888515814,52.097009469234024],[4.306115445303288,52.09693146475498],[4.306238520202235,52.09684703908513],[4.30636811280106,52.096754394458905],[4.306402048284443,52.09673012154233],[4.306523694554614,52.09663894094658],[4.30653628411288,52.096629510373916],[4.306561106939363,52.096610897641625],[4.306601656400229,52.09657926063796],[4.306727221417111,52.09647747313351],[4.306848079712773,52.096373547984015],[4.306873467425856,52.09635208195565],[4.307004411434685,52.09622634361367],[4.307124606334923,52.096107535791965],[4.307135879671118,52.09609639422814],[4.307162834444862,52.09606925264653],[4.307183462126425,52.09604847101729],[4.30719950032279,52.09603038888458],[4.307235898100436,52.095989329409825],[4.307342648799483,52.095859710600685],[4.30736702070767,52.09583012734517],[4.307362229697964,52.09582848345877],[4.307372605637688,52.09581702803436],[4.307380055357284,52.09581977492473],[4.307421332805194,52.095768818589484],[4.307472355706804,52.09571316952845],[4.307503465013936,52.09567835361887],[4.30753863911811,52.095638990696415],[4.307573813377176,52.09559961877629],[4.307578673239008,52.09559418018247],[4.307572420057548,52.095592046508806],[4.307582752549263,52.095580572690736],[4.307588932991654,52.09558269670885],[4.307749053562971,52.09540347233698],[4.308687251395787,52.09428556066965],[4.308746005709326,52.09421781110414],[4.308821352911584,52.094126465167435],[4.308822675676569,52.094124868291885],[4.309844033138055,52.09297173561489],[4.309998022630888,52.09277970619157],[4.310441093814142,52.09222688662924],[4.310613878502596,52.09199042615564],[4.310631650377511,52.091967496507614],[4.310678958918316,52.09190636498844],[4.31076462296539,52.09179530993768],[4.310780504979212,52.091775104562196],[4.310802380525493,52.0917465854382],[4.310821409979059,52.09172232793035],[4.310840610162149,52.091698251752995],[4.310866317854585,52.09166512045422],[4.310878749269285,52.09164943183833],[4.310916580827362,52.09160065404631],[4.310936676861005,52.091574518631624],[4.310954180165351,52.091551820189274],[4.310992125679751,52.09150315127851],[4.31102968010024,52.09145496417464],[4.311086378275443,52.09138199920738],[4.311105499281956,52.09135756271596],[4.311143542051239,52.09130908340798],[4.311166456042353,52.091279234381226],[4.311230072361729,52.09119771233902],[4.311232740352184,52.09119417716861],[4.311241950844098,52.09118194672728],[4.311295939488135,52.09111300184208],[4.311310024748894,52.091095278854056],[4.311380566643594,52.09100488517966],[4.311400059312808,52.09097954417417],[4.311415898483004,52.09096048887787],[4.311440091240018,52.09092963574752],[4.311454372638734,52.090912247115206],[4.311537422601586,52.090805967618905],[4.311569049469123,52.09076634641467],[4.311585849241956,52.09074496279878],[4.311598007376668,52.09072969408307],[4.311613125222822,52.09071089284973],[4.311629465332063,52.09068981064857],[4.311645865619214,52.09066925932833],[4.31165945391234,52.09065155872957],[4.311684369315633,52.09062219528216],[4.311703011355143,52.0905958037736],[4.311722388025294,52.090572843665086],[4.311760310144828,52.09052325744801],[4.311776433544865,52.09050268560559],[4.311790401058359,52.09048498845253],[4.311799103218879,52.09047507241673],[4.311818916164586,52.09044731630227],[4.311838546988661,52.090419243917715],[4.311855552801188,52.0903959565373],[4.311874479731172,52.090369846251555],[4.311893717230247,52.09034417025469],[4.311912520265914,52.09031714198394],[4.311951156056589,52.09026334651259],[4.311972487598479,52.09023311435547],[4.311976075974669,52.09022406849752],[4.311987863390765,52.090212068250395],[4.312005266518089,52.09018802942192],[4.312018738992628,52.09016967154967],[4.312027638793294,52.09015760000979],[4.312037035420388,52.09015217565932],[4.31203994504991,52.09015133029995],[4.312155888444788,52.089967759914536],[4.312359232646134,52.0897413464117],[4.312439923076076,52.089643808759696],[4.312458766284809,52.08962054703902],[4.31252663394203,52.08953679792178],[4.312575673945969,52.08947626570633],[4.312637519723283,52.08939958966091],[4.312669991518785,52.08935933767077],[4.312702463039679,52.089319094657995],[4.3132044972063,52.08869673767937],[4.313214818258717,52.08868394192936],[4.313511907323395,52.08831563779469],[4.313615875194031,52.08818674307407],[4.313680814759858,52.088106256493376],[4.313745754954005,52.088025733928205],[4.313835403953249,52.087914596118665],[4.313965643033992,52.08775314057081],[4.313998097625976,52.08771289705137],[4.314030552159342,52.08767265352258],[4.314116800973171,52.087565727208826],[4.314175027159392,52.08749616343231],[4.314134817493485,52.08744063132],[4.314210561006675,52.087350678840885],[4.315080553469601,52.08628837645804],[4.315534629109134,52.08576251660011],[4.317254475593152,52.08619606144567]]]]}},{"type":"Feature","properties":{"gezicht_uri":"https://linkeddata.cultureelerfgoed.nl/cho-kennis/id/gezicht/10134459","gezichtsnummer":"1591","naam":"'s-Gravenhage - Archipelbuurt / Willemspark II"},"geometry":{"type":"MultiPolygon","coordinates":[[[[4.305911589882989,52.09705625458097],[4.305809274881318,52.097116843573886],[4.305623823866986,52.09721741540468],[4.305514298099673,52.09727680539571],[4.305372073648194,52.097353935491874],[4.305124677179973,52.09746186598099],[4.304992495844633,52.09751686099901],[4.304912852165819,52.097549999133086],[4.304296673074491,52.09730906653961],[4.303435455249328,52.096954950255174],[4.301588240836974,52.09622989983504],[4.301329712650425,52.09613009175731],[4.301203110575234,52.09577813160739],[4.302003485819611,52.095018510284646],[4.302074532614872,52.094954951304956],[4.30190599513698,52.09488965143922],[4.301942061381064,52.094855799465094],[4.30174201046065,52.0947752519423],[4.301707436644875,52.09480999400195],[4.301544036138255,52.09474444204852],[4.301121280627616,52.09458513876475],[4.30112005647013,52.094586269050914],[4.301115236770752,52.09458431902708],[4.301112505335671,52.09458321520948],[4.300801414548357,52.09445812834342],[4.300312996780364,52.09426201474649],[4.300312544813091,52.0942618465342],[4.30026893786269,52.09424446467791],[4.300248504793675,52.09423613244839],[4.299916559027316,52.09410391157155],[4.299698761135672,52.094016940646014],[4.299628156563041,52.09398874767664],[4.299593410795531,52.09397487204096],[4.299459612953153,52.09392144420838],[4.299368994344955,52.09388526639516],[4.299363747824562,52.09388317078641],[4.299182432021752,52.09381076477578],[4.299134071425996,52.09379145996418],[4.298546031593544,52.09355663728557],[4.298235380390132,52.09343250938663],[4.29815654002722,52.093401003480984],[4.298009435383666,52.09334222181921],[4.298009084909221,52.09334208150207],[4.298003383248182,52.09333980409807],[4.29796463224788,52.09332444377305],[4.297836700437086,52.093273742428536],[4.297787802920143,52.09325436018247],[4.297769001942322,52.09324676170063],[4.297627657116951,52.0931901563843],[4.297604489381544,52.0931808995335],[4.297480104506261,52.09313139912259],[4.297477242814772,52.093130258060015],[4.297408328382517,52.09310288835179],[4.297391965667885,52.093096444935014],[4.296810104961848,52.09286390878261],[4.296616798622436,52.09278549346161],[4.29630357729931,52.092658430995684],[4.296206626949297,52.09261909997766],[4.296115079044715,52.092578160475085],[4.296029671672155,52.09254259234016],[4.295986858998597,52.09252509038492],[4.295986548220654,52.09252496840668],[4.295985818117427,52.092524687490254],[4.295967863262919,52.092517723514455],[4.295957665842967,52.09251340438953],[4.295946067456665,52.09250848802406],[4.295917554314654,52.09249226001877],[4.295888719258659,52.09247218184977],[4.295877964403883,52.092464693523574],[4.295865577883316,52.09245529795936],[4.29581555197479,52.09241734720191],[4.295755607122098,52.09236875628808],[4.29572020588569,52.09233594989936],[4.295712592829094,52.09232963447113],[4.295707969058324,52.09232460964454],[4.295705029985138,52.09232141164975],[4.295692072058602,52.092307329893885],[4.295686968799889,52.09230162197648],[4.295659141563592,52.092269411557965],[4.295637323663354,52.09224225902031],[4.295588107935068,52.092181003397485],[4.295509832292127,52.0920637754079],[4.295431167122197,52.0919368179474],[4.295410530117576,52.09190225386075],[4.295356861018291,52.091805271618604],[4.29530874973039,52.09170719028561],[4.295252338282591,52.09158269279698],[4.295252324515941,52.0915826589617],[4.295221086601491,52.091513713595184],[4.295215077549364,52.09150043549305],[4.295054544188079,52.09115138961477],[4.295032830676041,52.091104168332],[4.295029754464465,52.09109747917308],[4.295018114361711,52.091072184871436],[4.295016146922979,52.09106789699034],[4.294981518370685,52.090992619025656],[4.294976682389513,52.0909821023333],[4.294974950247249,52.09097833797858],[4.294962714690546,52.09095173478574],[4.294961578724584,52.09094925235623],[4.29495995715377,52.09094574071055],[4.29495855074343,52.09094268049563],[4.294955325510507,52.09093567085325],[4.294751066471266,52.09049162630666],[4.294714141363201,52.09041720785734],[4.294674227558868,52.090348056051134],[4.294632255371077,52.09028909634715],[4.294611139521938,52.090263435497626],[4.294610756812135,52.090262973524055],[4.294609655109566,52.090261628483],[4.294599816516646,52.09024966764416],[4.294585007343288,52.090231660740464],[4.294567006593708,52.09021169166599],[4.294514755523161,52.09015417368783],[4.294457497935715,52.090098505884576],[4.294418401766731,52.09006399515618],[4.294358254564212,52.09001611171679],[4.294320931309641,52.08998847579963],[4.294318901950616,52.08998717383804],[4.294051390985413,52.08979209333064],[4.293968466585487,52.08974925456229],[4.293925560829243,52.08972674873339],[4.295495628353419,52.08844642528126],[4.295860120380358,52.088140577685074],[4.295649981142656,52.08800019814513],[4.296244734297987,52.08764821475272],[4.296267960252607,52.08761069506301],[4.29640725250209,52.08754367909697],[4.2964784511468,52.08753505275697],[4.296541516216404,52.0874979556836],[4.296613972992247,52.08745688258649],[4.296662369989154,52.0874271013611],[4.2967338587977,52.087386819230765],[4.296780787328197,52.08735920863114],[4.296856962281811,52.08731583272091],[4.297178424792008,52.08713101402415],[4.297183179012836,52.08712812767291],[4.297198852302965,52.0871154726906],[4.297209521879725,52.08710097367678],[4.297190907966853,52.08709957903487],[4.297173112353278,52.087096340280034],[4.297157802870785,52.087089879586415],[4.29714649638477,52.08708082222023],[4.297140352193321,52.08707009575734],[4.297139900109674,52.08705871183778],[4.29714519983852,52.08704781258308],[4.297240448856885,52.086860595363625],[4.297290661889205,52.08677242188446],[4.297303712375111,52.08676320329287],[4.297321444055077,52.08675588866326],[4.297326472208658,52.08675553067436],[4.297353299459679,52.086755787777975],[4.297379412697394,52.08675959781095],[4.297404600063045,52.08671458145866],[4.297631327663784,52.08676039923646],[4.297695921654036,52.08676467285603],[4.297781357103964,52.08674059089937],[4.297793121002518,52.08673386821665],[4.297836111005626,52.086700764630045],[4.297921294409806,52.08671817223848],[4.297914571095466,52.08673121566404],[4.297966615865852,52.086740307947764],[4.297965524656546,52.08674317425619],[4.298031540886638,52.086756002382074],[4.298035499232483,52.08675628391098],[4.298091114467795,52.0866526230048],[4.298078355212167,52.0866313186344],[4.298099430144245,52.086591567481875],[4.298129453085006,52.086576833770415],[4.298131668658101,52.08657213516138],[4.29817024064945,52.08658726911252],[4.298692758734879,52.08672095932675],[4.298692979019469,52.086721500685506],[4.298694642023532,52.08672571378516],[4.298696062534913,52.08672550218825],[4.298707889718136,52.0867551394238],[4.298706394296808,52.0867554312275],[4.29871518695373,52.086777256189556],[4.298716739415655,52.08677701884505],[4.298728029406815,52.086805347749916],[4.298725600505514,52.086805174753295],[4.298726507432571,52.08680553144385],[4.298728374390331,52.08681035766059],[4.298733763371555,52.08680956249664],[4.298758486060748,52.086868711994015],[4.298754120209634,52.08686943571078],[4.298785421536028,52.08694066390076],[4.298803967266893,52.08698382830036],[4.298826107298573,52.08698003280112],[4.298876548775337,52.087095194888306],[4.298893470746735,52.08709236691125],[4.298898585594482,52.08710403657921],[4.298933361433902,52.087098461132356],[4.298934543475941,52.08710085406251],[4.29894407909903,52.08709935111832],[4.29894666815668,52.08710568511793],[4.298997011816896,52.08709776354018],[4.299001248544133,52.087099348726035],[4.299250156798717,52.087072074069745],[4.299249982237924,52.087071452235655],[4.299257943134784,52.08707050101782],[4.299721982018678,52.08701164739684],[4.299807782697299,52.08699952235835],[4.299808111616843,52.08700039730045],[4.299809531913273,52.08700019467684],[4.299809860832856,52.08700106961887],[4.299863820778183,52.0869932349744],[4.299863520596909,52.08699237827512],[4.299865028203302,52.086992185445226],[4.29986474261017,52.086991328880586],[4.299950051584257,52.08697901942732],[4.300001601274343,52.08697249281411],[4.300061724562616,52.086964418314],[4.300105865211129,52.08695474915726],[4.30010705687585,52.086957348904924],[4.300189774684043,52.0871458797927],[4.300218880946825,52.08721221769019],[4.300249153379432,52.087300968498155],[4.300324190937292,52.087368485073576],[4.300409890661181,52.08739701019283],[4.30036848070192,52.087477124605094],[4.300317493389151,52.08757155735533],[4.30058076435366,52.087673877013714],[4.300743403301254,52.087520410903316],[4.300853203154727,52.08756103649233],[4.301499654212178,52.08775972819563],[4.302066264424256,52.08795663619659],[4.302645396512369,52.08816027912245],[4.302565590423537,52.08824569929913],[4.30256469907976,52.088246652888785],[4.302727777812787,52.08829973780815],[4.302729484995052,52.08829778498785],[4.302731919992647,52.08829500291393],[4.302788589518327,52.088313420960446],[4.302804844438662,52.08831870310145],[4.302894172792894,52.08835012043997],[4.302954488311753,52.088371333739005],[4.303010019843467,52.08831151233402],[4.303028540302287,52.088290307537484],[4.303030048670694,52.088288579849156],[4.304014638821509,52.088616983173495],[4.304173848130459,52.08867376306922],[4.30432184601469,52.08872653861905],[4.304431070496874,52.08874568148102],[4.304572988366474,52.08877055378557],[4.304708762321383,52.088794254880106],[4.304843043130558,52.08881755558814],[4.304951765936445,52.08883634279644],[4.305062915828852,52.08885614095046],[4.305184264753289,52.088877785444765],[4.305195351429266,52.088879729926845],[4.305400402441124,52.08891637183421],[4.305513189242255,52.08893487223407],[4.305621252593324,52.088952592098444],[4.305733954653748,52.088970983643314],[4.305840421232426,52.08898836505792],[4.30594082418087,52.089006077255384],[4.306032633260302,52.089018928523515],[4.306481525212579,52.08910861638814],[4.306493766120259,52.08909586354023],[4.306718027704011,52.08882866958818],[4.306781041212287,52.08875205669523],[4.306915053267837,52.08852482797069],[4.307492326839312,52.08799198856151],[4.307876341454699,52.08764663170163],[4.307912413416077,52.08761271505889],[4.309535686411359,52.085927952602866],[4.309589080172814,52.08594863404708],[4.3096541764352,52.08597384043295],[4.309733107138722,52.08600441370215],[4.30981698197593,52.086036901774655],[4.309899743841779,52.08606895714181],[4.309980019218718,52.08610005489312],[4.310060309511924,52.08613114373654],[4.310147379539638,52.086164874253456],[4.310234605013016,52.08619760837795],[4.31030938010267,52.086225671378195],[4.310384762571077,52.08625396459841],[4.310460145351476,52.0862822487838],[4.310533662604838,52.08630984172166],[4.310620888861427,52.086342566574245],[4.310708100441655,52.0863753002159],[4.310781596444167,52.086402879319515],[4.310796584863431,52.08640850384336],[4.310885040673449,52.08644168916456],[4.310990603306831,52.08648130477712],[4.31105417243929,52.086505157111596],[4.311250759351864,52.086576156356806],[4.311266463239401,52.086556596473564],[4.311375577901867,52.08659233407628],[4.311669262992405,52.08668853350994],[4.311672824434466,52.08668969859333],[4.311680929385644,52.086679102960474],[4.311969769655001,52.086779014700944],[4.312148139289762,52.08684071367076],[4.312181344476028,52.08683484134614],[4.312201933795343,52.086826912362945],[4.312237672489108,52.086786663320886],[4.312282893434428,52.08680234765149],[4.312417644966339,52.086849077621125],[4.312632434885945,52.08692355739038],[4.312650999944629,52.086930036757174],[4.312863962798898,52.087004679212434],[4.312971529975598,52.0870423697398],[4.313074264146628,52.08707838016893],[4.313178984340195,52.087114938942186],[4.313243544702312,52.087137702491034],[4.313283704705459,52.0871514976226],[4.313788332403943,52.08732488536934],[4.313811603627947,52.0873328815675],[4.314134817493485,52.08744063132],[4.314175027159392,52.08749616343231],[4.314116800973171,52.087565727208826],[4.314030552159342,52.08767265352258],[4.313998097625976,52.08771289705137],[4.313965643033992,52.08775314057081],[4.313835403953249,52.087914596118665],[4.313745754954005,52.088025733928205],[4.313680814759858,52.088106256493376],[4.313615875194031,52.08818674307407],[4.313511907323395,52.08831563779469],[4.313214818258717,52.08868394192936],[4.3132044972063,52.08869673767937],[4.312702463039679,52.089319094657995],[4.312669991518785,52.08935933767077],[4.312637519723283,52.08939958966091],[4.312575673945969,52.08947626570633],[4.31252663394203,52.08953679792178],[4.312458766284809,52.08962054703902],[4.312439923076076,52.089643808759696],[4.312359232646134,52.0897413464117],[4.312155888444788,52.089967759914536],[4.31203994504991,52.09015133029995],[4.312037035420388,52.09015217565932],[4.312027638793294,52.09015760000979],[4.312018738992628,52.09016967154967],[4.312005266518089,52.09018802942192],[4.311987863390765,52.090212068250395],[4.311976075974669,52.09022406849752],[4.311972487598479,52.09023311435547],[4.311951156056589,52.09026334651259],[4.311912520265914,52.09031714198394],[4.311893717230247,52.09034417025469],[4.311874479731172,52.090369846251555],[4.311855552801188,52.0903959565373],[4.311838546988661,52.090419243917715],[4.311818916164586,52.09044731630227],[4.311799103218879,52.09047507241673],[4.311790401058359,52.09048498845253],[4.311776433544865,52.09050268560559],[4.311760310144828,52.09052325744801],[4.311722388025294,52.090572843665086],[4.311703011355143,52.0905958037736],[4.311684369315633,52.09062219528216],[4.31165945391234,52.09065155872957],[4.311645865619214,52.09066925932833],[4.311629465332063,52.09068981064857],[4.311613125222822,52.09071089284973],[4.311598007376668,52.09072969408307],[4.311585849241956,52.09074496279878],[4.311569049469123,52.09076634641467],[4.311537422601586,52.090805967618905],[4.311454372638734,52.090912247115206],[4.311440091240018,52.09092963574752],[4.311415898483004,52.09096048887787],[4.311400059312808,52.09097954417417],[4.311380566643594,52.09100488517966],[4.311310024748894,52.091095278854056],[4.311295939488135,52.09111300184208],[4.311241950844098,52.09118194672728],[4.311232740352184,52.09119417716861],[4.311230072361729,52.09119771233902],[4.311166456042353,52.091279234381226],[4.311143542051239,52.09130908340798],[4.311105499281956,52.09135756271596],[4.311086378275443,52.09138199920738],[4.31102968010024,52.09145496417464],[4.310992125679751,52.09150315127851],[4.310954180165351,52.091551820189274],[4.310936676861005,52.091574518631624],[4.310916580827362,52.09160065404631],[4.310878749269285,52.09164943183833],[4.310866317854585,52.09166512045422],[4.310840610162149,52.091698251752995],[4.310821409979059,52.09172232793035],[4.310802380525493,52.0917465854382],[4.310780504979212,52.091775104562196],[4.31076462296539,52.09179530993768],[4.310678958918316,52.09190636498844],[4.310631650377511,52.091967496507614],[4.310613878502596,52.09199042615564],[4.310441093814142,52.09222688662924],[4.309998022630888,52.09277970619157],[4.309844033138055,52.09297173561489],[4.308822675676569,52.094124868291885],[4.308821352911584,52.094126465167435],[4.308746005709326,52.09421781110414],[4.308687251395787,52.09428556066965],[4.307749053562971,52.09540347233698],[4.307588932991654,52.09558269670885],[4.307582752549263,52.095580572690736],[4.307572420057548,52.095592046508806],[4.307578673239008,52.09559418018247],[4.307573813377176,52.09559961877629],[4.30753863911811,52.095638990696415],[4.307503465013936,52.09567835361887],[4.307472355706804,52.09571316952845],[4.307421332805194,52.095768818589484],[4.307380055357284,52.09581977492473],[4.307372605637688,52.09581702803436],[4.307362229697964,52.09582848345877],[4.30736702070767,52.09583012734517],[4.307342648799483,52.095859710600685],[4.307235898100436,52.095989329409825],[4.30719950032279,52.09603038888458],[4.307183462126425,52.09604847101729],[4.307162834444862,52.09606925264653],[4.307135879671118,52.09609639422814],[4.307124606334923,52.096107535791965],[4.307004411434685,52.09622634361367],[4.306873467425856,52.09635208195565],[4.306848079712773,52.096373547984015],[4.306727221417111,52.09647747313351],[4.306601656400229,52.09657926063796],[4.306561106939363,52.096610897641625],[4.30653628411288,52.096629510373916],[4.306523694554614,52.09663894094658],[4.306402048284443,52.09673012154233],[4.30636811280106,52.096754394458905],[4.306238520202235,52.09684703908513],[4.306115445303288,52.09693146475498],[4.305998888515814,52.097009469234024],[4.305995209206692,52.09700771863796],[4.305911589882989,52.09705625458097]]]]}},{"type":"Feature","properties":{"gezicht_uri":"https://linkeddata.cultureelerfgoed.nl/cho-kennis/id/gezicht/10134461","gezichtsnummer":"1594","naam":"Vlist"},"geometry":{"type":"MultiPolygon","coordinates":[[[[4.794224715723205,51.991508437715225],[4.79791110654672,51.989298738147774],[4.80235132049684,51.98886967260136],[4.80574644052169,51.98718230260304],[4.80761239914793,51.9869874716745],[4.810439425012265,51.985414016285084],[4.812500187088511,51.98284623551708],[4.814252894217785,51.97953447961809],[4.815970044920054,51.97842377643258],[4.817959496824052,51.97832915288717],[4.818719128798967,51.97788160934159],[4.819318982345743,51.97706207022167],[4.8207176131229,51.97649265783383],[4.82165243949975,51.97715240694073],[4.821846589803758,51.976760548301705],[4.823776407785246,51.97711945260359],[4.821593277155578,51.979074734161834],[4.820809636567644,51.97946465506099],[4.819386818720577,51.98009776928782],[4.817868040809419,51.980833768326114],[4.816818204170575,51.982692870957635],[4.814543254013956,51.98632210874927],[4.809003515963996,51.989747450168494],[4.805788516964995,51.99022597040834],[4.803267553182577,51.99095682636436],[4.801667204305019,51.99064327050018],[4.801173560142255,51.990538346019996],[4.800465839484195,51.99054920108626],[4.799759060179025,51.99048814967223],[4.799170416679393,51.990411505291064],[4.798932728406627,51.99043997900944],[4.798673013765952,51.990482723485044],[4.798458941347382,51.99059760266238],[4.798149392847744,51.99088727674229],[4.79762468467258,51.99126305946057],[4.796725112247928,51.99157943407494],[4.79601430597089,51.99182304563295],[4.795587840762309,51.99192336993967],[4.795280461959905,51.99193620573092],[4.794975108490185,51.991905906750375],[4.794691985301971,51.99184605728719],[4.794224715723205,51.991508437715225]]]]}},{"type":"Feature","properties":{"gezicht_uri":"https://linkeddata.cultureelerfgoed.nl/cho-kennis/id/gezicht/10134462","gezichtsnummer":"1595","naam":"Rotterdam - Delfshaven"},"geometry":{"type":"MultiPolygon","coordinates":[[[[4.447928466256682,51.909680187591825],[4.447773286516964,51.90931669922004],[4.447766157357914,51.90917102392348],[4.447490181928044,51.90916342420111],[4.447468929616167,51.90892864697281],[4.447788383558618,51.9089419875893],[4.447615433092285,51.906856105431416],[4.448082303353415,51.906838264275414],[4.448149165252155,51.90739430558864],[4.449393847490668,51.90736199782191],[4.449373186390324,51.907516440035714],[4.449549680732138,51.9077641410977],[4.449559544578434,51.9081273666706],[4.449585137379293,51.908154537218444],[4.449831503837062,51.908327289494295],[4.44984749776303,51.908396630697936],[4.449870523704075,51.90854692703305],[4.449851868753919,51.90860520532653],[4.449206625172366,51.909300283140034],[4.449046792163477,51.9095075470605],[4.448542899425549,51.909626669741],[4.447928466256682,51.909680187591825]]]]}},{"type":"Feature","properties":{"gezicht_uri":"https://linkeddata.cultureelerfgoed.nl/cho-kennis/id/gezicht/10134463","gezichtsnummer":"1597","naam":"'s-Gravenhage - Sint Jacobskerk e.o."},"geometry":{"type":"MultiPolygon","coordinates":[[[[4.304579102134536,52.08198818386603],[4.304515138729108,52.08204717123076],[4.303597135046542,52.082939547496245],[4.303398134232655,52.083128262694366],[4.303293208462296,52.08322190172681],[4.303289867970378,52.0832248844713],[4.303290080895434,52.08322497856442],[4.303259305845287,52.08325525716091],[4.301548739416076,52.08253756119665],[4.301515184139842,52.0825126993004],[4.303835538084905,52.080259888078686],[4.304029344473946,52.080038964951214],[4.304553918771885,52.079576693215174],[4.304607054996075,52.07953437258881],[4.304644406892509,52.07950617428909],[4.304778061992194,52.079406326109705],[4.304958489917219,52.079287880494064],[4.30534504368759,52.07907124006679],[4.30552031920738,52.078974197910355],[4.305703293583362,52.078877893576355],[4.305889329033132,52.07878256761255],[4.306370767433854,52.078538693567154],[4.306425461960488,52.078511606601765],[4.306600464121472,52.07842569065173],[4.306676107350926,52.07838608337684],[4.30657142427665,52.07830949436204],[4.306430246338417,52.07820973911444],[4.306371182985093,52.07816210759487],[4.306072467614758,52.07785444216458],[4.305768738560008,52.07755897033043],[4.305570797835944,52.077377019096545],[4.305752815148446,52.07706643914215],[4.304530736184002,52.0768552253737],[4.304446010182134,52.076850329953025],[4.304355282193945,52.076845091670556],[4.304425170229841,52.076581869505745],[4.304427978811748,52.07657130658099],[4.304506773302092,52.07621520690878],[4.305330019477354,52.076315811525106],[4.305331833823123,52.0763134753825],[4.305524558528162,52.07606522759966],[4.305636602475208,52.07592245433937],[4.305669850264102,52.0758789214605],[4.305693574130792,52.07585099548853],[4.305698549270422,52.075852474860525],[4.305719050854645,52.07585857314353],[4.30631626101178,52.07603136758234],[4.306288305038365,52.07606888178941],[4.306287889846549,52.07606946224834],[4.306282155149667,52.076077681523145],[4.306165572400979,52.076253051846564],[4.306158729937677,52.07626334409142],[4.306513194610455,52.076377921379304],[4.306603379239165,52.07640622710963],[4.307490393074661,52.07669558732291],[4.307542325571956,52.076644101582254],[4.307601973496486,52.076584971933116],[4.307641908106641,52.07654538291604],[4.307634825380207,52.07654085960646],[4.307578570066276,52.07651986780264],[4.307798177442609,52.076297404203515],[4.308050365768357,52.07604193535609],[4.308052512012159,52.07603883592265],[4.308118897674262,52.075947668952175],[4.308125415021488,52.0759411578763],[4.308230559248134,52.0758361166434],[4.30826546254502,52.07580125436128],[4.308295448050306,52.0757712998294],[4.308307182505122,52.07575472418968],[4.308335963351054,52.075725118165856],[4.308398446760724,52.075660827582965],[4.308405445682895,52.075653700678494],[4.308280688829209,52.07559831802265],[4.308439324239818,52.07542781832127],[4.308449257167486,52.075416376718444],[4.308641990416316,52.07521423623117],[4.308750780305706,52.07525192859513],[4.309104905982626,52.07537430621951],[4.309108651364976,52.07537627306924],[4.309146664445016,52.075389079283326],[4.30923834316561,52.07541772026831],[4.309718475764823,52.07556630941792],[4.309779085377546,52.07558760069605],[4.309838792924812,52.075610007285725],[4.30991925619914,52.07563858113318],[4.309902137395428,52.075656456007806],[4.309813657596059,52.075769336461285],[4.309774694107817,52.07580929463268],[4.30961893005545,52.07593690340217],[4.309582421217637,52.07596518062933],[4.309253642877127,52.07627566417754],[4.309181721755405,52.07624490287952],[4.309159113714245,52.07623523538],[4.309157200571913,52.076234415630616],[4.309075074578125,52.076199297985994],[4.309073099002517,52.07619834508006],[4.309022148141169,52.07617394184175],[4.308987196753612,52.07618418151327],[4.308963895801665,52.076191008704036],[4.3088564759318,52.07629789940928],[4.308849481095812,52.07630485559143],[4.308809872531291,52.0763442861982],[4.30878039802904,52.07637361632442],[4.308751985220114,52.076401868524464],[4.308750460528228,52.076403391642174],[4.308709626372452,52.076444033465485],[4.30841347133837,52.076771478434424],[4.308376232003754,52.0768118384525],[4.30833192109537,52.07685824379885],[4.308297342859101,52.076919969661766],[4.30824685015332,52.07697272059561],[4.308200914403872,52.077065459175],[4.308701211764399,52.077272870512154],[4.308885523926814,52.07734773475135],[4.309288773603822,52.077506318421406],[4.309334925926266,52.077525904614426],[4.309362132086465,52.077537452332706],[4.309366330405442,52.07753394917797],[4.309561609800139,52.07761266995819],[4.309574771944439,52.07761797683897],[4.310017230114274,52.07779151427287],[4.310030376698243,52.07779686590336],[4.310087639529334,52.07781641853938],[4.310138254872086,52.077826532887684],[4.310158421350128,52.0778373711259],[4.309465434682115,52.07862299556814],[4.30945709508789,52.07863489227572],[4.30936037167548,52.07874873068106],[4.309277273911184,52.07887375878898],[4.309384988823647,52.078905899099105],[4.309362514553494,52.07893224622243],[4.309327504631024,52.07897328310483],[4.309274539172648,52.07903536911656],[4.309233693718014,52.079083058178085],[4.308941043849748,52.07973597345305],[4.308757300902342,52.07987368008189],[4.308746039911169,52.07986937028762],[4.308724325960584,52.07988895573636],[4.308605137359088,52.07999646657877],[4.308564727894123,52.0800223797106],[4.3085750621728,52.08002882035631],[4.308369480852237,52.08018934661073],[4.308170031138515,52.080427654207455],[4.308037783566653,52.08059618623326],[4.307993655966609,52.080642532456],[4.307952596930271,52.08068565284866],[4.307899518070533,52.080741391169],[4.306808927354686,52.08175511396449],[4.306617065917629,52.081676887515734],[4.306486892245975,52.08159918160408],[4.306469467960949,52.08159150721396],[4.306387516867811,52.08155517140576],[4.306198942143373,52.08147156094793],[4.306059457581981,52.08140971514143],[4.306056117649719,52.08141208448743],[4.305979400472549,52.081371857101864],[4.305928315558232,52.08134497944095],[4.30588232359804,52.081319865342614],[4.305839266946069,52.081297654558036],[4.305214862268955,52.0818115162208],[4.305159989952155,52.08186037845694],[4.305108248994475,52.08190765145278],[4.30505380925549,52.081956715364825],[4.304991823992872,52.08201251442131],[4.304935664338366,52.082062704052184],[4.304638096192638,52.081936033933566],[4.304579102134536,52.08198818386603]]]]}},{"type":"Feature","properties":{"gezicht_uri":"https://linkeddata.cultureelerfgoed.nl/cho-kennis/id/gezicht/10134495","gezichtsnummer":"1639","naam":"'s-Gravenhage Uitbreiding"},"geometry":{"type":"MultiPolygon","coordinates":[[[[4.315683543226204,52.085609579526526],[4.316139433870748,52.08580285782103],[4.316174667247388,52.085817795950135],[4.316258794899117,52.08585346146474],[4.316488334799782,52.0859408681795],[4.317024570411981,52.08611816298283],[4.317254475593207,52.086196061445726],[4.315534629109179,52.085762516600155],[4.315642675264128,52.08563738527149],[4.315671204247718,52.08560434825497],[4.315683543226204,52.085609579526526]]],[[[4.301200002962335,52.08560778878694],[4.301001516428041,52.0857640554188],[4.300995881110947,52.085768992220046],[4.300994673309034,52.08577005973457],[4.300951659900662,52.08580786534845],[4.30095028835671,52.085809066184055],[4.300910823387856,52.08584374944836],[4.300901511662243,52.08585286806929],[4.300831363147076,52.085915717781106],[4.300746194378007,52.08599201993049],[4.300710307640459,52.08602414736453],[4.300688440639338,52.08604375691009],[4.300684040280024,52.086047707334025],[4.300680997545686,52.08605042983074],[4.300622526188225,52.08610287027154],[4.300537413964764,52.086179217737374],[4.300504896294439,52.086208391919214],[4.300479419347068,52.08623124003422],[4.300474824940278,52.08623536843557],[4.300472647278749,52.086237316885146],[4.300471454039598,52.08623838452877],[4.300390467603299,52.08630765086329],[4.300319569045737,52.08636828212968],[4.300161067163803,52.086503835332444],[4.300063660615458,52.08660627569505],[4.300013150236241,52.08674442005912],[4.299951367590209,52.08673824144304],[4.299820320427779,52.08672513118977],[4.299849817267287,52.08669300798226],[4.299959040292202,52.08657209261542],[4.300031805997407,52.086459299202645],[4.299933829529084,52.08642553244716],[4.299772112648132,52.086369811212656],[4.29967493213532,52.08633633023473],[4.299574119920957,52.08630159318829],[4.299476447869181,52.086267936721605],[4.29932364810672,52.086215182555634],[4.299212826204403,52.086179274139646],[4.299080011232159,52.08613634907781],[4.298976079532912,52.08610272427675],[4.29887378395225,52.0860696268513],[4.298773717991629,52.086037251051096],[4.298662736508483,52.08600134063702],[4.298494645191826,52.08594806659816],[4.298376102640534,52.08591229279502],[4.29826018185123,52.085877316129924],[4.298173360852467,52.085851120615565],[4.29808893008657,52.085825639260605],[4.298314107865865,52.08554243576158],[4.298332021983362,52.085547976559525],[4.29837322371127,52.085497166425796],[4.298386355860193,52.08548097321257],[4.298412168934873,52.08544913991393],[4.298437229399367,52.08541825246196],[4.298457281407229,52.08539351196855],[4.298497760985349,52.08534358500457],[4.298505853928795,52.08533360138041],[4.298541323905726,52.08528986630031],[4.298552124195226,52.0852765548871],[4.298584134372704,52.0852370844461],[4.29859529589491,52.085223317940475],[4.298628494287923,52.08518238431211],[4.298643446469261,52.08516394272257],[4.29868959662086,52.08510702090857],[4.298695944390912,52.08509919642458],[4.298737204951538,52.08504833277645],[4.298739145578193,52.08504593273229],[4.298776901512285,52.08499937825732],[4.298783851342446,52.08499079528718],[4.298818538603995,52.08494802367858],[4.298835686667582,52.08492687875998],[4.298864417423418,52.08489144086299],[4.298874660944104,52.084878816410686],[4.298902970286567,52.084843904947654],[4.298920238687339,52.08482260831988],[4.298947690670246,52.08478874959869],[4.298966779213548,52.08476520461235],[4.298916387863319,52.0847249775619],[4.29887488449602,52.08468106405057],[4.298842973292613,52.08463420542061],[4.298821193005026,52.08458519541766],[4.298809910211173,52.084534857655576],[4.298809315670801,52.08448404558197],[4.298819417745337,52.08443361320478],[4.298840049694909,52.08438441515824],[4.298870855749936,52.084337279609336],[4.298911324099288,52.08429300182096],[4.298960769040994,52.08425232825741],[4.299018356675465,52.084215950080804],[4.299083112856529,52.084184476259516],[4.299153941261023,52.084158440477296],[4.299229656701511,52.084138281217044],[4.299308970592375,52.08412433938076],[4.299390553161848,52.08411684987516],[4.299473022563816,52.08411593926519],[4.299554985099096,52.08412162165075],[4.299644838618933,52.08400800640327],[4.299849488637147,52.083690372454555],[4.299881971936221,52.08364935098045],[4.299892553932622,52.08363598349922],[4.299914018605201,52.08360888277012],[4.299926512126301,52.08359310596529],[4.299934038544888,52.08358359341999],[4.299945884709591,52.083568637603584],[4.299992095455057,52.08351028663651],[4.300200692458882,52.08327918710549],[4.300188429920236,52.083275262761035],[4.300226205478963,52.08323437990131],[4.300266752714588,52.08319051136994],[4.300309592599565,52.08314415611474],[4.300346978631222,52.083103683105705],[4.300991458598457,52.082265502610504],[4.300896007363884,52.082227229533714],[4.3008446550584,52.08220663930907],[4.300768724573618,52.082176204501266],[4.300688373050092,52.08214398506305],[4.300624002220271,52.082118178084315],[4.300511531313846,52.08207305113521],[4.300390100394691,52.082024407737784],[4.300248095302845,52.081967475573606],[4.300235683633396,52.081962498172885],[4.300194094668347,52.0819448201875],[4.300175262293934,52.08193749142057],[4.300266350537491,52.08185807125837],[4.300323662465511,52.08180810118935],[4.300418491518787,52.081725416549865],[4.300492795623237,52.08166061889523],[4.300572509656036,52.08159112503112],[4.300577667245183,52.081586615303934],[4.300729254893223,52.08145444048941],[4.300769067049516,52.08141972453214],[4.300809788119326,52.08138422593288],[4.300846052645135,52.08135260532173],[4.300889665543513,52.081314571566594],[4.300898370348757,52.081306975436384],[4.301218577398371,52.081027770585386],[4.301265036284637,52.08098726405458],[4.301312881275063,52.080945547811275],[4.301360293795664,52.08090421407921],[4.301406976234913,52.08086350281236],[4.301462899429668,52.080814741868785],[4.301509790250583,52.08077385270726],[4.301559691731045,52.08073033958897],[4.301605971475064,52.08068997509487],[4.301666664077943,52.08063704228],[4.301716863080943,52.08059328015246],[4.301731633686217,52.080580400531495],[4.301782801591831,52.08053578438335],[4.301847890210545,52.080479035803315],[4.301906883017264,52.08042758832842],[4.303947178512322,52.078645595880715],[4.304690287731039,52.078343547746755],[4.30486066823231,52.07817291350475],[4.30488039033062,52.07815489247818],[4.304879048367478,52.07815066443353],[4.304898964841017,52.078132447437106],[4.304905841454818,52.078131620718544],[4.304923982469269,52.078115032348215],[4.304922640503175,52.07811080430392],[4.304944958659142,52.078090398131266],[4.304951835265696,52.078089571409876],[4.304983119175246,52.078060977944546],[4.304981777639932,52.07805673192744],[4.305004930997062,52.07803556937235],[4.305011822179275,52.07803474278146],[4.305032380062273,52.078015938397456],[4.305031038523485,52.07801169238095],[4.305052521109541,52.077992051545316],[4.305059426869356,52.07799122508541],[4.30515491982929,52.07790391358999],[4.305213444722846,52.077850401766845],[4.305213638677976,52.077850223773204],[4.30525703033308,52.07780897741547],[4.305024728910089,52.07771169824743],[4.305062027880239,52.07762742084708],[4.305057660234027,52.077622230186265],[4.305058923732294,52.07761643506637],[4.305110982695004,52.077539529144985],[4.30516932014353,52.077453341560954],[4.305221727223194,52.0773758994637],[4.305228033248593,52.07737151693585],[4.305237286428208,52.07737013674325],[4.305246737819407,52.07737202128186],[4.305263217811053,52.077347489540585],[4.30490817637901,52.07724164029322],[4.304741764425248,52.07719899706843],[4.304677986307609,52.07718265385253],[4.304680995718082,52.07717825904274],[4.304536061879099,52.07714088250497],[4.304532265086062,52.07714526108726],[4.304411320790297,52.077114253128165],[4.304414317377698,52.07710978629728],[4.304268570274315,52.077072276110954],[4.304265716913624,52.07707685211958],[4.304142947907445,52.077045305764145],[4.304145568361516,52.07704131188546],[4.30399929925808,52.07700308645411],[4.303996167020012,52.077007731802375],[4.303827748229465,52.07696429579222],[4.303824048037964,52.07696950220448],[4.303764345871588,52.07695414877376],[4.303649798649746,52.07692468199158],[4.303650616927352,52.076923271543066],[4.30263900533436,52.0766398949622],[4.302385058270799,52.076570644883255],[4.302502740710688,52.07643163880841],[4.302549953144536,52.076381466830135],[4.30244524072074,52.07634236357781],[4.30014795793974,52.07538848231484],[4.300147571410911,52.075388330434116],[4.300191544746054,52.075341100278614],[4.300186226019766,52.07533546020698],[4.300327389251648,52.075199818951425],[4.301131248216818,52.074445024254615],[4.300682034389704,52.07426845804254],[4.300788057941931,52.074114254008144],[4.301236580752814,52.07368316289197],[4.301590396823429,52.07333741303458],[4.301355171866179,52.073249627496885],[4.300359776890823,52.07288079587729],[4.300549803768003,52.07267583443522],[4.300481235299564,52.072652253700745],[4.30041200130272,52.07262845105648],[4.299598645753556,52.072348774966635],[4.299425449178718,52.07229065919016],[4.299504291951883,52.072200281622564],[4.29951694095984,52.07218578269081],[4.299637499024316,52.072046581229976],[4.29989240727918,52.07175275469178],[4.300284844284686,52.07130248435357],[4.300465314504398,52.07109541689434],[4.300737994967864,52.07083872322859],[4.30075310952359,52.07083318172362],[4.300778191052908,52.070805224293714],[4.300782103896498,52.070800864876816],[4.301010618917691,52.07054622621897],[4.301831850602782,52.07083229343354],[4.301901059503597,52.070856445592995],[4.3019391278152,52.070869740081065],[4.302021614095686,52.07089854480796],[4.302147694680426,52.070943148721796],[4.302202281302996,52.07096218626047],[4.302268279995096,52.07098520302002],[4.302335638222067,52.071008699676305],[4.303290410233548,52.07133794569398],[4.303356242665688,52.0713606456996],[4.303419771257398,52.07138271323935],[4.303483834262047,52.0714050013904],[4.303475933247392,52.0714138365607],[4.303550185120575,52.0714406318746],[4.303625940885282,52.07146797130923],[4.303698992768515,52.071494333020034],[4.303764901388353,52.071518121132954],[4.304200420507411,52.07166519038006],[4.304278703641558,52.0716923998132],[4.304350159718823,52.07171722734771],[4.30438342876178,52.07172878703888],[4.304503959587818,52.07177326547691],[4.304559739898129,52.07179127917181],[4.304561592415254,52.07179188046407],[4.304624407828859,52.07181272731057],[4.304716954578547,52.07185028771926],[4.304788215296728,52.07187657835483],[4.304843558419936,52.07189699688075],[4.304861533007827,52.07190346312383],[4.304935643956179,52.07193012142604],[4.305068841241811,52.07197804147039],[4.305438626709131,52.07207928889719],[4.305496585769268,52.072098922144576],[4.305513148374941,52.0720805394214],[4.305516986215858,52.07207625107172],[4.305540539740181,52.07204986063769],[4.305549654951775,52.072039661201394],[4.30556004776219,52.07202790046363],[4.305577264555365,52.07200840014452],[4.305601815049632,52.07198058964101],[4.305616332296156,52.07196414767217],[4.305636338654431,52.07194148194976],[4.305652752921526,52.07192319672162],[4.305672000534511,52.07190174649718],[4.305692057566102,52.07187939583666],[4.305709101663117,52.07186039728301],[4.305728964079037,52.07183825157095],[4.30576825399068,52.07179445052561],[4.305796480563274,52.07176299732896],[4.305859054931175,52.07178418287351],[4.305894992886068,52.07174387460871],[4.305930945576376,52.071703557479616],[4.305868718459622,52.07168249201344],[4.305882029976551,52.07166764793103],[4.305899898140939,52.0716477400616],[4.305920224825972,52.071625086220514],[4.305942680289631,52.07160005191845],[4.305956726096109,52.07158439659108],[4.305958255061149,52.071582693773195],[4.305986256320232,52.07155149913752],[4.305992492527872,52.07154453615992],[4.305996434964801,52.07154014088983],[4.306029188241938,52.071503641551836],[4.3060344796383,52.071497748550776],[4.306072749501165,52.071455088603784],[4.306101560455181,52.07142297553076],[4.306111955147948,52.07141112487487],[4.306116439708148,52.0714060244647],[4.306148149388921,52.07137045034705],[4.30618889056568,52.07132450518178],[4.306192729145137,52.071320180862195],[4.306258374464011,52.071246239524406],[4.306268615644222,52.07123470205245],[4.306296540259655,52.07120303922618],[4.30633364323093,52.07116096174682],[4.306348400216555,52.0711442342487],[4.306960006039875,52.07134824782544],[4.307018909541125,52.07126773190994],[4.307032841456873,52.07125194058113],[4.307584225824578,52.07064108598624],[4.307608689043136,52.07061378663004],[4.30789646929107,52.07028422867095],[4.308662330336045,52.07055200370615],[4.308704540345399,52.07056661031522],[4.308702695964938,52.07056869679664],[4.308846136429398,52.07061766814585],[4.308911556406311,52.07064000171295],[4.308919453396723,52.07063128300145],[4.309028916462765,52.07066782631311],[4.309130624129473,52.070701772716866],[4.310526837375202,52.07118838237709],[4.310595159983268,52.07111198224323],[4.310644832447984,52.07105791945198],[4.311824130863787,52.07146468648325],[4.311639553621068,52.07166680094264],[4.317104658535209,52.073520187177095],[4.317347466333723,52.07357905722183],[4.31751546153984,52.07359689714881],[4.317925256189406,52.07375186136818],[4.318009500917258,52.07378707970814],[4.318076229636305,52.0738148491834],[4.319089715473257,52.07427292955072],[4.319578641006409,52.07449094207856],[4.319579519272866,52.074490203972985],[4.319599461620945,52.074498699249446],[4.319619956029433,52.07450667817897],[4.320361996789845,52.07481871057794],[4.320292597244085,52.07485265277705],[4.320286628130605,52.074848490877805],[4.32013698750122,52.07492077131987],[4.319980572308222,52.07498349811907],[4.318590551743434,52.075703866439795],[4.317269894138104,52.0763893744621],[4.31724058410733,52.076404589125715],[4.316509109094362,52.076784254861714],[4.315672837076758,52.077246944749106],[4.315290088220896,52.07745870503034],[4.31522632392511,52.07749457419142],[4.315202930009115,52.07750772758231],[4.315118130190589,52.07755542546825],[4.315126578384403,52.07761729532571],[4.315478697822822,52.07774179030659],[4.316352178991144,52.07801609725541],[4.318294448576412,52.078630681112536],[4.318520715463109,52.07869218944538],[4.319142708320714,52.07883101284282],[4.319449621269823,52.078909899728814],[4.319784994585714,52.07900925701551],[4.319914958832743,52.07906275538602],[4.3197968899967,52.07927878357754],[4.319753568101058,52.07935429183505],[4.319675097894013,52.0794910723195],[4.319564124610583,52.07969196015022],[4.319463561813935,52.079862045750794],[4.320735239804104,52.08043721335858],[4.321195402745302,52.08065515141739],[4.320480048115412,52.08123064044057],[4.320433534407772,52.08126805283591],[4.320426502861428,52.081264968969144],[4.320336345666391,52.081336278134984],[4.32025697191441,52.08130261131747],[4.320232551749466,52.08129225317284],[4.320164216501121,52.08126326824179],[4.320077499687193,52.08133085333215],[4.318906368235472,52.08224355975167],[4.318051535939316,52.08183518181631],[4.317338222366892,52.081494401323454],[4.317075567920465,52.0813721988848],[4.316957230512586,52.08128445938716],[4.316509123983358,52.08115295988401],[4.316525302877284,52.08112922611956],[4.316602415751413,52.08103139246],[4.316605665767764,52.081027269201726],[4.31668106933166,52.080929518836676],[4.31673405338692,52.08086083201444],[4.316781511655516,52.08079930392202],[4.316599557960939,52.080743017406036],[4.316853198356678,52.080436783952976],[4.317087018580595,52.08013531599958],[4.31686382400008,52.080038473496025],[4.317394930337151,52.079559337431256],[4.316929698679193,52.07936942126906],[4.315529742440618,52.078722463624096],[4.315501001941026,52.07874791670358],[4.315473469188347,52.07877547738114],[4.315471025051721,52.07877763042048],[4.31524828567774,52.07897359880111],[4.315240398733715,52.07898006184907],[4.31522004818046,52.07900331254932],[4.31396874840863,52.07845184087581],[4.313847962842466,52.07839860601536],[4.31337895967495,52.07818566833073],[4.313317126422205,52.078157401531435],[4.313263547375786,52.0781329043003],[4.3132191025031,52.0781125891623],[4.313209679702491,52.07810827857117],[4.313140973795965,52.07807825915172],[4.312301732440513,52.07805858793721],[4.312237752662562,52.07804971438755],[4.312073388680875,52.07797668915908],[4.311775197736706,52.07785695707463],[4.311589292921952,52.077786765995235],[4.311524050684496,52.077776269299484],[4.311457157462036,52.07777103387782],[4.311389730754576,52.077771148582514],[4.311353499013492,52.07777439302497],[4.311318471060375,52.0777809630422],[4.311152370165662,52.07781845056169],[4.311088006354158,52.07782753460493],[4.311022235122543,52.07783114510496],[4.310956279952539,52.07782921233649],[4.310891361731719,52.07782177441765],[4.310460281675829,52.07773887651706],[4.310323953406517,52.07769387120981],[4.310235152380884,52.07778300754234],[4.310219283071106,52.07779424896323],[4.310180130911862,52.07782198985557],[4.310165916334031,52.077832062129886],[4.310138254872129,52.077826532887684],[4.310087639529348,52.07781641853943],[4.310030376698262,52.07779686590346],[4.310017230114348,52.077791514272924],[4.30957477194445,52.07761797683907],[4.309561609800118,52.07761266995825],[4.309366330405493,52.07753394917804],[4.309362132086442,52.077537452332685],[4.309334925926247,52.07752590461446],[4.309288773603876,52.07750631842136],[4.308885523926828,52.07734773475135],[4.308701211764445,52.07727287051223],[4.308200914403879,52.077065459174946],[4.308246850153298,52.07697272059566],[4.30829734285916,52.076919969661766],[4.308331921095424,52.07685824379888],[4.308376232003734,52.07681183845262],[4.308413471338374,52.076771478434424],[4.308709626372482,52.07644403346542],[4.308750460528212,52.07640339164223],[4.308751985220179,52.07640186852451],[4.308780398029114,52.07637361632442],[4.308809872531351,52.076344286198236],[4.308849481095851,52.07630485559141],[4.308856475931869,52.07629789940933],[4.308963895801721,52.07619100870401],[4.308987196753601,52.076184181513355],[4.309022148141222,52.07617394184183],[4.309073099002514,52.07619834508004],[4.309075074578204,52.07619929798602],[4.309157200571891,52.07623441563065],[4.309159113714284,52.07623523537995],[4.30918172175543,52.07624490287954],[4.309253642877134,52.07627566417757],[4.30958242121762,52.07596518062942],[4.309618930055437,52.075936903402244],[4.309774694107809,52.075809294632684],[4.309813657596109,52.07576933646136],[4.309902137395437,52.075656456007806],[4.309919256199164,52.075638581133255],[4.309838792924876,52.075610007285825],[4.309779085377625,52.07558760069614],[4.309718475764829,52.07556630941797],[4.309238343165591,52.075417720268284],[4.309146664445072,52.07538907928332],[4.309108651364971,52.07537627306924],[4.309104905982652,52.07537430621952],[4.30875078030573,52.07525192859518],[4.308641990416294,52.07521423623117],[4.308449257167536,52.07541637671849],[4.308439324239806,52.0754278183213],[4.308280688829227,52.07559831802267],[4.308405445682924,52.075653700678615],[4.308398446760722,52.07566082758301],[4.308335963351093,52.07572511816581],[4.308307182505176,52.07575472418976],[4.308295448050326,52.07577129982934],[4.308265462545077,52.07580125436131],[4.308230559248125,52.075836116643366],[4.30812541502156,52.0759411578763],[4.30811889767427,52.075947668952175],[4.308052512012135,52.07603883592262],[4.308050365768372,52.07604193535616],[4.307798177442594,52.076297404203515],[4.307578570066305,52.076519867802716],[4.307634825380274,52.07654085960645],[4.307641908106718,52.07654538291603],[4.307601973496483,52.076584971933066],[4.307542325571942,52.076644101582296],[4.307490393074691,52.07669558732288],[4.306603379239242,52.07640622710965],[4.306513194610448,52.076377921379304],[4.306158729937744,52.07626334409148],[4.30616557240104,52.076253051846614],[4.306282155149646,52.07607768152309],[4.306287889846605,52.07606946224841],[4.306288305038421,52.07606888178941],[4.306316261011818,52.07603136758236],[4.305719050854655,52.075858573143556],[4.305698549270539,52.07585247486055],[4.305693574130863,52.075850995488544],[4.305669850264143,52.075878921460536],[4.305636602475272,52.07592245433942],[4.305524558528138,52.07606522759977],[4.305331833823098,52.076313475382584],[4.305330019477409,52.076315811525134],[4.304506773302172,52.07621520690882],[4.304427978811726,52.07657130658099],[4.304425170229914,52.076581869505816],[4.304355282193935,52.07684509167051],[4.304446010182124,52.07685032995305],[4.304530736184044,52.0768552253737],[4.30575281514851,52.07706643914223],[4.305570797835988,52.077377019096524],[4.305768738560066,52.07755897033043],[4.306072467614834,52.07785444216462],[4.306371182985076,52.07816210759485],[4.30643024633842,52.0782097391144],[4.306571424276669,52.07830949436204],[4.306676107350975,52.07838608337689],[4.306600464121521,52.07842569065173],[4.306425461960523,52.078511606601765],[4.306370767433882,52.078538693567154],[4.305889329033176,52.07878256761264],[4.305703293583346,52.078877893576426],[4.305520319207359,52.07897419791046],[4.30534504368766,52.07907124006683],[4.304958489917199,52.079287880494164],[4.304778061992228,52.07940632610973],[4.304644406892507,52.07950617428909],[4.304607054996053,52.07953437258887],[4.30455391877191,52.079576693215174],[4.30402934447402,52.0800389649513],[4.303835538084972,52.08025988807873],[4.301515184139862,52.08251269930048],[4.30154873941608,52.082537561196624],[4.30325930584526,52.083255257160985],[4.302514269552963,52.083988221169186],[4.302623568651684,52.08403536638596],[4.302619650264802,52.08403901120597],[4.30283528101765,52.08412603810089],[4.302793481040243,52.08415936117752],[4.302668905492782,52.084272099658456],[4.30258049799252,52.08435210587557],[4.302395772218739,52.08451910593557],[4.302209592861689,52.08468582266461],[4.302123026820722,52.08476368146192],[4.301404569036699,52.08542417120334],[4.301397725882354,52.085421317147194],[4.301302222735241,52.085504472756384],[4.301307912828575,52.08550809371767],[4.301269896698724,52.08554322191072],[4.301263015963697,52.085549576455676],[4.301200002962335,52.08560778878694]]],[[[4.313854489699596,52.08724192889937],[4.313857000062304,52.08724281468104],[4.314072876613166,52.08730867252615],[4.314210561006726,52.08735067884089],[4.314134817493514,52.08744063131998],[4.313811603627952,52.08733288156755],[4.313788332403964,52.08732488536932],[4.313283704705492,52.08715149762257],[4.313243544702313,52.087137702491034],[4.313178984340234,52.08711493894213],[4.313074264146669,52.08707838016898],[4.312971529975619,52.0870423697398],[4.312863962798913,52.08700467921241],[4.312650999944663,52.086930036757224],[4.312632434885984,52.08692355739037],[4.312417644966346,52.08684907762115],[4.312282893434503,52.08680234765154],[4.312237672489132,52.086786663320886],[4.312201933795399,52.08682691236299],[4.312181344476,52.08683484134624],[4.312148139289751,52.08684071367076],[4.311969769655028,52.086779014700944],[4.311680929385655,52.0866791029606],[4.311672824434497,52.08668969859343],[4.311669262992444,52.08668853351004],[4.311375577901929,52.08659233407634],[4.311266463239402,52.08655659647365],[4.311250759351869,52.08657615635691],[4.311054172439351,52.086505157111596],[4.310990603306814,52.08648130477719],[4.310885040673476,52.08644168916458],[4.310796584863479,52.08640850384336],[4.310708100441717,52.086375300215934],[4.310620888861442,52.086342566574245],[4.310533662604829,52.08630984172173],[4.310460145351483,52.08628224878385],[4.310384762571148,52.08625396459841],[4.310309380102748,52.08622567137814],[4.310234605013037,52.08619760837796],[4.310147379539693,52.086164874253456],[4.310060309511951,52.08613114373649],[4.309980019218724,52.08610005489315],[4.309899743841794,52.08606895714181],[4.309816981975923,52.08603690177469],[4.309733107138699,52.08600441370215],[4.309654176435274,52.08597384043295],[4.309589080172852,52.0859486340471],[4.309535686411437,52.085927952602944],[4.309640649561056,52.08581900738704],[4.309769911994109,52.08568483943666],[4.310012841633548,52.08544750197924],[4.309974189093031,52.085432106018224],[4.309835339459412,52.08537679420064],[4.309755588638083,52.08534502698055],[4.309472554679153,52.08522938759728],[4.308631747377191,52.08487527833188],[4.308609516393387,52.08486658949455],[4.308467241089779,52.08481098625623],[4.308314016502173,52.0847689634317],[4.308017204476206,52.08465199884481],[4.304577303100309,52.08333926349108],[4.303597135046563,52.082939547496245],[4.304515138729172,52.08204717123082],[4.304579102134587,52.08198818386606],[4.304638096192614,52.081936033933566],[4.304935664338366,52.08206270405231],[4.30499182399286,52.08201251442133],[4.305053809255527,52.0819567153648],[4.305108248994487,52.08190765145278],[4.305159989952198,52.081860378457016],[4.305214862268994,52.08181151622085],[4.305839266946086,52.081297654558085],[4.305882323598085,52.08131986534266],[4.305928315558251,52.081344979441],[4.305979400472626,52.081371857101864],[4.306056117649728,52.081412084487525],[4.306059457581958,52.08140971514153],[4.306198942143444,52.08147156094793],[4.306387516867861,52.08155517140586],[4.306469467960971,52.081591507213936],[4.306486892245975,52.08159918160411],[4.306617065917668,52.08167688751576],[4.306808927354741,52.08175511396455],[4.306942627244643,52.08163083689104],[4.307132282552622,52.08171147179006],[4.307953175888465,52.08200212935185],[4.308843172454284,52.082329907766],[4.308921494378298,52.082360026633424],[4.309030723087306,52.082402032693885],[4.309360408717406,52.08251944611372],[4.310327065698821,52.08296636101208],[4.310593554095496,52.08305726762911],[4.311419925443248,52.083367332653644],[4.311732035332842,52.0834931069224],[4.312038947630382,52.08362364863313],[4.31234047110568,52.08375887293605],[4.312752699587952,52.08395413035547],[4.312966855193986,52.08406266435085],[4.3129413134138,52.08408594823445],[4.312829783536046,52.08419043199968],[4.312702043838568,52.08431128012731],[4.312557419990645,52.0844188596002],[4.31249099501174,52.08447933214184],[4.312028054787713,52.084983484018686],[4.311979014102771,52.08503511718523],[4.311778157997714,52.08525838875458],[4.311738974951469,52.08530174328924],[4.3117396989315,52.08530197461463],[4.31169663991742,52.085348143184746],[4.311593348744572,52.08548201095334],[4.311556774619166,52.08552941169325],[4.31141580884765,52.08571210144463],[4.311379392434598,52.08575929907662],[4.311344723044607,52.08580422951327],[4.311302666321201,52.0858587351392],[4.311295960612346,52.085867424431235],[4.311266949248885,52.085899597581566],[4.311270248414747,52.085900744552795],[4.311204297671287,52.08598621833414],[4.311186458302785,52.08600933621991],[4.311151257542026,52.086054958373936],[4.311117672025812,52.08609848516611],[4.311052150077253,52.086183396489744],[4.310994504634187,52.086258103360485],[4.312129058529536,52.08666267763616],[4.312276444155462,52.08671523311469],[4.312755563816322,52.08688607582962],[4.312777442790272,52.086861967583005],[4.313854489699596,52.08724192889937]]],[[[4.300743403301233,52.08752041090334],[4.300580764353722,52.087673877013714],[4.300317493389222,52.08757155735533],[4.30036848070201,52.087477124605115],[4.300409890661231,52.08739701019284],[4.300743403301233,52.08752041090334]]],[[[4.303010019843469,52.08831151233408],[4.302954488311745,52.088371333739005],[4.30289417279295,52.08835012044001],[4.302804844438684,52.08831870310144],[4.30278858951836,52.08831342096049],[4.302731919992661,52.08829500291393],[4.302729484995052,52.08829778498779],[4.302727777812795,52.0882997378081],[4.302564699079832,52.08824665288887],[4.30256559042363,52.08824569929918],[4.302645396512355,52.0881602791225],[4.302645436304025,52.08816029297177],[4.302645599172013,52.088160346155895],[4.302673097461295,52.0881695205399],[4.302715179153075,52.088183554948586],[4.303019344560022,52.088285009474845],[4.303030048670695,52.088288579849156],[4.303028540302358,52.088290307537584],[4.303010019843469,52.08831151233408]]]]}},{"type":"Feature","properties":{"gezicht_uri":"https://linkeddata.cultureelerfgoed.nl/cho-kennis/id/gezicht/10134497","gezichtsnummer":"1636","naam":"Vlist Uitbreiding (Bonrepas)"},"geometry":{"type":"MultiPolygon","coordinates":[[[[4.823776407785246,51.97711945260359],[4.821846589803758,51.976760548301705],[4.82165243949975,51.97715240694073],[4.8207176131229,51.97649265783383],[4.819318982345743,51.97706207022167],[4.820377800354364,51.97562544126117],[4.821277573435677,51.973984900601785],[4.821914320001686,51.972885987177996],[4.822115019356338,51.972665837322744],[4.822956399226931,51.97288200102806],[4.823381446708646,51.97299100033051],[4.823826407851021,51.972905045780585],[4.824332736137729,51.97279960873755],[4.825029652441954,51.972582725700434],[4.825506359003334,51.972401639761316],[4.825712004925852,51.97224981905702],[4.825825385031782,51.97214429731861],[4.825881965542584,51.97204209984297],[4.825976646177512,51.971802562004925],[4.826080399835953,51.97165205224018],[4.826239883920373,51.971583602302154],[4.826419493478287,51.97153502249575],[4.826794101523921,51.97148737140954],[4.827234608331636,51.97140677582441],[4.827369595591008,51.97143528217484],[4.827732225301364,51.97129768739665],[4.828433701462713,51.97082823272912],[4.828642084048125,51.97068900364194],[4.828825201636043,51.97059189962564],[4.829276047198374,51.9703810141106],[4.829506543100818,51.97021851859804],[4.829620266452646,51.970084232055875],[4.829727669470382,51.9697557666261],[4.829817233748091,51.96957462587684],[4.830075165749558,51.9693115894654],[4.830372026612131,51.96907749953797],[4.830619460743769,51.96895642853016],[4.830921887731304,51.968859885648854],[4.831248326964851,51.968821879886136],[4.832822178429793,51.96887784395377],[4.833228459822851,51.96885548913675],[4.83353063662507,51.96877871280385],[4.835210586812863,51.968017202516705],[4.835434609970385,51.96790499994673],[4.835636535006468,51.96757787129287],[4.83574075191347,51.967504655215485],[4.835892323950803,51.96748559119627],[4.836460490661382,51.96766981745163],[4.836572290306502,51.96769011518777],[4.836770491752514,51.967665875250354],[4.837050210282888,51.96752067321841],[4.837175280567994,51.96740800456586],[4.837805777690804,51.96713680536901],[4.838774397458586,51.96646450056738],[4.839030694275303,51.96621042537707],[4.839501072342419,51.96570297562513],[4.83958199814125,51.96562964772125],[4.839796840849986,51.9655524487886],[4.839987153383659,51.965577602788194],[4.840374090722088,51.96570703685887],[4.840477277492379,51.96571740365675],[4.840675402478336,51.96569854983343],[4.84112910880578,51.96560268350025],[4.84161601446679,51.965408996166616],[4.841935054223323,51.965258571898495],[4.84224216046711,51.964892370615395],[4.842388743414525,51.96456407521547],[4.842568629929175,51.96436896169576],[4.842602242547032,51.96423698826192],[4.84256617486522,51.96397166435111],[4.842561037307778,51.963795468495476],[4.842640859495606,51.963692471760204],[4.842984966615741,51.9635133979073],[4.843080911688078,51.9634005882522],[4.843222877190317,51.96285205531564],[4.843220233171733,51.9627100268132],[4.843070935422762,51.96254305144314],[4.843064499628542,51.96247381120698],[4.843145882148139,51.96236183296602],[4.843289237753259,51.96229867844068],[4.843414310459106,51.962183306667164],[4.84356207694542,51.96199613265887],[4.843819482260422,51.96176632077138],[4.844143440511788,51.96156737604854],[4.845251287238189,51.96115542470422],[4.845547364337328,51.96097522325926],[4.845835652738197,51.96071678638436],[4.846061552096888,51.96044368041858],[4.846167750045634,51.96020328050853],[4.846154107931575,51.96000727122282],[4.846027847327782,51.95986017992904],[4.845881187314044,51.959715691133226],[4.845877004340137,51.95957994743425],[4.846037477058421,51.9594233892523],[4.846300937908005,51.95929247191486],[4.846460985940831,51.95917096586397],[4.846462999395352,51.959003791354455],[4.846536406721137,51.95882795663757],[4.846705235387377,51.95870199642468],[4.846841202921714,51.95864689318],[4.847008510368751,51.95852631857017],[4.847253909101018,51.95820296493411],[4.847394800726024,51.95810114410481],[4.847655739918135,51.957936955185076],[4.847739861094379,51.95783757004374],[4.847688151155441,51.95766116072476],[4.850435078060608,51.95813393245948],[4.848496100786494,51.95992274313882],[4.845654846278709,51.962558570360265],[4.843097404371746,51.96504104208805],[4.842824396424282,51.965235725523094],[4.842515564885349,51.96562439123487],[4.841856576318682,51.96596918813009],[4.841109486546423,51.966258743371775],[4.840835357590043,51.96642465422396],[4.84049608828423,51.96656239779866],[4.840087749724328,51.96675554709308],[4.838930151807351,51.9672939542219],[4.838499023857859,51.967445645316744],[4.837636343552986,51.96790182307608],[4.837376311600083,51.96798419992046],[4.835378956829958,51.96888087588268],[4.833791989534497,51.9694163190881],[4.832546859649965,51.96984279609669],[4.831741093711522,51.970159879380425],[4.823776407785246,51.97711945260359]]]]}},{"type":"Feature","properties":{"gezicht_uri":"https://linkeddata.cultureelerfgoed.nl/cho-kennis/id/gezicht/10134504","gezichtsnummer":"1643","naam":"Rotterdam - Delfshaven Uitbreiding"},"geometry":{"type":"MultiPolygon","coordinates":[[[[4.447760733629548,51.910813651537474],[4.447680613695431,51.91088866289132],[4.447674963855323,51.91089334582345],[4.44749731861291,51.910838271462055],[4.447481523003662,51.9108012911496],[4.447476988682542,51.910801973995056],[4.447427485112224,51.91068453520173],[4.447431948455976,51.91068377089164],[4.44741615295405,51.910646790569885],[4.447393207686598,51.91063896661503],[4.447332342041576,51.910618704538614],[4.447326957523156,51.91061695360731],[4.447033499352543,51.91051921734166],[4.447030401825484,51.91052277908613],[4.446988124914712,51.91050878689987],[4.446990923300194,51.91050493512217],[4.446540919080855,51.910388641676],[4.446341345180225,51.910337066433705],[4.446274592223529,51.91031967802521],[4.446257362794346,51.910345005304166],[4.446208403297976,51.910349638024414],[4.446166809472657,51.91018223042788],[4.446154196255091,51.910134228192206],[4.446140828014205,51.9100834154078],[4.446124533021488,51.909799598855564],[4.446115861398719,51.909679259462735],[4.446104032845652,51.90960419826693],[4.446202108691204,51.90959986001149],[4.446206649858189,51.90966758192934],[4.446272688824699,51.90966487473115],[4.446271763357065,51.90965354145154],[4.446343033497539,51.9096508760977],[4.446412267394194,51.909648284287606],[4.446482083091541,51.90964567012758],[4.446550589853287,51.90964309938186],[4.4465822977494,51.90964191496876],[4.446573458915735,51.909598967717216],[4.446629710815671,51.90959654153407],[4.446845802583308,51.9095878528341],[4.446925455596062,51.90958393285333],[4.446996990475199,51.90958041528726],[4.447004628505543,51.909580035943996],[4.447065719211171,51.9095776482645],[4.447066451309954,51.90958294851538],[4.447137717347712,51.90958047141201],[4.447137980462141,51.909583179140924],[4.447167654137275,51.909581969309166],[4.447189447263741,51.90958092115499],[4.44718822486441,51.90957126641138],[4.44721148493516,51.90957043672897],[4.44728101792612,51.90956795466568],[4.447353974356757,51.90956456510627],[4.447349402109177,51.909518407086935],[4.447340055521088,51.90942394111096],[4.447330708971021,51.909329475133184],[4.447321312038971,51.9092346402101],[4.447315996585496,51.90918093465256],[4.44731086171604,51.909129019306846],[4.447305605600302,51.90907595242628],[4.447300409185809,51.909023506248694],[4.447295238086757,51.90897124004861],[4.447290079463271,51.90891907282427],[4.4472848468196,51.90886627579235],[4.447279711643944,51.90881437841783],[4.447274444826724,51.90876113167194],[4.447269248482647,51.90870868549098],[4.447268863921303,51.90870483521495],[4.447266991722413,51.90868594379096],[4.447263272820518,51.90864833193358],[4.447258857145068,51.90860373021632],[4.447257356862016,51.90858859907902],[4.447255006040693,51.9085647959493],[4.447251321730762,51.90852761582922],[4.447246042326992,51.90847427909116],[4.447245409483458,51.90846735940587],[4.447240658722183,51.9083774447837],[4.447237268746759,51.908378145760594],[4.447231382239386,51.90831353222696],[4.447221760737714,51.908220421331656],[4.447220818644158,51.90821126321179],[4.447217578751701,51.90817993834319],[4.447213734101663,51.90814278390356],[4.447214186932698,51.90814197853489],[4.4472160759135,51.90814199364437],[4.447208570020033,51.90806516937105],[4.44718364562624,51.9078101019485],[4.447180759398905,51.90778063159602],[4.447177575715028,51.90778067803969],[4.44717316772122,51.90773571682322],[4.447163957007121,51.90764173728834],[4.44715715316366,51.9075723523485],[4.447149420460457,51.90749352624514],[4.447148008274247,51.90749242955243],[4.447149306381955,51.9074923792622],[4.447148928964888,51.9074885357838],[4.44714533170884,51.90745171814921],[4.447137916165256,51.90737614402728],[4.447133412865246,51.907330184288675],[4.447126347139554,51.907258037691015],[4.447124022506511,51.90723437858385],[4.44711848969224,51.90717788473768],[4.447114680911199,51.907139022706254],[4.447106560217464,51.90705617100844],[4.447102223004683,51.907012001363775],[4.447097792110083,51.90696675231464],[4.44707594670224,51.90695507190332],[4.447069561240622,51.9068920993037],[4.447065221646834,51.906845961092806],[4.447058742489722,51.90677704615303],[4.447060182063792,51.90677596328499],[4.447068768040331,51.9067694948784],[4.447077051212502,51.906763260004354],[4.447073198783475,51.90672457739569],[4.447069052391196,51.90668292613479],[4.447065077352769,51.906642984114136],[4.447064867052642,51.90664087905522],[4.447062008589074,51.90661217296358],[4.447061197889042,51.906604031624376],[4.447060828330089,51.906600334275815],[4.447057973504041,51.90657162821298],[4.447057091223625,51.90656274023163],[4.447056793435054,51.90655978053788],[4.447053931348942,51.90653107441667],[4.447052933962673,51.90652108888218],[4.44705275109408,51.906519235728744],[4.447049899910534,51.90649052969449],[4.447048723525173,51.90647867980139],[4.447048636365203,51.90647780943881],[4.447045865034584,51.90644997595562],[4.44704449346157,51.90643616719217],[4.44704040836834,51.906395235521885],[4.447036288901303,51.906353863125545],[4.447032122973876,51.90631193305216],[4.447027702480149,51.906267582957575],[4.447026294751624,51.90625341884711],[4.447026132849028,51.90625177934505],[4.447024145412858,51.90623180608613],[4.446850100635823,51.90623844048152],[4.446745557442589,51.90624245781711],[4.446744640360222,51.9062425313768],[4.446720613556583,51.90614480173716],[4.446723482353615,51.906144519077856],[4.446723084054913,51.90614271813235],[4.446702580700376,51.9060808010563],[4.446668453189546,51.90594855451026],[4.44666856617238,51.905948537436956],[4.446734331687721,51.90593849296773],[4.446776609413513,51.9059320897215],[4.446810576884586,51.905926968276255],[4.44688376324472,51.90591577861082],[4.446889533099531,51.905931734937134],[4.446896520612114,51.90593116163431],[4.446895984020489,51.905929719134356],[4.44685412383158,51.90581819284813],[4.44685718450282,51.90581776790047],[4.446855915209708,51.90581418469965],[4.446876495444741,51.90577828186521],[4.446844682510369,51.90569707425764],[4.446792989751216,51.90555020399198],[4.446748714370964,51.90543519539992],[4.446744883458536,51.905422944480826],[4.446726652649984,51.90537745013078],[4.446720602675586,51.905364123020966],[4.446700879808016,51.905314583005314],[4.446659933662367,51.905211513413484],[4.446659188542218,51.90520961980371],[4.446630882860961,51.90507003328561],[4.44662587925621,51.90507077301376],[4.446520465534736,51.90479008119424],[4.447593179252996,51.90440797468061],[4.447654259109085,51.904386296702164],[4.448233385717254,51.90418031832411],[4.449057210406235,51.904710459245706],[4.449057329781524,51.90471065795208],[4.449058209912307,51.90471183127391],[4.449059355698156,51.904713157278735],[4.44905952955916,51.90471335642008],[4.449060644225175,51.904714432737606],[4.449060843512849,51.904714632081955],[4.449343600993795,51.9050053775277],[4.44934397806101,51.90500576256056],[4.449426888831732,51.905091019969575],[4.449428332167712,51.90509236407558],[4.449429832895505,51.905093569313344],[4.449780231694504,51.90540207370973],[4.44978036809827,51.9054031983962],[4.44978727615847,51.905417581629244],[4.449807647683495,51.905466494819144],[4.449807744566761,51.90546672705322],[4.449825652708656,51.90550972619224],[4.44985375882327,51.90557172132753],[4.449909608393898,51.90569429744317],[4.449936649309648,51.90575860316655],[4.449968586117582,51.90588084470072],[4.450015563555095,51.90606376362496],[4.450047760101491,51.90618158247218],[4.450063675766584,51.90624245785555],[4.450071070359451,51.90627813039277],[4.450086868092729,51.906362445336086],[4.450091272463308,51.90645442674205],[4.450097530053857,51.906595546634705],[4.4500982994015,51.90659558872493],[4.45009848311074,51.906604902571075],[4.450100175558034,51.90662201273617],[4.450100655792767,51.906626861520806],[4.450101363019884,51.90663406717718],[4.450102574372535,51.906692560118266],[4.450103572048783,51.90674073672447],[4.450103969385776,51.90676002083622],[4.450075556668844,51.907241152657484],[4.450074103083359,51.90726574336811],[4.450073649231074,51.90727339819297],[4.450072722760005,51.90728908522191],[4.450072860590328,51.9073047829853],[4.450074059652589,51.90732046449234],[4.450076316924155,51.907336100505304],[4.450079629335542,51.90735166403331],[4.450083993770415,51.90736713033219],[4.450089396355124,51.907382467830566],[4.450118367824146,51.90746995298182],[4.450120080230679,51.907475126198676],[4.450120107699199,51.90747520282233],[4.450121238999177,51.90747862308692],[4.450175943313662,51.9076437427974],[4.450184736682677,51.90764857696723],[4.450245525253351,51.90763126385957],[4.450253334244377,51.907633123877204],[4.450253701025195,51.907633306577225],[4.450290555611104,51.9076741398244],[4.450307135531756,51.90769516194133],[4.450307997325585,51.90769495308118],[4.450328649354209,51.90772089306338],[4.450459466092203,51.90788852052285],[4.45047915607964,51.90791303707506],[4.450489521400647,51.90792560736316],[4.450482440414388,51.90792978239068],[4.450422615854715,51.9079475460041],[4.450419588680789,51.90795577357582],[4.450419923828758,51.90795607961887],[4.45038274945496,51.90796719004349],[4.450380291748005,51.90796412999528],[4.450377944935958,51.9079648146591],[4.45037309167217,51.90795850179901],[4.450371011301069,51.907955815545954],[4.450369674120438,51.907954079039726],[4.450346821815349,51.90797025419878],[4.45023008331025,51.90806676414453],[4.450284465092992,51.908137930455815],[4.450284521717102,51.90813800281751],[4.450285003396653,51.908138599917415],[4.450243223966905,51.90815100392409],[4.450251067327224,51.908174230552255],[4.450262838805216,51.908209110994136],[4.45026423729978,51.908213135635535],[4.450287232643779,51.908279364051516],[4.450287859961905,51.90828116680939],[4.450305206847736,51.908331123188184],[4.45030579980719,51.90833283128984],[4.450409552717542,51.90863162979834],[4.450410003469633,51.90863231653894],[4.450410373927827,51.90863302061705],[4.450410664138944,51.90863373978586],[4.450410874196618,51.908634469551686],[4.450410996929085,51.908635205362984],[4.450411039601746,51.90863594727767],[4.450410995089653,51.90863668849739],[4.450410867119142,51.908637424557405],[4.450410655737026,51.90863815321094],[4.450410360990123,51.90863887221115],[4.450409986651588,51.9086395748465],[4.450409532721415,51.908640261117014],[4.450408999293242,51.90864092652906],[4.450408397405622,51.90864156442905],[4.450407719746334,51.90864217700585],[4.450394956496541,51.90865557641365],[4.450377557370697,51.908673846739106],[4.45037958419186,51.90867422244771],[4.450080574213438,51.90900694922896],[4.450065413123833,51.90902381712786],[4.449909832147799,51.90919694076029],[4.449894562956743,51.90921393361822],[4.449856492218295,51.909256301962955],[4.449855194031629,51.90925774779116],[4.44985506011387,51.90925789728509],[4.449803412530863,51.90931537308216],[4.449788671479047,51.90933177687961],[4.449788314441925,51.909332171785245],[4.449759992806588,51.90936368975262],[4.449759824715882,51.90936373560286],[4.449730542783121,51.90939634927597],[4.449687869487164,51.909443885356076],[4.449688169504346,51.9094436113444],[4.449687942610986,51.90944386346745],[4.449687912799174,51.909443899184765],[4.449682668118999,51.90944973151409],[4.449681797716363,51.909450699853195],[4.449664274322256,51.90947019605182],[4.449653111579384,51.90948261488811],[4.449636088667908,51.90950302518951],[4.449637809573363,51.90950378498772],[4.449679672363995,51.90952229652395],[4.449681062055048,51.90952290985873],[4.44963917579731,51.9095600521793],[4.449656256982447,51.90956803341003],[4.449640621809191,51.90958183229806],[4.4496465702943,51.90958441459095],[4.44981413042777,51.909656744641886],[4.449820280869262,51.909659400446955],[4.449836368165854,51.909645524242535],[4.449859606906664,51.909655300628096],[4.449898564006736,51.909671683286646],[4.449678030294618,51.90987473355544],[4.449610112115844,51.90984541862415],[4.449650163460849,51.909810034712365],[4.449643181425223,51.90980700821847],[4.449476374964931,51.90973458955837],[4.449474603569348,51.909733811377386],[4.449430487094142,51.909772470663455],[4.449430292657736,51.909772385965674],[4.448334472641777,51.910819303890875],[4.448167649751739,51.91081612384896],[4.44811858251474,51.91079946208091],[4.448102043963425,51.91079384676764],[4.447962669006458,51.91074646994281],[4.447962578795079,51.91074644000834],[4.447961827810371,51.910747602548085],[4.447916786342425,51.91073304028887],[4.44786490891786,51.91071315594677],[4.447816816404615,51.910761140177506],[4.447812713874125,51.910764981549974],[4.447760733629548,51.910813651537474]],[[4.449319395558372,51.90917880539809],[4.449851868753919,51.90860520532653],[4.449870523704075,51.90854692703305],[4.44984749776303,51.908396630697936],[4.449831503837062,51.908327289494295],[4.449585137379293,51.908154537218444],[4.449559544578434,51.9081273666706],[4.449549680732138,51.9077641410977],[4.449373186390324,51.907516440035714],[4.449393847490668,51.90736199782191],[4.448149165252155,51.90739430558864],[4.448082303353415,51.906838264275414],[4.447615433092285,51.906856105431416],[4.447703995727244,51.907924245396806],[4.447742036787895,51.90838302252845],[4.447788383558618,51.9089419875893],[4.447468929616167,51.90892864697281],[4.447490181928044,51.90916342420111],[4.447766157357914,51.90917102392348],[4.447773286516964,51.90931669922004],[4.447928466256682,51.909680187591825],[4.448542899425549,51.909626669741],[4.449046792163477,51.9095075470605],[4.449206625172366,51.909300283140034],[4.449319395558372,51.90917880539809]]]]}},{"type":"Feature","properties":{"gezicht_uri":"https://linkeddata.cultureelerfgoed.nl/cho-kennis/id/gezicht/10134506","gezichtsnummer":"1645","naam":"Noordeloos"},"geometry":{"type":"MultiPolygon","coordinates":[[[[4.957098374905346,51.91345980678687],[4.956712909694617,51.91318874483244],[4.956308157052224,51.91311086080904],[4.95614300102018,51.91305542627895],[4.954815649183027,51.91234136925982],[4.954186466050774,51.91202625804508],[4.953608105323714,51.91171672391746],[4.953499549784736,51.91167048276843],[4.952711417885503,51.91126219680984],[4.951790286652146,51.91078240480351],[4.951110552636996,51.91043922573144],[4.95101789270016,51.91040292844751],[4.950286263855787,51.91001730662468],[4.950069386498927,51.90990234796008],[4.946338649281083,51.907988272064784],[4.945917811154435,51.90777906135816],[4.945576427813882,51.90865414623269],[4.943221211101728,51.908160800319465],[4.942799062380127,51.90808550034044],[4.942173914503086,51.9079644885498],[4.942748673712642,51.90656717213195],[4.942931138724672,51.90619034984879],[4.943176332893268,51.90578859678154],[4.942761569757889,51.90570343726308],[4.942559801245832,51.905681102050345],[4.941805699656337,51.90552544442414],[4.940816487341672,51.905340126456615],[4.941154987200732,51.90461604879274],[4.939928130510026,51.90465812620643],[4.939528074169779,51.90557881159873],[4.939331430934661,51.90606343529601],[4.939032322624381,51.90676788342818],[4.938458556336421,51.906597611555476],[4.938373207136448,51.90655863562894],[4.938198858758682,51.90640966140163],[4.938008078271054,51.906305566042136],[4.9374450958932,51.90607510820841],[4.936935308404288,51.905902377116995],[4.936087129926841,51.90556565574395],[4.935351132051977,51.90520149550006],[4.934785768298998,51.904921579523894],[4.934150836232461,51.904624314727094],[4.936044632847938,51.9002416688536],[4.936175315331417,51.90025025997965],[4.93667448377203,51.900315992090086],[4.936864457812758,51.90035267373412],[4.937721290709654,51.90054111459558],[4.938185351800928,51.9006309746604],[4.938671352338026,51.9007065351881],[4.939284101035422,51.900748420924046],[4.939348173847985,51.90073428366472],[4.939939933784527,51.9006951904775],[4.94036232086712,51.90073904253607],[4.940484531386248,51.90116196145949],[4.940646472558199,51.90168120695554],[4.941205619170269,51.9020015190207],[4.941922332803745,51.90299206033151],[4.941937319358915,51.90309278704497],[4.941986502358433,51.90326195503481],[4.94240923001173,51.90371477252945],[4.942584795062625,51.90388801379768],[4.942885004380343,51.90409408423094],[4.943209927363741,51.90429934840235],[4.943667844834557,51.904427813484546],[4.943417649984478,51.90460124376941],[4.943649582859121,51.904658746057585],[4.943993349937892,51.90472206266632],[4.944213889754176,51.9047561510767],[4.944919112441854,51.90485767905983],[4.945069764375982,51.904905884275486],[4.945499509147809,51.90479694288394],[4.945665451211224,51.90476790469639],[4.945915618540521,51.90474457554771],[4.946700587774536,51.90471606064843],[4.947391466585309,51.904650336108],[4.948886791876562,51.90479344405882],[4.949164391073266,51.90478818705247],[4.950093199127189,51.904911190250125],[4.950568182444329,51.90493093242011],[4.950867055306698,51.90497968069666],[4.951364034714713,51.905128933971355],[4.957181701622263,51.90763474867764],[4.957941726061121,51.90839704416216],[4.958176344975704,51.90909090420609],[4.959234169869296,51.91139758061751],[4.95917708930012,51.91143961812605],[4.959152366180416,51.91144132577742],[4.959026348952423,51.91139682383387],[4.958892748730548,51.91138555108973],[4.958295599786288,51.9113671947721],[4.958086317160694,51.91136732982922],[4.958013558188369,51.911376951413075],[4.957960922190712,51.91141001619184],[4.95778028720683,51.911606201753024],[4.957750783395256,51.91165193465374],[4.957704454135546,51.91193759551984],[4.957637028629382,51.912149474650235],[4.957098374905346,51.91345980678687]]]]}},{"type":"Feature","properties":{"gezicht_uri":"https://linkeddata.cultureelerfgoed.nl/cho-kennis/id/gezicht/10134507","gezichtsnummer":"1646","naam":"Middelharnis / Sommelsdijk"},"geometry":{"type":"MultiPolygon","coordinates":[[[[4.143333417607574,51.76187379563598],[4.14338796838685,51.761734140757795],[4.143383871808656,51.76161993273783],[4.14400607612403,51.76159327166184],[4.145327164304555,51.76154344868391],[4.144673857665993,51.75959483034814],[4.144517483606212,51.759118535967566],[4.144369641710321,51.75870076247126],[4.146735348727757,51.758587382436986],[4.146770407563792,51.75868214139388],[4.146831374342562,51.75915202963672],[4.147565872033544,51.75904383610671],[4.147766699936604,51.75937946367518],[4.148655714054938,51.7592360405355],[4.148976371613522,51.7592169544061],[4.148988005553069,51.75900403017022],[4.149673076139162,51.75900766804679],[4.149732118726619,51.75812194344009],[4.150079518766977,51.75813100355279],[4.150137957842061,51.75758417008133],[4.153232177637311,51.75768330125957],[4.153700234182575,51.75767654089483],[4.153824552054917,51.75736771720133],[4.156155836649885,51.757397614681175],[4.156400738953151,51.75744693059745],[4.154943804760287,51.75998459267136],[4.154832372845077,51.76024590952054],[4.15462791287064,51.76062490727831],[4.154748090970187,51.760786180594756],[4.154950472469698,51.76085482889943],[4.15575879008004,51.76080219470719],[4.155959426580812,51.76077553616006],[4.159267053571,51.76038682976119],[4.159206566294547,51.76010752748297],[4.159276354250608,51.75993836042357],[4.159561320152552,51.759686947208614],[4.159893069221899,51.7598459357721],[4.160056008168836,51.75971370064876],[4.160133877752822,51.75962012792092],[4.160315743700167,51.759697541531544],[4.160508707297978,51.759793049599246],[4.161403905926635,51.75968734983316],[4.161818180445114,51.759688084945225],[4.161948281161886,51.75975147095988],[4.162016157081574,51.76007939120286],[4.162577081920357,51.76001423626718],[4.163180684607036,51.75992435418518],[4.16482765294163,51.759713209566],[4.164783998358478,51.759345990691706],[4.164617774081869,51.75869073472831],[4.163377457244177,51.75881083525652],[4.163585230063026,51.75846691563896],[4.163599166472403,51.758326827875194],[4.16393492593602,51.7582844863354],[4.164060609149106,51.75824354794933],[4.164055170154302,51.75817697031816],[4.163902536773422,51.75787603373983],[4.163846780846964,51.75768847429158],[4.163826727991903,51.75757320187065],[4.163865560367154,51.75747652255431],[4.163927513447189,51.75738188234558],[4.164015897176768,51.75727403391809],[4.164154817617122,51.75717210625811],[4.164341353965488,51.75707696765175],[4.164066415594259,51.756639016804264],[4.163506433760125,51.75677790076413],[4.163934866057723,51.75609468983844],[4.164204739602454,51.75618470190906],[4.164398341549982,51.7562029022517],[4.165036219455428,51.75628955894615],[4.165275503595516,51.75633250521132],[4.16613004027812,51.756549062186245],[4.167407140182817,51.75688777031318],[4.167683618810266,51.75694817830248],[4.168501386979099,51.75723984546026],[4.169515265621588,51.75772591502615],[4.169696685643463,51.757766453270875],[4.169833117523327,51.75781011979666],[4.17099652444127,51.758822703968434],[4.170787541521086,51.758998523883164],[4.170514334358527,51.75913861865915],[4.16985727850629,51.759385296037195],[4.170531943192532,51.76004402371554],[4.168776688887567,51.760618189664164],[4.169231342264151,51.761109234930174],[4.169358863545147,51.76126877129812],[4.168085569583632,51.76201783043476],[4.167862862829776,51.76211080100215],[4.167682575613858,51.76213499479304],[4.167494302829844,51.76213303626123],[4.167279314681588,51.76210113475871],[4.16717972538267,51.762087513442175],[4.163092685429527,51.76113968873331],[4.161731843792263,51.76078747404989],[4.16163640854857,51.76078108285809],[4.161553860798046,51.76078021990519],[4.161433488891405,51.760785253951845],[4.154644589383261,51.761499743392136],[4.154514151324917,51.761555004712655],[4.153386495295753,51.76168337620154],[4.153195498492868,51.76178114748116],[4.153068223319046,51.761879589241666],[4.153012697591398,51.761950020369675],[4.152951943833685,51.76199972099554],[4.152866864672608,51.76203837830382],[4.152379933577385,51.76209797387429],[4.151988047015834,51.76212530834106],[4.151131941066039,51.76207043995396],[4.15085878924601,51.76204688433614],[4.150542637831471,51.76195365672486],[4.150188616612421,51.76181508206095],[4.149967066304329,51.76175880828879],[4.146929869357104,51.761946955839456],[4.146136226196715,51.76199159431105],[4.145589474268696,51.762013672216334],[4.14547115346262,51.76204927535829],[4.145417642753628,51.76204601179541],[4.145376434875111,51.762016809459396],[4.145368363469808,51.761994250635176],[4.145064381893961,51.76198563679443],[4.144754854824864,51.761967974063396],[4.144295107334494,51.76193433512749],[4.143333417607574,51.76187379563598]]]]}},{"type":"Feature","properties":{"gezicht_uri":"https://linkeddata.cultureelerfgoed.nl/cho-kennis/id/gezicht/10134508","gezichtsnummer":"1647","naam":"Kralingen - Midden"},"geometry":{"type":"MultiPolygon","coordinates":[[[[4.511992677586052,51.93084966428062],[4.511373336003473,51.93039831390018],[4.511427459573684,51.93038163859877],[4.510346088773764,51.92864684994238],[4.510907622630203,51.92848204964239],[4.510349198252798,51.92766800429978],[4.51087409665642,51.927517312840024],[4.510469750314206,51.927003739985125],[4.510962537732659,51.92678449458021],[4.51182420379311,51.926436759673265],[4.512069663148941,51.92630016137126],[4.512935208615086,51.925677393211636],[4.513192569314754,51.92552649919133],[4.513089760045166,51.9254304545789],[4.512434040548166,51.9243118773248],[4.5124676484449,51.92430313872398],[4.512158234396934,51.923842412250146],[4.511877639356326,51.92391762593175],[4.511671893736377,51.92358351181965],[4.51164424034404,51.92343589118501],[4.511559337377496,51.92331660792219],[4.511496500936131,51.92333321834687],[4.511297643229041,51.923018929978234],[4.510977717994911,51.92309834277306],[4.510815500608881,51.92284365210031],[4.511167490141312,51.922759984371815],[4.510073628163638,51.92115363579287],[4.510110158696437,51.921144020811276],[4.509665277464384,51.92040182883816],[4.510950489999251,51.92009591339295],[4.510884174745372,51.91999294778119],[4.512818970833199,51.91954713502955],[4.512901804686794,51.919697862528714],[4.513020076656943,51.91967087723402],[4.512993492438878,51.91961764617443],[4.513880878012823,51.91943458117153],[4.514127174364451,51.91940225382745],[4.514110378999965,51.91936887087758],[4.514633208307828,51.91924421489068],[4.514582542131543,51.919158446094976],[4.515472389702915,51.9184729190575],[4.5152418305511,51.91836873768326],[4.515419750867776,51.91826399078176],[4.515618561345206,51.91835625107552],[4.517102158437313,51.91718343126169],[4.517342680794103,51.91729846918785],[4.517546377577244,51.91713817991982],[4.517586731629033,51.917080950812526],[4.517666385963749,51.91694581074969],[4.518010126186675,51.91713531821697],[4.519314325871808,51.9165157467546],[4.519581092089074,51.91640086318725],[4.520099584170581,51.91619705052002],[4.520671045978568,51.916110479199936],[4.520921488783388,51.91608805585818],[4.521129801732134,51.91606442268012],[4.52138048643464,51.916029415968154],[4.521790571186045,51.91594434692946],[4.523245829022683,51.91827503515149],[4.524487117323031,51.9201735753832],[4.524815671089296,51.92070272356384],[4.524839276742644,51.920760424358],[4.525831730811273,51.922299373581225],[4.526124045652775,51.922824656759325],[4.525105993682871,51.92299786728718],[4.524739837276954,51.923063495320335],[4.52364518419368,51.92321276059943],[4.523801629932565,51.923544693479236],[4.52389623705387,51.92361460122191],[4.524479137372272,51.92445123298587],[4.524612745168547,51.924685919276136],[4.52584549306419,51.92658707626996],[4.524589902967913,51.926784609096416],[4.523557304756543,51.92695320552239],[4.521664470809139,51.92724759591805],[4.520992303438565,51.927346913670675],[4.52054568356337,51.92743620533316],[4.520242392830543,51.927481609008815],[4.519818356590152,51.92753061538571],[4.519181213776222,51.92754748533115],[4.518847931373174,51.927564799030066],[4.518546300298889,51.92759942417681],[4.518221194384135,51.92772016642082],[4.517989298812742,51.927832608324685],[4.517386773579136,51.92808882361399],[4.515940890338191,51.92879811035287],[4.515501527875744,51.929036648967994],[4.515264681848585,51.92917871150933],[4.514843565458198,51.92945064116794],[4.514308263226726,51.929762170640075],[4.513663726871507,51.93008277363272],[4.511992677586052,51.93084966428062]]]]}},{"type":"Feature","properties":{"gezicht_uri":"https://linkeddata.cultureelerfgoed.nl/cho-kennis/id/gezicht/10134509","gezichtsnummer":"1648","naam":"'s-Gravenhage - Haagse Bos"},"geometry":{"type":"MultiPolygon","coordinates":[[[[4.344054704337583,52.097819662934846],[4.344016590760229,52.097851208378984],[4.344005918909007,52.09786447107169],[4.343974789613825,52.09790317936076],[4.343970504081294,52.09790685823933],[4.343964124861842,52.097904253490256],[4.343957460074697,52.09790153385494],[4.343943264846142,52.097895664453816],[4.343719885958307,52.0978032880598],[4.343630805100605,52.09776613124152],[4.342998550861833,52.09750514564345],[4.342473923413538,52.09728857982301],[4.342206232506043,52.09717783938514],[4.3420091691602,52.097093198546126],[4.341815926603296,52.09700434861172],[4.341640678401573,52.096916188317394],[4.341434318116434,52.096804821624076],[4.341282374744947,52.09672182930706],[4.341126617586283,52.09664155347158],[4.340984916309793,52.09657246724403],[4.340828184495102,52.09649895980763],[4.34066797023018,52.09642835154155],[4.340522072217514,52.096367775703015],[4.340498064012175,52.09635781877663],[4.340345995996686,52.09629524636915],[4.340337156714897,52.096291608344586],[4.340336206276828,52.09629121788416],[4.340269383861497,52.09626372574417],[4.339503115239316,52.09594945022184],[4.33933420858462,52.095880012265205],[4.337879660529914,52.095282313146136],[4.337805378035678,52.09525179139917],[4.337467480675465,52.095113233135585],[4.33629712591307,52.09463216524048],[4.336012612778743,52.09451572346711],[4.335690092974212,52.094383400487274],[4.335276191313816,52.09421314677223],[4.335171284500262,52.094168795071795],[4.335093269245942,52.09413581132397],[4.334826096484874,52.09401640236496],[4.33453265857467,52.09388141452278],[4.334484441393177,52.09385878630397],[4.334336094967116,52.093789169658464],[4.333960289879704,52.09361347185226],[4.333689286684347,52.09348594521352],[4.333690557784898,52.093484644228894],[4.333633406530422,52.09345876728298],[4.333531796169805,52.093412771671005],[4.333257524028913,52.09328968216776],[4.333035828266433,52.093192185666254],[4.332671621542462,52.093036236669704],[4.332645052668474,52.093024861958234],[4.332593439482897,52.09300306098227],[4.332575475711406,52.09299561041239],[4.332402083212796,52.09292362335478],[4.332217421523128,52.092848083506254],[4.332216930121342,52.0928478813564],[4.332185695452306,52.09283510748175],[4.332092167228386,52.09279738063417],[4.331959768032964,52.09274397097982],[4.331800189778143,52.09267972012576],[4.331755636625185,52.09266179320207],[4.331681897587961,52.0926320993549],[4.331543500494037,52.09257626249413],[4.331396729362639,52.09251709205038],[4.331395648833433,52.0925166554078],[4.331387988450262,52.09251352163949],[4.331005367760889,52.09235917320778],[4.330923319859432,52.09232604264575],[4.330919706109538,52.09232458105587],[4.330909746360435,52.09232056373357],[4.330898454309658,52.092316112000944],[4.330890744523061,52.092312910341846],[4.330882326620578,52.092309414697475],[4.330802602655342,52.09227490264492],[4.330622353853793,52.09220304921728],[4.330494179306998,52.09215194990167],[4.330258807769785,52.09205811868641],[4.330206862437246,52.09203750017509],[4.330138392568789,52.09201031550434],[4.32987076859124,52.09190305275231],[4.329852814569177,52.091895844542464],[4.32916749285355,52.091620446789385],[4.328577743767067,52.09138343130659],[4.328437027621018,52.09132663508251],[4.328251989652728,52.091254600114084],[4.327928755639316,52.09113281082448],[4.327779973809067,52.09107652557082],[4.327599836428336,52.091008380775854],[4.327335819222935,52.09090521647932],[4.327053990500678,52.09079138357476],[4.326857427902611,52.090710155141544],[4.326664161266353,52.0906259628015],[4.326474335439797,52.09053885281775],[4.32637235036603,52.090490168920205],[4.325873475478661,52.090248564442334],[4.325372059194855,52.090006054018694],[4.325131551652772,52.08988977527677],[4.32493152634109,52.08979306978755],[4.324894708739238,52.08977530882957],[4.32478655016212,52.08972312521167],[4.324779812828126,52.08971987348622],[4.324306655808324,52.089491608596255],[4.324191775732337,52.08943618179937],[4.324076910316864,52.089380764009135],[4.323831108992262,52.08926217863909],[4.323515614471673,52.08910996620116],[4.32343362209849,52.08907191401812],[4.323368794615911,52.089044713282014],[4.323360978334853,52.08904143375636],[4.323266525794194,52.08900333189219],[4.3232201235757,52.08898614004311],[4.323107179097894,52.0889408509179],[4.322997515620476,52.08889259807516],[4.322980052150712,52.08888449436015],[4.322979545390035,52.08888432798721],[4.322760247939,52.08877803352904],[4.322704493189183,52.08875101324611],[4.322553256275262,52.0886777104614],[4.322473526739458,52.08863906680905],[4.322114919653963,52.08846551734638],[4.322000193179322,52.088409990882575],[4.321942000404085,52.08838183359515],[4.321885541432028,52.088354402059394],[4.321738869475206,52.0882831439555],[4.321727763789373,52.08827707504779],[4.321421040589939,52.088129053018925],[4.321410242917821,52.08812475764055],[4.321386219064482,52.08811214494437],[4.321367818073424,52.0880999336584],[4.321364244235558,52.08809697775965],[4.320869520286996,52.08786695766929],[4.320899040822149,52.08783078683463],[4.321045524917053,52.08767845931625],[4.321414258962175,52.087295028870905],[4.321424575697323,52.08728398517387],[4.321521333643803,52.08718042947162],[4.322124765905021,52.08653457252979],[4.322492009671227,52.086233785404445],[4.322729984940296,52.08607282631062],[4.322929217213424,52.08600836786798],[4.323133111541596,52.08594970171138],[4.323341227142411,52.08589695866747],[4.323553105434023,52.085850251427516],[4.32376828810887,52.085809681452204],[4.323986309892352,52.08577533665923],[4.324206694841586,52.08574729363737],[4.324428960151676,52.08572561093951],[4.324539486417042,52.085710580848655],[4.324833665018609,52.085665622445084],[4.325124874975622,52.08561385457965],[4.325412709433509,52.085555354507335],[4.325696754197484,52.08549020166778],[4.325976601947806,52.08541849354357],[4.326064496400463,52.085372566296186],[4.326146009916284,52.08532237256975],[4.326220601940484,52.08526824908104],[4.326287771509943,52.08521055537516],[4.326347075487608,52.08514967398932],[4.326398113867748,52.08508601481447],[4.326440544682725,52.08502000174605],[4.326474087595689,52.08495207496304],[4.326537371291196,52.08481656916473],[4.326591712454716,52.0846795985844],[4.326637025604009,52.084541387181865],[4.326679816505259,52.08445107631664],[4.326760705455442,52.08410760446778],[4.326779748826858,52.08393579952424],[4.327109734293246,52.08407497890802],[4.327175081581404,52.08401632674373],[4.327296392178692,52.08390771986217],[4.327293214701324,52.083911277773055],[4.327291087388222,52.08391915970596],[4.32729469904722,52.08392683258718],[4.327303370684751,52.08393278020723],[4.328239666785782,52.0843406109837],[4.328240173397087,52.084340166101505],[4.328366712527977,52.084395199431754],[4.328264577053197,52.0844858585006],[4.328412731224367,52.084551117404125],[4.328415518098093,52.08455234693011],[4.328416878322765,52.084550974892416],[4.328544569402849,52.08460607230728],[4.328674022820277,52.08466193147418],[4.328672503200944,52.08466325713946],[4.328675608248991,52.0846646063704],[4.328828288979179,52.08473100202469],[4.328958127961433,52.08478786208217],[4.329039664717784,52.08482345246067],[4.329121823129431,52.08485929105844],[4.329179122884435,52.08488571995664],[4.329664453446332,52.08509918956666],[4.329965493683253,52.08523111233554],[4.33003685980715,52.08526248495034],[4.330112800708256,52.08529723336556],[4.330196197344351,52.08533384634731],[4.330280619440627,52.08537090891254],[4.330365128354162,52.0854080081496],[4.330448916088733,52.08544475928722],[4.330531750934681,52.08548108833969],[4.330614715931711,52.08551747243196],[4.33064718604259,52.085532684796895],[4.330685291557256,52.08554961058666],[4.330689579977708,52.085551518683666],[4.33090273198398,52.085644918713605],[4.330959899252143,52.085598121399585],[4.331018664056172,52.08554931816799],[4.331038245282293,52.085558266635466],[4.331557688408263,52.08578235307746],[4.332074666463886,52.086007242076654],[4.332516200784438,52.0862537095607],[4.332616037066169,52.086305523991825],[4.332797766210844,52.086407167340155],[4.332925033691967,52.08647635039967],[4.333182014479232,52.08661561886465],[4.333231230319732,52.086637151018316],[4.333131586111457,52.08670666366943],[4.333128389703484,52.086709178877165],[4.333121860978868,52.08671811815639],[4.333120959034364,52.08672790775961],[4.333125802117092,52.08673724538473],[4.333135733392189,52.08674490269409],[4.333483097735485,52.086933598719995],[4.333722594149063,52.08706206701996],[4.333972506324418,52.087199373906905],[4.334173002506805,52.08730801421021],[4.334174903839574,52.08730906489924],[4.334191238010589,52.087318091680444],[4.334195602430821,52.08732050369291],[4.33434294495957,52.08740240378118],[4.334405854399493,52.08743563969855],[4.334477325590596,52.08747398573054],[4.334555151513396,52.087515741262564],[4.334555468440411,52.087515914878544],[4.334628539114625,52.08755512902944],[4.334631478782289,52.08755670134042],[4.334630691632176,52.087557287562895],[4.33468215721295,52.08758389532684],[4.334709647914437,52.08760000588751],[4.33472404076598,52.08760844896744],[4.334787330917469,52.08764289256055],[4.334866021312147,52.08768576121104],[4.334941426906562,52.08772684768323],[4.335004168949055,52.087761034579714],[4.335022472057453,52.08777197543569],[4.335368623954294,52.087962021227476],[4.335428104922404,52.08799467767541],[4.335442020834798,52.088002316415846],[4.335502001950223,52.08803604694285],[4.335515438153718,52.08804360948377],[4.335576122171412,52.08807723838084],[4.335590223771976,52.08808504954539],[4.335650182695292,52.0881184921592],[4.33572419895592,52.08815977246097],[4.335798170953304,52.0882010792863],[4.335835819209517,52.08822211611422],[4.335872246898619,52.088242315081956],[4.335908861949953,52.08826261458507],[4.335947231484009,52.088282767931446],[4.335984116581725,52.088302134996596],[4.336023392797764,52.08832220651871],[4.33605997264067,52.08834090567418],[4.3360984294066,52.08836045750653],[4.336158544626074,52.08839100689368],[4.336351470708089,52.088488789467476],[4.336412552953159,52.08851980576826],[4.336488561131742,52.08855834381463],[4.336564583396861,52.08859690890253],[4.336579666797442,52.088604557914145],[4.336640746403439,52.088635699912096],[4.336655727919383,52.08864333901675],[4.336717721429259,52.088674093619055],[4.336795232387754,52.0887132830557],[4.336873190671537,52.08875269215544],[4.336949865667156,52.08879145156941],[4.337026310117007,52.08883009202508],[4.337079765821217,52.08885596140405],[4.337306961265913,52.08896975996294],[4.337365011289671,52.088998843144985],[4.337379145172242,52.08900592629502],[4.337445181526379,52.08903792999368],[4.33750084856255,52.08906534695155],[4.33755127913892,52.08909019142271],[4.33760854754396,52.08911839561843],[4.337660291075191,52.08914388094337],[4.337714703473008,52.08917067539402],[4.337766863669112,52.08919644303085],[4.337848134106906,52.08922909451401],[4.337928783028068,52.089261497711995],[4.338008463455307,52.08929351470686],[4.338088520150105,52.08932566982684],[4.338170744450875,52.089358734066],[4.338166791273313,52.08936241120055],[4.338311994369802,52.08942102446706],[4.33831854696416,52.0894147727354],[4.338411121500196,52.08945201877364],[4.338502932240478,52.08948886243924],[4.338594552419864,52.08952574927989],[4.338592150251208,52.08952800204091],[4.338593162218326,52.08952840654726],[4.338695625799757,52.08956959649396],[4.338840582932638,52.089628800163],[4.338991795218107,52.08969320980045],[4.339233247140462,52.0897818731961],[4.339307876882256,52.0898090624083],[4.339311219196152,52.08981027863323],[4.339381479512785,52.089835873904455],[4.339461492206872,52.089865007490054],[4.339550867678749,52.08989811635165],[4.339584047424518,52.08991070781958],[4.340202370879118,52.0901380253627],[4.340433287756331,52.090223123037994],[4.340474581455158,52.090238204275444],[4.340539126583789,52.090261770575616],[4.3406716315398,52.09031015585172],[4.340725542204059,52.09032984337876],[4.340803016684318,52.090357766996334],[4.340880969007216,52.09038647681942],[4.34095918193762,52.09041527879054],[4.340973881378676,52.09042068564042],[4.341004385704924,52.090431652966835],[4.341247821384657,52.090520689332145],[4.341295001000831,52.09053806968583],[4.341366139057824,52.09056429176486],[4.341441357177869,52.090592015159494],[4.341483516420826,52.09060755315248],[4.341516832781726,52.09061871608133],[4.34190826004777,52.090749926616276],[4.341924785508922,52.09075525965542],[4.342136198298283,52.09082350696404],[4.342193741550833,52.09084453836896],[4.342275122097769,52.090870868691724],[4.342355358562196,52.090896829267415],[4.342420344391939,52.09091785463581],[4.342498654884247,52.090943186808595],[4.342579268836187,52.090970489888164],[4.342663516756516,52.09099653075219],[4.342739872407828,52.091021225218],[4.342911571014862,52.0910767776939],[4.342967041844931,52.09109472521529],[4.342762811401541,52.091267403489155],[4.343595886564761,52.091449145800055],[4.343703331360698,52.09147752613144],[4.34370529293817,52.09147804461833],[4.344229541811323,52.09161652437156],[4.344274618736063,52.091628428784674],[4.344842837766308,52.091781067775386],[4.345345102639441,52.09192171433846],[4.345989687875162,52.09210219556242],[4.346612649161689,52.092282769931764],[4.347408335876383,52.092519983502804],[4.347691596671302,52.09260626563904],[4.347901438777442,52.09267126169172],[4.348269428089692,52.09278524657589],[4.348316399518849,52.092799871714725],[4.348487181770961,52.09285336746187],[4.348590868399721,52.092886595504616],[4.34867300972119,52.09291316176372],[4.348746639864045,52.09293736086142],[4.348764585512223,52.09294382003715],[4.348836839220581,52.09296948109003],[4.348915171846914,52.092999195606936],[4.348992050728938,52.093029930960476],[4.349061665208476,52.0930599101466],[4.349110113551152,52.09308197260796],[4.349167796847599,52.093111064622995],[4.34920181574221,52.093128586521495],[4.34924545479422,52.09315226048164],[4.34928868242898,52.09317668584938],[4.349319517148557,52.093195590890424],[4.349371429344903,52.093227499362705],[4.349431572099033,52.09326947567544],[4.349438730069692,52.09336520725329],[4.349440076871244,52.09336832694144],[4.349423349438382,52.093412484749315],[4.349356830880845,52.09347291401557],[4.349348970453732,52.09347959527843],[4.349338832414934,52.09348820702261],[4.348650653074638,52.094072951334375],[4.348458335964856,52.09423636016638],[4.347767658058276,52.09486041174464],[4.347404346062329,52.09514704630528],[4.347349844222094,52.09519005258546],[4.34638888928995,52.09597404194743],[4.346188903203482,52.09613719513515],[4.346161666021208,52.09615743072158],[4.34611914374402,52.096189153622525],[4.34592619751789,52.09634525627842],[4.344999942882104,52.097094631333114],[4.34496941802087,52.09711748923066],[4.344952587981226,52.09713011328882],[4.344940526493592,52.097139148095124],[4.344884383082148,52.09718913191132],[4.344165770454904,52.09779655626872],[4.344133817735008,52.09782302374659],[4.344080956656788,52.09779793598348],[4.344054704337583,52.097819662934846]]]]}},{"type":"Feature","properties":{"gezicht_uri":"https://linkeddata.cultureelerfgoed.nl/cho-kennis/id/gezicht/10134522","gezichtsnummer":"273","naam":"Leidschendam - Sluiscomplex"},"geometry":{"type":"MultiPolygon","coordinates":[[[[4.394040207503531,52.078802499695165],[4.394263113907215,52.07888168050396],[4.394449813064346,52.07888325365432],[4.394552253206758,52.07886883603882],[4.394727144050511,52.07887660130828],[4.394776915460839,52.07886893075867],[4.394776716073975,52.078877917704446],[4.394846768133632,52.078876709976115],[4.394994407771762,52.07892918846072],[4.395524450105499,52.07917095027069],[4.395717825994803,52.079200442329565],[4.395680046276231,52.07925944934064],[4.395768562737141,52.079280867992935],[4.39583386116722,52.07929669806095],[4.395979741206787,52.07929702647402],[4.396175537379285,52.07934900969325],[4.396143891229475,52.07939458550165],[4.396275369983554,52.079452319603014],[4.396298284319554,52.0794057714675],[4.39634771762807,52.07941337806805],[4.396353970102347,52.07939455453853],[4.396416431321497,52.079406764973776],[4.396418009362617,52.07940138506936],[4.396744915961515,52.07939604366781],[4.396732087014188,52.07938245289665],[4.396918927646232,52.079377731275066],[4.39691579158174,52.07938759240266],[4.396965344347042,52.07938980657441],[4.396977391184848,52.079372829432884],[4.397107226844957,52.07937302161331],[4.397103732762147,52.079399059256346],[4.397295751531411,52.07942404299806],[4.397319102325828,52.07935772336964],[4.39748114653715,52.07935279254222],[4.397446823126654,52.07938755985957],[4.397893954289587,52.079553110004426],[4.397911875011113,52.07953438436249],[4.398039998370437,52.079414113621894],[4.398327797356632,52.07952798816982],[4.398357931481311,52.07955071261127],[4.398442857166605,52.079602660415645],[4.398584172423428,52.07967755283552],[4.398678953733649,52.079613629964705],[4.39868328985006,52.07961546406568],[4.398964476676412,52.07943445485588],[4.398814151767138,52.07937117251957],[4.398858604902013,52.07934008522493],[4.398874907678746,52.079328536763384],[4.398991646268179,52.07926120236574],[4.399070599900255,52.07918725895903],[4.399165300071543,52.079126930469556],[4.399306030189891,52.079030134492506],[4.399353479216294,52.07899547668338],[4.399467557012894,52.07891643430717],[4.399474373699515,52.07893806413634],[4.399590127986041,52.07884914821486],[4.399851382083583,52.07864549829506],[4.400069307515161,52.07875249104529],[4.400150452847186,52.07877744009519],[4.40009801412399,52.07883992113973],[4.400323302159203,52.07887776272401],[4.400697921762418,52.078891686085335],[4.400708242752534,52.07895289509823],[4.400710882462927,52.07896550126364],[4.400746768341876,52.079190517146536],[4.4006912622817,52.079193647893035],[4.400679534024317,52.07919624628525],[4.4006338219056,52.07921833510051],[4.400567253230728,52.07926002421992],[4.400508017094481,52.07929997698042],[4.400334763180305,52.07941627694612],[4.400204581438252,52.07949788184773],[4.4000449889836,52.079590026557156],[4.39999474163626,52.07961926802659],[4.40003071112778,52.079642040924014],[4.400163643311063,52.07963416591763],[4.400363912271789,52.079748201063204],[4.399979217205034,52.0799921655941],[4.400949743769604,52.0804389373641],[4.400983827497882,52.080414953375936],[4.401217393305116,52.080540950901955],[4.401144770686004,52.08059247716666],[4.40130496960747,52.08073763548463],[4.40117348560373,52.080812039664295],[4.401255460030387,52.08086575842464],[4.401439144462057,52.080938305277336],[4.40171290336824,52.081094300449955],[4.401721734541502,52.08109077886254],[4.401776450915054,52.0811235954692],[4.401800106303496,52.081109411511065],[4.40199573290765,52.081235989029715],[4.402194179005157,52.08136708408997],[4.402180892635405,52.081374163915314],[4.402270222036408,52.081425246850635],[4.402060576677037,52.081537649704735],[4.402544850352272,52.081873377200445],[4.402513782643097,52.081892892533766],[4.402453204763978,52.08192744188663],[4.402397279885648,52.0819494460395],[4.402441707819457,52.08198577178285],[4.402325580716592,52.082025249995716],[4.402140439574824,52.082084824991355],[4.401298110320605,52.082372606923194],[4.40106550565297,52.082202573490285],[4.400838757340376,52.082031689743744],[4.400723869375534,52.082081064233925],[4.400658018273138,52.082023884666754],[4.400643252950806,52.08203185079981],[4.40021303140535,52.081627355843686],[4.400216444537459,52.08160491289504],[4.400219877496954,52.08158157125079],[4.400216473181852,52.08153749852297],[4.400205934150093,52.081486175141634],[4.40018522409774,52.0814329688406],[4.400162956264002,52.081384243794105],[4.400132015793147,52.081331850648226],[4.400093762224258,52.081280295092604],[4.400048255082943,52.081226881033906],[4.399996893559314,52.08117431677062],[4.399938238845228,52.081121691378456],[4.399882263541329,52.081079874745676],[4.399827647809161,52.08104256378593],[4.399768656193102,52.081005216130684],[4.399703770524511,52.08097051563534],[4.399635908117895,52.08093848674033],[4.399596901421135,52.080921081445936],[4.399552020447203,52.080905424625186],[4.399544866080675,52.08089907262717],[4.399419352240523,52.080967232876006],[4.399242526895926,52.08104664799151],[4.399056730558139,52.081135875093146],[4.399039603842786,52.081118653096375],[4.398954127795523,52.08115748617193],[4.398517002773422,52.08080236432917],[4.398469224863294,52.080785783923936],[4.398312803242187,52.080734135030205],[4.398280593748997,52.080739257885334],[4.398012261950726,52.08073430900179],[4.397898546973334,52.08073065774168],[4.397903439719886,52.08070732841116],[4.397903877012078,52.08068755712104],[4.397902855657171,52.080667773584345],[4.397897557750143,52.08064345983299],[4.397881067744102,52.08059747942757],[4.397875889121419,52.080567773504896],[4.39786836966911,52.08051198093248],[4.397597678726299,52.080481843153905],[4.397556995863242,52.08047431058036],[4.397517639530266,52.080538698091196],[4.397327392708793,52.0804993478381],[4.397267866884456,52.08048626369723],[4.397080995332433,52.0804262675731],[4.397073741926896,52.08042440889999],[4.396733270354365,52.08031727947507],[4.396757424400165,52.08028062916036],[4.396463107775421,52.080131640370745],[4.396389951949243,52.08007529579504],[4.39603363406924,52.07989342550497],[4.39606478285321,52.07987031709901],[4.396051754841569,52.07986571320215],[4.396032932181947,52.079859262836315],[4.396006916003462,52.07984825764478],[4.395978062260478,52.07983363312818],[4.395908885053684,52.07979529895874],[4.395893059346087,52.07978527833397],[4.395880111045146,52.079777079639456],[4.395875516106,52.07978692846659],[4.395836352539036,52.079776711487895],[4.395831976688472,52.079776674671834],[4.395712828278816,52.0797549983264],[4.395627228138796,52.07973360418069],[4.395615838128396,52.07972092425859],[4.395050247487004,52.07956874984384],[4.3948602661695,52.07951771258806],[4.394468755674671,52.079410146682385],[4.394348409625281,52.07937677364354],[4.394136810280641,52.07931386783885],[4.393948489251098,52.07925385446544],[4.393791978443708,52.079206693055944],[4.393648655215525,52.07915694604807],[4.393989578000771,52.07884881379319],[4.394040207503531,52.078802499695165]]]]}},{"type":"Feature","properties":{"gezicht_uri":"https://linkeddata.cultureelerfgoed.nl/cho-kennis/id/gezicht/10134526","gezichtsnummer":"252","naam":"Rotterdam - Noordereiland"},"geometry":{"type":"MultiPolygon","coordinates":[[[[4.488947790447711,51.90924671690546],[4.489420140815841,51.90931864073032],[4.492810035665154,51.91059751806103],[4.4928934247692,51.91064309632125],[4.497089265591652,51.91299494091238],[4.498547780021384,51.91200373522525],[4.499161249417752,51.912365224678496],[4.497645295251551,51.91339465470326],[4.49807657662383,51.91363522056186],[4.499988995797443,51.912474846614984],[4.500257360809362,51.912648556827925],[4.498417359376712,51.91374835945656],[4.503219324284082,51.91642546025053],[4.502490490549882,51.91697278244435],[4.498764286753596,51.91671276645114],[4.497447657570987,51.916403482292964],[4.496118193493028,51.91578936822014],[4.489642472527556,51.911940555904934],[4.489342828891948,51.911734222787224],[4.489036245308008,51.91151165612145],[4.488750224797896,51.91127845935108],[4.488486220411844,51.911034643737544],[4.48824708438107,51.910782927868006],[4.488032816412113,51.91052331189267],[4.487660834285029,51.91001080371258],[4.48782250516305,51.9097028284109],[4.488947790447711,51.90924671690546]]]]}},{"type":"Feature","properties":{"gezicht_uri":"https://linkeddata.cultureelerfgoed.nl/cho-kennis/id/gezicht/10134540","gezichtsnummer":"294","naam":"Warmond"},"geometry":{"type":"MultiPolygon","coordinates":[[[[4.501671210560657,52.19717241177103],[4.501850403304998,52.197061401661365],[4.501632977381604,52.19688809376326],[4.501611272224216,52.1968762461126],[4.501398656733398,52.196976219086224],[4.501394233558552,52.19697798356318],[4.501376951595781,52.196964371392696],[4.501142147740493,52.197076761075095],[4.501075945084548,52.197022334187],[4.500814025297816,52.19680644562147],[4.500619718277079,52.19664769073533],[4.500495929622407,52.196546990532454],[4.500392036965158,52.19662261095423],[4.500371312026462,52.196635038930886],[4.500330040906445,52.19665090788487],[4.500297777050255,52.196655159663585],[4.500264426203438,52.19664052777073],[4.500070753560773,52.19667053169685],[4.499595372531439,52.19674425804673],[4.499369003121203,52.19657986700284],[4.499063309769979,52.19635915109649],[4.498896135092625,52.19623385427359],[4.498971436868792,52.19619846753949],[4.499027529602521,52.19617282340493],[4.499083622271779,52.19614717924346],[4.499139732779484,52.196120636356426],[4.499194362861934,52.19609498114019],[4.499250455337451,52.19606933689866],[4.499308028103061,52.19604280493096],[4.49936265799345,52.19601714963608],[4.499417287821011,52.19599149431565],[4.499471917585748,52.19596583896966],[4.499529490086128,52.195939306892875],[4.499659402520263,52.195879163015796],[4.499503945414707,52.19575305630491],[4.499599456534614,52.19565759930278],[4.49964210946228,52.19549882648558],[4.499683791263789,52.195462287692656],[4.499600276180295,52.195396044946754],[4.499350780183285,52.19551191594145],[4.498782251368216,52.195049233600784],[4.499070145099391,52.19491477718728],[4.4990505843564,52.194868789511084],[4.498643675625442,52.19466348984082],[4.498594437355344,52.19463885070385],[4.498581401070406,52.19463246073755],[4.498498814132616,52.19459318918243],[4.498501774777036,52.19459141380363],[4.498506126168754,52.19459324422923],[4.498858936551117,52.19443051434406],[4.498625263167078,52.19433977112967],[4.498588989803004,52.194325116746946],[4.498153424417647,52.19453036663057],[4.497991255792166,52.19437454579067],[4.497925043061272,52.194321015826176],[4.497928003710318,52.19431924046169],[4.497893408116171,52.19429381249747],[4.497851661930942,52.19426024114785],[4.49780443496345,52.1942814573509],[4.497765559859319,52.194250604103],[4.497738222595141,52.19422792728153],[4.497729376503703,52.1942314559632],[4.497654497530799,52.19417246754081],[4.497648737618006,52.194167929967875],[4.497624253518601,52.19414886995444],[4.497595471929982,52.1941252833809],[4.49756809896194,52.19410440391731],[4.497488904989166,52.19404178753198],[4.497491865636904,52.19404001217832],[4.497593774710816,52.19399044551447],[4.497596717418055,52.19398956885691],[4.49771929689249,52.19393027068336],[4.497513637181171,52.19375524592729],[4.497482640252062,52.19376939365038],[4.497485493271642,52.19377301048912],[4.497454478385583,52.193788056903436],[4.497416097764437,52.193805744292085],[4.497377699175622,52.19382433036677],[4.49730424785239,52.193767150141205],[4.497226445464372,52.19370813939718],[4.497112640104245,52.1936209932858],[4.496825440297886,52.193647590098486],[4.496826974466569,52.19364400633412],[4.496830078699558,52.19363504140801],[4.496847277593178,52.19357944342246],[4.496850453608475,52.193566883701195],[4.496862978176948,52.19352563180147],[4.496872416456088,52.1934924461289],[4.496886493086919,52.1934467117622],[4.496897411646221,52.193412638417726],[4.496734677067258,52.19328557419776],[4.496656894223656,52.19322566437833],[4.496629522246439,52.19320478469595],[4.496599279431885,52.193181186845734],[4.496453843442594,52.19306683641099],[4.49656611359056,52.19301105697498],[4.496475385736303,52.19294026335085],[4.496436494763013,52.19291030836139],[4.496409141038368,52.19288852992882],[4.496348674059832,52.19284043540785],[4.496345803234359,52.192837717240046],[4.496499413655513,52.19276247549286],[4.496290659840216,52.19259641351211],[4.496256084473284,52.19257008636682],[4.49615244842356,52.192486611376694],[4.496159831954771,52.19248307177339],[4.495876494764841,52.19224364045382],[4.495726018608501,52.19223531347169],[4.495672739092525,52.19219356471066],[4.495415278714788,52.191976798541],[4.495454952748496,52.19189440549547],[4.49524315640206,52.19173461045152],[4.495020112705888,52.19155225914419],[4.494992059123192,52.19156552962631],[4.494837023971875,52.19163896097948],[4.494816371766733,52.19164779319928],[4.494849483258505,52.19167410971262],[4.49463530729751,52.191779451753206],[4.494579163615463,52.19180778992247],[4.494590664216117,52.191817764067046],[4.49456407265398,52.191831045503726],[4.494442993099644,52.19188855408842],[4.494441530782449,52.19188854302895],[4.49433520008778,52.19193987120678],[4.494241607321992,52.19186635764861],[4.493864296722677,52.19157317923644],[4.4945982420759,52.191220096387774],[4.493952330459902,52.19068310025959],[4.493694743071382,52.19047351990683],[4.493693298810602,52.19047261013971],[4.493425658159087,52.19025396473159],[4.493336457202552,52.19018048366116],[4.492791492639071,52.18978895775247],[4.491474168939877,52.190426130039285],[4.491404756209278,52.19045975902688],[4.491022271246769,52.19064381347228],[4.490846507974547,52.19072966593228],[4.48910393178105,52.19156492110336],[4.488578939341371,52.191126788248475],[4.488735553912253,52.1910479840746],[4.488818365553764,52.191002773762776],[4.488920639386216,52.19093524061847],[4.488950283392593,52.1909156918264],[4.489079511492903,52.19081690442074],[4.489152032100063,52.19077431208256],[4.489261326698745,52.19072121342328],[4.489658424184829,52.19053817459028],[4.489667288267709,52.19053374781336],[4.489794273605035,52.1904735924948],[4.490017246338301,52.19036742721451],[4.490222526224262,52.19026831775309],[4.490123257446096,52.19018666820412],[4.490270911656527,52.1901167822671],[4.490409683417231,52.19005222167552],[4.49071825826596,52.1899071566527],[4.490857894779276,52.18987226366831],[4.490977384746793,52.18982103852341],[4.49126508745984,52.18969558798205],[4.4912032042332,52.18964568232593],[4.491296463148471,52.18958976357039],[4.491596294601913,52.18944283223995],[4.491660885691728,52.189430738606795],[4.491988713787286,52.1892732326682],[4.49204926063817,52.18924403028355],[4.491351454471104,52.18874527578154],[4.491260635215092,52.18867987032484],[4.490911368674802,52.188448914569136],[4.490896620187018,52.188455094426494],[4.490441629156157,52.18817299960134],[4.49042863207907,52.18816481133796],[4.490412728694448,52.188155702156735],[4.49038529044805,52.18813841581452],[4.490413379381884,52.18812334902121],[4.490296387959638,52.18805055326914],[4.490243010052436,52.18801419423891],[4.490185372223692,52.1879715109615],[4.490123420268974,52.1879251995252],[4.490018615533083,52.187828227547044],[4.489858393121635,52.1877236434969],[4.489806279187427,52.187697181064614],[4.489836372795892,52.18765516457895],[4.489862170248367,52.18760862124671],[4.489943819593318,52.18754812111549],[4.490015734828171,52.18760799091906],[4.490009759549214,52.18761423735043],[4.490089779050152,52.18770742562631],[4.49009833515287,52.187718276682986],[4.49019445710667,52.18781068843053],[4.49026478437387,52.18787683785699],[4.49040796812817,52.187956124496814],[4.490477303657544,52.18799889653302],[4.490490300695418,52.18800708479122],[4.49049315278077,52.18801070180041],[4.49050475992695,52.1880152841559],[4.490536458207975,52.188038894681206],[4.490548011150314,52.18804617312716],[4.490556874648298,52.188041746280156],[4.490796562925472,52.188194571157744],[4.490806653755515,52.18820183847403],[4.490851295301571,52.18823633323137],[4.490859923953492,52.1882435894394],[4.49092326705627,52.188293506385264],[4.491074973664844,52.18838544060824],[4.491378370703678,52.18857020716745],[4.491441787067136,52.1886165290412],[4.491745981632816,52.18883455758929],[4.492326976072809,52.18925152904117],[4.493087431400956,52.18888787053744],[4.493267569741933,52.18880204790754],[4.493545150052782,52.188670223348126],[4.49406934747908,52.18841892169851],[4.494271631010207,52.18832247908865],[4.49431533505107,52.1883308992106],[4.494875883189526,52.18860119329152],[4.494980029357578,52.18865860716128],[4.495059336148524,52.188714934365834],[4.495303358269347,52.188871378066615],[4.495310561504011,52.18887682550365],[4.495489719902428,52.18898603926776],[4.495570472172415,52.18904327587376],[4.495633911544974,52.189088696803424],[4.495702930427558,52.18914764236021],[4.493550001327488,52.19017940403607],[4.493743206979938,52.190317489483796],[4.493842590736573,52.1903937438107],[4.493949178157849,52.19047544557254],[4.494038344708689,52.19055072357682],[4.494124623011232,52.19062418198976],[4.494209493318122,52.19069493318141],[4.494255512276083,52.190733931202764],[4.49435475386289,52.19081737468543],[4.494400773074012,52.190856372649876],[4.494500015204645,52.19093981600987],[4.494590609916913,52.19101690205085],[4.494692723372411,52.19110306345889],[4.494960321374333,52.19132440208285],[4.494993396744254,52.19135251595416],[4.495039123666137,52.1913330872062],[4.495306688810992,52.191556222440205],[4.495477365275317,52.191578185086954],[4.495439046026836,52.19166598138434],[4.495529661808804,52.19174216800316],[4.495784160819385,52.191960709242075],[4.495817327018645,52.19198432938826],[4.49586363618034,52.192008947601266],[4.495917257005351,52.192033621002366],[4.495963742300853,52.19219576215573],[4.496104356115273,52.192331648854164],[4.496108922732465,52.19232269498399],[4.496167670416922,52.19216404477664],[4.496348514102746,52.19218967822877],[4.496440407330026,52.19220205653639],[4.496459363730977,52.19220489608268],[4.496611158641018,52.19222042275297],[4.496708937222443,52.192231047584514],[4.496727911602586,52.19223298838891],[4.496845929541821,52.19225545062635],[4.496875068462764,52.192261063409994],[4.496970568855942,52.19209280283496],[4.496986618539364,52.192094721541324],[4.497047192918501,52.19199091357157],[4.497188473187165,52.19209354712985],[4.497259122534679,52.19214441449597],[4.497312475233,52.19218256774874],[4.497429237861759,52.192267938329074],[4.497559897183168,52.19231656132473],[4.497577194116044,52.19232927535943],[4.497648157118068,52.19229116027365],[4.497711718699338,52.19225748354498],[4.497731904455797,52.1922720169931],[4.497814074090618,52.19233195916689],[4.497868853969854,52.19237192058424],[4.497923633947244,52.19241188197605],[4.498008710848501,52.192472744745764],[4.498096640972713,52.19253722427865],[4.498098067468269,52.192539032690995],[4.498186015772615,52.19260261345811],[4.49826963105185,52.192663465026165],[4.498360468704308,52.19272886508532],[4.498445528891077,52.19279062623856],[4.498534904710165,52.1928560151532],[4.498622854262208,52.19291959559416],[4.498707897266018,52.192982255256936],[4.498797273853686,52.19304764397249],[4.49888813096861,52.19311214492557],[4.498980379088858,52.19318025160835],[4.499084183176844,52.193255635828805],[4.499169263271105,52.19331649776021],[4.499255752267695,52.19338006672749],[4.499362446232385,52.19345727010081],[4.499563601000716,52.193344630948225],[4.499674548737302,52.19328164796106],[4.499683412377165,52.19327722043302],[4.499697839229539,52.19328721607001],[4.499804274329545,52.19323049087081],[4.499794198782919,52.19322232562512],[4.499879856483902,52.19318072433691],[4.499946306609135,52.1931488657921],[4.50000833379394,52.19311877163644],[4.500073321376852,52.19308690202877],[4.500092439327824,52.193081652698346],[4.500095381926193,52.19308077597808],[4.500164810104852,52.19304624318991],[4.500228335114373,52.19301436250736],[4.500282996512172,52.19298690936444],[4.500288738663882,52.19299234550941],[4.500364069601753,52.19295516045291],[4.500392140345877,52.192940989996124],[4.500421673425346,52.192926830518],[4.5004438410976,52.192915312205116],[4.500438081061732,52.19291077476703],[4.500445446449787,52.19290813359471],[4.500457270393157,52.19290193057932],[4.500470217071546,52.19291281383714],[4.500557282281556,52.19287391913546],[4.50080078588682,52.192764292470095],[4.500825252724256,52.192784250530096],[4.500858350747024,52.19281146406186],[4.501364686468283,52.192576175040585],[4.501420842906899,52.19262063928756],[4.501443919018743,52.1926369914485],[4.501945622511741,52.193076689220355],[4.502259226106853,52.19326689679311],[4.502501711199971,52.19342960553426],[4.502727023968574,52.19357330959903],[4.502992553231152,52.19368046229647],[4.503229407545541,52.19383234132942],[4.503372384087725,52.19392419405011],[4.503662832982487,52.194102539608416],[4.503687497747955,52.194112611376184],[4.503755856240676,52.19413199847297],[4.50380529270456,52.19414674976511],[4.503853355840818,52.194156996593954],[4.503907375413913,52.19416189497333],[4.50399362110111,52.19416433794102],[4.504148884179884,52.19415291581668],[4.504214496142002,52.19416329376979],[4.504342368238607,52.19420559649299],[4.504420910553705,52.19422775586369],[4.50450023917778,52.194284076718226],[4.504517521062795,52.19429768843761],[4.504538994433733,52.19432121865846],[4.504577892093069,52.194351170985634],[4.504659505474193,52.19443986680169],[4.50470093674941,52.19448961235477],[4.504858315183342,52.194666960035285],[4.50488986572231,52.19469865500573],[4.504914210951811,52.19472490311803],[4.504955820624451,52.194765661580114],[4.504993185397932,52.194799197640286],[4.505024647208041,52.194835386074594],[4.505085126267208,52.19488347616096],[4.505167239490414,52.19494700802115],[4.505285949081624,52.19500901556316],[4.505403552099929,52.19505303806046],[4.505865641637423,52.19528029819682],[4.505923534888856,52.195311290714365],[4.50599444801412,52.19534957105471],[4.506065290209603,52.19539144615315],[4.50612584219245,52.19543594090514],[4.506184860815116,52.19548401951246],[4.506236620641028,52.19552934742185],[4.506298564390619,52.19557744779921],[4.506341585294213,52.19562091278465],[4.506396199302426,52.19566985724891],[4.506446408334912,52.19571966765502],[4.506502218712718,52.195782103483516],[4.506546436160339,52.19583905980649],[4.506596485778406,52.195896958449616],[4.506634871393588,52.19595297240181],[4.506666228841319,52.19599455259708],[4.506729192410108,52.19606513115957],[4.506777726811276,52.19612571491757],[4.506852212966309,52.19620536767036],[4.506942413847197,52.196304013034506],[4.507048560340137,52.19640996787114],[4.507179445191999,52.19652239884928],[4.507322012781366,52.19663581558423],[4.507329183262087,52.19664305968681],[4.507355206315245,52.196658533790014],[4.507381300334653,52.196670413086615],[4.509317631488908,52.19779848119485],[4.509433323236243,52.19786585501574],[4.509489919063847,52.19788874660508],[4.509511768373309,52.19789340320717],[4.510187265412822,52.198056617715395],[4.510385337936996,52.19810033409252],[4.510823667810508,52.19819976381885],[4.510990078206674,52.19821717800686],[4.511256170402941,52.198223646802425],[4.511282495950519,52.19822384212838],[4.51157456072001,52.19824847954126],[4.511832248616529,52.198236009235956],[4.511919932007816,52.19816565166085],[4.511963860806074,52.19816328085141],[4.511973851473632,52.19817593856292],[4.511895066862986,52.198240070334705],[4.512177086729354,52.1983293476558],[4.51226430959778,52.19835695906223],[4.51251623485167,52.19841455341767],[4.512664778906702,52.19844801183064],[4.512683456913552,52.19846522799155],[4.512690593298302,52.19847426917058],[4.512699192225329,52.19848332118297],[4.512716654546056,52.19848794469139],[4.512750240066694,52.198490889960645],[4.512799948786737,52.19849215697703],[4.512929727049903,52.1985128924195],[4.512999682245695,52.198525994095526],[4.513001144786583,52.198526004925526],[4.513076474363658,52.1985634148033],[4.513133055334328,52.1985872033502],[4.513204226561602,52.19861289754793],[4.513282904404197,52.19862876012423],[4.513331256458581,52.19862462388434],[4.513380894877376,52.198629485460614],[4.513418762485211,52.19863785522221],[4.513586232998802,52.198675946704256],[4.513794514254124,52.19872153053054],[4.514700223404498,52.19885765936226],[4.515270903619235,52.198922097281404],[4.515950855698492,52.199008910843155],[4.516441748452935,52.199039497482566],[4.516562965306718,52.19904937979181],[4.516634437639093,52.19905979399777],[4.516769876564521,52.199090454081656],[4.517362280255429,52.19924132979146],[4.517662927652022,52.199351404255154],[4.517715334731632,52.19936437387157],[4.517744480952618,52.199369981511865],[4.517779670278605,52.19936574650877],[4.517801749054565,52.199358718455244],[4.517878573859425,52.19931973562096],[4.518007254300294,52.19924697895802],[4.518460842233548,52.19894022094607],[4.51848584580361,52.19893321428806],[4.518494673681899,52.198930582754215],[4.518510674227757,52.19893519464487],[4.518535257467694,52.198949756824646],[4.51855954300538,52.19897959693358],[4.518603533867635,52.19904913057656],[4.518630499465912,52.19909157401991],[4.518662115466105,52.19912056920662],[4.518706044861857,52.19911819588973],[4.518673513322561,52.19981185392986],[4.518707082733605,52.19981569620854],[4.518758168153734,52.19982146498805],[4.518797482869953,52.199830742487514],[4.518820691650317,52.19984080033896],[4.518824834296748,52.19985341443982],[4.518851835603039,52.19989406042435],[4.518884827368502,52.199927559816075],[4.518998271341721,52.20003625381178],[4.51905161710606,52.20007619464963],[4.519087674367808,52.20010252587904],[4.519136720012913,52.200137940904455],[4.519242229525465,52.200203432446585],[4.519301601090548,52.200234429162784],[4.519375756211453,52.200257445043846],[4.519442440945289,52.20028849544487],[4.519535155208887,52.200335017230096],[4.519643800883428,52.20038974548786],[4.519748052483497,52.20051994312101],[4.519810140179963,52.200561745498476],[4.519933272973568,52.20062377056262],[4.520059261404202,52.20068941179199],[4.52009946284443,52.20072835676835],[4.520142449733405,52.20077451283063],[4.520199853127198,52.20083156071213],[4.520220189948179,52.20083890070038],[4.52024050929596,52.20084713938717],[4.520363002296924,52.20086691426664],[4.520427182817248,52.20087637378414],[4.52049309337318,52.200796861759805],[4.520513517598859,52.20079970818712],[4.520522502996446,52.2007889881841],[4.520720353303695,52.20084526907613],[4.52065439066557,52.20092747733376],[4.520805769689465,52.20096633920229],[4.520852508426066,52.2008947757599],[4.521033157425744,52.20093295328942],[4.521197560729511,52.200979100849],[4.521366160221095,52.201035166084154],[4.521415453092989,52.201057998332054],[4.521490444934881,52.201113376893055],[4.521491907563348,52.20111338761804],[4.521743403572049,52.201269830283614],[4.521667884334144,52.20131691466285],[4.521796854905236,52.20137987937851],[4.521989431843335,52.20148195979797],[4.522406574810429,52.20169624112596],[4.522641118169928,52.20182199743286],[4.522784386968029,52.201902143521984],[4.522890028010986,52.20196134088767],[4.522923320588485,52.20197956120819],[4.522962481250635,52.20199692564444],[4.523005995069384,52.20201611959143],[4.52307414762849,52.20204717864879],[4.523130477041705,52.20208444294621],[4.523189871241954,52.20211453900554],[4.523232845246659,52.2021615926435],[4.523265946498613,52.20218969859384],[4.523274286999235,52.20221223037224],[4.523275714825522,52.202214038480044],[4.523272179813634,52.20224547165821],[4.52323448084306,52.202303619732476],[4.522975463402116,52.20253452095193],[4.5228803011159,52.202613820187686],[4.522812059329451,52.20266275622913],[4.522518789282002,52.20277386130506],[4.522361113820324,52.202832928019255],[4.52223165225335,52.202719625890424],[4.522159564713395,52.20266516794386],[4.522108963995059,52.20263423697192],[4.521995520549626,52.202600148977844],[4.521880003931509,52.202597504727464],[4.521726353016495,52.202599973805555],[4.521655969983017,52.2026084461398],[4.521609024675009,52.20261529260866],[4.521508689824775,52.20265949845876],[4.521302186259131,52.20274696828917],[4.521081107427647,52.2028316343484],[4.520976732831528,52.20285783351426],[4.520615876202041,52.20298371810826],[4.520605637375029,52.20298364295601],[4.520340203349136,52.20309225047395],[4.520208869878794,52.2031506089058],[4.520087757458309,52.203209941090016],[4.519990327674647,52.20325506582527],[4.519810916550634,52.203303183539525],[4.519630392208952,52.2033333162011],[4.519359145124536,52.20336457942602],[4.519250660186125,52.20337636558004],[4.519187641482365,52.203382194097706],[4.518913538421243,52.20340983998399],[4.518749453017992,52.203422115595224],[4.518434638975216,52.203436877286805],[4.518114482111418,52.203425532735174],[4.517848498008926,52.203411889725466],[4.517737385196637,52.20340837502712],[4.517656883954406,52.203410478661084],[4.517422378013035,52.2034330197311],[4.517237428355045,52.20346491380313],[4.517066807217407,52.203512193302416],[4.516948843182343,52.20355986069796],[4.516781831286042,52.20357211200852],[4.516642154351341,52.20360793422918],[4.51626603258175,52.20369054918782],[4.515784383162657,52.20378317009487],[4.515749791847598,52.20383145162223],[4.515768675123409,52.2039879874847],[4.515790409389988,52.20407353678398],[4.515506535520603,52.20407683425287],[4.515346694280444,52.20409632712807],[4.515346676700186,52.20409722582864],[4.515358311757811,52.204175509989724],[4.515380080484811,52.20425926195902],[4.515413445678922,52.20434849253135],[4.515457155624623,52.20443240649033],[4.515504019715562,52.20450465892413],[4.515568471993311,52.204575243522534],[4.515646194604895,52.20464053306183],[4.515706733548807,52.20468682027628],[4.515757244267786,52.20472224747931],[4.515815051227343,52.204758627339345],[4.515662433535694,52.20478266811504],[4.515535951796188,52.20481678878423],[4.515445032890454,52.20482780231454],[4.514850262677205,52.20494385260385],[4.514028957283068,52.20512294058429],[4.513786316576119,52.205186760517385],[4.513737781306309,52.20519988392392],[4.513165965324708,52.2053385663392],[4.513130665094947,52.205348192150545],[4.512314296730912,52.205573145165886],[4.512308392716234,52.2055757979089],[4.512066803984822,52.20566029522438],[4.511917863526136,52.20572031165691],[4.511846873573718,52.20575933391055],[4.511722729129096,52.205823129252444],[4.511628263717963,52.2058655726272],[4.511493932157842,52.205926595693946],[4.510533612268489,52.206403040106615],[4.510530651314086,52.20640481578285],[4.510412752814066,52.20629967599157],[4.510384765209364,52.20630935529005],[4.510346467292862,52.206322553335134],[4.510332294225075,52.206373681419926],[4.51025703723757,52.20640637922199],[4.510205467897462,52.206424871634155],[4.50968643986595,52.20596171285251],[4.509644744678517,52.20592455090222],[4.509604494644957,52.205888298508974],[4.509577916813908,52.205900684587185],[4.509492975528182,52.205830843216845],[4.509523977075458,52.20581669238014],[4.509190437392148,52.205518497202235],[4.508862664645689,52.20522483809905],[4.508718904165475,52.20509613455785],[4.508336474842983,52.20475532804324],[4.50836453279725,52.20474205443003],[4.507688837247335,52.20413930026147],[4.507647145426117,52.204102137601225],[4.507563744254824,52.20402871093542],[4.50692255387371,52.20345766836349],[4.506900418108923,52.20346739046567],[4.506689093992734,52.20327885770252],[4.506578259913338,52.203187249090654],[4.50634085880318,52.20298593753315],[4.506392532310239,52.20296205459846],[4.506112105662719,52.20271727765026],[4.506066135058041,52.20267468948721],[4.505848091318513,52.20245644355969],[4.505749495511377,52.202337960545584],[4.505706646478728,52.202285508392684],[4.505688916794655,52.20229436433333],[4.505673289644567,52.20227087802911],[4.505636438706396,52.20228498418035],[4.504970771085689,52.20169666999386],[4.504898390021189,52.20173208237205],[4.504918529033326,52.20174931067852],[4.502502365742704,52.20283050145625],[4.502431532759144,52.202861429775176],[4.502224883950415,52.20295425833018],[4.502130415637165,52.20299669411938],[4.502309200475365,52.20327577330602],[4.502316353358711,52.20328391640332],[4.501772263189784,52.203499152241655],[4.501722495663264,52.20350057666452],[4.501660367346243,52.20346146091918],[4.501528281362766,52.20333553250201],[4.499607350100571,52.204443748146254],[4.499589600450461,52.204453501860186],[4.499552978475344,52.20445592303171],[4.499462795494519,52.20435637346519],[4.499323829162745,52.20420881887991],[4.499273654410981,52.204157208120314],[4.499242029599158,52.20412910648511],[4.499195670196901,52.2041062870122],[4.499165275403599,52.204089879424195],[4.499108587514859,52.20407147639088],[4.499077995785923,52.20406495445187],[4.499028478278642,52.20405379597367],[4.49895989173729,52.204045190511515],[4.498799154038661,52.20403589164437],[4.498557895309238,52.20402958186068],[4.498310767860896,52.204024126231715],[4.49778256579942,52.20402823784256],[4.497560412274631,52.204017575779915],[4.497252138081459,52.203997275853965],[4.496917445551173,52.20398127007725],[4.496667285421938,52.20398118113125],[4.496495968204499,52.20398887714127],[4.496384496510643,52.20400331628336],[4.496232974483776,52.20404531689844],[4.496116647244553,52.204083088789844],[4.496017746647031,52.204127283934696],[4.495948208096761,52.20416630765303],[4.495780925470117,52.20426481516112],[4.495657685708501,52.20435556552637],[4.49558209780614,52.20440443050776],[4.495497949127738,52.204442444796946],[4.495493668824178,52.20443701947522],[4.495477992367792,52.204416227930864],[4.495428025828606,52.20442753535989],[4.495419195508033,52.20443016516044],[4.495410383168902,52.20443189626365],[4.495401570829089,52.204433627366285],[4.495392758488594,52.20443535846818],[4.495382483418173,52.20443707852074],[4.495373689059482,52.20443791092465],[4.49536487671707,52.20443964202451],[4.495354619628203,52.20444046337802],[4.49508436439466,52.204055518985406],[4.494933994323587,52.20382068621476],[4.494904267017268,52.203771025758],[4.494781096312654,52.20356605980856],[4.494598941366429,52.20323840654745],[4.494455309364029,52.20295958124128],[4.494386716422479,52.20280536214597],[4.494331670457709,52.202705175425315],[4.494321899844767,52.20268173187997],[4.494321935851781,52.20267993448666],[4.494256413167094,52.20251854785985],[4.49419948685919,52.20236621453993],[4.49412852861499,52.202184113557564],[4.494066238790003,52.20200747109791],[4.494008917568495,52.201874909003834],[4.493894471049556,52.201892019769296],[4.493870794884904,52.201832517644704],[4.49397056080198,52.201817992332515],[4.493978216205815,52.201800972424245],[4.49398332452743,52.20176505775188],[4.493966979516304,52.20170471227749],[4.49392257053333,52.201584831484666],[4.493911283709876,52.20156407292552],[4.493902796084945,52.20154962737632],[4.493882769503161,52.20152700501932],[4.493843170330336,52.201532098381676],[4.493733675248362,52.201229261872115],[4.493706062159147,52.20114725908198],[4.493689951945548,52.201075230505445],[4.493607762112367,52.20079686899061],[4.493532288573752,52.20047541424322],[4.493512601926814,52.200362911061205],[4.493499958051683,52.20026394368636],[4.49344828390103,52.19992289467117],[4.493440499508657,52.19987339990471],[4.493384610088396,52.199304914059766],[4.493367339115765,52.19907198542694],[4.49336455531897,52.19899196816788],[4.493365849956942,52.19885445644047],[4.493368664055642,52.1987870652311],[4.493377598616014,52.198706237856754],[4.493477925129896,52.19844453800176],[4.493876327690814,52.19805296543849],[4.493927843815904,52.19810998176792],[4.494066125121925,52.19828989588358],[4.494147940761978,52.19836781450666],[4.494284774850796,52.198474013055026],[4.494369894289314,52.198533081003134],[4.494429012270715,52.198575773258256],[4.494468014801829,52.19860033670344],[4.494551762168656,52.19865489997382],[4.494625739830822,52.19868601964967],[4.494719599392452,52.1987469510859],[4.494794266215083,52.19881672570003],[4.494835942373399,52.198853892898086],[4.494902194064447,52.198905627164905],[4.494943744472657,52.19894908520641],[4.494955108535423,52.19903905442862],[4.495019262959347,52.19904942644216],[4.495123589782442,52.19902594631763],[4.495216341974159,52.198996086815924],[4.495278272605234,52.1989713873876],[4.495328520756677,52.19894570083767],[4.495376688826032,52.19887775338732],[4.495442587071807,52.198800951513235],[4.49554196176005,52.19873249194923],[4.495657388132563,52.198665951190215],[4.49582070051409,52.19861864739141],[4.495911881039546,52.198594168480874],[4.496033559138063,52.19858070572057],[4.49619299366816,52.19858101030089],[4.496323105610207,52.19858468872748],[4.496246296411734,52.19876836990031],[4.496298480976325,52.1987921333826],[4.496358122005382,52.198808762441686],[4.496471895218125,52.19882490107378],[4.496651106038907,52.198860408734426],[4.496704861196092,52.198878790883526],[4.496735179726034,52.198898793900995],[4.496758041920967,52.19892593133651],[4.496745695234551,52.198958196204764],[4.496820850271069,52.19900370470329],[4.496855412990072,52.199030930363215],[4.496959550111333,52.19909013983795],[4.49705937162642,52.19914572134703],[4.497176752945452,52.19912773084045],[4.497419312431015,52.19906753974975],[4.497805882733313,52.19897427751823],[4.497997072057139,52.19892268656285],[4.498113384218333,52.198884912749705],[4.498227004085209,52.198835433720355],[4.498892892713413,52.19859865996126],[4.49966193878556,52.19832310940271],[4.499669305115642,52.19832046828353],[4.499725292774259,52.198300216022716],[4.499810240210211,52.19836826704947],[4.499853065087657,52.19834791578668],[4.500129240990828,52.19821516636235],[4.501096539235475,52.197752341121216],[4.501067735623964,52.19772965409869],[4.501070678510707,52.197728777355444],[4.500906489545106,52.197599910545904],[4.501475108066273,52.1973246410574],[4.501429004575487,52.1972892406623],[4.501579625436292,52.19721756522686],[4.501671210560657,52.19717241177103]]]]}},{"type":"Feature","properties":{"gezicht_uri":"https://linkeddata.cultureelerfgoed.nl/cho-kennis/id/gezicht/10134544","gezichtsnummer":"1652","naam":"Wassenaar"},"geometry":{"type":"MultiPolygon","coordinates":[[[[4.391759627104991,52.14652299191195],[4.389283984340856,52.14668004650686],[4.3890419496723,52.145611958476884],[4.390031698058905,52.14519157683893],[4.389618943988592,52.14470180694298],[4.390789141279273,52.14418137462245],[4.390955893406258,52.143976046877206],[4.391356895514738,52.14381404415212],[4.391931081370693,52.14427191267404],[4.39171234960807,52.144384221185526],[4.391782616813888,52.14464008855272],[4.392029536141207,52.1448363244056],[4.392045803010329,52.14489308940367],[4.392126422799547,52.144946801901945],[4.392240239380113,52.14501877143676],[4.392374886183898,52.14513945461623],[4.392424951157687,52.145187516077186],[4.392477037654011,52.14521042667621],[4.39264372223005,52.14533587398121],[4.392498926114062,52.14540835895086],[4.392503228300203,52.14541199064374],[4.392345144666129,52.145490655343785],[4.392382503689652,52.145518834882765],[4.392091247868778,52.145672778508555],[4.392196241523758,52.145747370191195],[4.392064229721225,52.14583614183207],[4.39214641215673,52.14588537321621],[4.392017421567884,52.145969676027065],[4.392189910736761,52.14609697062801],[4.391746586302714,52.14632153877703],[4.391759627104991,52.14652299191195]]]]}},{"type":"Feature","properties":{"gezicht_uri":"https://linkeddata.cultureelerfgoed.nl/cho-kennis/id/gezicht/10134555","gezichtsnummer":"197","naam":"Abbenbroek"},"geometry":{"type":"MultiPolygon","coordinates":[[[[4.242841250517373,51.84972607188402],[4.24287687625486,51.84969495726853],[4.243019629896648,51.849560613129114],[4.243004558427075,51.84952540873749],[4.242859505260712,51.849464666877076],[4.242717071223948,51.84958642919357],[4.24262502458189,51.84966733270442],[4.242591283821436,51.849681386323084],[4.242421207628287,51.84957725225393],[4.242710909390555,51.849314898159534],[4.242282986848197,51.849133640402755],[4.242155028941531,51.84908564911668],[4.242103110023765,51.849072557978374],[4.2419269932656,51.84892072198001],[4.24181506671733,51.84887018997186],[4.241749048906353,51.84884078072979],[4.241508183338515,51.84878090013191],[4.241294797218588,51.84872488289812],[4.241037213455279,51.84880866386909],[4.240539776343047,51.84896381255546],[4.240333915947409,51.84901124182644],[4.239880968314705,51.8491290680895],[4.239840581460989,51.849062153989706],[4.240012976269654,51.84901799421799],[4.239828000895877,51.84841661297666],[4.2405675406863,51.848329452659634],[4.24056479875966,51.848323133503214],[4.241046767533954,51.848262219372],[4.241189285600174,51.847966071177375],[4.241340391566628,51.84778866286656],[4.241418109220753,51.84770042922191],[4.241518300818597,51.84758454861376],[4.241532879716877,51.84758199415443],[4.241548818192024,51.84758304860428],[4.241564688079762,51.847586799115184],[4.241660901277212,51.84762729004957],[4.241843148090406,51.84770907127562],[4.241927822076791,51.84774675267637],[4.242025418420311,51.84778995353203],[4.242048452197052,51.84779736950005],[4.242448814142638,51.847977460585064],[4.242256122836041,51.84819221898714],[4.24256087928211,51.84836508484609],[4.242576612472021,51.84837422734832],[4.242775783318193,51.848304256201246],[4.242894277877858,51.84826765699147],[4.243011184187616,51.848236435647436],[4.243062313522441,51.84822345028867],[4.24311917853813,51.84821321753482],[4.243161373195101,51.84820913416854],[4.243191284623923,51.848174368134245],[4.243577554761328,51.84833813759982],[4.243681049489242,51.84837779887198],[4.243832922035796,51.84845568545432],[4.2440794017576,51.848580337488556],[4.244149637044131,51.848615179938285],[4.24420980621828,51.84864632870232],[4.244394713062319,51.848738019808636],[4.244416570326178,51.84873463692871],[4.244480919082267,51.848715487257074],[4.244844545767109,51.84857070585382],[4.24486508863771,51.84856191663975],[4.244882729373496,51.848553099184166],[4.245112286235557,51.84842948513193],[4.245128544188369,51.84841795745717],[4.245141877223402,51.848407300237184],[4.245153257777388,51.84841640004825],[4.245269335050451,51.848475059424025],[4.24535719628211,51.848444452142346],[4.245478645223335,51.848520242847734],[4.245524539536735,51.84848473275351],[4.245624883597744,51.848534249670195],[4.24558025811071,51.848576963423035],[4.245292894853818,51.8488051886354],[4.245119563827281,51.84894373258753],[4.244946208936542,51.849083174966644],[4.244901445476706,51.849131280585496],[4.244873487356899,51.84914629002787],[4.24491970891347,51.84921236020389],[4.244984179252361,51.84930287848151],[4.244997147859417,51.84930660029459],[4.24529261539272,51.849388578619894],[4.245356030398616,51.84940627469958],[4.245701945809224,51.84950222627685],[4.245739423674537,51.84951247867768],[4.245718470478305,51.849537444437246],[4.245687336803194,51.84956321011799],[4.245641714904128,51.84958793600569],[4.245601646727832,51.84962260389018],[4.245521464619526,51.8496937369942],[4.245441441765016,51.84975857922268],[4.245397156697651,51.84978781256829],[4.245218427997812,51.84991012379634],[4.245122556085469,51.849970317095696],[4.245078407367872,51.84999415818881],[4.245009179401576,51.8500339356595],[4.244963488263583,51.85006135734462],[4.244877978670581,51.8501135610728],[4.244645419099769,51.850240741122455],[4.24462086411662,51.85023600760357],[4.244567583250676,51.85021930867577],[4.244379388637815,51.850085337119474],[4.244335202466555,51.8500534451395],[4.244405859357959,51.8500145808815],[4.244280282997424,51.84992975981241],[4.244296541707048,51.84991823225727],[4.244166658132132,51.849831571311555],[4.244094322080708,51.84987940817909],[4.244039773246294,51.849855505379054],[4.244015779845282,51.84988583469989],[4.243838845498054,51.84982298580825],[4.243771236940402,51.84979895569518],[4.243742465906711,51.84978878746643],[4.243545399512284,51.849718550763434],[4.243404447184905,51.84966773754851],[4.243362730574076,51.849652948550236],[4.243296107041488,51.84970443622851],[4.243213201602361,51.84976834996301],[4.243239001805767,51.84978118610607],[4.243149743744228,51.84986661174628],[4.243111020576534,51.8498482561881],[4.242960367346242,51.849779369696215],[4.242841250517373,51.84972607188402]]]]}},{"type":"Feature","properties":{"gezicht_uri":"https://linkeddata.cultureelerfgoed.nl/cho-kennis/id/gezicht/10134556","gezichtsnummer":"300","naam":"Zuidland"},"geometry":{"type":"MultiPolygon","coordinates":[[[[4.259571975068999,51.82451983229886],[4.258129240805045,51.82403043690615],[4.258086250338477,51.82400934833523],[4.258067869597116,51.82399029435352],[4.258084408111125,51.82396708178593],[4.258413058784977,51.82358730721764],[4.258511657405214,51.82347319492216],[4.258647412206369,51.82332348342017],[4.258480735596076,51.82325985557201],[4.258160436042778,51.82313272474142],[4.258048600044012,51.823080410799605],[4.257942587812098,51.82302725387791],[4.257885456262093,51.82299164656796],[4.257825604490601,51.82294882176058],[4.257751543211754,51.822894174319174],[4.25769733498835,51.82285769613852],[4.257390602573318,51.82265248845494],[4.257202303910679,51.8225257267909],[4.257026810427587,51.822408976163196],[4.256844224529273,51.82228586457019],[4.256663044757018,51.82216456405379],[4.25655603703658,51.82209341802674],[4.25653629769293,51.82207075505538],[4.256526709871531,51.82204818988925],[4.25653166929345,51.82202396705982],[4.256532323165264,51.82199790492389],[4.256551762154057,51.821974720511946],[4.256585725784507,51.82195077712169],[4.256779836250945,51.82184567661414],[4.256937262447887,51.82175730179508],[4.257299105211922,51.82155763228129],[4.257345300579807,51.82150863692271],[4.25738082628422,51.82148021378807],[4.257621105226007,51.821327015172955],[4.257798101109963,51.821210062417755],[4.257898785704673,51.82112833151919],[4.257953334297978,51.82103536964808],[4.257956369772805,51.82103000538894],[4.257989453758332,51.82104111068296],[4.258219569416511,51.82111973222401],[4.258289773061178,51.821154566235286],[4.25840312229608,51.821204197810694],[4.258532552173612,51.82107510056777],[4.258542861008759,51.821068907336645],[4.258557520392322,51.82106275594686],[4.258570639564218,51.821060185387864],[4.258583736228865,51.82105851352235],[4.25859968824881,51.821058666939095],[4.258612694891205,51.82106058985022],[4.259486525082069,51.8213260790254],[4.259696589414783,51.82139461692738],[4.25975562023641,51.821412263388886],[4.259868173477512,51.82143581746028],[4.259934387967963,51.821456229573855],[4.260125848231384,51.821514699965206],[4.260406502418224,51.82160279165563],[4.260488557287081,51.82162785010389],[4.260566261636868,51.82165286672713],[4.260750517459979,51.82170946909854],[4.260809504186239,51.82172891242253],[4.260823804093452,51.821737139876966],[4.260833686001937,51.82174802165812],[4.260836384263717,51.82175613775578],[4.260818715099501,51.82188271461852],[4.260913800155504,51.82190879674123],[4.260988357759002,51.82194367089948],[4.261081543697595,51.821987712878666],[4.261097293951304,51.82199595421619],[4.261228832971822,51.821898336170335],[4.261255677732903,51.82186892967504],[4.261263153315459,51.82186001229004],[4.2614324014107,51.82187871532585],[4.261432199365206,51.82188680358615],[4.261989139660882,51.82194787749366],[4.262127978766683,51.821964490125914],[4.262144020864491,51.821961048278766],[4.262228365595491,51.821894438546565],[4.262483184423843,51.82185553113295],[4.262586209165987,51.82191225095566],[4.262703579344049,51.82197540052286],[4.262718814141821,51.82200431164909],[4.262770528605086,51.822024583205575],[4.262810731066873,51.82204114879683],[4.262750240699853,51.822081919100754],[4.263084884291225,51.82227389635194],[4.263035793903639,51.82232286619722],[4.262979048729276,51.8223879430837],[4.262959635278739,51.822410229872446],[4.262942965330019,51.822438835315864],[4.263040235890959,51.822493701776295],[4.263047374960565,51.82249826471637],[4.263213293169039,51.8225924417568],[4.263282344116517,51.822615575855565],[4.263312328402706,51.8226347401393],[4.263352262667187,51.82266208989765],[4.263380796776265,51.82268124027562],[4.26327338290285,51.822742236428745],[4.263333306836459,51.82278236238491],[4.263421742693917,51.82284253737456],[4.263513056868717,51.82290363876652],[4.263718509065948,51.82304134131367],[4.26426839571734,51.8233279632681],[4.264614669017309,51.82311194199602],[4.265359310601071,51.823558629801546],[4.265259059137947,51.82362329187076],[4.264731110471338,51.82396971733098],[4.264642616154522,51.824028198962345],[4.263964819534095,51.8240423885698],[4.263948575224736,51.82405391892704],[4.263880792798584,51.82403798866637],[4.263844507454648,51.824096969428375],[4.263388570536053,51.82440542507196],[4.262799835273825,51.82480339666825],[4.262068198247707,51.824417044342155],[4.262053313857622,51.82443218312083],[4.262038429457511,51.82444732189757],[4.261864323872389,51.8246227379198],[4.261765308096852,51.82457953962106],[4.260669784333705,51.82412676453543],[4.26016938448551,51.824530065548636],[4.260138298913192,51.824554936520016],[4.259879741034157,51.824452674020726],[4.259897436817917,51.82444115816199],[4.259719331861797,51.82437023105522],[4.259683647932488,51.82440494574971],[4.259571975068999,51.82451983229886]]]]}},{"type":"Feature","properties":{"gezicht_uri":"https://linkeddata.cultureelerfgoed.nl/cho-kennis/id/gezicht/10134563","gezichtsnummer":"198","naam":"Delft - Agnetapark"},"geometry":{"type":"MultiPolygon","coordinates":[[[[4.343972038152261,52.01348378091537],[4.344192734412471,52.01345247826171],[4.344410475670047,52.013422946771975],[4.344641387294409,52.013390834902914],[4.344707136003246,52.013382428464745],[4.344737902113962,52.01324966707712],[4.34477838905753,52.01307474452577],[4.345003973021912,52.01283314631084],[4.3453622819376,52.01296036342661],[4.345719136465402,52.01308756656791],[4.345850773454569,52.01312738296874],[4.346015658030698,52.01317827984997],[4.346033009928346,52.013183826601455],[4.346039044430558,52.013174891205814],[4.346060723866548,52.01318227398685],[4.34606827742545,52.01317065539409],[4.346105894093586,52.01318177464294],[4.346123246003848,52.01318732138119],[4.346191218131313,52.01320859673502],[4.346204367764584,52.01320691527679],[4.346335801427554,52.01319279669219],[4.346483297484316,52.013177022226024],[4.346490600506373,52.013176187919356],[4.346497903528166,52.01317535361223],[4.346543528519376,52.013218004231575],[4.34657205200814,52.01324432384983],[4.346592003863338,52.013263376663474],[4.346624792381061,52.01329422836068],[4.34664191487432,52.01330966064355],[4.346677574601704,52.01334233546224],[4.346691825988217,52.01335594460238],[4.346746002199657,52.01340676062634],[4.346754553055243,52.01341492610563],[4.346764518625583,52.01342490184377],[4.346775940639472,52.01343489045477],[4.346800846144443,52.01342881845477],[4.346850924449557,52.01346791280353],[4.346906724304296,52.013511552083536],[4.346919623674415,52.01352065485982],[4.346965395434615,52.013557014465555],[4.347031724356464,52.013586364699684],[4.347049034822715,52.01359370868751],[4.347089418980356,52.01361114421359],[4.347026975930248,52.01366542392996],[4.347028432376956,52.01366543680055],[4.347071708628017,52.01368379676662],[4.347061304919272,52.013692693604504],[4.347196834565773,52.01375321705034],[4.347207238261832,52.013744320200516],[4.347249037358584,52.013763565926105],[4.347235679057157,52.0137742344294],[4.347244334342568,52.013777906408684],[4.347306356978629,52.01380452180596],[4.347329785314729,52.013799335520496],[4.347381032174714,52.01378810284125],[4.347559195785664,52.01383192381807],[4.34787395869664,52.01376459110808],[4.347885110107913,52.01378626262124],[4.347910221663291,52.013834124828776],[4.347911657275023,52.01383503638149],[4.34793672720513,52.013884695969224],[4.347938162819015,52.013885607521615],[4.347961838870135,52.013932558165344],[4.347963274486063,52.013933469717394],[4.34798980098514,52.01398314215242],[4.347999516887186,52.0140039021026],[4.348005113490278,52.01401383916013],[4.348015371215541,52.014011233090166],[4.348051407588054,52.01402773101882],[4.348084593580648,52.01404150714233],[4.348140812078126,52.01406717197782],[4.348155230827672,52.01407359139672],[4.348169649581353,52.014080010813814],[4.348277821616264,52.014126808346255],[4.3486923094401,52.014156533432846],[4.349039073463801,52.01409127769402],[4.34904885233011,52.014109341478836],[4.349054449179255,52.01411927848696],[4.349076711694782,52.01416441867622],[4.349101741465152,52.014215875403835],[4.349126771292624,52.01426733212589],[4.349128165309713,52.01427004105028],[4.349223064072589,52.014323911660135],[4.349241748395813,52.014334862942945],[4.349300714361061,52.01436774245868],[4.349325162166228,52.014381441178],[4.349391327367818,52.014417979632405],[4.349397090821968,52.01442072707771],[4.349425991346463,52.014430869526834],[4.3494462154783,52.01443823884503],[4.349453435411254,52.0144409991283],[4.349486663761982,52.014452977471],[4.349544464906445,52.0144732623183],[4.349589261869871,52.01448893812089],[4.349524989572094,52.01455938280112],[4.349480150733864,52.014608425731616],[4.34946283924331,52.01466400347068],[4.349308201700032,52.014799269329956],[4.349432709059317,52.0150844121401],[4.349379026558362,52.01513787144665],[4.34862906037925,52.01588002108759],[4.348604091270094,52.01588878954802],[4.348457210284026,52.01594052721185],[4.348409476673844,52.01598864531855],[4.348480221368104,52.016016235913185],[4.348488898018458,52.01601900910826],[4.348339745613632,52.01616870414368],[4.348281607573963,52.01622571914156],[4.34803710987286,52.01646625766912],[4.347985464130245,52.016494565782935],[4.347132654797392,52.01733467447761],[4.346893760988306,52.017270540979126],[4.346743196472149,52.01722965967613],[4.346665552064596,52.01737369251499],[4.346594818652375,52.01747104480722],[4.346495057821556,52.01756364604728],[4.346448551841224,52.01755874049715],[4.346447032650919,52.01756142369562],[4.346210534667991,52.01745686054145],[4.346198673337517,52.01746574441428],[4.346160113541893,52.017495066338554],[4.346133415057072,52.01751550438507],[4.345454368895905,52.01720837316161],[4.344171207962766,52.01663071781179],[4.344165423629947,52.016628868803366],[4.344024126033914,52.01656559417307],[4.343890048757008,52.01650507999733],[4.343773261944196,52.01645280882908],[4.343737267064322,52.01643451221201],[4.343517543254928,52.016548519418095],[4.343325728593983,52.01646502072581],[4.342991162764518,52.01631823293625],[4.341879287846925,52.01583195927389],[4.341491343912986,52.01566312005306],[4.341354299115701,52.01548032922223],[4.341465822730308,52.01538334238729],[4.341497059321526,52.01535575468224],[4.341516371275404,52.015339746445456],[4.341598156189992,52.015268562748886],[4.342719290602605,52.014294245390275],[4.342832264764317,52.01419727015151],[4.342902142518799,52.014136766446434],[4.34290511826388,52.01413409621424],[4.343013680368374,52.01403887941563],[4.343018133496587,52.01403532340884],[4.343022586624092,52.01403176740194],[4.343025583293894,52.01402819847473],[4.343030057358896,52.01402374377566],[4.343033054027564,52.01402017484827],[4.34303605069575,52.014016605920766],[4.343039068302072,52.01401213830133],[4.343042085907786,52.01400767068182],[4.343043626118192,52.0140040888342],[4.343046643722907,52.01399962121453],[4.343048204871087,52.01399514067498],[4.343049745080568,52.01399155882728],[4.34305130622815,52.01398707828765],[4.343052867375417,52.013982597748004],[4.343054428522369,52.01397811720835],[4.343055989669008,52.013973636668645],[4.34305609436024,52.01396914320922],[4.34305765550639,52.01396466266948],[4.34305776019743,52.01396016921002],[4.343057843950243,52.013956574442474],[4.343057948641238,52.013952080982996],[4.343056596877819,52.013947574603804],[4.34305670156891,52.013943081144355],[4.343055349805883,52.01393857476512],[4.343055454497072,52.01393408130566],[4.343054102734436,52.01392957492642],[4.34299872257625,52.01374301597859],[4.34299737082495,52.01373850959861],[4.342960852701514,52.01361773602424],[4.342965242972267,52.01361687609492],[4.34300323614089,52.01361181987913],[4.343184442264983,52.013587359799274],[4.343185898707712,52.0135873727174],[4.343422616877139,52.013556213609235],[4.343972038152261,52.01348378091537]]]]}},{"type":"Feature","properties":{"gezicht_uri":"https://linkeddata.cultureelerfgoed.nl/cho-kennis/id/gezicht/10134566","gezichtsnummer":"272","naam":"Schiedam"},"geometry":{"type":"MultiPolygon","coordinates":[[[[4.396894106879034,51.920944898799725],[4.396868063455413,51.92093928607346],[4.396747941406923,51.92091490295449],[4.396732032605218,51.920911173364054],[4.396711763433911,51.920907407026895],[4.39659164155642,51.92088302374848],[4.396519265914208,51.92086893050205],[4.396408281083327,51.92082574750576],[4.396546622260606,51.92068309231205],[4.396591275738545,51.92063582786582],[4.396494469254757,51.920608944334106],[4.396066264057389,51.920448029754084],[4.396061824445223,51.92045158784898],[4.395868649178528,51.920378048087805],[4.395547149845454,51.9202566834909],[4.39501667057373,51.92005355348498],[4.394930298258802,51.920015071247825],[4.394827938398978,51.9199764539626],[4.394566972389698,51.91987896868381],[4.394369461633423,51.91980449092577],[4.394125640740017,51.91972063272724],[4.393809885031511,51.91960290737367],[4.393260606574749,51.91939601490833],[4.393103715932152,51.919325474025385],[4.393036399957357,51.91927996048132],[4.392912898531874,51.91921149952172],[4.39275939315635,51.91911941360278],[4.392644791969441,51.91904293770587],[4.392496447452176,51.919111795268435],[4.392476656864806,51.919086459037175],[4.392307083857618,51.91886659505729],[4.392171398785258,51.91869196189694],[4.392167158021865,51.91868653269297],[4.391773488345255,51.91821488082155],[4.39162480667016,51.91803654138227],[4.391586660893177,51.9179867796471],[4.391591100613704,51.917983221720405],[4.391660642871509,51.91792807998994],[4.391693213991585,51.91790138935914],[4.392203834986574,51.9174895300479],[4.392434694419562,51.91730451639475],[4.392452472650318,51.91728938584065],[4.39246579139698,51.91727871195987],[4.392640885056324,51.91711749577982],[4.392636185444024,51.91706711851777],[4.392637698439257,51.917064434669534],[4.392638076307712,51.917047359074644],[4.392639569414387,51.91704557394186],[4.392657127162191,51.916974710694866],[4.392661865006969,51.91695767199372],[4.392678348791223,51.91693533938185],[4.392715795605612,51.916885318749586],[4.392741257800758,51.916851376609756],[4.392769288558942,51.9168327372223],[4.392843147786154,51.91677942909627],[4.39409713918528,51.915945081002974],[4.394669472720385,51.91556699127946],[4.394867109767177,51.91543742314057],[4.395187271802103,51.91522259609249],[4.395240402854714,51.91518619030974],[4.395337885586201,51.915116001232],[4.395364619572525,51.915090159220014],[4.395436220732776,51.91500716726746],[4.395477600541719,51.91491043700454],[4.395526676941888,51.91472837771385],[4.395584948305769,51.91452482277199],[4.395276565329739,51.91433794923874],[4.394940950352557,51.914133766168284],[4.395036720125141,51.91407524836939],[4.395203236619983,51.91397238347289],[4.39533877840142,51.91388993126351],[4.395474339514775,51.913806580179035],[4.395639380962646,51.91370460110931],[4.395802908973072,51.913605305695526],[4.39595761785728,51.91351043009306],[4.395969402154001,51.913503338414564],[4.396032762503017,51.91346432190543],[4.396093176678312,51.91342707828463],[4.396156536812366,51.91338806170779],[4.396209585646971,51.91335525033736],[4.396239046180693,51.9133375210748],[4.396333359355907,51.91327898995079],[4.396476281865916,51.913191205371305],[4.396638333149335,51.91309279524495],[4.396723787447574,51.913040481329986],[4.396829863588934,51.91297575676233],[4.397137779248831,51.91278778780037],[4.397140725229441,51.912786014850845],[4.397319015999146,51.91267605511492],[4.397394157853255,51.91262994604442],[4.397470772530305,51.91258295044621],[4.397540022176245,51.91254038719685],[4.397612217634035,51.91249605094458],[4.397942260675379,51.912292985196906],[4.398182431200009,51.912144893030145],[4.39835627828236,51.91203848987937],[4.398695152172728,51.9118301030454],[4.398720211707999,51.91181413391817],[4.398975086526259,51.911658073876424],[4.399042860408281,51.911616396226954],[4.399206412809026,51.9115152985753],[4.399381747682758,51.911407108667284],[4.39964105631238,51.91124748893306],[4.399844354131147,51.91112335341492],[4.399845728312202,51.91112696049488],[4.399851619841865,51.911123414458125],[4.400110905431392,51.91096469239042],[4.400247902006825,51.910881347926896],[4.400616215452342,51.910655225185785],[4.400681020878762,51.9106162183341],[4.400782686786135,51.91055325098935],[4.401122991347001,51.91034486925226],[4.401349846161529,51.91020654668449],[4.401405852799572,51.91017106116026],[4.401464765570736,51.910135599986084],[4.401523678248952,51.910100138781985],[4.401579684617158,51.91006465317369],[4.401638616815527,51.91002829319277],[4.402104120717267,51.909743654573624],[4.402216072484142,51.9096753789242],[4.402478286927323,51.909514878480785],[4.402733135660427,51.909358810173536],[4.403195699871946,51.90907504154234],[4.403443179924319,51.908923404431825],[4.403863425709465,51.909178609021545],[4.403976744844524,51.90924697343501],[4.404577873121922,51.908873571429105],[4.404755108869365,51.90881033366369],[4.404961405461942,51.90874733853713],[4.405161712524084,51.908692382949084],[4.405306272675956,51.908661231096765],[4.405449242177293,51.90863635796225],[4.405590483722813,51.908624054587186],[4.405744488825048,51.90862623977324],[4.405860498485113,51.90863799519103],[4.406238571537595,51.90869508474812],[4.406365598173683,51.90873479700783],[4.406390868949988,51.90870894031197],[4.406428038723604,51.90867059855391],[4.406478523486482,51.90868809866242],[4.406601112699976,51.90873136916686],[4.406735228693337,51.90877923012866],[4.406836120346167,51.90881782493925],[4.407127230535238,51.9089308157466],[4.407504821753551,51.9090768866049],[4.407816474260401,51.90918105810333],[4.40771771189958,51.909311471894014],[4.407147568921366,51.91006447684823],[4.406999360531358,51.910262792779065],[4.406252192116033,51.91126780177128],[4.406166832417529,51.91138304513729],[4.406126302713163,51.911442033071275],[4.406070750935909,51.91152336765274],[4.406011035649874,51.91159567861803],[4.40574835281898,51.91191079084609],[4.405717051322632,51.91194648475196],[4.405638031526865,51.91203751084827],[4.405322832551136,51.91236117233371],[4.405213137227285,51.912459132920155],[4.405030742654192,51.9126248009628],[4.404964033192635,51.9126844685911],[4.404855966262114,51.91277435251275],[4.404694581833489,51.91290963363861],[4.404385655326215,51.9131452545614],[4.404164391569588,51.91329351744742],[4.40400972034665,51.91338750518455],[4.403977336738817,51.91340611080575],[4.403969972356228,51.91341054360896],[4.403780187075947,51.91351502386763],[4.403212026088094,51.91377364096974],[4.403210572859074,51.913773628802474],[4.402976419822377,51.91391279273298],[4.402697648031057,51.91403180701808],[4.402371622779079,51.91418458224422],[4.402342242865348,51.91419871817497],[4.402266374767638,51.9142780829712],[4.402233635298949,51.91431286502961],[4.402217255698211,51.91433070541426],[4.402166683265121,51.91438331565592],[4.402286495455658,51.91442117398992],[4.402653140450927,51.91453750528645],[4.402491046396667,51.914837273062055],[4.402336472538031,51.91512541815524],[4.402532286271183,51.9162722355896],[4.402389606077644,51.91794116411861],[4.402261190900362,51.91902503925294],[4.403755617443305,51.91908878929365],[4.403812101584069,51.919164768006695],[4.40380620930709,51.91916831423632],[4.403800037975032,51.91931747705489],[4.403797837261076,51.919351616166836],[4.403787714844391,51.91961490396405],[4.403787537847628,51.919622992422994],[4.402890621404569,51.919622675642316],[4.40274527960362,51.91962145838179],[4.40258389114405,51.919622803164344],[4.402409599159727,51.91961594967082],[4.402396538094885,51.919614941353835],[4.401825758852699,51.91959128102235],[4.40181703835274,51.91959120791284],[4.401752689162126,51.920205503978764],[4.400454451938314,51.92100360642089],[4.400448559155371,51.92100715248003],[4.400429526009992,51.921013284869524],[4.400378240393732,51.92103173083114],[4.400338700858663,51.921044882097476],[4.400147290457096,51.92108911785136],[4.39990273327939,51.92110414264746],[4.39942975320106,51.921061516820544],[4.399123665263018,51.92103197764122],[4.39855358164013,51.92097594758835],[4.398470912365896,51.92096716226151],[4.398470892592485,51.92096806097786],[4.398450000454987,51.921058672380404],[4.398406643805699,51.92124527524086],[4.398385820633916,51.92126667324765],[4.398271965636179,51.921221670118825],[4.398270472612907,51.92122345532239],[4.398247414902206,51.921214272494055],[4.398164765030785,51.9212045882349],[4.398158951160608,51.92120453931364],[4.398155806867309,51.92121529944768],[4.398052828250522,51.92120454516645],[4.397997734967069,51.921197789336915],[4.397977445775663,51.92119492193381],[4.397933940682472,51.921190061366985],[4.397891908850741,51.92118431430159],[4.397849857243898,51.92117946593731],[4.397848344419321,51.92118214985164],[4.397807766072641,51.92117641499038],[4.397807825433024,51.9211737188419],[4.397765793633,51.92116797173145],[4.397723742055353,51.92116312332212],[4.397690391493024,51.92115924703107],[4.39768025681034,51.92115736394538],[4.397636751786375,51.92115250326871],[4.397594720028469,51.921146756097166],[4.397594680446388,51.92114855352939],[4.397323654469884,51.92111121490947],[4.397320747541428,51.921111190428086],[4.397275480632773,51.92118631534648],[4.397130727983609,51.92115812964898],[4.397133753716551,51.92115276183896],[4.397199044385714,51.92102656931152],[4.397045650743948,51.92099471519236],[4.397045630942015,51.92099561390838],[4.3970123597741,51.920988142561285],[4.397012379576695,51.92098724384526],[4.396947310539036,51.92097141465221],[4.396934288815371,51.920968608295674],[4.396886562314352,51.92095741959341],[4.396894106879034,51.920944898799725]]]]}},{"type":"Feature","properties":{"gezicht_uri":"https://linkeddata.cultureelerfgoed.nl/cho-kennis/id/gezicht/10134567","gezichtsnummer":"299","naam":"'s-Gravenhage - Zuiderpark"},"geometry":{"type":"MultiPolygon","coordinates":[[[[4.275253371903806,52.05743388733897],[4.275503751236768,52.05715759783588],[4.275755830767577,52.05687143616766],[4.276664914795015,52.055846298560986],[4.276675386896614,52.05583561073322],[4.280693202723561,52.05303655891272],[4.280410301666548,52.052861315712214],[4.280400319992768,52.05285223310679],[4.280381769912057,52.05283587893535],[4.280316906938041,52.05280560630915],[4.280314213765216,52.052796592194234],[4.280307125290888,52.05278843565172],[4.280274087228879,52.05276834977895],[4.280230778680699,52.05275086400735],[4.280241271426407,52.05273927718133],[4.280250395366183,52.052724081967696],[4.280255168449278,52.052707946980725],[4.280252653076452,52.05269174349177],[4.280245742412683,52.05267639757297],[4.280232978772609,52.052661895522895],[4.280226090343356,52.05264565093132],[4.280288255565174,52.05254915611397],[4.280292370915748,52.05250065524742],[4.280117435770692,52.05244058377787],[4.280062488373391,52.05242208965608],[4.280009243204294,52.05239372382516],[4.279878283749476,52.05232417770753],[4.279689773607857,52.05222352833527],[4.279369457531081,52.05185197473075],[4.279541615050907,52.05172954844454],[4.280006153008467,52.05139863398043],[4.28023326210399,52.05123537477533],[4.281142984105619,52.05058863788054],[4.281381945663913,52.05041739787997],[4.281371875538499,52.050411910043096],[4.28137342195019,52.05040832904077],[4.281402685272762,52.050404109402585],[4.281770764837321,52.05014059729711],[4.281877643012238,52.05006339781651],[4.28204528086956,52.049946318791434],[4.282454875146797,52.0496544299639],[4.282543927278977,52.04959054587876],[4.28269826596831,52.04948053223991],[4.283164170472292,52.04915141608647],[4.283696726241765,52.048720450281195],[4.284297732258214,52.04829192092269],[4.284322909075633,52.048275976851585],[4.28481402192938,52.048579902167795],[4.284799114413279,52.048593245830084],[4.285023042210925,52.048735567070345],[4.285148985011023,52.0488311281057],[4.285210908277597,52.048862269477866],[4.285333164789808,52.04892993052767],[4.285330227531412,52.048930801926645],[4.285327157562344,52.04893706536555],[4.285329917874226,52.04894338335336],[4.285331331207984,52.04894519433725],[4.285352862997031,52.04895887899322],[4.285364346623237,52.04896617747482],[4.286081949319598,52.0493683963214],[4.286204230632837,52.049435157795806],[4.286493383107128,52.04959336686749],[4.287031411354266,52.04988783347209],[4.28708317834127,52.049917081201144],[4.287975153224411,52.05040361387507],[4.288001853746698,52.05038498660549],[4.288106936082702,52.05043990009791],[4.288129949123495,52.050452699176546],[4.28825943632932,52.05052312123131],[4.288562958841452,52.05069044798379],[4.288675176369407,52.050751719674295],[4.288807558515188,52.050823066993786],[4.288792717583998,52.050833715136534],[4.288786710648895,52.050840850149626],[4.288787991881067,52.05084805313558],[4.288789405414597,52.05084986407798],[4.290981990482001,52.052048723345536],[4.291633717223724,52.05240624928598],[4.292966048599931,52.053134142685224],[4.293642140464083,52.05345053519566],[4.29403698179926,52.053581841331436],[4.295138089090123,52.053929135478626],[4.29537538240647,52.05400414458527],[4.29602217240063,52.05420789179213],[4.296026523731944,52.05420883098328],[4.296041013566505,52.054212560736175],[4.296629718447398,52.05440677764498],[4.296704974257601,52.05442994639211],[4.296511011740611,52.05467084746486],[4.296382212689052,52.054631002917326],[4.29404750163014,52.057449812046414],[4.293776539398221,52.0577376345691],[4.293732614803464,52.05780464265252],[4.293168137336228,52.05846726734566],[4.293156122788648,52.058481537799224],[4.293271575602082,52.05859047544942],[4.29330292430471,52.05862042956001],[4.293357094125895,52.05867126978462],[4.293383739823651,52.058714663366295],[4.293364677412885,52.05871898073511],[4.293515050014897,52.05895048979778],[4.29344902726015,52.0589669554277],[4.293437166400963,52.05897493519131],[4.293432595040621,52.058982982643094],[4.293433855282149,52.058991084246095],[4.292581496061829,52.059200694763256],[4.292001906245644,52.05934721756955],[4.291869858414176,52.05938014708726],[4.287374395702126,52.060495114360386],[4.28613325621069,52.06079722783854],[4.285518478874108,52.060949682201475],[4.284779083983383,52.06112883238627],[4.284518170876743,52.06118301956691],[4.284223812416696,52.06123329749038],[4.28393128789712,52.06126831092005],[4.283646318708466,52.061292607863486],[4.283425898975999,52.06130132917721],[4.283414257363413,52.06130032121031],[4.283385075755398,52.06130094663705],[4.282655557487614,52.06131568128352],[4.282387002183706,52.0613248481559],[4.281538033014624,52.06086204953294],[4.281411442557256,52.06079164751878],[4.281322226307144,52.06074316935659],[4.281230116555641,52.06069376507832],[4.28114379438716,52.06064621283004],[4.281054578717285,52.060597734465645],[4.280963927507654,52.06054834367099],[4.280877605902854,52.06050079122813],[4.280799898842057,52.06045871291211],[4.280306358855182,52.060189805568285],[4.280230110805499,52.06014774057779],[4.280140897120344,52.06009926152327],[4.280053119327197,52.06005169477533],[4.279965363953992,52.06000322929171],[4.27987612860908,52.059955648707664],[4.279788373616113,52.059907183092534],[4.279700596574873,52.059859616082626],[4.279611384038416,52.0598111366281],[4.27952362961586,52.059762670816255],[4.279435853139807,52.05971510360957],[4.279375421362182,52.05968217559259],[4.278690534101321,52.05930898923879],[4.277827285300737,52.058837040036266],[4.27723447996785,52.05851504951119],[4.276820140134392,52.05828822199873],[4.275954015059201,52.057816231617586],[4.275867704053506,52.05776867551326],[4.275726708976508,52.05769183916563],[4.275253371903806,52.05743388733897]]]]}},{"type":"Feature","properties":{"gezicht_uri":"https://linkeddata.cultureelerfgoed.nl/cho-kennis/id/gezicht/10134568","gezichtsnummer":"1656","naam":"Delft"},"geometry":{"type":"MultiPolygon","coordinates":[[[[4.355748636220834,52.0183435189346],[4.355670124528739,52.01833653884368],[4.355590239018004,52.01832595115869],[4.355511830837476,52.01831447749139],[4.355433464082726,52.01830120638361],[4.355403020324667,52.01829464741454],[4.355340738319041,52.018278820602234],[4.355261018559132,52.01826104314104],[4.35518292104238,52.01823608884317],[4.355109131308046,52.0182138688889],[4.355009350616489,52.01818153335699],[4.354935664571332,52.018154819823806],[4.354848993487662,52.01812259911351],[4.354821545945147,52.018112470766496],[4.35443873824532,52.0179706860172],[4.354022990984206,52.0178043412551],[4.35400278529972,52.01779607402712],[4.353558282860691,52.017613295442146],[4.353514937959086,52.01759763393618],[4.353413827617066,52.017559892101914],[4.353351692478529,52.01753777338341],[4.353325660739957,52.01752945486875],[4.353112767860367,52.017474551176655],[4.353053986452974,52.017496506681326],[4.353003965174048,52.017517640244684],[4.352188993747548,52.01792126370225],[4.352143403625742,52.017939739236944],[4.351935969296178,52.01802690382773],[4.351905131741113,52.01803741912997],[4.35187876776341,52.01804347939002],[4.351859728261998,52.018047806313405],[4.351833385036795,52.01805296786988],[4.35181147387479,52.018055471775696],[4.351798323023345,52.01805715385592],[4.351773519440654,52.01805873343743],[4.35174871585625,52.018060313013706],[4.351732672585054,52.01806107076812],[4.351707910532408,52.01806085294911],[4.351683169247749,52.01805973643157],[4.351651165776558,52.018057657147025],[4.35161194166022,52.01805281770295],[4.351584349509629,52.01804897945623],[4.351565496908367,52.018045218092126],[4.35153794630773,52.01803958244791],[4.351520550304804,52.0180358338918],[4.35149739025782,52.0180293379908],[4.351362716787802,52.017993995714406],[4.35133537399087,52.01797937309025],[4.351312587951709,52.01795670067419],[4.351281685683829,52.01790699054649],[4.351204687844094,52.017708560177326],[4.35119503199576,52.017685104417254],[4.351152599982942,52.01756697819056],[4.351132018843284,52.0175119656007],[4.351115287999718,52.01747945880002],[4.351040020282417,52.01733227947308],[4.350985500092948,52.01723292317065],[4.350982711652214,52.01722750536711],[4.350974346334034,52.01721125195606],[4.350931354223985,52.01711739036304],[4.3509285657969,52.01711197255812],[4.350927213148201,52.01710746626909],[4.350895541164887,52.0170280863351],[4.350885385087205,52.016963277833476],[4.350882721373725,52.01695246786765],[4.350874854940282,52.01691464580988],[4.350868985438796,52.016853470548746],[4.350867861420332,52.016839078632515],[4.350878180244615,52.016770854880114],[4.350885878648428,52.016752945129376],[4.350922498386421,52.01668135741144],[4.350961095935129,52.01665023652653],[4.3511722319339,52.01602467932861],[4.351141435025924,52.01597047568632],[4.351113613568345,52.015913601595685],[4.351097153442688,52.01586941177087],[4.351055471414318,52.01571893251622],[4.351020531945851,52.015591883382406],[4.350991086219396,52.01547926461958],[4.350917358244965,52.01520266048826],[4.350912321947178,52.015168458843185],[4.350910364900208,52.01512709329467],[4.350903726650459,52.01509916968113],[4.350884541076072,52.01504686593511],[4.350865002247542,52.015009839976095],[4.350862297087149,52.0150008273941],[4.35086383670786,52.01499724544313],[4.350851663498958,52.01495668882339],[4.350840842887109,52.01492063849347],[4.350832727439519,52.014893600745296],[4.35082737949535,52.014872879498796],[4.350823550391785,52.01484947499503],[4.35082119856103,52.014825184621245],[4.350823631847347,52.014782958846986],[4.350825607904937,52.01476050433123],[4.350832057323293,52.01473359481828],[4.350838174211711,52.014721064402266],[4.350876415077225,52.01464229994753],[4.350883967638441,52.014630681045524],[4.350891540977228,52.014618163449406],[4.350903525310424,52.014603886933735],[4.350922916712116,52.0145842823675],[4.350939332800462,52.0145673482344],[4.350954209278602,52.01455399605146],[4.351055431428826,52.01446050507516],[4.351086703041492,52.014431117416564],[4.351208730717826,52.014319831914996],[4.351021524009746,52.01403683571362],[4.35194740698883,52.0130544205997],[4.352404182225663,52.01301888659272],[4.352553476508226,52.01286199671869],[4.352884974098208,52.01251075278102],[4.35312794697843,52.0122710898145],[4.353799456118791,52.01164058270997],[4.355801105902071,52.009670723637576],[4.35603582673178,52.009408510528104],[4.356223695046919,52.009156673084426],[4.35685510220833,52.00849253908969],[4.356982841822411,52.00838489320006],[4.358076021337007,52.00714681610562],[4.359161997237416,52.005775632322624],[4.359299202559279,52.00563570707656],[4.359490011383701,52.005571755404695],[4.359881396554464,52.00558955442157],[4.359960972100176,52.00561272091312],[4.361752236850523,52.00625845406993],[4.361926485704511,52.00634536539501],[4.36223931970483,52.00648651713217],[4.362402842646072,52.00659670511091],[4.362572472011344,52.00688582237658],[4.36266172702995,52.00705918359769],[4.362717035162891,52.00731584473334],[4.362657439238502,52.00769285391646],[4.362538160445955,52.007940804204274],[4.362361204681047,52.00816308363876],[4.362197779567048,52.00849424464355],[4.362352574593431,52.00854053641264],[4.362444461934997,52.00859886454114],[4.362732517287639,52.00867777663695],[4.363001048031058,52.00871876533463],[4.363103027975116,52.00878167514356],[4.363579069326445,52.00898446777462],[4.364468563586292,52.00932478428409],[4.364950401189096,52.00952941939576],[4.365277891631289,52.009667993464205],[4.36541166508827,52.00955050330403],[4.365529131578199,52.00944545570223],[4.365796051633726,52.00955743515166],[4.366227438161232,52.00973915526687],[4.366810495062777,52.00997702014757],[4.366946101703222,52.01003482483016],[4.367266688441647,52.01015715369851],[4.367545451848391,52.010261141867666],[4.36769845467972,52.01032269187328],[4.367835683376532,52.01037331856397],[4.367889057279794,52.01039625267758],[4.367974491351768,52.010418565517675],[4.368013506239508,52.01043238648228],[4.368067064215728,52.01044723223261],[4.368062613427271,52.01045078919499],[4.368226098123899,52.010499845012866],[4.368256129877508,52.01052437462642],[4.368368663089369,52.01057209027063],[4.368501701964408,52.01055076990948],[4.36853002629157,52.010522251051405],[4.368556812531832,52.01049731437526],[4.368553940678059,52.01049549177103],[4.368573281739051,52.0104776816566],[4.368754775269768,52.01031116259967],[4.369470787338048,52.01033982778891],[4.369502602508171,52.010349990504146],[4.369524141638093,52.01036365986158],[4.369549641729519,52.01039534095876],[4.369575223474192,52.010423427256654],[4.369602322812868,52.010448830044545],[4.369628027040715,52.01047152414024],[4.369665300500632,52.01049791374621],[4.369698347758737,52.01051797468187],[4.369744379821854,52.01054354110272],[4.36978758082909,52.010565487534436],[4.369816401923688,52.01057921978164],[4.369825038055811,52.01058378880364],[4.369832156636724,52.01059104133236],[4.36983490615348,52.0105982560964],[4.369837635271945,52.010606369558836],[4.369753978063502,52.01069823053931],[4.369734535368087,52.0107205343403],[4.369728771134681,52.01071778788745],[4.369716834636836,52.01073026894955],[4.369718270594928,52.010731180237556],[4.36964814863718,52.01080428177835],[4.369646712678188,52.010803370489526],[4.369634776134586,52.010815851542986],[4.369639104415479,52.0108176867115],[4.369619824840206,52.01083280090569],[4.369602124039647,52.01084253549733],[4.36952263094746,52.01094342106438],[4.369462600884795,52.011021104125916],[4.369425008011596,52.011072913804455],[4.369360445212764,52.0111577486182],[4.369303449793396,52.01123006459291],[4.369263025449,52.01127825423466],[4.369183796180987,52.01136745648518],[4.369095644567069,52.01146467138055],[4.369034564992004,52.01152436765303],[4.36897071539943,52.011577747808055],[4.368914331362737,52.01162310264264],[4.36884621441387,52.01167195143918],[4.368767841311561,52.0117234080805],[4.368358782316173,52.011967957443225],[4.365368718894954,52.01373439452696],[4.364994393639596,52.013987323740956],[4.362582054888878,52.01576949315943],[4.361121480163068,52.01682463414721],[4.359203699892554,52.01818318069822],[4.358954825793215,52.018362579819396],[4.358821730854608,52.01844860804929],[4.357735783952558,52.01840945323063],[4.357617860905664,52.0184057252712],[4.357020921636683,52.01838881735518],[4.356603083031348,52.01837617118838],[4.356588516997441,52.0183760436626],[4.356568145220059,52.018374966429064],[4.356281339109704,52.018366162893685],[4.356260946668487,52.01836598430136],[4.356237661698165,52.01836488149717],[4.356074604899437,52.018359857821984],[4.355942136790407,52.0183551018989],[4.355827147937747,52.01835049897315],[4.355748636220834,52.0183435189346]]]]}},{"type":"Feature","properties":{"gezicht_uri":"https://linkeddata.cultureelerfgoed.nl/cho-kennis/id/gezicht/10134569","gezichtsnummer":"249","naam":"Delft - Nieuwe Plantage"},"geometry":{"type":"MultiPolygon","coordinates":[[[[4.349725409592869,52.01949418313598],[4.3497510671401,52.01945575758819],[4.349895689204759,52.01925029056125],[4.35001176042979,52.01908232460022],[4.350085589444759,52.01897690769578],[4.350411094624041,52.01850966283363],[4.350820780956742,52.0179298998593],[4.350883680913197,52.01779292557252],[4.35078941397404,52.017585354121856],[4.350732583698912,52.01745990995507],[4.350685617114562,52.01734893463035],[4.350642563115727,52.01725776901461],[4.350601111374836,52.01716032535662],[4.350599654813199,52.01716031252996],[4.350598281407258,52.01715670493045],[4.350611432038289,52.01715502298354],[4.350476215485991,52.01682843895968],[4.350722115573006,52.01652678420328],[4.35072790016549,52.016528632890214],[4.350800207611945,52.01655174145268],[4.350814689894432,52.016555464466535],[4.350815084794407,52.01653838929312],[4.350815147147004,52.01653569321311],[4.350840012269678,52.016531417751],[4.350841406459959,52.016534126654655],[4.350853100357844,52.01653243185641],[4.350856034223868,52.01653155881],[4.350865668867012,52.01655591329409],[4.351007034658547,52.01649064094035],[4.351017355119407,52.01648533853059],[4.350961095935129,52.01665023652653],[4.350922498386421,52.01668135741144],[4.350885878648428,52.016752945129376],[4.350878180244615,52.016770854880114],[4.350867861420332,52.016839078632515],[4.350868985438796,52.016853470548746],[4.350874854940282,52.01691464580988],[4.350882721373725,52.01695246786765],[4.350885385087205,52.016963277833476],[4.350895541164887,52.0170280863351],[4.350927213148201,52.01710746626909],[4.3509285657969,52.01711197255812],[4.350931354223985,52.01711739036304],[4.350974346334034,52.01721125195606],[4.350982711652214,52.01722750536711],[4.350985500092948,52.01723292317065],[4.351040020282417,52.01733227947308],[4.351115287999718,52.01747945880002],[4.351132018843284,52.0175119656007],[4.351152599982942,52.01756697819056],[4.35119503199576,52.017685104417254],[4.351204687844094,52.017708560177326],[4.351281685683829,52.01790699054649],[4.351312587951709,52.01795670067419],[4.35133537399087,52.01797937309025],[4.351362716787802,52.017993995714406],[4.35149739025782,52.0180293379908],[4.351520550304804,52.0180358338918],[4.35153794630773,52.01803958244791],[4.351565496908367,52.018045218092126],[4.351584349509629,52.01804897945623],[4.35161194166022,52.01805281770295],[4.351651165776558,52.018057657147025],[4.351683169247749,52.01805973643157],[4.351707910532408,52.01806085294911],[4.351732672585054,52.01806107076812],[4.35174871585625,52.018060313013706],[4.351773519440654,52.01805873343743],[4.351798323023345,52.01805715385592],[4.35181147387479,52.018055471775696],[4.351833385036795,52.01805296786988],[4.351859728261998,52.018047806313405],[4.35187876776341,52.01804347939002],[4.351905131741113,52.01803741912997],[4.351935969296178,52.01802690382773],[4.352143403625742,52.017939739236944],[4.352188993747548,52.01792126370225],[4.353003965174048,52.017517640244684],[4.353053986452974,52.017496506681326],[4.353112767860367,52.017474551176655],[4.353325660739957,52.01752945486875],[4.353351692478529,52.01753777338341],[4.353413827617066,52.017559892101914],[4.353514937959086,52.01759763393618],[4.353558282860691,52.017613295442146],[4.35400278529972,52.01779607402712],[4.354022990984206,52.0178043412551],[4.35443873824532,52.0179706860172],[4.354821545945147,52.018112470766496],[4.354848993487662,52.01812259911351],[4.354935664571332,52.018154819823806],[4.355009350616489,52.01818153335699],[4.355109131308046,52.0182138688889],[4.35518292104238,52.01823608884317],[4.355261018559132,52.01826104314104],[4.355340738319041,52.018278820602234],[4.355403020324667,52.01829464741454],[4.355433464082726,52.01830120638361],[4.355511830837476,52.01831447749139],[4.355590239018004,52.01832595115869],[4.355670124528739,52.01833653884368],[4.355748636220834,52.0183435189346],[4.355827147937747,52.01835049897315],[4.355942136790407,52.0183551018989],[4.356074604899437,52.018359857821984],[4.356237661698165,52.01836488149717],[4.356260946668487,52.01836598430136],[4.356281339109704,52.018366162893685],[4.356568145220059,52.018374966429064],[4.356588516997441,52.0183760436626],[4.356603083031348,52.01837617118838],[4.357020921636683,52.01838881735518],[4.357617860905664,52.0184057252712],[4.357735783952558,52.01840945323063],[4.358818817641464,52.018448582599135],[4.358821730854608,52.01844860804929],[4.358809913001998,52.01845569580767],[4.358648481821571,52.01857024029344],[4.357822274130574,52.019147287226176],[4.357570682372663,52.019317670945334],[4.357567727803056,52.01931944285316],[4.357564773233216,52.0193212147609],[4.357561818663142,52.01932298666852],[4.357560320727423,52.019324771316825],[4.357557366156938,52.0193265432244],[4.357554432236935,52.01932741643731],[4.357551477666044,52.019329188344706],[4.357548523094919,52.01933096025203],[4.357545568523559,52.01933273215928],[4.357544070586864,52.019334516807334],[4.357541116015094,52.01933628871447],[4.357538161443091,52.019338060621514],[4.357535227521962,52.01933893383399],[4.357532272949553,52.01934070574089],[4.357529318376908,52.01934247764773],[4.35752636380403,52.01934424955445],[4.357524865866184,52.019346034202314],[4.357521931944275,52.01934690741446],[4.357518977370812,52.019348679321],[4.357516022797118,52.019350451227496],[4.357513068223188,52.0193522231339],[4.357510113649026,52.01935399504022],[4.357507159074627,52.01935576694648],[4.357504225151738,52.01935664015817],[4.357502727212597,52.01935842480577],[4.357499772637614,52.019360196711816],[4.3574968180624,52.01936196861782],[4.357493863486952,52.01936374052374],[4.357490929563283,52.01936461373506],[4.357487974987426,52.019366385640865],[4.357485020411337,52.01936815754656],[4.357482065835016,52.01936992945215],[4.357479131910712,52.01937080266321],[4.357476177333982,52.01937257456866],[4.35747322275702,52.01937434647408],[4.357471724816047,52.01937613112125],[4.357468770238673,52.01937790302654],[4.357465836313589,52.01937877623724],[4.35746288173581,52.0193805481424],[4.357459927157794,52.01938232004742],[4.357456972579545,52.01938409195243],[4.357454038653827,52.01938496516285],[4.357451084075173,52.019386737067684],[4.357448129496283,52.01938850897242],[4.357445174917161,52.019390280877104],[4.357442240990808,52.01939115408725],[4.35743928641128,52.019392925991795],[4.357436331831515,52.019394697896246],[4.357433377251517,52.01939646980061],[4.357430443324533,52.01939734301042],[4.357428945381084,52.01939912765706],[4.357425990800503,52.01940089956121],[4.357423056873084,52.01940177277087],[4.357420102292099,52.01940354467494],[4.357417147710874,52.019405316578904],[4.35741419312942,52.019407088482815],[4.357411259201367,52.01940796169212],[4.357408304619505,52.01940973359588],[4.357405350037408,52.01941150549956],[4.357402416108894,52.019412378708665],[4.357399461526392,52.01941415061221],[4.357396506943654,52.01941592251565],[4.357393573014679,52.01941679572453],[4.357390618431537,52.01941856762782],[4.357387663848158,52.01942033953106],[4.357384709264546,52.01942211143418],[4.357381775334938,52.019422984642794],[4.357378820750919,52.01942475654582],[4.357375866166668,52.01942652844875],[4.3573729322366,52.019427401657126],[4.35736997765194,52.01942917355989],[4.357367023067048,52.01943094546259],[4.357364089136518,52.01943181867074],[4.357361134551219,52.01943359057327],[4.357358179965685,52.01943536247575],[4.357355246034696,52.0194362356837],[4.357352291448755,52.01943800758603],[4.357349336862582,52.019439779488266],[4.357346402931131,52.01944065269596],[4.35734344834455,52.01944242459806],[4.357340514412811,52.019443297805644],[4.357337559825822,52.0194450697076],[4.357334605238601,52.01944684160945],[4.357331671306403,52.019447714816835],[4.357328716718775,52.01944948671854],[4.357325762130912,52.01945125862018],[4.357322828198253,52.01945213182733],[4.357318416971286,52.01945389098509],[4.357315462382728,52.01945566288647],[4.35731252844958,52.019456536093315],[4.357309573860614,52.01945830799456],[4.357306639927178,52.01945918120129],[4.357303685337805,52.019460953102374],[4.357300730748198,52.01946272500339],[4.357297796814303,52.019463598209896],[4.357294842224289,52.01946537011073],[4.357291908290106,52.0194662433171],[4.357288953699686,52.01946801521784],[4.357285999109028,52.019469787118474],[4.357283065174386,52.019470660324565],[4.357280110583323,52.019472432225065],[4.357277176648394,52.019473305431056],[4.357274222056924,52.019475077331386],[4.357269831482312,52.01947593779292],[4.357266876890378,52.019477709693035],[4.357263922298214,52.01947948159313],[4.357260988362507,52.019480354798716],[4.357258033769932,52.01948212669864],[4.35725509983394,52.01948299990403],[4.357252145240961,52.019484771803825],[4.357249211304679,52.01948564500911],[4.357246256711293,52.0194874169087],[4.357243322774726,52.01948829011386],[4.35724036818093,52.01949006201332],[4.357235956947005,52.019491821167975],[4.357233023009948,52.01949269437287],[4.357230068415456,52.019494466272064],[4.357227134478114,52.01949533947682],[4.357224179883215,52.01949711137585],[4.357221245945584,52.019497984580454],[4.35721829135028,52.01949975647936],[4.357215357412362,52.019500629683805],[4.357210946176416,52.019502388837516],[4.357208012238184,52.01950326204176],[4.357205057642008,52.01950503394033],[4.357202123703488,52.01950590714445],[4.357199169106906,52.01950767904286],[4.357196235168099,52.01950855224684],[4.357193280571109,52.01951032414508],[4.357190346632014,52.019511197348926],[4.35718593539405,52.019512956501686],[4.357183001454642,52.01951382970529],[4.35718004685678,52.01951560160323],[4.357177112917085,52.01951647480671],[4.357174158318816,52.01951824670446],[4.357169767738071,52.01951910716224],[4.357166813139342,52.01952087905987],[4.357163879199044,52.019521752262996],[4.357159467959004,52.019523511414775],[4.357156534018391,52.01952438461771],[4.35715357941879,52.019526156514985],[4.35715064547789,52.01952702971778],[4.357146234236814,52.019528788869046],[4.357143300295599,52.01952966207166],[4.357140345695129,52.01953143396861],[4.357135955112447,52.0195322944251],[4.357133000511512,52.01953406632188],[4.357130066569696,52.01953493952416],[4.357125655327037,52.01953669867465],[4.357122721384906,52.019537571876754],[4.357119766783098,52.01953934377316],[4.357115376199253,52.01954020422889],[4.357112442256693,52.01954107743073],[4.357109487654251,52.01954284932688],[4.357105097069868,52.019543709782226],[4.357102142466959,52.01954548167818],[4.3570992085238,52.0195463548797],[4.357094797278808,52.01954811402901],[4.357091863335332,52.019548987230344],[4.357088908731558,52.019550759126],[4.357084518146004,52.01955161958054],[4.357081584202099,52.01955249278163],[4.357078629597685,52.01955426467699],[4.357074239011597,52.01955512513116],[4.357071284406719,52.01955689702635],[4.357066893820233,52.019557757480236],[4.357063959875584,52.019558630680876],[4.357061005270071,52.0195604025758],[4.357056614683044,52.01956126302931],[4.357053660077067,52.01956303492407],[4.357050726131817,52.0195639081244],[4.357046335544253,52.01956476857751],[4.35704338093764,52.019566540472],[4.357038990349678,52.019567400924814],[4.357036035742599,52.019569172819146],[4.357033101796607,52.01957004601895],[4.357028711208105,52.019570906471465],[4.35702575660039,52.01957267836548],[4.357022822653969,52.01957355156506],[4.357018411403314,52.01957531071151],[4.35701547745658,52.01957618391092],[4.357011086867142,52.01957704436273],[4.357008132258328,52.01957881625633],[4.357005198311162,52.01957968945549],[4.357000807721186,52.01958054990688],[4.356997853111735,52.01958232180025],[4.356993462521361,52.01958318225139],[4.356990528573626,52.01958405545015],[4.356987573963538,52.01958582734321],[4.356983183372627,52.019586687793996],[4.356980249424463,52.01958756099253],[4.356975838170765,52.01958932013734],[4.356972904222288,52.019590193335695],[4.356969970273696,52.01959106653397],[4.356965559019249,52.0195928256784],[4.356962625070343,52.01959369887651],[4.356958234478186,52.01959455932636],[4.35695527986613,52.019596331218594],[4.356950889273576,52.019597191668154],[4.356947955324101,52.01959806486583],[4.356945000711407,52.01959983675785],[4.356940610118315,52.01960069720698],[4.35693767616841,52.019601570404454],[4.356933285575007,52.01960243085339],[4.356930330961447,52.01960420274496],[4.35692594036765,52.01960506319358],[4.356923006417174,52.0196059363907],[4.356920051802978,52.01960770828204],[4.35691566120864,52.01960856873029],[4.356912727257736,52.0196094419271],[4.35690833666309,52.01961030237509],[4.356905382048028,52.01961207426605],[4.356900991452982,52.01961293471372],[4.35689805750151,52.0196138079102],[4.356895123549923,52.019614681106596],[4.356890712290228,52.01961644024824],[4.356887778338325,52.01961731344444],[4.356883387742433,52.019618173891466],[4.356880453790275,52.01961904708751],[4.356876042529578,52.01962080622856],[4.356873108577107,52.019621679424404],[4.356868717980507,52.019622539870866],[4.35686578402778,52.01962341306654],[4.356861393430874,52.01962427351275],[4.356858438813037,52.019626045402504],[4.356854048215731,52.01962690584846],[4.356851114262436,52.01962777904372],[4.356848180309025,52.019628652238985],[4.356843769046119,52.01963041137881],[4.356840835092393,52.01963128457385],[4.35683644449424,52.01963214501911],[4.356833510540261,52.019633018213966],[4.356829119941799,52.01963387865895],[4.356826165322056,52.01963565054793],[4.356821774723198,52.01963651099267],[4.356818840768648,52.019637384187135],[4.356814450169481,52.019638244631565],[4.356811516214674,52.01963911782588],[4.356807125615198,52.01963997827003],[4.356804170994185,52.019641750158456],[4.356799780394311,52.01964261060235],[4.356796846438937,52.01964348379629],[4.356792455838755,52.0196443442399],[4.356789521883122,52.01964521743366],[4.35678513128263,52.019646077877],[4.356782197326746,52.01964695107056],[4.356777786059459,52.01964871020793],[4.356774852103259,52.01964958340132],[4.35677046150206,52.019650443844114],[4.356767527545605,52.01965131703729],[4.356763136944099,52.019652177479834],[4.356760202987388,52.01965305067282],[4.356755812385573,52.01965391111506],[4.356752857761617,52.0196556830022],[4.35675140111657,52.01965567025143],[4.356748467159403,52.019656543444185],[4.356744076557023,52.01965740388596],[4.356739665287218,52.0196591630219],[4.356735274684414,52.01966002346338],[4.356730884081442,52.019660883904635],[4.356726472810779,52.0196626430401],[4.356722082207384,52.01966350348108],[4.356719148249136,52.01966437667308],[4.356714757645431,52.019665237113784],[4.35671034637371,52.019666996248574],[4.356705955769581,52.019667856688955],[4.356701565165285,52.01966871712919],[4.356697153892706,52.01967047626351],[4.356692763287986,52.019671336703375],[4.356689829328658,52.01967220989464],[4.356685418055277,52.019673969028496],[4.356681027449992,52.01967482946796],[4.356676636844539,52.01967568990722],[4.356672246238918,52.019676550346354],[4.356667834964422,52.01967830947954],[4.35666344435838,52.01967916991834],[4.356659053752166,52.01968003035696],[4.356656119791617,52.01968090354733],[4.356651708516063,52.01968266267996],[4.356647317909285,52.01968352311816],[4.356642927302342,52.01968438355618],[4.35663853669523,52.019685243994],[4.35663412541856,52.01968700312596],[4.356629734811025,52.01968786356348],[4.356625344203322,52.01968872400084],[4.356620953595452,52.019689584438034],[4.356616562987411,52.01969044487508],[4.356613608355554,52.01969221675867],[4.35660921774712,52.01969307719542],[4.356604827138515,52.019693937632],[4.356600436529744,52.01969479806839],[4.356596025250644,52.019696557198905],[4.35659163464145,52.01969741763502],[4.356587244032087,52.019698278070955],[4.356582853422559,52.019699138506724],[4.356578462812862,52.019699998942336],[4.356574072202993,52.01970085937777],[4.356571117568774,52.01970263126028],[4.356566726958512,52.01970349169543],[4.35656233634808,52.019704352130404],[4.356557945737481,52.01970521256527],[4.356553555126717,52.01970607299994],[4.356549143844678,52.01970783212868],[4.356544753233487,52.01970869256301],[4.35654036262213,52.019709552997206],[4.356535972010605,52.0197104134312],[4.356531581398912,52.01971127386505],[4.356527190787054,52.01971213429874],[4.356522800175025,52.01971299473226],[4.356518388891103,52.01971475385981],[4.356515454925558,52.01971562704672],[4.356511064312966,52.01971648747981],[4.356506673700204,52.01971734791274],[4.356502283087277,52.01971820834546],[4.356497892474183,52.01971906877802],[4.356493501860918,52.01971992921043],[4.356489111247488,52.01972078964271],[4.356484699961481,52.01972254876904],[4.356480309347627,52.01972340920093],[4.356475918733605,52.01972426963272],[4.356471528119416,52.0197251300643],[4.356467137505057,52.01972599049574],[4.356462746890534,52.019726850927],[4.356458356275841,52.01972771135811],[4.356453965660982,52.01972857178905],[4.356449575045953,52.01972943221983],[4.356445184430757,52.01973029265044],[4.356442229789512,52.0197320645297],[4.35643783917392,52.01973292496003],[4.35643344855816,52.019733785390244],[4.356429057942233,52.019734645820215],[4.356424667326138,52.01973550625008],[4.356420276709874,52.01973636667975],[4.356415886093443,52.019737227109275],[4.356411495476845,52.019738087538606],[4.356407104860078,52.0197389479678],[4.356402714243144,52.01973980839682],[4.356398323626043,52.019740668825705],[4.356393933008775,52.01974152925436],[4.356389542391338,52.01974238968292],[4.356385151773734,52.0197432501113],[4.356380761155964,52.01974411053949],[4.356376370538023,52.01974497096754],[4.356371979919916,52.01974583139537],[4.356367589301643,52.01974669182311],[4.3563631986832,52.019747552250635],[4.35635880806459,52.01974841267804],[4.356354417445813,52.019749273105255],[4.356350026826868,52.01975013353229],[4.356345636207756,52.019750993959185],[4.356341245588475,52.01975185438589],[4.356336854969028,52.01975271481246],[4.356332464349413,52.019753575238845],[4.356328073729629,52.0197544356651],[4.356323683109679,52.01975529609115],[4.35631929248956,52.01975615651704],[4.356314901869274,52.01975701694279],[4.356310511248822,52.01975787736834],[4.356311926545235,52.0197596875129],[4.356307535924462,52.01976054793836],[4.356303145303524,52.019761408363685],[4.35630021133076,52.019762281545155],[4.356295820709511,52.01976314197017],[4.356291430088096,52.01976400239503],[4.356287060142909,52.019763964125545],[4.356282669521248,52.01976482455009],[4.356278278899418,52.019765684974445],[4.356275344925893,52.01976655815533],[4.356270954303754,52.01976741857941],[4.356266563681447,52.01976827900335],[4.356262173058974,52.01976913942711],[4.356257782436332,52.019769999850716],[4.356254869139176,52.019769974336874],[4.356250478516314,52.01977083476025],[4.356246087893284,52.0197716951834],[4.356241697270086,52.01977255560639],[4.356237306646721,52.01977341602921],[4.356232916023188,52.019774276451905],[4.356228525399488,52.01977513687438],[4.356225612102022,52.01977511135987],[4.3562212214781,52.019775971782096],[4.356216830854011,52.019776832204165],[4.356212440229755,52.01977769262608],[4.356208049605333,52.019778553047786],[4.356203658980743,52.019779413469365],[4.356200745683015,52.01977938795426],[4.356196355058202,52.01978024837554],[4.356191964433225,52.01978110879669],[4.356187573808078,52.01978196921764],[4.356183183182764,52.01978282963846],[4.356178813235863,52.01978279136499],[4.356175879259294,52.01978366454335],[4.356171488633592,52.01978452496375],[4.356167098007724,52.019785385383926],[4.356162707381685,52.01978624580396],[4.356158337434474,52.019786207529684],[4.356153946808191,52.019787067949416],[4.35614955618174,52.01978792836899],[4.356146622204268,52.01978880154659],[4.356142252256827,52.01978876327176],[4.356137861629989,52.01978962369086],[4.356133471002982,52.01979048410982],[4.356129080375807,52.01979134452861],[4.356124710428135,52.01979130625312],[4.356120319800715,52.01979216667157],[4.356115929173126,52.019793027089854],[4.35611299519467,52.01979390026668],[4.356108625246769,52.01979386199057],[4.356104234618792,52.019794722408434],[4.356099843990648,52.0197955828261],[4.356095453362336,52.01979644324362],[4.356091083414205,52.01979640496689],[4.356086692785646,52.01979726538409],[4.356083758806349,52.01979813856015],[4.356079388858067,52.01979810028297],[4.356074998229121,52.0197989606997],[4.356070607600006,52.019799821116294],[4.356066237651574,52.019799782838646],[4.356061847022213,52.019800643254925],[4.356057456392684,52.01980150367102],[4.356053065762991,52.01980236408695],[4.356050152463881,52.019802338568056],[4.356045761833966,52.01980319898375],[4.356041371203881,52.01980405939926],[4.356037001255069,52.019804021120486],[4.356032610624737,52.019804881535684],[4.35602821999424,52.0198057419507],[4.356023850045277,52.019805703671416],[4.356019459414533,52.0198065640861],[4.356015068783622,52.01980742450061],[4.356012155484211,52.01980739898079],[4.356007764853078,52.019808259395056],[4.356003394903893,52.01980822111507],[4.355999004272514,52.019809081529],[4.355994613640966,52.019809941942746],[4.355990243691633,52.01980990366221],[4.35598585305984,52.01981076407566],[4.355981462427879,52.01981162448891],[4.355977092478394,52.019811586207915],[4.355974158496039,52.01981245938128],[4.355969788546483,52.019812421099985],[4.355965397914056,52.019813281512654],[4.35596100728146,52.01981414192514],[4.355956637331753,52.01981410364342],[4.35595224669891,52.01981496405559],[4.355947876749133,52.01981492577348],[4.355943486116045,52.019815786185355],[4.355939095482788,52.01981664659705],[4.355934725532861,52.019816608314486],[4.355931791549358,52.01981748148674],[4.355927421599359,52.019817443203905],[4.355923030965636,52.01981830361498],[4.355918640331745,52.0198191640259],[4.355914270381596,52.01981912574255],[4.355909879747458,52.01981998615315],[4.355905509797236,52.019819947869514],[4.355901119162855,52.01982080827976],[4.355896749212564,52.0198207699958],[4.355892358577933,52.01982163040573],[4.355889445277692,52.01982160488287],[4.355889383224463,52.01982430096508],[4.355886469924051,52.019824275442126],[4.355883535939114,52.01982514861319],[4.355880622638649,52.019825123090136],[4.35587770933819,52.019825097567],[4.355874775353029,52.019825970737855],[4.355871862052519,52.01982594521455],[4.355868948752011,52.019825919691215],[4.355866014766628,52.01982679286183],[4.35586310146607,52.01982676733834],[4.355860188165517,52.01982674181476],[4.35585725417991,52.01982761498518],[4.355854340879307,52.01982758946145],[4.355851427578705,52.01982756393767],[4.355848493592875,52.01982843710787],[4.355845580292223,52.019828411583916],[4.355842666991575,52.01982838605993],[4.355839733005522,52.01982925922989],[4.355836819704825,52.01982923370579],[4.355835363054477,52.019829220943656],[4.355832449753783,52.01982919541939],[4.355829515767481,52.0198300685891],[4.355826602466737,52.019830043064694],[4.355823689165997,52.019830017540244],[4.35582075517947,52.019830890709734],[4.355817841878682,52.01983086518508],[4.355814928577893,52.01983083966043],[4.35581201527711,52.01983081413567],[4.355809081290308,52.01983168730485],[4.355806167989472,52.01983166177993],[4.355803254688644,52.01983163625498],[4.355800341387817,52.01983161072993],[4.355797407400738,52.019832483898824],[4.35579449409986,52.01983245837362],[4.355791580798987,52.01983243284833],[4.355788667498118,52.01983240732304],[4.355785733510757,52.019833280491625],[4.355782820209837,52.01983325496616],[4.355779906908922,52.01983322944058],[4.355776993608012,52.01983320391497],[4.355774059620372,52.019834077083274],[4.35577114631941,52.019834051557496],[4.355768233018449,52.019834026031646],[4.355765319717496,52.01983400050573],[4.355762406416543,52.01983397497976],[4.355759472428573,52.01983484814772],[4.355756559127571,52.01983482262158],[4.355753645826574,52.01983479709537],[4.35575073252558,52.0198347715691],[4.355747819224589,52.01983474604271],[4.355744885236287,52.01983561921034],[4.355741971935244,52.01983559368384],[4.355739058634206,52.01983556815724],[4.355736145333173,52.01983554263061],[4.355733232032142,52.01983551710392],[4.355730318731116,52.01983549157714],[4.355728841392969,52.01983637750771],[4.355725928091887,52.019836351980835],[4.355723014790814,52.01983632645386],[4.355720101489743,52.0198363009268],[4.355717188188676,52.01983627539972],[4.35571427488761,52.019836249872505],[4.355711361586553,52.019836224345255],[4.355708427597449,52.019837097511974],[4.355705514296338,52.01983707198457],[4.355702600995231,52.019837046457056],[4.355699687694128,52.01983702092955],[4.355696774393029,52.019836995401924],[4.355693861091933,52.01983696987423],[4.355690947790843,52.01983694434645],[4.355688034489755,52.019836918818655],[4.355685121188672,52.019836893290766],[4.355682187199018,52.019837766456774],[4.355679273897883,52.01983774092872],[4.355676360596752,52.0198377154006],[4.355673447295625,52.0198376898724],[4.355670533994501,52.01983766434411],[4.355667620693382,52.01983763881579],[4.355664707392266,52.01983761328739],[4.355661794091158,52.019837587758914],[4.355658880790049,52.019837562230336],[4.355655967488946,52.01983753670171],[4.355653054187845,52.01983751117302],[4.355650140886748,52.01983748564425],[4.355647227585656,52.0198374601154],[4.355644314284568,52.01983743458648],[4.355641380294089,52.019838307751506],[4.35563846699295,52.01983828222243],[4.355635553691814,52.01983825669332],[4.355632640390682,52.0198382311641],[4.355629727089555,52.01983820563482],[4.355626813788431,52.01983818010548],[4.355623900487312,52.01983815457604],[4.355620987186193,52.01983812904657],[4.355618073885083,52.01983810351701],[4.355615160583973,52.01983807798738],[4.355612247282868,52.019838052457665],[4.355609333981766,52.0198380269279],[4.355606420680669,52.01983800139801],[4.355603507379577,52.01983797586809],[4.355165117705447,52.01983143671066],[4.354709393329814,52.01981845175308],[4.354325086463753,52.01980429392508],[4.354221726542446,52.019800690361954],[4.354106672008815,52.01979878182802],[4.354046949412303,52.019798257689374],[4.354043994672136,52.01980002950812],[4.354039666168936,52.01979819376794],[4.3534630407009,52.019784142825216],[4.353203861063404,52.01977737219189],[4.353021904561896,52.01977038055687],[4.352665274969152,52.01975646045025],[4.352359524447949,52.01974748092003],[4.351802462604352,52.01976954884454],[4.351663873461277,52.01977731855311],[4.351522287888738,52.01978865723967],[4.351307558215526,52.01981283526667],[4.351076638928498,52.019844061415014],[4.351073704849371,52.01984493446591],[4.351070791551202,52.0198449088238],[4.351066400822798,52.01984576905344],[4.351063487524579,52.01984574341118],[4.351060553445088,52.01984661646175],[4.351057640146821,52.0198465908193],[4.351053249418,52.019847451048456],[4.351050336119684,52.019847425405835],[4.351047402039828,52.01984829845613],[4.351044467959859,52.01984917150627],[4.351040098012227,52.01984913304203],[4.351037163932061,52.01985000609204],[4.35103425063359,52.01984998044903],[4.351029859903996,52.019850840677314],[4.351026946605474,52.01985081503408],[4.351024012524946,52.01985168808379],[4.351021099226375,52.019851662440445],[4.351016708496366,52.01985252266824],[4.351013774415527,52.019853395717675],[4.351010861116853,52.01985337007407],[4.351007927035846,52.01985424312334],[4.351003557087758,52.01985420465769],[4.351000623006555,52.0198550777068],[4.350997709707783,52.01985505206285],[4.350994775626409,52.01985592511179],[4.350990384895484,52.01985678533862],[4.350987471596605,52.019856759694434],[4.350984537514924,52.01985763274312],[4.350981624215995,52.019857607098814],[4.350977233484657,52.01985846732514],[4.350974299402664,52.01985934037354],[4.350971386103633,52.019859314729],[4.350968452021474,52.019860187777255],[4.35096406128963,52.019861048003094],[4.350961147990496,52.01986102235827],[4.350958213908024,52.01986189540627],[4.350955300608841,52.019861869761314],[4.350950909876582,52.01986272998662],[4.350947975793804,52.019863603034416],[4.350945062494515,52.01986357738921],[4.350942128411567,52.019864450436835],[4.350939194328504,52.01986532348438],[4.350934824379415,52.019865285016195],[4.350931890296156,52.01986615806357],[4.350928956212782,52.01986703111085],[4.350926042913287,52.019867005465166],[4.350921652179972,52.0198678656894],[4.35091871809629,52.01986873873642],[4.350915804796689,52.01986871309046],[4.350912870712838,52.019869586137375],[4.35090847997902,52.019870446361104],[4.350905566679316,52.01987042071492],[4.350902632595155,52.01987129376156],[4.350899698510883,52.01987216680811],[4.350896785211074,52.01987214116166],[4.350892394476701,52.01987300138485],[4.350889460392117,52.01987387443114],[4.350886526307417,52.01987474747734],[4.350883613007452,52.01987472183063],[4.350879222272574,52.019875582053274],[4.350876288187568,52.01987645509926],[4.350873374887495,52.01987642945223],[4.350870440802321,52.019877302498095],[4.350867506717031,52.01987817554382],[4.350863115981511,52.019879035765854],[4.350860202681283,52.01987901011856],[4.350857268595682,52.01987988316406],[4.350854334509966,52.01988075620947],[4.350851400424141,52.019881629254826],[4.350847030473559,52.01988159078336],[4.350844096387536,52.01988246382854],[4.350841162301399,52.01988333687361],[4.350838228215145,52.019884209918644],[4.350835314914599,52.019884184270715],[4.350830924177881,52.01988504449157],[4.35082799009132,52.019885917536314],[4.350825056004646,52.01988679058101],[4.350822142703939,52.01988676493276],[4.350819208617096,52.01988763797732],[4.350814817879733,52.01988849819754],[4.350811883792632,52.01988937124191],[4.350808949705421,52.01989024428618],[4.350806036404503,52.01989021863753],[4.350803102317123,52.019891091681664],[4.350798711579115,52.01989195190128],[4.350795777491479,52.01989282494528],[4.350792843403728,52.01989369798916],[4.350789930102599,52.01989367234006],[4.35078699601468,52.019894545383806],[4.350784061926649,52.01989541842747],[4.350779671187854,52.01989627864641],[4.350776737099567,52.01989715168988],[4.350773803011164,52.01989802473328],[4.350770889709767,52.01989799908376],[4.350767955621196,52.01989887212702],[4.350765021532513,52.019899745170186],[4.350760630792934,52.01990060538842],[4.350757696703996,52.01990147843142],[4.350754762614941,52.01990235147436],[4.350751828525774,52.019903224517186],[4.350748915224055,52.019903198867134],[4.350745981134718,52.019904071909814],[4.350741590394355,52.01990493212731],[4.350738656304764,52.01990580516988],[4.35073572221506,52.0199066782123],[4.350732788125239,52.01990755125471],[4.350729854035306,52.01990842429701],[4.350726919945258,52.01990929733923],[4.350722549992117,52.01990925886315],[4.350719615901876,52.0199101319052],[4.350716681811517,52.0199110049472],[4.350713747721048,52.019911877989095],[4.350710813630464,52.01991275103091],[4.350707879539764,52.01991362407268],[4.35070494544895,52.01991449711435],[4.350700554706787,52.01991535733032],[4.35069762061572,52.01991623037181],[4.350694686524538,52.01991710341325],[4.35069177322196,52.01991707776173],[4.350688839130608,52.01991795080303],[4.350685905039144,52.01991882384421],[4.350682970947565,52.01991969688536],[4.350678580204477,52.01992055710051],[4.350675646112642,52.01992143014143],[4.350672712020695,52.01992230318233],[4.350669777928634,52.01992317622312],[4.350666843836459,52.019924049263864],[4.350663909744168,52.01992492230451],[4.350660975651765,52.01992579534506],[4.350658041559248,52.0199266683856],[4.350653650815001,52.0199275285998],[4.350650716722231,52.019928401640136],[4.350647782629343,52.01992927468039],[4.350644848536342,52.01993014772056],[4.350641914443229,52.019931020760644],[4.35063898035,52.019931893800695],[4.350636046256658,52.01993276684066],[4.350633112163201,52.01993363988051],[4.350630178069632,52.019934512920344],[4.350625787324087,52.0199353731335],[4.350622853230264,52.0199362461731],[4.350619919136324,52.01993711921269],[4.350616985042271,52.01993799225214],[4.350614050948102,52.01993886529154],[4.350477417909453,52.01998799912421],[4.350359845860406,52.02003190743058],[4.350320121049927,52.02004863617939],[4.349725409592869,52.01949418313598]]]]}},{"type":"Feature","properties":{"gezicht_uri":"https://linkeddata.cultureelerfgoed.nl/cho-kennis/id/gezicht/10134574","gezichtsnummer":"298","naam":"Leiden - Zuidelijke Schil"},"geometry":{"type":"MultiPolygon","coordinates":[[[[4.478047145121646,52.160365179157075],[4.478047163430699,52.16036428045704],[4.478487569094096,52.15955062667422],[4.478598185118879,52.15957305078796],[4.47861729370813,52.15949589760083],[4.478626994352789,52.159450131403126],[4.478697125555549,52.1591639411042],[4.4787564578348,52.15897743898712],[4.478778213947807,52.158913788773944],[4.478814671561398,52.15891766484696],[4.47924476583689,52.15896861412122],[4.479305991373973,52.15897627601211],[4.479313297542002,52.158976332234616],[4.479324166067933,52.15894495642662],[4.47934312552721,52.15894690000229],[4.479358633665886,52.1589029761154],[4.479372717107095,52.158857243581245],[4.479388261747393,52.15881152228851],[4.479403769793805,52.15876759839443],[4.479444101538409,52.158652857038106],[4.479462787831497,52.158596373811825],[4.479482953575388,52.15853900312358],[4.479504635320545,52.15847894757138],[4.479524837513188,52.1584197794733],[4.479545039651796,52.15836061137104],[4.479566721225304,52.15830055580518],[4.479586959807285,52.15823959029291],[4.479608677817493,52.15817773731639],[4.47963037749102,52.15811678303584],[4.479642889542618,52.15807643142601],[4.479649099870954,52.15805850237235],[4.479661593613681,52.158019049460776],[4.479677302135445,52.157965239815255],[4.47967885471061,52.157960757551336],[4.479697540411561,52.15790427427984],[4.479714728319749,52.15784957716688],[4.479731916185403,52.157794880050865],[4.479752209128189,52.15773121840148],[4.479769396901453,52.15767652127864],[4.479785105170189,52.15762271161506],[4.479800648950443,52.15757699025639],[4.479814731512113,52.157531257657126],[4.479831937401835,52.1574756618221],[4.479847462810765,52.157430839156774],[4.479862988188241,52.157386016488985],[4.479878531804819,52.1573402951178],[4.4798941119297,52.15729277634237],[4.479911153198223,52.157245268801354],[4.479926733254596,52.157197750020686],[4.479942313277485,52.157150231237466],[4.479959354439366,52.1571027236881],[4.479974879588358,52.157057901002524],[4.479991975484014,52.15700769734456],[4.48000753710213,52.156961077251935],[4.480027774463566,52.15690011164731],[4.480048011769212,52.15683914603842],[4.480066586926044,52.15678805490163],[4.480083700879462,52.15673695252663],[4.480100814793339,52.15668585014858],[4.480117928667675,52.156634747767505],[4.480117946933031,52.15663384906646],[4.480133435226792,52.156590823757824],[4.48014589159323,52.156553168185326],[4.48014590985798,52.156552269484266],[4.480158311409498,52.15651731001341],[4.480169270053438,52.15648144060621],[4.480181708094589,52.156444683730214],[4.480194127851368,52.1564088255537],[4.480206565851453,52.15637206867451],[4.480218985567707,52.15633621049484],[4.48023149657829,52.15629585880799],[4.480245450448269,52.1562564170533],[4.480257943149811,52.15621696406411],[4.480271878709321,52.156178421006814],[4.48028585076799,52.156138080545226],[4.480299914108213,52.156093246575814],[4.480313940897716,52.15605021000668],[4.480324789734468,52.156019732788764],[4.480346724748207,52.155947095233756],[4.480326305383243,52.15594514058963],[4.480231532519957,52.1559345247792],[4.480279877390169,52.15578478988785],[4.480293922361534,52.155740854617434],[4.480306469656311,52.155698705515526],[4.480318962144785,52.15565925251566],[4.480329902184185,52.15562428178878],[4.480342321589603,52.155588423590864],[4.480356457736408,52.15553999480492],[4.480370447774913,52.15549875562703],[4.480381460771581,52.15546019008912],[4.480382976668592,52.15545750521618],[4.480397021433543,52.1554135699306],[4.4804110479118,52.15537053334423],[4.48041108442936,52.15536873594163],[4.480434461831445,52.15529700829308],[4.48045794870425,52.1552198884308],[4.480473490943616,52.155174166961324],[4.480487590299966,52.155127535558286],[4.480512592865182,52.15504773080803],[4.480542252487276,52.15495447921715],[4.480542270743193,52.15495358051574],[4.480556150889265,52.15491773351929],[4.480556205656114,52.15491503741507],[4.480568606423611,52.15488007788959],[4.480596457878311,52.15480389038038],[4.48062900284076,52.154712458622356],[4.480641458255326,52.15467480298333],[4.480658479458672,52.1546281940105],[4.480660068323946,52.15462191432768],[4.480672432421082,52.15458875219204],[4.480686476622609,52.154544816864224],[4.480702109650944,52.154494601850715],[4.480719185477366,52.1544452967629],[4.480737904866631,52.15438701588334],[4.480764422396034,52.15430452618951],[4.480790921575986,52.154222935189885],[4.480801806135955,52.15419066051372],[4.480804856042316,52.15418439205405],[4.480817365908333,52.15414404028768],[4.480831336826077,52.15410369974492],[4.480845435463705,52.15405706828904],[4.480864081526549,52.154002382191294],[4.480899948942571,52.1538912013574],[4.480924858826679,52.15381589000791],[4.480952818480419,52.153734310187886],[4.48097467834043,52.15366526728969],[4.481010326256086,52.153564870835005],[4.481010362747584,52.15356307343156],[4.481024734705538,52.153502961423484],[4.481024752950964,52.15350206272174],[4.481038942418293,52.153450937728444],[4.481056145179658,52.153395341669146],[4.481068526881795,52.15336128078192],[4.481076324729935,52.1533370719459],[4.481124645657314,52.15318823533107],[4.481146559707342,52.15311649628794],[4.481174700931712,52.153025929385564],[4.481191866873446,52.15297213070538],[4.481202878523858,52.15293356507114],[4.481215716015312,52.15287703661907],[4.48124084367883,52.15279094076495],[4.48126089502818,52.15273896191612],[4.481279722420295,52.15267528871909],[4.48129382012934,52.15262865719619],[4.481307936047874,52.15258112696925],[4.481322051936041,52.152533596740135],[4.48133616779384,52.152486066508935],[4.481344020056408,52.152459161545124],[4.481345535792544,52.152456476658124],[4.481351744641499,52.15243854749427],[4.481364162324312,52.152402689165434],[4.481365860437013,52.15239101725857],[4.481375538437548,52.15234614947148],[4.481377054167911,52.15234346458402],[4.481394201361012,52.15229056456893],[4.48140194413046,52.1522690518121],[4.481412754815941,52.15224037187472],[4.481434248489538,52.15218930291046],[4.481454262867129,52.152139121426316],[4.48146812315639,52.15210417300377],[4.481467008626824,52.1520870864481],[4.48146574821179,52.1520771895086],[4.481479590237042,52.152043139786294],[4.481481197128038,52.15203596138713],[4.481498891129495,52.15195610029223],[4.48151189207034,52.15189148347848],[4.481510996346054,52.151863612497834],[4.481511142224138,52.15185642288131],[4.481502264600535,52.151789840410814],[4.48150085830628,52.151787133087815],[4.481481954321794,52.151710586373966],[4.481479305858708,52.151697083408585],[4.481474118349691,52.15166468526503],[4.481451998575703,52.151530587958995],[4.481449514254383,52.15150899667362],[4.481442993450741,52.15147029639551],[4.48143776952142,52.151439695653465],[4.48145579373469,52.15141556530586],[4.481702471605438,52.151140615647655],[4.481612602040903,52.15110487094183],[4.481745199345482,52.15097915202429],[4.481803216296087,52.15092836331727],[4.481966675092305,52.15079389259063],[4.481999967510217,52.150809428377926],[4.482286233763921,52.15059949791482],[4.482376645728624,52.150536373635575],[4.482576679845826,52.15039948608102],[4.482668442682182,52.15034176499259],[4.482798554145695,52.15026636100313],[4.48291823827855,52.15020076420322],[4.483095481392383,52.15010684549055],[4.483464447407216,52.14992541010046],[4.483645816416839,52.14984410596713],[4.48384466140801,52.149765631913866],[4.483846140528192,52.14976474439859],[4.483853499755261,52.14976210422795],[4.484115691301802,52.14965804837806],[4.48409854195175,52.149639041403994],[4.484298628033876,52.14957136219856],[4.484320069342412,52.14959489620405],[4.484414186697135,52.14956505589659],[4.484577748846277,52.149497096695015],[4.485138156870066,52.149313525444654],[4.485571996021892,52.14917482515782],[4.486074985090197,52.14901238281218],[4.486720747812219,52.14879799662355],[4.486705076709482,52.148778102472285],[4.486981520505386,52.148691227094844],[4.487034475321986,52.148673654363556],[4.487054474869543,52.148696278026165],[4.487098519304822,52.148685828008226],[4.487463032163856,52.14857895011508],[4.48865119660117,52.14820240351544],[4.488656913514376,52.14820873895565],[4.488820229143594,52.148152456982004],[4.489248364809186,52.148005610252056],[4.489647099515357,52.147867526691925],[4.489989650452511,52.14776227161823],[4.490286750410362,52.14766475955437],[4.491139915909376,52.14737911996362],[4.49120318372739,52.147357129505366],[4.4914532605402,52.147272739963284],[4.491456200281172,52.147271863444935],[4.491457697199713,52.14727007712861],[4.491460636940421,52.14726920061016],[4.491462115826718,52.14726831299849],[4.49146507359914,52.14726653777518],[4.491466552485262,52.14726565016349],[4.49146804940318,52.14726386384699],[4.491469546320976,52.14726207753051],[4.491471025206861,52.14726118991876],[4.491471061270442,52.147259392509234],[4.491472558187967,52.1472576061927],[4.491474091168826,52.147254022466605],[4.491532921994626,52.147234694665585],[4.491944754374414,52.147098500526646],[4.492012603337112,52.14713946332159],[4.492149526867367,52.14716027686059],[4.492280101086934,52.147133403464345],[4.492927393831759,52.14691270324343],[4.492907374092544,52.14689097927004],[4.492939728650176,52.146880438458375],[4.492941153488268,52.14688224694336],[4.493425225107248,52.1467133381596],[4.493798921413776,52.146584039358615],[4.493781894999431,52.146558742838735],[4.494903257863108,52.14615646015429],[4.494868952644438,52.146118449303636],[4.495470430178393,52.14592255619985],[4.49655908647994,52.14554697587571],[4.497077086614258,52.145360331561186],[4.498245206365123,52.14495477479887],[4.498218059952001,52.14492400960643],[4.498428382705612,52.144853687226174],[4.49869240205793,52.14494825691305],[4.498702026244202,52.14534561723418],[4.498708495930836,52.145534422616805],[4.498712860445418,52.14553535433289],[4.498845185239132,52.14556691156811],[4.499043013894563,52.14561064681737],[4.498284254210612,52.14658916234908],[4.498988503463039,52.146808391485145],[4.498979523848376,52.14681910996149],[4.499117463595695,52.146862394075384],[4.499124946587974,52.14685346200307],[4.500767239246248,52.147365570251424],[4.501293518979304,52.147571763028736],[4.501293483310906,52.14757356044205],[4.501383539955111,52.1476003031257],[4.501708920598018,52.14769622550883],[4.50178449378584,52.14771656727661],[4.501728890692171,52.14779434903279],[4.501722565899626,52.14781857024982],[4.501721799394249,52.14785721463813],[4.501720925932773,52.14790125126637],[4.50172623467624,52.14792825633143],[4.501728335632361,52.14804332368498],[4.501718839473402,52.148080104862004],[4.501712532460023,52.14810342737058],[4.501693789644435,52.148164407827196],[4.501680017726788,52.148195763860905],[4.501704621080618,52.14820763347735],[4.501877522191026,52.1482565697953],[4.501787533768524,52.148373642482206],[4.501689972984137,52.14850414086371],[4.501743455791846,52.14853330522407],[4.501843099288643,52.14859247775583],[4.501971693792045,52.1486653500673],[4.501872494355742,52.148731119791194],[4.50305856638238,52.14941324674576],[4.503417175785792,52.149602892710945],[4.503770015616832,52.149788898996086],[4.503911747420057,52.14986276636636],[4.503960652032247,52.14982807778026],[4.504355099138596,52.15005304392027],[4.504663047704061,52.150218937034055],[4.504841719163702,52.15034611116554],[4.505692836136554,52.15082796043345],[4.50568987869107,52.150829736013236],[4.505632084217224,52.150870650753184],[4.506378340632054,52.15126182732234],[4.50644792923431,52.15121560723924],[4.506588102637333,52.15129485273078],[4.506728276538281,52.15137409805576],[4.506725319097515,52.151375873661365],[4.506692609958812,52.151404392389395],[4.506696939760304,52.151407121225006],[4.506954161264462,52.1515528551265],[4.507019197403407,52.151589293964655],[4.507156486424336,52.15166671956474],[4.507110415677642,52.15170592480133],[4.506984032792919,52.15181643795348],[4.507122092415238,52.15192892407103],[4.507194443856271,52.15189081371662],[4.507306649881287,52.15183232728308],[4.50741015975447,52.15191848901889],[4.507480580340129,52.15197833757301],[4.50757690977484,52.152058153735986],[4.507634394146644,52.152107119665864],[4.507660285175941,52.152127986005766],[4.507693339663914,52.152156096460075],[4.507778158745484,52.152226838245845],[4.507848598014663,52.15228578787209],[4.507903231740593,52.152331137060436],[4.507959291199253,52.15237829452707],[4.508028287618504,52.152436334449185],[4.50811310776237,52.15250707599314],[4.508169185361618,52.152553334652325],[4.508222358705947,52.15259867280572],[4.508305736124431,52.15266850461744],[4.508400607482086,52.152748309220144],[4.508515633007333,52.152843544123726],[4.508517111741064,52.15284265629875],[4.50856326361343,52.15287356056989],[4.508778698283312,52.15276730422725],[4.508803836617052,52.1527522111434],[4.509023087438758,52.15267474562142],[4.509203119380142,52.15258530290728],[4.509268023545514,52.152554326574176],[4.509437668245247,52.1524728957543],[4.509634988988622,52.152321561132226],[4.510452499620467,52.151915072584],[4.51055725520336,52.15186371842004],[4.51068859106628,52.1517981802349],[4.51082584114793,52.15172909048493],[4.510968952463595,52.151659145273015],[4.511314230948426,52.15148823345822],[4.511393953627446,52.151446579920666],[4.511531183907543,52.15137838804902],[4.511619742664514,52.15133320459351],[4.511644791091821,52.151322604437105],[4.511643365353877,52.15132079617743],[4.51204313424574,52.15120241931839],[4.512043116626098,52.15120331802663],[4.512045968127102,52.15120693453641],[4.512144362811552,52.151330805372815],[4.512350658669212,52.15161546967518],[4.512557819434738,52.151930700520026],[4.512758698875228,52.15226835537684],[4.51286730738708,52.15246780372088],[4.512947400194772,52.15263108708937],[4.513011738939836,52.152778074561816],[4.513083770810016,52.15297994814796],[4.513144642842752,52.15315477384158],[4.513226903852606,52.15343132670145],[4.513299131919782,52.15369791794309],[4.513391993478632,52.15410488073812],[4.513465158721532,52.15454765108207],[4.513468996648143,52.15457554349253],[4.513484277097716,52.15461610438187],[4.513549869405947,52.15469928325701],[4.514637227263388,52.15461744675891],[4.514667272015661,52.1549493402342],[4.514739657688193,52.155357948042024],[4.514714294480404,52.155459329167265],[4.514748257891532,52.15559081068319],[4.513957575146317,52.15567035043634],[4.513767152551404,52.155693209433366],[4.513683744609818,52.15569888376396],[4.513262620330409,52.155711944028496],[4.513015318428125,52.15572898742576],[4.51254657427355,52.155785735342896],[4.512533388790721,52.155787435264145],[4.512476263429124,52.155794202434144],[4.511814047898424,52.155880073318684],[4.511455433140982,52.155909770034505],[4.511152235561051,52.155945270210495],[4.51086509246005,52.15598178770183],[4.510683486807956,52.156002010711575],[4.510342351135525,52.156034530427334],[4.510159425169224,52.15604755211212],[4.508498411875442,52.1560936169541],[4.508346647083568,52.156082599276715],[4.507365685312931,52.15610225281736],[4.50680592365149,52.15610526767691],[4.506833870272144,52.15617019261099],[4.506940273778497,52.156406482300916],[4.506157554260688,52.15637726983106],[4.506052759033026,52.156355813893775],[4.506054184703677,52.15635762221933],[4.506007285745032,52.156364462642784],[4.505813827389752,52.15639267919208],[4.505709765706198,52.15640808082043],[4.505692924067434,52.15637290027058],[4.505674639049867,52.15633681009428],[4.50551355685151,52.156353583156644],[4.505506233316564,52.156354427263885],[4.505450585095026,52.15636030324044],[4.505075636329534,52.15632873747664],[4.504883709771333,52.156353368600634],[4.504778222244164,52.1563669610672],[4.504290341602133,52.15642982499577],[4.504292979464249,52.1564442261598],[4.50429837964174,52.15646673754642],[4.504307434401341,52.156526128678124],[4.50434319559711,52.15649134157554],[4.50442655284094,52.156488369974184],[4.504476285614878,52.15648604557501],[4.504553780426775,52.15648392885911],[4.504563439812312,52.15651276397007],[4.504593879207134,52.15659928022875],[4.504633455035712,52.15659328442146],[4.504715528987996,52.156581314626266],[4.504719930248107,52.15658044870912],[4.504719948017993,52.15657955000317],[4.504724331508044,52.156579582791814],[4.504799081827899,52.15656845699647],[4.504876772202806,52.156556454302965],[4.504951540211659,52.156544429704745],[4.504954373710477,52.156548945088154],[4.504973888452296,52.15659672947821],[4.504993438764443,52.15664271645271],[4.505033876331852,52.156740992258825],[4.505032397399441,52.156741880039135],[4.505033858568206,52.156741890964845],[4.505051108380639,52.1567564013679],[4.505052534023327,52.15675820970538],[4.505071156203349,52.15677722456092],[4.505083631751499,52.156811473715145],[4.505082170580439,52.15681146279007],[4.505083525175395,52.15681686595111],[4.505084933058657,52.15681957299416],[4.505111292105497,52.156890778340596],[4.505054181989956,52.156896643203204],[4.504951615577064,52.15691025767168],[4.504459150173282,52.156982975264526],[4.50444334386705,52.15696937441457],[4.504404532066389,52.15693672580595],[4.504361319023595,52.15690494308829],[4.504300678639229,52.156867636903506],[4.504137344311252,52.156776530575826],[4.503989710005282,52.156704417169756],[4.50393336477326,52.15667163714103],[4.503913157454252,52.156658902107665],[4.503890081176136,52.15664344907379],[4.503861302552958,52.156620762628414],[4.503839758626912,52.15660172570176],[4.503818250295313,52.156580891359596],[4.503801107682642,52.15656098854222],[4.503784071817494,52.156535693487655],[4.50372489118735,52.156424693132195],[4.503685277481234,52.156358781230026],[4.503681232036922,52.15634167299284],[4.503677311130921,52.15631827381495],[4.503678947876098,52.15623559288152],[4.503679250317378,52.156220314882844],[4.503688515358046,52.15619521677448],[4.50372160352662,52.15614782609271],[4.503894250323897,52.15613743393647],[4.503920515427523,52.1561394282612],[4.50408416408541,52.15614065336609],[4.504230296746783,52.156140848312],[4.504231321494907,52.15594131372154],[4.504238994079254,52.15577508592337],[4.504236033005365,52.155703156637664],[4.504241820954195,52.15563219166998],[4.504246162272376,52.155486612230256],[4.504251289092108,52.15537519455194],[4.504270408149367,52.15536904576695],[4.504304689541252,52.15533514643817],[4.504500995396086,52.15531054903948],[4.50460061825023,52.15529781179536],[4.504561697361726,52.15519685063475],[4.504480990861303,52.15506591512424],[4.504603076934057,52.15495177713241],[4.504316700240536,52.15458021142437],[4.504350643238691,52.15456338749382],[4.50420106835842,52.15436811878869],[4.504330426519969,52.154329537999395],[4.503880623488281,52.15379855228972],[4.503888975485126,52.15367187847035],[4.503883712763237,52.15349476770057],[4.503926368112411,52.15348070564432],[4.503852364493776,52.15330667553114],[4.503778325874388,52.15313444278032],[4.503750616816397,52.153057833921345],[4.503415797919333,52.152772191627406],[4.503460145073297,52.152746457500506],[4.503254993074813,52.15270177618827],[4.502818035601708,52.15263018947067],[4.502650675712387,52.15259567764522],[4.502378068606888,52.15263677760972],[4.501987847485186,52.15271384689696],[4.501639033334711,52.152766058219335],[4.501786827554096,52.15297659722383],[4.501860627143825,52.15308680953762],[4.501903264325566,52.153147351769306],[4.501827057979703,52.15315846478232],[4.501479665551036,52.153212483998125],[4.501286182378768,52.153242490573135],[4.501151319505884,52.15326394872865],[4.500950619840281,52.15328940635531],[4.500791079355799,52.15330258915162],[4.500723817289497,52.15330478026117],[4.500427169606242,52.15330524730072],[4.500336602067958,52.153303667644494],[4.500289884032805,52.15330151874769],[4.500234435392121,52.153297506512175],[4.50019357944543,52.15329450281117],[4.500158585581321,52.15329064433395],[4.500113400066673,52.153284911530875],[4.50006244179633,52.153275539940395],[4.500023261288176,52.15326176270092],[4.499989978605526,52.153245333283664],[4.499917819215179,52.15319984858851],[4.499681369750838,52.153038975306835],[4.499465019081707,52.152896229583746],[4.499385537717427,52.152851588296045],[4.499345057637423,52.15282971148693],[4.499243571560153,52.15278939869071],[4.499179643499948,52.15277094069024],[4.499143260619617,52.15276347609288],[4.499128703894812,52.15276066999188],[4.499102458880358,52.15275777589858],[4.499070333960708,52.152756635213386],[4.499032257602829,52.15276084275308],[4.499004408494316,52.15276512728162],[4.498922196981344,52.15278428276659],[4.498860833417898,52.15278382070372],[4.498847934489236,52.15277113981075],[4.498826215689951,52.15276108901897],[4.498772992310287,52.15279214761222],[4.498798378739341,52.152838179636404],[4.498384402381049,52.15308044472103],[4.498171577264137,52.153201083316745],[4.497603489610086,52.153257023141805],[4.497117210139692,52.15324077144652],[4.49706764191903,52.15323500440709],[4.497042911581762,52.153229424764696],[4.49701821709716,52.1532220477072],[4.496961720068158,52.15319735269542],[4.496339612763835,52.152811548197455],[4.496267332239293,52.15277235221006],[4.496215183422946,52.1527494873528],[4.49618908212533,52.15273940297278],[4.496141101202553,52.152727355645936],[4.49610029988603,52.1527216544141],[4.496055061650691,52.152718616172905],[4.496012655773665,52.152720093512855],[4.495965795014575,52.152725132543715],[4.495927646617263,52.152732933899934],[4.495895306454875,52.15274257680795],[4.495868828365525,52.1527513651581],[4.495824674264123,52.152767210668145],[4.495721504312876,52.152811373098245],[4.495454004343228,52.15296215422196],[4.49514505442986,52.153139586534415],[4.494706001930883,52.15339243528153],[4.494648499595491,52.15341806661502],[4.494613200604104,52.15342948446929],[4.494547183444561,52.153442467563345],[4.494501872692153,52.153443023543076],[4.494088645238517,52.15342731213374],[4.493545779947477,52.153390842825154],[4.493357519776411,52.15337863048396],[4.492599682699353,52.15335041507165],[4.492529570134579,52.153348984532236],[4.492049027709741,52.15333814849034],[4.491749511829882,52.15333587542099],[4.491281812567738,52.153340414029245],[4.490901866634385,52.15334112332677],[4.490333390720515,52.15334309478936],[4.490071699720581,52.153349194582006],[4.489539385599878,52.15344222014804],[4.488756699446338,52.15363220932506],[4.488543777954721,52.15368361919584],[4.48851296896179,52.15368967638984],[4.488493975136107,52.15368953169684],[4.488470706693621,52.15368396138989],[4.488459144857842,52.15367758142196],[4.488446230538918,52.1536657981029],[4.488267075909747,52.15370937515098],[4.488180927434531,52.15370602215375],[4.488033879615345,52.153751641201275],[4.488032309923242,52.15375702228371],[4.488008389726128,52.153783805196596],[4.487556225730184,52.15388731999093],[4.486766417449908,52.15406735446755],[4.486703301110012,52.154081254168894],[4.486681312446529,52.15408468168956],[4.486646174096085,52.154088008827486],[4.486624276089871,52.1540869428238],[4.486486318342087,52.15411645020409],[4.486465591223615,52.15412977456958],[4.4864464521266,52.15413681916817],[4.486402329602753,52.15415086373099],[4.485671082453704,52.154325046162924],[4.485459615216284,52.15437646160983],[4.485079450459312,52.15445984392516],[4.484989924462331,52.15447893380905],[4.484898937300319,52.15449801244977],[4.484859324384194,52.15450579904094],[4.484831491015211,52.15450918151388],[4.484783256903452,52.15450971140587],[4.484742455434142,52.15450400624662],[4.484640851615826,52.154469971836264],[4.484548141697629,52.1544297134986],[4.48448016133596,52.15439503736634],[4.484377442271535,52.154343916206194],[4.484263162052041,52.154286414579175],[4.484124316522575,52.15421524217394],[4.484062090206827,52.15418510405007],[4.483996850891009,52.15415943703234],[4.483951812106848,52.15414650842417],[4.483911192953803,52.154131815955964],[4.483820915433465,52.15411584438124],[4.483740792741672,52.15410354587138],[4.483692668210287,52.154098683105445],[4.483625476938954,52.154097269651224],[4.483574211944143,52.1541031688813],[4.483489032862609,52.154124088605464],[4.483389079150522,52.15415298465155],[4.483281637916326,52.15419081165864],[4.483169649438519,52.15423669329661],[4.483066336194071,52.15428713552343],[4.482961415978367,52.1543447560757],[4.482877078142283,52.154396242421186],[4.48279703231981,52.15445225581807],[4.482709425885613,52.15452079497622],[4.482636521160387,52.15458495258909],[4.482603721448942,52.15461705938665],[4.48259179592528,52.15462865288326],[4.482546815586804,52.15468493498574],[4.482515112510971,52.154735026998544],[4.482490532684823,52.15479416204454],[4.482482334574708,52.15483814240897],[4.482485734169205,52.15488670592089],[4.482503690144934,52.15493807758493],[4.482540421926887,52.15500037932331],[4.48258590223534,52.15506364697368],[4.482631619453444,52.155115231482846],[4.482678943590972,52.155159637562235],[4.482711966320519,52.15518865367211],[4.482749317793104,52.15522039948301],[4.482826906705047,52.15528571087417],[4.482864349387178,52.15531296313947],[4.483011052684232,52.15542913929952],[4.483131784212567,52.15552893710233],[4.483171712651505,52.15557778050747],[4.4831995335124,52.15564720447294],[4.483201290788622,52.15570474378161],[4.48317806323895,52.155769282368865],[4.48314621446132,52.15582656415627],[4.48302893263964,52.15598925447393],[4.482994343305524,52.15603752680363],[4.482950677519054,52.15610100985689],[4.482844186797818,52.15623591862184],[4.482735979306448,52.15638339790689],[4.482689117305597,52.156460338978235],[4.482546595540939,52.15671451710792],[4.482455573732695,52.15687920589702],[4.482419084655957,52.156949035677705],[4.482403853510843,52.15697947946822],[4.482371182958554,52.157077202595346],[4.482354417680819,52.157111229977914],[4.482342108784652,52.15714169617266],[4.482324046275558,52.15716762403084],[4.482288486074798,52.157191619994954],[4.482269108115993,52.15721034702571],[4.482243484528342,52.157248800651786],[4.482220582797891,52.15729716240373],[4.482179399650573,52.15738223640173],[4.482124537142883,52.15749327183738],[4.482078806025821,52.15758640047971],[4.482042097049305,52.15766701454814],[4.48201437383798,52.157736911454336],[4.481983582319515,52.157813975540435],[4.481925194809178,52.15795464559063],[4.48189122535178,52.158044269041724],[4.481883026034482,52.15808824933745],[4.481859357771619,52.15817435645971],[4.481809444953137,52.158329472937176],[4.481792113561688,52.15839135996533],[4.48172457694662,52.1586227426402],[4.481693237265436,52.15872676766794],[4.481669805348752,52.158801191627745],[4.481613499128156,52.158983224171415],[4.481596148968761,52.159046009863665],[4.481582268352895,52.15908185695627],[4.481551876378592,52.15913914948703],[4.48151300869463,52.15918199549118],[4.481468569559083,52.15921131609707],[4.481430103019179,52.15923439065273],[4.481255706046195,52.15933012646749],[4.481112359488777,52.15940812367494],[4.481041343653986,52.15945072262731],[4.48096872043455,52.15950049991858],[4.480921212113807,52.1595369874733],[4.480849830847621,52.15959756032367],[4.480809555592191,52.15963769876249],[4.480758631621002,52.15969842871774],[4.480735964318796,52.1597351070455],[4.480655633119173,52.159876506701444],[4.48059977781717,52.16003607119928],[4.480020987842484,52.15996600688269],[4.479992383071838,52.16007904089985],[4.479981934617912,52.16016165392774],[4.479982738171894,52.16019401838128],[4.480006702026791,52.16045306883597],[4.480010884908328,52.16046298824865],[4.480029569991854,52.16076604129917],[4.480029405567761,52.160774129602764],[4.480006116233493,52.160769456327046],[4.479886747052214,52.160746067404546],[4.479854726543866,52.16073952927306],[4.479418057598014,52.1606516792685],[4.478901367227284,52.160546133641574],[4.478463259089453,52.160457370158795],[4.478310446831236,52.16042563247094],[4.478170786308366,52.160393995914625],[4.478047145121646,52.160365179157075]]]]}},{"type":"Feature","properties":{"gezicht_uri":"https://linkeddata.cultureelerfgoed.nl/cho-kennis/id/gezicht/10134576","gezichtsnummer":"1658","naam":"Leiden"},"geometry":{"type":"MultiPolygon","coordinates":[[[[4.499243571560153,52.15278939869071],[4.499345057637423,52.15282971148693],[4.499385537717427,52.152851588296045],[4.499465019081707,52.152896229583746],[4.499681369750838,52.153038975306835],[4.499917819215179,52.15319984858851],[4.499989978605526,52.153245333283664],[4.500023261288176,52.15326176270092],[4.50006244179633,52.153275539940395],[4.500113400066673,52.153284911530875],[4.500158585581321,52.15329064433395],[4.50019357944543,52.15329450281117],[4.500234435392121,52.153297506512175],[4.500289884032805,52.15330151874769],[4.500336602067958,52.153303667644494],[4.500427169606242,52.15330524730072],[4.50072235623464,52.15330476928232],[4.500791079355799,52.15330258915162],[4.500950619840281,52.15328940635531],[4.501151319505884,52.15326394872865],[4.501286182378768,52.153242490573135],[4.501479665551036,52.153212483998125],[4.501827057979703,52.15315846478232],[4.501903264325566,52.153147351769306],[4.501860627143825,52.15308680953762],[4.501785366509639,52.152976586258156],[4.501639033334711,52.152766058219335],[4.501987847485186,52.15271384689696],[4.502378068606888,52.15263677760972],[4.502650675712387,52.15259567764522],[4.502818035601708,52.15263018947067],[4.503254993074813,52.15270177618827],[4.503460145073297,52.152746457500506],[4.503415797919333,52.152772191627406],[4.503750616816397,52.153057833921345],[4.503778325874388,52.15313444278032],[4.503852364493776,52.15330667553114],[4.503926368112411,52.15348070564432],[4.503883712763237,52.15349476770057],[4.503888975485126,52.15367187847035],[4.503880623488281,52.15379855228972],[4.504330426519969,52.154329537999395],[4.50420106835842,52.15436811878869],[4.504350643238691,52.15456338749382],[4.504316700240536,52.15458021142437],[4.504603076934057,52.15495177713241],[4.504480990861303,52.15506591512424],[4.504561697361726,52.15519685063475],[4.50460061825023,52.15529781179536],[4.504500995396086,52.15531054903948],[4.504304689541252,52.15533514643817],[4.504270408149367,52.15536904576695],[4.504251289092108,52.15537519455194],[4.504246162272376,52.155486612230256],[4.504241820954195,52.15563219166998],[4.504236033005365,52.155703156637664],[4.504238994079254,52.15577508592337],[4.504231321494907,52.15594131372154],[4.504230296746783,52.156140848312],[4.50408416408541,52.15614065336609],[4.503920515427523,52.1561394282612],[4.503894250323897,52.15613743393647],[4.50372160352662,52.15614782609271],[4.503688515358046,52.15619521677448],[4.503679250317378,52.156220314882844],[4.503678947876098,52.15623559288152],[4.503677311130921,52.15631827381495],[4.503679770881694,52.15634166205038],[4.503685277481234,52.156358781230026],[4.50372489118735,52.156424693132195],[4.503784071817494,52.156535693487655],[4.503801107682642,52.15656098854222],[4.503818250295313,52.156580891359596],[4.503839758626912,52.15660172570176],[4.503861302552958,52.156620762628414],[4.503888620010959,52.15664343813389],[4.503913157454252,52.156658902107665],[4.50393336477326,52.15667163714103],[4.503989710005282,52.156704417169756],[4.504137344311252,52.156776530575826],[4.504300678639229,52.156867636903506],[4.504361319023595,52.15690494308829],[4.504404532066389,52.15693672580595],[4.50444334386705,52.15696937441457],[4.504459150173282,52.156982975264526],[4.504484971429632,52.157007437110565],[4.504507852583667,52.15703277579229],[4.504556181860196,52.157101449122486],[4.504575909690274,52.1571384491034],[4.504600735835113,52.15721323845056],[4.504612286976875,52.15729422035458],[4.504608244935392,52.15735081695924],[4.504595702332961,52.157393867389395],[4.504583390756116,52.15742523464246],[4.504569777930095,52.157448502610386],[4.504544315584774,52.15747977147474],[4.504506985906837,52.15751993993334],[4.504490575047208,52.157536895086636],[4.504317502998597,52.15771626664501],[4.504287514484944,52.15775469229325],[4.504272404641829,52.15777974670136],[4.50425859596668,52.15781290039386],[4.50425080988945,52.15783711076985],[4.504248833064296,52.15786316229876],[4.504252701061077,52.15788925756946],[4.50426658415439,52.15792621385537],[4.50438730936362,52.15825069919466],[4.504404186226051,52.15828408250767],[4.504429688221513,52.158324721063316],[4.504543382749251,52.158413657890975],[4.505053807547267,52.158616118763334],[4.505304611346675,52.158718663663805],[4.505370940197864,52.158764101366856],[4.505406778545006,52.15879942392742],[4.50544083609369,52.15885091225965],[4.505450247966926,52.15889232916927],[4.505449626493234,52.15892378387019],[4.505400198058864,52.158984535466125],[4.505343463268086,52.15904523243048],[4.505167839260595,52.15920571052182],[4.505029473724202,52.15932961456983],[4.504886670341702,52.15945618178471],[4.504843529809431,52.159494509211136],[4.504825657087313,52.159511453475716],[4.504815019573291,52.159532047202894],[4.504808712522674,52.15955536983174],[4.504811226343708,52.159576061915956],[4.504816484996308,52.15960576291233],[4.504830067005145,52.15965799711692],[4.504910200736624,52.1598922943664],[4.504926865394811,52.159936462063364],[4.504944938059182,52.15998333680117],[4.504957627594625,52.16000680148618],[4.504977552459532,52.160033915625085],[4.505003286926374,52.160062870876956],[4.505032050575978,52.16008645574223],[4.50506086755051,52.16010734448402],[4.505102800541039,52.16013012895634],[4.505173621695042,52.160170207306024],[4.505446678578846,52.16033044383424],[4.505734172826748,52.16049977595986],[4.505761635609743,52.16051526137974],[4.505796404877191,52.16053080137612],[4.505851295045351,52.160563569591694],[4.505890075549526,52.1605980151248],[4.505915739941283,52.160630564999124],[4.505929767233646,52.16066033143256],[4.505936488052914,52.16069004329039],[4.505938860478045,52.16071792499231],[4.505935440948075,52.16074306691827],[4.505924803648647,52.160763660741736],[4.505902262948992,52.160794951709256],[4.505857571936708,52.16083776210922],[4.505814448643493,52.160875191175045],[4.505704749921974,52.16095346939927],[4.505466407539919,52.16110718745262],[4.505441174568999,52.16112677331753],[4.505410007531666,52.16115080901859],[4.505393648946841,52.16116506816865],[4.505383082331541,52.16118206711942],[4.505366315263566,52.16121699648916],[4.505349192976463,52.16126989996338],[4.505353221736599,52.161287906836804],[4.505363202329531,52.16130056516588],[4.505381968598537,52.16131239031941],[4.505422672419821,52.161323480584905],[4.505404987000151,52.161478847397014],[4.505399058016615,52.1615570019962],[4.505383539036736,52.16160272675116],[4.505364062265109,52.16162684981051],[4.505340148203434,52.16165363621571],[4.505278115189268,52.161686429560035],[4.505264199464748,52.16172497557876],[4.505255720528064,52.16178423550992],[4.505241467273264,52.161839856924985],[4.505283211516314,52.161946231841135],[4.505269739754175,52.16196231022773],[4.505323423571936,52.16205619063944],[4.505420846577934,52.16222949565437],[4.505443482309202,52.162267416012384],[4.505566180797153,52.16249304238054],[4.505666226599266,52.16268164701142],[4.505711339193877,52.16276557597167],[4.505798358122847,52.16294779128771],[4.505820781523745,52.16299649603239],[4.505826662520958,52.16299474228751],[4.505827573616688,52.1630226130645],[4.505822905476397,52.163036959598294],[4.505793021163189,52.163069993358256],[4.505697824250928,52.16315377293202],[4.50560914721355,52.16320344530926],[4.505538557027205,52.163225388801656],[4.505462263310981,52.163240098927645],[4.505299765760252,52.163253265880655],[4.505127322680068,52.16325197685482],[4.504706195871312,52.16326141156845],[4.504317361556761,52.16326389571524],[4.504030770592217,52.1632698404409],[4.503562790186832,52.16328341455136],[4.503344990797779,52.163284479749116],[4.502660885738102,52.16328834157117],[4.502377181543872,52.16329610159901],[4.502277593661367,52.16330614079272],[4.502157314645578,52.16332770959603],[4.501752296508465,52.16340916165361],[4.499683252415273,52.16382056476923],[4.499604211740781,52.16382626207508],[4.499524205617866,52.16388048933374],[4.49928132475142,52.16418696337446],[4.499141537507968,52.164307254525966],[4.498969031373478,52.16438235729954],[4.498792903978928,52.16449248725076],[4.49857625578564,52.164508832594656],[4.498331578485546,52.16446474422494],[4.498123741538318,52.164405652692],[4.497950234111761,52.16431086598341],[4.497539807536326,52.16414957650636],[4.497432147132221,52.164124496055294],[4.496859642768693,52.16417500659334],[4.49513265280149,52.16436150463653],[4.494698492092441,52.16443731921325],[4.49449987023489,52.16450233072153],[4.494151701636523,52.164663284704666],[4.494002892419884,52.164722380517446],[4.4938836712275,52.16476372338175],[4.4933504904869,52.164893612475275],[4.493191809536809,52.164934655712685],[4.493002206638417,52.165059955253035],[4.492941441166654,52.16510174015782],[4.492733792937461,52.16517926404786],[4.492536732648794,52.16516608513299],[4.492400330447183,52.16511651350946],[4.491787010615314,52.16479636833541],[4.49164950970129,52.16472881071205],[4.491610538229582,52.16470424626255],[4.491455139966523,52.164654529343196],[4.491327130145816,52.16462389579122],[4.490402176316334,52.16461057744694],[4.490076044389342,52.16461978314486],[4.489830037516483,52.16464218109599],[4.489671101171243,52.164695801418816],[4.488075583082076,52.164738483246886],[4.488006787434655,52.164743352027116],[4.487728367864173,52.16485088833522],[4.486754920257792,52.16528479379597],[4.486635309974815,52.1653450020341],[4.486526564427807,52.16537383370449],[4.486143910263215,52.16528642127485],[4.485148637358689,52.16434042802283],[4.484562154170748,52.16414179346042],[4.483490736427235,52.16378304458957],[4.483206256514059,52.163756596682326],[4.481623713709032,52.16366536332441],[4.481418205306659,52.16363682065578],[4.481221482093284,52.1635355390191],[4.481107400022466,52.16339534273796],[4.481079741908569,52.1633178300651],[4.481057692135903,52.16325204538063],[4.481064340624861,52.16321254746316],[4.481075373216712,52.16317308321394],[4.481433916440475,52.16235879024851],[4.481518175582375,52.16216798403561],[4.481561660395778,52.16189776682741],[4.481544320717261,52.16174393199763],[4.481543242419122,52.161725048068966],[4.481542255318713,52.16170167063742],[4.481516328131996,52.16146687422628],[4.481489489201249,52.161277012831555],[4.481480940227837,52.161266161117815],[4.481259605750836,52.16122581168266],[4.480832117945519,52.161189271377644],[4.480766541697725,52.161179779193304],[4.480390492616554,52.16112925100229],[4.480281150486623,52.16111582680064],[4.480228598340124,52.16111272631333],[4.480245458085241,52.1610742057614],[4.480259102960558,52.161050041947455],[4.480208176587842,52.161038864380465],[4.480193106918617,52.16106121955404],[4.480136353610057,52.16104909832072],[4.48014102979125,52.16103475281782],[4.48008425826224,52.16102353025988],[4.480044949291541,52.161016037303874],[4.480010884908328,52.16046298824865],[4.480006702026791,52.16045306883597],[4.479982738171894,52.16019401838128],[4.479981934617912,52.16016165392774],[4.479992383071838,52.16007904089985],[4.480020987842484,52.15996600688269],[4.48059977781717,52.16003607119928],[4.480655633119173,52.159876506701444],[4.480735964318796,52.1597351070455],[4.480758631621002,52.15969842871774],[4.480808094336435,52.15963768753653],[4.480849830847621,52.15959756032367],[4.480919750861313,52.15953697624876],[4.48096872043455,52.15950049991858],[4.481041343653986,52.15945072262731],[4.481112359488777,52.15940812367494],[4.481255706046195,52.15933012646749],[4.481430103019179,52.15923439065273],[4.481468569559083,52.15921131609707],[4.48151300869463,52.15918199549118],[4.48155041513892,52.15913913827029],[4.481582268352895,52.15908185695627],[4.481596148968761,52.159046009863665],[4.481613499128156,52.158983224171415],[4.481669805348752,52.158801191627745],[4.481693237265436,52.15872676766794],[4.48172457694662,52.1586227426402],[4.481792113561688,52.15839135996533],[4.481809444953137,52.158329472937176],[4.481859357771619,52.15817435645971],[4.481883026034482,52.15808824933745],[4.48189122535178,52.158044269041724],[4.481925194809178,52.15795464559063],[4.481983582319515,52.157813975540435],[4.48201437383798,52.157736911454336],[4.482042097049305,52.15766701454814],[4.482078806025821,52.15758640047971],[4.482124537142883,52.15749327183738],[4.482179399650573,52.15738223640173],[4.482220582797891,52.15729716240373],[4.482243484528342,52.157248800651786],[4.482269108115993,52.15721034702571],[4.482288486074798,52.157191619994954],[4.482324046275558,52.15716762403084],[4.482342108784652,52.15714169617266],[4.482354417680819,52.157111229977914],[4.482371182958554,52.157077202595346],[4.482403853510843,52.15697947946822],[4.482419084655957,52.156949035677705],[4.482455573732695,52.15687920589702],[4.482546595540939,52.15671451710792],[4.482687656153267,52.15646032777579],[4.482735979306448,52.15638339790689],[4.482844186797818,52.15623591862184],[4.482950677519054,52.15610100985689],[4.482994343305524,52.15603752680363],[4.48302893263964,52.15598925447393],[4.48314621446132,52.15582656415627],[4.48317806323895,52.155769282368865],[4.483201290788622,52.15570474378161],[4.4831995335124,52.15564720447294],[4.483171712651505,52.15557778050747],[4.483131784212567,52.15552893710233],[4.483011052684232,52.15542913929952],[4.482864349387178,52.15531296313947],[4.482826906705047,52.15528571087417],[4.482749317793104,52.15522039948301],[4.482711966320519,52.15518865367211],[4.482678943590972,52.155159637562235],[4.48263015834517,52.15511522027978],[4.48258590223534,52.15506364697368],[4.482540421926887,52.15500037932331],[4.482503690144934,52.15493807758493],[4.482484273068462,52.15488669471602],[4.482482334574708,52.15483814240897],[4.482490532684823,52.15479416204454],[4.482515112510971,52.154735026998544],[4.482546815586804,52.15468493498574],[4.48259179592528,52.15462865288326],[4.482603721448942,52.15461705938665],[4.482636521160387,52.15458495258909],[4.482709425885613,52.15452079497622],[4.48279703231981,52.15445225581807],[4.482877078142283,52.154396242421186],[4.482961415978367,52.1543447560757],[4.483066336194071,52.15428713552343],[4.483169649438519,52.15423669329661],[4.483281637916326,52.15419081165864],[4.483389079150522,52.15415298465155],[4.483489032862609,52.154124088605464],[4.483574211944143,52.1541031688813],[4.483625476938954,52.154097269651224],[4.483692668210287,52.154098683105445],[4.483740792741672,52.15410354587138],[4.483820915433465,52.15411584438124],[4.483911192953803,52.154131815955964],[4.483951812106848,52.15414650842417],[4.483996850891009,52.15415943703234],[4.484062090206827,52.15418510405007],[4.484124316522575,52.15421524217394],[4.484263162052041,52.154286414579175],[4.484377442271535,52.154343916206194],[4.48448016133596,52.15439503736634],[4.484548141697629,52.1544297134986],[4.484639390528023,52.15446996065813],[4.484742455434142,52.15450400624662],[4.484783256903452,52.15450971140587],[4.484831491015211,52.15450918151388],[4.484859324384194,52.15450579904094],[4.484897476211514,52.15449800127486],[4.484989924462331,52.15447893380905],[4.485079450459312,52.15445984392516],[4.485458154131274,52.15437645044185],[4.485671082453704,52.154325046162924],[4.486402329602753,52.15415086373099],[4.4864464521266,52.15413681916817],[4.486465591223615,52.15412977456958],[4.486486318342087,52.15411645020409],[4.486624276089871,52.1540869428238],[4.486646174096085,52.154088008827486],[4.486681312446529,52.15408468168956],[4.486703301110012,52.154081254168894],[4.486766417449908,52.15406735446755],[4.487556225730184,52.15388731999093],[4.488008389726128,52.153783805196596],[4.488032309923242,52.15375702228371],[4.488033879615345,52.153751641201275],[4.488180927434531,52.15370602215375],[4.488265614845664,52.15370936401783],[4.488446230538918,52.1536657981029],[4.488459144857842,52.15367758142196],[4.488470706693621,52.15368396138989],[4.488493975136107,52.15368953169684],[4.48851296896179,52.15368967638984],[4.488543777954721,52.15368361919584],[4.488756699446338,52.15363220932506],[4.489539385599878,52.15344222014804],[4.490071699720581,52.153349194582006],[4.490333390720515,52.15334309478936],[4.490901866634385,52.15334112332677],[4.491281812567738,52.153340414029245],[4.491749511829882,52.15333587542099],[4.492049027709741,52.15333814849034],[4.492529570134579,52.153348984532236],[4.492599682699353,52.15335041507165],[4.493357519776411,52.15337863048396],[4.493545779947477,52.153390842825154],[4.494088645238517,52.15342731213374],[4.494501872692153,52.153443023543076],[4.494547183444561,52.153442467563345],[4.494613200604104,52.15342948446929],[4.494648499595491,52.15341806661502],[4.494706001930883,52.15339243528153],[4.49514505442986,52.153139586534415],[4.495454004343228,52.15296215422196],[4.495721504312876,52.152811373098245],[4.495824674264123,52.152767210668145],[4.495868828365525,52.1527513651581],[4.495895306454875,52.15274257680795],[4.495927646617263,52.152732933899934],[4.495965795014575,52.152725132543715],[4.496012655773665,52.152720093512855],[4.496055061650691,52.152718616172905],[4.49610029988603,52.1527216544141],[4.496141101202553,52.152727355645936],[4.49618908212533,52.15273940297278],[4.496215183422946,52.1527494873528],[4.496267332239293,52.15277235221006],[4.496339612763835,52.152811548197455],[4.496961720068158,52.15319735269542],[4.49701821709716,52.1532220477072],[4.497042911581762,52.153229424764696],[4.49706764191903,52.15323500440709],[4.497117210139692,52.15324077144652],[4.497603489610086,52.153257023141805],[4.498171577264137,52.153201083316745],[4.498384402381049,52.15308044472103],[4.498796917700374,52.15283816863376],[4.498772992310287,52.15279214761222],[4.498826215689951,52.15276108901897],[4.498847934489236,52.15277113981075],[4.498860833417898,52.15278382070372],[4.498922196981344,52.15278428276659],[4.499004408494316,52.15276512728162],[4.499032257602829,52.15276084275308],[4.499070333960708,52.152756635213386],[4.499102458880358,52.15275777589858],[4.499128703894812,52.15276066999188],[4.499143260619617,52.15276347609288],[4.499179643499948,52.15277094069024],[4.499243571560153,52.15278939869071]]]]}},{"type":"Feature","properties":{"gezicht_uri":"https://linkeddata.cultureelerfgoed.nl/cho-kennis/id/gezicht/10134577","gezichtsnummer":"287","naam":"Delft - TU-Noord"},"geometry":{"type":"MultiPolygon","coordinates":[[[[4.365153489479943,52.0087356782189],[4.365113061646968,52.00872004626728],[4.365175885755143,52.00864778288709],[4.365373299435142,52.008422081419],[4.365367515277617,52.00842023345085],[4.365350224271456,52.0084119934514],[4.365340132732125,52.008407411458336],[4.365106530633262,52.00830381012864],[4.365083476083815,52.00829282341119],[4.365089465143151,52.008285684416144],[4.365135859796088,52.00823125589168],[4.365176244814887,52.00818486504586],[4.365195770627921,52.00815896720166],[4.365231704739941,52.00811613319103],[4.365287123516557,52.00804919870452],[4.36530962321159,52.00802063003547],[4.36534557759089,52.0079768972908],[4.365371051209061,52.007945657802914],[4.365414532634155,52.00789120387773],[4.365440006155247,52.00785996437424],[4.365483487412885,52.007805510422514],[4.365503033366352,52.007778713827086],[4.365516508441285,52.00776265103776],[4.365521020614809,52.007756398076424],[4.365502273574239,52.00774814545786],[4.365515748640176,52.00773208266851],[4.365529121277212,52.00772051336706],[4.365532136216934,52.00771604515983],[4.365535110188612,52.00771337434836],[4.365541119581695,52.007705336631425],[4.365547088005672,52.00769909630996],[4.365553117878028,52.007690159894544],[4.365559106781525,52.00768302087459],[4.365567762404492,52.007686691510465],[4.365573546475883,52.007688539468724],[4.365644038819242,52.00759926376412],[4.365656037052153,52.007584087016355],[4.365723555120103,52.00749748207658],[4.365704808149988,52.007489229490204],[4.365716847292519,52.00747225533991],[4.365735573778221,52.007481406622354],[4.365758093379552,52.00745193916571],[4.365830082184767,52.00736087858688],[4.365846612853495,52.00733855014681],[4.365899117252384,52.00727159008506],[4.365933614207249,52.00722784451632],[4.365938167219026,52.00721979414208],[4.365863077300052,52.00719127740497],[4.36587206047987,52.007180568849996],[4.366008263898287,52.007019953074725],[4.366071391252087,52.006934208716764],[4.366308414963199,52.006631546035514],[4.366320433177612,52.00661547051838],[4.366322012206138,52.00661009096035],[4.366341516199217,52.00658509161469],[4.366322708093336,52.006579535220936],[4.366334664887539,52.00656615579684],[4.366327608910224,52.00655620696081],[4.366465817540088,52.00637133841021],[4.366447418800684,52.006347808070835],[4.366425984859607,52.00632964465841],[4.366374195548978,52.006301330323225],[4.36635112124718,52.006291242551036],[4.366366154112715,52.00627069879843],[4.366460740108581,52.0061465754306],[4.366472778601203,52.006129601197905],[4.36656827453916,52.00615739564434],[4.366657986672836,52.00618334210872],[4.366657966212539,52.00618424080707],[4.36674976887659,52.00618234017984],[4.366762977065442,52.006177960320414],[4.366786726506978,52.00615839096563],[4.366815564309626,52.00617122524834],[4.366821470979826,52.00616768095502],[4.366834617787168,52.00616599718266],[4.366847989614757,52.00615442772648],[4.366846737969698,52.00614542811784],[4.366867554483219,52.00612673219546],[4.366873481599378,52.0061222892011],[4.366888064144753,52.00612151674547],[4.366901456400611,52.00610904858469],[4.366898728082337,52.00610093505088],[4.366921000761128,52.00608225174286],[4.366926927866096,52.00607780874572],[4.366940054188597,52.00607702365992],[4.366953446416652,52.00606455549305],[4.366952174298471,52.00605645458379],[4.366974446932823,52.00603777126541],[4.366952828836309,52.00602769623394],[4.366986976088204,52.00599922821668],[4.366988657282336,52.00598935515665],[4.366957418492163,52.00595402820846],[4.366972082796849,52.005949660948495],[4.36695930423216,52.005935168164385],[4.367151686627929,52.00592964469397],[4.367189466103399,52.005933567625604],[4.36719658352338,52.00594082031561],[4.367224190037787,52.00594375619466],[4.367234526601047,52.005937553644756],[4.367241787168111,52.0059385154425],[4.367328975337514,52.00594736088466],[4.367414707337992,52.00595619364464],[4.367424880319626,52.00595718066636],[4.367431997781522,52.005964433342236],[4.367459604326265,52.00596736916612],[4.36746994086256,52.00596116659549],[4.367483026254549,52.00596217884613],[4.367487640188885,52.005951432313665],[4.367521091987217,52.00595351989144],[4.367559280357753,52.00593946873291],[4.367594617622818,52.00592269623531],[4.367628519099922,52.00590501241332],[4.367632949028236,52.005902354162465],[4.367725956962778,52.00584742955367],[4.367818923795847,52.00579430226769],[4.368006353862253,52.00568626268528],[4.368133302809595,52.005611856410496],[4.36819823331691,52.005574665829],[4.36829415225893,52.00551976598073],[4.368359082499464,52.00548257530924],[4.368456498082085,52.005425890535065],[4.36852290466018,52.00538781367787],[4.368524381268296,52.00538692758286],[4.368685229107458,52.00529483661122],[4.368695851183834,52.00527605214646],[4.368695994116105,52.00526976125397],[4.368692054368657,52.005250850771084],[4.368674886482371,52.00523721906426],[4.368981507729544,52.00507537797283],[4.369740698960856,52.004673854210345],[4.369744965462217,52.00467838547281],[4.370162605502846,52.004437501133594],[4.370341042713562,52.004340166672655],[4.37037405653076,52.004297305884236],[4.370392101103068,52.00427229326928],[4.370449106227967,52.00419907796585],[4.370468647630957,52.00417228051961],[4.370522699450451,52.00410083741831],[4.370551201819825,52.00406422973706],[4.370621821176436,52.003968660065574],[4.37063681054367,52.00394991315235],[4.370716410887078,52.0038436344921],[4.37072844714659,52.003826659812525],[4.370808047052265,52.00372038108721],[4.370821559750907,52.00370252027348],[4.370839603832249,52.003677507586424],[4.370865132288816,52.003643570774216],[4.370880121444853,52.00362482382853],[4.370965708112227,52.0035114056924],[4.37109790074028,52.00333367084786],[4.371119569675885,52.00327722876856],[4.371268653973331,52.003060987918296],[4.371423724145306,52.00283760754091],[4.371640508202079,52.0025257708371],[4.371806072583025,52.002288997383566],[4.372124620923167,52.002370846419716],[4.372461916549537,52.00246094611243],[4.372564709239169,52.0024878997712],[4.373166947654297,52.002647696980844],[4.374540848086538,52.00301098714448],[4.375719309513779,52.00332314344315],[4.375726549566582,52.00332500341787],[4.37579314591539,52.003342654385136],[4.375832238186447,52.00335287795913],[4.376032027640945,52.003405830569086],[4.376053747880481,52.00341141043438],[4.376350551169607,52.003489465594534],[4.376332449439825,52.003517175238144],[4.37624823111287,52.003635103325124],[4.376233018178704,52.003728455638566],[4.375959223748112,52.00411531624328],[4.375724602760528,52.00444408602533],[4.375628285638398,52.00458168493875],[4.375610264136672,52.00460579966216],[4.375604196125096,52.00461653400439],[4.375602699401782,52.004618318889335],[4.375548594190086,52.004692460439635],[4.375494427951849,52.004769298065405],[4.375411762641074,52.00488274453514],[4.375401650575222,52.0048790621024],[4.375379402306478,52.00489684832903],[4.375318608218071,52.004880145905744],[4.375317111474534,52.00488193078692],[4.375258742882263,52.00488682218372],[4.375156607960172,52.004894932708176],[4.374216626594403,52.00556459768734],[4.374028521325064,52.00570320300586],[4.37399300381138,52.005728065743334],[4.373926438838446,52.005773335296574],[4.373846341280958,52.00583736467016],[4.373776802637798,52.00588530516105],[4.373778238524232,52.00588621639998],[4.373606677181351,52.00600159275828],[4.373571220161744,52.00602375926634],[4.373535742784745,52.00604682446344],[4.373407203043043,52.00612751493721],[4.373389464275831,52.00613904751199],[4.373370269287222,52.00615056754011],[4.373352530501381,52.00616210010923],[4.373333355819859,52.00617272143135],[4.37331561701575,52.00618425399483],[4.373296442316009,52.006194875310875],[4.373277247279587,52.006206395323595],[4.373238877505528,52.00622853663963],[4.37319162809547,52.00625689356482],[4.373168023697848,52.00627017332038],[4.37314294273941,52.00628433922419],[4.37311933831292,52.00629761896985],[4.37309571354115,52.00631179741053],[4.373070652868391,52.006325064598904],[4.373045571848485,52.00633923048165],[4.373019034594004,52.00635338381064],[4.372993953541951,52.006367549682246],[4.372967436588334,52.006380804299724],[4.372940899284596,52.00639495761088],[4.372896683964714,52.00641794731619],[4.372849495147553,52.006443608002975],[4.372724251919642,52.00650724752646],[4.372551819187984,52.006596547481124],[4.372501717531051,52.00662218291843],[4.372375098465732,52.00668221471287],[4.372238183700353,52.006746651961514],[4.372201248833417,52.006769704192514],[4.372152480912545,52.00680074423502],[4.372013946404133,52.006872358256665],[4.37185480020641,52.006953681929524],[4.371859107850407,52.00695641571611],[4.371853201472467,52.00695996026264],[4.371845838855472,52.00696349224597],[4.371839932475551,52.00696703679183],[4.371834005737706,52.00697148003679],[4.371829555594283,52.00697503714518],[4.371823628854352,52.00697948038963],[4.371817702113244,52.00698392363377],[4.37181325196729,52.00698748074152],[4.371805848627503,52.00699281012111],[4.371799921882866,52.00699725336436],[4.371793974779248,52.00700259530665],[4.371788048032139,52.00700703854929],[4.371782100925803,52.00701238049098],[4.371777610057902,52.00701773499611],[4.371771662948898,52.007023076937315],[4.371767172078672,52.00702843144207],[4.371761224967,52.00703377338269],[4.371756734094451,52.00703912788702],[4.371752222862155,52.00704538109056],[4.371747731987361,52.007050735594554],[4.371744697352579,52.00705610266254],[4.371740186116882,52.00706235586561],[4.371737151480403,52.00706772293334],[4.371732640242476,52.00707397613614],[4.371729605604298,52.007079343203706],[4.371726550606181,52.007085608970556],[4.371819659182596,52.00715472677219],[4.371960009999843,52.00726020701616],[4.372257903788688,52.007483899489934],[4.372664951623062,52.007454150548575],[4.372658719790871,52.007472074327794],[4.372863441647342,52.007500805094644],[4.372860935869623,52.007482806002365],[4.372920744017764,52.00747882705557],[4.372932487852243,52.007539152874216],[4.372913515837118,52.00754078712814],[4.372885513616844,52.007619646791795],[4.37288838546402,52.007621469291095],[4.372889801051492,52.007623279240306],[4.37289263222678,52.00762689913861],[4.372894007142348,52.00763050648687],[4.372895382058137,52.00763411383515],[4.372896756974146,52.00763772118339],[4.372896655293769,52.00764221468118],[4.372896594285533,52.00764491077986],[4.372896512941205,52.00764850557811],[4.372894995672104,52.007651189126804],[4.37289345806667,52.00765477137506],[4.37289192046099,52.007658353623306],[4.372890382855061,52.00766193587151],[4.372887409323853,52.007664606870016],[4.37288443579229,52.00766727786853],[4.372881462260374,52.00766994886688],[4.372878488728101,52.007672619865204],[4.372874058933853,52.00767527831321],[4.372869649475718,52.00767703806147],[4.37286524001724,52.00767879780957],[4.372860830558414,52.00768055755753],[4.372857897697965,52.00768143115622],[4.372853488238594,52.00768319090386],[4.372849099115933,52.007684051951806],[4.372844709993105,52.007684912999586],[4.372840341207341,52.00768487534768],[4.372835952084264,52.007685736395125],[4.372831583298432,52.007685698742854],[4.372828670774544,52.00768567364129],[4.372822845726788,52.00768562343787],[4.372818476940978,52.00768558578517],[4.372812651893246,52.00768553558125],[4.372809759707232,52.007684611779666],[4.372803588914157,52.00769983946742],[4.372796327940328,52.00769887801206],[4.3727824283814,52.00773381433195],[4.372780972117912,52.00773380178058],[4.372774801308178,52.00774902946667],[4.372771624377791,52.007760687457406],[4.372718283573826,52.00780067706855],[4.372712499191009,52.007798829460654],[4.372663413319732,52.00777952998408],[4.372636630992667,52.00780446761515],[4.372538459345926,52.00776586857848],[4.372095232773634,52.0075921593429],[4.372093776515,52.007592146783026],[4.37194073619365,52.00753239987425],[4.37193702982541,52.007567424025645],[4.37190645165466,52.00782423848119],[4.371899099875904,52.00789159068033],[4.371880852647801,52.008054129627645],[4.371872064871649,52.00812057056079],[4.371864753703734,52.008186125356026],[4.371857442513777,52.00825168015016],[4.371850253446519,52.008311842747716],[4.371843044001771,52.00837290404347],[4.371835854894625,52.008433066638965],[4.37182864540963,52.00849412793263],[4.371813961720266,52.008627933606334],[4.371783931775407,52.008860483109004],[4.371716498250313,52.009393832935466],[4.371612356869946,52.009490012856666],[4.371560530379726,52.00952731839371],[4.371498366988855,52.00957082682881],[4.371436183110696,52.00961523392942],[4.371372563151511,52.009658729728656],[4.371311835353526,52.00970314933137],[4.371249671477061,52.00974665763273],[4.371187507479835,52.00979016590063],[4.371123866657812,52.00983456026192],[4.371061682042197,52.00987896716101],[4.370999497303277,52.00992337402663],[4.370937332817787,52.009966882159965],[4.370875147833518,52.01001128895866],[4.370838168808838,52.010036138139405],[4.370692207038747,52.01017779873934],[4.370678570026112,52.01020105170824],[4.370520630267622,52.01035699064655],[4.37018355463047,52.010639920759274],[4.370187862524861,52.01064265460623],[4.370079264294689,52.01074239017961],[4.370073479642719,52.010740542442065],[4.370061420865902,52.01075841573039],[4.36973888404513,52.01072147080674],[4.369734535368087,52.0107205343403],[4.369753978063502,52.01069823053931],[4.369837635271945,52.010606369558836],[4.36983490615348,52.0105982560964],[4.369832156636724,52.01059104133236],[4.369825038055811,52.01058378880364],[4.369816401923688,52.01057921978164],[4.36978758082909,52.010565487534436],[4.369744379821854,52.01054354110272],[4.369698347758737,52.01051797468187],[4.369665300500632,52.01049791374621],[4.369628027040715,52.01047152414024],[4.369602322812868,52.010448830044545],[4.369575223474192,52.010423427256654],[4.369552472808034,52.01039896093574],[4.369549641729519,52.01039534095876],[4.369524141638093,52.01036365986158],[4.369502602508171,52.010349990504146],[4.369470787338048,52.01033982778891],[4.368754775269768,52.01031116259967],[4.368703639794926,52.010317911124275],[4.36877095193744,52.01024029144918],[4.368417559196391,52.01008712100384],[4.368199674853904,52.00999624623356],[4.367847599255676,52.009849377577055],[4.367165095281825,52.00956481341081],[4.366859178507951,52.00943811702627],[4.366863670206695,52.009432762712905],[4.366664478737904,52.00935283360426],[4.366423382426518,52.00925815872481],[4.366432304490523,52.009250146224694],[4.366312536056556,52.009200568180496],[4.366139334919399,52.00913075122734],[4.366140811698264,52.00912986516321],[4.365996491481394,52.00907108504467],[4.365993619823167,52.009069262378084],[4.365849299995196,52.009010482079525],[4.365780011867193,52.008982914535935],[4.365728035586939,52.00896268820043],[4.365676059353695,52.008942461842004],[4.365618319417877,52.008919488807095],[4.365569235398127,52.00890018637959],[4.36552015142074,52.00888088393173],[4.365471067485718,52.00886158146343],[4.365421983593059,52.008842278974704],[4.365351260181149,52.008813799839096],[4.365300720097418,52.008794484656526],[4.365251636351899,52.008775182096926],[4.36520257313976,52.00875498081929],[4.365153489479943,52.0087356782189]]]]}},{"type":"Feature","properties":{"gezicht_uri":"https://linkeddata.cultureelerfgoed.nl/cho-kennis/id/gezicht/10134591","gezichtsnummer":"237","naam":"Landgoederenzone Wassenaar-Voorschoten-Leidschendam-Voorburg"},"geometry":{"type":"MultiPolygon","coordinates":[[[[4.433514624418997,52.126384090979386],[4.433600679531086,52.12645759387508],[4.433462889634397,52.12654996002216],[4.433339835103937,52.12663615324858],[4.433086981754353,52.12685073075566],[4.432747534817259,52.12715359312905],[4.432674276978902,52.12723299790619],[4.432560191407041,52.127309375566035],[4.432426431512514,52.12741795246177],[4.432175951827341,52.127589402400936],[4.431914057726301,52.12774817542968],[4.431022228666813,52.12827037067674],[4.430920319585199,52.12832347536979],[4.430434095609894,52.1285909844501],[4.430540208060592,52.1286826293143],[4.430904989002177,52.12890311003496],[4.431012775021597,52.128984880669314],[4.431441808967062,52.12934250601908],[4.431940212358994,52.12966653536754],[4.432047982895156,52.129749203749554],[4.433300847293404,52.13051348055221],[4.433349191950273,52.1305749934383],[4.433743709192894,52.130840648184616],[4.434184037558431,52.13108150398659],[4.434509274272926,52.13130884448271],[4.434780881047764,52.13144856246127],[4.434858477425779,52.131576825861664],[4.43563113872908,52.1320558581885],[4.435708446161329,52.13212928881104],[4.435713789730253,52.13215270202639],[4.435700378613137,52.13216517772239],[4.435702916374018,52.13218317519935],[4.43571294731021,52.132192244632705],[4.43574528544356,52.13218261818985],[4.435774549721784,52.13218015773968],[4.435809483069258,52.1321858326678],[4.435861481105433,52.132213217648726],[4.436301783177434,52.13252507428154],[4.436687267000544,52.13280502765682],[4.436735497227339,52.13280361867867],[4.436794447228086,52.132778925975686],[4.436826689936681,52.13277379271636],[4.436867197609757,52.13279209614697],[4.436887056924761,52.13288843311222],[4.436935198741734,52.13295983017501],[4.436995425207425,52.133012448740594],[4.437622906406724,52.13352085868548],[4.437683363722007,52.133562692549084],[4.439527358276906,52.13277395335918],[4.440274717216374,52.13245187657314],[4.441572527492724,52.13365596207539],[4.441838857354781,52.133839664832884],[4.44184919428429,52.133834354599344],[4.442056919979566,52.13402657555328],[4.442103744013036,52.13409166793476],[4.44223041146644,52.134249082688115],[4.443012558368741,52.134976224017876],[4.443159946047804,52.13505200836073],[4.44327448269853,52.13516168584242],[4.443370772806738,52.135305373436026],[4.444588858947105,52.136418901358255],[4.44583970730082,52.137574923517874],[4.447521814274928,52.139135254658825],[4.446273256478122,52.13980752599337],[4.446170238289715,52.139843556855816],[4.446150074043065,52.139829913255475],[4.446060598858018,52.13984717627546],[4.445994853077282,52.13984755048505],[4.445945363298465,52.139839065912376],[4.44590911362573,52.139826192747364],[4.445599015238016,52.13998371241337],[4.445530253289182,52.13998855652473],[4.445442200241614,52.140007628128075],[4.445237375582904,52.14009138302086],[4.444902138916993,52.14019387038443],[4.44466644997905,52.140217154898956],[4.444223961700557,52.140210022621226],[4.44416445639337,52.14019156989972],[4.444113354129202,52.14019026244957],[4.444008929666847,52.14022358364785],[4.443891245652468,52.14026219179461],[4.443600373771048,52.1403389637027],[4.443257165769733,52.1404036310279],[4.443169357948009,52.14041101788134],[4.443058994796007,52.140448784950856],[4.442733268366864,52.14065381098815],[4.442453483950403,52.140827744458576],[4.442158805708766,52.14101504065746],[4.442052422626209,52.14107171449299],[4.441955297752242,52.141105092381885],[4.441859842669786,52.14112859624634],[4.441755557334516,52.14129314839464],[4.441167254430814,52.142306825987454],[4.441064062611827,52.142488464403044],[4.440914217261393,52.14273444549417],[4.440677376319676,52.14315590249142],[4.44069010350404,52.14317577927643],[4.441227800097026,52.143586372070835],[4.441195645279267,52.143587013031436],[4.441158879797278,52.143598403176036],[4.440878023078865,52.14382176098675],[4.440863072954583,52.143837820300895],[4.438998722273075,52.14508303240651],[4.438515618912097,52.14540363192738],[4.437732326733978,52.14596180589423],[4.437420933233684,52.146176820127835],[4.437162921705204,52.14628619946749],[4.437073257994014,52.14631154385354],[4.436521520254638,52.14656057345225],[4.435374029019477,52.147066359444324],[4.433398894167737,52.14794386002928],[4.433238489282776,52.14799739263414],[4.433213193762966,52.14801876041256],[4.433214212905469,52.148039442158485],[4.432845385963168,52.14820544214726],[4.43277730231403,52.14824623830285],[4.432729536187459,52.148293490756636],[4.432645017615747,52.148351231964334],[4.432609033952905,52.14832577302715],[4.432296196091143,52.148538065643784],[4.431791132384868,52.14885666244554],[4.430845840848034,52.149467409853756],[4.430384855681598,52.14929648584745],[4.429925527666861,52.14911658498057],[4.428814244747484,52.14867791197196],[4.42612085668801,52.147208851774366],[4.426009649826131,52.147148621613674],[4.423391403750688,52.14579426383257],[4.421722565958819,52.14493120295763],[4.419298501841626,52.14386417600367],[4.419317802903364,52.14384995278288],[4.417458560154077,52.14308324252857],[4.41746311790574,52.143075190346096],[4.416964795611659,52.14294705088274],[4.416993349358707,52.14291043288418],[4.415104483419898,52.14216591253936],[4.415140165397521,52.142137443386275],[4.414797746766977,52.14196204146721],[4.414785865802345,52.141970932025345],[4.413818856046192,52.141496451806994],[4.413334520759734,52.14126414549125],[4.413340500494817,52.14125790290613],[4.413102162784717,52.141133690969156],[4.413091761938731,52.14114169473135],[4.412466314305516,52.14081563756261],[4.412490155005567,52.14079426215248],[4.411623466053046,52.14034396271956],[4.411644228622567,52.140329752829956],[4.410888548553421,52.139947779889795],[4.409973535972359,52.139504258868094],[4.409875697274732,52.13950254932066],[4.409174799649504,52.139155175499035],[4.40915707215353,52.13909750195991],[4.409008307991296,52.1390198657941],[4.408744908906132,52.138907122084994],[4.40867817644011,52.138885894845195],[4.40860953049725,52.13888532529085],[4.408271031896041,52.13873330671731],[4.408181069104176,52.138705594409004],[4.408037834817044,52.13864238453611],[4.407916311971738,52.13858834328573],[4.407619798977168,52.13845374961161],[4.407649482869491,52.13843242369746],[4.407283773357776,52.13825590722072],[4.40728266781453,52.13823971869138],[4.407214732912444,52.1382067955388],[4.407195627692504,52.138212029902974],[4.407064100331586,52.13814801724896],[4.406874529853046,52.138399019221445],[4.406728950521415,52.138509266774285],[4.407027534013529,52.138682530561375],[4.405075138294022,52.13938087637879],[4.404633547097666,52.13953269983269],[4.404443682093553,52.13933157265604],[4.404287615906814,52.139386899838506],[4.404126099197533,52.13949071942656],[4.403957421223756,52.13952167203242],[4.403751531811402,52.1396502890589],[4.403862551352349,52.13971683097083],[4.403761806972446,52.13978070836765],[4.40393478090432,52.139886417445105],[4.403372472572083,52.14021250602154],[4.403036777967925,52.14039756553932],[4.402214712940196,52.14084282597691],[4.402177272280048,52.14081824427305],[4.401979071437749,52.140928945400006],[4.401928743096004,52.140892570877874],[4.401557486534346,52.14109980046773],[4.401455156068565,52.14116905577811],[4.401082947783233,52.14088999660969],[4.400666348499562,52.1410995408641],[4.400833806661636,52.14125644295049],[4.400420501419115,52.14144893569557],[4.400088382103124,52.141603455825326],[4.399536716296469,52.14184242665486],[4.399315412364689,52.141940345947944],[4.398831823682022,52.14213943530892],[4.398386685557911,52.14231727259403],[4.398311535021693,52.1423463046885],[4.397859567362252,52.142502510272294],[4.397058601545674,52.14271690690655],[4.397004701865322,52.142775778716526],[4.397011766070163,52.14278662425717],[4.39670131067136,52.14288558792469],[4.396481725354966,52.142839699901295],[4.396229052762654,52.14290229469765],[4.395976782698464,52.1430125315507],[4.39562863241574,52.143229824229536],[4.393787481072358,52.144361268343076],[4.393767350864876,52.14434671714977],[4.39351096497465,52.14450994645388],[4.39346566281422,52.14457607992392],[4.393482411490651,52.14461127630085],[4.393504264128549,52.14481100578856],[4.393509326989626,52.14484610371073],[4.393514549878592,52.1448740121561],[4.393564998342882,52.14516746323763],[4.393577845739784,52.14524667052829],[4.393579226488796,52.1452502775716],[4.393587190967016,52.14528629878308],[4.393591153209654,52.14530520807307],[4.393592413954336,52.145314207223215],[4.393600378454262,52.145350228433486],[4.393622010529342,52.14542861086244],[4.393624552038919,52.145445710477226],[4.39362847430996,52.1454664171345],[4.393644803438867,52.14552048585833],[4.393654228781659,52.1455565193684],[4.393665094905645,52.145593463866234],[4.393674520279839,52.14562949737433],[4.393685406437524,52.14566554318547],[4.393694791844222,52.14570337406055],[4.393698854164772,52.14571778992348],[4.393697313397299,52.14572137235751],[4.393722948158502,52.14581686667997],[4.39372689050546,52.145836674648415],[4.393778200387708,52.146025865901784],[4.393782302759463,52.14603848439233],[4.393776459636662,52.14603843518093],[4.393798012356402,52.14612041230787],[4.39380335555432,52.146142928628805],[4.393805897172219,52.146160028237865],[4.393804717324233,52.14621305061832],[4.39379008946231,52.14621382627633],[4.393798575177946,52.146292097938094],[4.393799616017334,52.146310982613],[4.393802377616142,52.14631819669338],[4.393835896812621,52.14638769064876],[4.393990463358229,52.14653280868468],[4.394009033854656,52.14655184095924],[4.394056260538572,52.14659628238705],[4.39410206649926,52.1466389141282],[4.394126380335437,52.14666248900166],[4.394039313371918,52.14670130546585],[4.39403491097137,52.1467021672511],[4.393897696622865,52.14676213383315],[4.393866719782313,52.146775355763964],[4.393819373114606,52.14673630636757],[4.393777769747286,52.146701799585614],[4.393746752915589,52.14671681885372],[4.393582763596822,52.14679813202868],[4.393523890748127,52.146751794596874],[4.393454952442898,52.14669818151356],[4.393382532875688,52.14673532319082],[4.393313574758491,52.14668260870944],[4.393193949039154,52.14660879360654],[4.393004285737111,52.14646517640854],[4.392846239273039,52.146542044390706],[4.392811700607494,52.14651838305106],[4.392662478477635,52.14659262862152],[4.392629400668545,52.14656897954555],[4.392474314842739,52.14664407429145],[4.392442697895023,52.14662043748256],[4.392297897273296,52.14669292217826],[4.392261918011274,52.14666834967339],[4.392059564667934,52.14676641534971],[4.392252107752678,52.14691185606676],[4.3923325712006,52.14697275788745],[4.392155290837332,52.147060248964344],[4.392175421735209,52.14707480042794],[4.392296107256045,52.14716660255701],[4.392276896317595,52.14717632790163],[4.391656378727117,52.1474838932055],[4.391335790662996,52.147642081705044],[4.390947924215224,52.14734488153812],[4.390630216185908,52.14750489016273],[4.39077389183844,52.14761396629365],[4.390364626104406,52.147817244550694],[4.390408928801936,52.147861662733035],[4.390604606070419,52.14812847774727],[4.390654170913149,52.148199007024516],[4.390664416926964,52.1481981947328],[4.390702856831154,52.14824346212043],[4.390785122410934,52.14828909970703],[4.390911511355619,52.14838724337948],[4.391032157689398,52.14848084415091],[4.390992233149881,52.1485020794459],[4.39069531017518,52.148646983300544],[4.390726526405436,52.148688594238195],[4.390476666308806,52.14888512972116],[4.390215211832379,52.148553940058186],[4.38995234052477,52.14822094009013],[4.389736415777626,52.147944964233],[4.389487758207802,52.14763006040893],[4.389365541623112,52.147476221566805],[4.389146722540344,52.14719932121552],[4.389119710433824,52.147165835086824],[4.389091338017284,52.14712784317476],[4.389064486742457,52.147087167567385],[4.389063106302816,52.14708356047313],[4.389040537046471,52.14704741536026],[4.389019609485584,52.14700319445578],[4.388980535437818,52.14692106814234],[4.388974913252472,52.14691113317721],[4.388963829651676,52.14688407378022],[4.388947545900719,52.1468282070675],[4.388936864252625,52.14678317400276],[4.388918020698727,52.146711106260874],[4.388883355847295,52.146562502076634],[4.388870174772888,52.146498571928284],[4.388846312270437,52.14638960870249],[4.388815768984176,52.14625272446638],[4.388778625425411,52.14608432447991],[4.388732120992484,52.14587719453718],[4.388689858584466,52.145676392451186],[4.388689898784676,52.14567459508446],[4.388516685025597,52.14492708016818],[4.38827624503656,52.143984843127626],[4.388224518391746,52.14381542051982],[4.387731066832577,52.14242880272605],[4.387602613394961,52.142228168536946],[4.387209002137126,52.141734057608836],[4.386184674030634,52.14070157324162],[4.385856172185807,52.140367107359225],[4.385785700959021,52.140382688417084],[4.385642441921864,52.14038686509515],[4.385544259637477,52.1404004129781],[4.385466344148384,52.14042222260669],[4.38539250791623,52.14045754965366],[4.384820749182336,52.14080773937883],[4.384847955988949,52.14083223967721],[4.383360595141391,52.141749904613015],[4.383279769413678,52.14170607164652],[4.383251976931382,52.141707632790656],[4.383231972606748,52.14168768770812],[4.383238744689414,52.14164639803371],[4.383221681870822,52.14162557913261],[4.383219488088087,52.14159320168673],[4.383226260167367,52.14155191201236],[4.383209318638369,52.14152570101261],[4.383174788962833,52.141502036854185],[4.383063209855562,52.141461537356086],[4.383011071944008,52.14144131865718],[4.382965079775294,52.14140766944006],[4.382895287990292,52.14132797595482],[4.382742544372682,52.141234093185034],[4.382678171134908,52.14117332166421],[4.382591787738815,52.14111685690857],[4.382440081407179,52.141041858524865],[4.382232540257855,52.14085133076336],[4.382084505157571,52.14074310555513],[4.381929022336665,52.14057639109563],[4.380009469449774,52.1416107762432],[4.379836889684897,52.141425037061225],[4.379805202023328,52.141404991599],[4.379400831649136,52.141068061770206],[4.379298710496914,52.14086764324468],[4.379252620288103,52.14083848599528],[4.378952244981139,52.14055457685788],[4.378955734377854,52.14052943873483],[4.379016592783382,52.140486813909654],[4.37966211184478,52.14017143869728],[4.379688970135714,52.14014650018282],[4.379603545659733,52.14004779518015],[4.37937662810633,52.13987507383397],[4.379428843478962,52.139826981810394],[4.379417686266583,52.13980351623257],[4.379243939276679,52.13966989971863],[4.379149428266248,52.13971493360063],[4.379070192671533,52.13966571814504],[4.379012135653216,52.13958432487471],[4.37898140338485,52.13952204112919],[4.378955134543715,52.13939148250471],[4.379035100370059,52.13934362788004],[4.378253878862967,52.1387472979994],[4.377959282836959,52.13853174859885],[4.377337642794495,52.13811475137661],[4.377129628795894,52.137946681683154],[4.376952026020168,52.137725839602986],[4.376612489192682,52.137560237699375],[4.376544883158196,52.1375138167097],[4.376281401009947,52.13727965361863],[4.376046680452718,52.13738820075644],[4.37584840463502,52.137306502430384],[4.375416453860544,52.13696482751144],[4.375320068103652,52.13689928291057],[4.374858718699651,52.13650162453058],[4.374777102354106,52.136429015395194],[4.374447576054427,52.13614484397524],[4.374165937092784,52.13574602928816],[4.372050179880788,52.13403888377521],[4.372228141986549,52.133920867528836],[4.371736764856216,52.13356158881532],[4.371645967614916,52.133507774364816],[4.371669987354458,52.13347921777275],[4.370848383800494,52.13286900643117],[4.369503526768362,52.13362143731256],[4.367971529389204,52.13309945319106],[4.367661267956448,52.13293407799088],[4.368815008087607,52.13230046465926],[4.367857890827216,52.131806812062045],[4.367062869209519,52.13137927167129],[4.365801556332234,52.13064926695325],[4.365096185405901,52.130390576020794],[4.364870915266716,52.130278063662374],[4.363507370849741,52.12955074295783],[4.362494804307046,52.128996340951176],[4.361939138507506,52.129343863846714],[4.360509972905609,52.130330960925974],[4.36130297249494,52.130843021226156],[4.362136098724709,52.13132576250394],[4.3626286314519,52.131630261631486],[4.3632010086426,52.132083763662756],[4.362674478386181,52.132369521790444],[4.362273410129303,52.13259794225574],[4.361862454662365,52.132684255738184],[4.359263809444015,52.13294657118295],[4.35921225917075,52.13283825875078],[4.358322138895233,52.13292757293118],[4.357915780808572,52.13262380795978],[4.357888635218061,52.132597504111175],[4.357231266313706,52.132094695353636],[4.356911649831133,52.131830335314255],[4.356125986271883,52.131001910922876],[4.354730074316688,52.13149036239011],[4.35386096313477,52.13054613785384],[4.354665055656318,52.13044891344843],[4.354756069360283,52.130429036549295],[4.354817898652157,52.130408005223835],[4.355332296220209,52.13014284953613],[4.356541718188786,52.129569167362526],[4.356814700746378,52.129448409172745],[4.357871881872111,52.12895158394451],[4.358574090748369,52.128583785796344],[4.35982089169531,52.127905229828336],[4.359546427951179,52.127837221463885],[4.357037839980752,52.127309274423375],[4.35637501677094,52.12717314723075],[4.355213858871314,52.12711445230822],[4.354700732625831,52.1270101869225],[4.353279765192568,52.12606202223498],[4.353302209350046,52.1247768480825],[4.352957459860641,52.12503359551225],[4.352902892419758,52.12499356699733],[4.352767944305697,52.12508226929184],[4.352017012185311,52.12471703356399],[4.351963329486129,52.1248909413045],[4.351819723514492,52.124975072206134],[4.351818682025249,52.12502000611333],[4.351465676589908,52.125002524113434],[4.351284896710777,52.12492633055605],[4.35116295910377,52.12489469794246],[4.350478706018097,52.12480329198521],[4.350207217504184,52.124545628066144],[4.350120844754693,52.1244918356021],[4.350006292922933,52.12445667129245],[4.349936418774138,52.1244470680227],[4.349820990678816,52.124449648000585],[4.349787326716164,52.124390026972534],[4.349718350201464,52.124341780429866],[4.349624323320185,52.12430320089107],[4.349504974690021,52.1242859711067],[4.349504497065794,52.12418080011421],[4.349519287919654,52.124046999924204],[4.348866261691453,52.12374372797087],[4.34875901293988,52.12370862673853],[4.348696523968601,52.12369549231849],[4.348513894422322,52.12369927683026],[4.348448300142778,52.12363128436186],[4.34833490128787,52.12354669116615],[4.348394332052533,52.12337732991292],[4.348296367174294,52.12331983849871],[4.348130178807454,52.12324466743448],[4.348019659754691,52.123161897021994],[4.347038980929431,52.12269483028143],[4.346961972767114,52.12274089173345],[4.346879799066674,52.1226952236371],[4.346818468192556,52.12256974067363],[4.346649218596594,52.12250083250319],[4.346575329503214,52.122412990782806],[4.346466081431756,52.122401240195096],[4.34617726375209,52.122512846040436],[4.346074456813594,52.12253800530692],[4.345979473381528,52.12254076201881],[4.345904077341372,52.122517624637645],[4.345826620294837,52.122457615656344],[4.345777301310141,52.12238077677322],[4.345734122301802,52.122228487676395],[4.345707080572907,52.12213566600886],[4.345654471713982,52.12201205717023],[4.345546328112522,52.12182773392145],[4.345383628840833,52.121603378582144],[4.345597977138258,52.121366174974504],[4.345300523859351,52.12115950508732],[4.34527351181123,52.12100286432379],[4.345495877128948,52.12086011229524],[4.345322298540993,52.12060150391737],[4.345245845813983,52.12018555381939],[4.345048463485648,52.120196393403276],[4.344744208365026,52.12009392995493],[4.344673141943995,52.120010606230395],[4.34468274823507,52.11991181627706],[4.344518453504027,52.119693737535684],[4.344556616054796,52.11956014447438],[4.34458104397883,52.119514518493816],[4.344627013750719,52.11948436366391],[4.344630520728392,52.11945922651788],[4.344136550727536,52.119039582859756],[4.344059353847648,52.11896878857839],[4.343934817846402,52.11873667890434],[4.344128844340262,52.11836896294287],[4.344187567115992,52.1181052167337],[4.343894089936288,52.117854533898345],[4.343850532049821,52.11765639856166],[4.343755838597149,52.11745960837122],[4.34376644443556,52.1173806022783],[4.343595225079173,52.11739706408444],[4.343431546909507,52.11746572647077],[4.342603578515164,52.118155911372675],[4.341790635104322,52.11714197891812],[4.341207060493003,52.11643568931294],[4.340911798980245,52.116075321611795],[4.339959204102783,52.11491811574353],[4.339648838599099,52.114580082099025],[4.339142184695853,52.11408300152965],[4.338368910342135,52.11306490219449],[4.337855042095478,52.1123789900235],[4.337236558031589,52.11210741925373],[4.33723315038379,52.11206604112562],[4.336923995956898,52.11192665981139],[4.335773029844112,52.111452585826584],[4.334703191541865,52.11100619071162],[4.333096463514377,52.11035993240508],[4.332910020676662,52.110280063827766],[4.33149885266876,52.10976227224061],[4.330928363437838,52.109625028613586],[4.330390073104122,52.10948447539915],[4.329365089305444,52.109244273518954],[4.328988660809031,52.10917348004059],[4.329874010754157,52.10852794863248],[4.333056733031086,52.10573131686296],[4.331508711320117,52.104957022112046],[4.331293827396058,52.10484633456616],[4.331219318084316,52.104787240774556],[4.33115817719592,52.10471837917034],[4.331004377862134,52.10461722698828],[4.330768980262001,52.10450995011665],[4.330444645608604,52.104398280002556],[4.330320433766867,52.104342335494266],[4.332266360231939,52.1030375341914],[4.332004954176459,52.102919240552836],[4.332025809341449,52.10290144991352],[4.329548453136961,52.10186622358787],[4.328499293796436,52.10142175293886],[4.328503756827964,52.10141819755634],[4.32762646249765,52.10105166629303],[4.326201791786757,52.100441103540355],[4.323282610104082,52.099215699579915],[4.324559590487291,52.09811531942613],[4.32598686888911,52.096890437445786],[4.326721641961006,52.09624716927083],[4.327487908461593,52.095567326154416],[4.327751442807203,52.095655087904554],[4.328341788684235,52.09580870641819],[4.328511228301267,52.09586416066112],[4.329633463536413,52.09617535682671],[4.330200179226687,52.09634133804551],[4.332127232498404,52.09693477885169],[4.332233750678908,52.09693573234155],[4.333293737154359,52.09728948169926],[4.334763957890393,52.09782486094917],[4.335402171932821,52.09805527482751],[4.335705706232681,52.09818112792685],[4.335847922653606,52.098029589222136],[4.336017232139484,52.09809132344981],[4.336036181680734,52.09815441313725],[4.336581039205506,52.098383089045115],[4.33677298036477,52.09847558537258],[4.336895365939651,52.09854678764416],[4.337253643076248,52.09876570777677],[4.337701087913196,52.098295091229375],[4.338573581590285,52.097436349585784],[4.339492468748227,52.09777260772279],[4.339950181357379,52.09792139305662],[4.340255327125528,52.09797893483827],[4.340609328826759,52.09806926885087],[4.340846743490486,52.09815227475819],[4.341303560449248,52.09833969807076],[4.341358968095614,52.09834198746663],[4.341762797304777,52.09798692247533],[4.342316087770724,52.09748127284529],[4.343529920420365,52.09800078579031],[4.343893421373894,52.09818467606673],[4.345497433330838,52.09881009227057],[4.346449759189214,52.099343442652206],[4.346616169908724,52.099405135921856],[4.347996868598122,52.10009685950277],[4.349286281528224,52.10069877514369],[4.350061763851151,52.101057057401654],[4.353691655663336,52.10295588210608],[4.355142962903279,52.10369667794089],[4.356790900887862,52.10458479041224],[4.357941181712718,52.10528067261448],[4.358487723673622,52.1057618409826],[4.358629919790627,52.1056722966684],[4.358609797736495,52.105658638141264],[4.358837716289358,52.10552310067801],[4.358862196008339,52.1055376960449],[4.359180275845578,52.10535350697521],[4.360139091139648,52.104728166646275],[4.360196442074903,52.104709790212404],[4.360888174587157,52.104145036996904],[4.361480646863646,52.10364323534279],[4.36315548034119,52.102152202240234],[4.363210896234007,52.102090662124894],[4.363241812137846,52.10201542620742],[4.363237518784244,52.101947974185535],[4.363206792876347,52.10188748343897],[4.36332580328008,52.10178964234164],[4.363468917914944,52.101850210367196],[4.363672487695706,52.10169287948956],[4.36391303398375,52.10145047729774],[4.364228250725049,52.10107029779641],[4.364347874308195,52.10088167583792],[4.364474197059221,52.10071917891408],[4.364815526939787,52.10034551647642],[4.365079448786376,52.10003769768775],[4.365265616743418,52.0998748200119],[4.365741043349122,52.09963624809484],[4.365914424561675,52.09952179719812],[4.366081393129286,52.09943245865933],[4.36635348383878,52.099213695267096],[4.367183443703197,52.098468532388864],[4.368046670943274,52.09773533662777],[4.368751963269524,52.09714279037343],[4.370071092397764,52.096062063121444],[4.370458360691447,52.09623169424329],[4.370921528312103,52.09595164823789],[4.371857100745177,52.095433876966744],[4.372385012499581,52.09506539559907],[4.372706847757906,52.094774238151274],[4.372698704923203,52.09474720217267],[4.374820066196715,52.09329040965331],[4.376695065808002,52.09414064548902],[4.377898225282431,52.094693868073286],[4.37910747392915,52.09523724274714],[4.390141183527783,52.10011483648228],[4.394542204471358,52.1020656544866],[4.399978841133424,52.10446452488879],[4.401369130865398,52.10509637243822],[4.401959784168988,52.10538534977113],[4.402157451818937,52.105490370382135],[4.402386198893184,52.105642390915364],[4.403834516174704,52.106426600540765],[4.405121529102415,52.105718243898906],[4.405977431188334,52.10523010106708],[4.406001709192529,52.105254572305746],[4.407412506880311,52.10448969434288],[4.407383771434317,52.104468781772475],[4.408909927578656,52.103632936318554],[4.410380537305334,52.1028649241738],[4.411246582117987,52.10237502983879],[4.411653994104053,52.10216627207335],[4.412431196985194,52.1017331606806],[4.414237752333614,52.100814174040316],[4.414282353118094,52.10077679019012],[4.415002841435216,52.100398923020954],[4.415841011906313,52.10004539165354],[4.41590563050966,52.10002704815925],[4.416458287525702,52.09978171875845],[4.416628022806563,52.100232545016084],[4.416812939797319,52.10065653025872],[4.416857862400971,52.10073869605404],[4.416929817145308,52.10071861467608],[4.417019507036146,52.100890135729486],[4.416998881603411,52.1008989545301],[4.417009853949966,52.10093140368762],[4.417061618299794,52.10116912792913],[4.417124326804796,52.10123885600153],[4.417306170772794,52.101401247773424],[4.417403436034356,52.10149283259094],[4.417692719833136,52.101883518376376],[4.417994365533524,52.102242845067195],[4.418020770368071,52.10223677018082],[4.418318315676586,52.10258347828973],[4.418302165220237,52.102587839819726],[4.418458742135305,52.102771594582784],[4.418803461186274,52.1031645307481],[4.4191003184028,52.103476175717525],[4.419270133637942,52.10365554378291],[4.420017825302016,52.10431425046872],[4.420243008600456,52.10449856562842],[4.420778360987468,52.10492002502712],[4.420728195722201,52.10494478170024],[4.420928047513746,52.105085742730644],[4.421261926097065,52.10496893130814],[4.420851693525982,52.10463389122436],[4.420840562059826,52.10460863200703],[4.421482584742562,52.10434962995004],[4.422116565561464,52.104124715104945],[4.422533969746009,52.10399240452974],[4.422883579306588,52.103890098990476],[4.423341216377134,52.103719463912],[4.423787878724557,52.10358379274388],[4.423992807950375,52.103489289921896],[4.424350396618375,52.1032872722946],[4.424839841082697,52.102994646900214],[4.425118624231503,52.1028593977226],[4.425361510476799,52.102764303484456],[4.42612598917941,52.10237414375748],[4.426884211697606,52.102002804119124],[4.427659226722591,52.101596540989675],[4.427902814292009,52.10146818962198],[4.429768720721004,52.10239659727185],[4.430868726341003,52.10283158416546],[4.431204362174328,52.10297183152876],[4.432045755668075,52.10335167713604],[4.432615519434765,52.10360167989161],[4.432862449422081,52.10372682239155],[4.433585890259012,52.104163228474725],[4.433834115637402,52.10436478199509],[4.434047240055184,52.10456964657293],[4.434457984324513,52.10509070712607],[4.434859679134059,52.10569438761403],[4.435100194728043,52.10612148839954],[4.43535769802156,52.10664220660956],[4.435624931835916,52.10725468580826],[4.435747275406951,52.10740488303948],[4.435951659933556,52.10754136052389],[4.436258602368273,52.107729000798365],[4.436517630758875,52.10790456876348],[4.436675639130106,52.10802539043618],[4.436816191001193,52.10814337459723],[4.437004821049405,52.108334553248156],[4.437416359940668,52.10882145276588],[4.437513357927958,52.1089282989048],[4.437761799230005,52.10912175581021],[4.438236975743756,52.10943119190142],[4.438613973576222,52.1096895003007],[4.438854238290995,52.10985592344643],[4.439301896041162,52.11008693354357],[4.439608648986204,52.110216137880684],[4.440570797279839,52.110556443204054],[4.44093863372287,52.11069692073382],[4.441591322617627,52.11096731933182],[4.442662537137418,52.11139836737239],[4.443196977247282,52.111600395557836],[4.443055422415401,52.11173588753346],[4.442972939984343,52.11177028217724],[4.442941375276754,52.111813174271404],[4.442691292461754,52.11190285389541],[4.442579273848267,52.111953190970446],[4.442467064994497,52.11201251493833],[4.442429698882093,52.112053562703124],[4.442388029638904,52.112090980561135],[4.441982752795386,52.11233941054798],[4.440651146481602,52.1132419607632],[4.439683807161289,52.11390113870174],[4.439465050307255,52.11409622903213],[4.439486260434562,52.11412875821542],[4.43922939532592,52.11433073259081],[4.438858580984047,52.11460459691846],[4.438704037179511,52.114731889577364],[4.43857502389386,52.11475691829919],[4.438503638237116,52.11481836470468],[4.43827862247806,52.11496396561707],[4.438083449967426,52.11507924537723],[4.437652780191336,52.11480252643453],[4.43754142800511,52.114752192666984],[4.437441991523833,52.11475948134009],[4.435994323060409,52.11568801006813],[4.435654645092577,52.11586953382855],[4.43530538223746,52.116089629891626],[4.435544099332972,52.11632975289184],[4.435694108346902,52.116484667384675],[4.435974380493513,52.116761977777216],[4.435996545909483,52.11674957267338],[4.436066738850357,52.11681305861696],[4.433733567514996,52.11838428331209],[4.432899537377957,52.11894471157494],[4.432312770557394,52.11934444450565],[4.432371878300694,52.11937997843009],[4.432568065921299,52.11949212587314],[4.432545859786691,52.11950632771473],[4.432592020594908,52.119532768174125],[4.431405686032834,52.120041795058796],[4.431143317624764,52.120088205946686],[4.429995931343267,52.12054989540162],[4.429607647757626,52.12040742044732],[4.429268431386298,52.12022399563301],[4.42889627523187,52.12001063996643],[4.428538057626135,52.12016862258735],[4.428103778671042,52.120400590219525],[4.427481674152317,52.12067507138387],[4.42707995619494,52.120818313891284],[4.42677013664222,52.12096589905114],[4.426369555602378,52.12119184287357],[4.426726471990209,52.121434744486564],[4.427585981555947,52.12200532334015],[4.428281211355041,52.12247478724463],[4.428878927511616,52.12286165888565],[4.429612757984613,52.12337097792548],[4.430837021715642,52.12430133827009],[4.430878365766508,52.12428010114601],[4.431231468790228,52.12456700152487],[4.431247722113644,52.12455814477637],[4.431478201612656,52.12477483861987],[4.433088849990508,52.12607953153086],[4.433324436750454,52.12626300544541],[4.433432278439321,52.12634207781104],[4.433514624418997,52.126384090979386]],[[4.3890419496723,52.145611958476884],[4.389283984340856,52.14668004650686],[4.391759627104991,52.14652299191195],[4.391746586302714,52.14632153877703],[4.392189910736761,52.14609697062801],[4.392017421567884,52.145969676027065],[4.39214641215673,52.14588537321621],[4.392064229721225,52.14583614183207],[4.392196241523758,52.145747370191195],[4.392091247868778,52.145672778508555],[4.392382503689652,52.145518834882765],[4.392345144666129,52.145490655343785],[4.392503228300203,52.14541199064374],[4.392498926114062,52.14540835895086],[4.39264372223005,52.14533587398121],[4.392477037654011,52.14521042667621],[4.392424951157687,52.145187516077186],[4.392374886183898,52.14513945461623],[4.392240239380113,52.14501877143676],[4.392126422799547,52.144946801901945],[4.392045803010329,52.14489308940367],[4.392029536141207,52.1448363244056],[4.391782616813888,52.14464008855272],[4.39171234960807,52.144384221185526],[4.391931081370693,52.14427191267404],[4.391356895514738,52.14381404415212],[4.390955893406258,52.143976046877206],[4.390789141279273,52.14418137462245],[4.389618943988592,52.14470180694298],[4.390031698058905,52.14519157683893],[4.3890419496723,52.145611958476884]]]]}},{"type":"Feature","properties":{"gezicht_uri":"https://linkeddata.cultureelerfgoed.nl/cho-kennis/id/gezicht/10134595","gezichtsnummer":"297","naam":"Oegstgeest - Wilhelminapark en Geesten"},"geometry":{"type":"MultiPolygon","coordinates":[[[[4.463983648803946,52.17877300012268],[4.464037953854608,52.178833647191865],[4.463852417533203,52.178896912207016],[4.463790999919846,52.17889733051187],[4.463701657699942,52.1789047209948],[4.463697365096579,52.17890019320548],[4.463521846300975,52.17890331382008],[4.46350867075792,52.17890410953952],[4.463499899470371,52.178904040888874],[4.463483306130003,52.17885807018069],[4.463467188227385,52.17885974170567],[4.463420118857312,52.17880274636696],[4.463449561159446,52.178793089583166],[4.463429541596346,52.17877136072588],[4.4634369068207,52.178768721856464],[4.463428358921682,52.17875786886988],[4.463371298575872,52.178689110386784],[4.463364231196517,52.17867737014469],[4.463284787372856,52.17870101691306],[4.463210296560828,52.178626728851924],[4.463177492715534,52.178586923058425],[4.463146150798075,52.17854712870191],[4.463100767473269,52.17847936035022],[4.463070999288298,52.17843418525486],[4.463024210192478,52.17836370934321],[4.462921470041164,52.178382679232946],[4.462812863719037,52.17840250192608],[4.462727740281286,52.178418014272395],[4.462707181031331,52.17842234742222],[4.462697283279361,52.17840609076619],[4.462450721112553,52.17845089871085],[4.462224691011778,52.17842216217952],[4.462240185612085,52.17838003813494],[4.461872746872866,52.17833131690386],[4.461982142666752,52.17799151416311],[4.461894673989606,52.17797914347431],[4.4619461402767,52.177824047627965],[4.461619358322224,52.177789126926406],[4.461523156384795,52.1777748897844],[4.461475102070026,52.177765524449114],[4.461450343998703,52.17776083604058],[4.461422680900092,52.17775522599794],[4.461386284060378,52.177747749753706],[4.461355734602492,52.17774031937162],[4.461342633985836,52.17773752007429],[4.461272931965346,52.17771450221852],[4.461249710412417,52.17770623046153],[4.46122210334524,52.177697924290136],[4.461117559857902,52.177662948037565],[4.46110882613849,52.1776610818219],[4.461100092419812,52.17765921560559],[4.461091358701872,52.17765734938866],[4.461082606324518,52.177656381864985],[4.461073872607869,52.17765451564674],[4.46106512023146,52.17765354812176],[4.461056367855436,52.17765258059615],[4.46104763414064,52.17765071437597],[4.461038863104537,52.17765064554295],[4.46102864889035,52.177649666543054],[4.461019896515894,52.177648699014725],[4.461011125480242,52.17764863017967],[4.461002373106378,52.17764766265003],[4.460993602070966,52.17764759381367],[4.460983369196356,52.17764751350372],[4.460974598161012,52.17764744466594],[4.460965808463206,52.17764827452139],[4.460957037427745,52.177648205682274],[4.460946785890205,52.177649024063086],[4.460938014854636,52.17764895522258],[4.460929225155868,52.177649785075296],[4.460920435456776,52.17765061492735],[4.460911627093777,52.17765234347265],[4.460901375554475,52.1776531618495],[4.460892567190242,52.17765489039335],[4.460883777489476,52.17765572024267],[4.460874969124063,52.17765744878524],[4.46086616075797,52.17765917732709],[4.460857371055882,52.177660007174445],[4.460848562688607,52.17766173571503],[4.460841216160357,52.17766347572964],[4.460832407791781,52.177665204268976],[4.460823580757153,52.17766783150154],[4.460814772387039,52.17766956003954],[4.460807407190496,52.1776721987459],[4.460798580153019,52.177674825976574],[4.460789753114509,52.17767745320657],[4.460782387915187,52.17768009191134],[4.460775022714996,52.17768273061562],[4.46076619567354,52.17768535784387],[4.460758811804839,52.17768889524098],[4.460751446601805,52.177691533943815],[4.460744062730916,52.17769507133999],[4.460736678858855,52.17769860873571],[4.460729294985626,52.177702146130976],[4.460721911111223,52.17770568352577],[4.460715989076814,52.17770923239632],[4.460708605200185,52.17771276979024],[4.460702683163774,52.17771631866011],[4.460695280616935,52.17772075474704],[4.460689339910299,52.17772520231006],[4.460683417870704,52.177728751178954],[4.460677477161819,52.177733198741365],[4.460662709393352,52.177740273523895],[4.460647922951255,52.17774824699838],[4.460634598346544,52.17775623194821],[4.460619830563659,52.177763306725346],[4.460606505949423,52.177771291671945],[4.460591719486999,52.17777926513929],[4.460578394862964,52.17778725008271],[4.460565070234155,52.17779523502461],[4.460551726929656,52.17780411865874],[4.460538402291034,52.17781210359756],[4.460525058976171,52.17782098722863],[4.460511734327733,52.17782897216442],[4.460498391002512,52.17783785579238],[4.460447687894343,52.17774487708185],[4.460392692849212,52.17764737043904],[4.460323079685334,52.1775497489596],[4.460274553879584,52.177492740885064],[4.460194129384049,52.177422898463085],[4.460106209197122,52.17736198550515],[4.460035308111336,52.177326373723375],[4.459625763802475,52.177193722448564],[4.459554545627517,52.177173388171056],[4.459420618697153,52.17714537015216],[4.459247260155318,52.17711524425268],[4.459129207926062,52.17709723797049],[4.45904176050697,52.17708396647749],[4.458884388952129,52.17705845997868],[4.458863589666827,52.17714458507185],[4.458839302671032,52.1771875383727],[4.458748242043221,52.1772776049166],[4.458207025766388,52.177149305763784],[4.457627618065945,52.17702969169706],[4.457558029836433,52.176861060306464],[4.457552426088203,52.17684933123216],[4.457473692250943,52.17662849496667],[4.457430361405113,52.176462766862414],[4.457386861720651,52.176235017378595],[4.457345573639182,52.175971331652676],[4.457323664715529,52.17583004098122],[4.45729315349309,52.175610483343945],[4.45727628633905,52.17550788254853],[4.457315435130988,52.1754533617259],[4.457449803901879,52.175319594261374],[4.45771680177408,52.17541607581749],[4.457815452805422,52.175452806417056],[4.458037886229644,52.175512982624724],[4.458058257386046,52.17551763722037],[4.458112080755154,52.17553064475128],[4.458238711878733,52.175557708022474],[4.458390155832929,52.17558676413092],[4.458407640944021,52.17558959826922],[4.458588414102746,52.175614390744755],[4.458738658594905,52.175630853192075],[4.458743043912039,52.17563088769369],[4.459071456530564,52.17565684088924],[4.459115343852926,52.17558527877255],[4.459147066108336,52.17546598240532],[4.459152049740807,52.175437258688234],[4.459152143229967,52.1754327652189],[4.459158136530595,52.17535551203242],[4.459156843046334,52.175347412292176],[4.459161486751044,52.17526475544562],[4.45915183072036,52.17516670584803],[4.459152111185623,52.17515322543946],[4.459152148580976,52.1751514280517],[4.459153629035428,52.17515054085318],[4.459153666430717,52.175148743465336],[4.45915516558266,52.17514695757291],[4.459155184280274,52.175146058879],[4.459156683432064,52.17514427298655],[4.459158163886187,52.17514338578796],[4.459159663037768,52.17514159989552],[4.459161143491741,52.17514071269689],[4.459164085702081,52.17513983699354],[4.459165584853308,52.17513805110096],[4.459167065307044,52.17513716390227],[4.459169988819727,52.175137186892655],[4.459172931029663,52.175136311189085],[4.459174411483197,52.17513542399034],[4.459177334995769,52.17513544698053],[4.459180277205448,52.17513457127677],[4.459181738961707,52.175134582771825],[4.459190472105498,52.17513644912956],[4.459518787901745,52.17516689454386],[4.459557724094528,52.17505214897839],[4.459583429580308,52.174940894763765],[4.459593115825603,52.174896927696096],[4.459637203017512,52.17474537011126],[4.45965603336502,52.17468349809099],[4.459698583645748,52.17453552376389],[4.459704314263298,52.174470852252895],[4.459709876689352,52.17441426898812],[4.459797879609001,52.174400579155474],[4.459948867719964,52.1743810922901],[4.460136361626502,52.17436368970409],[4.460527465378529,52.1743272125109],[4.46058314180751,52.17432135781318],[4.460695957695563,52.174098432208915],[4.460602780794824,52.174079723807566],[4.460640873217825,52.17400541910174],[4.460455962977516,52.17396891231246],[4.460318518913096,52.17389952094055],[4.460423943843091,52.173821250931645],[4.460493764579911,52.173767868786854],[4.460606665445785,52.17368156775482],[4.46076264594024,52.17356234770921],[4.460701888949616,52.17353131011699],[4.46065569307612,52.173503083344386],[4.460616824440097,52.173474015245176],[4.46059238619104,52.17345404885301],[4.460557828067375,52.173428609944374],[4.460513094091239,52.173400394593784],[4.460459571307734,52.173373009046564],[4.460171644064231,52.173228730636225],[4.460133994877022,52.17321135688791],[4.460090461591894,52.173195734582045],[4.460022210318433,52.17317362616585],[4.459945394450252,52.17314156315975],[4.459797759270208,52.17307029339214],[4.458450567404142,52.172404442889736],[4.458387058675227,52.17236529285141],[4.458352671063286,52.172331765049485],[4.45830803314869,52.17229905539261],[4.458037453803823,52.1721647954831],[4.457970741666897,52.172139102614935],[4.457848636426438,52.172105782738946],[4.457724207250591,52.17204368150017],[4.457586867007152,52.17196979347703],[4.457432455688071,52.171873299746395],[4.457418063969986,52.17186240025217],[4.457330233430238,52.17179789042629],[4.45728271097624,52.17176335995796],[4.457233989234101,52.17171623623492],[4.457179533439726,52.17166367424923],[4.457117900730029,52.17160476377851],[4.457050890082078,52.171523339839965],[4.456988302060113,52.17144015304062],[4.456932984948764,52.17135882120874],[4.45692586419448,52.1713497766551],[4.456893314913792,52.17129828606829],[4.456866649703436,52.17124504417799],[4.456855462708213,52.171220687250894],[4.456840265687727,52.17117832187059],[4.456834794028276,52.17116030189452],[4.456795462000425,52.17101348056596],[4.456766867240129,52.17091258481664],[4.456764356362198,52.1708927904977],[4.456759315869321,52.17085410055357],[4.456758022946206,52.17084600078211],[4.456755624537338,52.170820814298224],[4.456754612769951,52.17079923411539],[4.456754818949521,52.17078934848041],[4.456756936586743,52.170757905711895],[4.456758735581681,52.17074174074289],[4.456766568452355,52.17071663493138],[4.456771159459838,52.17070678387001],[4.457105362203952,52.1706635775965],[4.458541911266985,52.17047445004152],[4.459683732932682,52.170327930888604],[4.460162665584086,52.170284055817255],[4.460467368647866,52.17025319207675],[4.460896437561937,52.17021701198954],[4.461297716839641,52.170181511137976],[4.461855646977546,52.17013465367482],[4.462429727986702,52.17008432478847],[4.463075537343266,52.170029161828445],[4.463687672774495,52.169976428327864],[4.463788689812825,52.16996912930301],[4.46415623654228,52.1699387478222],[4.464548666925876,52.169906762084736],[4.464731755506658,52.16988931784987],[4.46551665118052,52.16982354384307],[4.466043897844009,52.169775528111224],[4.466434900990463,52.16974172729047],[4.466898945525695,52.169710292539136],[4.466973560311167,52.169707279080704],[4.467026269908826,52.16970319591894],[4.466982697698033,52.1697603819522],[4.466895386091017,52.16988284223485],[4.466868132022529,52.16992847056012],[4.46690285790543,52.169945819371115],[4.467144700656382,52.17005646501009],[4.467180832740314,52.170076521224416],[4.467342768572119,52.17023418197576],[4.467573658369338,52.17045080454248],[4.467644072981712,52.17050977793101],[4.467811506574455,52.170684558824995],[4.467875297587841,52.17078123177101],[4.467844287320627,52.17086727887819],[4.467848579577909,52.170871806522115],[4.468099122147417,52.17119913850769],[4.468392814253317,52.17156096184112],[4.46852319571619,52.171689612292624],[4.46852463885572,52.17169052236804],[4.468570301182207,52.17174480827061],[4.468595519023722,52.171798036166265],[4.468612096551156,52.17184490491415],[4.468608507055185,52.171877235227136],[4.468601624135877,52.17192751671068],[4.468618442284888,52.171962702404265],[4.46898517180192,52.17239879758588],[4.469015422930673,52.172420605135656],[4.469034110198082,52.172436030821466],[4.469225313130978,52.172593017716544],[4.469405008853992,52.172740926391654],[4.469581948771893,52.17288072379252],[4.469724326764002,52.172995084690136],[4.469941493920471,52.17316935020673],[4.470385825152403,52.173529642584406],[4.47048650098236,52.17361042145524],[4.47066050583799,52.173751093220396],[4.470997991435748,52.174046735682936],[4.47098176479594,52.17405380041952],[4.471436677475034,52.174397991730075],[4.471684531676137,52.17450238255833],[4.47163130033292,52.17453163128923],[4.471572148165128,52.17456442941613],[4.471596628841938,52.17458259615004],[4.471540012664189,52.17463428956994],[4.47127872296689,52.17482820894134],[4.471157124620881,52.17491175603994],[4.471078507366445,52.17496687381667],[4.470820838810979,52.175126664387975],[4.470816416606056,52.175128427727934],[4.470717130773009,52.1751932720045],[4.470693447138156,52.1752074695081],[4.470687507761804,52.1752119175795],[4.470454945022856,52.17535931858152],[4.470346813644162,52.17542768919334],[4.470247618833389,52.175488039587556],[4.470115876721144,52.17556701260792],[4.469991516943689,52.17564244750087],[4.469896798917314,52.17569833819891],[4.469781356958405,52.17576665147266],[4.469736912031809,52.175795068822424],[4.46964208244217,52.175856351488804],[4.469613957299611,52.17587321076368],[4.469537131027256,52.17591216233491],[4.469523845536726,52.17591835090425],[4.469373411995965,52.17598189748119],[4.469326412881079,52.17599231801911],[4.469299749321897,52.1760091885876],[4.46925239876311,52.17603668431699],[4.469068528642218,52.176161990360875],[4.469068547140633,52.17616109166511],[4.468980636325831,52.17624130326618],[4.46894873583055,52.176228471299176],[4.468870058017431,52.17628628366722],[4.46881885812671,52.176358691255366],[4.468805701930362,52.17635858887291],[4.46852794017827,52.17657035081997],[4.468498241296439,52.17659259061905],[4.468434420995162,52.17663883344392],[4.468369083212932,52.17668776093893],[4.468256282251035,52.176769575893154],[4.468205802936198,52.17680693408062],[4.468118259652505,52.176869171113744],[4.467981753818702,52.17696608146965],[4.467952091443317,52.176986523737604],[4.467879369423099,52.17703898880481],[4.467870468832396,52.17704521134767],[4.467817083760125,52.17708164789507],[4.467766659299194,52.17711630980486],[4.467716253286048,52.17715007299736],[4.467668789376247,52.17718296025276],[4.467621343924561,52.17721494879336],[4.467397420398664,52.177367804184925],[4.467351915937054,52.17744744624998],[4.467190611032034,52.177541465886435],[4.467180507927729,52.17753509524768],[4.467079879382735,52.177593634149204],[4.467089982485821,52.177600004796545],[4.467079619832982,52.177606215881355],[4.467040669277352,52.177580744681244],[4.467006639083075,52.17760025381853],[4.466898589697658,52.177664127742965],[4.466883785847714,52.17767300069671],[4.466867483062379,52.17768365963875],[4.466746035576806,52.17775911385668],[4.466694203312506,52.177791067813644],[4.466621571242635,52.177839038616604],[4.466519349574301,52.17790385649568],[4.466542590764009,52.17791122852291],[4.466314497137761,52.178053263272204],[4.466150004324402,52.178159840380744],[4.46612335682592,52.17817581152442],[4.46609524744958,52.178191771252365],[4.466009160360548,52.178254018102045],[4.465951182547497,52.17830030520148],[4.465924404953284,52.17832256716312],[4.465918427559843,52.178328812379554],[4.46590950787466,52.17833593346667],[4.465900588186624,52.17834305455306],[4.465893130359635,52.178350187050924],[4.465884210666127,52.17835730813607],[4.46587525384186,52.1783662266101],[4.465864816585125,52.178376032365705],[4.465855859753205,52.1783849508382],[4.465846902917694,52.178393869310014],[4.465836465648235,52.17840367506304],[4.465819995259432,52.17842242211071],[4.465811038409194,52.17843134057972],[4.465802062989898,52.17844115774275],[4.465794549433809,52.17845098631845],[4.4657870358744,52.178460814893626],[4.46577806044386,52.178470632054804],[4.465770546877483,52.17848046062889],[4.465764495176238,52.17849030061623],[4.465756981603537,52.17850012918944],[4.465747931892033,52.17851354112714],[4.465738882175065,52.17852695306411],[4.46573586560153,52.17853142370957],[4.465696501548876,52.17859673165118],[4.46565550838948,52.178670116415766],[4.46564823615534,52.17866826195063],[4.465634503649066,52.178696018748376],[4.465619067848494,52.17873544715958],[4.465590785664119,52.17883050331063],[4.465142601790868,52.17879734084815],[4.465087087575978,52.178795109430006],[4.465003872009597,52.17878906617021],[4.464919194588371,52.17878301142754],[4.464833055312978,52.17877694519888],[4.464751283106507,52.17877181188089],[4.464743973719823,52.17877175474907],[4.464667788803011,52.17877924880158],[4.464612125918746,52.178784206715854],[4.464585830710464,52.17878310231368],[4.464506963685408,52.17877889037761],[4.464365235951384,52.17877418686822],[4.464363513749137,52.17878675715885],[4.464326985402293,52.178785572680695],[4.464325300379654,52.178796345581944],[4.464250800393476,52.17879306646374],[4.464071101025369,52.178786267960675],[4.464071287030706,52.17877728101721],[4.464063996244936,52.178776325148874],[4.463983648803946,52.17877300012268]]]]}},{"type":"Feature","properties":{"gezicht_uri":"https://linkeddata.cultureelerfgoed.nl/cho-kennis/id/gezicht/10134596","gezichtsnummer":"1496","naam":"Dordrecht"},"geometry":{"type":"MultiPolygon","coordinates":[[[[4.674847637238196,51.81666770909551],[4.674863191549568,51.81669297177423],[4.675145444222311,51.81764658437623],[4.675491970822013,51.81802081705561],[4.6755846746062,51.81812025450943],[4.676600176411352,51.81893269065586],[4.676910734764686,51.82039432929767],[4.67562995290175,51.82048904187447],[4.675067620802882,51.820553046177686],[4.672542660229663,51.82081095394056],[4.671580513084045,51.82093362929431],[4.670243780958133,51.8207142375717],[4.669908296267509,51.82065016591345],[4.667424492701152,51.820145077203804],[4.666420952541324,51.8199537518001],[4.665824056934195,51.81982064766612],[4.664611197232509,51.81947790912076],[4.663999413081917,51.81927908666488],[4.663519376609682,51.81909545532286],[4.663072699776927,51.8189120278298],[4.661500474013317,51.81819131237328],[4.660807620913414,51.817805007301565],[4.660313240628142,51.81752329731289],[4.65870922261335,51.81662167454152],[4.655187540002479,51.81458629575693],[4.654865767366226,51.814396424676104],[4.654041536082642,51.81389150724378],[4.653404500944595,51.813469551652986],[4.652878283081634,51.813100420416134],[4.652006393847786,51.812497213450975],[4.65386061127934,51.81146253186338],[4.654584519415247,51.810909754719866],[4.655125278955326,51.81118638566603],[4.655376939870768,51.81104863069199],[4.655695123777638,51.810922076309716],[4.656179522346926,51.81073992788644],[4.656275774973262,51.810706370437934],[4.656510256414674,51.8106440110317],[4.656837958090101,51.81055616419607],[4.656989614651112,51.8105040747368],[4.657149723313482,51.8104673184366],[4.657167152125239,51.81046562912735],[4.657267302290256,51.81045996005141],[4.657338864976114,51.81060781965927],[4.657345765699518,51.8106294354311],[4.657349955603247,51.81063934904762],[4.657409356388249,51.81073230196765],[4.657436251458585,51.810772918322634],[4.65746023205685,51.81081441541592],[4.657464451096307,51.81082253147155],[4.657487069036363,51.81085862687233],[4.657509672466617,51.81089562104701],[4.657577410256208,51.811011097436065],[4.657619746550294,51.81108327015888],[4.657623965643425,51.81109138620866],[4.657647932039401,51.811133782041],[4.657687513986743,51.811196948926266],[4.657727081502924,51.81126101457624],[4.657729981505386,51.811261032603475],[4.657752512629216,51.81130252062201],[4.657772318276774,51.81133320527002],[4.658079683685327,51.81187533548436],[4.658265680845844,51.81221087009778],[4.659565518433928,51.812271071355575],[4.660297626390401,51.81228549607904],[4.660397751241525,51.81228162189628],[4.66054736557155,51.81226636879643],[4.662271533775988,51.812091865592066],[4.663142301952726,51.81205050036702],[4.663833914140934,51.8119675754092],[4.666055160574499,51.81163068802353],[4.666796535391691,51.81151838880073],[4.667927512511131,51.81134555280726],[4.668512997032659,51.8112781294225],[4.668595761894915,51.8112714453322],[4.668616104930226,51.81126887330066],[4.668968584854573,51.811262941363395],[4.669198877897759,51.81128053025874],[4.669358235334928,51.81129049385735],[4.669490057045382,51.81129938996559],[4.669679836132148,51.81131133691769],[4.669685321482871,51.81133114554662],[4.669736935325996,51.81136831469595],[4.669880305970027,51.81147166207837],[4.670005055835372,51.81156051359783],[4.670214299516747,51.81171639745729],[4.67029742881888,51.81177802832897],[4.670346129342931,51.81181607827387],[4.670498217529846,51.81173610915051],[4.670601983196104,51.811685507389726],[4.67073061315135,51.811621574333685],[4.670816835309689,51.81157985394835],[4.670855471627868,51.811612449037156],[4.670938501668443,51.811680370919404],[4.671290325301746,51.811989930484536],[4.67133467680572,51.8120279534819],[4.671351863102983,51.81204154133325],[4.671410543789668,51.81209043811919],[4.67141914409487,51.81209678264938],[4.671444887950717,51.81211941135797],[4.671473503362614,51.81214385530944],[4.671172541245292,51.8122840404062],[4.6711696126218,51.81228582027186],[4.671201113792723,51.81231118076466],[4.671219750196142,51.812324777482196],[4.671229786285172,51.81233202965344],[4.67138015676801,51.812451597484106],[4.671383071124078,51.812450716393606],[4.671434602034641,51.81249327747858],[4.67148758308823,51.812535847384545],[4.671592123978508,51.812619180721356],[4.671643655278723,51.81266174171438],[4.671695186676168,51.8127043026847],[4.671726659908372,51.81273146059709],[4.671795378178391,51.812787609316864],[4.671848345657272,51.81283107784011],[4.671866953949698,51.81284647201563],[4.671898413124625,51.81287452866229],[4.67194987371128,51.812921583422735],[4.672005684584805,51.81296866467241],[4.672065760219582,51.813021165087854],[4.672183083049941,51.813121654253884],[4.672203113133994,51.81313885477199],[4.672231715349145,51.813164197317974],[4.672264568028803,51.81319585782251],[4.672296013442472,51.81322481314278],[4.672306007149212,51.81323476156322],[4.672427652786291,51.81333707454579],[4.672517796258507,51.81341402727168],[4.672676674806451,51.81354622935051],[4.672781149021761,51.81363405552878],[4.672795436202324,51.813647625512544],[4.672814030912767,51.81366391831808],[4.672842619562519,51.813690159495316],[4.672885523960253,51.813728173077315],[4.672902682891552,51.81374355826183],[4.672941308329027,51.813777051442145],[4.672979948062512,51.813809645829224],[4.67300004994711,51.81382235230849],[4.673035775347013,51.813855827807565],[4.673067250189367,51.813882985359605],[4.673101554069054,51.81391465445332],[4.673131564664889,51.813942701944804],[4.673198708325541,51.814006930042424],[4.673230097968739,51.81403948023373],[4.673300056712555,51.81410911860061],[4.673372887408524,51.81418057212758],[4.673469914730349,51.81428093651592],[4.673467000296313,51.81428181765789],[4.67349129632187,51.81430443709653],[4.673588082317811,51.81442008065549],[4.673593783158895,51.81442640739032],[4.673602327310259,51.81443634688225],[4.673602313083747,51.814437245662795],[4.673644991220764,51.81448963945467],[4.673760360582587,51.814439105458625],[4.673798305164883,51.8144240553906],[4.6738260705312,51.814410741167784],[4.67382319876197,51.814408925976856],[4.673941453708211,51.814359308211806],[4.67402981046712,51.814457821695974],[4.674086819618387,51.81452108881773],[4.674192109283924,51.81464936767707],[4.674230551671442,51.81469454458038],[4.674320487747066,51.81478497762865],[4.674288343511302,51.814800063101465],[4.674158458387968,51.81485140828758],[4.674156965620128,51.814854095818504],[4.674022758260445,51.8149036168599],[4.674009621845406,51.81490893023028],[4.674052343553835,51.8149586275312],[4.674160363806423,51.81509770940468],[4.674210137506204,51.815160033628935],[4.674306912963175,51.8152765753706],[4.67433543244091,51.81530731008535],[4.674417891880675,51.815412079500405],[4.674541539132672,51.815571929854855],[4.674710810769657,51.81578149474582],[4.67473783807577,51.8158149168997],[4.674753505666619,51.81583298935034],[4.674794764709885,51.81588357635566],[4.674796186457628,51.81588538271978],[4.67483745979905,51.81593507092942],[4.674880154985562,51.81598656548745],[4.674874682571707,51.816057542746016],[4.674872792154476,51.81608539614128],[4.674865500300273,51.81617973289071],[4.674825933993345,51.816205559862475],[4.674758544616337,51.816248296388416],[4.674745308463668,51.81625990130338],[4.674715680112195,51.81629927157],[4.674713093533814,51.81637116520635],[4.674721311583983,51.81640177656708],[4.67473496100966,51.81645579143513],[4.674749008193734,51.81648464044761],[4.674751738087841,51.81649544342064],[4.674801102239809,51.816583832022324],[4.674847637238196,51.81666770909551]]]]}},{"type":"Feature","properties":{"gezicht_uri":"https://linkeddata.cultureelerfgoed.nl/cho-kennis/id/gezicht/10134612","gezichtsnummer":"245","naam":"Moordrecht"},"geometry":{"type":"MultiPolygon","coordinates":[[[[4.673805289055934,51.98745949623058],[4.673770094980926,51.98747546209808],[4.673620498436097,51.98754466505643],[4.673441121278039,51.98747256826448],[4.673216932830753,51.98738042468058],[4.672962361796317,51.987276411245674],[4.6726584846357,51.98716041285128],[4.672654060301449,51.98716398137222],[4.672484732824824,51.98710093259832],[4.67227918560349,51.987026877365395],[4.672264915256525,51.987008813727115],[4.672187663738399,51.98701463627135],[4.671970494570033,51.98703039456042],[4.671905899846187,51.98706415810252],[4.671875201459885,51.98707206111204],[4.671862057290633,51.98707467774816],[4.671841677690767,51.987074553856075],[4.671750837439236,51.98711085429662],[4.67167322726318,51.98713914549495],[4.671588209500481,51.98717548121554],[4.671485508212191,51.98722519202256],[4.67132561873794,51.98730062139947],[4.671306536945084,51.98731039262613],[4.671208302543179,51.98735383844038],[4.671066821087288,51.98727927204277],[4.671054135983406,51.987253128282],[4.67099223007666,51.98720960685558],[4.670941768878516,51.9871787389166],[4.670843829830767,51.98711252689977],[4.67072716815218,51.98703361694556],[4.670655159229136,51.98698464074035],[4.670621707247755,51.98698263933909],[4.670592938198328,51.98696089181356],[4.670482229315979,51.98687392824024],[4.670397407064136,51.98680689688837],[4.670344250824689,51.986762529565105],[4.670331422653007,51.98674537332077],[4.670324402823837,51.98672915130797],[4.670292794555033,51.986702892174534],[4.670297190302912,51.98670112126151],[4.670266937189339,51.98668116230645],[4.670272802973131,51.98667850150382],[4.670219704471215,51.986630539085816],[4.670113421601537,51.986540006734735],[4.670015715084396,51.98645941387488],[4.669889096875517,51.986366060830555],[4.669831517185178,51.98632526169161],[4.66983161779795,51.98631897037509],[4.669690544424677,51.986219237055344],[4.669469727072693,51.9860992425479],[4.669466409887026,51.98603360646955],[4.669380293294736,51.985956679148735],[4.669375969495082,51.98595395623039],[4.669353297571384,51.985915167490624],[4.669104707794848,51.98571141005592],[4.669106177823132,51.985710520179815],[4.668875880293413,51.98554642315862],[4.668757871275399,51.98546121104541],[4.668736281499654,51.98544579881858],[4.668733355840692,51.98544667980221],[4.66857566958761,51.98529381167891],[4.668578782412713,51.9852812468265],[4.668517169609681,51.98521974890598],[4.668395371327336,51.98509855937847],[4.668341614180911,51.985091939043016],[4.668282855584372,51.985034053822396],[4.668258614217198,51.98500244605105],[4.668254621876442,51.984979051624656],[4.668247286174883,51.984982602193035],[4.668250629539795,51.98495565719808],[4.668281658395627,51.98492708366346],[4.668191970101113,51.98461912982033],[4.668170424141753,51.98460102121051],[4.668170784287057,51.98457855222401],[4.668143704069853,51.98454243284045],[4.668104762978638,51.98451972367792],[4.668088852210639,51.984513334508534],[4.668092094782954,51.98449268083261],[4.668089486136404,51.98447378909225],[4.668013592290931,51.98421355830787],[4.66798337068781,51.98419180124443],[4.667940826953028,51.98412143108293],[4.667923446350305,51.984115931752896],[4.667891913380513,51.984085178173125],[4.667752753750086,51.98395758987265],[4.668565021333764,51.98359582376281],[4.668563623351893,51.9835922198343],[4.66861203153306,51.9835691454404],[4.668918536121438,51.983518883735734],[4.66891576888666,51.98350987836743],[4.668913073605377,51.98349637920048],[4.668898515815594,51.983405506725646],[4.668994669496789,51.9834007005881],[4.668994640719185,51.9834024981076],[4.66914760460241,51.98339534205025],[4.669235039227304,51.98338958365999],[4.669240861489043,51.98338961918623],[4.669262709354073,51.98338885364727],[4.669286012783776,51.98338809698519],[4.669320917588993,51.98339010764275],[4.669336957573103,51.983388407807915],[4.66935155637228,51.98338580033095],[4.669371991812043,51.98338232961207],[4.669396765182568,51.983380683048175],[4.669431713127253,51.98337999739341],[4.669468116636076,51.98337932060701],[4.669485583418044,51.98337942715022],[4.669519266071487,51.983457832334096],[4.669525102720573,51.98345696908641],[4.66952784131826,51.98346777196033],[4.669227505253327,51.983496500547254],[4.669263595263042,51.98360638015733],[4.669238764227071,51.98361162173195],[4.669247281905489,51.98362515641738],[4.669268626465921,51.983655847469095],[4.669319948453774,51.983723574162624],[4.669321404030067,51.983723583043194],[4.669361282889373,51.98377865603687],[4.669443894544353,51.98389241477999],[4.669446748188168,51.98389602757705],[4.669467226991928,51.98388986056303],[4.669473078077682,51.9838880985584],[4.669474519279965,51.98388900619683],[4.669499393579021,51.98388106829357],[4.669520781568544,51.98390906301965],[4.669636333247484,51.983874712700946],[4.669662648715547,51.983867682399534],[4.669723988130027,51.98394625616766],[4.669756762239262,51.9839904995312],[4.669790991999504,51.98403475176022],[4.669681176123806,51.98407453029271],[4.669744158305526,51.984141429047774],[4.669792814723659,51.984193858865915],[4.66992900386584,51.98414345483058],[4.670003670027403,51.98411694453848],[4.670058105983364,51.98417210601541],[4.670095347933661,51.984210084579715],[4.670109645254136,51.98422635096553],[4.670169803291925,51.98428783919225],[4.670218503460503,51.98433757255503],[4.670267189373197,51.98438820465729],[4.670277220561299,51.98439815309706],[4.670313036010203,51.98443432520348],[4.670323067218756,51.98444427363937],[4.670333112794175,51.984453323314526],[4.670406156447306,51.984528372628766],[4.670410451450866,51.98453289302932],[4.670447708358337,51.98456997272137],[4.67052076675134,51.98464412320408],[4.670766901921311,51.984545850051774],[4.670878731152414,51.98465349371554],[4.671019271361186,51.98478647974481],[4.671020683926064,51.98478918488412],[4.671190840271764,51.984708425321834],[4.671226162186714,51.9846843713778],[4.671261283249029,51.984672900062215],[4.671283203423993,51.984667640349514],[4.671296418636622,51.98466052997617],[4.671308221266974,51.984650714465424],[4.671311247223992,51.9846435420978],[4.671311404995861,51.98463365573827],[4.671801490477012,51.98439125113698],[4.671849584357081,51.98457041412486],[4.671871655838247,51.98464695031572],[4.67189802256647,51.984728006848236],[4.671924547026792,51.9847991770137],[4.671956636086393,51.984886560245286],[4.671988782588094,51.984970348427176],[4.672021215786078,51.98503616139912],[4.672059342612843,51.98511009858903],[4.672108913980061,51.98519668917582],[4.672157087215212,51.98527967585545],[4.67219965298803,51.9853491457346],[4.672260841300941,51.98543760453511],[4.672317877794286,51.985512555372416],[4.67236486823661,51.985578456681026],[4.672420478084496,51.985651601104735],[4.672473320029864,51.98571574021839],[4.672547624500342,51.98580337968129],[4.67261345308756,51.985874788377316],[4.672672146799302,51.98593716524025],[4.672749520788601,51.98601493589268],[4.672829863606302,51.9860891291284],[4.672918840448666,51.98616966664644],[4.673016480018697,51.98625475090708],[4.673091244294186,51.98631362970308],[4.67318904187012,51.98638882745979],[4.673307076064787,51.98647313637658],[4.673409370071926,51.98654027160357],[4.673505941799583,51.98660108010554],[4.67357518486939,51.98664104931647],[4.673767073918142,51.986750074502076],[4.67381466811338,51.98677822730336],[4.673819006556077,51.986780051298815],[4.673865188016033,51.98680549897437],[4.673956152577347,51.986852790407376],[4.674018203772979,51.98688732267987],[4.674094783301287,51.9869237406575],[4.674190158252164,51.986968362094295],[4.674289843309186,51.987016604952196],[4.674421353731671,51.987077624359934],[4.674070785247698,51.98733436814791],[4.674022347211331,51.98735924229318],[4.673938772330906,51.987396487296586],[4.673805289055934,51.98745949623058]]]]}},{"type":"Feature","properties":{"gezicht_uri":"https://linkeddata.cultureelerfgoed.nl/cho-kennis/id/gezicht/10134619","gezichtsnummer":"1306","naam":"Rotterdam - Tuindorp Vreewijk"},"geometry":{"type":"MultiPolygon","coordinates":[[[[4.516368398900903,51.8899322950016],[4.516342045164948,51.88994288613918],[4.516314238919651,51.88995346650393],[4.516287885158575,51.8899640576293],[4.516260078887491,51.889974637981126],[4.516232272603351,51.88998521832637],[4.516205918804431,51.889995809433216],[4.51617812989807,51.8900054910212],[4.516150323575647,51.890016071346906],[4.51612253464485,51.89002575292162],[4.516094745702113,51.89003543448974],[4.516066956747441,51.89004511605126],[4.51603624537414,51.89005567480983],[4.516006986486943,51.890066244331024],[4.515977744993628,51.89007591510059],[4.515947050986666,51.89008557509138],[4.515916339557716,51.890096133818446],[4.515887098025569,51.890105804565295],[4.51585642138889,51.89011456578804],[4.51582572732963,51.89012422574697],[4.515800878090009,51.890132131302536],[4.51577749875612,51.89013914888209],[4.515749744493775,51.89014703287966],[4.515721990221729,51.890154916870586],[4.51569421852667,51.890163699599185],[4.51566648164854,51.89017068483274],[4.515638727347391,51.89017856880389],[4.51459255586897,51.89063911630485],[4.513674351013728,51.89056847294476],[4.513162660767767,51.890510734950944],[4.513054123946785,51.89048925335285],[4.512938324667522,51.89046771761141],[4.512799390139435,51.89044061633023],[4.512309437693402,51.89038573300939],[4.512157221413994,51.8903693185436],[4.511944139797415,51.89034525946832],[4.51180643137654,51.89032985150068],[4.51178179122065,51.890326971282455],[4.511481717084206,51.89029417326805],[4.510514769775603,51.890190782356875],[4.509842210987185,51.8901138518548],[4.509675611820224,51.8900901357619],[4.508900121783739,51.890002543375026],[4.508514565429704,51.88995831218758],[4.507631472577072,51.88987619869834],[4.506793736806768,51.88985194641544],[4.506087263069117,51.8898754141322],[4.500294363687307,51.889703286737465],[4.50032793256067,51.889400619249244],[4.50037035652216,51.88923824310235],[4.500376520776007,51.88922031213112],[4.500428403313761,51.88902025460389],[4.500426950851961,51.88902024364066],[4.500448915314839,51.88893771291631],[4.500450367773982,51.88893772387929],[4.500461332256471,51.888897357256475],[4.500491816445558,51.888824778454776],[4.500226196491658,51.88859266133415],[4.500223327039118,51.88859084191992],[4.500203187711689,51.888580802242274],[4.500017842721724,51.88847693096311],[4.500007781968305,51.888471461736486],[4.499963234829772,51.888446855690376],[4.499727587499595,51.888315637789006],[4.499645649674647,51.88827187278035],[4.49963989312457,51.88826913266477],[4.499168603590326,51.88800669509548],[4.499137005021037,51.88798847873353],[4.499050746576962,51.88794288289076],[4.499039251379303,51.88793650385988],[4.498955897983846,51.887890929908274],[4.498878265710108,51.88784989353319],[4.498876831034774,51.887848983809626],[4.498863883462527,51.887842593779254],[4.498773321560787,51.88779426856195],[4.498678438097666,51.88774411283827],[4.498669812338792,51.88773955322326],[4.49861805782229,51.88771219551973],[4.498564868705032,51.88768392806615],[4.498511661899292,51.88765655932972],[4.498459925331001,51.887628302815514],[4.498409587970877,51.8876027534902],[4.498372215850155,51.887582695488064],[4.498225597002924,51.887504282823905],[4.498191676434669,51.887530093533044],[4.498164045063917,51.8875316821869],[4.498106534736578,51.88750158407056],[4.498097891318736,51.887497923154726],[4.498047589839783,51.88747057619239],[4.497992948957364,51.88744229748788],[4.497941195195325,51.88741493948687],[4.497892310777598,51.88738940093427],[4.497826175214842,51.887354743008295],[4.497695356800201,51.887285438041815],[4.497691337245429,51.88726832897103],[4.497756167091934,51.88722207828458],[4.497800378875891,51.88719005348236],[4.497850471273559,51.887154477678955],[4.497894700691275,51.88712155409953],[4.497958059952521,51.88707619104644],[4.498083325696045,51.88698545384403],[4.498211531240734,51.88689294100441],[4.498336778203522,51.88680310226837],[4.498466470604711,51.886708802652294],[4.498591734298198,51.886618064898634],[4.498716979735291,51.88652822575051],[4.498848158419666,51.886432139207514],[4.498976360812246,51.88633962551922],[4.49910456267714,51.88624711168864],[4.499234234123406,51.8861537099522],[4.499281384017684,51.88611990905585],[4.499368333078226,51.886056746032615],[4.499474907504782,51.88595597847288],[4.499444673929304,51.88594226687452],[4.49953939850065,51.88585309509208],[4.499582261707508,51.885815666184],[4.499626541735525,51.885780045716],[4.499651586435909,51.88576225742091],[4.499872577612348,51.88560482583626],[4.500011048320997,51.88550699533694],[4.500498702016493,51.88515921675616],[4.500513420243082,51.88514944021586],[4.500531078563792,51.885137888113384],[4.500575126905272,51.885113950925685],[4.500616217393969,51.88509268802571],[4.500672274001755,51.885122773959495],[4.500672256290851,51.88512367270139],[4.502076618302641,51.88587493551348],[4.50259568797544,51.88570176680825],[4.502973806436443,51.88590056822442],[4.50344824819449,51.886150430057164],[4.503495412583665,51.88611572871969],[4.504097762569622,51.88643576336026],[4.505197449836204,51.88702469785535],[4.50530957408188,51.887084865333534],[4.505321158050682,51.88708675004016],[4.505332742020461,51.88708863474565],[4.505344308372655,51.88709141819258],[4.505355892344619,51.88709330289581],[4.505367476317559,51.88709518759786],[4.505379077909348,51.88709617355621],[4.505392114285318,51.887098069157716],[4.505403715878406,51.887099055113666],[4.505415299854859,51.88710093981104],[4.505426901449207,51.88710192576464],[4.505441390230398,51.88710383226202],[4.505455896629165,51.88710484001499],[4.505471837814154,51.88710675740956],[4.505486344214571,51.887107765158774],[4.505500850615647,51.887108772906224],[4.505516809419106,51.887109791552085],[4.505531315821541,51.88711079929575],[4.505545839839186,51.88711090829505],[4.505560346242651,51.887111916035124],[4.505576322662561,51.887112035930286],[4.505590846680745,51.887112144924],[4.50560537069901,51.88711225391591],[4.505619912330425,51.88711146416342],[4.505634453961339,51.88711067440911],[4.505650447993522,51.8871098955515],[4.505665007235578,51.887108207050815],[4.505679548864679,51.88710741729089],[4.505694108104865,51.88710572878656],[4.505708649732673,51.887104939023054],[4.505723208970984,51.88710325051509],[4.505737768208213,51.88710156200533],[4.50589064013373,51.88708383254369],[4.506208354851832,51.88703048530129],[4.506391990693772,51.8869995027649],[4.505684332856648,51.88538071451962],[4.505646448580749,51.88538672236541],[4.505579800625475,51.88522981796544],[4.505443619054419,51.88491508850091],[4.50522270653558,51.88440286909233],[4.505179524759612,51.884382769632225],[4.505232530444324,51.88434631371279],[4.505175540612229,51.88421554893715],[4.505154707517222,51.88416685325651],[4.505154725138076,51.884165954513634],[4.505156177444635,51.884165965418056],[4.505156195065462,51.88416506667517],[4.505156212686286,51.88416416793231],[4.50515623030711,51.88416326918943],[4.505154778000638,51.88416325828495],[4.50515479562149,51.88416235954209],[4.505153360935928,51.88416144989473],[4.505140431147345,51.88415416181068],[4.505098677024702,51.88406126414704],[4.505064650011195,51.88401876150304],[4.505060434087169,51.88401153884322],[4.505057617597664,51.88400702331752],[4.505054801108719,51.88400250779179],[4.504925588705851,51.883703110851414],[4.504733828319702,51.88326032272482],[4.504729735921369,51.88324680885236],[4.504728495191419,51.88323601302782],[4.504725749299161,51.88322790252231],[4.504725890330701,51.88322071257903],[4.504724614344437,51.883211714240225],[4.504724773005044,51.88320362555404],[4.504724878778746,51.88319823309656],[4.504725019810304,51.88319104315326],[4.504726577858713,51.88318566160546],[4.504726648374335,51.88318206663378],[4.504726718889948,51.883178471662184],[4.504726824663338,51.88317307920469],[4.504725460533587,51.883168574580424],[4.504724114033049,51.88316317121321],[4.504683831579396,51.88306938556108],[4.50465187503398,51.88299543770251],[4.504608723610291,51.88289983271625],[4.504592925004036,51.88289072526368],[4.504089871743212,51.88261997858137],[4.503783576528249,51.88246306898161],[4.504096128686909,51.88222721702612],[4.504146263491314,51.882188942262296],[4.504193458449892,51.882152443130195],[4.504243575450008,51.882115067067005],[4.504295162242614,51.882076803154064],[4.504332014936769,51.88204921498985],[4.5043644579678,51.88202429030066],[4.504423429173544,51.88197978969967],[4.504433771165214,51.881970878662656],[4.504383419073179,51.88194623062846],[4.504434846845982,51.881916055339595],[4.504478942853359,51.88188942043698],[4.50452890063309,51.881860132936765],[4.504533239696766,51.88186106441582],[4.504628780737134,51.88180335535793],[4.50463317268763,51.88180159060412],[4.504630303487747,51.88179977129651],[4.504678791211197,51.881771371564],[4.504731688442249,51.881740308310675],[4.504783098119082,51.88171103161049],[4.504830133424175,51.881682620905934],[4.504834437225088,51.88168534986005],[4.504875575443298,51.881661389219474],[4.504906600917288,51.88163465598399],[4.505034882889083,51.88153674310728],[4.505016197852856,51.88152671515623],[4.50507957728325,51.88147955070831],[4.505144461657948,51.88142970090039],[4.505212285558555,51.8813780753767],[4.505283066583749,51.88132377538878],[4.505331729540362,51.881286387950475],[4.505375965318863,51.881252562760174],[4.50537890497379,51.88125078707663],[4.505421670856301,51.88121784971065],[4.505434952124549,51.881207162899024],[4.505467376323148,51.881183136643024],[4.50549539102076,51.88116177390777],[4.505513081719403,51.88114842355724],[4.505557317225668,51.88111459829746],[4.505572050638993,51.88110392236933],[4.505603040093098,51.88107898643278],[4.505635464109407,51.881054960129525],[4.505648727669299,51.881045172036615],[4.505690040953553,51.88101222367303],[4.505738668019255,51.88097663354974],[4.50578582519872,51.88094193125296],[4.505834469718176,51.880905442346],[4.50592887172548,51.88083154393786],[4.505950989174572,51.88081463123034],[4.506007017624177,51.88077190551826],[4.50605419198286,51.88073630436842],[4.506101383866992,51.880699804455816],[4.506145636088349,51.88066508022698],[4.506147105881444,51.88066419237545],[4.506144236692383,51.88066237310461],[4.506201734559037,51.88061875944634],[4.506213475283319,51.8806125553713],[4.506266546059494,51.88057250398141],[4.50627686976525,51.88056449152244],[4.50628866325408,51.88055559120921],[4.506341751491289,51.88051464104118],[4.506399248977357,51.88047102728457],[4.50641398197982,51.880460351248985],[4.506424340820723,51.88045054128968],[4.506442013370339,51.88043808954034],[4.50647298429012,51.88041405211355],[4.506679368300154,51.880258296107186],[4.506717705395503,51.88022892057927],[4.506770792856049,51.880187970213825],[4.506823880219867,51.880147019823966],[4.506860800118868,51.880115835877575],[4.506916809249142,51.88007400846734],[4.506925645382969,51.880067782555344],[4.506986098824279,51.88002149403967],[4.507009685231503,51.88000369326702],[4.507101091172966,51.879934265855624],[4.507129104315852,51.87991290272373],[4.507179233956576,51.879874626642106],[4.507188070014878,51.879868400709995],[4.50723526006712,51.87983190033357],[4.507279492981914,51.87979807441351],[4.50732521314578,51.87976246186619],[4.507332579421836,51.87975712378956],[4.507426923835003,51.87968592038685],[4.507482949474931,51.879643193958024],[4.507536017975645,51.879603141984305],[4.50759496529578,51.87955953850661],[4.507612215505306,51.879568656431765],[4.507862823750883,51.87937907224527],[4.508026488831975,51.87925355586931],[4.508153266699715,51.87945495388905],[4.508167823370554,51.87945326507058],[4.508186683832672,51.879454305082284],[4.508206961336192,51.87945715344548],[4.508309836159466,51.87946960858587],[4.508476412848823,51.87949242781265],[4.508597972825484,51.87951491010405],[4.508694828686116,51.87953810639052],[4.508800292327376,51.87956676021671],[4.508908677967366,51.879594536919726],[4.509074852002697,51.87963802641462],[4.509113867433016,51.879648205696995],[4.50917604732525,51.87966215361616],[4.509293304232029,51.87968190639333],[4.509368466027301,51.8797004456078],[4.509381447830278,51.87970503699658],[4.509400220758313,51.879710570534876],[4.509421845419485,51.87971882200565],[4.509436279397736,51.87972342423975],[4.509685022878514,51.879629103045396],[4.51018677559408,51.8794449853136],[4.510333387605653,51.879597989743914],[4.511154625705936,51.880459846293036],[4.51126152771746,51.88056401411087],[4.51134710216856,51.880644652061385],[4.511369952398415,51.88066459768047],[4.51142422614888,51.88071174382188],[4.511432816875364,51.880718099993274],[4.511447181407269,51.88072629695888],[4.511463015635258,51.88073360600444],[4.51148462367505,51.880742755840885],[4.511506266708086,51.880750108184266],[4.511523535660734,51.880758326791856],[4.511535065790994,51.88076290711767],[4.51155369949639,51.88077563026881],[4.511565142178861,51.8807847043143],[4.511572280739555,51.88079104965054],[4.511645258574785,51.880847323857026],[4.511649545221573,51.880850951307],[4.511656701293929,51.88085639789359],[4.511663874857146,51.88086094573519],[4.511672465645963,51.880867301889126],[4.511681056437204,51.880873658042404],[4.51178580816701,51.8809391577204],[4.511813015356094,51.880959135719976],[4.511810006028269,51.880964506543485],[4.512011969826594,51.88110983139267],[4.512066472042114,51.88114529355786],[4.512093784364522,51.881159879024956],[4.512231396462891,51.88125348820794],[4.512252725267778,51.88127701781699],[4.512381764543664,51.88136337196785],[4.512434937456166,51.88139253193507],[4.51252177358833,51.881408459416484],[4.512489440347467,51.88142799390426],[4.512535072746565,51.88147147967215],[4.512543803549834,51.881470645805315],[4.512559708104337,51.88147435972477],[4.512576942585198,51.88148437566707],[4.512829407282886,51.88164715368693],[4.513285646890308,51.88193728973838],[4.513492028905017,51.88207994822221],[4.513608787952066,51.88212576030128],[4.513668033284923,51.882141481738685],[4.513733227224535,51.882150056381114],[4.514077199818965,51.8821634000004],[4.514608459975361,51.88218083057546],[4.514713544515804,51.88215464487461],[4.514893553155716,51.88215957719677],[4.51489121221984,51.882205402408374],[4.514888755239671,51.882332125453466],[4.514941808954531,51.88236757550335],[4.515360092275165,51.88236888286554],[4.515454610539987,51.882363292191755],[4.515505613477975,51.88235468192405],[4.51554797253924,51.88234241199903],[4.515580200646726,51.88232826914085],[4.51559780176572,51.882319410993354],[4.515637587068073,51.882290043327814],[4.515670076257051,51.88226241926749],[4.515942012216243,51.88224556010043],[4.516007450390286,51.8822415510488],[4.516093411435929,51.882227806531915],[4.516246541156277,51.88219568361081],[4.516357625125305,51.88215965330747],[4.516503858459732,51.88210860256894],[4.516546269195366,51.882093636046335],[4.516757983733076,51.882111384737854],[4.516790072197399,51.88210443150911],[4.517838255834628,51.88220477741857],[4.518974806032528,51.88231745245227],[4.520844974464685,51.88249934919799],[4.520876802992442,51.882505876044156],[4.520899866064451,51.88251503486242],[4.5209141463742,51.882527724404106],[4.520926939823129,51.88254220072698],[4.520932402763227,51.88256021848685],[4.520886254992385,51.88276931575462],[4.52104143870442,51.8828567519422],[4.521081981130562,51.882863342980485],[4.521165987858937,51.88287564768174],[4.521205078050447,51.88288222797116],[4.521214241454452,51.88285892480644],[4.521383655396818,51.88288624090221],[4.521506908149452,51.88289703686124],[4.521530092256182,51.88297540971563],[4.521548107172065,51.883020486149],[4.521572812859425,51.88309527471094],[4.5215989709078,51.883170073968245],[4.521635346889752,51.88324225188546],[4.52165503907958,51.88327565530153],[4.521740792941188,51.8834237023679],[4.521692659963583,51.88343413423416],[4.52181726324603,51.883676849181384],[4.521886731935576,51.883840955883564],[4.521929713582366,51.883947339547326],[4.521963047822957,51.884026685933556],[4.52233517868584,51.88491841195874],[4.522365678783943,51.88499414185527],[4.522416564710349,51.885142830547416],[4.522471912879653,51.885361664173445],[4.522511095624298,51.88559026638688],[4.522528061415492,51.885841176888235],[4.522502321178607,51.886122334738744],[4.522476252367447,51.88642056874628],[4.522542889322469,51.886430047948174],[4.522536198771224,51.886475841234805],[4.522529110883202,51.88654230567816],[4.522515453300246,51.886648272183066],[4.522506861132271,51.88671742217135],[4.52249864900149,51.886766799747626],[4.522250498319873,51.88690519720495],[4.521934757576845,51.88708354564159],[4.521802657861508,51.88715448248231],[4.521776220578189,51.88716956857821],[4.521580905742677,51.88727958989874],[4.521580923036909,51.88727869115303],[4.521579470624696,51.887278680451445],[4.52157948791896,51.88727778170573],[4.521578035506776,51.88727777100412],[4.521576600388911,51.88727686155678],[4.521575147976757,51.887276850855095],[4.521573695564606,51.88727684015345],[4.521572243152455,51.88727682945176],[4.521570773445872,51.88727771749579],[4.521569321033693,51.88727770679407],[4.521569303739229,51.88727860553976],[4.520315004190733,51.8879174444483],[4.520314986870884,51.887918343193704],[4.520314969551034,51.887919241939116],[4.520314952231185,51.887920140684486],[4.520314934911333,51.88792103942986],[4.520316370024074,51.88792194889249],[4.520330703835118,51.8879319422636],[4.52030576999505,51.8879443425058],[4.520290018393354,51.88793254092335],[4.520288565960429,51.88793253020572],[4.520287113527504,51.88793251948813],[4.520285661094582,51.887932508770476],[4.519251274057926,51.88846509420058],[4.519125131961061,51.888527982214605],[4.519004816673219,51.88859001428103],[4.518949068311634,51.888618366235185],[4.518391494038947,51.88890637803172],[4.518335744899133,51.8889347296919],[4.518130333533475,51.88904017629567],[4.517828137478578,51.8891925466728],[4.517635917651234,51.88929179792244],[4.517580167558049,51.88932014922044],[4.517244178277664,51.88949204318111],[4.517175216273418,51.88952748744279],[4.517057852754146,51.88958684277353],[4.51699767492467,51.88961875649743],[4.516946333650274,51.88964444353313],[4.51678468181013,51.88974032433363],[4.516595501489646,51.8898324054295],[4.516475318408458,51.88988724492327],[4.516448947325903,51.88989873482944],[4.516422576229887,51.889910224729654],[4.516394770023662,51.88992080511365],[4.516368398900903,51.8899322950016]]]]}},{"type":"Feature","properties":{"gezicht_uri":"https://linkeddata.cultureelerfgoed.nl/cho-kennis/id/gezicht/10134621","gezichtsnummer":"1698","naam":"Vlaardingen"},"geometry":{"type":"MultiPolygon","coordinates":[[[[4.346827514475218,51.91560806026132],[4.346641867516113,51.91565315897972],[4.346644649214241,51.91565857694539],[4.346432759746524,51.91570703854547],[4.346152441123539,51.91576028698076],[4.345937498356292,51.91581501287444],[4.345838113493318,51.91583840232358],[4.345854990581508,51.91586282188273],[4.345745390985474,51.91588791852565],[4.345340592816272,51.915604776062885],[4.345321080402142,51.91556864749849],[4.345277883382123,51.915488263363294],[4.345247219009242,51.91549428373418],[4.345220732096742,51.915445508861794],[4.345219299669858,51.91544459727229],[4.34518718729654,51.91538768250893],[4.345162049588921,51.91534341403289],[4.345088027503174,51.91521331757281],[4.345013985004676,51.91508411976999],[4.34501118269944,51.91507960047094],[4.344986087014666,51.91503353454638],[4.344937203161106,51.91494770650363],[4.344925994008108,51.91492962929949],[4.344881324217853,51.91485013083215],[4.344871568353448,51.91483206651137],[4.344861770813105,51.91481579959974],[4.344843608151812,51.914784177368034],[4.34478777129944,51.91468480424107],[4.34474584171116,51.91461252114045],[4.344708126041193,51.91454656763181],[4.344652248088681,51.914448991848936],[4.344627069734686,51.914406520665715],[4.3445991934429,51.91435503664301],[4.344564197023089,51.91429719721614],[4.34455163919547,51.914274613558135],[4.344550269362669,51.91427100584552],[4.344526544426101,51.91422854753293],[4.344502819534108,51.91418608921551],[4.344481876031578,51.914149048910154],[4.344479094686694,51.914143630893186],[4.344459562742729,51.91410840088726],[4.344435796276872,51.9140677399659],[4.344414873734456,51.91402980094332],[4.344403665018236,51.91401172368835],[4.34438126846368,51.91397467047013],[4.344344819405292,51.91391681808179],[4.344322422946072,51.913879764852155],[4.344308391292645,51.913858066977],[4.344296500997275,51.913806724731806],[4.344279214958171,51.91373735680157],[4.344277907721988,51.913731052970675],[4.344247466027976,51.91360224154476],[4.344215377041176,51.9135444278038],[4.344228643526256,51.913536455529254],[4.344237466993454,51.91353203938366],[4.344216628280762,51.91349050550422],[4.344208284464749,51.91347425143337],[4.344195789606338,51.913448971620944],[4.344195810460691,51.91344807291595],[4.344195831315045,51.913447174210965],[4.344195852169398,51.913446275505954],[4.344195873023753,51.913445376800965],[4.344197347075003,51.91344449099296],[4.344198821126192,51.91344360518495],[4.344201087638584,51.91340856858692],[4.344189983433846,51.91338599778569],[4.344176097979829,51.91335800895886],[4.344269957369319,51.91332198744042],[4.344288625977688,51.91326911859509],[4.344282346573628,51.913163892729365],[4.344281045838369,51.91309466664826],[4.34425950480324,51.91302076649615],[4.344212154516663,51.912994278465284],[4.344201363216558,51.91295822708826],[4.344348509838605,51.91294335289293],[4.344232441859274,51.91274636483161],[4.344220218281249,51.91270940185363],[4.344208530335193,51.912711994795046],[4.344190264703942,51.912684865982555],[4.344170504214431,51.91265952168008],[4.344153587524376,51.91263689928452],[4.344110019976665,51.91257269139357],[4.344107217917287,51.9125681720721],[4.344067780581417,51.9125138886153],[4.344040003557859,51.91252083318071],[4.344004758979442,51.912473778039875],[4.34397985348636,51.91241962354549],[4.343959098954315,51.91237449479592],[4.343934715042754,51.91229787266462],[4.343907341461444,51.91222481954706],[4.343895201728241,51.912184261713506],[4.343882957717594,51.91214819740394],[4.343899004999736,51.912145643196155],[4.343896369864328,51.91213393422885],[4.343891037018657,51.91211321240926],[4.343884292744291,51.91209068027845],[4.343868266341058,51.91209233577924],[4.34384948673233,51.912024752282754],[4.343826618924186,51.91194544691235],[4.343886677776439,51.911925305639514],[4.343904178126291,51.91192276433142],[4.343857851350614,51.911852239606894],[4.3437854933152,51.91177609040098],[4.343749158314494,51.91165082203247],[4.343733820525951,51.911622820246684],[4.343638929657575,51.911452986271435],[4.343611035442456,51.911402400707196],[4.343584552688169,51.91135362545081],[4.343556637729379,51.91130393857846],[4.343528701965601,51.91125515040444],[4.343502240253288,51.91120547642392],[4.343474325476484,51.911155789531534],[4.343446431628974,51.91110520392721],[4.343418516975451,51.91105551702123],[4.343392034632113,51.91100674172032],[4.343354407418734,51.91093719293874],[4.343290214714126,51.91082246364073],[4.34327904898389,51.91080258886395],[4.343312595762879,51.91079749351554],[4.343248883409212,51.9106620939758],[4.343247492917506,51.91065938495196],[4.343238242416708,51.91043188346937],[4.343182456203277,51.91033071213609],[4.343192669619305,51.91032900509035],[4.343199893353561,51.91033086704621],[4.343302090084013,51.91031110041816],[4.343318136741961,51.910308546287396],[4.343314173987915,51.91029143216619],[4.343302828370481,51.910216723467016],[4.343292455860134,51.91016269789331],[4.343284676493436,51.910122178712214],[4.343279260679473,51.910105051681505],[4.343260399282236,51.91004106289851],[4.343226923607217,51.90998053984669],[4.34319008266548,51.90993976248099],[4.343137354202464,51.90995727184321],[4.3431153909554,51.90996426783536],[4.34310660982947,51.909966886490025],[4.342952825136468,51.91001765571828],[4.342761711769023,51.909798425789326],[4.342641055743584,51.909862073510055],[4.342633748574276,51.90986380634024],[4.342588327159796,51.90987958262572],[4.342586915847473,51.90987777229904],[4.34258255660452,51.9098777335491],[4.342575938621509,51.909849809108906],[4.342569278877245,51.909823682078354],[4.342572185035708,51.909823707911954],[4.342570836379717,51.90981920146991],[4.342567930221544,51.90981917563624],[4.342558280790353,51.90979661759149],[4.342545808754011,51.90977043889153],[4.342550188871546,51.909769578937706],[4.342547387142019,51.90976505957824],[4.342544460102225,51.9097659324491],[4.342519244563881,51.909725258210436],[4.342520718525504,51.90972437242283],[4.342522171601507,51.90972438534026],[4.342519369877586,51.90971986598012],[4.342517895916086,51.90972075176776],[4.342516442840203,51.909720738850275],[4.342500876725214,51.909702622655935],[4.342485373281551,51.90968181034438],[4.342488300316992,51.90968093747498],[4.342485477712894,51.909677316819106],[4.342482550677637,51.90967818968843],[4.342481118489497,51.90967727806548],[4.342469786305912,51.909664592850994],[4.34247271334053,51.909663719981964],[4.342468437664858,51.90966008640765],[4.342465510630396,51.90966095927658],[4.342459844542055,51.909654616668696],[4.342458391468331,51.90965460375052],[4.342427113131412,51.90962466227968],[4.342430061051584,51.90962289070669],[4.342425785383231,51.909619257130835],[4.342422837463129,51.909621028703754],[4.342378585970152,51.909586477426465],[4.342381533889715,51.9095847058547],[4.342377258228906,51.90958107227704],[4.342374310309417,51.90958284384875],[4.342329933555466,51.9095536847835],[4.342332860585536,51.90955281191791],[4.342328584931693,51.90954917833851],[4.342325637012393,51.909550949909],[4.342273974084284,51.90952262492839],[4.342276922003745,51.90952085335919],[4.342275489824783,51.909519941733755],[4.342322364052694,51.909504178487644],[4.342268484430308,51.90944617039854],[4.342234571817046,51.90940451986987],[4.342145410478657,51.90930125344409],[4.342097322674001,51.90924419566917],[4.34204923499106,51.90918713787444],[4.342003969960778,51.909133700727544],[4.3419629388246,51.909085694566],[4.341919106154655,51.90903316901549],[4.341751742360456,51.9088554975899],[4.341744769730392,51.908842851085666],[4.341736009645628,51.9088445709337],[4.341707972864277,51.90880027584532],[4.341718269591514,51.9087949741067],[4.341642867671022,51.90872508865411],[4.341631995823075,51.908692631848986],[4.341535802028593,51.908579414561984],[4.341553384821766,51.908573278779805],[4.341498785950063,51.90848380273284],[4.341451368833027,51.90839798613272],[4.341515615847071,51.908385074483604],[4.341465334553237,51.90829743461876],[4.34145219456969,51.908300014359874],[4.341439242741783,51.908294505754725],[4.34143087997622,51.9082791501858],[4.341438333277788,51.90827112649458],[4.341444166298505,51.908270279512145],[4.341363497307464,51.90805202997095],[4.341346061049415,51.90805187479067],[4.341343458265872,51.90797634477602],[4.341339716094973,51.90788732125361],[4.341330997997929,51.90788724366214],[4.341330893456611,51.90789173718716],[4.34126972040575,51.90789748496352],[4.341207115233568,51.9079023210695],[4.341204460129936,51.90789151074278],[4.340987730651269,51.90789946920102],[4.340981113942197,51.907871544667195],[4.340978207911134,51.90787151879454],[4.340978186995831,51.90787241749949],[4.340975280964711,51.90787239162677],[4.340968831591047,51.907837277452735],[4.34095079012998,51.9077382387989],[4.340937713029111,51.90773812236822],[4.340937180323707,51.90769856641444],[4.34093685677901,51.907650023410994],[4.340935017479841,51.90760416358527],[4.340941917132288,51.907557482675124],[4.340954586954394,51.907512650920665],[4.340968709753398,51.90746783210092],[4.340981379522899,51.907423000342945],[4.340995502266409,51.90737818151931],[4.341000321385539,51.90735844881768],[4.341016262545637,51.907360388522726],[4.34102697730328,51.90733711274306],[4.341045249828143,51.907301319769715],[4.341084826256374,51.90722436745361],[4.341187675218281,51.90723876636587],[4.341295542303386,51.907037475968274],[4.341373752811428,51.907048958749435],[4.341744652176658,51.90709810255578],[4.341752397815956,51.907077496969976],[4.341833514493535,51.907089005298914],[4.341840758548756,51.90708996863234],[4.341884222886665,51.90709574862349],[4.342013142082555,51.90711397428246],[4.342150758444965,51.907133176036425],[4.342147580871526,51.9071448333615],[4.342144486862635,51.907152895865416],[4.342160407109138,51.90715573412048],[4.342157375775685,51.90716110050884],[4.342280483297107,51.90717927418822],[4.342274295321001,51.90719539920292],[4.342394517881398,51.90721264821732],[4.342391382138682,51.90722250813837],[4.342471046248916,51.9072340031093],[4.342539912917926,51.90727236876882],[4.342645083773618,51.90731195599087],[4.342656958335038,51.90730127485108],[4.34279604942769,51.907319590061235],[4.342847213524148,51.90718161557058],[4.34284731791174,51.907177122043365],[4.342847401421797,51.907173527221616],[4.342846073693356,51.90716812207578],[4.342843272094322,51.907163602722214],[4.342841860856208,51.90716179239813],[4.342837585387146,51.907158158836616],[4.342831856925724,51.90715451236162],[4.342830424810514,51.907153600742795],[4.342824654594349,51.90715175167833],[4.342817431385761,51.90714988970006],[4.342823640038818,51.90713286595069],[4.342829431130369,51.907133816309766],[4.342870323687706,51.907125190822676],[4.342879083394128,51.90712347088867],[4.342884916239128,51.90712262383414],[4.342900302092846,51.907085906036194],[4.343098466339439,51.90662563695309],[4.343155920621434,51.90646704372202],[4.3432975655524,51.906124925741715],[4.343327216784866,51.90603709782405],[4.343337387484735,51.9060371881735],[4.343388715361137,51.905892023769496],[4.343377133473819,51.905890123106694],[4.343412930037089,51.9057879674979],[4.343508987313095,51.90546881547599],[4.343552548608076,51.90534515540157],[4.343568489167416,51.90534709475922],[4.343571582794588,51.9053390322149],[4.343557095172549,51.90533710576188],[4.343585167266528,51.905254657098],[4.343601107795245,51.90525659645116],[4.34360418054901,51.9052494326117],[4.343586807952562,51.905246581649294],[4.343600760511438,51.90520895213755],[4.343527558156352,51.90516964967597],[4.34354972761448,51.90515366653734],[4.343318623139774,51.905030263429616],[4.343459960796302,51.904951517612616],[4.343554491601654,51.904885839286074],[4.343570105608784,51.904839235621274],[4.343574714702968,51.90482848986257],[4.343585656999279,51.904795328071756],[4.34359039125244,51.90477919007694],[4.343599776304439,51.90475050891027],[4.343612213198934,51.90471556260834],[4.343615327634676,51.90470660135615],[4.343623176300027,51.90468150210746],[4.34357824029142,51.90467660856548],[4.343860710503212,51.90427731260102],[4.343912827229784,51.90428586535726],[4.343970484124948,51.90411828460249],[4.34397351503454,51.90411291816405],[4.344003698975378,51.904064646011555],[4.343872257299344,51.90403022004145],[4.343658480788229,51.903974388252614],[4.343825195067613,51.90374125807577],[4.343828163401312,51.90373858775903],[4.3438325846176,51.903735930342904],[4.34383698497772,51.9037341716327],[4.343842817364798,51.90373332452896],[4.343847176013384,51.90373336323053],[4.343854419572412,51.903734326438894],[4.344000061854096,51.90353247010822],[4.344956178803651,51.9037863518724],[4.346179552054119,51.90410911172943],[4.346388085809425,51.903701064749505],[4.34640024978563,51.90367780132783],[4.34645656521958,51.90356773654143],[4.346470223607362,51.90354268856671],[4.346547814994037,51.903392362081284],[4.346678585676419,51.903141830680696],[4.346686203572103,51.90312661699182],[4.346751650710612,51.902998655107254],[4.346782018083566,51.90294229386219],[4.346935660130834,51.902645222354366],[4.34693420728198,51.902645209492164],[4.346978211196289,51.90256469886442],[4.347144367246433,51.9022290855537],[4.347205286965294,51.902108274471765],[4.347304210655549,51.901914989526745],[4.347407678994982,51.90171365469585],[4.347744001792378,51.901056844367034],[4.347894663066056,51.90076244191485],[4.347872975106417,51.900757755623005],[4.347980838089607,51.90055466137916],[4.34798662844561,51.90055561148288],[4.348032205804532,51.90046972103209],[4.348024983449624,51.90046785937464],[4.348079734215989,51.90036227443093],[4.348086956556258,51.90036413608502],[4.348091605642883,51.90035159272371],[4.347912188553671,51.90031854470751],[4.347492567343543,51.90024202217453],[4.34711783788877,51.900172187757626],[4.347276464242786,51.90003606142961],[4.347398064033721,51.899930169531935],[4.347472177528083,51.89986700409872],[4.347531721682403,51.899805507487336],[4.3477177831276,51.89961389206846],[4.348030686530588,51.89952946741398],[4.348050962704285,51.89953234341258],[4.348202423218461,51.89945458040905],[4.348237704430208,51.89943691456233],[4.348253871515543,51.899428967496945],[4.348338007511868,51.89930926000043],[4.350570563040462,51.89990966172391],[4.352218090885963,51.900361945284025],[4.355506976026307,51.90096975447576],[4.355556268056929,51.90097468171797],[4.355523687832284,51.90169800220272],[4.355495598636853,51.90178225123949],[4.355476492351388,51.9019816370705],[4.35547435899579,51.90201128171001],[4.3554635797858,51.90210107606642],[4.355428613529072,51.90242167277357],[4.355379060968535,51.90249135107057],[4.355359502473068,51.90258376499041],[4.355375215707102,51.902595588543264],[4.355518614849837,51.90261572437018],[4.355660561270394,51.90263584726798],[4.355607968256614,51.902774713492576],[4.356107379622467,51.90292202037857],[4.355894703568898,51.90319791092638],[4.355782377820663,51.90334344406364],[4.355695492556167,51.90345684039062],[4.355706744455189,51.90347311918108],[4.355822190276082,51.9036350338218],[4.356262476188963,51.90376294430872],[4.356275469756895,51.90376665386661],[4.356673892153908,51.90388250993443],[4.357135811662892,51.904017797956456],[4.357788282352917,51.90420868699239],[4.358342495456066,51.9043753409634],[4.358572007010956,51.9044429692114],[4.359052661520973,51.90458560473218],[4.359007910396982,51.904763193246716],[4.358898080063484,51.905181114578845],[4.358873963214737,51.905282478017064],[4.358654843672753,51.90615787615158],[4.358518900501043,51.90670051411925],[4.358379965731007,51.9072467212758],[4.358176948600446,51.90798922381279],[4.358277158828612,51.90805572017478],[4.358566105323895,51.908257803125395],[4.358763519546528,51.90839526321373],[4.359168317427853,51.90867925846838],[4.360111585349476,51.90931313302475],[4.360410740226318,51.90951440163862],[4.360425476259947,51.909505541507485],[4.36044146009146,51.90950568116235],[4.360495203363125,51.909507049603754],[4.360498109514448,51.90950707499399],[4.360502468741444,51.909507113079194],[4.360521358725184,51.90950727811323],[4.360511064040805,51.909512581504465],[4.36050811683744,51.90951435353303],[4.360579641791083,51.9095644172671],[4.360591430605104,51.90955732914538],[4.360631521591943,51.90958374713689],[4.360648671207318,51.90959648138646],[4.360258518363864,51.90975217586696],[4.360201088419692,51.90978493286565],[4.360186762898619,51.90977581878567],[4.360022949613892,51.90982112926035],[4.360053156385774,51.90983487661352],[4.359842351007643,51.90990134942307],[4.359852214537082,51.90991491898067],[4.359795071654349,51.90993509385257],[4.359336432556972,51.91009827652901],[4.359042099507219,51.910194579523456],[4.358882581170539,51.91024262266442],[4.358209403613976,51.91044437348693],[4.3573943417395,51.91068532723694],[4.35690846845438,51.91083118297701],[4.356687502550542,51.91089666220696],[4.356582033160588,51.91093259174666],[4.356514468399098,51.91096346030486],[4.356457075400666,51.91099441804063],[4.356228790844117,51.91112545111239],[4.355448423128606,51.91156355251813],[4.355311506823651,51.91163965484231],[4.354943412438681,51.91184586331711],[4.353891960261131,51.912441575328785],[4.353884591120605,51.912446004980154],[4.353392639294963,51.912728424021815],[4.353355813767467,51.91274967340805],[4.353083549467809,51.912959415784925],[4.353033898836546,51.91303268778304],[4.352979392190539,51.91312749036353],[4.352764750797527,51.913548978015065],[4.352563866989085,51.9139409230566],[4.352545621576177,51.91397581909985],[4.352516996723508,51.91401961264982],[4.352503503984489,51.9140374716384],[4.352464685817756,51.914082074321044],[4.352402202207984,51.91414444639929],[4.352345758933086,51.91419698385407],[4.35230571486495,51.91423168791153],[4.352292366828473,51.91424325592757],[4.352209434093094,51.914309942275125],[4.352194653475229,51.9143205987751],[4.35216218576068,51.914341886172195],[4.352129718015363,51.91436317356018],[4.35207509993053,51.91439954696004],[4.352001465549738,51.91444114616817],[4.351995590524624,51.914443791085695],[4.351910412933226,51.914481693003616],[4.351900136795427,51.9144860969244],[4.351799056274416,51.914520263113076],[4.351772711721753,51.914528121014015],[4.351708355297304,51.9145455317782],[4.351663056534926,51.9145559193179],[4.351641154469966,51.91456022077715],[4.351619231694245,51.91456542093885],[4.351175459335826,51.91464780311221],[4.35115212465744,51.914651192962715],[4.35106306275465,51.91466838558069],[4.349917023008977,51.914885695120375],[4.349887875130847,51.914889033413395],[4.3498426378328,51.9148967241304],[4.348803172196503,51.91509339017111],[4.348766654022849,51.91510115751348],[4.348595855132359,51.9151329071506],[4.34851264586217,51.91514835178857],[4.348448391149269,51.91516126723121],[4.348379776636485,51.91517414410239],[4.34796080167563,51.915252238938194],[4.347743268772742,51.915293461865204],[4.34735929461091,51.91536647079028],[4.346890676360912,51.91545401037416],[4.346699383489148,51.915491868087734],[4.346706566587791,51.91549552724002],[4.346827514475218,51.91560806026132]]]]}},{"type":"Feature","properties":{"gezicht_uri":"https://linkeddata.cultureelerfgoed.nl/cho-kennis/id/gezicht/10134622","gezichtsnummer":"1309","naam":"19e-eeuwse Schil Dordrecht"},"geometry":{"type":"MultiPolygon","coordinates":[[[[4.656312712015938,51.809322342276914],[4.656323167532249,51.80930353114901],[4.656391183506642,51.80931204458491],[4.656402753877614,51.80931391438122],[4.656415788754913,51.80931489442778],[4.656428823632789,51.80931587447293],[4.656441858511238,51.80931685451658],[4.65645489339026,51.80931783455883],[4.656467928269857,51.80931881459961],[4.656480963150028,51.809319794638945],[4.656492562657786,51.80931986686972],[4.65650559753881,51.809320846906346],[4.656518646985404,51.809320928163125],[4.656531696432053,51.809321009418504],[4.656544745878755,51.80932109067242],[4.656557809889729,51.80932027314654],[4.656569409397771,51.809320345369706],[4.656579573531126,51.809319509785695],[4.656591187602567,51.809318683228405],[4.656602801673588,51.80931785666992],[4.656612965805776,51.80931702108305],[4.656624579875981,51.80931619452242],[4.656636208508414,51.80931446918225],[4.656646372639234,51.8093136335925],[4.656658001270183,51.809311908250194],[4.656668179962042,51.80931017388012],[4.656679808591274,51.80930844853568],[4.656689987281522,51.80930671416371],[4.65670018053236,51.80930408101252],[4.656711809158808,51.809302355664876],[4.656722002407394,51.809299722511774],[4.657115188372202,51.80919700178439],[4.657339423979016,51.80913997021557],[4.657432597900648,51.80911717910887],[4.657704840369314,51.809050557831696],[4.657765984615511,51.80903565715888],[4.657885402204798,51.80900404013706],[4.658073198771091,51.808958465988546],[4.658192557815884,51.80893044376752],[4.658258051516811,51.808915569860595],[4.658324995100146,51.808900704923104],[4.658579647062502,51.80884565765774],[4.658937634820189,51.808766981751745],[4.658937620303652,51.80876788053053],[4.658976302020035,51.80888677128263],[4.658976272988403,51.80888856884024],[4.659019522421093,51.80899400488925],[4.659078155266394,51.80913459225959],[4.659092059540129,51.80917153215657],[4.659138107798319,51.809283277603996],[4.659167439058657,51.80935267248297],[4.659168801925837,51.80935807415125],[4.659191130268284,51.80941214480619],[4.659192507651795,51.80941664769544],[4.659205063742124,51.80944728713139],[4.659216271484121,51.80947162611951],[4.659231611407968,51.80950947377275],[4.659259232920712,51.80950515077951],[4.659392990571933,51.8094835087369],[4.659435140510947,51.80947747807309],[4.659568883492292,51.80945673460834],[4.659588399495679,51.8095053945336],[4.659605102668677,51.809548643801875],[4.659613468770524,51.80956936965626],[4.659624676763241,51.80959370860545],[4.659644207388283,51.80964146974209],[4.659655342902312,51.80967030258222],[4.659933008326736,51.809627080347305],[4.660116180219943,51.80959855277259],[4.660281894552251,51.80957351224475],[4.66037783739534,51.809558825773294],[4.660387595850554,51.809583155669614],[4.660418292254565,51.809657951891666],[4.66045738425705,51.809751676341904],[4.660516991686913,51.809742157930444],[4.660799021073349,51.809698061803715],[4.660857163930861,51.809689433022506],[4.661066579355976,51.8096520777179],[4.661095884876685,51.809723269675864],[4.661188927872433,51.809708564597585],[4.661280506385853,51.80969474925486],[4.661373549263189,51.809680044029875],[4.661450599220072,51.80966793642662],[4.661462227760941,51.80966621060805],[4.661498577794847,51.80966014333322],[4.661472157108736,51.809589868187864],[4.661463848013967,51.809565547347994],[4.661632461379446,51.80954052284544],[4.661645539827407,51.809538805973844],[4.661663694935932,51.80958206391772],[4.661670655429362,51.809600084324806],[4.661741992142606,51.80958254799546],[4.661774021148116,51.809574656184864],[4.661797307076088,51.80956940692392],[4.661798757023969,51.80956941588713],[4.661839966890059,51.80962180500478],[4.661858902986557,51.80961652884346],[4.661909896996222,51.80960156327308],[4.661933211836744,51.809594516426785],[4.661926135580762,51.809583686268574],[4.661920436989155,51.80957735896757],[4.661949594977778,51.80956765162713],[4.661993310253294,51.809554438771656],[4.662096776863772,51.80952271889217],[4.662039598495181,51.809381243199184],[4.662099219558483,51.809370825202656],[4.662158855046929,51.80935950839651],[4.662176312150538,51.809356020783255],[4.662217026113295,51.809349081381185],[4.662273747212296,51.80933864537968],[4.662329018344898,51.80932820039405],[4.662387189331885,51.8093177732942],[4.662481738797775,51.80929948102631],[4.662506459995336,51.809295139358106],[4.66269060228472,51.80929627642917],[4.662872350046935,51.80926593803349],[4.663115139274668,51.80922698734837],[4.66310130385363,51.809185554025085],[4.663091587319386,51.809158528012475],[4.663434738610221,51.809100420831115],[4.663606148054321,51.80908170282761],[4.663642389593304,51.80917271201426],[4.664104737552725,51.80909646155469],[4.66411346597932,51.80909471760331],[4.664190514207925,51.80908260819655],[4.664545277373039,51.8090236704515],[4.664528425597482,51.808989409672016],[4.664513038181715,51.808954259040036],[4.664691912299286,51.80892210240076],[4.66468492189659,51.808905879728854],[4.66469656452027,51.80890325480923],[4.665423657524454,51.8087746968373],[4.665462891771442,51.80876954494771],[4.665539861253447,51.80894349991417],[4.665603830722293,51.80893310688426],[4.665702684726408,51.80891753510377],[4.665797174500423,51.80890283527849],[4.665896013994259,51.80888816211467],[4.665994867800022,51.80887259008755],[4.666092271611795,51.80885700906684],[4.666189660984616,51.80884232674508],[4.666285600369186,51.80882763543462],[4.666381554059736,51.80881204526556],[4.666477493318046,51.80879735379786],[4.666573432514187,51.80878266225159],[4.666670835933886,51.80876708074965],[4.666768224926208,51.80875239794673],[4.666869977981177,51.80873684298434],[4.66685878064275,51.80871160593789],[4.666895114830237,51.8087064357676],[4.666791740902132,51.8084604101452],[4.666772117043209,51.8084180428592],[4.666862183897931,51.80840780936801],[4.666956614803186,51.80839670372576],[4.667052481218847,51.808386505685796],[4.667158540025212,51.80837367350572],[4.667162717528916,51.80838448555818],[4.667208540626916,51.80842072145476],[4.667219608928245,51.808454047490315],[4.66722783482142,51.80848376061206],[4.667231811436887,51.80850715558412],[4.667358183631953,51.808493548986384],[4.667354034768606,51.80848093938053],[4.667642797215588,51.808468328547214],[4.667743673051053,51.80841681272466],[4.667782906725024,51.80841166005798],[4.668460606111739,51.808469745059426],[4.668672350886674,51.808467446346874],[4.668926143153894,51.808465404636586],[4.669223948035704,51.80843127243005],[4.669209921186668,51.808401523959546],[4.669350949013644,51.80837811734277],[4.669387006083657,51.80857249340896],[4.669469608478702,51.80857569527595],[4.66946454339549,51.808620607695694],[4.6700065988402,51.80863740494165],[4.670010127692573,51.80859787631943],[4.67008549488034,51.808600134663735],[4.670085509174556,51.80859923588315],[4.670214523368765,51.80860182198004],[4.670314510618252,51.808606028341536],[4.670421761770628,51.80860938012039],[4.670518877789458,51.808611771033256],[4.670621779213191,51.80861509606307],[4.670721795094886,51.80861750451621],[4.67077976331744,51.80861965617874],[4.670807231699576,51.80835106237483],[4.670891212315573,51.80835876599596],[4.670896147445619,51.80832194253732],[4.670902546754187,51.80828422914819],[4.670907496144204,51.80824650690794],[4.67108280651128,51.80825566672279],[4.671114675940883,51.80825765894487],[4.671229133054976,51.8082637505666],[4.671375488188759,51.80827003666637],[4.671685583227781,51.808283613192],[4.671694282682266,51.80828366623738],[4.671730516148243,51.8082847860339],[4.671852251481835,51.80828912368796],[4.671865576046393,51.808180441907425],[4.671875373374809,51.80811128880787],[4.671878277621973,51.808019621990745],[4.671879912879259,51.80800794667703],[4.671889424987272,51.807956769193815],[4.67190580598415,51.807838218490275],[4.671914505353026,51.8078382715192],[4.672049288554624,51.807842688508984],[4.672289828632621,51.807853142920536],[4.672481100860493,51.80786149902998],[4.672541971078627,51.80777198298296],[4.672557919899947,51.80777208011564],[4.67268825917527,51.80759939234532],[4.672686923223474,51.80759219326782],[4.672681365789924,51.80757687867453],[4.672672908587906,51.80756154642355],[4.672663001506002,51.807546205343165],[4.672650166175293,51.80753264416617],[4.672635895210486,51.80751817537752],[4.672625859962571,51.80751092332402],[4.672608632270577,51.807500031997876],[4.672589940459319,51.807490030620585],[4.673009023807813,51.807671456766855],[4.673037069937458,51.80764016708953],[4.673073929228344,51.80760174009879],[4.673152125370198,51.807516823519286],[4.673205217812295,51.80746051791175],[4.673222929494663,51.807440850589224],[4.67322436514587,51.807441758192326],[4.673239134356369,51.80742476956711],[4.67326570183078,51.807395268574375],[4.673346654721716,51.807319357316985],[4.673374629256672,51.80729256146308],[4.673389384133684,51.807276471599714],[4.673392326571172,51.80727379289558],[4.673451317512915,51.807211230984116],[4.673448446216031,51.807209415783355],[4.67344557491938,51.80720760058256],[4.673444167724509,51.80720489541957],[4.673441310655056,51.80720218143739],[4.673439875007075,51.80720127383689],[4.673438467812741,51.80719856867386],[4.673437046391755,51.80719676229205],[4.673435639197732,51.80719405712898],[4.673520898380992,51.807120868549916],[4.673651742440275,51.80709919258281],[4.673659006020092,51.807098337884185],[4.673669183564671,51.807096602036616],[4.67376514526382,51.80708010703261],[4.673962882148366,51.80704625325842],[4.673939271944848,51.80707217691209],[4.673900935518382,51.807112392928516],[4.673839045581531,51.8071749374397],[4.673909662885284,51.80720233275838],[4.673878703664329,51.80723450380134],[4.673908980449219,51.80724547426318],[4.673937807372246,51.807256435904165],[4.673998361015104,51.807278376789576],[4.674045695237687,51.80731102371534],[4.674061544399231,51.807317412112845],[4.67413649748719,51.80734573251109],[4.674152076633825,51.80736919774245],[4.674173696928553,51.80737741892914],[4.674215501871972,51.80739295369955],[4.674290469392387,51.807420375218214],[4.67441881273157,51.80746519941164],[4.674448293431063,51.80743481698271],[4.674470425239032,51.807410681983846],[4.67450579062452,51.807374942077345],[4.674528846662529,51.807384070786156],[4.674536209706808,51.80737692456331],[4.674658668424285,51.80742710596055],[4.674668760790905,51.80743076271506],[4.674677616309447,51.80742092894299],[4.6746920299191,51.807426409670136],[4.674675782967396,51.80744518723819],[4.674775185876368,51.80748623983405],[4.67473829972588,51.80752646492558],[4.674716168003936,51.8075505999748],[4.674737774287825,51.80755971983914],[4.674780859080163,51.807586048588945],[4.674805379369331,51.8075942872647],[4.67484139937838,51.807608887821395],[4.674952345128139,51.80765360580793],[4.674931691742714,51.80767595213513],[4.674874194728058,51.80773582724739],[4.674952020416116,51.80776596229139],[4.675018275445445,51.80779422932352],[4.675140735833244,51.80784441021826],[4.675255516419391,51.807738141426896],[4.675339042617328,51.80777460287226],[4.675300820356344,51.807807629091904],[4.675303705955874,51.80780854546587],[4.67534114781487,51.80782495222862],[4.675351226137119,51.807829507706046],[4.675392989342511,51.80784773840209],[4.675397310654517,51.80784956235043],[4.675490929709828,51.80788968037884],[4.675505329382559,51.80789605978771],[4.675535550267703,51.80791062495658],[4.675542757202633,51.80791336526774],[4.67554852842522,51.80791519800373],[4.675554257093546,51.80791972708403],[4.675513064138765,51.80795722969369],[4.675616634254987,51.80800999211829],[4.675619519873907,51.808010908484505],[4.675723132783003,51.80806097447062],[4.675737532543323,51.80806735385102],[4.675800860341051,51.808097400423264],[4.675792033294017,51.80810543671641],[4.675836654205398,51.80812638117982],[4.675904317692343,51.808157352846685],[4.675971952918958,51.80819012203778],[4.676043923793412,51.80822381633285],[4.676182151258738,51.808285776959764],[4.676252658360736,51.808320361123194],[4.67629727969921,51.80834130541164],[4.676392293817792,51.80838502663222],[4.676423138700136,51.80836004518145],[4.676489324694887,51.80839280529233],[4.676556946535654,51.808426472928296],[4.676624596805082,51.80845834296211],[4.676650511169839,51.808470185159365],[4.676690811415725,51.80848930539616],[4.676693682924811,51.80849112051767],[4.67672396124068,51.808502090254244],[4.676765697303306,51.8085221180257],[4.676793047499824,51.80853486775141],[4.676857798260102,51.80856672009515],[4.676862133859515,51.80856764520791],[4.676931220319748,51.80860042262382],[4.677000321036898,51.808632301217436],[4.676966533970592,51.80865996161301],[4.676929818700362,51.808689402009776],[4.67695861896863,51.808702160473054],[4.676996019703583,51.808721263053435],[4.677043541635087,51.808742224609084],[4.677092485227529,51.80876499248309],[4.677129214607425,51.80873465325392],[4.67716740801492,51.80870342400458],[4.677192368079302,51.8086837999493],[4.677327627936704,51.80875023559143],[4.67743414429966,51.80880031761121],[4.6774902812059,51.80882672429604],[4.677525546296145,51.808797274955126],[4.677560811340272,51.80876782560336],[4.677594598123932,51.808740165036426],[4.677629863078196,51.80871071566357],[4.677654837089144,51.80869019272779],[4.677725374240106,51.808722978444166],[4.67773256729661,51.80872661740283],[4.677807426058348,51.80876122693222],[4.677837662408495,51.80877489272725],[4.67788228493513,51.80879583641392],[4.67795857971787,51.808831353393245],[4.678037936029264,51.80876441795662],[4.678052322207272,51.80877169583525],[4.678117074199999,51.80880354748538],[4.678163132680109,51.808825398608796],[4.67824083526902,51.8088636205114],[4.678267711214402,51.80881434518546],[4.678293123043898,51.80876595987556],[4.67831552192765,51.80872474729678],[4.678554590049259,51.808736977678706],[4.678658768049573,51.80884367309385],[4.678655839944922,51.80884545314805],[4.678747180868503,51.80893858796104],[4.678814155682165,51.80901359826716],[4.679545002101855,51.80873576365447],[4.679624999089756,51.8088126497595],[4.679627913050053,51.80881176846311],[4.679632276938298,51.80881089590947],[4.679635190898342,51.808810014612924],[4.679639554786276,51.80880914205897],[4.679642454642291,51.80880915954432],[4.679646818530003,51.80880828699012],[4.67965116831395,51.80880831321783],[4.679654082273458,51.80880743192079],[4.679658432057327,51.80880745814822],[4.679662781841206,51.8088074843755],[4.679665667593817,51.80880840064238],[4.679670017377787,51.808808426869376],[4.67967435305863,51.808809351878345],[4.679677252914676,51.80880936936281],[4.679681588595757,51.80881029437151],[4.679684474348934,51.80881121063792],[4.679688810030344,51.80881213564631],[4.679691681680992,51.808813950694606],[4.679694567434606,51.80881486696077],[4.679698889013925,51.80881669075093],[4.679701774767863,51.808817607016884],[4.679704646419384,51.808819422064886],[4.679721862231156,51.80883121113346],[4.679782082390716,51.808874719808884],[4.679813642444923,51.80889648287553],[4.679828000752464,51.80890555810112],[4.679905549811659,51.808953665506785],[4.679950102990792,51.808979102319164],[4.679981733684599,51.808996371430055],[4.680060845763987,51.8090372972147],[4.680062309794936,51.809036407170055],[4.680114098731154,51.80906278638956],[4.680115576856325,51.8090609975621],[4.680209160361273,51.80910380817846],[4.680207428571047,51.809121775085636],[4.680447118083974,51.80918703849765],[4.680525175397061,51.80920278933609],[4.680575726134086,51.80921567788762],[4.680684049239623,51.80924329613912],[4.68060815849755,51.80936688283714],[4.680602260118738,51.80937313938924],[4.680588886643149,51.809393732801055],[4.680582917831816,51.80940448326299],[4.680559859530854,51.80939535574201],[4.680532479571387,51.80938440445716],[4.680516318858555,51.80939779013992],[4.680477409770653,51.809382275075734],[4.68040447568556,51.80940970068137],[4.680367776131992,51.80943824337229],[4.680347223234481,51.80945429917667],[4.680291392438164,51.809500703942476],[4.680272289435855,51.80951676846817],[4.680270825393396,51.80951765851541],[4.680339887613918,51.809552231491836],[4.680410399893652,51.809586813160855],[4.680443495231575,51.809603192098194],[4.680478040547849,51.80961957975859],[4.68054566721434,51.80965324509956],[4.680614743938388,51.809686919132254],[4.680685242556588,51.80972239941851],[4.680751405491473,51.80975695469332],[4.68081758260859,51.80979061114875],[4.680883745745139,51.80982516634903],[4.680985890565636,51.80987701653188],[4.680997391726838,51.809883377815495],[4.681053447617609,51.809915175491426],[4.68106065520946,51.809917915464176],[4.681064976949819,51.80991973920403],[4.681125368754214,51.80995246180319],[4.681239029441604,51.81000977425366],[4.681459481668315,51.81010008810332],[4.681440252210161,51.81012424185841],[4.681416588403071,51.810153762141226],[4.681376693470662,51.810201162130156],[4.681292891140256,51.810274365126595],[4.681289963046106,51.81027614524627],[4.681287034951724,51.81027792536585],[4.681270916356583,51.810288614804406],[4.681272690558371,51.810360534824],[4.681211721103986,51.81036466236994],[4.681211763323346,51.81036196602346],[4.681207413388304,51.810361939853294],[4.681215339240642,51.81041142521243],[4.680977472079011,51.81059965482748],[4.681321401522657,51.81076891337139],[4.681410625667308,51.81081259564538],[4.682042379255241,51.81112290714292],[4.68210861556237,51.81115296774128],[4.682120145317882,51.81115753135033],[4.682369464558609,51.81125700555365],[4.682366522392368,51.81125968448216],[4.682365030233379,51.81126237211978],[4.682363552124735,51.811264160975114],[4.682363509973164,51.811266857321854],[4.682362017813756,51.81126954495943],[4.682361975662086,51.811272241306185],[4.682360483502406,51.81127492894373],[4.682360441350639,51.81127762529046],[4.682360413249458,51.81127942285495],[4.68236037109768,51.81128211920169],[4.682361778954221,51.81128482425764],[4.682361736802518,51.81128752060439],[4.682363144659306,51.811290225660315],[4.682364552516265,51.811292930716235],[4.682364524415234,51.81129472828072],[4.682367382281145,51.81129744204575],[4.682368790138581,51.811300147101605],[4.682370212046589,51.81130195337521],[4.682373069913298,51.81130466714007],[4.68237449182162,51.811306473413616],[4.682377363739139,51.811308288396184],[4.682380221606678,51.811311002160856],[4.682383093524717,51.81131281714327],[4.682385965442983,51.81131463212556],[4.682388837361482,51.81131644710783],[4.682393173339575,51.81131737201657],[4.682424820658222,51.81133374168651],[4.682455017989426,51.81135010263987],[4.682486665353537,51.811366472293145],[4.682518312740644,51.81138284193787],[4.682548510138699,51.81139920286722],[4.68258015757127,51.8114155724953],[4.682610355013717,51.81143193340873],[4.682641988446702,51.81144920180243],[4.682672185934137,51.811465562699986],[4.682702369399649,51.81148282237208],[4.682732552888274,51.81150008203635],[4.682762736400024,51.81151734169289],[4.682792919934894,51.81153460134167],[4.68282165347585,51.811551852279194],[4.682851837056394,51.81156911191284],[4.682880570641904,51.811586362835946],[4.683019944986891,51.811668996113546],[4.683150689876841,51.8117470831176],[4.683153547818721,51.811749796863495],[4.683183675521431,51.811770651541124],[4.683266598174567,51.81184665377257],[4.683402470679806,51.81196791683973],[4.683462530229829,51.81202220901213],[4.683608035079397,51.812176787655986],[4.683827681168532,51.81241270849336],[4.68387618351052,51.81246423457637],[4.683958898315454,51.81255371805209],[4.684013145090796,51.81260887396555],[4.68426724648387,51.81286747206231],[4.684371503574201,51.81297056726528],[4.684395776357391,51.812994982022744],[4.684422865235054,51.81302480683715],[4.684425723334314,51.81302752055188],[4.684462836627809,51.813065495184524],[4.684067618231211,51.81330042856293],[4.684137354335069,51.813385339801215],[4.684156079186733,51.81339354177623],[4.68417473396882,51.81340623765979],[4.684187630496768,51.8134162024466],[4.684193346716669,51.81342162988731],[4.684144184240278,51.813412346706855],[4.684046664604842,51.81343513295775],[4.683943330536722,51.81345878315068],[4.683928787689598,51.81346139259885],[4.683912780741457,51.81346489213733],[4.683898237890611,51.8134675015817],[4.683883681016977,51.81347100980651],[4.683867674061945,51.81347450933882],[4.683853117183685,51.813478017559845],[4.683838560303167,51.813481525779025],[4.683823989398084,51.81348593277866],[4.683809432512757,51.81348944099424],[4.683794861602281,51.81349384799028],[4.68378029068896,51.81349825498443],[4.683765719772798,51.81350266197679],[4.683751148853793,51.813507068967354],[4.683739464068537,51.813512392122924],[4.683727779280524,51.81351771527733],[4.683716094489756,51.813523038430546],[4.683704395671519,51.81352926036486],[4.683694160956026,51.81353459220861],[4.683682462131767,51.81354081414068],[4.683670777329666,51.81354613728937],[4.683660528580776,51.81355236791235],[4.683650279829053,51.813558598534485],[4.683539133737533,51.81361815619081],[4.683441136332674,51.8136715005304],[4.683423931733306,51.81365881322701],[4.683404912260103,51.81366948556072],[4.68337855816212,51.81368550710066],[4.683356610431204,51.81369795959724],[4.683175143577761,51.81380293731606],[4.683014215835979,51.813892757275894],[4.682923495764682,51.81394434712122],[4.68292035688794,51.81395960901123],[4.682847192190391,51.8140014166223],[4.682540185561916,51.81415867293354],[4.681993377110001,51.81444122783888],[4.681763811274136,51.814561195075704],[4.681714394894688,51.8145680889495],[4.68150357971198,51.81460187722918],[4.681233126498095,51.814646991650115],[4.681160437702576,51.81465823962302],[4.681147330349129,51.81466175623095],[4.681134222993644,51.81466527283743],[4.681121129712802,51.81466789066074],[4.681109472470448,51.81467141598916],[4.681096365109218,51.81467493259142],[4.681084707863116,51.81467845791736],[4.68107158642024,51.8146828732985],[4.681061393365456,51.81468550856578],[4.681051186231398,51.81468904261382],[4.681040979095743,51.81469257666098],[4.681030757879993,51.81469700948894],[4.681020550740938,51.81470054353432],[4.681010343600286,51.814704077578774],[4.681001572497038,51.814708519130264],[4.680991351273805,51.814712951954746],[4.680981144128061,51.814716485996655],[4.680972373019526,51.81472092754591],[4.680962151790616,51.814725360367845],[4.680953366598432,51.814730700697375],[4.680944595484397,51.81473514224453],[4.680935824368635,51.81473958379106],[4.680927039170562,51.81474492411855],[4.680918268051168,51.81474936566374],[4.680909482849107,51.814754705989884],[4.680902147764714,51.814760055042875],[4.680893362558662,51.8147653953678],[4.680886027470615,51.81477074441975],[4.680877242260569,51.81477608474351],[4.680714264783013,51.81490364162394],[4.680554200727259,51.815030316956346],[4.680552750598902,51.81503030822459],[4.680546907820647,51.81503296964207],[4.680551173676788,51.815038388526894],[4.680557044631659,51.81503392954606],[4.680771944322424,51.815202412476935],[4.680955646307328,51.815510930408685],[4.68090562326681,51.815556471546444],[4.680468987508289,51.81565541481735],[4.680466129481839,51.81565270100719],[4.680243411115475,51.815705291554565],[4.680305554697642,51.81581173211556],[4.679768445338906,51.81593613468121],[4.679628708283587,51.81596855032224],[4.679583993210069,51.81595299999087],[4.679421162062835,51.81570123435347],[4.679220236861155,51.81575125779666],[4.679057156370138,51.815792520595956],[4.679049863252322,51.815795173188],[4.67898580238433,51.81581096621591],[4.678896975889006,51.81583380067243],[4.678883868017874,51.815837317026066],[4.678883882139646,51.815836418244835],[4.678860580822202,51.815842569672],[4.678860566699964,51.815843468453195],[4.678816878477178,51.81585489001897],[4.678816892600294,51.81585399123776],[4.67880088440803,51.81585749007555],[4.678799434253506,51.815857481322055],[4.678816412414028,51.81588454979858],[4.678747972620982,51.8159021139986],[4.678718197351055,51.81585878866124],[4.678690531409733,51.815865812572184],[4.678657050713579,51.81587370023693],[4.678654136277194,51.81587458150761],[4.6786206555682,51.81588246916194],[4.678588625003054,51.81589036556277],[4.678575531219503,51.8158929831007],[4.678524577968164,51.815905259557006],[4.678459066604357,51.81592104353964],[4.678393555194816,51.81593682748552],[4.678329493897006,51.81595262015407],[4.678263982396488,51.81596840402742],[4.678199935144153,51.815983297843914],[4.678135887849635,51.81599819162532],[4.678071840512933,51.81601308537168],[4.67800632883489,51.816028869100734],[4.677942267271442,51.81604466155719],[4.677876755502421,51.81606044521368],[4.67781124368767,51.81607622883344],[4.677747196133527,51.816091122402085],[4.677681684229111,51.816106905949304],[4.677617622441716,51.81612269822792],[4.677552110446323,51.81613848170256],[4.67748661255496,51.81615336635955],[4.6774356587146,51.81616564234154],[4.677459674740387,51.8162062365779],[4.677448016814958,51.81620976154061],[4.677394120113635,51.81622471630668],[4.677266293196966,51.8162374261142],[4.677189122954811,51.816256734328874],[4.677162920855814,51.8162628678709],[4.677123610615464,51.81627251756338],[4.677087200693841,51.81628218479202],[4.677059548398328,51.81628830953624],[4.6770333321046,51.81629534183008],[4.676995471976823,51.81630500025484],[4.676957625993246,51.816313759886455],[4.676931409668902,51.81632079215749],[4.67686298264562,51.81633745647365],[4.676822222106634,51.81634709728738],[4.676885936108058,51.81644545938848],[4.676798571641829,51.81646740224671],[4.676829753149374,51.8165134331857],[4.676536992765323,51.8165925587419],[4.67656105071169,51.816630456816796],[4.676545027900984,51.81663485412639],[4.676464913800678,51.81665684064145],[4.676384799622421,51.81667882710157],[4.676307599901761,51.81669993229482],[4.676226021213766,51.816722808642496],[4.67608449082076,51.81650082996924],[4.676059724426924,51.81650787083194],[4.676062553884898,51.816512382310165],[4.675895088875084,51.81655541189956],[4.675882349291153,51.81653555961941],[4.675834266570838,51.8165496500442],[4.675771611135107,51.816568146443885],[4.675747610624719,51.816526653085575],[4.675591803427157,51.816566157448214],[4.675564845980246,51.816528241588955],[4.675406223413655,51.81656233543412],[4.675400394325239,51.81656409781332],[4.675286883142184,51.816588577563095],[4.675205375118583,51.81660695929811],[4.675208190301725,51.81661236957728],[4.675203811377088,51.81661414074456],[4.674976774224079,51.81666399853302],[4.67493747736976,51.81667274871058],[4.674930411083259,51.81666102055751],[4.674924766577329,51.8166510987665],[4.674889834464042,51.81665897655179],[4.674849073215214,51.81666861667838],[4.674801088036317,51.816584730802845],[4.6747517238834,51.816496342201106],[4.674749008193734,51.81648464044761],[4.674734946804903,51.81645669021565],[4.674721297378975,51.81640267534756],[4.674713093533814,51.81637116520635],[4.674715665907115,51.816300170350516],[4.674745308463668,51.81625990130338],[4.674758530412133,51.81624919516895],[4.674759994782406,51.81624830519189],[4.674825933993345,51.816205559862475],[4.674865500300273,51.81617973289071],[4.674872792154476,51.81608539614128],[4.674874682571707,51.816057542746016],[4.674880154985562,51.81598656548745],[4.67483745979905,51.81593507092942],[4.674796172254323,51.81588628150033],[4.674794750506556,51.81588447513626],[4.674753491462486,51.81583388813092],[4.67473783807577,51.8158149168997],[4.674710796564694,51.81578239352637],[4.674541539132672,51.815571929854855],[4.674417891880675,51.815412079500405],[4.674335418228658,51.81530820886589],[4.674306898750366,51.81527747415117],[4.674210123291514,51.815160932409476],[4.674160363806423,51.81509770940468],[4.674052329336082,51.81495952631172],[4.674009621845406,51.81490893023028],[4.674022758260445,51.8149036168599],[4.674156965620128,51.814854095818504],[4.674158458387968,51.81485140828758],[4.674199317641496,51.81483547693195],[4.674288343511302,51.814800063101465],[4.674320487747066,51.81478497762865],[4.674230551671442,51.81469454458038],[4.674086819618387,51.81452108881773],[4.674029796249122,51.81445872047656],[4.673941453708211,51.814359308211806],[4.67382319876197,51.814408925976856],[4.67382605630916,51.81441163994833],[4.673798305164883,51.8144240553906],[4.673760346359226,51.814440004239174],[4.673644991220764,51.81448963945467],[4.673602298857234,51.81443814444331],[4.673602313083747,51.814437245662795],[4.673593768932217,51.814427306170884],[4.67349129632187,51.81430443709653],[4.673466986067166,51.814282716438434],[4.673469914730349,51.81428093651592],[4.673372887408524,51.81418057212758],[4.673300042480148,51.81411001738112],[4.673230097968739,51.81403948023373],[4.673198708325541,51.814006930042424],[4.673131550429194,51.81394360072529],[4.673100103978485,51.81391464562955],[4.673067250189367,51.813882985359605],[4.673035775347013,51.813855827807565],[4.673000035708841,51.813823251089005],[4.672979933823848,51.81381054460971],[4.672941294089608,51.813777950222665],[4.672902668651375,51.81374445704232],[4.672885509719739,51.813729071857836],[4.672842619562519,51.813690159495316],[4.672814016670856,51.81366481709855],[4.672795436202324,51.813647625512544],[4.672779684697718,51.81363494548151],[4.672676674806451,51.81354622935051],[4.672517796258507,51.81341402727168],[4.672427638536808,51.813337973326234],[4.672306007149212,51.81323476156322],[4.672296013442472,51.81322481314278],[4.672264568028803,51.81319585782251],[4.672231701095829,51.81316509609843],[4.672203113133994,51.81313885477199],[4.672183068795673,51.813122553034354],[4.672065760219582,51.813021165087854],[4.672005684584805,51.81296866467241],[4.671949859452443,51.812922482203135],[4.671898398864782,51.81287542744269],[4.671866939689239,51.81284737079607],[4.67184833139645,51.81283197662058],[4.67179536391653,51.81278850809728],[4.671745268118187,51.812746854791946],[4.671726659908372,51.81273146059709],[4.671695186676168,51.8127043026847],[4.671643655278723,51.81266174171438],[4.671592123978508,51.812619180721356],[4.67148758308823,51.812535847384545],[4.671434602034641,51.81249327747858],[4.671383071124078,51.812450716393606],[4.67138015676801,51.812451597484106],[4.671325740144138,51.812408119903594],[4.671314268252629,51.81239996011434],[4.671272730849077,51.81236734748526],[4.671236936571416,51.812338365350044],[4.671219750196142,51.812324777482196],[4.671201113792723,51.81231118076466],[4.6711696126218,51.81228582027186],[4.671473489094603,51.81214475408983],[4.671419129825795,51.81209768142981],[4.671410543789668,51.81209043811919],[4.671351863102983,51.81204154133325],[4.67133467680572,51.8120279534819],[4.671290325301746,51.811989930484536],[4.670938501668443,51.811680370919404],[4.670855471627868,51.811612449037156],[4.670816835309689,51.81157985394835],[4.670679405051783,51.81146755531764],[4.670202125643788,51.811114081754575],[4.670133283255384,51.81106602112209],[4.670111776293036,51.811050608949756],[4.670094547861666,51.8110397172576],[4.670072969447739,51.811028798979834],[4.670049926751743,51.811018770617146],[4.670041283956375,51.81101512232752],[4.670016762685081,51.81100688265752],[4.6699907771297,51.810999532900695],[4.669964777285196,51.81099308191842],[4.669921377501388,51.81098652457668],[4.66998437900638,51.81085477609447],[4.669985857591996,51.81085298739592],[4.670011782071034,51.810590676460954],[4.670016832543674,51.810546662807795],[4.670018611341329,51.810525999720774],[4.669988176042204,51.81052491484095],[4.669905555738874,51.810522612113424],[4.66981714982248,51.81051937509076],[4.66976786478694,51.81051817491799],[4.669730179597391,51.81051704564716],[4.669644673665717,51.81051382622507],[4.669556267786241,51.81051058900593],[4.669473661839919,51.810507387194],[4.669464961959728,51.81050733398314],[4.669395405845347,51.81050421193219],[4.669299764415295,51.810500031392415],[4.669300036317925,51.81048295456727],[4.669252215627793,51.81048086426827],[4.669211630525,51.81047971708856],[4.669130460325819,51.81047742268708],[4.669136112829531,51.81039566030227],[4.669146673465321,51.81027887210344],[4.669150145952943,51.810242938637444],[4.669135789376859,51.810233862109826],[4.669146192524218,51.81012696049181],[4.669005617240997,51.810121605878834],[4.668972282305594,51.81012050298764],[4.668973961345191,51.81010613137808],[4.668977519857987,51.810064805235136],[4.668982757397101,51.810009107482024],[4.668987994922937,51.80995340972828],[4.668993203802433,51.80989950953451],[4.668996977026968,51.80984470168558],[4.669002157249907,51.80979259905125],[4.669007380409135,51.80973780007544],[4.669011139285853,51.80968389100525],[4.669016348104965,51.80962999080864],[4.66902157122714,51.80957519183107],[4.669026923177628,51.809512303829926],[4.669032275112757,51.80944941582806],[4.66903756977078,51.809390122946816],[4.668976715073885,51.80938705389271],[4.668908596348641,51.80938483921083],[4.668905009193198,51.80942796291562],[4.668771657202665,51.809424449963394],[4.668777596627717,51.80932471198045],[4.66867612934746,51.809322292989116],[4.668676415799646,51.809304317383216],[4.668647431300282,51.80930324103524],[4.668647144836549,51.80932121664107],[4.668618146003285,51.8093210390662],[4.66861843247858,51.80930306346045],[4.668447396744569,51.809298420502024],[4.668445602950811,51.80931998234721],[4.668374584471524,51.80931774959341],[4.667439976668755,51.80945583961975],[4.667312037053873,51.80947662764448],[4.66728588061855,51.80948006265044],[4.667255359988669,51.809484369743394],[4.667223375054653,51.80948956671223],[4.667208832531694,51.80949217408971],[4.66712162041983,51.809505121976756],[4.667046022194069,51.80951724220637],[4.666970423927883,51.80952936238718],[4.666894825621266,51.80954148251916],[4.666801784809949,51.809556192126905],[4.666707293989052,51.809570892758195],[4.666614253056525,51.8095856022169],[4.666522676379383,51.809599421726695],[4.666429635328406,51.80961413103876],[4.666339508488316,51.80962795931126],[4.666250831544612,51.80964179642261],[4.666186875589137,51.80965129102293],[4.666178147134127,51.80965303512841],[4.666176697182422,51.80965302621928],[4.666173797279013,51.80965300840104],[4.666170897375608,51.809652990582684],[4.666169461796634,51.80965208289363],[4.666166561893289,51.80965206507517],[4.666163676362791,51.8096511484768],[4.666162240784021,51.80965024078764],[4.666160790832411,51.80965023187836],[4.666157905302148,51.80964931527983],[4.666156484096539,51.80964750881073],[4.66615504851803,51.809646601121514],[4.66615361293958,51.80964569343227],[4.666152191734256,51.809643886963116],[4.666150756155948,51.80964297927387],[4.666150784902142,51.809641181714156],[4.666149349323949,51.80964027402484],[4.666149378070196,51.80963847646512],[4.666134017917226,51.80960152848589],[4.665849108767768,51.809644720842584],[4.66577352435024,51.80965594147118],[4.665696475561109,51.809668051915644],[4.665620876683247,51.80968017122547],[4.665551106346332,51.80969052859449],[4.665474057439007,51.80970263889271],[4.665392644241812,51.80971562116351],[4.665305431182339,51.80972856769837],[4.665221132373353,51.80974063323044],[4.665168804485409,51.8097484010825],[4.66510919801799,51.80975792185922],[4.665024884706646,51.80977088602975],[4.66497254235353,51.80977955257377],[4.664937613846532,51.809787427409326],[4.664883821501636,51.80979608498922],[4.664832943448104,51.80980386161629],[4.664780615420675,51.809811629294906],[4.664729737331999,51.809819405877136],[4.664677409268956,51.809827173509625],[4.66462653114514,51.80983495004702],[4.664574188641869,51.80984361641301],[4.664518960608926,51.809851366116774],[4.664463718150293,51.809860014574085],[4.664434632547617,51.809865228641925],[4.664444436481152,51.8098868618655],[4.664360122739639,51.809899825557245],[4.664275808949914,51.80991278918832],[4.66419294507194,51.809925761692355],[4.664108631186181,51.80993872520305],[4.664025767212966,51.80995169758879],[4.66392254606566,51.80996813991759],[4.663898819484516,51.80991046610036],[4.663880662098779,51.80986720849973],[4.663816690910709,51.80987760058569],[4.663783255347196,51.80988278767688],[4.663751269734671,51.80988798369762],[4.66368439856971,51.809898357833056],[4.663613163072547,51.809909603887334],[4.663546277418957,51.809920876723325],[4.663483770464826,51.8099303787896],[4.663415434788117,51.80994164260843],[4.663354377738496,51.809951153548894],[4.663287506389536,51.80996152745765],[4.663223534932365,51.80997191921957],[4.663194463547672,51.809976234200086],[4.663156663522833,51.80998229305364],[4.66312614216348,51.809986599070726],[4.663067999351205,51.80999522897617],[4.662985134978207,51.810008200626065],[4.662786186902022,51.81002584886723],[4.662770843817972,51.80998800167509],[4.662661865615221,51.81000171075077],[4.662574636783082,51.810015554031935],[4.662532501200466,51.81002068704386],[4.662522337016777,51.8100215231434],[4.662472922715731,51.81002840892065],[4.662417679652199,51.81003705641324],[4.662358086677558,51.81004567701085],[4.662299929193825,51.810055205314384],[4.662311080958434,51.81008313912529],[4.662322203837536,51.81011287049346],[4.662324930373692,51.810123673757325],[4.662281330245518,51.81012969650116],[4.662260972917784,51.81013316621412],[4.662195551016519,51.81014354845684],[4.662234517070344,51.810245361329756],[4.662234531521772,51.810244462550614],[4.662235923685882,51.81024806662512],[4.662261069383262,51.81030754728854],[4.662256719468036,51.81030752041581],[4.66225814053781,51.81030932693175],[4.662125860673504,51.81032918363771],[4.662031396824417,51.810071523536266],[4.662030019137482,51.810067020680144],[4.662018390514605,51.810068746554755],[4.662015591776632,51.810062437179624],[4.661958884163795,51.810071974274464],[4.661960232930117,51.81007827468971],[4.661752309604437,51.810112944211774],[4.661749395212691,51.81011382506317],[4.66175080179502,51.81011653036435],[4.661801135209692,51.81023279555526],[4.661504560339997,51.81027950075277],[4.661469688711267,51.810283779437334],[4.661430452695787,51.81028892998719],[4.661304001357551,51.810307024079066],[4.661286558288805,51.810309612782305],[4.661273986074738,51.81027987234812],[4.661249278690349,51.81028331497588],[4.66074933032411,51.81035213053213],[4.660701350884232,51.8103599233169],[4.660667914608635,51.8103651095186],[4.660502183089871,51.810391049363055],[4.660462932385208,51.81039709836775],[4.660524239725975,51.81055208342528],[4.660312108079594,51.81057773566116],[4.660312122569486,51.810576836882326],[4.660296795869151,51.81053809059389],[4.660281440214061,51.81050114186095],[4.66026749108806,51.810466898444595],[4.66025213548097,51.81042994970761],[4.660209984758588,51.810435980662746],[4.660151840815175,51.810444609120395],[4.660037002838103,51.81046187493413],[4.660052358279465,51.810498823698865],[4.660064842778445,51.81053395693444],[4.660078762781803,51.81056999793197],[4.660094118293812,51.810606946690875],[4.659961619160819,51.81064028263412],[4.659958704700156,51.810641163440835],[4.65982938082453,51.81065744041005],[4.659752372248148,51.81066685060697],[4.659714600190311,51.81067111079165],[4.65969425692477,51.810673681279475],[4.659631777131248,51.81068138373172],[4.659630370658755,51.810678678405566],[4.659585334159627,51.81068379237661],[4.659571646591361,51.81063337086262],[4.65955111529586,51.810557738588194],[4.659503164444295,51.81056373332456],[4.659461042511576,51.810567966452695],[4.659439032439506,51.81049412272371],[4.659414339307152,51.810496666185806],[4.659369302965871,51.81050178007434],[4.659363720688481,51.8104882624209],[4.659354991809801,51.81049000601773],[4.659296905675506,51.810495038936516],[4.659288191303229,51.81049588374969],[4.659228640665423,51.81050180641901],[4.659224276222266,51.81050267821246],[4.65912260365489,51.810512833855995],[4.658897552266339,51.81053031355779],[4.658954344763766,51.81069515899019],[4.658830820311334,51.81071147085119],[4.65877850472921,51.81071833706935],[4.658698581341994,51.810728627351196],[4.658694231388918,51.810728600346344],[4.658678368696203,51.810723108655836],[4.658389182613165,51.810760863186914],[4.658377422916662,51.810770677706316],[4.658375972931032,51.810770668700755],[4.658293134858334,51.81078183947323],[4.658239383658918,51.81078779766556],[4.658153645548392,51.81079895032487],[4.658136972378305,51.810753903301155],[4.658125343430981,51.810755628789195],[4.658083206657524,51.810760760200424],[4.65807350733359,51.81073283500391],[4.657788670645337,51.810770615081594],[4.65777180882271,51.81073725212571],[4.657743652522675,51.81068494271447],[4.657724700956871,51.81069111698753],[4.657692655911569,51.81069990646709],[4.657663525363456,51.81070781518836],[4.657651867324161,51.810711338186174],[4.657637294772488,51.81071574193181],[4.657586298091412,51.81073070563805],[4.657530936877338,51.810746541052346],[4.657436251458585,51.810772918322634],[4.657409356388249,51.81073230196765],[4.657349955603247,51.81063934904762],[4.657348563818134,51.810635744916006],[4.657345765699518,51.8106294354311],[4.657337414995995,51.81060781064085],[4.657267302290256,51.81045996005141],[4.657167152125239,51.81046562912735],[4.657149723313482,51.8104673184366],[4.656989614651112,51.8105040747368],[4.656933327590766,51.810487544828604],[4.656940577471496,51.81048758994539],[4.656947856466108,51.81048583750511],[4.656955135460155,51.810484085064395],[4.656962414453636,51.8104823326233],[4.656969693446553,51.810480580181675],[4.65697553701941,51.81047791993845],[4.656979930615814,51.81047525067215],[4.656985788743544,51.81047169165012],[4.656994605045384,51.81046455555992],[4.656999027751159,51.810460088736285],[4.65700197136924,51.81045741044654],[4.657003435900245,51.810456520690785],[4.657004929542751,51.81045383337839],[4.65700640862933,51.81045204484432],[4.657006423185079,51.81045114606605],[4.657007945938662,51.81044666119701],[4.657009454136253,51.81044307510625],[4.657010991444912,51.81043769145891],[4.657011064223161,51.810433197567406],[4.657009701582796,51.81042779587517],[4.657009759805484,51.81042420076195],[4.657006932635865,51.81041968882552],[4.657005555440645,51.81041518591151],[4.657001278298319,51.810410664952414],[4.656997001156848,51.810406143993134],[4.656994159433659,51.8104025308347],[4.656988432320391,51.810398000852466],[4.656984126069069,51.81039527744936],[4.656976934428378,51.810391637222075],[4.656969728232395,51.81038889577269],[4.656963957453614,51.81038706212419],[4.656944181883376,51.810354579781524],[4.656941325610652,51.810351865400065],[4.65693000242377,51.81033471642549],[4.656934366894594,51.81033384471741],[4.656932960594884,51.81033113935914],[4.656930046095438,51.810332020090605],[4.6569187229178,51.81031487111494],[4.656907414306407,51.810296823359835],[4.656910328804014,51.81029594262894],[4.656908907949293,51.81029413604863],[4.656905993451775,51.810295016779506],[4.656894684850428,51.81027696902317],[4.656883376258102,51.81025892126573],[4.656886290753723,51.81025804053543],[4.656884869901154,51.81025623395482],[4.656881955405623,51.81025711468513],[4.656870646823343,51.810239066926414],[4.656859323691503,51.810221917944915],[4.65686225274372,51.81022013843687],[4.656860831893301,51.81021833185601],[4.65685791739976,51.810219212585714],[4.656846594277717,51.810202063602915],[4.656835285723311,51.810184015840754],[4.656838200215015,51.810183135111615],[4.656836779366722,51.81018132853045],[4.656833864875107,51.81018220925955],[4.656822556330747,51.810164161496125],[4.656811247795409,51.8101461137316],[4.656814162285125,51.810145233003034],[4.656812741438984,51.81014342642158],[4.656809826949358,51.81014430715012],[4.656798518424066,51.81012625938431],[4.656787195347822,51.8101091103957],[4.656790124395524,51.81010733088947],[4.656788703551534,51.81010552430769],[4.656785789063896,51.81010640503563],[4.656774465997449,51.81008925604578],[4.656763157500031,51.810071208276526],[4.656766071985831,51.81007032754915],[4.656764665704372,51.81006762218879],[4.656761736658256,51.81006940169443],[4.656750428170881,51.81005135392392],[4.656739119692528,51.81003330615229],[4.656742034176341,51.81003242542551],[4.656742063298027,51.81003062786893],[4.656737698852905,51.810031499569945],[4.656726390384598,51.81001345179705],[4.656715081925316,51.80999540402308],[4.65671799640714,51.809994523296886],[4.656718025529751,51.80999272574026],[4.656713661087843,51.80999359744038],[4.656702352638604,51.809975549665175],[4.656691044198388,51.80995750188882],[4.65669539407549,51.80995752896784],[4.656693987801764,51.80995482360662],[4.656689623363068,51.80995569530586],[4.656678300370823,51.80993854630658],[4.656666991949458,51.80992049852785],[4.656671356385175,51.80991962682946],[4.656669935551832,51.80991782024625],[4.656665571116263,51.80991869194461],[4.656654262704941,51.80990064416463],[4.656642939739888,51.80988349516187],[4.656647318735148,51.80988172468605],[4.656645897903956,51.80987991810254],[4.6566415334716,51.80988078980003],[4.656630210516346,51.809863640795996],[4.656618902132897,51.80984559301259],[4.656623266562277,51.80984472131594],[4.656621860296366,51.80984201595385],[4.656617481303978,51.80984378642874],[4.656606172930575,51.809825738644065],[4.656594864566194,51.809807690858264],[4.65659922899236,51.80980681916251],[4.656597808165444,51.809805012578416],[4.656593443739426,51.80980588427413],[4.656582135385092,51.80978783648709],[4.65657081247563,51.80977068747725],[4.656575191462731,51.80976891700405],[4.656573770637967,51.80976711041965],[4.65656940621516,51.809767982114494],[4.656558083315502,51.80975083310339],[4.65654677498904,51.8097327853129],[4.656551139408867,51.809731913618904],[4.656549733150777,51.809729208255895],[4.656545354166548,51.80973097872815],[4.656534045850128,51.80971293093639],[4.656522737542733,51.80969488314352],[4.656527101959347,51.80969401145039],[4.65652568113886,51.809692204865414],[4.656521316722394,51.80969307655847],[4.65651708339242,51.80968585924667],[4.656508587605835,51.80967322217916],[4.656491625178256,51.8096461504857],[4.656498904054151,51.80964439807287],[4.656516376267034,51.80964001252468],[4.65647109949437,51.809570517674224],[4.656458385000588,51.80954976451099],[4.656430099859516,51.80950554378627],[4.656403235582038,51.80946312964115],[4.656396146109243,51.809453197930104],[4.656312712015938,51.809322342276914]]]]}},{"type":"Feature","properties":{"gezicht_uri":"https://linkeddata.cultureelerfgoed.nl/cho-kennis/id/gezicht/10134624","gezichtsnummer":"1709","naam":"Rotterdam - Waterproject"},"geometry":{"type":"MultiPolygon","coordinates":[[[[4.469516459427702,51.93894370914307],[4.469502087468256,51.93900651803987],[4.469494119351019,51.939040613],[4.469470909333519,51.939037735218115],[4.469452079889329,51.939033992752734],[4.469382376405145,51.93902895428495],[4.46884540005399,51.93897442439922],[4.468739455332925,51.93896370923273],[4.468701723119557,51.93895981898086],[4.468739505996366,51.93881899114518],[4.468719185887934,51.938817034661824],[4.468659679634851,51.93881117655048],[4.468099349880218,51.93876095514929],[4.468020977795281,51.93875315148807],[4.468024143399622,51.93874059201915],[4.468025781376474,51.93873161609804],[4.468065590347433,51.9385629392508],[4.468213394626564,51.937949265697895],[4.468243705763159,51.937818267196505],[4.468353814440515,51.93734092745548],[4.468420048680662,51.93708886181543],[4.468445316463892,51.93699108213543],[4.468461271913081,51.936921993610255],[4.468472350626825,51.936878035414],[4.468483429318621,51.93683407721637],[4.468494563132567,51.9367874228297],[4.468499292745634,51.93676948233036],[4.46850562339861,51.93674436335856],[4.468516720404946,51.936699506427615],[4.468527780627584,51.936656446953755],[4.468537423599316,51.93661157865887],[4.468548502160108,51.93656762045323],[4.468559635838715,51.936520966058374],[4.468570806253238,51.936472514203594],[4.468581921505074,51.93642675853525],[4.468593091871507,51.93637830667758],[4.468604243834593,51.93633075354781],[4.4686153590164,51.93628499787523],[4.468626455796841,51.93624014093056],[4.468636080199855,51.93619617135393],[4.468647195315087,51.936150415677325],[4.468658273651934,51.93610645745804],[4.46866793474937,51.936060690419154],[4.468679013043253,51.936016732197245],[4.468688600591509,51.93597456007344],[4.468701206318723,51.93592701829057],[4.468712339675848,51.935880363876436],[4.468723436256997,51.935835506919666],[4.468733042099879,51.93579243606163],[4.468744120262274,51.93574847783162],[4.468755235153866,51.93570272214151],[4.468766405148492,51.93565427026173],[4.468777556743626,51.93560671710995],[4.468790162271071,51.935559175314694],[4.46880289639312,51.935505342411645],[4.468817286553134,51.935441634840416],[4.468842828127403,51.9353303741067],[4.468882851410025,51.93515091213583],[4.468895658791987,51.93509348430115],[4.46890371850562,51.93505489571499],[4.468944827800173,51.93489341966228],[4.468947974496285,51.93488175889015],[4.469043219593677,51.934490594114486],[4.469063718657047,51.93441255224755],[4.469076250065035,51.93436860533088],[4.469090437414,51.93431478374062],[4.469093675871116,51.93429862931523],[4.469106225585105,51.934253783664936],[4.469115775610707,51.93421340895357],[4.469120486330887,51.93419636715136],[4.469131618812562,51.93414971268443],[4.469149044445384,51.93407973665807],[4.469160103401437,51.93403667710635],[4.469177547311154,51.93396580234477],[4.469180712246525,51.93395324283496],[4.469220919616394,51.93383580441329],[4.469224011069508,51.93382683982091],[4.469270088889721,51.93370675060026],[4.469290164826431,51.933649379468285],[4.469296421132213,51.93362785536015],[4.469307222745569,51.93359737800819],[4.469313038317179,51.93359742341367],[4.469325312166768,51.93356605868143],[4.469329673842452,51.93356609273493],[4.469341947671738,51.93353472800074],[4.469346309344396,51.933534762053554],[4.469358583153378,51.93350339731747],[4.46936439871289,51.93350344272041],[4.46937521861169,51.93347206663168],[4.469381015805308,51.93347301076358],[4.469393307934531,51.933440747293695],[4.469407810090559,51.93344265825575],[4.469414084671765,51.933420235410736],[4.469509765840145,51.933434465424185],[4.469630144812042,51.933449786998246],[4.469956352168331,51.933497276205706],[4.470395688636856,51.93355912987347],[4.470671176356361,51.93359813169104],[4.470682532465095,51.93361170331763],[4.47078650509112,51.93350464907176],[4.47094167488458,51.93338271292138],[4.47106699640638,51.93329829664084],[4.471267143381987,51.93318120491433],[4.47134940349424,51.93314049761459],[4.471427173579991,51.93310604739322],[4.472091894937884,51.932810999882385],[4.472096604379272,51.93279395795464],[4.472040910490272,51.93274408640977],[4.47195203418037,51.932681372288634],[4.471888906477572,51.93263953265219],[4.471831502776025,51.93260223191457],[4.472114587776478,51.93248218901697],[4.472110281123463,51.932479458875605],[4.472349328048971,51.93237974670111],[4.472410920657393,51.93235415867415],[4.472431457611371,51.93234532974774],[4.472469605489997,51.93232854799031],[4.472501883034384,51.9323144171651],[4.472532670110154,51.9323020724807],[4.472575197766181,51.93228442589228],[4.472578142063665,51.932282651052844],[4.472592808656716,51.93227647304625],[4.472645604699165,51.93225441195338],[4.472654419280968,51.93224998616005],[4.472714557688613,51.932224386662845],[4.472776168169839,51.93219789971233],[4.472789362566524,51.932192609103254],[4.472790816415106,51.93219262041148],[4.472834834298561,51.9321731875753],[4.472897898485973,51.9321467118681],[4.472952166362644,51.932123763212665],[4.473006434183948,51.93210081453195],[4.473062174082308,51.93207697840008],[4.473129690963835,51.932046042828404],[4.473307123538995,51.931972815827685],[4.473308577380634,51.931972827129485],[4.473444863161914,51.93192085300063],[4.473491788175662,51.931901442516605],[4.473705894458608,51.93181232023669],[4.473710292517048,51.93181055666546],[4.473823224624574,51.93176289499764],[4.473874547355597,51.931741720783904],[4.473886269384376,51.93173731748691],[4.473890667428415,51.93173555390887],[4.47397426673769,51.93170024843257],[4.474040255523664,51.93167289596373],[4.474060791846854,51.931664066750365],[4.47414144669695,51.93163053603119],[4.47421770340932,51.931598768846804],[4.474298358025406,51.93156523801913],[4.474335408843118,51.93160237951376],[4.474416652002999,51.93168301002583],[4.474579451467154,51.931614161866314],[4.474818470073787,51.93151534336595],[4.474815598923309,51.9315135233374],[4.474735772667615,51.93143470184469],[4.47480174234913,51.93140824767651],[4.474867693702101,51.93138269220219],[4.474932209407597,51.93135622667778],[4.475011372739464,51.93132448153816],[4.47507439796301,51.93129980211685],[4.47503024191368,51.931254515869604],[4.475077183795108,51.93123420601637],[4.475078637613422,51.93123421729626],[4.475100645596811,51.931224500448316],[4.47510504354312,51.93122273682448],[4.475149041232497,51.93120420184572],[4.475159309179306,51.93119978714185],[4.475216500637019,51.931175961259015],[4.47522089857404,51.931174197630796],[4.475282487898712,51.931148608087234],[4.475283959956846,51.93114772063324],[4.475344077153324,51.9311230185111],[4.475348493321386,51.931120356146785],[4.475405666337873,51.93109742890249],[4.475423276263236,51.93108947562882],[4.475467255452359,51.93107183926132],[4.475490717085242,51.93106213361477],[4.475518594859061,51.93104976559275],[4.475561101923157,51.93103301664682],[4.475575785935788,51.93102593953367],[4.475628560812339,51.93100477582172],[4.475630032858932,51.93100388836335],[4.475685751773646,51.93098094970874],[4.475710685355897,51.93097035655886],[4.47574735880252,51.930954461188264],[4.475720228732173,51.93092998127733],[4.475926892881827,51.93084888714193],[4.47592836491742,51.9308479996798],[4.476124286699965,51.930794686984854],[4.47625178817505,51.930745338170006],[4.47627528591337,51.93073383490254],[4.476320754665958,51.93071441201516],[4.476342743905627,51.930705593664285],[4.476375019068822,51.93069146176678],[4.476414636093991,51.93067379125064],[4.476430773655419,51.93066672529305],[4.476485037944636,51.93064377499347],[4.476486491744301,51.93064378625584],[4.476543700009392,51.93061906099049],[4.476553967685781,51.9306146461638],[4.476602362009698,51.93059434695806],[4.476625823148699,51.93058464108315],[4.47666102394555,51.93056963289609],[4.4767035483446,51.930551984802214],[4.476718213806902,51.93054580627677],[4.47677100579534,51.93052374331621],[4.476781255215434,51.930520227201164],[4.476831121341586,51.93049904042754],[4.476876589616885,51.93047961732342],[4.476883913219782,51.930476977415886],[4.476924983649985,51.93045931798376],[4.476938177048964,51.9304540269054],[4.476983645232544,51.9304346037595],[4.476992440822777,51.93043107636967],[4.477043815163701,51.930407204565995],[4.477048212953953,51.930405440868924],[4.47712306636207,51.93037096433393],[4.477190047447579,51.93043799942683],[4.477251340970653,51.93049869834744],[4.477474137689751,51.93041053540236],[4.477474155888067,51.93040963667052],[4.477853507712285,51.930273246413606],[4.477973718694639,51.93022473822392],[4.477989855850394,51.930217672050894],[4.478063163508404,51.9301876773299],[4.478057475672402,51.93018134123452],[4.478011863917556,51.930136044853086],[4.47800332309098,51.93012699007211],[4.478017970049115,51.93012171011537],[4.478138144078684,51.93007499921911],[4.478400479867905,51.929972758316836],[4.478441512885523,51.92995689581527],[4.478582384249603,51.9298932658844],[4.478727562018454,51.929832365683595],[4.478984225312212,51.92972288867264],[4.479025294229993,51.929705228501255],[4.479031163810871,51.929702577228134],[4.47903259941415,51.929703487191226],[4.479103943683569,51.92977055489637],[4.479145340168681,51.92980862731175],[4.47920399968457,51.92978391197235],[4.479264112907955,51.92975920783139],[4.47932716992944,51.92973272864931],[4.479357971527001,51.929719483432095],[4.479352247246111,51.92971494486322],[4.479393316012724,51.92969728456291],[4.479464588179633,51.92976794697966],[4.479622866441488,51.929706247964646],[4.479621430826122,51.92970533800874],[4.479684523869769,51.929677061169386],[4.479675946484238,51.92966980397352],[4.479673093407655,51.92966708533063],[4.47963880205173,51.929637157807726],[4.479600222061436,51.929603601674025],[4.479561623972597,51.92957094425998],[4.479488734781919,51.929508359266535],[4.479748247438855,51.929401599221094],[4.479743577566786,51.929416844006084],[4.479789262952126,51.929458544792666],[4.479853484346355,51.92951836608007],[4.479856373724864,51.92951928725375],[4.480008871818112,51.92945574536599],[4.480045524365892,51.9294407473771],[4.480112978054358,51.92941250396002],[4.480193624359397,51.92937896905774],[4.48021414028532,51.92937103749375],[4.480250774553463,51.92935693817285],[4.480288898840339,51.929341052590665],[4.480316737947332,51.92933048088721],[4.480341687665447,51.92931898801536],[4.480395930196133,51.9292969346301],[4.480420843597869,51.92928723920646],[4.480444303232125,51.9292775325641],[4.480519097751992,51.929245750048345],[4.480589476495895,51.92921663004787],[4.480624674901007,51.929201620665395],[4.480665724565776,51.929184858649634],[4.480725854318856,51.929159255022704],[4.480743462545276,51.9291513009459],[4.480813840996222,51.929122180810026],[4.480824107912194,51.92911776560759],[4.480891560627677,51.929089521740195],[4.480923815074704,51.92907628731715],[4.480966354519016,51.92905773893757],[4.480975149528094,51.929054211247674],[4.481044073928437,51.92902507976611],[4.481076328284406,51.92901184530086],[4.481123246972768,51.92899243174775],[4.481178978720617,51.92896859173773],[4.481196568669204,51.928961536325275],[4.481278703346793,51.92892621441107],[4.481283100826407,51.92892445055447],[4.481369614721362,51.92888826345222],[4.481388676472076,51.928880320479806],[4.48143119742108,51.92886267066342],[4.48144733354529,51.92885560401197],[4.481486892610582,51.92884062797188],[4.481605234577471,51.92895659534915],[4.481628621326434,51.928950483400314],[4.481653461815418,51.92894438264526],[4.481684153508994,51.92893652921127],[4.481713373333284,51.9289295633045],[4.481742593148552,51.92892259739043],[4.48177473855722,51.92891475512995],[4.481805430209515,51.928906901664185],[4.48183466810617,51.928899036994245],[4.481859508538945,51.92889293619543],[4.481894579504258,51.92888421756073],[4.481926706750717,51.92887727399144],[4.48194644349743,51.928907987638574],[4.481963236563009,51.928940476359124],[4.482020975185373,51.9290335048107],[4.482037038853629,51.929030033010044],[4.482054574374513,51.92902567366769],[4.482203635216633,51.9289881697852],[4.48222115260254,51.928984709150846],[4.482232854994802,51.928981203749196],[4.482624781703674,51.92894107434645],[4.482680066535544,51.92901161177869],[4.482806042620365,51.929109659219904],[4.482837590998443,51.92913147485988],[4.482876245368519,51.92916143500556],[4.482924877098577,51.929201359481404],[4.482941761422548,51.929229354397414],[4.482941634804371,51.92923564552895],[4.482968822065869,51.92925742758623],[4.482977544607383,51.92925749467866],[4.483023341361584,51.92929380181731],[4.483017472068662,51.92929645329062],[4.483028939354855,51.92930463133997],[4.483087621095511,51.92935092514923],[4.483172108988318,51.92941539482713],[4.483158898541063,51.92942158534148],[4.483168912122332,51.929429752197365],[4.483227594170317,51.929476045936674],[4.483246221868152,51.92948967225794],[4.48330490407394,51.929535965958614],[4.483314917707195,51.929544132802064],[4.483332543709492,51.929535279603975],[4.483418413752255,51.92960335521495],[4.483425592199423,51.9296079047633],[4.483407966186795,51.92961675797521],[4.483417979856763,51.92962492480991],[4.483476662415906,51.92967121842483],[4.483495290270103,51.929684844706586],[4.48355397298705,51.92973113828293],[4.483563986709007,51.929739305105166],[4.483580158966839,51.92973044069543],[4.483678914916644,51.929808502751236],[4.483673063668765,51.929810255523854],[4.4836859307594,51.92982114088204],[4.483730347174527,51.92985384163927],[4.483747991289727,51.92984408964618],[4.483771143276071,51.929849660803356],[4.483846396306785,51.92986731766607],[4.483869548317407,51.92987288880393],[4.483872166751122,51.92988729087685],[4.483940656916935,51.92987972729506],[4.483945126660507,51.92987436840624],[4.484117105938894,51.92985411675455],[4.484125846663448,51.92985328502876],[4.484128573567666,51.92986229469677],[4.484135770192996,51.92986594546865],[4.484229046739466,51.92985497663452],[4.484258194522094,51.92985160502952],[4.484351471009467,51.9298406360981],[4.484355922639875,51.9298361759268],[4.48435466752774,51.92982627869568],[4.484363408242586,51.9298254469522],[4.484510618799597,51.9298077011174],[4.48451935950801,51.929806869362345],[4.484522068431445,51.929816777754816],[4.484530736914107,51.92981954093215],[4.48462255949434,51.929808560622405],[4.48465316099308,51.929805200080956],[4.484744983514643,51.92979421967545],[4.484750888876162,51.92978977064923],[4.484748161851357,51.92978076099526],[4.484756920602516,51.92977903048912],[4.484754175524807,51.929770919568625],[4.484879524998471,51.929755702067865],[4.48492057359224,51.92973893856487],[4.484979229856967,51.9297142203354],[4.485203551583914,51.929621560175896],[4.485177834828857,51.92959889105491],[4.48524970097685,51.929567981947535],[4.48536112540925,51.92952209545169],[4.485890206234745,51.92953064745869],[4.486192535657229,51.92953566164131],[4.486802991777629,51.929546630946966],[4.486807317057903,51.92954846181866],[4.486810260615232,51.92954668662038],[4.487085490836829,51.92952542366457],[4.487088218315559,51.92953443326567],[4.487201810196609,51.92952541537141],[4.487200554465546,51.929515518168806],[4.4873782199968,51.929501597394385],[4.487402970021527,51.92949998909324],[4.487435006873876,51.929497537687666],[4.48770147792779,51.929478003994085],[4.487981104589465,51.929454974841704],[4.487983832243755,51.92946398442256],[4.48809595202178,51.92945585327718],[4.488094678110178,51.929446854817655],[4.48821408463137,51.929437880418874],[4.48827379686522,51.929432943806894],[4.488487877755162,51.92941570432448],[4.489057269641854,51.929371516824794],[4.489058615608359,51.92937692033729],[4.489377528460669,51.9293523902682],[4.489376218375789,51.929345189290544],[4.4895771786732,51.92932964536399],[4.48973298248195,51.92931825072174],[4.490464008358398,51.92926180720294],[4.490782704471434,51.929248058132316],[4.490945869286163,51.92937784081756],[4.491024607259209,51.92943956433893],[4.491103327523259,51.92950218654217],[4.491153420721435,51.929542118710856],[4.491203496085372,51.929582949592834],[4.491249317759794,51.929618354806266],[4.491293667812504,51.929654647657294],[4.491417202636891,51.929657386793174],[4.491542209166328,51.92965923814058],[4.491617769517472,51.92966161154402],[4.491694801563216,51.92966309723833],[4.491767472295552,51.92966454966227],[4.491841578895374,51.9296669118485],[4.491915703412284,51.92966837525323],[4.492026154357227,51.92967101410504],[4.49208283360809,51.929672344561475],[4.492139512862476,51.92967367499059],[4.492213637401389,51.92967513820745],[4.492287761945416,51.92967660137761],[4.492289358931213,51.9296694225654],[4.492347491961957,51.929670763961106],[4.49234582338376,51.92968153771372],[4.492568179181321,51.92968682556892],[4.492682991535781,51.92968949699387],[4.49337768106267,51.92970556740326],[4.493541903988674,51.92970951253056],[4.494020053060039,51.92972033734713],[4.494020267463226,51.92970955252439],[4.494076946827582,51.929710882019506],[4.494188851791559,51.9297135298843],[4.494262612282214,51.929660157914725],[4.494273560685767,51.92947507365624],[4.49443545402103,51.929523044521325],[4.494644778942,51.929525532877335],[4.494644582544232,51.92953541896644],[4.494784108734311,51.92953827597752],[4.494784251546742,51.92953108609435],[4.494811837467021,51.92953309324615],[4.494811962424,51.92952680209831],[4.495294471198012,51.929537654833986],[4.49537875417786,51.929540091997595],[4.495871439639632,51.92955101956566],[4.495866463828104,51.92965525085078],[4.49586005204485,51.929758572375874],[4.495964688355907,51.92976116343671],[4.496001014964074,51.929762337702456],[4.496140549789038,51.929691485763044],[4.496159644932145,51.92968174291956],[4.496180193841566,51.929672011091775],[4.496562076977857,51.92947805223296],[4.496590054886266,51.92946028678081],[4.49660482416123,51.929448713351675],[4.496613760545149,51.929437994603],[4.496621243157974,51.92942726484036],[4.496628761396397,51.92941473760566],[4.496633372098593,51.92940218834423],[4.496633550243462,51.9293932009864],[4.496633710573777,51.92938511236434],[4.496632684356198,51.92936353169234],[4.496697702022203,51.92967773010225],[4.496685893686841,51.929686629360376],[4.49670333898964,51.92968676150914],[4.496703036164464,51.929702040017084],[4.496691210010242,51.929711838011464],[4.496708085301777,51.9297407297037],[4.496738668056346,51.92973826474941],[4.496753027702829,51.92974736222473],[4.496762591718017,51.92985170366565],[4.496767640922683,51.9298903933491],[4.496797290820747,51.93000836998092],[4.496857706473581,51.93026141020665],[4.496876064858325,51.930362222751306],[4.496864790688276,51.93034415995486],[4.496860536161189,51.930338734509505],[4.496854845649461,51.93033239931783],[4.496847665721995,51.93032785058672],[4.496837578204221,51.93032327983384],[4.496815931567956,51.93031502605034],[4.496805808433276,51.93031225276618],[4.496795667488137,51.93031037821687],[4.496775332164057,51.93030932532268],[4.496363818994679,51.930310702041744],[4.496268848729065,51.93026054445321],[4.495839819155639,51.93026538206733],[4.495378895238157,51.930265481810785],[4.495377441444613,51.930265470782054],[4.495092462234772,51.93026510627621],[4.495092390851703,51.9302687012177],[4.494913574250712,51.93026734411414],[4.494942906282997,51.93047430702781],[4.49477116149447,51.9304828909645],[4.494776173346632,51.93052337819689],[4.494701958046406,51.93052641026907],[4.494618984214648,51.93053117353639],[4.494642071299179,51.930759662007475],[4.494544612507062,51.93076161863596],[4.49445006132567,51.930763597264146],[4.494358435615921,51.93076469916384],[4.494226049649797,51.9307681880004],[4.494130044632624,51.93077015532805],[4.494032585798011,51.930772111531915],[4.493935109086217,51.930774966390025],[4.493932719674762,51.93074888097944],[4.493911328678896,51.93058152845778],[4.493883937620461,51.93035031049958],[4.49360308691077,51.930361659079516],[4.493552186171663,51.93036217102965],[4.493526160859466,51.930354782222715],[4.493440351148736,51.9303559276151],[4.493440386906465,51.93035413014506],[4.493367679237713,51.93035447622283],[4.493367643477075,51.930356273692894],[4.493283287556005,51.9303574300242],[4.493196113458003,51.93035407050863],[4.492946042719522,51.93035306739455],[4.49287033800804,51.930357884721715],[4.492859530604464,51.93031645443689],[4.492859096566852,51.9302652154863],[4.492841651054209,51.93026508276648],[4.492839722828432,51.930142821635435],[4.492838626855493,51.9301248358765],[4.492821378199843,51.930114817069445],[4.49231531686949,51.93011815686378],[4.492299128286533,51.93012792121336],[4.492299020877055,51.930133313622356],[4.491881348253281,51.93044383942099],[4.491773823831625,51.930513132423876],[4.491751766047523,51.93052554860755],[4.491747494209245,51.93052102171332],[4.491700847192734,51.93052695849017],[4.491661522912642,51.93053025441829],[4.491494371648396,51.93052718323872],[4.491476565251054,51.93047221642707],[4.491313291733535,51.93049344405614],[4.491300924406462,51.930457394960605],[4.491333174596551,51.93037134909686],[4.491157317192599,51.930294503649876],[4.491121061990877,51.93028973294817],[4.491006552972521,51.930271781506896],[4.49097184123861,51.93026252816926],[4.490827179283335,51.9302254703765],[4.490788088319153,51.93021708246412],[4.490701291296691,51.93019484767439],[4.490615930214208,51.93017352264279],[4.490521720923148,51.93015842215836],[4.490494188629984,51.93015371779598],[4.490427511695853,51.930143321598514],[4.490336192166438,51.93012914187988],[4.490243400965358,51.93011584973265],[4.490153535337285,51.93010168096459],[4.490063687712572,51.93008661339346],[4.489981037284481,51.93007519616882],[4.48989398964366,51.93006554306534],[4.489892535858348,51.930065531968815],[4.489808395825598,51.930055900995086],[4.489806942040628,51.93005588989751],[4.489722784091572,51.93004715759692],[4.489632793083326,51.93003927957155],[4.489547073676409,51.9300359284514],[4.489464207976138,51.93003529567534],[4.489343436127122,51.930039766565585],[4.489100205022776,51.9300603804121],[4.489100187057235,51.93006127914631],[4.489011344473095,51.93006869023309],[4.488928281063422,51.930077943155084],[4.488919540381881,51.93007877523803],[4.48881321636401,51.9300878503389],[4.488753485344296,51.93009368595673],[4.488749123986743,51.930093652624755],[4.488683487937627,51.93010393743463],[4.488619323620327,51.930113334586025],[4.488550779939638,51.93012359709701],[4.488467662400794,51.93013554589525],[4.488378711688158,51.93014834890756],[4.488295504149993,51.930164791254015],[4.488200612292386,51.93018384080407],[4.48820203011383,51.93018564938956],[4.488007902769978,51.93022281616794],[4.487894039435226,51.93024531584573],[4.487821169999948,51.9302537470984],[4.487633001177784,51.93028376787312],[4.487688540011958,51.93048733782077],[4.487694067302638,51.9305017620579],[4.487377890991962,51.930534398394],[4.48737105400273,51.93051277314406],[4.487310480489464,51.93048803994946],[4.487155981787952,51.93050663236838],[4.487133981366231,51.9304435429159],[4.486925530167009,51.93046981178784],[4.486822040381369,51.93048250228531],[4.486861552966639,51.93061493903355],[4.486759516631156,51.93062764060903],[4.486738988521963,51.93056366348649],[4.486679220577706,51.93057129551506],[4.486680512250404,51.93057939525433],[4.486533444140592,51.93058995393193],[4.485936879262282,51.930828077265176],[4.48576835685386,51.93089330168485],[4.485762487512561,51.93089595329455],[4.485550115729004,51.930972526494855],[4.485555876871263,51.93097526729615],[4.485429856756669,51.931023738642395],[4.485315593194361,51.93106600794582],[4.485088501198427,51.93115145610638],[4.484974236991326,51.93119372507566],[4.484846815970615,51.93123948843533],[4.484640256304865,51.93131610461676],[4.484594708976589,51.93126721584601],[4.484585931872242,51.931269845072165],[4.48458006241217,51.9312724966224],[4.484471666893393,51.93131211355042],[4.484447421428478,51.931288556703976],[4.484431754446555,51.93127225670283],[4.48436303655861,51.93121869554796],[4.484339594811408,51.93122750423637],[4.484327891995995,51.931231009845675],[4.484327910057622,51.9312301111126],[4.48433083576159,51.93122923471034],[4.484329418063614,51.93122742607871],[4.484243922875322,51.9311404777427],[4.484077140820581,51.93104661280215],[4.484078594635758,51.931046623970694],[4.484025941731567,51.930989590539234],[4.483987519914548,51.93094794724366],[4.483951915444899,51.93091081994103],[4.483919182513807,51.93087551243474],[4.483883596228122,51.930837486378195],[4.483872200678366,51.93082571348038],[4.48384653812442,51.93080034787255],[4.483803791361282,51.93075687353628],[4.483752556802252,51.930701648619774],[4.483706956839893,51.93065545570382],[4.483665664150154,51.93061199249017],[4.483217199195494,51.9305707922036],[4.483215781563058,51.93056898355854],[4.483134578830023,51.93048566288513],[4.48312603690254,51.93047660847427],[4.483114641642746,51.930464835503116],[4.483054992971541,51.93039426474002],[4.483040762512196,51.93037887446753],[4.483046613858759,51.93037712172674],[4.483018116791612,51.930348138643865],[4.482993890695825,51.930323682764566],[4.482981005542061,51.93031369606435],[4.482884155741654,51.93021317628752],[4.482868037443603,51.930219344401365],[4.482848082406937,51.930199415706845],[4.482788253586676,51.93013783213712],[4.482646319257074,51.93003786417127],[4.482562301459451,51.92995002706428],[4.482544711336097,51.92995708267984],[4.482450770830407,51.92985658491991],[4.482449353251246,51.92985477626553],[4.482386690285667,51.92978957518203],[4.482322235505817,51.92981334862046],[4.482248985595286,51.9298406498087],[4.482159635429628,51.92987322023519],[4.482155255995507,51.929874085391404],[4.482064433811828,51.92990754328565],[4.482029271544404,51.92992075563205],[4.481976555266548,51.92993922603258],[4.48189450982585,51.9299700547626],[4.481818333728731,51.929998232022484],[4.481742175648967,51.93002551049989],[4.481708485089998,51.93003783521433],[4.481741215673365,51.93007314333477],[4.481684119634244,51.93009247874361],[4.481652788520636,51.93005987800402],[4.481649862841134,51.93006075433981],[4.481589822980962,51.9300818647712],[4.481537088217292,51.930101233706054],[4.481475576347723,51.93012323161148],[4.481469724973478,51.93012498427408],[4.481419915797086,51.93014347682476],[4.481416990107623,51.9301443531547],[4.4814052692291,51.93014875720637],[4.48116505414924,51.93023589444162],[4.480921803652906,51.93032929989549],[4.480618529483904,51.93044291604197],[4.480584291315631,51.93041029259778],[4.480568571633829,51.93039668828122],[4.480567135977254,51.93039577833686],[4.480483653083733,51.93042569613154],[4.480410401062048,51.930452996166764],[4.480407475332849,51.930453872471475],[4.480332769423447,51.930481161244025],[4.480331315627786,51.93048115002921],[4.480259535362631,51.930507562452206],[4.480187773157326,51.930533076098676],[4.480186301215915,51.93053396361444],[4.480110141241343,51.93056124102795],[4.480064728713408,51.93057796918881],[4.47994023022395,51.93062285092957],[4.479874319158443,51.93064661179744],[4.479843553376979,51.93065805968262],[4.479853530326304,51.93066802428338],[4.479787600996626,51.930692683834465],[4.479804701739686,51.93070989440501],[4.479830343803124,51.93073615962233],[4.479873086692195,51.930779635394636],[4.479895857523362,51.93080408069196],[4.479925770366689,51.930834873210365],[4.479948577552498,51.9308575210329],[4.479938328301507,51.93086103742436],[4.479982325590298,51.93091441043137],[4.480070683414442,51.93100318174993],[4.480010623406852,51.93102519009953],[4.479976931624406,51.93103751431306],[4.479871458420836,51.93107625069813],[4.479758296860002,51.93106369192066],[4.479414596400614,51.93101879139968],[4.479369183151702,51.93103551928906],[4.479243192559647,51.931082186521564],[4.47924317439637,51.931083085253654],[4.479164050793888,51.9311130357882],[4.479109823629408,51.93113418986085],[4.479087053060706,51.931109744412964],[4.47900064205686,51.93114053741747],[4.478908361154606,51.931173981624376],[4.478971039147604,51.931238285810544],[4.478830527534336,51.93128394154707],[4.478817334112593,51.931289232837194],[4.478755819289545,51.93131122930881],[4.478739700033194,51.93131739685332],[4.478720654953771,51.931324440658024],[4.47871040550056,51.93132795694173],[4.47864594657516,51.93135172834948],[4.478563914454194,51.931381656005314],[4.478438012955653,51.93142382870876],[4.478532038608492,51.93151983598125],[4.478580469062004,51.931569648289575],[4.478627463966649,51.93161855060994],[4.478675912806915,51.93166746414686],[4.478720091117545,51.931711850299656],[4.478721508604415,51.931713658998355],[4.478765668832169,51.931758943865844],[4.478839778251209,51.93183322404327],[4.478908181571943,51.931902066852125],[4.478980837618265,51.93197633570768],[4.479049241372274,51.93204517843415],[4.479049223204608,51.93204607716611],[4.479120498532939,51.932116739776404],[4.479503702880281,51.93250980966674],[4.479512262618737,51.93251796560551],[4.479543648352958,51.932547870709186],[4.479587810226414,51.93259315526656],[4.479654780136218,51.9326610876831],[4.479647147685695,51.93267900620581],[4.479579761417638,51.93270365440287],[4.479512375075781,51.932728302561095],[4.479443516631077,51.93275383818634],[4.479437664834855,51.932755590746154],[4.479374676269783,51.93277847503909],[4.479368806306021,51.932781126327356],[4.479305799507274,51.932804909315045],[4.479299947699054,51.932806661867964],[4.479236958992498,51.9328295460866],[4.479231089013958,51.93283219736793],[4.479166646364548,51.932855070320024],[4.479103657522483,51.93287795446678],[4.479046502278749,51.93289998477148],[4.478779880051582,51.93299769967662],[4.478703696866882,51.933025874889594],[4.478634855684637,51.933050511306206],[4.478565978071285,51.933076945145686],[4.478498554256944,51.933103390182225],[4.478441416611107,51.933124521458915],[4.478426768721075,51.933129801464105],[4.478363779118384,51.93315268521173],[4.478290521359057,51.93317998390214],[4.478224587481205,51.93320464255737],[4.478158671717213,51.933228402443795],[4.478089829926918,51.93325303853911],[4.478088357854753,51.933253926027916],[4.478022441946686,51.93327768583738],[4.477956507778843,51.933302344341264],[4.477890573538753,51.933327002807886],[4.477887647573237,51.93332787904895],[4.477823221724442,51.933349852528124],[4.477758759424392,51.93337362343486],[4.477691371082344,51.933398270542156],[4.47768550093852,51.9334009217457],[4.477618112515486,51.9334255688107],[4.47754925192939,51.9334511033188],[4.477483335448016,51.933474862823985],[4.477376382276829,51.93351448441988],[4.477270901015498,51.933553218439314],[4.477269428917341,51.933554105917814],[4.477152461959926,51.93358555995516],[4.477029624628275,51.93361966504618],[4.476963816887318,51.93363803187023],[4.476957964879705,51.933639784305896],[4.47690093509884,51.93365552244098],[4.476895083086506,51.93365727487347],[4.476814663403856,51.93367912396232],[4.476785694726669,51.93367350639968],[4.476674513054944,51.93356298293394],[4.476674531270924,51.93356208420268],[4.476673095592753,51.9335611742111],[4.47667603981295,51.933559399269114],[4.476676021597004,51.93356029800038],[4.476692123726142,51.933555029474604],[4.476656468598209,51.93352059617864],[4.476645092487232,51.93350792385613],[4.476610873106694,51.93347440053821],[4.476609473867079,51.933471693083334],[4.476572383196272,51.93343634976941],[4.476541035265159,51.933404646416726],[4.476509669159033,51.93337384178686],[4.47650826992862,51.933371134330756],[4.476474050754026,51.93333761097289],[4.476471197640116,51.93333489225359],[4.476439849850955,51.93330318887377],[4.476408465663661,51.93327328294813],[4.476372847419716,51.93323705210336],[4.476369994318296,51.93323433338154],[4.476337229233116,51.933200821247745],[4.476338701337999,51.933199933780934],[4.476335830018432,51.933198113789516],[4.476334357913554,51.93319900125634],[4.476318237647723,51.93320516846482],[4.476275495913815,51.93316169141694],[4.476241295296378,51.933127269259934],[4.476244348851149,51.93312010194114],[4.476253145026262,51.93311657460928],[4.476233191652235,51.9330966448036],[4.476226068055036,51.933089398624844],[4.476217508806506,51.933081242448495],[4.476214673949276,51.93307762499169],[4.476211820867522,51.93307490626602],[4.476174785513204,51.93303686663255],[4.476173368087646,51.933035057903616],[4.476160520132853,51.93302327299873],[4.476153414785086,51.93301512808433],[4.476134915375854,51.932995209528556],[4.47611879515612,51.93300137670999],[4.476086554703399,51.93301371106617],[4.476074960148896,51.93301182346293],[4.475995201948506,51.932929407905185],[4.47596884992839,51.932938192378785],[4.475967432514227,51.93293638364739],[4.47578543440869,51.93280463631931],[4.475684397931138,51.9326959882754],[4.475653087613585,51.93266248722308],[4.475591032469728,51.93256762442662],[4.475468032594687,51.93260981647479],[4.47543584696688,51.93261945445994],[4.475394846938484,51.93263351843595],[4.475331874741134,51.93265550182726],[4.475190934378275,51.932506993433094],[4.475185064204444,51.93250964451203],[4.475123564185944,51.9325307403398],[4.475056193922542,51.932554487207675],[4.47493173972228,51.932596667413414],[4.474823369052078,51.932634477946905],[4.474722322287252,51.932669648608915],[4.474613951265508,51.9327074589481],[4.474511450306343,51.93274261814201],[4.474406023190045,51.932778653400376],[4.474410293489955,51.93278318091971],[4.47439124711308,51.932790224018426],[4.474389793244633,51.932790212729955],[4.474215522636072,51.93285088170252],[4.474148133148462,51.93287552677747],[4.47408663214431,51.93289662205935],[4.474023658941396,51.93291860474667],[4.474017788645092,51.93292125576686],[4.473960667407043,51.93294148613079],[4.473954815374107,51.93294323841703],[4.473951871087343,51.93294501329082],[4.473893314186883,51.93296433359716],[4.473891842041626,51.93296522103323],[4.473849369070272,51.932980171903736],[4.473847915195854,51.93298016060855],[4.473521306703449,51.933095375052815],[4.473517054742764,51.93308994877082],[4.47350825835929,51.93309347589743],[4.473452608832613,51.933112818581684],[4.473443812439618,51.933116345703446],[4.47343356216644,51.933119861524204],[4.473432108287636,51.93311985022385],[4.473388162856981,51.93313568835697],[4.473353013803077,51.9331479993593],[4.473333061705029,51.93312806906441],[4.47329459315633,51.93308911849716],[4.473230147134861,51.93311198818581],[4.473167173213042,51.93313397041191],[4.473104199229727,51.933155952604075],[4.473044151234437,51.933177058642016],[4.472772640506387,51.93329989042277],[4.472545019422445,51.93340957996267],[4.472547872302835,51.933412298776716],[4.4724274456336,51.93347068739678],[4.472395167232764,51.9334848181973],[4.472400927889539,51.93348755964128],[4.472331881233007,51.93352207838959],[4.472258417879777,51.93355925934346],[4.47217908391193,51.93359909117861],[4.472154697231449,51.9335827216594],[4.472123799330161,51.933600458622415],[4.472089938692285,51.93362086913428],[4.472076707177092,51.933627957123285],[4.472041410910365,51.933647457573514],[4.472025216661247,51.93365721911239],[4.471992846451603,51.93367584345306],[4.471931032057793,51.93371221601504],[4.471802253786411,51.93382357247979],[4.471737494600601,51.933861719757694],[4.471700725784372,51.93388210751306],[4.471689002981661,51.933886510588955],[4.471651812840025,51.93392756912394],[4.471636229728476,51.93397868352048],[4.471575721990025,51.93402225705664],[4.47144182249974,51.9340994160775],[4.471230639076094,51.93411574835859],[4.471169782557714,51.934176397555404],[4.47114457122183,51.93420047068178],[4.471167577259342,51.93421323416035],[4.471229362527404,51.93424967047065],[4.471195281081615,51.93428086548185],[4.471258392108552,51.93432360421546],[4.471199612345692,51.93435370793013],[4.471166593743621,51.934332776588455],[4.47110041602061,51.93436911472115],[4.471085711881875,51.93437708999772],[4.47105041459604,51.93439659014593],[4.470957699499757,51.93445069885652],[4.470961742890856,51.934608931991505],[4.470842508214257,51.9346799125164],[4.470793978548992,51.93470650043229],[4.470789378414722,51.9347181499221],[4.470816636402542,51.9347363398479],[4.470832409633579,51.93474724926728],[4.470886925701441,51.93478362909262],[4.470875165918285,51.93478982954599],[4.470905093532512,51.93481972560477],[4.470913670475189,51.93482698343451],[4.470953555705582,51.93486774356138],[4.470966476138753,51.93487593411056],[4.471008090347628,51.9349032246005],[4.471039673686287,51.93492324592588],[4.471061189467947,51.93493779555462],[4.471109963512116,51.934970535037245],[4.471111399122025,51.93497144509644],[4.471164498402474,51.935006016003925],[4.471173112076219,51.935011476354795],[4.471028426463286,51.93511821367487],[4.471018065564622,51.93512712166211],[4.470911786778067,51.935204495331334],[4.470820093227546,51.93563613845906],[4.470817203643041,51.93563521706347],[4.470728847584054,51.93568935957626],[4.47075323488207,51.93570572938805],[4.470697269209141,51.93574034915712],[4.470669020449373,51.93577069061343],[4.470521716696228,51.93586302494434],[4.470620439722882,51.93587098562701],[4.470684841360519,51.93592182456645],[4.470701995595965,51.93593634025614],[4.470742064972309,51.93596811315276],[4.470812777807062,51.935994731653395],[4.470809778191987,51.935999202636346],[4.470779782008279,51.93604391246145],[4.470776782386611,51.93604838344354],[4.470745258818961,51.93609667684498],[4.470710772221562,51.93614764375831],[4.470676120509001,51.93620669922861],[4.470661067275138,51.93623175031333],[4.470644505030796,51.93625948625006],[4.470633850378988,51.93628277387679],[4.470620177722582,51.936311431209944],[4.47060955972329,51.9363329213748],[4.47059579534047,51.936366072353366],[4.470586667978663,51.936385776392214],[4.470572921902105,51.936418028638094],[4.470566702490085,51.9364377553471],[4.470554392029381,51.936470917656216],[4.470546736954941,51.93648973429812],[4.470546681934509,51.93649243048712],[4.470543645579023,51.93649869892221],[4.470535862112647,51.93652380667095],[4.470535807091509,51.93652650285994],[4.4705296059884,51.93654533083696],[4.470518731119393,51.93657940320789],[4.470514020673834,51.93659644506128],[4.470504544748686,51.93663322495625],[4.470498270252669,51.936655647849825],[4.470491849019584,51.93668526058013],[4.470484010466746,51.93671306451357],[4.470477754290737,51.936734588676174],[4.470469805669412,51.93676778498617],[4.470466585865366,51.93678304071512],[4.470455564152769,51.93682430291575],[4.47045245439301,51.936834166266536],[4.470439868600296,51.93688080950548],[4.470438341230655,51.93688439308624],[4.47042717272453,51.93693284512025],[4.470425645352081,51.936936428700825],[4.470416059223046,51.936978600964125],[4.470412857728283,51.936992957961486],[4.470406454732534,51.93702167195592],[4.47040007007186,51.9370494872203],[4.470395341187412,51.93706742779717],[4.470385828375981,51.93710600513885],[4.470384209275636,51.93711408236658],[4.470365343871724,51.93711213750732],[4.470354211917432,51.93715879207348],[4.470354156884374,51.93716148826211],[4.470341295726231,51.93722161243109],[4.470314174326474,51.93733915323527],[4.470263059296103,51.93756347274425],[4.4702717650795,51.93756443951277],[4.470227217925824,51.93775195644947],[4.470241739855851,51.9377529685815],[4.47023846486068,51.93777092049015],[4.470238446513685,51.93777181921957],[4.470230534221571,51.93780321804895],[4.470230515874402,51.93780411677839],[4.4702257317991,51.937824753534564],[4.47022571345182,51.93782565226402],[4.470219328561874,51.93785346751494],[4.470214489433449,51.93787680045882],[4.470208159572101,51.93790191952063],[4.470200137148252,51.93793871072383],[4.47019862807088,51.937941395571386],[4.470197027253747,51.93794857406602],[4.47019700890583,51.93794947279545],[4.470187330599387,51.93799613868028],[4.470185858215638,51.93799702606882],[4.470184275742631,51.93800330583382],[4.47018422069802,51.93800600202205],[4.470176161538674,51.9380445906818],[4.470174689153111,51.93804547807018],[4.470172996586065,51.93805715021139],[4.470171450806073,51.93806163251733],[4.470163520066165,51.9380939300701],[4.47016026336277,51.93811098324624],[4.470158717579619,51.93811546555198],[4.470153804995104,51.938142393409905],[4.470152314256964,51.93814417952738],[4.470147475061476,51.938167512467345],[4.470147438363423,51.938169309926145],[4.470141163469847,51.93819173279503],[4.470136269215462,51.93821776192251],[4.470131466702247,51.938239297402845],[4.47012357260055,51.93826979749323],[4.470120334218459,51.938285951938425],[4.470120315868826,51.938286850667794],[4.470112348351759,51.93832094567461],[4.470112311652137,51.93832274313333],[4.4701091466616,51.93833530266063],[4.470099688379419,51.938371183783225],[4.470096431631036,51.9383882369568],[4.470088464077384,51.93842233196146],[4.470086954976917,51.938425016807365],[4.47008688157541,51.93842861172472],[4.470075693945297,51.93847796244264],[4.47003594765167,51.938643943802724],[4.469929204093168,51.93881479571038],[4.469902264170764,51.938923349096584],[4.469900571498434,51.938935021232226],[4.469875044763382,51.938974372459626],[4.469818427925386,51.93896943635291],[4.469742944946859,51.93896255525852],[4.469674713965239,51.93895662958144],[4.469600666736697,51.93895065847218],[4.469516459427702,51.93894370914307]]],[[[4.471512985174655,51.92218989553363],[4.471470546653684,51.922274957978296],[4.471302702432816,51.922592750627615],[4.470874049756496,51.922511207736896],[4.470283226565154,51.92239783661992],[4.470382881790021,51.922216142450814],[4.470509836206547,51.9219789308864],[4.470564216022284,51.92187868103438],[4.470765212827278,51.92150361991478],[4.470763759325212,51.921503608582285],[4.470777335687561,51.92147944482172],[4.470843940180737,51.92149254833128],[4.47088474238586,51.921416462089944],[4.470866592481096,51.921308455662924],[4.470880297006198,51.921278000768325],[4.47088482241811,51.92126994617681],[4.470894313038811,51.92123226743447],[4.470897971349986,51.92119544209968],[4.470895852341178,51.92115677397815],[4.470886447562483,51.92111894793357],[4.470869775357269,51.92108106523261],[4.47072204552306,51.92098283501613],[4.470695571198117,51.92099790945721],[4.470660559234677,51.9210039285743],[4.470583414498015,51.92100872025124],[4.470542661894541,51.921011099067925],[4.470543316583841,51.92090773360112],[4.470543334915751,51.920906834869506],[4.470543499902908,51.92089874628522],[4.470467531576337,51.92063208693808],[4.470489653313167,51.920474057540865],[4.470496292155671,51.920433659960466],[4.470504842762206,51.92037080542407],[4.470514865139744,51.92030706349024],[4.47052348902293,51.9202406140246],[4.47054204351571,51.92011491627809],[4.470543643624639,51.92010773775971],[4.4705536842174,51.920043097088396],[4.470555357646663,51.920032323643014],[4.470587519256176,51.91980965353859],[4.470597559716567,51.919745012860645],[4.47060620169446,51.91967766465161],[4.470617897165201,51.919603149255536],[4.470627919204426,51.9195394073047],[4.470639761235461,51.9194577020507],[4.470655004968158,51.91935175370332],[4.470668538599111,51.91925837626424],[4.470673503725444,51.91922875211474],[4.470682017187992,51.91916769501777],[4.470690384002802,51.91911382777429],[4.470698732469336,51.91906085926163],[4.470710409292243,51.91898724258126],[4.470732052826643,51.91885258012825],[4.470738764510228,51.91880858759678],[4.470740346213081,51.918802307806196],[4.470740364539928,51.91880140907433],[4.470750202953427,51.91874665442429],[4.47075454486555,51.91874758715342],[4.471150557241335,51.91878842696902],[4.471162050067052,51.91872379755893],[4.471174922997002,51.918662774402264],[4.471184889074803,51.91860172858951],[4.471195001665951,51.9185334929193],[4.471203477647728,51.91847423324086],[4.471213755035299,51.91839790897952],[4.471223867534838,51.91832967330472],[4.471228960406465,51.918293758002676],[4.471230633606137,51.918282984544604],[4.471235854683343,51.91824077811764],[4.471261942559319,51.918244576918156],[4.471370383237806,51.917916433751905],[4.471264542467133,51.91790302475068],[4.471235548017762,51.91789920329832],[4.471262648529546,51.917710650775106],[4.471302914249413,51.91744669534406],[4.471328231172106,51.917274308646796],[4.471363038689013,51.91727817537481],[4.471505120617195,51.917296361026686],[4.47174435857145,51.917326089777184],[4.471937217174665,51.91734916475917],[4.471954174218913,51.91730165643999],[4.471939677157601,51.91729974580002],[4.471959559211824,51.9172513613826],[4.471913197955239,51.91724380935888],[4.471931205699568,51.91721608447119],[4.471950721689827,51.91718567470111],[4.471988263627936,51.91712664129832],[4.472084389569146,51.9169745810477],[4.472245999144779,51.916747525014884],[4.472316867726675,51.91662223419908],[4.472343942612222,51.91657750120478],[4.472419351833969,51.91658617802661],[4.472434763275203,51.91654315198219],[4.47251957067893,51.916375722412226],[4.472531435139892,51.91636412937166],[4.472299094480974,51.91628142226561],[4.472290173239308,51.91629124044418],[4.472184830022367,51.916253566499826],[4.472193732983043,51.91624464706168],[4.472141797262263,51.91622536634947],[4.472226074574405,51.91608400022795],[4.47274222666131,51.91579138856214],[4.472733543324298,51.915789523250986],[4.472762162029275,51.91574030779753],[4.472884250132012,51.91552642651704],[4.472602208108345,51.915457715325246],[4.472812956892476,51.91517261401737],[4.473035686329322,51.915227380265165],[4.473195821965683,51.91492930034602],[4.473286601058122,51.91475382678404],[4.473378631726515,51.91458825050796],[4.473789554973164,51.914680433444815],[4.473860123766915,51.91456952137411],[4.47393823249607,51.914445184726375],[4.473995301143264,51.914354841795046],[4.474034346057692,51.91429312279701],[4.474056911948273,51.914255545377],[4.474145484536284,51.914116907891646],[4.474192087432332,51.91404086555808],[4.47417906284248,51.91403806775214],[4.474092268799667,51.9140176182095],[4.473727727380287,51.913932088924945],[4.473779128878561,51.91383451104597],[4.473828985588607,51.91374141551432],[4.473869793889254,51.9136644293959],[4.473916597643316,51.913578501102336],[4.473964982278336,51.91348629294875],[4.474007279870621,51.913407520604714],[4.47404054749621,51.91334395896125],[4.474046616062871,51.91333142186147],[4.474125178508549,51.91318461673171],[4.474191676488604,51.91305929082898],[4.474230957298714,51.91298588821893],[4.474271782470736,51.91290800321658],[4.474317094933764,51.912823860929336],[4.474362461979847,51.91273702242322],[4.474395673850071,51.91267615687122],[4.474439532629942,51.91259200324616],[4.474471236327701,51.91253382258497],[4.474477304663574,51.91252128546104],[4.475101389324427,51.91134770525358],[4.475150469052297,51.91136426590408],[4.47572496968581,51.91155928447709],[4.475738376339826,51.91154320870187],[4.475761463242058,51.911551477627036],[4.475871139809239,51.9115900809095],[4.476156324022347,51.91164622450174],[4.476425032241247,51.91172650934032],[4.476498689618422,51.91174955201327],[4.476497181805952,51.91175223695416],[4.476582373745936,51.911779863330516],[4.47659394464389,51.91178264961005],[4.476676266729132,51.91180845593133],[4.477482640188724,51.911893801556616],[4.477537588733204,51.91190771000466],[4.477543547006245,51.91190056512371],[4.477630374923541,51.91191921464884],[4.477634698135973,51.91192104585753],[4.477841632249793,51.91196579320472],[4.477846082743262,51.91196133326661],[4.47790099512362,51.91197703901335],[4.477898052370783,51.91197881399463],[4.47797754188865,51.91200100198243],[4.477980502818277,51.911998328265],[4.478099046990995,51.91202980705423],[4.478096086066317,51.912032480774656],[4.478174140753219,51.9120537586545],[4.478175648475871,51.91205107369197],[4.478233485653892,51.91206590302967],[4.4782305065613,51.9120694754877],[4.478242077636876,51.912072261605246],[4.478408631922116,51.91217332474384],[4.478412918851001,51.912176953392425],[4.478412864341276,51.91217964959513],[4.478412773491716,51.91218414326632],[4.478409776235479,51.91218861446313],[4.478405343945235,51.91219217568829],[4.478373010055418,51.91220990314825],[4.47826698006004,51.912278296521855],[4.478233937962375,51.91225916460198],[4.478142023330534,51.9122045211923],[4.478113322773806,51.91218632169433],[4.477948548399736,51.91214100214224],[4.477925097197548,51.91215070832867],[4.477838594666322,51.91218779178061],[4.47776776813159,51.91224027734605],[4.477760556656605,51.912237524917664],[4.477739575371745,51.91226882317552],[4.477729075626496,51.91228492167006],[4.477697630898316,51.9123305209454],[4.477661735553492,51.912380580142845],[4.477554780057713,51.91235098836361],[4.477466439752242,51.91247884367616],[4.477587891253945,51.912510345478985],[4.477589344467408,51.912510356726386],[4.477557826689735,51.91255955089833],[4.477527816622909,51.912606060107514],[4.477494827303596,51.912656141747455],[4.477429741714774,51.91264035706548],[4.477364688410297,51.9127665948144],[4.477339237782676,51.912803251650416],[4.477331735174281,51.912814878938896],[4.47731378711339,51.91283990848061],[4.477297310449846,51.91286405053658],[4.477288300016906,51.912878362772865],[4.477264357069458,51.91291233464116],[4.477261377843464,51.912915907073916],[4.477238869889293,51.91295078892215],[4.477231421811948,51.91295972000218],[4.477199976103331,51.91300531913792],[4.477199939714133,51.91300711660575],[4.477162517258373,51.91306075932684],[4.477137066298066,51.913097416116806],[4.477104076179965,51.9131474976419],[4.477035189248086,51.913247638154175],[4.47700076386534,51.91329680966058],[4.476985776502473,51.913319165457715],[4.476949861369907,51.91337012316115],[4.477003431103511,51.91338042566952],[4.47698995155297,51.9134000965201],[4.476943608854761,51.913463557709434],[4.476919628931781,51.91349932697104],[4.476805796585703,51.91366563595848],[4.476807249836264,51.913665647215645],[4.476724936273277,51.91378276216108],[4.4767220479692,51.91378184091096],[4.476695161187894,51.91381758760798],[4.476686204986359,51.91382920359433],[4.476669745825915,51.913852446823725],[4.476630886976427,51.913905179373785],[4.476582926119544,51.91397671775773],[4.47651644031084,51.91395822510799],[4.476492423363512,51.913995791745904],[4.47646497529048,51.9139874891796],[4.476424502514301,51.91397638904951],[4.476409569269308,51.91399604856902],[4.476321393872737,51.91397199447387],[4.476279536919283,51.91402919804725],[4.476156853736671,51.91420172993771],[4.476182885046119,51.91420822384395],[4.47618137713141,51.91421090877962],[4.476315802541193,51.914247905683915],[4.476364958728097,51.91426087089504],[4.476317033491405,51.91433061169806],[4.476272032867603,51.91439947627469],[4.476222617631621,51.91447100324042],[4.476174673732394,51.91454164271589],[4.476174637300566,51.914543440182875],[4.476150674401432,51.91457831054611],[4.47614460625053,51.91459084775348],[4.476125130665404,51.91461946077296],[4.476122169452034,51.91462213444205],[4.476077204671312,51.91468920147303],[4.476029351403662,51.91475534721882],[4.475991980743473,51.91480629334756],[4.475979990047138,51.914824177876945],[4.475997338402185,51.91482880675251],[4.475940364269793,51.914914656991435],[4.475908915873225,51.91496025576348],[4.475890114184736,51.91495561560627],[4.475807695683406,51.91493430239939],[4.475697810545575,51.91490558512272],[4.475652826619784,51.91497355071997],[4.47563781979624,51.914996805070594],[4.475555391359659,51.91511931156291],[4.475444547592409,51.91528114805308],[4.475378523815338,51.91538310756391],[4.475371038498054,51.91539383598775],[4.475366550952466,51.91540009329517],[4.475347038053015,51.915430503647066],[4.47530354284424,51.91549668291226],[4.475266061333323,51.915553021200914],[4.475228439363671,51.91554463941084],[4.475183581737571,51.91560631368721],[4.475117392747991,51.91571636164277],[4.475062051508913,51.9157932353859],[4.475021595698404,51.91578123603914],[4.474982660274854,51.915837562954444],[4.475021681044565,51.9158486523021],[4.474975296544131,51.91591391014807],[4.474948315883911,51.91595415009432],[4.474928893666926,51.91598006670792],[4.474881055568279,51.91604531323433],[4.474283967023784,51.91667348471912],[4.474246373712228,51.91673521506542],[4.474336025004662,51.91675838327397],[4.47430882420818,51.916809407860534],[4.474287619310557,51.91685149026631],[4.474286129447996,51.91685327644343],[4.474277025974316,51.9168720821012],[4.474276989464124,51.916873879566886],[4.474252804773857,51.91691953431978],[4.474150091273927,51.916895365703134],[4.474123072764846,51.91693740291711],[4.474140421741366,51.916942032066956],[4.474131464252995,51.91695364785071],[4.47411556862878,51.916949029990235],[4.47409456433058,51.9169812262991],[4.474034549274921,51.917073344121654],[4.474047574734215,51.91707614194455],[4.474037054274574,51.91709313882576],[4.473966317561914,51.91721213955153],[4.473948825499463,51.91735762132552],[4.47389861798248,51.9174677927751],[4.473902959837274,51.91746872538792],[4.473893874340241,51.91748663228113],[4.473889532483911,51.917485699667985],[4.473872814839216,51.917521524745155],[4.473851590929642,51.91756450579914],[4.473700969606712,51.91753726787934],[4.47369640854483,51.917547120050685],[4.473667442612922,51.91761341163927],[4.473567524982091,51.917594657501],[4.473534125611629,51.91766451009348],[4.473509647402916,51.91772454440707],[4.473605205153631,51.91774326470382],[4.47360207916222,51.91775402690076],[4.473583524146099,51.91780871402186],[4.47359222617772,51.91780968053811],[4.473578579369686,51.91783743957228],[4.473551322243051,51.91789116017024],[4.47357159657009,51.917894913267105],[4.473571578300345,51.917895811999685],[4.473541176838483,51.917961193523034],[4.473510848371734,51.91802298010756],[4.473486479562999,51.9180776220177],[4.473459185634689,51.91813314005704],[4.473433326761606,51.91818956812116],[4.473399945008243,51.918258521935954],[4.47337106954428,51.91832031978064],[4.473342212275004,51.91838121888504],[4.473337870343929,51.918380286251434],[4.473321937748212,51.918377465748414],[4.473287010900094,51.91845090189024],[4.473308738861308,51.918454666333744],[4.473340585833101,51.91846120607377],[4.473311783256721,51.91851940897194],[4.47328588742181,51.918577634464604],[4.473258556385631,51.91863494991714],[4.473261444929486,51.91863587125233],[4.473253885454965,51.918650194463794],[4.473232157403968,51.91864643001006],[4.473212385756199,51.918689422241144],[4.47319211110149,51.91868566908193],[4.473041742541861,51.91878876911338],[4.47303074613319,51.91897205398972],[4.472998688624504,51.91904731011089],[4.472977316891989,51.91909748085295],[4.472957179145625,51.91915844768333],[4.472937023060982,51.91922031324189],[4.472920048034838,51.919268720423666],[4.472901400132918,51.91932790108384],[4.472881335315799,51.91938527296983],[4.472885695618526,51.919385306888174],[4.472884169047144,51.91938889051104],[4.472878081043584,51.91940232627019],[4.472858363574831,51.91944262223901],[4.472898913513469,51.91945012866982],[4.472897441793072,51.91945101609614],[4.47288682891607,51.91947250652783],[4.472871581446676,51.919507444023225],[4.472713705321745,51.91947924956739],[4.472669708491053,51.91956969357239],[4.472704481326708,51.91957535737077],[4.472723302900668,51.91957909930643],[4.472920276031377,51.91961478886733],[4.472901993664912,51.919655994880124],[4.472882257820369,51.919697189583594],[4.472618663743873,51.91964929622669],[4.472618645454138,51.91965019495886],[4.472556420400971,51.91977914868639],[4.472305870611176,51.9197331538833],[4.472396073799399,51.91987228263939],[4.472394565466561,51.91987496752349],[4.472290955507642,51.92010876731872],[4.472266283325205,51.92010677752263],[4.472251482260179,51.92019115650822],[4.472249955610493,51.9201947401223],[4.472249937313093,51.920195638854345],[4.472165189521429,51.92064531522172],[4.472098386584613,51.92099895166189],[4.472000604735885,51.921231897687846],[4.471919689003833,51.92142182899756],[4.471512985174655,51.92218989553363]]],[[[4.467470201668204,51.92914528185553],[4.46723344304693,51.92927556373626],[4.467212869678212,51.92928618921882],[4.46705411580608,51.92937033973448],[4.466824826110222,51.92949079164906],[4.466830567503908,51.92949443209526],[4.466677627228366,51.92957862762338],[4.466665868233929,51.92958482766189],[4.466655581412923,51.92959014035343],[4.466635174496335,51.929521666133404],[4.466628292406985,51.92950273588801],[4.466555808136631,51.92942126959343],[4.466551154467346,51.929293593044946],[4.466542542449611,51.92928813235515],[4.466486601220392,51.92925084039649],[4.466475155387403,51.92924176201086],[4.466429316845766,51.92920814464625],[4.466373504748176,51.929164561525695],[4.46631480368558,51.929120056872826],[4.466250379867709,51.92907101298672],[4.465898029267155,51.928811174098385],[4.466175272724403,51.92869199858035],[4.466207549617798,51.928677869475074],[4.466355702848477,51.928614311165695],[4.466631177111576,51.92851040158268],[4.466528368785344,51.9284188101652],[4.466452684306538,51.92835170070648],[4.466395585293717,51.92830001763895],[4.466338467992137,51.92824923327344],[4.466372235072397,51.928233318049244],[4.466477860486029,51.9281874039357],[4.466545357599664,51.92815737085644],[4.466528502323216,51.92812847487705],[4.466513100782402,51.92809959028073],[4.4665266814434,51.92807542704298],[4.466537262585442,51.92805573468255],[4.466552352178553,51.928028886637215],[4.466573459163361,51.9279921981001],[4.466581003940591,51.927978774075186],[4.466576661225115,51.927977841191066],[4.466606803464482,51.92792594254719],[4.466636890392578,51.92787674008485],[4.466665523549176,51.92782752623068],[4.466697137700232,51.927774740215746],[4.46671975338479,51.92773536684392],[4.466735688875422,51.927738188245385],[4.466776522178602,51.9276612047948],[4.466824973615642,51.9275672023672],[4.466854747738421,51.92746226720242],[4.466881889880486,51.92741483937038],[4.466894016442848,51.927390664706046],[4.466899794391328,51.927392507689156],[4.466913374628494,51.92736834440341],[4.466916410864882,51.927362076054095],[4.466939044554955,51.92732180390679],[4.466852136170488,51.927305842650064],[4.466877806124192,51.9272593021665],[4.466892876835272,51.927233352803455],[4.466907892304893,51.92721009962855],[4.466933580553035,51.92716266040185],[4.466935052644336,51.92716177305206],[4.466948706420581,51.92713401484091],[4.466962341773009,51.927107155358115],[4.467006302338314,51.92701940981732],[4.467326958055838,51.92690956019469],[4.46735582901945,51.92684866266997],[4.467383099046344,51.926794943604584],[4.46740893373498,51.92674031442775],[4.467434731566064,51.92668748270513],[4.467365231449327,51.92667345577669],[4.467398316023195,51.92661978220568],[4.467460566129375,51.926632853515834],[4.46748634544123,51.92658092051111],[4.467512143088688,51.92652808876992],[4.467534941376168,51.92647972792847],[4.467608157321606,51.92638322229999],[4.467648987885616,51.92630623852568],[4.467685291819935,51.92623730919656],[4.467607217545119,51.926216024343255],[4.46762545229029,51.92617751539968],[4.467626979514741,51.92617393184993],[4.467612498173637,51.92617112194169],[4.467641276306181,51.9261147179905],[4.467720859245905,51.92613331800046],[4.467751127648111,51.92607512793141],[4.467756923853561,51.926076072141974],[4.467820514810806,51.92595252487066],[4.467958257239476,51.92568663644915],[4.468152346005911,51.92572231129178],[4.468149365201107,51.92572588348358],[4.468160939157085,51.925728670595646],[4.468170138915078,51.925705371791864],[4.468420662552026,51.92575407163602],[4.468750769553782,51.925821370260216],[4.468741680295958,51.925839276726],[4.468853169865754,51.92586172076011],[4.468862259083792,51.92584381428568],[4.469861272250352,51.9260475691941],[4.469926429587823,51.92606066188704],[4.469918812745958,51.92607768105665],[4.469891064966705,51.92608375664681],[4.469845932533056,51.92615801098704],[4.469864793316912,51.92615995592158],[4.469842309627849,51.926193038799816],[4.469879957834291,51.92620052359026],[4.469881411488012,51.92620053493401],[4.469982745293869,51.9262219997615],[4.470052227195367,51.926236923874136],[4.470117366520153,51.9262509151925],[4.470121709143254,51.92625184794578],[4.470291089925385,51.926287326467815],[4.470353340422672,51.92630039624732],[4.470437304135173,51.92631812970376],[4.47044310042922,51.92631907378207],[4.4705300815395,51.926331437460505],[4.470617081031365,51.926342902343706],[4.470708404881908,51.926356198625186],[4.470804089765401,51.926369528832964],[4.470895432054056,51.92638192623839],[4.470986774393541,51.92639432357294],[4.471079570444648,51.92640673216551],[4.471173801886434,51.92642005074378],[4.471326033300098,51.92644101214558],[4.471476811194276,51.92646196202646],[4.47156958920838,51.92647526896382],[4.471662385590375,51.9264876770969],[4.471756617377474,51.92650099520856],[4.47185809923491,51.92651526857282],[4.47191464569349,51.92652289986242],[4.471946534785597,51.92652764252382],[4.472034988690461,51.92653911767718],[4.472098785234074,51.92654770419502],[4.472120535309338,51.92655057013191],[4.472217656397397,51.92656480923785],[4.472385860835609,51.926586792462786],[4.472273460607958,51.92668029941756],[4.47227198863752,51.92668118683458],[4.472143268078103,51.926790746366734],[4.472006099415307,51.92688675688265],[4.471955685840944,51.92693490355792],[4.471952723563835,51.926937577115],[4.471951251578627,51.92693846452791],[4.472029091212388,51.92697143000634],[4.472068029376821,51.926987013995095],[4.472102624831065,51.9270016652909],[4.472189113565547,51.927038293485914],[4.472137319545907,51.927082833998234],[4.472196444694648,51.927106664946066],[4.472259894358232,51.927132327269916],[4.472237704760548,51.927151030906295],[4.472308294841262,51.92718304089545],[4.472377431335319,51.927215039529294],[4.472426226411003,51.927174969943124],[4.472436585187387,51.927166061817104],[4.472508592529064,51.927199880460854],[4.472572992348135,51.927321729478265],[4.472665095629295,51.92736828860928],[4.472698201294776,51.92738472588319],[4.472703942898082,51.927388366043985],[4.472757107646054,51.927419341324466],[4.472765720065157,51.927424801561244],[4.472807438237522,51.92744669904062],[4.472846285637801,51.9274667764284],[4.472872177827683,51.92748046092357],[4.47286183735359,51.927488470356394],[4.472916456026302,51.92751945687187],[4.472931175876938,51.92751058262151],[4.473003056139734,51.92755069208179],[4.473069194871684,51.92758716135549],[4.473132462876776,51.92762181052221],[4.47313389829389,51.92762272055716],[4.473198620100959,51.92765738099194],[4.473263305445727,51.92769383885381],[4.473335204578213,51.927733049380095],[4.473394148434434,51.92776586704004],[4.473404214703133,51.927771338530555],[4.47347754951286,51.92781145900154],[4.473478984943028,51.92781236903227],[4.473550884453639,51.92785157942686],[4.473527296153641,51.92786757581285],[4.473537362461339,51.92787304729195],[4.47378571156569,51.92802958348955],[4.473715019672804,51.92807397784773],[4.47365757555441,51.928110385256275],[4.473133269094396,51.92843979159585],[4.47313179708301,51.92844067902331],[4.47299186430123,51.9285294782044],[4.472842304182845,51.928448315269286],[4.472829056024227,51.92845630208299],[4.472699555910164,51.92838967696755],[4.472617516807004,51.928348589422484],[4.472584428758109,51.928331253395264],[4.472562330177291,51.92834546343343],[4.472484689042705,51.928302612265874],[4.472432940567327,51.92827344563837],[4.472415258028757,51.928284993392715],[4.472392254660766,51.928272230154406],[4.47225348184709,51.928375419465766],[4.472269289807147,51.9283845312353],[4.472208790249391,51.928428105149784],[4.472115268161205,51.92837973688561],[4.472067807788667,51.928354198970766],[4.472016004606674,51.92832772835334],[4.472151925287052,51.92822182049803],[4.472048300883227,51.92816977804514],[4.471980653490833,51.92813599307479],[4.471948982946097,51.928120465649094],[4.471943223003249,51.928117724182634],[4.471836709962125,51.92806476017582],[4.47172298354398,51.928009043274436],[4.47173774041405,51.92799837171315],[4.471694586855686,51.92797556380332],[4.471678303018926,51.9279898189614],[4.471575950260352,51.92794677472419],[4.471578894311803,51.92794499990814],[4.471571699018536,51.927941348369714],[4.471377261672473,51.92785084524467],[4.47131293763169,51.92772540066315],[4.471253867106054,51.927698873079336],[4.471193361270999,51.92767143540739],[4.471116974744906,51.92763848070579],[4.471082397449516,51.92762293038987],[4.471049255552362,51.92760829012408],[4.470981536450954,51.92757809950346],[4.470910928373462,51.927546987450874],[4.470850422952942,51.92751954960283],[4.470394484112322,51.92734790518374],[4.470356614789924,51.927351205325884],[4.470327761043757,51.927340193794016],[4.470293129230933,51.927327339438754],[4.470231079087491,51.92730438358764],[4.470228116683518,51.92730705710082],[4.470213671496743,51.92730245005075],[4.470209347112292,51.92730061857003],[4.470058750457014,51.927270679753214],[4.469976495658282,51.92724037513768],[4.46994041033641,51.92722750933607],[4.469892768936083,51.927210957851734],[4.469859591033906,51.92719811471271],[4.469801572045603,51.92719136981981],[4.469769811167969,51.92718033546163],[4.469755366069212,51.92717572835541],[4.46968895535784,51.92715273818255],[4.469675945608019,51.927149041143394],[4.469651398151991,51.927140759676824],[4.469558986440654,51.92710947661209],[4.469564948011039,51.92710233215815],[4.4694706019781,51.92702339360512],[4.469366616277216,51.92698932340593],[4.469324753336837,51.92697461455371],[4.469245315126957,51.92694882578207],[4.469211035897591,51.92698990629518],[4.469179663966082,51.927031009502954],[4.469146856658435,51.927071202618535],[4.469114049291918,51.927111395724594],[4.469082270276292,51.92710125991162],[4.469052351832714,51.927142374438],[4.469050861418618,51.92714416054495],[4.469028358268514,51.92717814199102],[4.469011890219727,51.92720138408493],[4.468998402991689,51.92722105396402],[4.46899549561879,51.92722103125449],[4.468968704792547,51.92725138370216],[4.468965723950315,51.927254955913845],[4.468964215162137,51.92725764075015],[4.468959780631392,51.92726120160647],[4.46892997217402,51.92729692371744],[4.468925519268993,51.92730138330294],[4.46892402884455,51.9273031694082],[4.468894257067401,51.92733709404883],[4.468871144975064,51.92732972250612],[4.468857731122863,51.92734579744663],[4.468856222325157,51.92734848228149],[4.468817489508509,51.927394022258646],[4.468756712386814,51.927451075353765],[4.468645850215026,51.92761110757044],[4.468448117943641,51.927895404250094],[4.468357383262724,51.927995368950086],[4.468332082013353,51.92802393514952],[4.468287478082589,51.928072125683606],[4.468245799868228,51.92811944019825],[4.468205630430268,51.92816406987157],[4.46816251670919,51.92821047426081],[4.468144667647693,51.92823010994204],[4.468120856618516,51.92825688999945],[4.468253900330592,51.928292087314254],[4.468264021232313,51.92829486305271],[4.468238719753834,51.92832342923035],[4.468223851654471,51.92833949273087],[4.468203039973999,51.928361801882275],[4.4682030032086,51.92836359934268],[4.46818664459337,51.92838144893406],[4.468167323366207,51.928401971983426],[4.468145002751808,51.928426965949676],[4.468131625078554,51.928441243343144],[4.468104832937038,51.928471595585755],[4.468097398840118,51.92847962732755],[4.468095926728341,51.9284805146917],[4.468063190928634,51.92851711257147],[4.468061682043729,51.92851979739548],[4.468060209929924,51.92852068475919],[4.468025983569653,51.92855906872208],[4.467991757150752,51.92859745267464],[4.467990285033016,51.92859834003743],[4.46795607694133,51.928635825249174],[4.467948863445703,51.92863307221989],[4.467945900818156,51.92863574567449],[4.467910202150316,51.928675016964846],[4.467901295862486,51.92868393605557],[4.467864124992824,51.92872409469315],[4.46782842618296,51.92876336595785],[4.467794217829985,51.92880085112099],[4.467757065159295,51.92884011099353],[4.467725819344885,51.92887492268636],[4.467690157080202,51.92891239644765],[4.467687194418776,51.92891506989557],[4.467654457967918,51.92895166765778],[4.467630683050943,51.92897665015163],[4.467617286655058,51.92899182621475],[4.467590530626674,51.92902038087629],[4.467586077417096,51.92902484040925],[4.467580299230717,51.92902299745972],[4.467470201668204,51.92914528185553]]]]}},{"type":"Feature","properties":{"gezicht_uri":"https://linkeddata.cultureelerfgoed.nl/cho-kennis/id/gezicht/10134640","gezichtsnummer":"2125","naam":"Rotterdam - Heijplaat"},"geometry":{"type":"MultiPolygon","coordinates":[[[[4.432829885573158,51.89918995346058],[4.432816410098514,51.89920872051478],[4.432758149774142,51.89928375331306],[4.432430477005046,51.90041368158211],[4.432376482331947,51.900629873198184],[4.431491337617421,51.90070896977611],[4.430444086054502,51.90075797566531],[4.429071707231434,51.90078993945228],[4.427177156079303,51.900778071308565],[4.42458022216065,51.90065615021936],[4.419725306865452,51.90039605037496],[4.418372068407325,51.900146696430156],[4.416782991421879,51.899851334017306],[4.414437231576561,51.89933934923903],[4.41360001060101,51.899150840534354],[4.412031006185085,51.89873692709463],[4.412002087694255,51.89873039489745],[4.40793799387253,51.89779770958634],[4.407406234375749,51.897662938243386],[4.407891821625578,51.89691551920626],[4.408792268555076,51.8955306490041],[4.408808775520088,51.89550651658321],[4.408889159520692,51.89548471382612],[4.409941174306561,51.89574695421987],[4.410361689236577,51.89585202507467],[4.410663712853204,51.89592734534203],[4.410685385586864,51.895932918777156],[4.41088803901925,51.89569999413651],[4.411512842967182,51.89496090823463],[4.411754405818147,51.894675271063406],[4.41257900903079,51.89369873500171],[4.412771357667477,51.893471114981324],[4.412836945490098,51.893394354892465],[4.412935385208412,51.89327651851958],[4.413118761807801,51.89306050903318],[4.41312174479252,51.89305693822782],[4.413416980093814,51.89270702300154],[4.413428931299051,51.89269184102528],[4.41343799685258,51.8926757362466],[4.413442724206664,51.892658696627066],[4.413444546457694,51.8926416329293],[4.413436414902029,51.89261459900511],[4.41342535880183,51.89258843972477],[4.41341695484905,51.892573987921025],[4.413289657731284,51.89234731279706],[4.41328967719214,51.89234641407409],[4.413291129732266,51.89234642611499],[4.413291149193092,51.89234552739202],[4.413291168653915,51.892344628668994],[4.4132897355747,51.89234371790509],[4.41328975503555,51.892342819182105],[4.413289774496402,51.89234192045911],[4.41328832195642,51.892341908418196],[4.413288341417298,51.89234100969519],[4.413286888877347,51.89234099765427],[4.413285455798334,51.89234008689031],[4.413177775324915,51.892146832964684],[4.413176322791273,51.892146820922406],[4.413174928646736,51.8921441127111],[4.41317638118029,51.89214412475343],[4.413050461143926,51.89192105629805],[4.413215433492207,51.89188377204735],[4.413204202536969,51.891865701251824],[4.413237092236028,51.89182282746417],[4.413604917901734,51.89174317883107],[4.415407539311765,51.89135270647924],[4.415566697609167,51.89131537085481],[4.415712686026155,51.89128242053494],[4.41618032963155,51.891423815846956],[4.416490485988123,51.89152525614569],[4.41652222795848,51.891535406131084],[4.416532667102196,51.89152290800378],[4.416542408006244,51.89154276393205],[4.417102145934576,51.891725366159264],[4.41729112774876,51.891787151686856],[4.417849457985412,51.89196794092348],[4.418037008685656,51.89202881454579],[4.418595325583323,51.892210498970876],[4.418785783389681,51.89227139535145],[4.419345558886722,51.89245308819324],[4.419531680435304,51.89251304874519],[4.420091442645774,51.89269563676649],[4.420123553424913,51.89268871001735],[4.420126516505305,51.89268603775697],[4.420174254242108,51.892628003264406],[4.420183162784394,51.89261908775459],[4.420181729556341,51.892618177074404],[4.42023241089279,51.892558369019866],[4.420233844119975,51.892559279699405],[4.420247245537701,51.89254410897842],[4.420251719115541,51.89253875249625],[4.420147831267622,51.892505537620096],[4.420156797761838,51.8924939259387],[4.420307349858813,51.892316287230535],[4.420437189977818,51.892358704359566],[4.420862093952844,51.89185343195343],[4.42085378428961,51.891834487051305],[4.421218160598496,51.891373659681065],[4.421343375258551,51.89122547448873],[4.421352302589089,51.891215660162445],[4.421565471450791,51.89096302840885],[4.421574398680498,51.89095321406509],[4.421756310416358,51.8907353815149],[4.421879135644002,51.89076605394504],[4.421890080496962,51.89079760479719],[4.422139684183085,51.89087785827108],[4.422259412261666,51.890917493692605],[4.422383498047117,51.89095716477757],[4.422411211184065,51.890951999062636],[4.423047784030644,51.89019407291368],[4.423538105892547,51.889616518265534],[4.423554236937026,51.889609459514155],[4.423571839685377,51.88960151394857],[4.423587989972714,51.889593556466934],[4.423604121001147,51.88958649770859],[4.423620271277391,51.88957854022249],[4.423636421547926,51.88957058273416],[4.423652571812751,51.88956262524354],[4.42369075914432,51.88954316300196],[4.423730148637144,51.88953539609182],[4.423717211316753,51.889528997807695],[4.423721626427478,51.88952633736618],[4.423724569834337,51.88952456373843],[4.423739267614698,51.889516594324135],[4.423752512937735,51.889508612996615],[4.423767210707937,51.88950064357876],[4.423780456021319,51.88949266224808],[4.42379515378136,51.8894846928267],[4.423809890034232,51.88947492595228],[4.423824607031983,51.88946605780151],[4.42384079572281,51.88945630283358],[4.423855512708372,51.88944743467894],[4.423870248935928,51.88943766779681],[4.423884985157078,51.889427900912835],[4.423898249675362,51.88941902084305],[4.42391298588432,51.88940925395551],[4.423926269638224,51.88939947515691],[4.423939553386347,51.88938969635676],[4.42395281788258,51.88938081628071],[4.423966101619414,51.88937103747758],[4.423979385350464,51.88936125867283],[4.423992688321033,51.88935058114097],[4.424005972040254,51.889340802333166],[4.424019255753692,51.88933102352386],[4.424066523037378,51.88929455681879],[4.42411379024434,51.889258090094344],[4.42413598099667,51.889239395455455],[4.424158152488608,51.88922159953795],[4.42416405846956,51.88921715353447],[4.424169964449344,51.88921270753068],[4.424175870427959,51.889208261526626],[4.424181757163969,51.889204714247924],[4.424187663140366,51.88920026824323],[4.424195002316595,51.8891967328698],[4.424200889049588,51.88919318559013],[4.424206795022579,51.889188739584476],[4.424214134195424,51.88918520420979],[4.424221454126487,51.889182567560404],[4.424227340855541,51.889179020279435],[4.424234680025188,51.88917548490346],[4.424242019193683,51.889171949527025],[4.424249339120959,51.889169312875886],[4.42425665904738,51.889166676224285],[4.424265450653851,51.88916315275144],[4.424272770578328,51.8891605160988],[4.42428009050195,51.889157879445726],[4.424288862865603,51.88915525469689],[4.424296163548307,51.889153516768516],[4.424304935910178,51.88915089201845],[4.424312236591558,51.88914915408908],[4.42431806559305,51.889148302980736],[4.424322461392268,51.88914654124207],[4.424326837952635,51.889145678229],[4.424331214512836,51.88914481521579],[4.424335610311199,51.889143053476616],[4.424339986870978,51.88914219046307],[4.424344382668742,51.88914042872359],[4.42434732602579,51.889138655080025],[4.424351721822921,51.88913689334025],[4.424356098381794,51.88913603032613],[4.424359041738092,51.88913425668223],[4.424361985094157,51.8891324830383],[4.424366380890113,51.88913072129801],[4.424369324245656,51.88912894765389],[4.424450237698149,51.889149386198206],[4.424496081043588,51.889179425025176],[4.424541924450249,51.88920946383424],[4.424587748684791,51.88924040135123],[4.424632120537598,51.88927132695],[4.42467505923726,51.88930134190632],[4.424716526316662,51.88933224367343],[4.424738024562146,51.88934590304942],[4.42475950359071,51.889360461147305],[4.424781001862733,51.88937412051547],[4.424802500147812,51.8893877798797],[4.424825431666287,51.88940234986388],[4.424846929978352,51.88941600922003],[4.424869861525611,51.88943057919554],[4.42489281231509,51.88944425044077],[4.424915743891612,51.889458820407356],[4.42494014716081,51.88947250354032],[4.424963078767075,51.88948707349769],[4.424987482066014,51.88950075662083],[4.425010432927069,51.889514427843146],[4.425034817030695,51.889529009682335],[4.425077813916156,51.88955632831416],[4.425122224863143,51.889585456276436],[4.425170916348123,51.88961821480689],[4.425219588683062,51.889651872043075],[4.425228168881127,51.889658234483036],[4.425235296623949,51.889664585029436],[4.425243857606183,51.88967184619416],[4.425250985353373,51.8896781967396],[4.425258113102574,51.8896845472846],[4.425265221633726,51.889691796555034],[4.425272330167165,51.88969904582502],[4.425278005463678,51.88970538447625],[4.425285114001315,51.88971263374551],[4.42529222254124,51.8897198830143],[4.425297878623746,51.88972712039044],[4.425303534708065,51.889734357766315],[4.425310643254378,51.889741607034],[4.425316299342563,51.88974884440925],[4.425321955432562,51.889756081784185],[4.425327611524377,51.889763319158924],[4.425333267618007,51.889770556533335],[4.425337452033431,51.88977868074162],[4.42534310813056,51.88978591811556],[4.42534874501106,51.88979405421513],[4.42535294864981,51.88980127969698],[4.425357133071616,51.889809403904536],[4.425361317494926,51.889817528111934],[4.42536695438265,51.889825664210655],[4.425369686346053,51.88983377652636],[4.425373889991843,51.8898410020074],[4.425378074421087,51.88984912621423],[4.425380806387896,51.88985723852966],[4.425509882470931,51.890207061871294],[4.425509863255474,51.890207960597145],[4.425533152641011,51.89027376970735],[4.425546889610392,51.89031073636075],[4.425567389427271,51.890371129329935],[4.425572949563897,51.89038286032185],[4.425589399423233,51.89042883800631],[4.425598932745004,51.8904585791801],[4.425719623850246,51.8907930526016],[4.425799200485395,51.89101213240537],[4.425815497123613,51.891065299862234],[4.425824781001602,51.89110672445174],[4.42582999552288,51.89113463249573],[4.42583321967741,51.89118769297677],[4.425830633804046,51.89124070591447],[4.425823940119971,51.891281999758654],[4.425814322190497,51.89132416855609],[4.425805011606022,51.89135195773972],[4.425778974145524,51.89141466647878],[4.425742807420214,51.89147549455213],[4.4256920193511,51.89154069736821],[4.425431179286215,51.8918495758644],[4.42542370524568,51.89185940239263],[4.424977959140494,51.89239058791732],[4.42476182055498,51.89264679695093],[4.424758800056384,51.89265216550521],[4.424572479629661,51.892872663139414],[4.424280273482008,51.89322083296593],[4.424248509317518,51.89321158379703],[4.424124434911141,51.893171015948816],[4.424084032375216,51.89315810039219],[4.423804062656162,51.893070411105306],[4.423757869288299,51.89305654906757],[4.423548614318565,51.89299101222167],[4.422929286907317,51.89375627359332],[4.422465868392349,51.89429629351765],[4.422288656933823,51.894565402063755],[4.422668131157399,51.894688069378105],[4.422864376936287,51.89475080431639],[4.422883126117485,51.89475725038371],[4.42290332792562,51.894763708370284],[4.42285154188663,51.89480732859408],[4.422826404048727,51.89482779657172],[4.42271816531177,51.894929380748565],[4.422652804092206,51.894996260403516],[4.42264536746895,51.8950042892987],[4.422645348193568,51.89500518802343],[4.422602200304285,51.895052474585725],[4.42251586569671,51.89514884511056],[4.422503897616664,51.89516492673706],[4.422393452756948,51.89530154893949],[4.42237850219012,51.89532120159384],[4.422359058721124,51.895347109531365],[4.422359039439828,51.895348008255944],[4.422342616919911,51.89536854770108],[4.422336632820545,51.89537658850531],[4.422285796813442,51.89544358724121],[4.422082451265045,51.89571158195529],[4.42202268640292,51.895788394946614],[4.422010717975104,51.89580447652063],[4.421997239016947,51.895823242333236],[4.421964373992752,51.89586521984016],[4.422056655759417,51.89596575392323],[4.422089314747254,51.89600107862689],[4.422131872415918,51.896049068987416],[4.422154671448064,51.89606993055791],[4.422178923165498,51.89609080405527],[4.42220172224057,51.89611166561661],[4.422225974002293,51.89613253910426],[4.42225880679755,51.89615977524047],[4.42229162034942,51.89618791009198],[4.422310215783813,51.896201546046626],[4.422427913800174,51.89613329857744],[4.422469790469913,51.896145327907355],[4.423068473480579,51.89641271587481],[4.424056155671569,51.89669857114736],[4.425300911363362,51.89705753460865],[4.425516402190685,51.89710424268655],[4.42551489183501,51.89710692697163],[4.425636303545437,51.89713668488246],[4.425811273190368,51.89717586973117],[4.425823240629674,51.897159787770384],[4.429208077537722,51.898140249311965],[4.432743272697889,51.8991631823729],[4.432826999111455,51.89918903113447],[4.432831376489377,51.89918816780773],[4.432829885573158,51.89918995346058]]]]}},{"type":"Feature","properties":{"gezicht_uri":"https://linkeddata.cultureelerfgoed.nl/cho-kennis/id/gezicht/10134644","gezichtsnummer":"224","naam":"Haastrecht"},"geometry":{"type":"MultiPolygon","coordinates":[[[[4.775927112516713,52.00298285687283],[4.775696074977719,52.00294480451659],[4.775597247777197,52.002929909663585],[4.775537665147901,52.00292061168934],[4.775539170416184,52.00291702416497],[4.775459261984222,52.00290312634247],[4.77538374680173,52.002887453627736],[4.775264667634357,52.00286256602288],[4.775255942562463,52.002861621825474],[4.775114958855798,52.002841114369666],[4.775113514902789,52.002840208024196],[4.775077182965688,52.00283462606726],[4.775043763481533,52.002829059246004],[4.774990005988615,52.00281979128825],[4.774976936810285,52.002817026802134],[4.774894116290248,52.00280311344773],[4.774875222238907,52.00280031864906],[4.774870767656801,52.00280658733236],[4.77480680440555,52.002798165034484],[4.774729772024249,52.002786978188304],[4.774722515476097,52.00278514275584],[4.774638214317023,52.002773019189696],[4.77458590091571,52.00276465739883],[4.774590392372769,52.00275569240785],[4.77455551678919,52.00275011786901],[4.774517728776199,52.00274452815999],[4.774431996096704,52.00273059932076],[4.77431430038402,52.00271111097285],[4.774309833447084,52.002718278407706],[4.774289507821828,52.00271367838699],[4.774193618613285,52.00269699997615],[4.77422188881518,52.002653104201684],[4.774197219156169,52.00264668386869],[4.774189950364873,52.0026457471762],[4.774189938077101,52.00264664594896],[4.774072353302038,52.002619068404435],[4.774072316431675,52.00262176472275],[4.774050534659858,52.002617157075335],[4.774065404064576,52.00259476361238],[4.774080310324226,52.002569673829136],[4.774095191987872,52.00254638158946],[4.774111554426388,52.002521299387176],[4.774085416354405,52.00251577021854],[4.7740898955966,52.002507704019244],[4.773989736604992,52.00248381250459],[4.77390845927294,52.00246361463432],[4.773841694926928,52.00244708768269],[4.773870026784958,52.00239869812766],[4.773874469172075,52.00239332825474],[4.773851206735348,52.002390510528194],[4.773684271692293,52.002350990542496],[4.773648535640604,52.00240832982709],[4.773468519455755,52.00236694367341],[4.773335016036839,52.00233209168817],[4.773255158562025,52.002314597279764],[4.773255146255629,52.00231549605244],[4.773202899111738,52.0024087025564],[4.773159598257586,52.00248667548102],[4.773152157194857,52.002498321541694],[4.772822631836783,52.002421099700314],[4.772839007255346,52.002395118902946],[4.772873275811339,52.00233867103805],[4.772876262106378,52.00233329360275],[4.772855936803664,52.00232869333469],[4.772733985075245,52.00230109165262],[4.772710759710903,52.00229557738287],[4.772559770341715,52.00226153206315],[4.77255105776506,52.00225968889282],[4.77254955228009,52.00226327637898],[4.77253212712767,52.00225959003613],[4.772511814215182,52.00225409093609],[4.772472619963401,52.0022448978759],[4.772475569334166,52.002242216768465],[4.772429118736162,52.00223118812253],[4.772401537164004,52.002224752201876],[4.772368143117954,52.00221738707634],[4.772310079939417,52.00220360121305],[4.772298467308005,52.00220084403699],[4.772322296500108,52.00216231853148],[4.772294714985725,52.00215588258583],[4.772133570003096,52.002119087149765],[4.77204645705262,52.002099756329514],[4.771953544054627,52.00207859745341],[4.771939019084099,52.002075825018615],[4.771780774738209,52.00203994309602],[4.771773518432367,52.00203810748191],[4.771784007859934,52.002016590237716],[4.771518289367355,52.00195947272979],[4.77151393312984,52.00195855110617],[4.771402127209552,52.001934596454305],[4.771312102552109,52.001915249854065],[4.771214797018788,52.00189586508142],[4.771095698116405,52.00187277080711],[4.770980967904833,52.00184969928343],[4.770874937880596,52.00182936971536],[4.770808138538024,52.001815537361686],[4.77077327651643,52.00180906293062],[4.770661421934552,52.001788702665365],[4.770748191449389,52.001621074591476],[4.770616000249276,52.00159701242046],[4.770537576610724,52.0015813213427],[4.770419935074722,52.00155823401437],[4.769995806967057,52.001477811922356],[4.76997982613631,52.00147503161017],[4.769969657642502,52.001473180612834],[4.769885372622578,52.00146015487319],[4.76977783834114,52.001443411769905],[4.769695021986225,52.0014294947602],[4.769606393362956,52.00141464835756],[4.769526439940189,52.00140434159982],[4.769510446783846,52.00140245999623],[4.769434762865886,52.001399366280026],[4.769363447480956,52.00139629544622],[4.769316825139134,52.00139784838495],[4.769213412000509,52.00139910314431],[4.76914349086329,52.00140053368399],[4.769019691275045,52.001401681222205],[4.76893375221132,52.00140302750925],[4.768890054590489,52.00140369680453],[4.768954324373874,52.001178426235676],[4.769031252882332,52.0009855802561],[4.769049495005465,52.00092994814521],[4.769036401965783,52.000928980544636],[4.769050027784259,52.00089130093619],[4.769101556576784,52.00074506105217],[4.769115219450436,52.00070468511795],[4.769099697347898,52.00066865010979],[4.769082892573098,52.00062002463953],[4.769089386190883,52.0005715215208],[4.769147575792314,52.00047025846229],[4.769190856881735,52.00039408454377],[4.769223647573977,52.00033942762912],[4.769260905685983,52.0002776034601],[4.769312997515494,52.00019608272807],[4.769399286028326,52.00006350773862],[4.769431060879666,52.000082550104985],[4.76943847774026,52.00007270182135],[4.769457655079765,52.00005482572483],[4.769479410369478,52.00006123176628],[4.769483914954978,52.000051368195386],[4.769540126897561,51.999987845734985],[4.769598978598855,51.99994411152339],[4.769682522434824,51.99990500102063],[4.769707363209417,51.9998988394839],[4.769790019991545,51.999818377728246],[4.769836900529533,51.999797950375346],[4.76989170502474,51.999730825015305],[4.769945139840166,51.99965740058437],[4.769968920206291,51.999622470632545],[4.769974856013622,51.9996144122232],[4.769991590803409,51.999562367406774],[4.770024268576282,51.99951579921343],[4.770076283913547,51.99943967076657],[4.77014745109881,51.99934746362921],[4.77018476894226,51.999281145292],[4.770259218817,51.99916199017009],[4.770324733883914,51.999057169572545],[4.770396320273555,51.99893440400456],[4.770455985598886,51.99883135035186],[4.770517032576753,51.99873369693287],[4.770637311282576,51.99856444677888],[4.770705712033136,51.99846143875834],[4.770766757960524,51.99836378520286],[4.770833689679803,51.99826166825071],[4.770916897243549,51.99814076089502],[4.771007545230408,51.99800820754514],[4.771068491090505,51.99791774400837],[4.771151771461205,51.997791443840505],[4.771267862243161,51.99760868855129],[4.771352770321741,51.997469813030676],[4.771440281433013,51.99735342200814],[4.771511713956621,51.99724144099924],[4.77160865132526,51.99707476425071],[4.771657921773283,51.99698603701297],[4.771695235404277,51.996919718167135],[4.771730969547471,51.99686237942659],[4.771742815122812,51.996848059967625],[4.771756153720495,51.996831051801635],[4.771773626037153,51.99683114316598],[4.771799278839737,51.99676566214914],[4.771832705733497,51.996770331115705],[4.77182310555206,51.996727136710085],[4.77233447461429,51.99585793673861],[4.772876288289285,51.99499698296624],[4.773272114118088,51.99437525494075],[4.773733206803167,51.99366488083665],[4.774358019988591,51.992692896862785],[4.774747600873677,51.99209899527477],[4.77471422624727,51.99209073204119],[4.774661974384469,51.99207877519378],[4.774590869865283,51.99206132715901],[4.77488689521162,51.99160086493298],[4.775907111015539,51.99002870764316],[4.77501520471333,51.989987218934964],[4.774821693103138,51.98997812257812],[4.774177017411882,51.98995678936304],[4.77408970604555,51.989953637997104],[4.773763556887023,51.98995553369607],[4.773181137070353,51.98995968700185],[4.772935155504903,51.98995480795291],[4.772612016428081,51.989949525463146],[4.772608314024967,51.98990096884569],[4.7725355239477,51.989900588677635],[4.772535868805968,51.98987542299915],[4.772537804943108,51.989840378407756],[4.772538075901735,51.98982060537449],[4.772602118740418,51.98982183869745],[4.773517936329832,51.98811522932479],[4.773796858716939,51.98762681643932],[4.773951977442184,51.987355276757725],[4.775170844259238,51.98508935769605],[4.77555244148784,51.98518212453755],[4.775668525855627,51.98520969303761],[4.77581362539211,51.985244602889395],[4.776280827365466,51.98535848538899],[4.776494074519754,51.985413522630346],[4.776752276391248,51.98548137644324],[4.776865450955387,51.985508928660565],[4.777216596343896,51.98559344257678],[4.777348634013481,51.98562558629916],[4.777352988786658,51.98562650770663],[4.777808602164017,51.985736728690846],[4.777992886080338,51.985780827141525],[4.778209085299741,51.98583318002285],[4.778370164638913,51.98587086591763],[4.778394825680588,51.985877285377924],[4.778609594549243,51.98592783244177],[4.77904347640577,51.986030745514974],[4.779246625673317,51.98607943368045],[4.779513374847957,51.98616170697284],[4.779671508587219,51.986202072379996],[4.77967445646927,51.98619939108357],[4.779691924664819,51.9861994812658],[4.779711225852092,51.98617171691391],[4.779808403642483,51.986198284862944],[4.779878033066722,51.98621662101087],[4.779917190517591,51.98622760915783],[4.779932886703577,51.98625105996045],[4.779935700738815,51.986258265190266],[4.779937071256535,51.9862645641323],[4.779934111219052,51.98626814421101],[4.779932606866458,51.98627173180176],[4.779913330107255,51.98629769863831],[4.779891129783911,51.986324549222054],[4.779865993721664,51.986353182326994],[4.779853946659086,51.986382781820595],[4.779843270089692,51.98641868025574],[4.779825254201449,51.98645903500106],[4.779799825951651,51.98650923870707],[4.779777406394446,51.98655226723003],[4.779759366051972,51.986594419515626],[4.779729594900898,51.98664280311106],[4.779699994088464,51.98667860383983],[4.77965704848129,51.98673231243409],[4.779590263714654,51.98682634565429],[4.779536531324252,51.9869240415912],[4.779490235534606,51.98701009100793],[4.779441210797317,51.987082643735675],[4.779358107726372,51.987199063504136],[4.779277903480832,51.98731639702728],[4.779200500623118,51.98744183451465],[4.77911840119187,51.98759151631809],[4.779070465406273,51.987691039667936],[4.779025867370116,51.98775912090467],[4.77894858491018,51.987875570462265],[4.778875681459398,51.98799114376698],[4.778833884608391,51.98806732895555],[4.778768515291948,51.98816406553695],[4.778603330153702,51.988428368676274],[4.778433763574294,51.988693547753414],[4.77828619017756,51.988947155487246],[4.778220415720119,51.98907355132683],[4.778175534340629,51.98916230405068],[4.778107274844738,51.9892572276264],[4.778021216071592,51.98937632765746],[4.777992933595559,51.98942202199885],[4.777945017756268,51.989519747306645],[4.777889822739739,51.98961743490567],[4.777843752979475,51.98968640690688],[4.777777314116789,51.989754374570694],[4.777708110004302,51.98981154181706],[4.777606719288277,51.989880227197055],[4.777531764846056,51.989931971524165],[4.777481558921222,51.989983844029894],[4.777472518652846,51.99000626814611],[4.777414288199632,51.990112928175805],[4.777394898351916,51.99014698355409],[4.777322805961073,51.99020233793172],[4.777279951889654,51.99024885542231],[4.777266311810571,51.99028833360776],[4.777263988251361,51.99035213907455],[4.777254605584247,51.99039972886714],[4.777168322316498,51.990535006193745],[4.777164530554569,51.99059970288423],[4.777127364774032,51.99065613702422],[4.777102212284981,51.99068566828882],[4.777058219568224,51.99070881000359],[4.776985012396093,51.990738990927284],[4.776929140578984,51.990779148922115],[4.776911731751666,51.990774564453424],[4.776802141129665,51.99091061947825],[4.776715867741905,51.99104499768457],[4.776607352414127,51.991208922086194],[4.776507644815847,51.99136749906386],[4.776370817966441,51.99157891474476],[4.77627419181773,51.991724923783146],[4.776144764560858,51.99192738923005],[4.776025772199047,51.992111931964104],[4.775917251752939,51.99227585569574],[4.775838375001752,51.99240128329023],[4.77575514239834,51.9925257893623],[4.775667357838233,51.992663754291456],[4.775536456960865,51.99286711024197],[4.775430893734119,51.993027453537984],[4.775313363670725,51.99321110430667],[4.775209242482853,51.99337235373702],[4.775142315797983,51.99347537205231],[4.775109574166793,51.99352733436801],[4.774929653594353,51.99348145657949],[4.774576903438676,51.99404319224771],[4.774112687115571,51.9947697323934],[4.77364405086771,51.99549894415656],[4.773221655299788,51.996146601036976],[4.772934466507035,51.996596319007836],[4.772739762689244,51.99688472837807],[4.772930280810029,51.99690190195849],[4.77289456047912,51.99695834229194],[4.77304295253334,51.9969681051039],[4.773144751646204,51.99697762464586],[4.773328002462229,51.9969938608262],[4.773341082144892,51.996995726721536],[4.773533057004241,51.99701290692102],[4.773678451243218,51.99702894516232],[4.77386452848721,51.99705148710177],[4.77399248742602,51.997064737580864],[4.774126282867796,51.99707711948549],[4.77417718265945,51.99708187879916],[4.774225121251218,51.9970902180184],[4.774261411575887,51.9970984965561],[4.773542649934,51.9982272863719],[4.773346412996919,51.998521081719716],[4.773184389664116,51.998762023826025],[4.773099632489274,51.99889011536968],[4.773056605681561,51.998948315293305],[4.773007631270893,51.99901547253793],[4.772906683618743,51.999156063175406],[4.77286221251329,51.99921335665214],[4.772817556582751,51.99928413170692],[4.772762473761733,51.99937193022117],[4.772704577031708,51.99945252331985],[4.772655490683595,51.99952776936807],[4.772609390313688,51.99959763796377],[4.772505293763992,51.99975528971992],[4.772399691062867,51.99991652886476],[4.772332797392734,52.00001595036601],[4.772245049178196,52.00014941868633],[4.772361170214967,52.00017699044822],[4.772567313126748,52.000223907804646],[4.772584737491519,52.000227594142174],[4.772599200309955,52.000234860361545],[4.772613638496055,52.00024392412487],[4.772626558958978,52.00025747414763],[4.772633667194614,52.0002700949838],[4.772636431654339,52.00028089546451],[4.772685657074879,52.000301825735384],[4.772753726151386,52.000329146218654],[4.772778357382701,52.0003382631728],[4.772795720234863,52.00034644334352],[4.772808690040908,52.00035639825467],[4.77281730374287,52.000365431589024],[4.77287467198448,52.00032348568224],[4.772848190558976,52.00034312188056],[4.772827533675559,52.00036278847586],[4.772787700627047,52.00040033171087],[4.772741981356703,52.000442338389384],[4.772691942832983,52.00048072715118],[4.772699174291079,52.00048436025444],[4.772827859961266,52.00055154598219],[4.772830759941906,52.00055245995649],[4.772923559384969,52.00058170709623],[4.77301055897302,52.000609126223374],[4.773159578519412,52.00057395025772],[4.773247242758208,52.00055283547283],[4.77333198231659,52.00053260420638],[4.773463503004638,52.000499134265326],[4.773666571354232,52.00045165575774],[4.77376294738773,52.00043238367528],[4.773878326959478,52.00040781751752],[4.774033108276828,52.00037716465837],[4.774044265817984,52.00041317626643],[4.774162434596986,52.000397612731604],[4.77420034345575,52.00039421482261],[4.774263055874203,52.00038735072215],[4.77434616654871,52.00037969396396],[4.774435126327072,52.00037026992427],[4.774484708839086,52.0003651350235],[4.774551789598608,52.00035829350955],[4.774666861615801,52.00035619590571],[4.775025182878089,52.00034997058132],[4.775089416455191,52.000231658162775],[4.775186695534011,52.00025283727958],[4.775228080711041,52.00020811061345],[4.775272439402052,52.00015890520702],[4.775310973460922,52.00010966950358],[4.775382143224766,52.00001656042086],[4.775408782760291,51.99998523959647],[4.775429536434254,51.999958382358464],[4.775472487573377,51.999905574212356],[4.775502149575956,51.99986617954213],[4.775505098608766,51.999863498357364],[4.775518485723351,51.99984289467824],[4.775566123754786,51.99976674109202],[4.775600313306606,51.999715685042744],[4.775647889775763,51.99964402528838],[4.775692480320549,51.999577743023714],[4.775735602363164,51.99951235194999],[4.775789125392936,51.99943173466023],[4.775768788848544,51.999428033668366],[4.775811812602389,51.99936983275229],[4.775816266709566,51.99936356402944],[4.775834254676546,51.9993259063081],[4.775855216093304,51.99928376984299],[4.775855301865591,51.99927747842885],[4.775857603438514,51.999215470623795],[4.775792556648509,51.99918007809814],[4.775797343764037,51.999042580886325],[4.77605732406335,51.99909246830692],[4.77630985301484,51.999154900195386],[4.776321746713474,51.99913698518484],[4.776542596932006,51.99917318587425],[4.776634135653513,51.99918804216139],[4.777104922905774,51.99926328923386],[4.777116547302458,51.99926514716246],[4.77725459625592,51.99928653589664],[4.777385389246434,51.999306089200566],[4.777337987041438,51.99936516683499],[4.777478704217178,51.99940454586905],[4.77748304810967,51.99940636604563],[4.777773195477354,51.99948696638365],[4.777834132419944,51.99950346095246],[4.777838488549992,51.99950438234224],[4.778333656842314,51.99960761464306],[4.778452619276659,51.99964058810713],[4.778445127103538,51.999548867997],[4.778583604520998,51.999538798091685],[4.778604026737166,51.99953620718093],[4.778623005033103,51.999532709963916],[4.778690083924663,51.999525866087076],[4.778837541777625,51.999497865575],[4.778935308709794,51.999483090642315],[4.77908704929052,51.99946140380911],[4.779196489338024,51.99944489129656],[4.779333644175027,51.999424926473004],[4.779483940437049,51.99940233283307],[4.77965029029959,51.999377125358876],[4.779749598039549,51.99935606584711],[4.779851830078569,51.9993341225049],[4.780037279266934,51.99929642932398],[4.780125035127322,51.9992681192102],[4.78041463354633,51.99917433585865],[4.780604790334885,51.999111498626355],[4.780609170799886,51.99911062236546],[4.78067791152268,51.999088505697905],[4.78071300383148,51.999077900487606],[4.78078027619807,51.99905667503107],[4.780816812404514,51.99904697606607],[4.78090013822799,51.99902313673694],[4.780925001284165,51.99901517527987],[4.780971790871391,51.99900103489853],[4.781043431295209,51.9989798317905],[4.781126744726508,51.99895689107448],[4.781189599841453,51.99893923798578],[4.781193980278268,51.99893836170304],[4.781236413556661,51.99892329995035],[4.781297836773538,51.99890384175859],[4.781351979461295,51.99888434605901],[4.781426653122002,51.998854169964495],[4.781448628085174,51.99884439585925],[4.781458869305263,51.998840853219505],[4.781499870589047,51.998823986328965],[4.781551198018096,51.99879728535627],[4.781625956361179,51.99876081771442],[4.781631829274861,51.99875725258418],[4.781656740600846,51.99874569587452],[4.78169481740697,51.998729712707046],[4.781731401690709,51.99871641835966],[4.781756276564339,51.99870755795173],[4.781852803120228,51.998676595161136],[4.781914237863945,51.99865623787157],[4.781958150982641,51.9986393857967],[4.782022606964896,51.998610954456325],[4.782097316103226,51.99857808161045],[4.782317086738082,51.99847854156227],[4.78234785842842,51.99846431831472],[4.782513450059032,51.99838697038082],[4.782629158879431,51.998337229934464],[4.782705335309783,51.99830346540467],[4.782780043435961,51.99827059212225],[4.78291188958784,51.9982119459018],[4.782989533775121,51.998177289888],[4.783001255012916,51.99817195703905],[4.78304520357552,51.99815240823222],[4.783103749133747,51.998130237820575],[4.783169562879818,51.998109003517634],[4.783254402305456,51.998080676113105],[4.783374320392501,51.99804264141394],[4.783407943077811,51.99803292670057],[4.783478112639442,51.99801261340793],[4.783551218467881,51.997990517459826],[4.783596598484281,51.997972773463104],[4.783615624120295,51.997965680339746],[4.783683002310449,51.99793636424343],[4.78372697453525,51.99791501763111],[4.783778323786721,51.997886518130294],[4.783784196414871,51.997882952891715],[4.783853260187366,51.9978365674427],[4.783901709238524,51.99780715418438],[4.783973781610289,51.99775359339292],[4.784014998558516,51.99772054767476],[4.784031220704464,51.99770535058656],[4.784047503281354,51.99768565962221],[4.784065374868368,51.997656089594585],[4.784073114486572,51.99762197346065],[4.784085161815892,51.99759237358384],[4.784088388199433,51.997569020362015],[4.784097414614083,51.997547494534274],[4.784109365210437,51.997525084852896],[4.784115298199727,51.99751702572353],[4.784119883917644,51.997500870159826],[4.784121654226232,51.99747750947587],[4.784114724497822,51.99745140770224],[4.78409200790582,51.997408147134806],[4.784066246297756,51.99737475816263],[4.784034660545383,51.99734133933737],[4.784004494617236,51.99731062429016],[4.78392656946657,51.99725809236296],[4.783839871974141,51.99720821192299],[4.78374155054619,51.99715647414594],[4.783635912866554,51.997107395277176],[4.783537483009759,51.997063746302665],[4.783389753874904,51.99700456410989],[4.78335207850755,51.99699088826601],[4.783247740323529,51.996953500591104],[4.783127482818187,51.99690884042281],[4.783020257169986,51.99686964005061],[4.782960862683025,51.99684686421586],[4.782940587264616,51.99683867058932],[4.782894248669484,51.99681955709782],[4.78281463950429,51.99678409367769],[4.782761081455353,51.99676044887513],[4.782709027948226,51.99673321642766],[4.782667215140243,51.99670244121024],[4.782615331391893,51.996662625875295],[4.782556264568935,51.99661558291921],[4.782547637501096,51.996607449065614],[4.782488619298729,51.99655681097657],[4.78242968607239,51.996499881434886],[4.782359250328181,51.996432106706855],[4.782300378044395,51.996370683226296],[4.78228744364557,51.99635803302997],[4.782257303822654,51.996325519983934],[4.782224385389849,51.99628310543991],[4.782190071635264,51.996236189528354],[4.782165877253651,51.99619471864997],[4.782140336044722,51.99614515130877],[4.782099203280468,51.99606404450419],[4.782068165652503,51.995990180285816],[4.782041374843346,51.99592532626547],[4.782007680113426,51.99583257278752],[4.781989540546897,51.9957740550984],[4.781981144196881,51.99574884448261],[4.781953188777042,51.99566241235908],[4.781935267689531,51.995587716714724],[4.781918911819681,51.99550493958207],[4.781904036253585,51.995420372384814],[4.781896367859141,51.99534123527495],[4.781887655961739,51.995231532332355],[4.781883178585597,51.9951317383756],[4.781885180446496,51.9950913009974],[4.781888371398098,51.995070644153365],[4.781902105925645,51.99502397525687],[4.781917150831153,51.9949880991444],[4.7819290654392,51.99496838600132],[4.78194387984214,51.994949586607056],[4.781955721652048,51.99493526611018],[4.781967575583486,51.994920046837194],[4.781989645526752,51.99490308242327],[4.782007311171974,51.99488879186922],[4.782038177513304,51.99486737849258],[4.782061642732247,51.99485491542574],[4.782086576028918,51.99484156106522],[4.782115865075505,51.99482912793083],[4.782148053906918,51.99481760853427],[4.782177306546256,51.994807871709185],[4.782222623258061,51.994794622104386],[4.782256207383173,51.9947876040368],[4.782294183629172,51.9947788108598],[4.782332123495074,51.994772713995204],[4.782378811241586,51.99476576323733],[4.782431310699684,51.994759741162426],[4.782479405903557,51.99475639294593],[4.782526020903349,51.99475483477922],[4.782595919164192,51.99475429504445],[4.782692012612907,51.994754788656856],[4.782785194141261,51.99475526723639],[4.782891455103775,51.9947576105761],[4.782951161634982,51.99475701829842],[4.78309383375735,51.99475864955412],[4.783197231239418,51.99475738257076],[4.78329332470338,51.99475787569211],[4.783353007027908,51.99475908076064],[4.783389418169778,51.99475836873501],[4.783422905287426,51.994758540534534],[4.783456440802199,51.99475511722429],[4.783495848551294,51.994748128678026],[4.78354553269779,51.99473490096815],[4.783592377472888,51.9947162656522],[4.783637826727127,51.9946931289753],[4.783671591979314,51.99467262887658],[4.783703973807623,51.99464672865146],[4.783727523105269,51.99462797382524],[4.78374956805322,51.99461280662948],[4.783781877237489,51.99459229903339],[4.783817098303529,51.99457180635723],[4.783850815017457,51.99455490130704],[4.783878683706318,51.99453976394277],[4.783912448732886,51.99451926377408],[4.783927153348959,51.994508553103906],[4.783940486630598,51.994491543542736],[4.783948068627474,51.99446911147778],[4.783955686883987,51.994443983086704],[4.783960344874499,51.99442243487049],[4.783963389754386,51.99441256326879],[4.783965135838216,51.99439100012696],[4.783964030466548,51.9943649281839],[4.78396003737777,51.99433704376502],[4.783954552079525,51.99431184820874],[4.783944831929845,51.99427674373646],[4.783933559134614,51.994248822001836],[4.78391522424867,51.99420468499651],[4.783888165835035,51.99415960443193],[4.783859675716616,51.994112718846544],[4.783822522571932,51.99406039581698],[4.783798206923915,51.99402791301274],[4.783768224768243,51.99398371626557],[4.783736653710088,51.99394939857259],[4.783722312040395,51.99393314596367],[4.783676230093043,51.993895158496684],[4.783601380358935,51.99383095719221],[4.783522187245688,51.993764935885366],[4.78341273448597,51.99367538951585],[4.783296123565492,51.993576817937985],[4.783211192391327,51.99350447511082],[4.783178081445957,51.993476441221254],[4.783146523300659,51.99344122459342],[4.783109214168364,51.99340058541335],[4.783080543750538,51.99336718126427],[4.783063423845106,51.99334102710006],[4.783050635383152,51.99331759168058],[4.783034971427919,51.99329144498593],[4.783018057404782,51.99325001163636],[4.783008410861243,51.99320951443147],[4.7830016640471,51.99316993094984],[4.78299631261412,51.99313484881823],[4.78299645790838,51.99312406351555],[4.782992659255464,51.99308179865627],[4.782996079599067,51.99304406504567],[4.783001076918617,51.992997351156845],[4.783010369291033,51.9929560523421],[4.783022488698761,51.99292105990151],[4.783041936018701,51.99288250972851],[4.783070142914028,51.99284220684342],[4.783096845437585,51.99280549157914],[4.783148564468792,51.99274913028952],[4.783204663156876,51.992691892617074],[4.783296114582051,51.992604275860536],[4.783392018013925,51.99251039001264],[4.783499568128623,51.99241656383144],[4.783574713400519,51.9923504353105],[4.783677774168307,51.99226557431509],[4.783729237895152,51.99222808704782],[4.78378362538434,51.99218971591179],[4.783842344139997,51.99215406346879],[4.78389076286397,51.992126447731934],[4.783927425725683,51.9921068612512],[4.783953824900421,51.99209261517385],[4.784013842135587,51.992068654188415],[4.784072403433013,51.99204468571098],[4.784141131609193,51.992022566977916],[4.784225886395407,51.99199963148201],[4.784312072804477,51.991978500934145],[4.784401098398622,51.99196277789054],[4.784449262927784,51.9919540362092],[4.784620034512207,51.99192255257481],[4.784691553235899,51.99190943618388],[4.784767439524919,51.99189634210717],[4.784903185351358,51.99187097062363],[4.785033083421955,51.991847366737616],[4.785265181514985,51.99180271338324],[4.785411154012366,51.991774697109605],[4.785552734622811,51.991748455877584],[4.785643275464137,51.991728245456265],[4.785723625182422,51.991707982880484],[4.785837604269651,51.99167710604903],[4.785945759755727,51.99164619935501],[4.78604377225692,51.9916116454011],[4.786157871319256,51.99157178049982],[4.786203207672791,51.991556731797075],[4.786349479789568,51.99150624495949],[4.786466514099013,51.99146459707157],[4.786523533189656,51.991446911368634],[4.786602498363711,51.99142124810408],[4.786681427347382,51.991398281114144],[4.786763207796708,51.99137982280653],[4.786852279469278,51.991360502799836],[4.78690629034214,51.991349992265],[4.787011328149538,51.991334348927246],[4.787128000665673,51.99131966365873],[4.787302907119833,51.991305275135055],[4.787438409369423,51.991297876240246],[4.787508326227592,51.99129553602635],[4.787645200166476,51.99129443574442],[4.78777768252631,51.99129511060964],[4.787847551323372,51.99129636529855],[4.787963983317343,51.9912996547227],[4.788137205501123,51.99130233429171],[4.78832496221154,51.99130688524408],[4.788522885924155,51.99131328529215],[4.788643685567355,51.99131659626193],[4.788793554287926,51.991323650270445],[4.789017611552993,51.99133557538987],[4.789208184339649,51.99134732994312],[4.789391489943722,51.99135814843514],[4.789673709823294,51.991375760761755],[4.789874497870842,51.991385768425836],[4.790054880123356,51.99139746988239],[4.790095608139216,51.991400373043625],[4.790145059321367,51.991404219283424],[4.790194462660171,51.99141166060807],[4.790236634590554,51.99141546988228],[4.790270023554086,51.99142282994068],[4.790432672717841,51.99145421528484],[4.790589462817143,51.991488267211864],[4.790791253296566,51.9915324341981],[4.791004655214057,51.991579356171535],[4.791154166882003,51.9916133704697],[4.791271757279557,51.99163913340821],[4.791354550380611,51.99165393401118],[4.791456257818458,51.99166972914114],[4.791603037426608,51.99169024648165],[4.791694625583026,51.99170059717019],[4.791751356557407,51.99170447956934],[4.791822681977258,51.991705739264866],[4.791914449145851,51.99170260813355],[4.79200479621813,51.991696773237805],[4.792086443859175,51.991688197771154],[4.792171062813608,51.99167514308655],[4.792239667225928,51.99166200738111],[4.792312663027189,51.991647096159866],[4.792378427146864,51.991628552994925],[4.792491029033417,51.99159137091523],[4.792596399095186,51.99155055684233],[4.792690074448142,51.9915132789459],[4.792799942735141,51.99146260020904],[4.792905407482968,51.99141459564369],[4.793002089256944,51.99137014198672],[4.793031384922437,51.9913568073441],[4.793106097719088,51.99132212988952],[4.793173483532136,51.99129101075204],[4.793248208011148,51.99125543442974],[4.793302395779319,51.99123143930349],[4.79333894670939,51.991219938871794],[4.793384197014952,51.99121117883504],[4.79344543783915,51.991204297132256],[4.793494996168904,51.99120005297246],[4.793564948258825,51.99119501282802],[4.793623182184301,51.99119530656035],[4.793663886465823,51.99120000604028],[4.793717657715311,51.99120746791362],[4.793761226149665,51.99121577715101],[4.79376703765373,51.99121670529273],[4.793807646845988,51.99122859493823],[4.79385979585204,51.991248632282726],[4.793924940566656,51.991276824650015],[4.793969739100106,51.99130221791098],[4.794046269296296,51.99135024201214],[4.794124231742824,51.991400070954036],[4.794222279297586,51.99147247196692],[4.79429860808185,51.991535775111394],[4.794366285068964,51.991592742765235],[4.794412314338217,51.99163521995287],[4.794446874950292,51.99166415680664],[4.794517499679356,51.99171844270777],[4.794555007782992,51.9917446978626],[4.794592551555394,51.99176825667461],[4.794634415473951,51.99179543257385],[4.794679214927189,51.99182082556419],[4.794708154211132,51.99183445381304],[4.794744337244768,51.99185081503141],[4.794784911657715,51.99186540067067],[4.794831321449837,51.991879116831214],[4.794854532291437,51.991885525516146],[4.794866131779974,51.99188917924538],[4.794903889474587,51.99189655997265],[4.794742872608358,51.99207192148718],[4.794753075618142,51.992071074013744],[4.794763207397732,51.99207561920102],[4.794767539413999,51.992078337518386],[4.794768983419537,51.992079243624104],[4.79477180020199,51.992086448497105],[4.794773137364891,51.99209544359511],[4.794774510142586,51.99210174236233],[4.794731933517752,51.99212849312865],[4.794347268478216,51.99248069764995],[4.794256444846121,51.9925224854139],[4.794157687964371,51.99261366914833],[4.794029432365624,51.992733466897626],[4.793941020413282,51.992813017714056],[4.7938290996626,51.99290862899773],[4.793681784710681,51.9930382174758],[4.79352864525782,51.99316777638892],[4.793344597462366,51.99332234657069],[4.793194415520171,51.99344832462724],[4.792971927843075,51.99364674320124],[4.792733291878801,51.99385496699254],[4.792575731411249,51.993988097684706],[4.792322389278558,51.994207032381404],[4.792089726158623,51.99440360018609],[4.792017478023312,51.99447154641781],[4.791908544446697,51.99456087913109],[4.791705331089259,51.99473242770961],[4.791418135001703,51.99497815426378],[4.791166273425,51.99519439746441],[4.790902606189067,51.9954222651891],[4.79071999606129,51.99557683856306],[4.790541848317862,51.99572424358503],[4.790351860025869,51.99588596967717],[4.790163290471451,51.996050399169974],[4.789886329421315,51.99629167973471],[4.789681572600662,51.99646861001522],[4.789429694261679,51.99668484942566],[4.789310330275869,51.99679120465837],[4.789124689128809,51.996953849695174],[4.789075944736381,51.997005734502565],[4.789043528332059,51.99703433252581],[4.788971331279892,51.99709778296973],[4.788956603035025,51.997110291817805],[4.788890385786963,51.99716208773342],[4.788590126225816,51.997402347979886],[4.788301427873573,51.99764895814755],[4.787921429425652,51.99797150386727],[4.787676958698846,51.99817699121838],[4.787353015833447,51.99844499160856],[4.78714245089251,51.99861919137512],[4.787114352243459,51.99865140622705],[4.787083257178983,51.99868989764885],[4.786885867090588,51.99885877111402],[4.786660484610247,51.99905177000788],[4.786256803311167,51.99940115462053],[4.785870806152128,51.999734449148214],[4.785508427019265,52.00004359457213],[4.785190463246502,52.00029813705028],[4.784831216562288,52.00059021852828],[4.784763509097734,52.00064380217633],[4.784723770309603,52.000675058043825],[4.784625133058162,52.00075454954184],[4.784530876014063,52.00083316454914],[4.78433517678244,52.000983166846524],[4.784169718009726,52.000941871631],[4.784156660895552,52.00093820938925],[4.784139247384081,52.00093362598942],[4.784102964209807,52.000924451720884],[4.783498616611329,52.00081618970105],[4.783162655683499,52.000783905626264],[4.782672354811867,52.0007499291541],[4.782197696472337,52.00074389497129],[4.782188959537783,52.0007438500622],[4.781531444254289,52.00079889284905],[4.781532839712196,52.00080339421216],[4.781382600486538,52.00082149658871],[4.781378365585265,52.00081158759007],[4.78106923492643,52.00084145534646],[4.780846138812406,52.00086277717237],[4.780701772379844,52.000877313589115],[4.780704380785966,52.000899797943006],[4.780584890514376,52.000905474030354],[4.780565972585202,52.00090447769305],[4.780415890745625,52.00091089477372],[4.780412020921942,52.000874022525196],[4.780371224126998,52.00087560987264],[4.78036539948844,52.000875579842884],[4.780361359421628,52.00085129042646],[4.779966387426022,52.000875319665575],[4.779626809992551,52.00089513935397],[4.779286019801828,52.000896975067164],[4.779180817343891,52.00060071440525],[4.77917498055499,52.000601583090344],[4.779167687615361,52.00060244425289],[4.779141415967506,52.00060680271746],[4.779100546241046,52.00061378226705],[4.77899988897396,52.000626744734696],[4.778736657213465,52.00092289918821],[4.778716270962057,52.000922793799575],[4.778707424227909,52.000930837594474],[4.778695713955236,52.00093527123802],[4.778624337660017,52.00093669988472],[4.778590772757999,52.00094191935398],[4.778570301102981,52.00094810535522],[4.778542316835058,52.00097133040121],[4.778594750878869,52.00097070269735],[4.7783784740374,52.00113317246931],[4.778350819057471,52.001132130583095],[4.778338071350919,52.001212959941256],[4.778574760575484,52.00137058163985],[4.778577648527438,52.00137239424624],[4.778618128673507,52.0013941756337],[4.778697645103131,52.0014368320651],[4.778728005296395,52.001453168076026],[4.77875980949464,52.00147041038002],[4.778823344797728,52.0015102876036],[4.778826232768736,52.00151210020385],[4.778820395854299,52.001512968871054],[4.778796682344007,52.00154340674338],[4.778795189577874,52.00154609553709],[4.778783345004698,52.00156041569774],[4.77876113640956,52.00158726599554],[4.778719655900796,52.001639184086876],[4.778688551554662,52.00167767325867],[4.778678175295761,52.00169110216307],[4.778651512626829,52.00172422126877],[4.778596669985997,52.001794945799375],[4.778587786459762,52.00180568590441],[4.778577397941414,52.00182001357304],[4.778525528453285,52.00188625926103],[4.778494423768372,52.001924748379615],[4.778464775224498,52.00196324502073],[4.778438112235409,52.001996364076206],[4.778409968604264,52.00203127314062],[4.778395162571941,52.00204917329093],[4.778355308266136,52.00208851595305],[4.778340563214829,52.002101922229215],[4.778330247775946,52.002110857234705],[4.778315527119523,52.00212246596087],[4.778284592966852,52.00214837219451],[4.778263656893069,52.00218871152935],[4.778156414138105,52.00225736708177],[4.778119557309894,52.002290433318436],[4.778058005972946,52.0023188775654],[4.778083912441695,52.00234148254597],[4.778059205767277,52.0023377593417],[4.778048597170682,52.00236826488218],[4.778038110664872,52.00238978268821],[4.777984063020974,52.0025090482191],[4.777972108026221,52.002531457254996],[4.777951159278789,52.00257269530454],[4.777873457487462,52.002717904604324],[4.777855555359556,52.002749271206326],[4.777809252092811,52.00283442095881],[4.777742622576317,52.00291497126686],[4.777422631936305,52.002885450054805],[4.777248166237054,52.00286387286334],[4.777015610800583,52.00283030941595],[4.776838294244591,52.00280422265353],[4.77640370434763,52.002741746238655],[4.776127561627964,52.002700764147356],[4.776029039451535,52.00277036188149],[4.776017401940838,52.002769402618064],[4.775927112516713,52.00298285687283]]]]}},{"type":"Feature","properties":{"gezicht_uri":"https://linkeddata.cultureelerfgoed.nl/cho-kennis/id/gezicht/10134648","gezichtsnummer":"226","naam":"Rotterdam - Heemraadssingel-Mathenesserlaan"},"geometry":{"type":"MultiPolygon","coordinates":[[[[4.470361809742292,51.91612340484984],[4.470264858476871,51.91610197438862],[4.470179497242912,51.916082432026755],[4.470173445559164,51.91609407018666],[4.47014161906638,51.91608663085932],[4.469810293147271,51.91601123628667],[4.469412867980393,51.91589847074647],[4.469284109815478,51.915868701212965],[4.469158240101645,51.91583985297438],[4.469035258825546,51.91581192604006],[4.468907936115476,51.915783066180545],[4.468800886530172,51.915757960101004],[4.468695272013626,51.91573376401368],[4.468580974464378,51.91570770221404],[4.468466677048295,51.91568164030347],[4.468362516204864,51.9156574552781],[4.468249653980755,51.9156323032504],[4.468144040058976,51.915608106668664],[4.468026854911986,51.91558112287052],[4.467425000115825,51.91544338083039],[4.467163184599578,51.91509706226402],[4.46716180489165,51.915093455961035],[4.467141403648143,51.91502498170911],[4.467118224668575,51.914950193577745],[4.467108419594716,51.91493213930559],[4.466860293253414,51.91498233135363],[4.466783178114658,51.91484419948527],[4.466780326755704,51.91484148052816],[4.466718902266094,51.91485987586249],[4.466169133515794,51.9150182653456],[4.466161811812624,51.915020904595515],[4.46620202361103,51.915115601664205],[4.466217659953379,51.915132802832396],[4.465915960206821,51.91524369662561],[4.465746069480843,51.91530618495876],[4.465724085728374,51.91531500135853],[4.465684551804432,51.915329073405154],[4.465621580764075,51.91535195042355],[4.465621543909324,51.91535374788605],[4.465545382509339,51.915381914689604],[4.46539160611943,51.91543823674914],[4.465167775678543,51.91550839106614],[4.465116888259842,51.915579901904145],[4.464819111291178,51.91549936313476],[4.464703473978587,51.915467893777844],[4.464605165787694,51.91544195359312],[4.46454380922301,51.91552776402021],[4.464542319018173,51.915529550073266],[4.464342851417664,51.91547495033659],[4.464390741080638,51.915407910668776],[4.464399719223246,51.9153953968995],[4.46436642243552,51.91538884333112],[4.464336032261487,51.9153823125764],[4.464231800536131,51.91536171881973],[4.464131928808526,51.91534115921294],[4.464020467692593,51.91531871073692],[4.463921754075944,51.91531254206212],[4.463901426343768,51.915311483496666],[4.463855007820166,51.91537763565099],[4.46380153108004,51.91536283349864],[4.463704676944225,51.91533690398012],[4.463656330235186,51.915355400480884],[4.463559328451078,51.915336660689626],[4.46348761221615,51.91543137792194],[4.463480382640276,51.915429523350056],[4.463379187113162,51.91540266056645],[4.463366476842361,51.91538458313988],[4.462756526839763,51.91542922530196],[4.462735940291851,51.91544074876405],[4.462538106156769,51.91544818124683],[4.462446455583414,51.91545195453792],[4.462478750024969,51.91536591652844],[4.462492661780073,51.91532557656035],[4.462508026808206,51.91528524802441],[4.462515700067133,51.91526553312093],[4.46241238650019,51.91527101237497],[4.46235565241151,51.91527326257674],[4.462307638104352,51.91527558137095],[4.462275628563565,51.915277127222865],[4.462199983091896,51.91528012739774],[4.462194169900092,51.915280081645925],[4.462191244808262,51.915280957500485],[4.462179618424478,51.91528086599568],[4.46211123943071,51.915283923304024],[4.462082154971848,51.915284593250654],[4.462032687341057,51.915286900493065],[4.461974499916285,51.915289139070765],[4.461979081812951,51.91527838862659],[4.461876008683079,51.91527218391216],[4.461767177906041,51.91526323714304],[4.46175183072608,51.915302666850174],[4.461718497387047,51.91529790999346],[4.461630290360003,51.915275642353066],[4.461620135784047,51.91527466350745],[4.461530308972707,51.91526047292103],[4.461528855675613,51.91526046147481],[4.461434669032082,51.91524623647667],[4.46141730351848,51.915242504185194],[4.461339121717246,51.91522750630263],[4.46130010489119,51.91521641242036],[4.461246573647072,51.915204305298644],[4.461188719579477,51.91519036634069],[4.461149665789634,51.91518106986928],[4.461093265076194,51.91516714231529],[4.461045547121091,51.91515508090845],[4.461036864397855,51.91515321473433],[4.460996357378831,51.91514390675981],[4.460955850376664,51.915134598771346],[4.460871948360712,51.91511506111363],[4.460867607006508,51.915114128020264],[4.460866153714367,51.915114116565896],[4.46079233219735,51.91509915268342],[4.460772041687223,51.91509629611637],[4.460682196977922,51.91508300361313],[4.460569192313737,51.91506503406319],[4.460470665048328,51.91504987518921],[4.460360530067033,51.91503372581793],[4.460262002941681,51.91501856676929],[4.460148998609921,51.91500059681591],[4.460077991406044,51.91499014906281],[4.460057682452831,51.91498819110285],[4.459979334692926,51.91498128088866],[4.459937282058543,51.91497645473509],[4.459774773494561,51.914962588222785],[4.45936769235674,51.914826341520666],[4.459345633385484,51.91483875164542],[4.459163750376016,51.91484810211713],[4.459077895334393,51.914852817415166],[4.459002231817182,51.914856714262974],[4.458942610085491,51.91485804113311],[4.458871343522458,51.91486017487109],[4.458797151822733,51.914863184335864],[4.45872443196181,51.91486530650473],[4.458654618661159,51.91486745159211],[4.458580445503686,51.91486956219011],[4.458507725623055,51.914871684224835],[4.458430627314247,51.914874670490974],[4.458355000851599,51.91487676946211],[4.458347734433461,51.914876712034705],[4.45811366289461,51.91487935628101],[4.457945081998972,51.91487802350334],[4.457863698122445,51.91487738000687],[4.457827366035577,51.91487709271347],[4.457692173505762,51.91487782134277],[4.457541013443676,51.91487752463741],[4.457391343851532,51.91487544177577],[4.457328852671927,51.91487494737302],[4.457331926574358,51.914866881802716],[4.457315754529699,51.91487574261874],[4.457215496582735,51.91487405046455],[4.457121070373261,51.91487150549818],[4.457119598493085,51.91487239272706],[4.45698444317075,51.914871323083055],[4.456980083321766,51.914871288575796],[4.45682899770391,51.91486739603657],[4.456715716067603,51.914862903728086],[4.456618439168785,51.914857639158065],[4.456560382305444,51.9148535839495],[4.45651683966493,51.91485054252427],[4.456482016722755,51.914847570134825],[4.456478257512094,51.91502911347886],[4.456476824536439,51.91509831564343],[4.456475279894645,51.915172910183735],[4.456472226121115,51.91525018940267],[4.456472114459418,51.91525558177899],[4.456385047030132,51.915248600116136],[4.456384918302542,51.915325003621895],[4.456385105979455,51.915386128727874],[4.456385126147187,51.91545534239754],[4.45638505325345,51.91552904971317],[4.456252508789462,51.91575271910068],[4.456249473202236,51.91582909957753],[4.456245542742667,51.915878506664065],[4.45624360543232,51.91590186211326],[4.456243549586702,51.91590455830106],[4.456239265422405,51.91597104124265],[4.456237663181207,51.91597821956496],[4.456235502477083,51.91601235976465],[4.456235483861658,51.916013258493905],[4.45623362100174,51.916033019025505],[4.456233174230087,51.91605458852726],[4.456231032134074,51.91608782999727],[4.456229355424904,51.9160986032363],[4.456227045782817,51.91613993326908],[4.456226915473144,51.91614622437368],[4.456223264195379,51.9161821505189],[4.456222910495729,51.91619922637414],[4.456220898695412,51.916226176738725],[4.456218812429022,51.91625672202006],[4.456217079862566,51.91627019144627],[4.456214788815374,51.916310622748604],[4.456214770199374,51.91631152147781],[4.456210969968847,51.916354637455434],[4.456210672111103,51.91636901712257],[4.456208641679034,51.91639686621558],[4.456206611244339,51.91642471530835],[4.456204841434892,51.91643998219242],[4.456204822818621,51.91644088092163],[4.456202494518052,51.91648310968114],[4.45619871287664,51.916525326928095],[4.456198452246403,51.91653790913656],[4.456196365948943,51.91656845441612],[4.456194335498219,51.916596303508065],[4.456192565677477,51.916611570391574],[4.456190255972214,51.91665290042064],[4.456190237355535,51.916653799149785],[4.456186437070452,51.916696915124504],[4.4561861392019,51.91671129479094],[4.456184108737824,51.91673914388212],[4.456182059654219,51.91676789170231],[4.456180327056074,51.916781361126965],[4.456177980095815,51.916824488613095],[4.456177961478798,51.91682538734224],[4.456174179783505,51.91686760458635],[4.456175279405995,51.91688469195236],[4.456171851429502,51.916909833342736],[4.456169578922631,51.91694936591141],[4.456168032486295,51.916953848044386],[4.456165722738889,51.91699517807097],[4.456163971509262,51.91700954622406],[4.456161922399351,51.91703829404282],[4.456161401110346,51.91706345845774],[4.456159594023974,51.91708052279789],[4.45615732149674,51.917120055365416],[4.456155775053202,51.91712453749811],[4.456153446667067,51.91716676625255],[4.456153279107808,51.91717485481435],[4.456149646300202,51.917209882222934],[4.456149162237351,51.917233249179006],[4.456145436331997,51.917272770232536],[4.456077165633957,51.91727043164623],[4.456047670171764,51.91729087213509],[4.456048527697212,51.91731964297883],[4.456045789560114,51.9173816437687],[4.456038545337939,51.91766113698038],[4.456192007119773,51.91769111672383],[4.456157276266724,51.91775376296538],[4.456158711024753,51.91775467320722],[4.456203579509922,51.91776401738617],[4.45618848722771,51.91779086413331],[4.45620160485616,51.917789170286575],[4.456271740626089,51.9178418606511],[4.456301796204212,51.917864570613],[4.456320057237498,51.91789527704244],[4.456371839140467,51.91792175456298],[4.456409217572428,51.91794182586103],[4.456422186334933,51.91794732182218],[4.456452595690228,51.91795295589356],[4.456425448333817,51.918000381364564],[4.456442442245113,51.91802208897481],[4.456460833722136,51.91804650427881],[4.456490535914999,51.91808629004415],[4.456524523881415,51.91812970524313],[4.456528753771109,51.91813603087138],[4.4565585119133,51.9181731204322],[4.456592481401176,51.91821743434042],[4.456593878963897,51.918220142035025],[4.456642494099099,51.918259178628176],[4.456645363667089,51.91826099909996],[4.456696848463815,51.91830185614241],[4.456701152823277,51.91830458684814],[4.456749786749244,51.91834272466786],[4.45675263772057,51.918345443866144],[4.456802706525516,51.918384491898514],[4.456811259458055,51.9183926494893],[4.456851322019572,51.918423528405306],[4.456871353320962,51.91843896785818],[4.456902807189408,51.91846438535751],[4.45692855911085,51.91848436446061],[4.456952876257124,51.91850343332596],[4.456988634615368,51.918531581498634],[4.457002926810331,51.91854338000214],[4.457047275443682,51.91857788827501],[4.457070753091228,51.918567287553685],[4.457072187893702,51.91856819778438],[4.457120803820301,51.918607234179774],[4.457125108234762,51.91860996486996],[4.457169438429454,51.9186453718259],[4.457176593866819,51.91865082170232],[4.457222358951613,51.918687138867696],[4.457229495805041,51.918693487470044],[4.45727097513709,51.91872617520097],[4.457288155688402,51.91873889539715],[4.457323895848601,51.918767942197064],[4.457341057836025,51.91878156111465],[4.457368226355462,51.91880334907803],[4.457393978677779,51.918823328079206],[4.457419731022974,51.918843307074724],[4.457448315844694,51.91886690397518],[4.457469782369103,51.9188832535522],[4.457495516190491,51.918904131260284],[4.457524119681843,51.9189268294131],[4.45755702767553,51.9189522582334],[4.457572754978538,51.918964966892396],[4.457607060675215,51.91899310338156],[4.457624222834283,51.91900672225785],[4.457668572401277,51.91904123029634],[4.457717189356699,51.91908026644501],[4.457818728030036,51.91916106934687],[4.457751182906574,51.91919379365711],[4.45768805372139,51.9192238562228],[4.457623433848044,51.919255704717756],[4.45749128697277,51.9193193786071],[4.457150651128393,51.91948297581474],[4.457075763467282,51.919519237145394],[4.456980341578236,51.91956432468023],[4.456879031335138,51.91961296103658],[4.456815900978773,51.919643023129275],[4.456830923512361,51.91975999594567],[4.456837111602993,51.919812179745584],[4.456838434807768,51.91981848235253],[4.456845927516944,51.91987786748736],[4.456853438850617,51.91993635389243],[4.456862385046978,51.919995750529814],[4.456869915025742,51.9200533382041],[4.456877445023341,51.920110925877516],[4.456884956435097,51.920169412278966],[4.456892467865927,51.92022789867945],[4.456900016524726,51.92028458762135],[4.456899867689128,51.92029177745228],[4.456914946460237,51.92040605406221],[4.45709786208664,51.92048840048266],[4.457113626994896,51.92049931174371],[4.457192265663495,51.920562855306066],[4.457389627232977,51.92071992227283],[4.457405410887781,51.920729934765816],[4.457484109368236,51.92086089429848],[4.457573853110198,51.92087958163572],[4.457656385305455,51.92089551524524],[4.457557856258568,51.921090690965634],[4.457538142909038,51.9211300855905],[4.457509054604576,51.92113075439545],[4.457452331478821,51.9211321034809],[4.457410143206446,51.92113356751583],[4.457366520041295,51.92113412130863],[4.457316971353088,51.92114002146343],[4.457276180762894,51.921144193135504],[4.457233918080893,51.92114925202251],[4.457180008900068,51.92115511762005],[4.457146485715789,51.92115934674908],[4.457085290477565,51.92116605352739],[4.457070830017554,51.9211623435951],[4.457060562603648,51.92116675672606],[4.457036243977328,51.92114768788626],[4.45695842786333,51.92118482485136],[4.456982597650186,51.92121108353731],[4.456972311612991,51.92121639538921],[4.456961523272821,51.92124597291677],[4.456962976761972,51.92124598441988],[4.456936834920519,51.92131499097771],[4.45682153186582,51.921547786126496],[4.456750986510979,51.92172520515799],[4.456718750900247,51.92180764656773],[4.456712994702479,51.921875016696674],[4.456706214979638,51.92199181689873],[4.456697963093192,51.92210950432064],[4.456626016800842,51.922214103232484],[4.45658858070067,51.922266840527506],[4.456569107937837,51.92229455150911],[4.456528671589155,51.92235175941056],[4.456124872131775,51.922405190732846],[4.455728711480479,51.9223705913598],[4.454772050742791,51.92230457944187],[4.454642873736093,51.92229456589119],[4.453763402166353,51.922221967110715],[4.453598541150194,51.92218020835924],[4.45360176560114,51.922164953073654],[4.453614626040418,51.92210572938607],[4.453629164009056,51.92203573250528],[4.453646963692304,51.92194868287861],[4.453663085757083,51.921872406440144],[4.45367428715531,51.92182305720738],[4.453685544537224,51.92177101178911],[4.453687334093349,51.92175484622849],[4.453499389877861,51.92163470175693],[4.453505521322281,51.92161946956487],[4.453511559397857,51.921608731012405],[4.453555372703066,51.92152907904115],[4.453643110866135,51.92136438267766],[4.453730773709297,51.921203281155776],[4.453745924621037,51.921173738558615],[4.453770095101644,51.92112988556563],[4.453789737082303,51.92109408649331],[4.453944410473479,51.92085621356948],[4.453999180415568,51.920738895619344],[4.454063174734619,51.92059738121278],[4.453996576521793,51.92058426820694],[4.453953121827872,51.92057673217995],[4.453951966978408,51.92056234098812],[4.453952134950396,51.92055425243415],[4.453951614662502,51.92050930448265],[4.453949435613392,51.920474231001116],[4.453949678239608,51.9204625475341],[4.453948059100878,51.92040051220518],[4.453948115091517,51.92039781602045],[4.45394649595671,51.920335780690976],[4.453945303787956,51.920323186955166],[4.453943404705568,51.92027463254886],[4.453943983275917,51.92024677197294],[4.45394297774566,51.92022519095438],[4.453941153323514,51.920173041634335],[4.453941227977762,51.92016944672129],[4.453939366232364,51.9201190948574],[4.45393845402467,51.92009302019705],[4.453937114865008,51.92001750394074],[4.453934620880161,51.919927596490474],[4.453949155335155,51.91992771189446],[4.453946325391041,51.91985398155284],[4.453943514118751,51.919779352482145],[4.453928979711762,51.91977923707758],[4.453926672389294,51.919680342341145],[4.453925071967252,51.91961740827717],[4.453925165285159,51.919612914635536],[4.453942606508988,51.91961305312124],[4.45393972060242,51.919542018961394],[4.453922260742573,51.91954277920373],[4.453920063094842,51.91950860444558],[4.453918126741305,51.9194618474904],[4.453918369368528,51.91945016402186],[4.453916265046088,51.919411495621496],[4.453916806291517,51.91938543249923],[4.453915894109112,51.91935935783618],[4.453913976428999,51.91931170215165],[4.453913586831148,51.919260463094034],[4.453912506680038,51.91924247698593],[4.453911669157039,51.91921280740886],[4.453910943616803,51.919177745461404],[4.453911223571121,51.91916426453571],[4.453909305902978,51.91911660884989],[4.453909511202825,51.919106722837654],[4.453908878983516,51.91906716724772],[4.45390791082016,51.91904378876873],[4.453907017312213,51.91901681537605],[4.453906291777802,51.918981753427666],[4.453906441086692,51.91897456360046],[4.45390519297198,51.91896466604721],[4.453904728730208,51.91891702190086],[4.453903704580894,51.91889633960662],[4.45390432047988,51.91886668156895],[4.453903613612842,51.91883072089141],[4.453902477484166,51.91881543096747],[4.453901994582231,51.91876868554861],[4.453902069236563,51.91876509063485],[4.453900599518488,51.91869586546399],[4.453900804817743,51.91868597945117],[4.453899129804265,51.91862664029245],[4.453899260449201,51.91862034919333],[4.453897660093896,51.91855741512026],[4.453897921383611,51.9185448329219],[4.453896377022825,51.918479202662795],[4.453895782147466,51.918437849612594],[4.453895187272964,51.91839649656217],[4.453892506806174,51.91831557637671],[4.453892562796758,51.91831288019125],[4.453891130430737,51.918241857559146],[4.453890759523978,51.91818971976568],[4.4538896234145,51.91817442984034],[4.453889140528599,51.91812768441743],[4.453889607115692,51.91810521620486],[4.453888788287724,51.91807464789468],[4.453888174758882,51.91803419357073],[4.453886406463592,51.91797934804932],[4.453886854386595,51.91795777856482],[4.453885478027668,51.917884059743685],[4.453703773579847,51.917744189710234],[4.453447353926031,51.917562377500275],[4.453245603856808,51.917407965452824],[4.453255889457856,51.91740265392332],[4.453310205477512,51.917377018086725],[4.453317378918886,51.917381569468965],[4.45338054576363,51.9173497117875],[4.453439315092005,51.91731961688961],[4.453459344727741,51.9173350569223],[4.453462344808717,51.917330586372046],[4.453502724483317,51.917276075671055],[4.453526725048081,51.917240311257444],[4.453552160262056,51.91720545711221],[4.453723032234774,51.91695692657702],[4.453805318180892,51.91684432160014],[4.453836734306014,51.916801424999825],[4.453877131710733,51.91674601543541],[4.453861331575429,51.91673690119717],[4.453806701829846,51.91670770330354],[4.453749184140095,51.91667758357087],[4.453739122752104,51.916672110400846],[4.453687362509692,51.91664473299445],[4.45362697563997,51.9166127926582],[4.453619783621284,51.916609140023255],[4.453562284852317,51.91657812147071],[4.453550751503102,51.91657353546833],[4.453560087609072,51.916543946693245],[4.453581685120593,51.91648389350101],[4.453603263905618,51.9164247390328],[4.453626407970317,51.91636020373211],[4.453649514633397,51.91629746588346],[4.453671093238142,51.91623831140089],[4.453692690451978,51.916178258185056],[4.45363953348387,51.91614817302793],[4.453616541663536,51.91613540612243],[4.453560011429089,51.916127766058295],[4.453467241513178,51.916115343679905],[4.453374471649002,51.91610292122837],[4.453329530720916,51.91609717088721],[4.453280248515372,51.91609048715547],[4.453295659417234,51.91604836239183],[4.453404085774171,51.91593686427197],[4.453417371009637,51.915927082176566],[4.453550129700814,51.9158337547817],[4.453701634176542,51.91567765473935],[4.453748811971012,51.91564566987167],[4.453835788854753,51.91558703474481],[4.453921293546796,51.91552928674104],[4.453841903097334,51.915502588861024],[4.453823756701831,51.915466489670344],[4.453795026629117,51.915450081717886],[4.453734659947524,51.91541724270678],[4.453734715942864,51.91541454652038],[4.453733467959887,51.91540464896096],[4.453683274470817,51.91537189072143],[4.453624491943835,51.91533277209554],[4.45361016431908,51.91532277063829],[4.453570032069007,51.915295485531814],[4.45359774081528,51.915221098842835],[4.453529585389967,51.91521336641099],[4.453565976558,51.915140846456765],[4.453613804475514,51.91514751852306],[4.453639947767279,51.91507851265105],[4.453666109644389,51.915008608043586],[4.45369227143946,51.91493870342948],[4.453707625557534,51.914899274789995],[4.453713737332771,51.91488494129975],[4.453570366424097,51.91485953279286],[4.453591589745303,51.91481745416009],[4.453612850360948,51.91477357806539],[4.453634110934828,51.91472970196655],[4.453621068773232,51.91472780061384],[4.453630199106848,51.91470809784234],[4.453586768818552,51.914699662959016],[4.453597501776726,51.914672781903505],[4.453577211924194,51.91466992409563],[4.453578758538669,51.91466544199586],[4.453545463888749,51.914658885366],[4.453542445327517,51.914664254649274],[4.45353519762048,51.914663298195514],[4.453514926445352,51.91465954164805],[4.453439654876832,51.914644561608284],[4.453477555004935,51.914569357034814],[4.453471760586621,51.914568412122925],[4.453400830328333,51.91455436542462],[4.453181573091519,51.91454363438378],[4.453116400015711,51.91453232989785],[4.453083105532571,51.91452577313733],[4.453081652262052,51.9145257615867],[4.453013610055454,51.914512636485036],[4.453009250245253,51.91451260183058],[4.452936866951682,51.914498543301185],[4.452889095871025,51.91448917477453],[4.45287849330631,51.91450976466398],[4.452867853367891,51.914532152009784],[4.452866325369246,51.91453573537146],[4.452861778736033,51.91454468799875],[4.452846610823894,51.914575129240916],[4.45283142420835,51.91460646920963],[4.452816274937612,51.914636011718784],[4.452801106963471,51.91466645295455],[4.452787392244616,51.91469690574244],[4.452772224230122,51.914727346974104],[4.452755584232716,51.91475867537768],[4.45274034143696,51.91479271151957],[4.452727299295538,51.91479081006771],[4.452647667937808,51.914775794855856],[4.452573868433348,51.9147599270893],[4.452553242216842,51.91477324622019],[4.452551788938502,51.91477323466303],[4.452530251407382,51.914760479102306],[4.452497237184479,51.91474044124631],[4.452442629438378,51.91471034399019],[4.452389493732344,51.914679359539335],[4.452336339406935,51.91464927379312],[4.452281750573185,51.914618277733794],[4.452225727237381,51.91458637135936],[4.452174026402857,51.9145562971011],[4.452116568647682,51.91452348038429],[4.45204727393923,51.91457056953775],[4.45202139553397,51.914556880465184],[4.451992648002009,51.91454137080165],[4.452002951791486,51.914535160649976],[4.452060452056936,51.91449606757411],[4.451962770455093,51.914440458790416],[4.451908182132818,51.91440946255795],[4.45185502844907,51.91437937659451],[4.451803328100895,51.914349302173456],[4.451748739999381,51.914318305867035],[4.451695586530254,51.91428821983165],[4.451640998577291,51.9142572234753],[4.451587845252583,51.91422713739126],[4.451534691999067,51.91419705128322],[4.451497337567178,51.91417607970914],[4.451478613590437,51.91416784073885],[4.451425460480238,51.914137754581496],[4.451370854184805,51.91410765682844],[4.451369419640084,51.91410674652825],[4.451317701217976,51.91407757062244],[4.45125285970699,51.91412020038479],[4.451241046509963,51.91412909508298],[4.451179148799825,51.9141699504938],[4.451111306920008,51.914217050670594],[4.450702603878425,51.914229974506206],[4.450586148314854,51.914308147717776],[4.450521268320872,51.91435257452913],[4.450456388198562,51.91439700130416],[4.450464920491944,51.91440605808473],[4.450470845934002,51.91440071204698],[4.450492326518222,51.914416164168635],[4.450445147710707,51.91444814773168],[4.450417142286063,51.91446680094004],[4.450431506387381,51.914475005328846],[4.45041086093858,51.9144892228112],[4.450368135464378,51.91451674745247],[4.450363700728307,51.9145203076127],[4.450312143175367,51.914553155096804],[4.450312124442283,51.914554053824986],[4.450296344534244,51.914544040380235],[4.45024773091613,51.91457511354955],[4.450232973388411,51.91458578243],[4.450203477047231,51.914606221457184],[4.45017252740641,51.914626648890206],[4.450156316570758,51.91463730617429],[4.45011649734792,51.914664853896376],[4.450109118554612,51.914670188328465],[4.450061939207537,51.91470217173528],[4.450060467194134,51.914703058875425],[4.450019100882917,51.914735088616546],[4.450004361987679,51.91474485873973],[4.449966052074132,51.91476972181435],[4.449948369119695,51.914781266208216],[4.449921854041516,51.91479813342994],[4.449892376160972,51.914817673649665],[4.449876165189941,51.91482833089448],[4.449834873603092,51.9148567656574],[4.449775880175776,51.91489764350111],[4.449737091451973,51.91487576105046],[4.449683901186796,51.91484747156507],[4.449635070825155,51.914819216835575],[4.449615896992928,51.91483254704182],[4.449590853787545,51.914848527053856],[4.449545202160127,51.91487692693285],[4.449534860456131,51.914884934323666],[4.449477357501949,51.914924026155155],[4.449416891627207,51.91496579095],[4.449219319613587,51.91509994484221],[4.449151493033524,51.91514614514545],[4.449126449488178,51.915162125056966],[4.449033560346679,51.91522520392504],[4.448976056520732,51.9152642955073],[4.449026340242062,51.91529256210996],[4.449076624026669,51.915320828691186],[4.449115394052805,51.91534361008655],[4.449066722477521,51.9153773789434],[4.449038734660329,51.915395133090314],[4.449016597531282,51.91541113617881],[4.448975323624962,51.915438671906976],[4.448967944569015,51.91544400626623],[4.448917819474212,51.915477763458846],[4.448911912466675,51.9154822106889],[4.448872091731814,51.91550975798255],[4.448844084992278,51.91552841081016],[4.448823438557008,51.91554262800921],[4.448774785311006,51.91557549801541],[4.448770369108556,51.91557815938671],[4.448724659924343,51.91560925512435],[4.448701069273273,51.91562524654783],[4.44866568326518,51.915649233674],[4.44862880637846,51.915675006639034],[4.448606687733241,51.91569011092129],[4.448560978321815,51.91572120659424],[4.448547710862937,51.91573008941084],[4.448491678046383,51.91576829362988],[4.448487243037977,51.91577185371807],[4.448426812643524,51.91581182053839],[4.448425340561488,51.91581270765774],[4.448367816680692,51.91585269766383],[4.448360437484583,51.91585803198431],[4.448304423123142,51.915895337385074],[4.448288211386568,51.91590599440744],[4.448245426939255,51.915936214448095],[4.448221835945893,51.91595220577378],[4.448182033147685,51.91597885410222],[4.448154007052168,51.91599840549038],[4.447956445503803,51.916131658493015],[4.447898939579368,51.91617074953839],[4.447876839227328,51.91618495495363],[4.447844396551281,51.91620716760377],[4.447919142953881,51.91624731559599],[4.447908819426221,51.91625442411329],[4.447937097096529,51.91629240295874],[4.447946507505111,51.916398545716234],[4.447469559364781,51.91668507068759],[4.447478724462577,51.916802896929774],[4.447486999986451,51.91689374972992],[4.447494993681422,51.916998083438166],[4.447371214742961,51.91700877913655],[4.447372404986895,51.91702137293993],[4.447301115693881,51.917024398378004],[4.447231279740985,51.91702743539603],[4.447154177031334,51.91703041425215],[4.447071242114203,51.91703424528446],[4.446998499431971,51.917037258913766],[4.446946122438689,51.917039536546156],[4.446935948990538,51.91703945515895],[4.446925850751056,51.91703577886199],[4.446855087906819,51.91701363966824],[4.446813222855844,51.91699982154663],[4.446804277110592,51.91701053650231],[4.446774439123666,51.91704715174326],[4.446601524546184,51.91725250991435],[4.446406676248281,51.91746398441189],[4.446332070215466,51.917555971601296],[4.446244044863448,51.91766403110895],[4.446233607846787,51.91767653183804],[4.446235023584242,51.91767834092756],[4.446286479406893,51.917720101235794],[4.44628934851943,51.91772192195949],[4.446343654745681,51.91776640169334],[4.446366513625899,51.91778546110472],[4.446397942266181,51.91781178012907],[4.446452267520343,51.91785536108569],[4.446507989824196,51.917901649830426],[4.446560861914596,51.91794521910468],[4.4466108649647,51.91798696763939],[4.446207177391122,51.91817519729184],[4.445832964539197,51.91827467276544],[4.445674416958535,51.918348908529886],[4.445645047869808,51.918363055304106],[4.445606431187589,51.918402296560004],[4.445643522758897,51.918435852171115],[4.445556849802749,51.91847920281805],[4.445255482308659,51.918362630546476],[4.445091095561398,51.918299290453426],[4.444859493014858,51.918183276335206],[4.444686406027835,51.91811896703514],[4.444494557533982,51.91804821485431],[4.444424551856788,51.918128552339724],[4.443961959782537,51.91807540258307],[4.443526718851302,51.91803505489194],[4.443773747188067,51.91720827258705],[4.44415972670745,51.91675563906793],[4.444363924612554,51.91651458026468],[4.444618796150372,51.916213702692765],[4.444657543729332,51.91616817065967],[4.444836747308319,51.915940393769624],[4.444962348875632,51.91577331059834],[4.445125544179085,51.915546303811915],[4.445281452526126,51.91532013727956],[4.445484105866964,51.91501344608081],[4.445487125413341,51.91500807700726],[4.445928607763794,51.91509610812511],[4.446097964860457,51.9151298239602],[4.446154417282792,51.915141062517776],[4.446210869733515,51.91515230104825],[4.446271663264954,51.91516447318371],[4.446331003540212,51.91517663365365],[4.446390343847754,51.915188794093666],[4.446474296068756,51.91520564589336],[4.446594430162213,51.915229978229945],[4.446757993903908,51.9152627478646],[4.446784322400124,51.91525486863515],[4.447145002969087,51.915036630135674],[4.447304507252021,51.91505498449778],[4.44734510528807,51.9150598035472],[4.447377822958877,51.91495489647625],[4.447477855181788,51.91496738175371],[4.447492820173728,51.91494682721856],[4.447497311547589,51.914940570984854],[4.44753469577375,51.91489053272807],[4.447537696278383,51.914886062328605],[4.447572079916382,51.91484049445882],[4.447582553473453,51.91482619614836],[4.447627410548614,51.91476632995019],[4.447649848434444,51.91473594748064],[4.447669285810726,51.91471003540956],[4.447687213533762,51.91468680790069],[4.447711179752725,51.914652842125676],[4.447724616120847,51.914635870853104],[4.447733598740188,51.91462335836698],[4.447715344897572,51.91459265060761],[4.447724196016822,51.91458642921564],[4.447879364987876,51.91467306286297],[4.447941228821412,51.91463400665739],[4.447948607865206,51.91462867236202],[4.448011999964721,51.914586032821965],[4.448025267189912,51.914577150064],[4.448079808085274,51.91454073190153],[4.448149088113269,51.91449454382523],[4.448370990682104,51.9143785636322],[4.448504945715511,51.91429783573062],[4.448566770953252,51.91426057664693],[4.448555276246292,51.91425419269987],[4.44856558044273,51.91424798285037],[4.448618573408002,51.914216046467146],[4.44862151745942,51.914214272222914],[4.4486671314609,51.91418767015579],[4.448637025901395,51.914167654429356],[4.44867086366805,51.91414814933861],[4.448685583890209,51.914139278110035],[4.448738576641882,51.91410734167171],[4.448768663442832,51.91412825610023],[4.448842264366696,51.914083899877006],[4.448813612052273,51.914063895798485],[4.4488254069484,51.91405590007334],[4.448873945936014,51.91402842240315],[4.448904070269514,51.91404753934131],[4.448912902356154,51.914042216586715],[4.448951174707415,51.914019151308835],[4.448985012226082,51.91399964612668],[4.448999732337656,51.9139907748583],[4.449046836655652,51.91396238678698],[4.449058593968028,51.913956188494154],[4.449095394164186,51.91393401029636],[4.449130722318332,51.913912719215524],[4.449142479606155,51.913906520914196],[4.449189583745699,51.91387813278488],[4.44920135977129,51.91387103574959],[4.449245501080104,51.91384532058455],[4.449251257807265,51.9138480631606],[4.449274922340111,51.91382847670787],[4.449369617767977,51.91374833339212],[4.449382940731132,51.91373675429431],[4.449490939931681,51.91364593050739],[4.449773111077451,51.91349717007033],[4.449881146395147,51.913404548462104],[4.44992254905415,51.91337072130461],[4.449952157145971,51.913344889973324],[4.44999208772743,51.91331194992985],[4.450044160425263,51.91332405058034],[4.450091910931778,51.9133343189888],[4.450258283160887,51.91337160056567],[4.450471327703578,51.913401164011525],[4.450572604580946,51.913423544245724],[4.450585627506277,51.91342634466424],[4.450652906967204,51.913406206636516],[4.450660004605162,51.91341435309475],[4.450741928689623,51.91338893844933],[4.450819455540587,51.913365286467936],[4.450911608227376,51.91333725656735],[4.450904547996948,51.91332731266718],[4.451005401215502,51.913300250885456],[4.451008326394372,51.91329937530931],[4.451039967298794,51.91324569469486],[4.451041514116177,51.91324121262812],[4.451074807347355,51.913247769965174],[4.451166809912574,51.91322692969122],[4.451175922296743,51.91320812583685],[4.451262741667628,51.91322679482074],[4.451291693949218,51.913232418648775],[4.451371265983166,51.91325013096056],[4.451476902662093,51.91327254513102],[4.451555040318265,51.91328934701968],[4.451741184695241,51.91328453665569],[4.451763768685679,51.91324696355686],[4.45178791808277,51.913204009647984],[4.45185057517364,51.91319641843353],[4.451940899654028,51.9131863507307],[4.451931456364701,51.913151219358674],[4.451952605603626,51.91311273592886],[4.452020607983381,51.91312765909884],[4.452030724464238,51.91313043623003],[4.452123319554844,51.91315094829011],[4.452147412469791,51.91311069049208],[4.452171486646278,51.91307133141753],[4.452178977101593,51.913060604480975],[4.45223684430278,51.91307364913626],[4.45229037055929,51.91308576035354],[4.452338121331958,51.913096027850216],[4.452433622943069,51.913116562785405],[4.452518989440276,51.913135219283696],[4.452530615243223,51.91313531174287],[4.452625168324525,51.913131569286996],[4.452628074775093,51.91313159239929],[4.452685786611764,51.91294238817208],[4.452708407008466,51.91290301742986],[4.452735555168684,51.91285559278731],[4.452725420021742,51.91285371444569],[4.452726929289698,51.912851029813865],[4.452808933908486,51.912681793983765],[4.452819058297945,51.91254434622368],[4.452890067661279,51.91241457352649],[4.452915743451268,51.912368036014186],[4.452944437661631,51.91231612922616],[4.452971603893375,51.91226780579489],[4.453001788526457,51.91221411308555],[4.453182635001358,51.912254202224],[4.453211272808879,51.91220499155629],[4.453239947899871,51.91215398342299],[4.453267095042541,51.91210655865043],[4.453268604252815,51.91210387401126],[4.453294204783441,51.91206093132941],[4.453312203226416,51.912034108028166],[4.453267341062142,51.91202476275346],[4.453260448568714,51.91200673043037],[4.45326803194848,51.91199150977623],[4.453278559044116,51.91197451475936],[4.453194666291152,51.91195497163453],[4.453199175245008,51.91194781644867],[4.453165901336432,51.91194036098483],[4.45316891975758,51.91193499170893],[4.453138552236609,51.911927559336014],[4.453141551985075,51.911923088789905],[4.45317017094976,51.911874776858774],[4.453185281697612,51.91184703174852],[4.45308834792594,51.911825587146986],[4.453004436856358,51.91180694261592],[4.453055936857568,51.91170667769271],[4.453149712912721,51.91153034416296],[4.453277950223921,51.91144417217529],[4.453344276455539,51.9113997553551],[4.453409130718486,51.911356225679725],[4.453429773776755,51.91134200765892],[4.45368979226949,51.91148879261654],[4.454046093249377,51.91168847641757],[4.454392175215411,51.91161032488667],[4.454735161243328,51.911681361424314],[4.454808975112904,51.91169632910019],[4.454856724993243,51.91170659557315],[4.454890018392385,51.91164303940087],[4.454921877160285,51.91157857296132],[4.454923404893186,51.911574989570916],[4.454941551280084,51.9115409761794],[4.454961244005258,51.91150248066445],[4.45497944624819,51.91146577107807],[4.454989991211133,51.911447877175284],[4.454999138907588,51.911427275556164],[4.455027904655869,51.911371773327424],[4.454978683284333,51.911362394127],[4.454998319985643,51.911326594793294],[4.454998357260901,51.91132479733418],[4.455011957615849,51.911299736645844],[4.45502255843786,51.91127914655089],[4.455045250490741,51.911236180424886],[4.455046778202005,51.911232597032686],[4.455072469714981,51.91118516030523],[4.455077034200279,51.91117530885685],[4.45509668937624,51.91113861077584],[4.455108836458566,51.91111353854994],[4.455120927622108,51.911091162511475],[4.455140638628957,51.91105176823366],[4.455146674878673,51.91104102957766],[4.455173893868347,51.91099000943257],[4.455178458311351,51.91098015797996],[4.455198113318256,51.910943459880606],[4.45521780555893,51.91090496431844],[4.455226878507718,51.9108879575982],[4.455248172910552,51.91084228371703],[4.455251172376411,51.910837813115755],[4.455273938512871,51.91079125202329],[4.455284539093614,51.910770661902774],[4.455296630076483,51.910748285844804],[4.455319340227353,51.91070442093184],[4.45534249743882,51.910709098940515],[4.455372752704039,51.91065181068287],[4.455404498294137,51.910592736478876],[4.455436262428795,51.91053276353593],[4.455437845969886,51.910526483948935],[4.455468082361561,51.91047009439446],[4.455498337304112,51.91041280610183],[4.455483861802977,51.91040999470742],[4.455506608852232,51.910364332295934],[4.455518718240799,51.91034105748355],[4.455529318602068,51.91032046733919],[4.455549010283104,51.91028197171698],[4.455552046933326,51.910275703647926],[4.455574756593546,51.91023183868168],[4.455580792628335,51.9102211000017],[4.455597428959126,51.91018977117032],[4.455618648152232,51.91014769213534],[4.45561141975263,51.91014583708091],[4.455615928139033,51.91013868179922],[4.455640165291549,51.910091233418804],[4.455665874142669,51.910042897821455],[4.455711311581157,51.90995426910656],[4.4557340022996,51.909911302836754],[4.45575671159611,51.90986743783238],[4.455756730217788,51.90986653910247],[4.456146018941339,51.9099469273514],[4.456202467404851,51.909958161080006],[4.456223667309144,51.90991698066282],[4.456244923010133,51.90987310405155],[4.456266141446438,51.90983102489605],[4.45628739706484,51.90978714827636],[4.456089101683693,51.90974782449487],[4.456123547161128,51.9096986591416],[4.456277019070023,51.90972684128027],[4.456423169760696,51.909757661864546],[4.456427510504921,51.90975859512128],[4.456561974974573,51.909581682292206],[4.4565677502113,51.909583525781066],[4.456632749563226,51.90960291691598],[4.456638524805601,51.90960476040132],[4.45668908610098,51.90961954279117],[4.456707846353661,51.90962598347368],[4.457383190945864,51.90964840741821],[4.457591472995158,51.90969679678272],[4.457860489159225,51.90976004810853],[4.45784087400678,51.909794949204816],[4.457668844313588,51.91010190355204],[4.457693398842399,51.910109288781946],[4.457946117343996,51.91018769190213],[4.458019762656199,51.91021074613346],[4.457953725512732,51.91031179711352],[4.457941728860928,51.91032967979828],[4.457929676464071,51.91035025867253],[4.457896667014608,51.91040033477559],[4.457868128391018,51.91044505296078],[4.457862130031363,51.9104539942987],[4.457830610733039,51.91050228441285],[4.457812559858616,51.91053180461028],[4.457809579248718,51.91053537654754],[4.457731525746523,51.91065520879512],[4.457682311838135,51.91078605562246],[4.457429988049931,51.911250576887305],[4.457486438473454,51.9112618100019],[4.457418424904582,51.91138801360617],[4.457347411648816,51.91151868782288],[4.457315630764506,51.91157956000904],[4.45732285946531,51.91158141495902],[4.457282080548676,51.91165569909731],[4.457278988268357,51.911664663400224],[4.45721855550762,51.91177564596194],[4.4571018042019,51.91193921654229],[4.457058025226699,51.91201797124566],[4.457018717263083,51.912091368057574],[4.456988518907372,51.91214596054124],[4.456968267172603,51.91214130586041],[4.456940956515448,51.912196820065795],[4.456925754966144,51.912229059312224],[4.456915136188338,51.91225054830763],[4.456886372198384,51.91230605099619],[4.456857589535986,51.912362452406875],[4.456830278606185,51.91241796658429],[4.456795403944414,51.91248780290893],[4.456738082062906,51.91265903461388],[4.456772828916224,51.912665601843294],[4.456822052092416,51.91267498029491],[4.456738534947981,51.912847802375786],[4.456721805395944,51.91288362500578],[4.456706677871524,51.912912269301096],[4.456721154255038,51.91291508054606],[4.456713553281284,51.9129312001533],[4.456696767864226,51.91296971896838],[4.456652522027864,51.91307094174809],[4.4566733921715,51.91318616324709],[4.45660617537924,51.91334383338043],[4.45672638446921,51.91336456044765],[4.456777080237866,51.91337305169487],[4.456843705802822,51.91338436565445],[4.456869789625309,51.91338816764251],[4.456945097449019,51.91340134802596],[4.456963933711617,51.913404193749415],[4.457042148062145,51.91341739707577],[4.457079802018527,51.91342398721837],[4.457139198745057,51.91343344604559],[4.457204371254962,51.91344474830066],[4.457240590615126,51.913450428162484],[4.457318805128469,51.913463631305056],[4.457336169611456,51.91346736420054],[4.457436126985219,51.91348343592134],[4.457439014871766,51.91348435764449],[4.45749695851612,51.9134938047945],[4.457541860210378,51.913501350998594],[4.457567925573309,51.91350605156175],[4.457633116883831,51.91351645484963],[4.457634551537133,51.91351736507371],[4.457702630774545,51.913528690041424],[4.457724355034723,51.913532457359814],[4.457769256806286,51.91354000347714],[4.457809817454239,51.91354661637133],[4.45783878935299,51.91355133985864],[4.457902527551829,51.91356173150562],[4.45790975659538,51.913563586419805],[4.45796770044219,51.91357303333809],[4.457986536842459,51.913575878897866],[4.458076340576742,51.91359097091543],[4.458189321951278,51.91360984158468],[4.458282013735468,51.91362585514997],[4.458366023266999,51.91364000227142],[4.458367476510642,51.91364001375661],[4.458468869317032,51.913656994815554],[4.458473210480307,51.91365792799722],[4.458557220132776,51.91367207498224],[4.458613711012354,51.91368151009964],[4.458652818668678,51.913688111221184],[4.458678884257546,51.91369281153835],[4.458689019845528,51.91369468936734],[4.458742622853933,51.913703202730375],[4.458751305201075,51.91370506907348],[4.458752758446951,51.9137050805539],[4.458807796163414,51.91371450409772],[4.458845469192907,51.91372019494545],[4.458867193642681,51.91372396205293],[4.458894712521726,51.91372867380131],[4.458932367013995,51.913735263351285],[4.458949750297236,51.91373809727876],[4.45899465248273,51.913745642928674],[4.459042461178457,51.91375321151515],[4.459048237052658,51.9137550548826],[4.459056937980425,51.91375602247302],[4.459111975823887,51.91376544587461],[4.459120676755068,51.91376641346033],[4.459143835942599,51.91377109072276],[4.459151083627398,51.91377204683062],[4.459180055814372,51.9137767699878],[4.459184397004131,51.913777703143275],[4.459242341398601,51.91378714943409],[4.45924668259067,51.91378808258728],[4.459265519163254,51.913790927942394],[4.459343697767732,51.91380592719971],[4.45935383340933,51.913807804971476],[4.459423366775524,51.913819140416905],[4.459589934091724,51.9138474215006],[4.460005459828597,51.91392620601861],[4.460283669037872,51.9139679510929],[4.460283706104614,51.913966153632266],[4.460351805230341,51.91397657833736],[4.460357599719199,51.91397752291027],[4.460434399882668,51.91398891506122],[4.460490928618328,51.91399655181698],[4.460506858846277,51.913999374055535],[4.460582205829131,51.914010754651294],[4.460585112341869,51.91401077756689],[4.460656118119621,51.914021225011474],[4.460683637370668,51.91402593634161],[4.460728558663223,51.91403258259969],[4.460779292998587,51.91403927466231],[4.460798129774925,51.914042119772155],[4.460869135652477,51.91405256708821],[4.460938688305119,51.91406300290802],[4.460982156414613,51.91406963761583],[4.461006787731769,51.914073427234186],[4.461074905707854,51.91408295279045],[4.461080700225835,51.914083897327735],[4.461145911715252,51.91409339993951],[4.461177790840685,51.91409814550665],[4.461212557977149,51.91410381269573],[4.461270521737921,51.91411235925757],[4.461282110790044,51.91411424831261],[4.461353116895794,51.914124695336646],[4.461363271206113,51.91412567420487],[4.461461796753117,51.91414083232819],[4.46147340433041,51.91414182263382],[4.461544410524878,51.91415226954251],[4.461563247397738,51.91415511452989],[4.461608150444492,51.91416265918276],[4.461679156703684,51.914173106010175],[4.461796537868952,51.91419021008847],[4.461861749666339,51.91419971230362],[4.461873338766182,51.914201601300434],[4.461945798412825,51.91421205940882],[4.46202405264953,51.914223461963374],[4.462045796110697,51.914226329753525],[4.462096512367041,51.91423391997895],[4.46211389604541,51.9142367534391],[4.462174748184935,51.91424622116401],[4.462187790574688,51.914248121568],[4.462239960144808,51.91425572316957],[4.462255909069932,51.914257646440674],[4.462305172132468,51.914265225139026],[4.462329803670013,51.914269014480475],[4.462373290678917,51.91427474994377],[4.462402263533233,51.9142794723078],[4.462439937498221,51.914285162004965],[4.46247761147282,51.91429085169007],[4.462508037614846,51.91429558546246],[4.462513850679729,51.91429563119842],[4.462551524672601,51.91430132085989],[4.462576156251004,51.91430511014978],[4.462579044296453,51.914306031746875],[4.462626872687175,51.91431270014663],[4.462644256429916,51.91431553352841],[4.462645709696826,51.914315544960765],[4.462696426156698,51.91432313492764],[4.46271092185841,51.91432504670539],[4.462768886193827,51.91433359252924],[4.462777587315353,51.914334559844576],[4.462845687586295,51.914344983106666],[4.46291524115735,51.91435541775839],[4.462997837220199,51.914367752683276],[4.463015221007944,51.91437058601026],[4.463216671132872,51.91439913622271],[4.463778730435519,51.91449164351491],[4.463970082517876,51.91451651758506],[4.463999074157519,51.91452034082494],[4.464054150903235,51.91452796445353],[4.464075696502508,51.914469706743056],[4.464100222415633,51.914407876932536],[4.464132102080891,51.91441262169926],[4.46426983061598,51.91442988310391],[4.464422940714766,51.91440591682036],[4.464484181018962,51.91439650999721],[4.464501218598532,51.91434540782647],[4.464533061365326,51.91435194994675],[4.46475167496004,51.91439411540409],[4.464768011366384,51.91437716497951],[4.464768800655331,51.91440953070869],[4.464768431776709,51.9144275053326],[4.464792381205831,51.91446454721257],[4.464773138230722,51.91448147482827],[4.464840921984594,51.91457818653529],[4.464845115830604,51.914586309331554],[4.464852474424306,51.91458187270113],[4.464891067428445,51.91461363622322],[4.464958157908034,51.914602477309565],[4.464991896750809,51.914587461160494],[4.465036321407322,51.914618371517115],[4.465238809345926,51.91452557814785],[4.46544129644934,51.91443278442647],[4.465738797919118,51.914313769064854],[4.465884108325281,51.91424479593869],[4.466013156103557,51.914189178306934],[4.465966377264608,51.9141312835906],[4.46592668064077,51.91408243312911],[4.465895519444288,51.91404263832183],[4.465884188113752,51.914028167480765],[4.465888897894896,51.914011125759515],[4.46589358925122,51.9139949827695],[4.465884888126891,51.913994015684835],[4.465972673011664,51.913965939779764],[4.466039983277771,51.913943995466575],[4.466070704248434,51.91393434861278],[4.466183359971926,51.91389837759227],[4.46620223386673,51.91389942437349],[4.466397231410419,51.91367533445676],[4.466400119494417,51.91367625596012],[4.466455216284092,51.913540957362066],[4.466372368037767,51.91325716236531],[4.466375329739158,51.91325448894262],[4.466519827815195,51.91308303682571],[4.466605034500437,51.9131097716901],[4.466698905454173,51.91313927098114],[4.466789870069079,51.91316874743542],[4.466956735056746,51.91296960480199],[4.467152037504517,51.9127302351448],[4.467188128802956,51.91274220306593],[4.467185130394306,51.91274667397328],[4.467195229340077,51.91275034853295],[4.46719822774797,51.91274587762535],[4.467344138334116,51.91278926690146],[4.467338215107592,51.91279461379637],[4.467411851146879,51.9128185608868],[4.467392499520617,51.91284088133073],[4.467513816154818,51.91287868465277],[4.467504857773338,51.91289029993551],[4.46755936312135,51.91292578260965],[4.467562232794011,51.91292760281643],[4.467920851805906,51.91315962177337],[4.468910674176832,51.91379926943845],[4.469693634297233,51.91424942887692],[4.469850907430628,51.91437739798363],[4.469870904733066,51.91439463269973],[4.469869451461209,51.91439462135671],[4.469869433119291,51.914395520088966],[4.469869414777369,51.91439641882119],[4.469870868049285,51.9143964301642],[4.469870849707393,51.91439732889643],[4.46987230297934,51.914397340239404],[4.469873756251284,51.91439735158236],[4.469878152750616,51.91439558814668],[4.469952567453622,51.914452798085115],[4.469949624225402,51.914454572865615],[4.469948152611203,51.91445546025582],[4.469948134270827,51.91445635898807],[4.469948115930448,51.914457257720315],[4.469949550864005,51.914458167794585],[4.469951004137942,51.91445817913658],[4.469952457411883,51.91445819047861],[4.469952475752174,51.914457291746366],[4.469956872254316,51.91445552830772],[4.470032722093626,51.91451364826957],[4.470028325588743,51.914515411711015],[4.470028307249936,51.914516310443275],[4.470028288911128,51.91451720917555],[4.47002827057232,51.91451810790779],[4.470029723848223,51.91451811924885],[4.470031177124126,51.91451813058988],[4.470032630400031,51.91451814193088],[4.470035573629163,51.91451636714833],[4.470112913624804,51.914572700934876],[4.470109970395007,51.91457447571937],[4.470108498780022,51.91457536311158],[4.470109933720597,51.9145762731839],[4.470109915383389,51.91457717191617],[4.470111368661229,51.91457718325621],[4.470112821939068,51.91457719459623],[4.470114275216908,51.91457720593622],[4.470117218446715,51.91457543115166],[4.470196011925843,51.91463177622352],[4.470193068695432,51.91463355101005],[4.470191615415744,51.91463353967103],[4.47019159708014,51.914634438403304],[4.470191578744536,51.91463533713555],[4.470191560408929,51.914636235867825],[4.470193013688705,51.914636247206886],[4.470194466968481,51.914636258545904],[4.470195920248259,51.91463626988487],[4.470198863478736,51.91463449509829],[4.470279128779113,51.91468995272112],[4.470276185548148,51.91469172750974],[4.47027473226655,51.914691716171724],[4.470274713932578,51.914692614904006],[4.470274695598605,51.91469351363631],[4.470276130546314,51.914694423706585],[4.470277583828,51.91469443504461],[4.470279037109685,51.91469444638259],[4.470283433622346,51.91469268293179],[4.470363717463142,51.91474724176466],[4.470360774231739,51.914749016555355],[4.470359302615949,51.91474990395069],[4.470359284283636,51.91475080268299],[4.470360719234887,51.914751712752285],[4.470362172518454,51.914751724089214],[4.470363625802018,51.91475173542613],[4.470365079085585,51.91475174676304],[4.470368022316999,51.91474997197222],[4.470449777978587,51.91480364335095],[4.470446834746862,51.914805418143814],[4.470446816416269,51.91480631687612],[4.470445363130912,51.914806305540196],[4.47044534480029,51.91480720427249],[4.470446779755084,51.91480811434071],[4.470446761424489,51.914809013073004],[4.470448214709934,51.914809024408925],[4.470449667995382,51.9148090357448],[4.470451139611338,51.9148081483483],[4.470454082843074,51.91480637355536],[4.470535838709998,51.91486004487427],[4.470532895477948,51.91486181966926],[4.470532877149048,51.914862718401594],[4.470532858820146,51.914863617133925],[4.470532840491244,51.91486451586622],[4.470534293778512,51.91486452720103],[4.470534275449639,51.91486542593338],[4.470535728736937,51.914865437268205],[4.470535747065782,51.91486453853585],[4.470537200353054,51.914864549870664],[4.470540143585112,51.91486277507555],[4.470624824562422,51.91491557026979],[4.470621881330223,51.91491734506701],[4.470620409714034,51.9149182324656],[4.470620391386856,51.91491913119793],[4.470621844675921,51.91491914253167],[4.470621826348768,51.914920041264004],[4.470623279637861,51.91492005259775],[4.470624732926956,51.91492006393144],[4.470626186216054,51.91492007526519],[4.470626204543116,51.91491917653283],[4.470710885727776,51.91497197166515],[4.470710867402375,51.914972870397484],[4.470710849076974,51.91497376912983],[4.470710830751574,51.91497466786218],[4.470712284042461,51.9149746791948],[4.470713737333353,51.91497469052744],[4.470715190624246,51.914974701860054],[4.470715208949559,51.914973803127666],[4.470802815250496,51.915025722126686],[4.470801361957924,51.91502571079516],[4.470801343634305,51.91502660952751],[4.470801325310685,51.91502750825987],[4.470801306987064,51.915028406992214],[4.470802760279721,51.915028418323736],[4.47080421357238,51.915028429655266],[4.470805666865037,51.91502844098672],[4.470893291698823,51.91507946118605],[4.470893273377012,51.91508035991839],[4.470893255055201,51.91508125865077],[4.470894690027817,51.915082168713525],[4.470896143322244,51.9150821800439],[4.470897596616671,51.915082191374275],[4.470897614938395,51.91508129264187],[4.470900558170524,51.915079517837796],[4.470989654827636,51.91512965056336],[4.470986711595716,51.91513142536965],[4.470985258299666,51.91513141404041],[4.470985239979669,51.9151323127728],[4.470985221659669,51.91513321150515],[4.470986674955776,51.91513322283444],[4.470986656635805,51.915134121566794],[4.470988109931942,51.91513413289604],[4.470989563228079,51.91513414422526],[4.470991016524218,51.915134155554455],[4.470993978075971,51.91513148201567],[4.471083093258464,51.91518071593815],[4.471080131708736,51.915183389479175],[4.471080113390607,51.91518428821156],[4.471080095072476,51.91518518694395],[4.471080076754345,51.91518608567634],[4.471081530052193,51.91518609700445],[4.471082983350042,51.91518610833251],[4.471084436647892,51.91518611966053],[4.471084454965935,51.915185220928144],[4.471087398197547,51.91518344611943],[4.471177985201097,51.91523179256569],[4.471175023653612,51.91523446610909],[4.471175005337355,51.915235364841465],[4.471174987021094,51.9152362635739],[4.471174968704833,51.915237162306326],[4.471176422004365,51.915237173633216],[4.471177875303897,51.91523718496013],[4.471179328603429,51.91523719628702],[4.471179346919602,51.91523629755462],[4.471182290150838,51.91523452274349],[4.471274348974878,51.91528198171007],[4.471271387429787,51.91528465525588],[4.4712699158143,51.91528554266254],[4.471271350801068,51.915286452720714],[4.471271332486709,51.915287351453145],[4.471272785787894,51.91528736277887],[4.471274239089081,51.91528737410456],[4.471275692390266,51.915287385430275],[4.471275710704541,51.915286486697845],[4.471278653935286,51.915284711884354],[4.471316055181434,51.91530387972606],[4.470976012589752,51.915656285059036],[4.470895884701776,51.915736559150425],[4.470657130420435,51.91589739392056],[4.470621682565628,51.915924982612744],[4.470615942590495,51.9159213423485],[4.470579041369149,51.91594891969372],[4.470586234667259,51.91595257129403],[4.470512377101611,51.916010422150094],[4.470505183800299,51.916006770545316],[4.470474150733137,51.91603169700134],[4.470479909041365,51.91603443854032],[4.470385392974519,51.91610740906185],[4.47038395797965,51.91610649899299],[4.470361809742292,51.91612340484984]]]]}},{"type":"Feature","properties":{"gezicht_uri":"https://linkeddata.cultureelerfgoed.nl/cho-kennis/id/gezicht/10134649","gezichtsnummer":"206","naam":"Rotterdam - Blijdorp/Bergpolder"},"geometry":{"type":"MultiPolygon","coordinates":[[[[4.451245876613018,51.93344059232301],[4.450852747846507,51.933465326982905],[4.450841098053903,51.933466133071185],[4.450631420453792,51.9334797437364],[4.450609657322347,51.93340766034033],[4.450621344578106,51.93340505682308],[4.450536731948339,51.93313921451787],[4.450625642973985,51.93312913636775],[4.450630903955711,51.933086032267376],[4.450631409848864,51.933061766665475],[4.450621577642587,51.93297539631006],[4.450617759415846,51.9329492985084],[4.450588858403811,51.932870866109106],[4.450506836098375,51.93262032527431],[4.450329811429427,51.93204453329205],[4.450301952985588,51.93198588437466],[4.450256892291471,51.931915412970135],[4.450225066160464,51.931837856025766],[4.450089910589531,51.93141610500034],[4.450002247177852,51.93115742888626],[4.449714547897872,51.93024187728582],[4.449615042831692,51.929923780582676],[4.44957580953905,51.92978324304648],[4.449453468495258,51.92937507645017],[4.449418503468165,51.929378393030554],[4.449380331047319,51.929256740268904],[4.449352616076232,51.929261013543595],[4.449235624324382,51.92887536124733],[4.449263395353834,51.92886839182075],[4.449221087741873,51.92873591948927],[4.449244403690448,51.928733408899554],[4.449189444292004,51.92858016145769],[4.449177374002149,51.92853152584092],[4.449138622251011,51.92829840773243],[4.44907721324592,51.927897018967585],[4.449029318805604,51.927614389648454],[4.449010402036704,51.92761513755064],[4.449007035572917,51.92756747024898],[4.449006126104395,51.9275413955832],[4.449019209315767,51.9275415000007],[4.448988290615198,51.92728147803331],[4.448984033513996,51.927206837335476],[4.44898356580569,51.9270899797013],[4.448957418413207,51.92708887213113],[4.448961301644368,51.92704216156415],[4.448966544705746,51.92699995623117],[4.448982535104578,51.92700008385727],[4.448982000988697,51.92695603466127],[4.448986522236996,51.92687876739445],[4.449038816780297,51.92688098251545],[4.449051431912608,51.926764229289354],[4.448994776509733,51.926761979368],[4.449011114670976,51.92667581764988],[4.449047645120194,51.92652779462252],[4.449098411630777,51.92639426721302],[4.449206480263148,51.92616232065172],[4.449293905829621,51.92601380477735],[4.449377063696971,51.92586076040862],[4.449428156683504,51.92578116803602],[4.449523889932461,51.925652493545606],[4.449634271397691,51.92551854255528],[4.449687764490429,51.92546323887388],[4.449682006252758,51.92546049631979],[4.44979329666039,51.92535261984375],[4.44993710973367,51.92521893517364],[4.44994598139531,51.925211814900734],[4.449973375134263,51.925222819833635],[4.450110848010741,51.925114252938286],[4.45027771096369,51.92499063924711],[4.450347267254801,51.924931867796424],[4.450552016206371,51.92480406128457],[4.450691850399084,51.92472157994576],[4.450747723996794,51.924691463289605],[4.450875441803142,51.92463225599037],[4.450995760225313,51.92457928175516],[4.451174577801103,51.92450969459325],[4.451382578938492,51.92443494624552],[4.451534631907484,51.92439390949678],[4.451521942604074,51.92437493208921],[4.451707633566354,51.924324275236046],[4.451723192688958,51.92434507321484],[4.451788959602617,51.92432851794569],[4.451955716051159,51.924279507776575],[4.452214440641874,51.924212352541765],[4.452423293987983,51.92416637318155],[4.45255029774706,51.924141315693134],[4.452833301687326,51.924095026305714],[4.453139468896554,51.92405341468575],[4.453255960667511,51.92404445267513],[4.453625449698214,51.92403390467543],[4.453845089359983,51.92402845788696],[4.453962829190377,51.924029392722694],[4.454092123001969,51.92403401466323],[4.454112454437154,51.92403507493326],[4.454123301318542,51.92400280150103],[4.454293089999036,51.92401763229676],[4.454283808767685,51.924044524914166],[4.454347710262466,51.92404772868574],[4.454507380095709,51.92405978223844],[4.45465238365789,51.924078011351526],[4.454638889845035,51.92416779188831],[4.454609762230307,51.924170257426375],[4.454270898786809,51.92529655654912],[4.454581283152846,51.925332277927616],[4.454620363032935,51.9253406778595],[4.454830690496711,51.925363919339446],[4.454835387034477,51.92534777682814],[4.455277734979506,51.92539982387706],[4.455273001315474,51.92541776386212],[4.455419537745224,51.92543240864946],[4.455432191750021,51.92538307079288],[4.459832748278426,51.925889779602045],[4.460052210890346,51.9258933085231],[4.460085570447624,51.925897167135325],[4.46074117072298,51.92597244828225],[4.460737985475118,51.92598590630307],[4.460879979368736,51.926009497209165],[4.460891367665136,51.92602127232593],[4.460946420907591,51.92603069488985],[4.460972790309453,51.926021015044256],[4.461020039268559,51.92591532008274],[4.461026168758982,51.92590008750238],[4.461039881367357,51.92586963379375],[4.461106990493398,51.92571735377169],[4.461132924790301,51.92565823233795],[4.461248753301994,51.92539936991539],[4.461219773407321,51.925394647257114],[4.461245651806265,51.92533822198258],[4.461681738733662,51.92534165631955],[4.462490763137128,51.92552060736046],[4.462541473712506,51.92552909614247],[4.462753019501126,51.92556401837305],[4.462892105872904,51.925587583985234],[4.46289968831489,51.92557236273502],[4.462908927740387,51.92554726689018],[4.463188609769537,51.92559171281944],[4.463387110621101,51.925624733612246],[4.463466487678817,51.92565322252282],[4.46345884998634,51.925671139998514],[4.463515356981,51.92568057278304],[4.463501627632,51.925711925514975],[4.463691303835691,51.9258913930222],[4.463718867614395,51.92589430619305],[4.464468027563525,51.92559097640118],[4.464591184519669,51.925540707234],[4.465086735284788,51.92533875334092],[4.465212503050857,51.925302886002676],[4.465394869690035,51.92527195676034],[4.46557524788421,51.925267079008584],[4.465797338779343,51.92528410094079],[4.466140594671064,51.92534791450924],[4.466401289476052,51.925396698379245],[4.466269316444606,51.9256644279805],[4.466219264917191,51.92576560865726],[4.466166121658536,51.92587575383236],[4.466152467786595,51.92590351195708],[4.466158263935836,51.925904456246386],[4.466115701196996,51.9259949090624],[4.466068611521909,51.926093416259235],[4.46588033742143,51.926057783550604],[4.465807913044689,51.9260446316471],[4.465756332678011,51.926149395643804],[4.46572747843511,51.92620939404735],[4.465687932439728,51.92629447711249],[4.465666678080247,51.9263383553386],[4.46573485250233,51.926346080764944],[4.465712089210999,51.926392643793726],[4.465699043147461,51.92639074377517],[4.465677751888318,51.92643641946251],[4.465639677692035,51.92652061517394],[4.465607694518821,51.926591375510235],[4.465671416156558,51.926603560433456],[4.465746730293571,51.92661763394187],[4.465817701908545,51.92663077449022],[4.465741885322071,51.92678298884825],[4.46569797782042,51.926868037723985],[4.465673742115103,51.92691548807568],[4.465625288983576,51.927009490032894],[4.465618039024824,51.92700853432059],[4.465522217092361,51.92721452415767],[4.465604782198874,51.92722955347652],[4.465677226856045,51.92724180677767],[4.465768477322806,51.92725870181599],[4.465855385226153,51.927274663872936],[4.465935043180672,51.927289670172875],[4.465896526453454,51.92739543547371],[4.465849342664518,51.92749843620852],[4.465831124285094,51.92753604613493],[4.465804662880745,51.927550220717926],[4.465818997111727,51.92756022068765],[4.465889951806925,51.92757425992407],[4.46589429446902,51.92757519283346],[4.465975406666352,51.92759021049994],[4.465988434663188,51.927593009218214],[4.466057954190937,51.92760613823155],[4.466088371300253,51.92761176982071],[4.4661332701294,51.92762021149469],[4.466195539670201,51.92763238474562],[4.466210021392046,51.9276351948288],[4.466225956814737,51.927638016299284],[4.466215301947602,51.92766130355219],[4.466197046962352,51.92770071099478],[4.466155936281031,51.92779117518894],[4.46614379078891,51.92781624850444],[4.466204625321202,51.927827511630966],[4.466201570531294,51.927834678691035],[4.466198460472843,51.92784454194061],[4.466282462250496,51.927860480904705],[4.466280953281613,51.92786316570592],[4.466256680805089,51.92791241363131],[4.466282313342095,51.92793868179105],[4.466299757847433,51.92793881845047],[4.466222029665311,51.927971467855954],[4.466091415038012,51.92803066904835],[4.466225669069212,51.92814857457802],[4.466261385629576,51.9281794161142],[4.466295648521352,51.92821024625129],[4.466321336510864,51.928233818212426],[4.466338467992137,51.92824923327344],[4.466395585293717,51.92830001763895],[4.466454138028734,51.92835171209282],[4.466528368785344,51.9284188101652],[4.466631177111576,51.92851040158268],[4.466355702848477,51.928614311165695],[4.466207549617798,51.928677869475074],[4.466175272724403,51.92869199858035],[4.465898029267155,51.928811174098385],[4.466250379867709,51.92907101298672],[4.46631480368558,51.929120056872826],[4.466373504748176,51.929164561525695],[4.466430789014272,51.92920725730316],[4.466475155387403,51.92924176201086],[4.466486601220392,51.92925084039649],[4.466542542449611,51.92928813235515],[4.466551154467346,51.929293593044946],[4.466555808136631,51.92942126959343],[4.466628292406985,51.92950273588801],[4.466635174496335,51.929521666133404],[4.466669290404542,51.929630697029424],[4.466704823417142,51.929741536757064],[4.466740319777939,51.92985417393218],[4.466804726838705,51.929904116278216],[4.466869170863023,51.9299522611295],[4.466880616956014,51.92996133947657],[4.466942337679618,51.930000474228116],[4.467016976837852,51.93004779993096],[4.467091597747482,51.93009602431624],[4.46710882222757,51.93010694561465],[4.467166218817296,51.93014424865422],[4.467240840047303,51.9301924729449],[4.467315461437495,51.93024069718826],[4.467592674730079,51.93033634891166],[4.467626976964454,51.93036538119805],[4.467850509034544,51.93024218607228],[4.467917880626259,51.93028945435863],[4.467969351544035,51.9302610928824],[4.467970805328518,51.930261104250086],[4.468035287890517,51.930307451004076],[4.468101224373024,51.930353809088786],[4.468102659774781,51.930354719184784],[4.468164271798019,51.93039924567606],[4.468165707202506,51.93040015577128],[4.468230208548237,51.93044560368846],[4.468231643955538,51.930446513782876],[4.46830041490123,51.93049648940465],[4.468517946859153,51.93038223485412],[4.468657600251507,51.930307820737475],[4.468659054037728,51.93030783209665],[4.468669083546002,51.930315101450894],[4.46866762975954,51.93031509009183],[4.468697718303106,51.930336898149775],[4.46871203569207,51.93034779649657],[4.46874497673679,51.930372323449625],[4.468796559869628,51.93040958026313],[4.468829501005742,51.930434107192504],[4.468881084279542,51.93047136396893],[4.468914025507051,51.93049589087461],[4.46895127304346,51.930523148028136],[4.468965608921816,51.93053314761399],[4.468997096446299,51.93055766314099],[4.469256291076881,51.930468002222376],[4.469319339833615,51.93051343819251],[4.469446854807543,51.93060611884124],[4.469554347543303,51.93068246333617],[4.469583386803675,51.93068448775567],[4.469990692112937,51.93103193482914],[4.470003537878493,51.931043720406365],[4.470130450361715,51.931166058411236],[4.469891221509803,51.93127475339525],[4.469677036851555,51.93136746364183],[4.469627166403606,51.93138864736743],[4.469618351694504,51.93139307293398],[4.469605157162002,51.93139836318733],[4.469575823729643,51.93141071845395],[4.469537675557383,51.93142749927366],[4.469459906944456,51.93146194825624],[4.46945111056391,51.93146547508002],[4.469396804985128,51.931490219578905],[4.469321980531504,51.93152289370959],[4.46925302636656,51.93155291701008],[4.469250100349681,51.9315537930362],[4.469179655531947,51.93158560240129],[4.469131238436349,51.931606797267634],[4.469146936700226,51.93162130183418],[4.469098519550687,51.93164249668681],[4.469112819085108,51.93165429371403],[4.469138675806762,51.93166977648685],[4.469063299848311,51.931729412350094],[4.469000178895352,51.93175858218728],[4.46885938002108,51.93181770692166],[4.468758165098994,51.93186096102283],[4.468723842621264,51.93183282779787],[4.468678073259418,51.93179561639225],[4.46863657359361,51.93176293269694],[4.468593675285946,51.9317275414373],[4.468536424498041,51.93175406027537],[4.468483553523009,51.93177971443996],[4.468355930334688,51.93183444717272],[4.46815119830547,51.931891273604606],[4.468000000364786,51.931961102502164],[4.467898673951426,51.93200974823789],[4.467772374488828,51.932070782808445],[4.467632879702386,51.932137107272375],[4.46737810720229,51.93215219275725],[4.467376634955545,51.932153080111654],[4.467309058763439,51.93218670855714],[4.46730613266759,51.93218758453459],[4.467311856041182,51.93219212368638],[4.467291170932842,51.932208141552536],[4.467282355833367,51.93221256694245],[4.467250960059068,51.932254568322875],[4.467269749672331,51.93226010859613],[4.467257861229117,51.932272599796846],[4.467250407943934,51.93228153020851],[4.467198290079207,51.93234134688814],[4.467144663003754,51.93240384835424],[4.467102979540468,51.932451162423334],[4.467061259173646,51.932500273936014],[4.467019575532572,51.93254758797446],[4.466997215388349,51.93257437916112],[4.466979327253711,51.93259581210722],[4.466960003651394,51.93261633494074],[4.466939134119007,51.93264134003739],[4.466897450217728,51.93268865403103],[4.466854275540168,51.932737754086475],[4.466815517603979,51.932784192083915],[4.466773833439256,51.93283150603217],[4.466732149186497,51.93287881996513],[4.46680723479982,51.932904576289395],[4.466799891798782,51.93290811429518],[4.466745564603761,51.932933756286],[4.466691218931375,51.93296029698083],[4.466639836188675,51.93298416423106],[4.466586962683476,51.93300981753224],[4.466532635244144,51.93303545942371],[4.46654982387397,51.93304817826059],[4.466562706143709,51.93305816675123],[4.466529486851543,51.93311813113129],[4.466506868260788,51.93315750443084],[4.466499341001251,51.93317002971017],[4.466470667380737,51.93322104093805],[4.4664555943955,51.93324699022045],[4.466441975274221,51.93327295088763],[4.466431392847159,51.93329264322244],[4.466414755405306,51.933323973487646],[4.466407209670649,51.93333739748988],[4.466386063167764,51.93337588342254],[4.466381554138907,51.93338303909354],[4.466357370863571,51.93342779334991],[4.466333224385472,51.93347075014254],[4.466328678492731,51.93347970326977],[4.466310531750166,51.933513718318316],[4.466301458368521,51.93353072584148],[4.46628787591879,51.93355488903106],[4.466262238564673,51.9335996318776],[4.466244091722836,51.93363364691513],[4.466241054963332,51.9336399152405],[4.46621688983356,51.93368377073658],[4.466235735189716,51.9336866149878],[4.46630093937224,51.933697912242685],[4.46633863010963,51.93370360071514],[4.466369051378871,51.93370923223699],[4.466518342143532,51.933732873310575],[4.466692588724028,51.93374502424149],[4.467415359751406,51.93381270345066],[4.468101858993013,51.93387649914939],[4.468158469220947,51.93388143607051],[4.468694040220546,51.93393056524831],[4.468907470096439,51.93394661450444],[4.468907414981676,51.9339493106934],[4.469177547311154,51.93396580234477],[4.469174327275199,51.93398105804363],[4.469160103401437,51.93403667710635],[4.469149044445384,51.93407973665807],[4.469131618812562,51.93414971268443],[4.469120486330887,51.93419636715136],[4.469115775610707,51.93421340895357],[4.469106225585105,51.934253783664936],[4.469095129786646,51.93429864066935],[4.469090437414,51.93431478374062],[4.469076250065035,51.93436860533088],[4.469065190944932,51.93441166487237],[4.469043219593677,51.934490594114486],[4.468947974496285,51.93488175889015],[4.468944827800173,51.93489341966228],[4.468905172445565,51.935054907071454],[4.468895658791987,51.93509348430115],[4.468882851410025,51.93515091213583],[4.468842828127403,51.9353303741067],[4.468818740505569,51.93544164619804],[4.46880289639312,51.935505342411645],[4.468790162271071,51.935559175314694],[4.468779010701391,51.935606728468024],[4.468766405148492,51.93565427026173],[4.468755235153866,51.93570272214151],[4.468744120262274,51.93574847783162],[4.468733042099879,51.93579243606163],[4.468723436256997,51.935835506919666],[4.468712339675848,51.935880363876436],[4.468701206318723,51.93592701829057],[4.468690054561154,51.93597457143267],[4.468679013043253,51.936016732197245],[4.468669388721796,51.936060701778636],[4.468658273651934,51.93610645745804],[4.468647195315087,51.936150415677325],[4.468636080199855,51.93619617135393],[4.468626455796841,51.93624014093056],[4.4686153590164,51.93628499787523],[4.468604243834593,51.93633075354781],[4.468593091871507,51.93637830667758],[4.468581921505074,51.93642675853525],[4.468570806253238,51.936472514203594],[4.468559635838715,51.936520966058374],[4.468548502160108,51.93656762045323],[4.468537423599316,51.93661157865887],[4.468527780627584,51.936656446953755],[4.468516720404946,51.936699506427615],[4.46850562339861,51.93674436335856],[4.468499292745634,51.93676948233036],[4.468494563132567,51.9367874228297],[4.468483429318621,51.93683407721637],[4.468472350626825,51.936878035414],[4.468461271913081,51.936921993610255],[4.468445316463892,51.93699108213543],[4.468420048680662,51.93708886181543],[4.468353814440515,51.93734092745548],[4.468243724150094,51.93781736846745],[4.468213394626564,51.937949265697895],[4.468067044400666,51.93856295061793],[4.468025781376474,51.93873161609804],[4.467859695156927,51.93938559569591],[4.467796104925591,51.939650265868465],[4.467775380445306,51.93973909219188],[4.467759403839636,51.93973806838304],[4.467756495657284,51.939738045640986],[4.467755041566106,51.93973803426992],[4.467752133383758,51.939738011527744],[4.467749225201414,51.93973798878548],[4.467747771110244,51.93973797741434],[4.467744862927902,51.93973795467195],[4.467741954745566,51.93973793192954],[4.467740500654398,51.93973792055829],[4.467737592472068,51.93973789781575],[4.467734684289741,51.939737875073135],[4.467733230198577,51.93973786370181],[4.467730322016254,51.939737840959076],[4.467727413833935,51.93973781821628],[4.467725959742777,51.93973780684487],[4.467723033162083,51.93973868283064],[4.467720124979713,51.93973866008768],[4.467718670888529,51.939738648716165],[4.467715762706166,51.939738625973085],[4.467712854523805,51.93973860322994],[4.467711400432626,51.93973859185834],[4.4677084738516,51.93973946784375],[4.467705565669188,51.93973944510043],[4.467704111577984,51.939739433728725],[4.467701203395579,51.93973941098529],[4.4676982768143,51.93974028697044],[4.467696822723072,51.93974027559868],[4.467693914540617,51.93974025285504],[4.467692460449391,51.93974024148321],[4.46768953386789,51.93974111746818],[4.467686625685384,51.93974109472436],[4.467685153194994,51.93974198208114],[4.467682245012434,51.939741959337226],[4.467679336829883,51.93974193659322],[4.467677864339319,51.93974282394989],[4.467674956156712,51.93974280120576],[4.467673483666036,51.93974368856241],[4.467670575483375,51.93974366581821],[4.467667648901225,51.939744541802625],[4.467631167816013,51.93975054859384],[4.467616571699112,51.9397531310529],[4.467529602237429,51.93973896772354],[4.467510938286918,51.939727136389365],[4.467509521001471,51.93972532755796],[4.467506631222811,51.93972440608105],[4.467505213937624,51.93972259724961],[4.467503778249791,51.93972168714681],[4.467500888471484,51.93972076566974],[4.467499452783799,51.939719855566885],[4.467498035499045,51.939718046735344],[4.467495145721089,51.93971712525816],[4.467493710033636,51.939716215155215],[4.467490838658903,51.93971439494927],[4.467489402971625,51.93971348484626],[4.467487967284403,51.93971257474325],[4.467485077507009,51.9397116532658],[4.467483641819934,51.93971074316276],[4.467480770445961,51.93970892295654],[4.46747933475906,51.93970801285346],[4.467476444982137,51.93970709137583],[4.467475009295382,51.93970618127264],[4.467472119518667,51.93970525979489],[4.467470683832059,51.939704349691674],[4.467467812459019,51.93970252948517],[4.467466376772588,51.93970161938188],[4.467463486996342,51.93970069790393],[4.467460597220216,51.939699776425904],[4.467459161534018,51.93969886632251],[4.467456271758099,51.93969794484438],[4.467454836072047,51.93969703474096],[4.467451946296336,51.939696113262734],[4.467450510610429,51.93969520315925],[4.467447620834926,51.93969428168093],[4.46744473105954,51.93969336020249],[4.467443295373867,51.93969245009891],[4.467440405598689,51.939691528620415],[4.46743751582363,51.9396906071418],[4.467436080138194,51.93968969703818],[4.46743319036334,51.93968877555945],[4.467430300588607,51.93968785408066],[4.467428864903404,51.939686943976945],[4.467425956724579,51.9396869212267],[4.467423066950115,51.939685999747745],[4.467421631265116,51.93968508964395],[4.46741874149086,51.93968416816486],[4.46741585171672,51.93968324668571],[4.467414416031958,51.93968233658182],[4.467411507853443,51.939682313831206],[4.467408618079573,51.939681392351936],[4.467405728305819,51.939680470872524],[4.467404292621352,51.93967956076853],[4.467401384443021,51.93967953801767],[4.467398494669539,51.939678616538124],[4.467395604896176,51.93967769505847],[4.467394150807073,51.939677683682945],[4.467391261033859,51.93967676220321],[4.467388371260764,51.93967584072343],[4.467385463082684,51.93967581797219],[4.46738257330977,51.93967489649224],[4.46738113762595,51.9396739863879],[4.467378229447997,51.93967396363649],[4.467375339675351,51.93967304215636],[4.467372431497461,51.93967301940481],[4.467370995813908,51.93967210930036],[4.467368106041532,51.939671187820075],[4.467365197863767,51.93967116506832],[4.467362308091568,51.9396702435879],[4.467360854002719,51.93967023221194],[4.46735796423067,51.9396693107314],[4.467355056053036,51.939669287979406],[4.467352147875404,51.93966926522734],[4.467350712192383,51.93966835512264],[4.467347804014815,51.93966833237049],[4.467344914243159,51.939667410889605],[4.467342006065655,51.93966738813731],[4.467340551976905,51.939667376761115],[4.467337662205458,51.939666455280076],[4.467334754028022,51.93966643252756],[4.467331845850588,51.939666409775015],[4.467328956079386,51.93966548829373],[4.467327501990701,51.93966547691739],[4.467324593813333,51.93966545416465],[4.467321704042342,51.93966453268324],[4.467318795865038,51.93966450993032],[4.467266540711557,51.93965960672297],[4.467121444844761,51.93964319053628],[4.46711708258108,51.939643156399455],[4.467111284640089,51.939642212154915],[4.467106940787171,51.93964127928919],[4.467102578523689,51.939641245151876],[4.467096780583256,51.93964030090661],[4.467092436730828,51.93963936804031],[4.467086638790851,51.93963842379455],[4.467082276527669,51.93963838965646],[4.467077932675731,51.93963745678968],[4.467072134736308,51.939636512543196],[4.467067790884766,51.93963557967599],[4.467061992945802,51.93963463542903],[4.467057630683012,51.93963460129002],[4.467053286831956,51.93963366842232],[4.46704748889355,51.939632724174615],[4.467043145042888,51.93963179130649],[4.46703880119241,51.939630858438264],[4.467033003254674,51.93962991418985],[4.46702865940459,51.93962898132121],[4.467022861467313,51.939628037072325],[4.467018517617622,51.939627104203296],[4.467014173768113,51.93962617133414],[4.467008375831508,51.93962522708453],[4.467004031982394,51.93962429421499],[4.46699968813346,51.939623361345305],[4.466993890197526,51.93962241709496],[4.466989546348986,51.939621484224915],[4.466985202500629,51.93962055135465],[4.466980858652451,51.93961961848429],[4.466975060717401,51.939618674233],[4.466967827109008,51.93961681987214],[4.466962029174598,51.93961587562025],[4.466954795567196,51.93961402125855],[4.466947561960396,51.93961216689642],[4.466941764027018,51.939611222643535],[4.46693453042121,51.93960936828059],[4.466927296816001,51.93960751391721],[4.466921517298006,51.939605670934775],[4.466914265279441,51.93960471529914],[4.466907031675825,51.939602860934514],[4.466901252159267,51.93960101795109],[4.466894018556786,51.93959916358568],[4.466886784954907,51.93959730921981],[4.466880987024744,51.93959636496391],[4.466873753423859,51.93959451059724],[4.46686651982357,51.93959265623015],[4.466860740309997,51.93959081324473],[4.466853506710845,51.939588958876826],[4.466846273112297,51.93958710450847],[4.466840493600272,51.939585261522055],[4.46683326000286,51.93958340715289],[4.466827480491848,51.93958156416585],[4.466820246895573,51.939579709795915],[4.466813013299896,51.9395778554255],[4.466807233790436,51.93957601243746],[4.466800000195898,51.939574158066264],[4.466794220687449,51.93957231507763],[4.466786987094047,51.9395704607056],[4.46678120758661,51.9395686177163],[4.466773973994347,51.939566763343485],[4.466768194487924,51.93956492035355],[4.466760960896795,51.93956306597996],[4.466753727306267,51.939561211605906],[4.466747947801394,51.93955936861498],[4.466740714212003,51.939557514240114],[4.466734934708143,51.939555671248534],[4.466727719538087,51.93955291814442],[4.466721940035356,51.93955107515216],[4.466714706448382,51.939549220775746],[4.466708926946664,51.93954737778287],[4.466701693360826,51.93954552340566],[4.466695932278949,51.93954278168365],[4.466690152778835,51.93954093868988],[4.466682919194815,51.939539084311455],[4.466677158114915,51.93953634258854],[4.466669924532177,51.93953448820937],[4.466664145034202,51.93953264521429],[4.466656911452599,51.93953079083433],[4.466651150375357,51.93952804911011],[4.466645370878983,51.939526206114145],[4.466641045466977,51.939524374502724],[4.466635247551462,51.939523430234736],[4.466630922140135,51.939521598622946],[4.46662514264543,51.93951975562598],[4.466619363151197,51.939517912628716],[4.466615037741054,51.93951608101634],[4.466609258247712,51.93951423801859],[4.466604932838337,51.93951240640584],[4.466599153345883,51.939510563407566],[4.466594827937275,51.939508731794454],[4.466589048445713,51.939506888795755],[4.466584723037872,51.939505057182245],[4.466578943547199,51.93950321418299],[4.466574618140124,51.939501382569134],[4.466568838650344,51.93949953956939],[4.466564513244036,51.93949770795517],[4.46655873375514,51.939495864954935],[4.466554408349602,51.939494033340324],[4.4665486288616,51.93949219033959],[4.466544321878662,51.93948945999611],[4.466538542391665,51.93948761699491],[4.466534216987744,51.939485785379574],[4.466529891584179,51.93948395376406],[4.466524112098485,51.93948211076212],[4.466519786695687,51.93948027914627],[4.466514025633318,51.93947753741535],[4.466509700231374,51.939475705799104],[4.466505374829781,51.9394738741827],[4.466499595346394,51.93947203117959],[4.466495269945569,51.93947019956279],[4.466490962967989,51.939467469217405],[4.466485183486021,51.93946562621357],[4.466480858086404,51.939463794596264],[4.466476551110317,51.93946106425034],[4.466470771629765,51.939459221245784],[4.466466446231354,51.939457389627954],[4.466462139256755,51.93945465928147],[4.466456359777626,51.939452816276244],[4.466452034380422,51.93945098465789],[4.466447727407314,51.93944825431087],[4.466441947929603,51.939446411304935],[4.466437622533603,51.93944457968602],[4.46643331556199,51.93944184933853],[4.466428990166781,51.93944001771932],[4.466424683196131,51.939437287371504],[4.466418903720779,51.93943544436439],[4.46641459675118,51.939432714016185],[4.466410271357618,51.939430882396294],[4.46640596438898,51.93942815204781],[4.466401638996213,51.9394263204276],[4.466397313603797,51.93942448880723],[4.466392988211736,51.93942265718668],[4.466388681244939,51.93941992683756],[4.466385809934033,51.9394181066047],[4.466381484543053,51.939416274983714],[4.46637715915243,51.939414443362615],[4.466372852187383,51.93941171301291],[4.466368526797552,51.93940988139147],[4.466365655488105,51.939408061158154],[4.466361348524371,51.93940533080798],[4.466357023135624,51.939403499186135],[4.466352716172852,51.93940076883569],[4.466349844864628,51.93939894860195],[4.466345519476967,51.93939711697967],[4.466341212515508,51.93939438662881],[4.466336887128637,51.939392555006194],[4.46633403424757,51.93938983604364],[4.466329708861432,51.939388004420785],[4.466325401901807,51.939385274069345],[4.466322530595683,51.939383453834964],[4.46631822363693,51.93938072348324],[4.466315352331387,51.939378903248645],[4.466311045373508,51.93937617289665],[4.466306719989625,51.93937434127297],[4.46630386711154,51.93937162230968],[4.466299541728389,51.9393697906857],[4.466296688851027,51.93936707172224],[4.466292363468606,51.93936524009804],[4.466288056513436,51.93936250974521],[4.466285185210279,51.93936068950987],[4.466280878255981,51.93935795915681],[4.466278025380499,51.93935524019289],[4.46618761632805,51.93929610528253],[4.46569909647521,51.93893542494441],[4.465481324612288,51.93877551628912],[4.465435477131066,51.93874189855918],[4.465371978140222,51.93871803001879],[4.465138173566279,51.93863080371849],[4.464891394164822,51.93853808192782],[4.464686469391571,51.93846096886665],[4.463474217618892,51.93800650865669],[4.462355779959468,51.937587829850266],[4.4621494468936,51.93750890348401],[4.462055676204385,51.937472210718276],[4.461849344199122,51.937393283826545],[4.461576646992031,51.93728866563965],[4.460445270262057,51.93686447330806],[4.460166745032243,51.93676070474096],[4.458843408952501,51.936267567505325],[4.457520101992549,51.93577441540943],[4.456763998166524,51.935489782969604],[4.456559082693583,51.935413554503135],[4.4550799577563,51.93486341083757],[4.45394145282471,51.93443819970332],[4.452963081530958,51.93407537351959],[4.452824572379283,51.93402303689118],[4.4517812994593,51.93363541527851],[4.451762548627133,51.93362807508149],[4.451647117273141,51.93358490942297],[4.451609596983656,51.9335711277093],[4.451355641456013,51.9334765222722],[4.451321010388793,51.93346366233954],[4.45126041543117,51.9334407080699],[4.451257526391984,51.93343978619459],[4.451245876613018,51.93344059232301]]]]}},{"type":"Feature","properties":{"gezicht_uri":"https://linkeddata.cultureelerfgoed.nl/cho-kennis/id/gezicht/10134654","gezichtsnummer":"2124","naam":"Ontginningen Voornes Duin"},"geometry":{"type":"MultiPolygon","coordinates":[[[[4.059496503297481,51.88760775276124],[4.059497929011664,51.88760866780893],[4.059595885658166,51.88763674295117],[4.060176876622156,51.88773859479337],[4.060348819022631,51.88777020190077],[4.06049900445781,51.88780066409301],[4.060604435436034,51.887821631340465],[4.060686763043279,51.88783784293062],[4.060783401195347,51.88786140751878],[4.060875788695467,51.887881328301155],[4.060929097989176,51.88789631313413],[4.061017022884624,51.887919779149186],[4.061079019289755,51.88793576092243],[4.061160133471474,51.887943868084676],[4.061247242139529,51.88794575032767],[4.061283680915244,51.8879416669777],[4.061311300206089,51.887941079798324],[4.06133598850072,51.88794135846242],[4.061377971380144,51.887946326986906],[4.061405378761145,51.887952928854695],[4.061533251993136,51.88800111653458],[4.061836076417455,51.88812678849645],[4.061986313016999,51.88820489276878],[4.062252806971411,51.88833105269387],[4.062454982547762,51.888421428298926],[4.062681635845738,51.888519271011866],[4.062893793839688,51.88861605092978],[4.063104209458209,51.88872269907119],[4.063174445218601,51.88875495337668],[4.063076398891112,51.88882845959598],[4.062917485607719,51.88894622617833],[4.062890365440622,51.8889791809293],[4.062900108090569,51.888993673681775],[4.062926775472542,51.88902543694803],[4.063060033574662,51.88918694909045],[4.06308268823269,51.88920698096717],[4.063216770160366,51.88929119403716],[4.063252680792261,51.88930508276101],[4.063288988232107,51.88930549196309],[4.063327197647674,51.889290640742175],[4.06339680457528,51.88924557965072],[4.063442434076304,51.88922541841968],[4.063515154623815,51.889222642158295],[4.063619005835583,51.88924808351801],[4.063694946196041,51.88928399750577],[4.063847803638427,51.88937201711161],[4.064094953928702,51.88951413560162],[4.064283539108188,51.889622333539876],[4.064443818987228,51.889705042346094],[4.064535471936318,51.88975012202566],[4.064568637281147,51.88975858583774],[4.064593511586304,51.88975257337994],[4.064614266783488,51.88973842415279],[4.064664226754552,51.88971921013716],[4.064683106805725,51.889719422697375],[4.064701801885866,51.8897259256955],[4.064723110931067,51.889742346369744],[4.064724563243462,51.88974236271991],[4.064722529601591,51.8897621163271],[4.064696070871861,51.889772605633816],[4.064666918904106,51.88977587315757],[4.064637211990381,51.889798011996376],[4.064619572811314,51.88980500485525],[4.064806814765974,51.889860149825815],[4.064825509922496,51.889866652804365],[4.06483990097806,51.88987130946495],[4.065006652511511,51.88993161704074],[4.065174909644687,51.889990143456416],[4.065239233929956,51.89002592569338],[4.065306777299652,51.89039704566594],[4.065386256585878,51.8909058364265],[4.065401413685758,51.890933873857655],[4.065420690161252,51.890970048022325],[4.065695237859486,51.89126798644227],[4.065810238844147,51.89135917324369],[4.065989487693763,51.89143939642793],[4.066362061597115,51.89156584083368],[4.066722672072422,51.89155551199296],[4.067137547690708,51.89152781321809],[4.06747893206451,51.89147951089722],[4.067944905582902,51.89149283521988],[4.068314285001715,51.891530243328134],[4.068482974049906,51.89157438686411],[4.068656208278719,51.89166172986284],[4.068873834711346,51.89177114513705],[4.069109236991482,51.89191851455112],[4.069160683903364,51.89199729878332],[4.069452685916025,51.8925435288905],[4.069703465395808,51.893009291036556],[4.069874220616207,51.893330326343445],[4.069914103644558,51.89340718267463],[4.070007499561806,51.893591611756676],[4.070018118869664,51.89362589018803],[4.070084230177272,51.89374978492168],[4.070274325227677,51.894105195763515],[4.070296380300768,51.89414589487292],[4.070530173968691,51.894646522901],[4.070592062285647,51.89476587532785],[4.070625132665365,51.894827373216536],[4.070873899926348,51.89526344528325],[4.071004253174307,51.89547615439515],[4.07104511318853,51.8955197608175],[4.071085946980382,51.89556426586125],[4.071100051197241,51.895578806751494],[4.071146537316944,51.89562876867559],[4.071238083654912,51.89572777756279],[4.071395268921071,51.89591741457502],[4.071433914649494,51.895987065027605],[4.071445422270135,51.89614001203325],[4.071446585551673,51.89614991329301],[4.071479546572534,51.896165564252534],[4.071521064998834,51.896186704618046],[4.07209974586669,51.89597474384951],[4.072452238627614,51.8958456475284],[4.072992751622694,51.89564673921891],[4.0730720536394,51.895617961622435],[4.07355673613052,51.895440000541754],[4.073535342406926,51.89542627737097],[4.073530319978966,51.895399253313485],[4.073575898737494,51.895380885440716],[4.073628818700627,51.89535990284463],[4.074136202010049,51.895150730683106],[4.074187668951296,51.89512973159846],[4.074700857013207,51.89492062190891],[4.074793465054326,51.894883901454605],[4.075394713620882,51.89464430995888],[4.075414628854656,51.89465891521151],[4.075582377750482,51.89478573941817],[4.075657760438412,51.89484141572442],[4.075922235843978,51.89503943575316],[4.076441130900392,51.89543176604311],[4.07652076847212,51.89549108496468],[4.076586143112531,51.895541255419815],[4.078228839435572,51.89676053908556],[4.078621321163621,51.89705436649583],[4.078645543874673,51.89707081701598],[4.078692745997442,51.89709651276204],[4.078694198553944,51.89709652894026],[4.07891019951717,51.897163657389726],[4.079232462075513,51.89727421816611],[4.079325754705501,51.89731391070828],[4.079424517991848,51.8973653501455],[4.079894704727934,51.897635767048094],[4.08039046904531,51.897926242950504],[4.080378665550286,51.8979324041572],[4.080504377660642,51.89800661563156],[4.080305771037438,51.89809070365929],[4.079970505073653,51.89822720657927],[4.079767434173325,51.89831483975129],[4.079623459498649,51.898368971025],[4.079476892909193,51.89841228613085],[4.079296759385812,51.89846062095157],[4.079135927591337,51.89849478754269],[4.078819065621024,51.89854789175471],[4.078550688119932,51.89858265767965],[4.078390378484689,51.89859885049811],[4.078324801993721,51.898605311381175],[4.078156666087409,51.898590853112545],[4.077997690729384,51.89856121489271],[4.077866158020765,51.89853727586911],[4.07769836275127,51.89851113466203],[4.077676652241171,51.898508195887786],[4.07762010547084,51.89850396987719],[4.077174955922621,51.8984216992031],[4.077121471604761,51.89841211352508],[4.07693360274817,51.898376758086876],[4.076783292163593,51.89834901270271],[4.076679202892792,51.89833077201034],[4.076588160866816,51.89831357570331],[4.076550445790266,51.89831135710866],[4.076456027134914,51.898310303753185],[4.076359998701673,51.898314625935534],[4.07627123322492,51.898319029081215],[4.076067476898469,51.898330239288846],[4.076032509797432,51.898333444769946],[4.07603177606731,51.8983586065979],[4.076020447772717,51.89859759532445],[4.076009093140912,51.89883748267877],[4.076008516620021,51.89885725268494],[4.076008385592464,51.89886174586818],[4.075993717571352,51.89916542019982],[4.076168482671208,51.899401092068636],[4.076568375130428,51.89993951752247],[4.076608956438038,51.89999300701976],[4.076683013236547,51.900094513135016],[4.076836432202406,51.9000656607479],[4.076810492165836,51.900157961104014],[4.076572537947124,51.90099310855278],[4.076727372428515,51.901015511016105],[4.076889444291272,51.90103889291766],[4.076680609644113,51.90172244631848],[4.076558232158765,51.90213189164233],[4.076542264123613,51.902181154591695],[4.07761939715947,51.902319914217124],[4.078027678692671,51.90237210742669],[4.079106273735536,51.90251086963507],[4.079161268375552,51.902518673321175],[4.07916601874899,51.90250524228338],[4.079669818317529,51.90257107809661],[4.080380629279079,51.902664384378674],[4.081608297103998,51.90282455786698],[4.081663318667449,51.90283146174655],[4.082087615942854,51.902882919800476],[4.082129589031985,51.90288877959118],[4.082568258402485,51.90294578910353],[4.082593443004657,51.90297932906671],[4.082402290609307,51.903056312071676],[4.082080277288028,51.90318577691292],[4.081587863086288,51.9033780702985],[4.081215824603638,51.90352855117541],[4.080852578594412,51.903676431864376],[4.080757103970183,51.90371132742651],[4.080688092487391,51.903735730042],[4.080646761960854,51.90375774364938],[4.080596505813578,51.90378684940875],[4.080522299995352,51.90383995985556],[4.080483587525129,51.90387189072826],[4.080403047890624,51.90394290921726],[4.080323856289186,51.904017538357465],[4.080235712599753,51.904100158218604],[4.080193806747537,51.90414194168294],[4.080088950327083,51.904249545506396],[4.079773082054222,51.90456694840791],[4.079734211610935,51.90460427084896],[4.079654087667748,51.904660910616805],[4.079175196193929,51.90493694483799],[4.078684493193284,51.905219138100406],[4.078504293159797,51.90531871003497],[4.078445107647595,51.9053549068609],[4.07823239487344,51.905472993726946],[4.077976632899128,51.905622063031345],[4.077783040068359,51.905732271786974],[4.077695830710336,51.905782538789],[4.077524343269632,51.90588220634698],[4.077443075608334,51.90592804475181],[4.077292372024298,51.9060126618739],[4.077178512790716,51.90607971103226],[4.07707212697666,51.906139651986535],[4.077008554492612,51.90617669811546],[4.076729224437045,51.90633628909175],[4.076593230106733,51.90641477688632],[4.076682259305505,51.9064517270134],[4.076776745424706,51.90655076396877],[4.077161853668171,51.90695058656733],[4.077190073134156,51.90697966688141],[4.077701498364017,51.90743393258967],[4.078200145619515,51.907878165412576],[4.078496723085062,51.90797495742175],[4.078850688458388,51.90819733860811],[4.078962028179938,51.90826689676411],[4.079227519888317,51.908283336244075],[4.079254340900634,51.90831060261886],[4.079172062201274,51.90834114920387],[4.078768088601986,51.90848857033245],[4.078810342343027,51.90853488613263],[4.079023344228516,51.908457253124084],[4.079244785494319,51.908688944728375],[4.079031756733613,51.90876747676985],[4.079111360484443,51.90897871198807],[4.079348466174551,51.90902180298148],[4.079482648621974,51.90905565775978],[4.079876531775303,51.909155326916114],[4.080172347725621,51.909228734005325],[4.080559099791563,51.90932382689183],[4.080955893620351,51.909423524755525],[4.08112629797253,51.909461375995285],[4.081120172807122,51.90947209503938],[4.082163434322992,51.9097326889849],[4.082203830394425,51.909743025814414],[4.082251413053277,51.90975613921994],[4.082307749813473,51.90986823177344],[4.082417361698157,51.91009777635301],[4.082431030654687,51.91012759271448],[4.082436373031488,51.91014383271696],[4.082462857990964,51.91018278064599],[4.082525910024808,51.91016370433318],[4.082662981579534,51.91034860720099],[4.082379878569412,51.910537834267835],[4.082339865135891,51.91056435775223],[4.082362374682321,51.91064011755293],[4.082406522758739,51.91072151118047],[4.082481124077962,51.910855380669894],[4.082621870796966,51.91111403634631],[4.082664697197274,51.91119092055831],[4.082663244183468,51.91119090442761],[4.082813690850342,51.91131572746716],[4.082898681438448,51.911392180685695],[4.082984942808608,51.91147494042977],[4.083004607176297,51.91149853076858],[4.083028552414202,51.91152486539429],[4.083064870910198,51.91157560835109],[4.083094341524365,51.91161189247512],[4.083115406891013,51.911637296195096],[4.083126666097664,51.91165000611616],[4.083152116661846,51.911674559567366],[4.083166334092668,51.91168550445961],[4.083180577602296,51.91169555071301],[4.08319482111829,51.91170559696467],[4.083229146365746,51.91172485532084],[4.083246322035811,51.91173403517656],[4.083285058563605,51.91175154461262],[4.083387076870693,51.91179222934327],[4.083482012649998,51.911826542922],[4.083717599511854,51.911722184152005],[4.083943335881706,51.911957509839674],[4.084092060985026,51.911991520530954],[4.084025267187657,51.912039321841725],[4.084143348455854,51.912077487258856],[4.084196592617619,51.912296516748576],[4.084205764919792,51.912631917947174],[4.084090061190994,51.912662097367445],[4.083531107803934,51.91278983774773],[4.083842280659369,51.913136679277855],[4.084181608210773,51.91351529453479],[4.084169775065596,51.91352235473486],[4.083959736120116,51.913647673084526],[4.083838445491424,51.91372003984512],[4.083706800342707,51.91379858411202],[4.083359195772572,51.914005975557124],[4.083265981547219,51.914062472574116],[4.083120995661408,51.9141498574306],[4.08287542413429,51.91429725271863],[4.082230411622936,51.91468472048201],[4.081944921137732,51.91485504265382],[4.081816201726507,51.914932718411826],[4.081754073763249,51.91496978317786],[4.081827113518798,51.91500745050596],[4.081966136490989,51.915075515236815],[4.082151138506283,51.91516206894072],[4.082303005917823,51.91523836623957],[4.082302901549329,51.91524196078557],[4.082374820307297,51.91531826914433],[4.082274258091933,51.915377380587024],[4.0818954658931,51.915606894645904],[4.081495933906589,51.915849660969556],[4.080899625607786,51.91621069494612],[4.080686527978735,51.91634046820027],[4.080584455820109,51.9164013592896],[4.080341874552522,51.91654518693944],[4.080323965934421,51.91656116846226],[4.080301358011965,51.91658878376577],[4.080293951130534,51.91664353590448],[4.080301834001944,51.91667238921147],[4.080321786668524,51.916686094992684],[4.080257721115784,51.916789657991],[4.080246069431896,51.91679042733783],[4.080196530169468,51.91679437102571],[4.080161418293239,51.916802070858665],[4.08012324319512,51.91681513016972],[4.080084937386504,51.91683268264659],[4.080049407247086,51.91685476061638],[4.080041958298724,51.91686097024754],[4.079998702235027,51.91684880306479],[4.079932404199848,51.916829188142415],[4.079814209523462,51.91679461302995],[4.079811224706812,51.91679727660366],[4.07956992721276,51.91674694885493],[4.079477498222975,51.916726143986736],[4.07935919956264,51.916695162960245],[4.079313941442758,51.916701850698935],[4.079259586569899,51.916771362034034],[4.079222143575497,51.91675925925965],[4.079253889861566,51.91671736304103],[4.079261652742992,51.91670036983468],[4.079259374060389,51.91667877023741],[4.079243859753336,51.91666241689133],[4.079101354213704,51.91661408657993],[4.079025198516764,51.91658357429518],[4.078914087991055,51.91655536960953],[4.078685845302961,51.91650608428494],[4.078458074177595,51.916440623084114],[4.078355840480438,51.91640712316028],[4.078222317531005,51.916349902541846],[4.07818653774927,51.916330626543655],[4.078123697337526,51.91629217163938],[4.078076396946136,51.91626917156765],[4.07802880864139,51.916256056463475],[4.077973666515935,51.91625274538059],[4.077898101404365,51.916251903516695],[4.077898337033008,51.9162438158008],[4.07784900763192,51.916240569419955],[4.077794022637667,51.916231866442345],[4.077713142376166,51.916213885627556],[4.077590486774938,51.91618285424971],[4.077437733779003,51.91613710447598],[4.077296318331521,51.916101369069956],[4.07703404204613,51.91602293548347],[4.077027993592904,51.91603095839389],[4.076867897256559,51.915987822782114],[4.076660056438657,51.91593696310525],[4.076454965162068,51.915891527286355],[4.076323592348438,51.915860397342755],[4.076234204095924,51.91583512917815],[4.076175680878999,51.91594774112387],[4.076124123555809,51.91602087796351],[4.07597180631302,51.91625919209229],[4.075904656664861,51.91631867095755],[4.075819061305474,51.9163626621923],[4.07568934589895,51.91642413953626],[4.075582985954293,51.91648228170103],[4.075526112656076,51.91653827933907],[4.075442153305349,51.91657599607424],[4.075359269326037,51.91657686874179],[4.075262850387475,51.91654343102075],[4.075175308100036,51.91650469875876],[4.075082110665244,51.91646050972644],[4.074990209157739,51.916421728652146],[4.074887322083774,51.91641069157532],[4.074816818289333,51.91648541413844],[4.074983299544527,51.9170068530958],[4.074861834469204,51.91698482144004],[4.074740448247945,51.91696009375685],[4.074642234553606,51.9169383215409],[4.074549649996515,51.91692290460816],[4.074465653421698,51.91691207816902],[4.074273805448684,51.91691083393399],[4.074110890096562,51.916914407300055],[4.073943798959722,51.916911641285814],[4.073747355046871,51.91691843517856],[4.073594848403336,51.9169140338152],[4.073489001629336,51.916904760292766],[4.07340672125714,51.91688496300514],[4.073287840256322,51.91682430472215],[4.073132700694824,51.91671110309578],[4.07305826488883,51.91667161687047],[4.073006948781359,51.91663688377946],[4.072960044865682,51.91660040215273],[4.072898398947419,51.91657094705704],[4.072598363898183,51.91644174130096],[4.072511751524221,51.91642099598898],[4.072438033795663,51.916406687367704],[4.07236267889501,51.916398652875955],[4.072218840640136,51.916396144551335],[4.07209077697275,51.91640100400063],[4.072035372149023,51.91640667646602],[4.072025468909624,51.91624835436422],[4.071756040440381,51.91616623318039],[4.071341310582834,51.9159827035208],[4.070694226317473,51.91569229397185],[4.06998453354668,51.91540567367795],[4.06962746100462,51.91514008269946],[4.069944937758684,51.91492160650808],[4.070022344057953,51.91485954917053],[4.070093911309288,51.914798325267874],[4.070159850216748,51.91473074574672],[4.070238972338792,51.91465971821801],[4.070470577404067,51.914444772909654],[4.070580661399958,51.91435881029452],[4.070894695395022,51.914158271583744],[4.071109047541387,51.91398628034109],[4.071154666687018,51.91391757377607],[4.071198569467167,51.91385783725391],[4.071255760459784,51.91379105809571],[4.071267727251362,51.91377950603624],[4.071223155021691,51.91376282619742],[4.071180009602832,51.91374706124817],[4.071237416896705,51.91372253414274],[4.071291996882348,51.913695278565484],[4.071342296466412,51.91366527824932],[4.071440015568038,51.91360434637837],[4.07155102261279,51.91353637177198],[4.071554007698822,51.913533708407876],[4.071665172217481,51.9134603418903],[4.071737925054977,51.91340811956299],[4.071802090754357,51.91335130643034],[4.07191620649551,51.91322673381521],[4.072023108841075,51.913100282505425],[4.072166356590497,51.91292389786163],[4.072042148772026,51.912846997876244],[4.071754580767981,51.91269006244408],[4.071602529526983,51.91262094064778],[4.071559463981204,51.912602479937604],[4.071477402783089,51.912575492248074],[4.071353387328011,51.91254174222379],[4.071193045785413,51.91250758525825],[4.070939124722472,51.91244271527876],[4.070837779781611,51.91242899506031],[4.070702962161092,51.91241669761605],[4.070583943866643,51.91241086953441],[4.070456496915278,51.912395058674775],[4.070394331832563,51.91238357494222],[4.070335204520356,51.91236763057662],[4.070280515377717,51.91234903913313],[4.070221809455015,51.91231871657709],[4.070072773262059,51.912246030846205],[4.069789496095012,51.912091835388374],[4.069432432418576,51.91192602466385],[4.069267415489655,51.911853158677495],[4.06892937672986,51.911683065118],[4.068844729058252,51.91164525940026],[4.068768615133989,51.911613841868366],[4.068632637512986,51.91159164079236],[4.068499302413269,51.91157845850038],[4.068318228712394,51.9115575488367],[4.068129810973715,51.91153925324102],[4.068039987590999,51.91152925563199],[4.067963294158276,51.91151760750197],[4.067886627143237,51.91150506068927],[4.06772481257266,51.9114717813275],[4.06756888945372,51.91143587111517],[4.067456504215398,51.91140224753206],[4.067403323233703,51.91138187380876],[4.067353206652945,51.91135614090579],[4.06731038157394,51.911329590951965],[4.067274821596431,51.911303122587626],[4.067100693744066,51.911144752907354],[4.067043761279377,51.91110366150378],[4.066951454113383,51.91102981118323],[4.066809797015159,51.91090416731403],[4.066680399210631,51.91080652783674],[4.06648659437125,51.910674903955446],[4.066335007016194,51.91059049862443],[4.066260772174715,51.910544717689845],[4.065979473699677,51.91037345541196],[4.065855309951968,51.91029565028935],[4.065822657600006,51.91026921416445],[4.065758013488,51.91019387608054],[4.06562832980431,51.910007238174025],[4.065590447217216,51.90996096670995],[4.065467791482939,51.909831939140446],[4.065415485307564,51.90978190965858],[4.06531266926091,51.90971962586831],[4.065216774696188,51.90966910593847],[4.06503336030237,51.90957984615444],[4.064973578670422,51.90953692379132],[4.064931285429764,51.90949240033202],[4.064849183174766,51.909368323066055],[4.064819280452692,51.909297870040184],[4.064770834423998,51.90916608109998],[4.06467962148792,51.90895650284717],[4.064631360011301,51.908867864541165],[4.064617703256776,51.90883804614657],[4.06461273764897,51.90880922450449],[4.064612263033897,51.9087759587625],[4.06463696538358,51.908677354530035],[4.064630653917916,51.90859548088493],[4.064615227036688,51.908576429721705],[4.064574888994248,51.90856428959717],[4.064433190354943,51.9085393223786],[4.064311806288666,51.90851548262577],[4.064146967067187,51.90848665881551],[4.064040191821955,51.908460286479375],[4.063932096057942,51.9084294045247],[4.063868908520977,51.90840352288519],[4.063762953822106,51.90834929270775],[4.063250013073348,51.90804956425233],[4.062807609030527,51.90777310179856],[4.062310636468834,51.90747444802839],[4.061816841215751,51.90716683862826],[4.061412568881446,51.90692855594203],[4.061088255875246,51.90673881758994],[4.060858322626943,51.906601382754566],[4.060806709238846,51.90657742793735],[4.060724718565546,51.90654863551494],[4.06065984400906,51.90653082343848],[4.060586225871541,51.906513811538964],[4.060549539048755,51.90647654117171],[4.060456064404894,51.906393683057516],[4.060362377913442,51.906318013918586],[4.06036678949847,51.90631626587386],[4.060309000000036,51.90625538493181],[4.05956618773693,51.90576876300626],[4.055587520533836,51.90285704705419],[4.055749423487532,51.90278786625877],[4.055896772060226,51.90271941926189],[4.056076426028132,51.90263965197477],[4.056241153084758,51.90257319930243],[4.056391512050595,51.90250119006933],[4.056637361042497,51.90239430480804],[4.056731824180981,51.902345034356884],[4.056779162042568,51.90231680458012],[4.056919536431358,51.90223838909985],[4.057010119380902,51.90217289372588],[4.057217459780727,51.90204130013371],[4.05733257837995,51.90198147584181],[4.057604889822293,51.90186410092991],[4.05792001885558,51.90172383761424],[4.058259212426865,51.90155597878393],[4.05850082654871,51.901444547126935],[4.058515911121749,51.90142584015449],[4.058489266146379,51.90139317729225],[4.058390411929837,51.9013453148604],[4.058280148957168,51.901290131848356],[4.058179683127775,51.901247644596],[4.058070209187892,51.90121494359848],[4.057946022643313,51.90118836856572],[4.057844680539586,51.90117553585331],[4.057728572561621,51.90117062635475],[4.057655832357351,51.90117339896131],[4.057572790517771,51.90118054959929],[4.057485496926365,51.901184056332106],[4.057360034979322,51.90120061496573],[4.057272448934427,51.901214006479805],[4.057208610792267,51.90121058705401],[4.057108774703568,51.90119597289005],[4.057030755440113,51.901180706710626],[4.056954481376626,51.90115557198839],[4.056863919942732,51.901122185055094],[4.056828055077577,51.90110649711214],[4.056793935416232,51.901080940669615],[4.056741914944691,51.901021921030406],[4.056646058543265,51.9009219530051],[4.056619787549351,51.900876708892376],[4.056579309084979,51.90082051668535],[4.056524250883642,51.900765957199155],[4.056421275441799,51.90061197243154],[4.056327362429276,51.90044640410535],[4.056246939130739,51.90031604686118],[4.056129236942666,51.90011964517509],[4.056043988637521,51.899955972625264],[4.056026658145843,51.89985419693906],[4.05602542903106,51.89979755028951],[4.056053162083796,51.89979336985019],[4.056053891062223,51.899719665675775],[4.056030617098744,51.899622317306864],[4.056029244287536,51.899619604956044],[4.055993843920155,51.8995391988918],[4.055944635845372,51.89943436519106],[4.055883312328115,51.899297032620424],[4.055746768008805,51.899050076771985],[4.055744139873792,51.89899161639132],[4.055751387265198,51.89894315618283],[4.055773320337406,51.89888946880848],[4.05581088605813,51.89884764470478],[4.055816308226301,51.89881174885987],[4.055791305616111,51.898772811432906],[4.05579516875419,51.89874049364997],[4.055815702293963,51.89868499254274],[4.055836688126328,51.89861421470858],[4.055843121359222,51.8985441708922],[4.055828287010674,51.898505348698194],[4.055765581387025,51.89841474485531],[4.055745442391102,51.898358782818555],[4.055726995522931,51.89829474956359],[4.055692224358265,51.89824221741606],[4.055688090529006,51.89818553782714],[4.05570268057139,51.89813446403778],[4.055747827927394,51.89808193869157],[4.055804143436748,51.898044821742424],[4.055836004548246,51.89799933725474],[4.05582553897764,51.89791112328417],[4.055799478609091,51.89776070624819],[4.055764543382288,51.89761558221876],[4.05570534065922,51.89745580022328],[4.053157254008124,51.895673974681436],[4.053203920570421,51.89566821206195],[4.05323619543053,51.89565779134474],[4.053311312436515,51.895623585871846],[4.053377714353527,51.89558928140428],[4.053420716327506,51.895560104834715],[4.053462825475311,51.89551204052025],[4.053481268214307,51.89547809044286],[4.053487038298988,51.89543051249904],[4.053479416131492,51.89539356971252],[4.053462839165863,51.89536461565963],[4.053429618506779,51.89535794597185],[4.053424701304808,51.89537676773955],[4.053355248391033,51.8953669898721],[4.053246871559486,51.89534688173386],[4.053121038318986,51.895327474196925],[4.053042710657205,51.895322988961496],[4.052959972224137,51.8953202514459],[4.052752159936677,51.895321486824876],[4.052692901332378,51.89531092542735],[4.052638560280308,51.895281542266424],[4.052552919201098,51.895180787771366],[4.052476325595962,51.895117891196904],[4.052396613853017,51.89506215060778],[4.052307974039285,51.89501349998082],[4.05222748903515,51.894983819551555],[4.052128495482619,51.89494134366368],[4.051677424810162,51.89471867478757],[4.051613291534232,51.894676594750635],[4.051537858960891,51.89462359901021],[4.051403051491647,51.894515093165246],[4.051356374962702,51.89447231254207],[4.051303675126529,51.894436654873445],[4.051184002191182,51.89440562914855],[4.050934489637799,51.89434346168681],[4.05073202736945,51.89431149376857],[4.050659858753034,51.894295390858396],[4.050654129068195,51.89429262887092],[4.050616872779218,51.89427512526031],[4.050565920027338,51.8942295988607],[4.050502920400234,51.89419831830323],[4.050385208671059,51.89415023432998],[4.05023106943986,51.89405678898813],[4.050153679443062,51.89402084979715],[4.050089869226377,51.89396798537773],[4.049994960566417,51.8938860010615],[4.049626173677204,51.89358425558736],[4.049570491209026,51.893551259959516],[4.049494002533046,51.89343622440227],[4.049473445820495,51.89339463936103],[4.049476796179788,51.89333085320603],[4.049485207729889,51.89329229483245],[4.049436680889881,51.89326297635407],[4.049375919902578,51.89325419401207],[4.04930488507288,51.89324889036883],[4.049240087710406,51.89322927477972],[4.049102420389878,51.893168377127154],[4.049043432892076,51.893148827604605],[4.048996982356381,51.89314739954544],[4.048931329525305,51.89315653992664],[4.048896097162157,51.89316872363359],[4.048774431541216,51.893253635196686],[4.048697434714792,51.89330219930044],[4.048612070928365,51.893338981874585],[4.04854754916164,51.893358922140386],[4.04843940117186,51.89338016308041],[4.048340074634001,51.89339790872287],[4.048188755115824,51.89340517339273],[4.048085793657268,51.893398606168915],[4.048012175043426,51.89338248508234],[4.047878063289736,51.893348594543376],[4.047714708959386,51.893272120515846],[4.04764194726511,51.89322724307084],[4.047639899009918,51.893198453820425],[4.047659797586784,51.89316452122061],[4.047698497210726,51.89313349979885],[4.04773802652769,51.89307462086473],[4.047738454783481,51.89306024280048],[4.047685411504479,51.89303626569512],[4.047587611267668,51.89300278885101],[4.047488305226805,51.89297109262014],[4.04738450823966,51.89294383975576],[4.047283161017751,51.89293189662348],[4.047168394086476,51.89293148647197],[4.047079716925075,51.892933171704485],[4.046995718347329,51.89292412303353],[4.046902951800784,51.892916772135536],[4.046799964873271,51.892911102417564],[4.04675227654083,51.89290246786975],[4.046714862210973,51.89289035480024],[4.046682635511292,51.89285043394923],[4.046666813894983,51.89279631734203],[4.046660114416718,51.89277736326987],[4.046641495202952,51.89271961899638],[4.046656876396264,51.89269102861638],[4.046685998819896,51.89264012167763],[4.046685644676574,51.892603261325284],[4.046646799129694,51.89254169050601],[4.046588965436753,51.89248349871963],[4.046556980239367,51.892435490174755],[4.046553614266356,51.89240219118623],[4.04606076195953,51.89207205020119],[4.046192703277967,51.89198366298476],[4.04650856927229,51.891768827217355],[4.046788703760766,51.89168033267878],[4.047126041654295,51.89157361242116],[4.047981172189646,51.89130109887686],[4.048446116280348,51.891153579640985],[4.04915597858295,51.89092884340686],[4.049412678107335,51.8908463682865],[4.050002166410359,51.890711947374164],[4.050503790119991,51.89060079497197],[4.053497012246991,51.88990128677448],[4.053754737100536,51.88978375549263],[4.054737822411448,51.88999537296196],[4.055322280397591,51.88968647541262],[4.05706848042611,51.88929544856965],[4.056700338013458,51.88902070050347],[4.056494658878774,51.88880352564546],[4.056395369768149,51.88857497069589],[4.05630814156472,51.88838071176644],[4.056252268452747,51.888256025905406],[4.056243170681407,51.888072540405965],[4.056423647614393,51.88742285842621],[4.056451153862668,51.8873278830961],[4.056454191260669,51.887323422839],[4.056455723253124,51.88732074339434],[4.05665472510627,51.88722321607682],[4.0566411833994,51.887337227235605],[4.056624471311211,51.887460191813965],[4.056618695745299,51.887557211202555],[4.056614887400786,51.88758773180029],[4.056620633291694,51.88763903609154],[4.056625883985772,51.88765797316994],[4.056638608565365,51.88766980343943],[4.056669919880958,51.887691732507896],[4.056692783597935,51.887704576549986],[4.056806916313953,51.88777508712038],[4.05705836566451,51.887918168313014],[4.057112700769156,51.88794754943666],[4.057583053057594,51.8882045756683],[4.057601613647351,51.88821557295451],[4.058593900035091,51.88875447407523],[4.058776871944007,51.88885542604249],[4.05885011551089,51.888884121239094],[4.058980493234646,51.888601532700015],[4.059130810121812,51.88828321213298],[4.059245892340876,51.8880265194299],[4.059159075486449,51.888014750739565],[4.059203757491826,51.88797750070836],[4.05928572737168,51.887907411673105],[4.059315674426189,51.88787718648964],[4.059335561820819,51.88784325185042],[4.059363745078357,51.8877743525989],[4.059409554540347,51.887600477423675],[4.059496503297481,51.88760775276124]]]]}}]}