{"type":"FeatureCollection","name":"beschermde_gezichten","features":[{"type":"Feature","properties":{"gezicht_uri":"https://linkeddata.cultureelerfgoed.nl/cho-kennis/id/gezicht/10134212","gezichtsnummer":"1331","naam":"Eelde / Paterswolde"},"geometry":{"type":"MultiPolygon","coordinates":[[[[6.579725616737416,53.146356165822425],[6.579232895102132,53.14599531231813],[6.578677051321716,53.14562160445164],[6.578589608507633,53.1459747492224],[6.578521625975889,53.14616594132567],[6.578448739953466,53.14634190486655],[6.578264656891573,53.14649650697993],[6.577904541067702,53.146446165717],[6.577220855088052,53.146315461248605],[6.576861693475447,53.14624533684119],[6.576531146678782,53.146183015347745],[6.576222768694011,53.146111486390005],[6.576085717019642,53.146291679672494],[6.575984305744299,53.14646343130349],[6.575865282362804,53.14664704011383],[6.575685647077488,53.146800695401694],[6.575328618857676,53.14675391043275],[6.575036799420423,53.14668670756722],[6.574710562387385,53.14661804771302],[6.574433958780028,53.146560577890966],[6.574140812765842,53.14644485830538],[6.574240680404312,53.14621650792449],[6.574029101150772,53.14602269528032],[6.573846702758917,53.145857350486274],[6.573774562823989,53.14567923119584],[6.573849034861365,53.14550595086546],[6.574079944238134,53.1453688650502],[6.574309677925171,53.14524347301791],[6.57446848285898,53.14503880236892],[6.574631555291457,53.14488081960242],[6.574902762553684,53.14479635387635],[6.575101645136043,53.144636218210216],[6.575287956373425,53.14445374028333],[6.57543651595131,53.14425725777565],[6.575650287079346,53.14409517619312],[6.57582988670246,53.143940622440574],[6.576070111266716,53.14392565826484],[6.57668714680239,53.144025577500116],[6.57689332416989,53.14364159945934],[6.577238191661854,53.14302888223767],[6.577705573786718,53.14219747041101],[6.578288591075749,53.14122381701846],[6.578407268356609,53.14102852612885],[6.578099343855889,53.140972274885],[6.577831144097556,53.14089316158968],[6.5779204835427,53.14071793324977],[6.57805407745698,53.14052159579717],[6.578252681734756,53.14013499405899],[6.578486547502311,53.139726473451994],[6.578739028105152,53.13923419148206],[6.578681791757582,53.13872881287818],[6.578589872238806,53.1381033580381],[6.578462274046949,53.137810763465616],[6.578490312559816,53.137471688330415],[6.578706451839174,53.13663647747027],[6.578739390811934,53.13642136911233],[6.578526012622839,53.13626981912513],[6.578290918096232,53.1361436472384],[6.578519973378859,53.135995786468946],[6.579120481836494,53.13555306346887],[6.579557960688551,53.135268327453005],[6.580077574186654,53.134981873451395],[6.580374560366525,53.1348593939861],[6.580625184402437,53.13473557821548],[6.580915044315666,53.13462574967144],[6.58125170857868,53.134533427310416],[6.581904143111265,53.1343498867093],[6.58285707208827,53.13411751236494],[6.583792188368014,53.13388980157349],[6.58467181883242,53.13370936857834],[6.585305178757776,53.133539479847904],[6.585639582775679,53.13347412759475],[6.58622879104481,53.1333289395174],[6.58651750636265,53.13323258865914],[6.586914475186927,53.13310639588781],[6.58715050507578,53.132996192326765],[6.587415390361223,53.13284885390735],[6.587853634020664,53.13254071378354],[6.588614929971,53.13186627156776],[6.589594635737407,53.130986533665855],[6.589751974353792,53.13084116775207],[6.589971775546698,53.130685289243296],[6.590141373001918,53.13082018408831],[6.590353171120929,53.130968134945874],[6.590573284756063,53.13109263655214],[6.591406841393492,53.131515622241174],[6.59159944842755,53.13161793174104],[6.591943891373821,53.13132330045803],[6.592672495026561,53.13071206709887],[6.592869528836915,53.13054383090025],[6.594024957451782,53.130988721858905],[6.594615552920852,53.131217324070896],[6.595756655642902,53.131683012232244],[6.596358277692306,53.131931265419105],[6.597189247838363,53.132258978540484],[6.598038181471157,53.13258740309103],[6.599421673852433,53.1331153110526],[6.599726722006134,53.133229950011774],[6.599961787282138,53.13335338458246],[6.601111236815276,53.13379287638271],[6.601963696299975,53.13413831237589],[6.6028185270795,53.134461251591354],[6.60339665978282,53.134668369335934],[6.604212468376271,53.13498450542732],[6.601694775575527,53.137339398283885],[6.600307941384078,53.13675133920441],[6.599173878801871,53.137665975726755],[6.597626924881261,53.137015699902676],[6.597008242805601,53.13749734279789],[6.596468303150516,53.137962910372366],[6.596128666964722,53.138109225404015],[6.595378903983228,53.13860745919565],[6.594498832055052,53.13920315831291],[6.592633723681897,53.14033088831011],[6.592296933032028,53.14009702804535],[6.591762478643329,53.13984897797054],[6.591577025880822,53.139682791580285],[6.591408803533124,53.13981389002709],[6.591064564505223,53.140118401748154],[6.590599573504463,53.14043401042656],[6.59020549457497,53.14072014807619],[6.58975448648986,53.14105538357743],[6.589323192742476,53.141347283627994],[6.588835266363289,53.141699061809675],[6.588662919183244,53.141843677532336],[6.588746920509431,53.14223195700249],[6.587874803608741,53.14258129189959],[6.587036093349505,53.14289613661471],[6.586410022898568,53.143118082624916],[6.586158126519344,53.14314306966173],[6.58584140511569,53.143201955131026],[6.585512229063108,53.143296910839474],[6.584890205360012,53.14350353104292],[6.584660615268187,53.143578617121754],[6.5842381025712,53.143595419515854],[6.584095964214079,53.14375230795725],[6.583987447287376,53.14388190056103],[6.583721664332051,53.143999583411016],[6.583146680865577,53.14428660438152],[6.582591716721605,53.14454107096567],[6.581765198121665,53.14492135881968],[6.581503687371432,53.145031804740086],[6.581193764669432,53.14512116451932],[6.5805774076136,53.145697954271725],[6.579725616737416,53.146356165822425]]],[[[6.550117560435346,53.156513470929994],[6.550360815296638,53.155940464845564],[6.550514107604643,53.15574756369397],[6.550709417246354,53.15556054505619],[6.550890672118018,53.15540691276901],[6.551086171757238,53.15522708087238],[6.551318313314524,53.15507564973828],[6.551677289700977,53.15469293019877],[6.552041009327724,53.1543200486095],[6.552339323843235,53.153961281476334],[6.552725256719046,53.15358099246056],[6.553157639805812,53.15326046021694],[6.552757699472543,53.15323109981091],[6.551692563309119,53.153203709397104],[6.551370966317922,53.15314123158826],[6.551420702135924,53.152766907646104],[6.551449175688467,53.15238020898457],[6.551477541042623,53.15176704995108],[6.551714252135779,53.15178631805434],[6.551998400983436,53.15179074618329],[6.552660276652319,53.1518328394611],[6.55338031311778,53.15181415322485],[6.554332300187937,53.1519154214906],[6.554602407776487,53.15200894719125],[6.554905533941144,53.152051825835635],[6.555083697614644,53.15189552097958],[6.555305200501861,53.151738793468056],[6.555484468222334,53.15156809871205],[6.556213374921361,53.1508258900009],[6.5564069493953,53.15063168913128],[6.556571797259133,53.15048090375892],[6.556751394420362,53.15032278495908],[6.556979845963429,53.15014711456327],[6.556610087569966,53.150127357808714],[6.556235821928046,53.1501067452221],[6.555891421245553,53.15008494159903],[6.555544274345957,53.15007215033255],[6.555581999023523,53.14991901083128],[6.555614634292708,53.149743454489645],[6.555723549052281,53.14934788201035],[6.555768493337094,53.14896371700701],[6.555772466998378,53.14877855477997],[6.556479374603973,53.148829174211336],[6.557126435015851,53.14887767773068],[6.557830381234144,53.148929216780736],[6.558444057589006,53.1489591674608],[6.558671279963528,53.14884910772263],[6.558879401997062,53.1486960986811],[6.559071752317697,53.148512689095206],[6.559279725470767,53.14835428882701],[6.559454042835559,53.14816746030739],[6.559738555274806,53.14807570992251],[6.56039141918273,53.148228383387575],[6.561348466153682,53.1484634462171],[6.562111130127167,53.14853056071167],[6.56279828970619,53.148624472118144],[6.563504171823177,53.14869213473915],[6.56401343632678,53.14873027092455],[6.564514951443876,53.14859324257285],[6.564662838348883,53.14897461847064],[6.564766432792758,53.149376199846586],[6.564845454373788,53.14980857694428],[6.564921171122291,53.15022930385443],[6.564946322079168,53.15065951415491],[6.564972765393327,53.15086235111852],[6.565134033194299,53.151020727472265],[6.565291063105652,53.151188131849096],[6.565512088124514,53.15134502164726],[6.56569773594086,53.151520232067234],[6.565837642692827,53.151717459819146],[6.566161920737701,53.151768189984764],[6.566877906608401,53.15176563831872],[6.567554104096168,53.15178414337075],[6.567877062164382,53.15178635434843],[6.568113510953451,53.15179570745766],[6.568120296334928,53.15198975085993],[6.568060318726847,53.152202425208365],[6.568424611684581,53.152185355651724],[6.5695062929624,53.1521621092051],[6.569797942823059,53.152167319835634],[6.569846910663599,53.15193498269776],[6.569928654739717,53.15158909106305],[6.569965152237732,53.151392823242446],[6.570874656105069,53.15141529757668],[6.571817064042262,53.15143833846382],[6.572172558978426,53.151482453248214],[6.572193220322022,53.15212838494904],[6.572761402995698,53.152132651345056],[6.573390762076002,53.15213271497699],[6.574043614711738,53.152117265458465],[6.574330771690021,53.15223124734158],[6.574441617724018,53.15245751022801],[6.574402914010774,53.152681659771936],[6.57414768978221,53.15302388071103],[6.573902413460878,53.153401948909384],[6.573757881128182,53.15358311160751],[6.573578480482026,53.15374664606998],[6.573395277360473,53.153880562137175],[6.573214477955108,53.15404770449891],[6.573009517936967,53.154206099012704],[6.572808917200529,53.15435995674457],[6.572652395817349,53.15454033793128],[6.572491487699763,53.154724356907764],[6.572298429486089,53.154880835118426],[6.571893703415912,53.15538808465595],[6.571592441615252,53.15557888141581],[6.5713837913514,53.155712147021184],[6.570872103700503,53.15597152130143],[6.570341664181146,53.15620142272469],[6.569760621527093,53.156439908913384],[6.569485092717841,53.15653339131282],[6.569259131795425,53.1566353708347],[6.568984408032514,53.15664886361766],[6.568691332373027,53.15675689568008],[6.56840960010814,53.15689716688944],[6.56793287064556,53.15717865023347],[6.567524277641021,53.157491812344254],[6.567108841649297,53.1578284054245],[6.566715085849465,53.158137823952515],[6.566385649038605,53.158393587676656],[6.566272419467,53.1583533632999],[6.566115427381759,53.1582982920725],[6.565923885964849,53.15823726979141],[6.565653812983454,53.15814736363263],[6.56517561333647,53.15799120448092],[6.564828458223145,53.157870600987145],[6.564532955390349,53.15778004349903],[6.564164018088005,53.157683017105306],[6.563567339063103,53.157457919674556],[6.563414318212051,53.157879093794456],[6.563309803345482,53.1581596013764],[6.56318812126147,53.15813832881905],[6.562872077353643,53.15811716529391],[6.56222154194108,53.15805614481069],[6.561542681875922,53.15799809427588],[6.560820038707268,53.15792429279002],[6.559832007389293,53.15782252918256],[6.558857189923778,53.157711641745294],[6.557902075660659,53.15761043918953],[6.557603780241312,53.157581899228155],[6.557259756365421,53.15757627129085],[6.556894428311488,53.157612188406894],[6.556598006962802,53.157542289515014],[6.55627716208953,53.15745375634217],[6.556003785006613,53.15735127964516],[6.555698535904845,53.15723113992807],[6.555389224291243,53.1571820327993],[6.555034757835179,53.15712168230254],[6.554064500593939,53.1570125089433],[6.553077951834539,53.156908878152215],[6.552070023122609,53.15678837260374],[6.551120899215539,53.15668615937112],[6.550472328889947,53.15658551547688],[6.550117560435346,53.156513470929994]]]]}},{"type":"Feature","properties":{"gezicht_uri":"https://linkeddata.cultureelerfgoed.nl/cho-kennis/id/gezicht/10134255","gezichtsnummer":"1561","naam":"Garnwerd"},"geometry":{"type":"MultiPolygon","coordinates":[[[[6.495047869546353,53.30472595556172],[6.49285520009839,53.306971989331764],[6.491837362844026,53.306653360333435],[6.491654586964296,53.30660471864893],[6.490509077087498,53.30645529043159],[6.490136887316101,53.306332902841596],[6.489892347979913,53.30645016812456],[6.489340119270717,53.30620991599951],[6.488742884344202,53.30626301813695],[6.488701270747008,53.306160958987135],[6.488600236199852,53.30608190951476],[6.488573828380178,53.30598779836233],[6.488692350619851,53.305576949502715],[6.48885105268977,53.30509474252441],[6.487959357649164,53.30483692797561],[6.488350838682355,53.304658113730454],[6.488552428095392,53.30456281159471],[6.488754223197553,53.304475594647585],[6.488904419259188,53.304423895942385],[6.489203755270809,53.304455298011675],[6.489349023812359,53.30450428741044],[6.489376528895431,53.30411314304157],[6.489425896392859,53.30381435414574],[6.490211375072472,53.303790971615854],[6.49064269483966,53.30376274929369],[6.490958741940721,53.30368526256877],[6.491310037812694,53.30369551421119],[6.491520284527992,53.30370436539148],[6.491377870709998,53.304059723679835],[6.491648107400596,53.3041264325646],[6.491444752988814,53.30450391745109],[6.491894165331495,53.304537528012226],[6.491953796788919,53.304405783778094],[6.492399860513859,53.304484353374704],[6.492817408582759,53.30450387590927],[6.493259532030954,53.30448722667077],[6.493732874574632,53.304459505085674],[6.494058911125366,53.30447896736762],[6.494608466957342,53.30461498465222],[6.494828917881616,53.30467046339656],[6.495047869546353,53.30472595556172]]]]}},{"type":"Feature","properties":{"gezicht_uri":"https://linkeddata.cultureelerfgoed.nl/cho-kennis/id/gezicht/10134351","gezichtsnummer":"1567","naam":"Nieuwe Schans"},"geometry":{"type":"MultiPolygon","coordinates":[[[[7.206978226762163,53.177894330091284],[7.207024356020362,53.17799519080363],[7.207043521053201,53.17805961125764],[7.207022508692616,53.178129135379976],[7.207057137271155,53.17816995313399],[7.207099694447258,53.1782214357555],[7.207245997432147,53.17849873201104],[7.207453897006349,53.17885328582768],[7.208063836758193,53.17873617213572],[7.208101532536864,53.17877874055264],[7.208185457976818,53.17888891326591],[7.208356568873056,53.179044497654345],[7.208558850953177,53.17919421568125],[7.208849702330995,53.17938662742739],[7.209095040229856,53.179599502989326],[7.208973611463849,53.179700212612204],[7.208773790641614,53.17985783674633],[7.208596185348729,53.18004568118118],[7.208565238023908,53.18012793922521],[7.208503817430589,53.18026818133113],[7.208365955989099,53.1804050906275],[7.208226863140205,53.180548309830115],[7.208345739618578,53.18081343848576],[7.208240130677731,53.18086357597249],[7.208051284767718,53.180926661423086],[7.207859620444463,53.1809583324832],[7.207670908343292,53.18098905964227],[7.207581652956111,53.18100119998224],[7.207631835361466,53.18112716437964],[7.207670930988118,53.181202966078565],[7.20767849871411,53.18124059943247],[7.207501773651227,53.18141404840146],[7.20725984252518,53.181637919113655],[7.207144157831236,53.181733146913864],[7.206765627658438,53.181590595116724],[7.206437166150265,53.18157131241561],[7.206071590024648,53.18155888320371],[7.206006263461728,53.18149965673096],[7.206080493675746,53.18113003601511],[7.206136425995716,53.18107256516908],[7.206096330224844,53.17994072599052],[7.206083706456114,53.17907090998813],[7.206001281769412,53.178782756985434],[7.205990764321808,53.178568110906205],[7.205984537150186,53.17806399629613],[7.206470744770825,53.178099760631206],[7.206978226762163,53.177894330091284]]]]}},{"type":"Feature","properties":{"gezicht_uri":"https://linkeddata.cultureelerfgoed.nl/cho-kennis/id/gezicht/10134365","gezichtsnummer":"1564","naam":"Lellens"},"geometry":{"type":"MultiPolygon","coordinates":[[[[6.708745018462066,53.29866920656171],[6.70904615105785,53.29885281044901],[6.709369078420301,53.29906223422602],[6.709880144421165,53.29939000350519],[6.710968969999305,53.30006726676104],[6.71122190985778,53.29999977787742],[6.711613535355245,53.29990559798386],[6.71178209298348,53.299923509892196],[6.712000071857725,53.299987605780736],[6.712143340262344,53.300110037924135],[6.711438107582735,53.300494341478405],[6.71163660277498,53.30065660417985],[6.712007304090672,53.30095535800571],[6.711707991409485,53.3011249056301],[6.711519105124043,53.30122673632218],[6.711287511675492,53.30130567279255],[6.711221353433526,53.301349536384976],[6.711150778977109,53.30139614451004],[6.710983050263557,53.301503133018],[6.710823684154775,53.30158936052253],[6.710651206853854,53.30168831313128],[6.710520304679168,53.301773328061515],[6.71043847613563,53.30184432287443],[6.710553815552001,53.30193651078788],[6.709974988850528,53.302286163388324],[6.709539463364309,53.302025859584525],[6.709351317230326,53.301907512796504],[6.709136322251773,53.30198985694214],[6.708740821498427,53.302154164727334],[6.708538537024549,53.302259732511644],[6.708293379762798,53.30223906368591],[6.707968920556866,53.30217613156752],[6.707619821901186,53.302043375763716],[6.707500704759595,53.30197459112408],[6.707237584483879,53.30175911358714],[6.707090073065762,53.301644810060324],[6.706860980571148,53.301413681099994],[6.706643917714848,53.30108536693209],[6.706614670791593,53.30101199995585],[6.706484043944244,53.30091009117952],[6.707037061773858,53.30035405250471],[6.707379160025106,53.300160681927544],[6.707129862911759,53.3000043622235],[6.706840826671089,53.29967683894221],[6.707251074544709,53.29945576103496],[6.70837022385555,53.298871927169124],[6.708745018462066,53.29866920656171]]]]}},{"type":"Feature","properties":{"gezicht_uri":"https://linkeddata.cultureelerfgoed.nl/cho-kennis/id/gezicht/10134422","gezichtsnummer":"1560","naam":"Ezinge"},"geometry":{"type":"MultiPolygon","coordinates":[[[[6.443140145229805,53.30759615224135],[6.443449715630258,53.30786211161562],[6.443119626823504,53.3080447315788],[6.442724284562085,53.30825847601606],[6.442800888877288,53.30832340057361],[6.443042226374112,53.308376094676035],[6.443044382747519,53.308464138047434],[6.44293569087414,53.308620549927014],[6.442633214575732,53.30907340292626],[6.442610996243158,53.3091463842407],[6.442828936115675,53.30916244188341],[6.44318072827321,53.309191700533006],[6.443107085362811,53.3093702694027],[6.443019541919835,53.309593890077345],[6.442875436747712,53.309835979443335],[6.442985330713057,53.309912293156906],[6.442979062778098,53.30996266952157],[6.44300704595642,53.3101250692921],[6.443037387580431,53.310322493512956],[6.443067685477276,53.310518120909855],[6.443161312496294,53.3107877751748],[6.443145310960155,53.31093079227721],[6.443108165568467,53.311251916809674],[6.44307308081166,53.31141217483617],[6.443030627414637,53.3115778891451],[6.443033851169904,53.311893267337446],[6.442988022874704,53.31204373515328],[6.442922542718624,53.312126981034446],[6.442807558821417,53.312210661711106],[6.442668906924038,53.31224692466555],[6.44245657352751,53.31227664570889],[6.442214897322775,53.31233358178454],[6.441958192156879,53.31245085505157],[6.441728350316245,53.31262360484861],[6.441618478500323,53.31273240011422],[6.441568880730714,53.31279034524783],[6.441442264949364,53.31288940271072],[6.441311813432079,53.312954347125675],[6.441224382105655,53.31299914504358],[6.440976750194481,53.31299682364976],[6.440637719923661,53.31299979590058],[6.440453883965371,53.31302926356879],[6.440177500194239,53.31307841232192],[6.439893593153568,53.313126727740276],[6.439717827215812,53.3131794870099],[6.439378304062481,53.31322379529951],[6.439147961828313,53.31325366810984],[6.4389388719165,53.313232134687794],[6.43809027174408,53.31301311264422],[6.437809155421701,53.31286820122938],[6.437482851753705,53.31265449241112],[6.437232114228798,53.31252459024415],[6.437097981150255,53.312438598595215],[6.437023952856411,53.31229457180671],[6.436991556063918,53.3121349052288],[6.436996555230466,53.31184731173587],[6.437009458259197,53.3116378267888],[6.436999726059241,53.31154625528537],[6.437085539615842,53.311434978650915],[6.437146169823683,53.31127539792494],[6.437151428298053,53.311121692500976],[6.437206123222947,53.3109648593593],[6.437262405352641,53.310811606687665],[6.43734255662915,53.31065275384063],[6.437402319498754,53.31051923972681],[6.437430712398122,53.310391391290075],[6.437413282407144,53.31029179970578],[6.437359489657461,53.310239252759835],[6.437437427430976,53.3101127685309],[6.43753736173324,53.309965424332624],[6.437682909799285,53.309719734577875],[6.437816554482116,53.30953974604945],[6.437931376778754,53.309387778347734],[6.438166220498608,53.309235659530565],[6.437735665398919,53.30905251659009],[6.438404882079514,53.3089325429978],[6.438881767650767,53.308800770076914],[6.439184436485074,53.30878464196804],[6.439731449459337,53.308760083071924],[6.440224440356434,53.30873509647869],[6.440480455008522,53.308713083744685],[6.440804122381151,53.30869676749839],[6.440919467450372,53.308689465988984],[6.440920387963688,53.308542986974274],[6.440914920040584,53.30831928481469],[6.441197573550915,53.30834376387965],[6.441340378428642,53.30835509160254],[6.441374877788872,53.3083547889678],[6.441412311183485,53.30835176479936],[6.441461766319,53.308349533747354],[6.441567736972702,53.3083270377368],[6.441510700013197,53.3082646365176],[6.441633450919947,53.30806946298908],[6.441646423191818,53.30804778288272],[6.442178987474615,53.30816891195581],[6.442269681451993,53.308012658766145],[6.44231402535152,53.30792420710428],[6.44252802223491,53.30777945134237],[6.442730392054682,53.307650073432384],[6.442795223826213,53.30760187840093],[6.443057255887967,53.30751960137235],[6.443140145229805,53.30759615224135]]]]}},{"type":"Feature","properties":{"gezicht_uri":"https://linkeddata.cultureelerfgoed.nl/cho-kennis/id/gezicht/10134425","gezichtsnummer":"1558","naam":"Bourtange"},"geometry":{"type":"MultiPolygon","coordinates":[[[[7.196935572382669,53.00443055674064],[7.196687777037127,53.00484955954725],[7.197327098269212,53.00492347108435],[7.197266436633574,53.00504123534722],[7.19743139696533,53.00506660091651],[7.197352093154016,53.00523767750977],[7.196830530164147,53.00523658520229],[7.196929649331268,53.005828301880186],[7.196005586442506,53.006253043818944],[7.196950071869975,53.007142956830585],[7.196407311763964,53.00720599902921],[7.195199043098049,53.0073546049942],[7.195985939077913,53.00796647881009],[7.194025629471669,53.008091394078825],[7.193496048439667,53.00976399608464],[7.193821063683604,53.00998288961008],[7.193547008117674,53.01009398894133],[7.192979493139329,53.00974123926513],[7.19239135715301,53.010004484257685],[7.191130663867011,53.00928648658786],[7.189761958902886,53.01002438083955],[7.188750345647401,53.00941854963984],[7.188052052325144,53.00896528308105],[7.187891256311527,53.008860746429384],[7.187832993602999,53.0087852249828],[7.186813615616025,53.008206459034945],[7.186949628137919,53.00807228649972],[7.188342490543894,53.00712643451754],[7.187391449509305,53.006721912231],[7.189297524879759,53.005900444741044],[7.190118821811577,53.00392955002687],[7.194168565299878,53.00421445132624],[7.196868595349601,53.004396516853646],[7.196935572382669,53.00443055674064]]]]}},{"type":"Feature","properties":{"gezicht_uri":"https://linkeddata.cultureelerfgoed.nl/cho-kennis/id/gezicht/10134426","gezichtsnummer":"1559","naam":"Eenrum"},"geometry":{"type":"MultiPolygon","coordinates":[[[[6.461610422647679,53.362684889339505],[6.461621923991195,53.362844733957715],[6.461626183655286,53.36289501642207],[6.461350267054608,53.36297475869916],[6.462035025093025,53.363807017238095],[6.46181711666426,53.363863777651105],[6.462458169309827,53.364208495061],[6.462918819400839,53.36448742905991],[6.463143228389429,53.36439017241208],[6.463506109294313,53.36478409838554],[6.463724435832123,53.364924120285686],[6.464314282620511,53.36538250724738],[6.464029496605491,53.36540842014469],[6.463813103304629,53.365405864256296],[6.463648379447699,53.365366902392196],[6.463587679400688,53.36546269507477],[6.463277233755587,53.365664058895064],[6.462963534240824,53.365855566603635],[6.462854207558964,53.36592932926337],[6.462759453554534,53.366045194766635],[6.462071946296307,53.36576649044233],[6.462001938687794,53.365850683920215],[6.461620930064522,53.365693241986705],[6.4611532814158,53.365495237769316],[6.460934623914619,53.365401940366205],[6.460595851836248,53.365732945509706],[6.46034403918401,53.365635450004085],[6.460038334976295,53.36560582811534],[6.459820792024794,53.365798267043274],[6.460002080540777,53.365838883555746],[6.460128984944356,53.36586740478901],[6.459675377027192,53.366292883717385],[6.459622604127128,53.36634547182198],[6.459220507454403,53.36612530980099],[6.458599894531939,53.365817235048105],[6.458334836130137,53.36609276372334],[6.458299843454691,53.366075103737884],[6.45782620648662,53.366662498090726],[6.457728008690219,53.36676131715813],[6.456872796433898,53.3664436396843],[6.456829863963873,53.36646918166558],[6.456102637892631,53.36622314549189],[6.455581450555366,53.36604626283575],[6.455898209288004,53.36549262009899],[6.456514642528525,53.364605635485766],[6.456726943836345,53.36468551868852],[6.456820209221699,53.36456967120291],[6.457156651694878,53.364687987166576],[6.457419703493555,53.364271401801936],[6.458076537187532,53.3645270425338],[6.4582301212608,53.36442054127318],[6.458497343789014,53.364534078358574],[6.458889872202037,53.364310429665224],[6.459317746072088,53.36411881348628],[6.459155970519619,53.36401691863715],[6.459504689584551,53.3637837738851],[6.460029327274803,53.36355714636338],[6.460018410960633,53.36354106928508],[6.460086713919757,53.36350900975188],[6.459860180460014,53.36334029992268],[6.459807972886107,53.36335514277672],[6.459396829602178,53.36301195646354],[6.459626035539556,53.36292634511197],[6.459577530217686,53.362848601086974],[6.459539717167157,53.362777950359785],[6.459549357213106,53.362742819780756],[6.459703849171522,53.362673150212196],[6.460069161536945,53.36256385977959],[6.460096889150451,53.36259146844855],[6.460301142375354,53.36252944144479],[6.460644058715978,53.3624257405359],[6.46088256146416,53.36235172531568],[6.461104834530368,53.36228953607122],[6.461104632919442,53.36246206536573],[6.461089861082901,53.36265269634926],[6.461067983297979,53.36273915541416],[6.461171409795826,53.3627301447494],[6.461610422647679,53.362684889339505]]]]}},{"type":"Feature","properties":{"gezicht_uri":"https://linkeddata.cultureelerfgoed.nl/cho-kennis/id/gezicht/10134427","gezichtsnummer":"1562","naam":"Groningen"},"geometry":{"type":"MultiPolygon","coordinates":[[[[6.578245814498985,53.21788196219187],[6.578196447168504,53.21799208641567],[6.578046215204369,53.21824519696026],[6.57789379178734,53.21847316708961],[6.577786530463447,53.21865575685472],[6.577253409460239,53.218597242050045],[6.577017125866022,53.21855285597005],[6.57680489041363,53.21851182557212],[6.576612163156136,53.218472398705245],[6.576330715952097,53.21847339099135],[6.576022746418343,53.21848992228521],[6.575795243285412,53.21854699318315],[6.575783812352877,53.21856687650468],[6.575502892858996,53.21864155012578],[6.575371554169282,53.21871114741815],[6.575140987483993,53.21865681600113],[6.574948705415783,53.21863355758778],[6.574704134197655,53.218614410933],[6.574519443736697,53.218649488314846],[6.574231564004772,53.21863436379763],[6.574015547834354,53.218564609400914],[6.573903122808692,53.218614247913514],[6.573712195569527,53.21880395181884],[6.573503389111589,53.218887792649724],[6.573362364640897,53.219041056981986],[6.573092928173185,53.219370825088255],[6.572992653706132,53.21948145012743],[6.57289922217562,53.21956864282489],[6.572706518456336,53.21974847752923],[6.57256426252917,53.219911638042454],[6.572349724633194,53.220168970815635],[6.572191049752315,53.22033409028997],[6.571953635851677,53.22057637133148],[6.572479966915489,53.2207688740876],[6.57235593462028,53.22088692229793],[6.572445186797867,53.22092018902833],[6.572337570470507,53.221036277781444],[6.572127458949913,53.220963765742525],[6.57207838191063,53.22097593267201],[6.571901513563049,53.22107832660517],[6.571854450304432,53.22110934497994],[6.571614110347322,53.221354350049694],[6.571313003333731,53.221239600062525],[6.571241747384082,53.22131668750912],[6.570940894779192,53.22164855759431],[6.570763971783043,53.22174915305195],[6.57065681265049,53.221827492886],[6.570444735864792,53.22173792316005],[6.570150516894545,53.22192953812586],[6.569968206878972,53.221833383641844],[6.569688337514242,53.221947573097005],[6.569645784731415,53.221924627820414],[6.569526574030522,53.222000389464114],[6.569497690168772,53.22198449856216],[6.56930481224348,53.22210412043076],[6.56927288540282,53.2220864621754],[6.56917858086805,53.22214220806647],[6.569008301187774,53.2222121817359],[6.568847346407684,53.222294644269276],[6.568516452473041,53.222404840186016],[6.568301164317179,53.222471661358455],[6.568102856937939,53.222502369505726],[6.567860009232552,53.22260181205982],[6.567247560943747,53.22276509805084],[6.567107116603699,53.222831181016076],[6.566770280547582,53.22272396011129],[6.566493385858323,53.22300256345332],[6.566277109299019,53.22308826204421],[6.565998322369595,53.223297687671916],[6.565932691321223,53.223526586310726],[6.565518651241202,53.22382810162661],[6.565254678894151,53.22403198812381],[6.565435123416437,53.22411468844793],[6.564393328643178,53.224843822490904],[6.564347830689069,53.22482270152267],[6.564107285461699,53.22500748416805],[6.563801626867926,53.22522076248538],[6.564037772570067,53.22542423469496],[6.563740002649323,53.22548736313107],[6.5633972770875,53.22549431735422],[6.563419037078374,53.22557857590966],[6.563380273812655,53.22569487995401],[6.563350058198844,53.22574010792421],[6.563246213585744,53.22605115521989],[6.563171128644448,53.22615343693897],[6.563046175538933,53.22623913315126],[6.56214989058002,53.22609963694132],[6.561776478394951,53.22613474466505],[6.561685971902958,53.22627581772016],[6.561676932899331,53.22632892571274],[6.561458051738762,53.22676061567739],[6.561408810564302,53.2268222047337],[6.561256481129001,53.22694770686553],[6.561233040120557,53.22696680754603],[6.560816966922625,53.22714071946788],[6.56036245329078,53.22733297841802],[6.559864982398984,53.22754272944996],[6.559680826624045,53.22759934556857],[6.559455078296793,53.22761323319403],[6.559241306790752,53.22762700342386],[6.559067250929849,53.22761432503324],[6.558835208511192,53.22756177394146],[6.558667299162963,53.2274996100242],[6.558429950476849,53.22736173960102],[6.557981231932728,53.22704979850021],[6.557529598676154,53.2267405800658],[6.557308385192324,53.22658996919262],[6.557266674695561,53.22654274820833],[6.557170899052053,53.22648976387347],[6.55701211397982,53.22637718512728],[6.556793481434231,53.226321803503104],[6.5555633761525,53.22624122665086],[6.55499945632666,53.22620897296437],[6.5547291335161,53.22618015102082],[6.554230399876051,53.2260663823577],[6.554098408281607,53.226002964166334],[6.553953373348938,53.22590013270404],[6.553899060093142,53.22582966858759],[6.553897827473722,53.22561760268222],[6.554016854366291,53.22531180808075],[6.55438457395327,53.22440061028466],[6.554461692809408,53.22420665350741],[6.554466872747453,53.22412123273317],[6.554442937645389,53.22406664877546],[6.554320994158896,53.22398695764625],[6.553666501525211,53.223649144000035],[6.553540984816547,53.22354791956214],[6.553382892811433,53.22340477569432],[6.553211977768519,53.223230303967775],[6.553051736738609,53.223062917379984],[6.552945072506748,53.22288332784093],[6.552877238340388,53.22275548188678],[6.552848572859063,53.222691957198656],[6.552778873741955,53.22249493433621],[6.552750329716332,53.22243590162128],[6.552723931725362,53.222345395796516],[6.552700571103498,53.22220094230379],[6.552652580645464,53.22175388766224],[6.552630698263377,53.22166423657933],[6.552637852986773,53.22148533849322],[6.5526544301278,53.22137823977954],[6.552716025274109,53.22116376608724],[6.552801885054055,53.22096073891677],[6.552868774355589,53.22083158414174],[6.553073281762627,53.22047553451791],[6.553209523135712,53.22025314609137],[6.553310116733344,53.22015241987681],[6.553348932385295,53.22009273263045],[6.553426593592352,53.22002997191852],[6.553554323531877,53.219936170832376],[6.553698639536956,53.21984670154768],[6.553912724958425,53.21973498642994],[6.554207784502281,53.219627875232426],[6.554403378944262,53.21955228453339],[6.554733615587395,53.21947268758176],[6.554922937716121,53.2194420889079],[6.555141160723868,53.219428282733816],[6.555438190421625,53.21944965440967],[6.55561421918347,53.219481190033164],[6.555781315725842,53.21951460966467],[6.555965438844308,53.21929175159571],[6.556038794929034,53.21906997226039],[6.556086164394553,53.21893920839406],[6.556202149405292,53.218688257244004],[6.556557001273676,53.21874410964097],[6.556650784119163,53.21855807629859],[6.556714980623348,53.218440627707764],[6.556785761386053,53.21828986530022],[6.556905866335038,53.218025393650024],[6.5570498073796,53.217811911814],[6.557286087463145,53.21746992274968],[6.557454521245181,53.21722115462548],[6.557586628837681,53.21701317929546],[6.557778666475416,53.21675159947484],[6.557543374326394,53.2166873955187],[6.557492511324429,53.2165782577531],[6.557572010516154,53.21647324027069],[6.557636807989592,53.21648878368899],[6.557763180379873,53.216345566007796],[6.557866591133774,53.216073168269304],[6.557836049573238,53.21594046774892],[6.557760996047672,53.215822579700884],[6.557707529316856,53.21572784561864],[6.557368979154859,53.21522251842001],[6.55739346346619,53.21513151711439],[6.55744704133612,53.21506449528653],[6.557641831146214,53.21496015042001],[6.558216314107813,53.21494555849023],[6.558761945813278,53.21491596866551],[6.558959702542161,53.214921226621314],[6.559078609044096,53.21488951157742],[6.55916397955809,53.214835658016234],[6.55922511076283,53.214771257503635],[6.559188167612562,53.21473387552965],[6.559177712919932,53.21462434367704],[6.55908843101767,53.21436820494568],[6.558960516343993,53.21406751147447],[6.558758951535486,53.21375585472878],[6.558462213307909,53.21335706011367],[6.558146327890941,53.21324601624619],[6.558012580607409,53.21328236843155],[6.557929853542756,53.21315736618229],[6.558063649172281,53.21312281089247],[6.558173498693979,53.21308848916525],[6.558244046644682,53.21304017271267],[6.558339598836092,53.21297543663468],[6.55840801702226,53.21290377624254],[6.558463135870335,53.21283853611854],[6.558655164396949,53.21285373546983],[6.558800652056898,53.21286399716439],[6.559176447323109,53.212865718717765],[6.55932728830632,53.21285256285014],[6.559456981792268,53.21283242430056],[6.559719312883624,53.212790320726064],[6.56019530219487,53.21267783124326],[6.561914341256994,53.21225482685831],[6.564192531169243,53.21175172626298],[6.564360860769082,53.21172131828166],[6.564520626612984,53.21170627099216],[6.564670209977744,53.21170210711263],[6.564997958233499,53.21169889005729],[6.565298841667364,53.211698631831304],[6.565374355506162,53.21172305224431],[6.566902300467154,53.21176105772141],[6.56715975928065,53.21176032317116],[6.567397517456458,53.21175079545315],[6.567562409726599,53.21175905834964],[6.567724431573462,53.21177184247026],[6.567870138456951,53.21179017877553],[6.568323771756982,53.211901638473975],[6.570060969931156,53.21231047977988],[6.570619769024584,53.212435272235865],[6.57077784558239,53.212467861282086],[6.571682741092732,53.21271234795073],[6.572630093731319,53.21297617847608],[6.572813055719354,53.213042667359815],[6.572926952335056,53.21310175077579],[6.573679659086158,53.213527454789435],[6.573986416791775,53.21368617633855],[6.575231241786082,53.21436850657713],[6.575971624637298,53.21477994011469],[6.576155637108274,53.21488415648872],[6.576641888807514,53.215145334908804],[6.577014237957478,53.21534743196963],[6.577143545438307,53.21547645263637],[6.577042586320483,53.215507109036075],[6.576939869903884,53.21558271484731],[6.576790742058893,53.21571269921132],[6.576466174581452,53.2159414757058],[6.576188485527108,53.21613294245907],[6.576017792144544,53.21629549059186],[6.575895526034819,53.21642251170223],[6.575718621185807,53.21657703314647],[6.575581386047112,53.2167042021885],[6.575435169661183,53.21683146000559],[6.575704306411314,53.21692764490022],[6.57598095279515,53.217024653434784],[6.576229063323053,53.21711834955927],[6.576414064146786,53.21720368427873],[6.576642026655812,53.21727241730242],[6.576846895701244,53.2173180142027],[6.577010820325151,53.217399063771396],[6.577163488659596,53.21750628533902],[6.577402104454531,53.21758120176437],[6.577577114637934,53.21762978953071],[6.577742897172073,53.2176694821936],[6.57801211849175,53.21776835704245],[6.578245814498985,53.21788196219187]]]]}},{"type":"Feature","properties":{"gezicht_uri":"https://linkeddata.cultureelerfgoed.nl/cho-kennis/id/gezicht/10134428","gezichtsnummer":"1563","naam":"Huizinge"},"geometry":{"type":"MultiPolygon","coordinates":[[[[6.675777141843421,53.34332141516292],[6.675943645756656,53.34351642799004],[6.676139855183676,53.34375066133984],[6.676274807427581,53.343894790708376],[6.676351072948668,53.34393441086031],[6.676412198018447,53.34402002280782],[6.676606427010439,53.34423810150675],[6.676784732030332,53.34442579767223],[6.677312422168806,53.344346450415415],[6.677561841092239,53.34470232257065],[6.677768182038152,53.345023610469255],[6.677870946440489,53.34514561807999],[6.677675722684926,53.34519534015472],[6.677434635643716,53.34526801947772],[6.67719193898216,53.34533712110755],[6.676926831777067,53.34541005708577],[6.676762968687005,53.345454049576254],[6.676547285682949,53.345472537600116],[6.676389803148176,53.3455290418017],[6.676408570186619,53.345554001875605],[6.676443021307695,53.34560125921763],[6.676489965998618,53.345664557702435],[6.676538546490672,53.345732331714906],[6.676506193179382,53.34575514405539],[6.676360181053146,53.3457935528693],[6.676491121115721,53.345953900072395],[6.675430325250436,53.34633460104162],[6.675098641529927,53.34593916809936],[6.675083038643655,53.34591956564123],[6.674494531369197,53.346075037809676],[6.67394499705719,53.34622829278144],[6.673648514821445,53.34630694886546],[6.673536703664396,53.3463342049072],[6.673450358995161,53.346359391202164],[6.673320855217101,53.346397619693306],[6.673191431695712,53.34643854303402],[6.673126049727101,53.34646170766805],[6.673037988753537,53.34647972308446],[6.672978182239952,53.34648845015232],[6.672888378543551,53.34649839654466],[6.672828679259723,53.34651071685699],[6.672734452340675,53.34652340627439],[6.672697056433602,53.34652829914507],[6.672649313022514,53.34653869431932],[6.672638590076395,53.34653162001739],[6.672615160285106,53.34650131752277],[6.672574788284372,53.34645681826623],[6.672495733430958,53.3463740919724],[6.672426195483506,53.34630833761971],[6.672362769757576,53.34624611236656],[6.672316688420293,53.34621155882467],[6.67227224239415,53.34618148087094],[6.672531571623829,53.34606548343776],[6.672574113773277,53.34603177987383],[6.672655364771024,53.345986879092145],[6.672726590084049,53.345958260536555],[6.672839499644477,53.34591751424747],[6.672696939324012,53.34576986803298],[6.672329150598984,53.34552218672252],[6.672050336319406,53.34533735539021],[6.671788063913024,53.34515324531501],[6.671484646570948,53.34494890595396],[6.671189300310711,53.34476335060088],[6.671085321168849,53.34470065909095],[6.671544242553886,53.34453041259724],[6.671822622923021,53.34439893658475],[6.671913065997832,53.34436022837522],[6.671988149242307,53.34431000219638],[6.672057656686148,53.344274213422004],[6.672138958536442,53.344231109631544],[6.672194982461494,53.344196363480485],[6.672282288497939,53.34415319542411],[6.672318985356084,53.344124946089586],[6.672382755868653,53.34409820460727],[6.672449394472419,53.34406693934773],[6.67255444520795,53.34401459524279],[6.672678634697847,53.34394946579396],[6.672773203926643,53.34389813216473],[6.672813385206638,53.34388602052927],[6.672991695185849,53.34387333050103],[6.673128242317827,53.34387007302551],[6.673248062622178,53.343859805360815],[6.67332888092735,53.343850853376395],[6.673408251755403,53.34384371405569],[6.67350740527189,53.343845349227266],[6.673591547731576,53.343847144913425],[6.673660732807533,53.343850897806206],[6.67378090183888,53.34385230790472],[6.673845342052485,53.343848023904606],[6.673967707994661,53.34382245178425],[6.674046783367037,53.34380543041035],[6.674098919341026,53.34379139316369],[6.674170408543797,53.34377175704721],[6.674234177377337,53.343745014585096],[6.67433233721272,53.343713410861646],[6.674427521555882,53.34368273752826],[6.674661475390906,53.343622721190584],[6.674907679101137,53.343570660761785],[6.675093945910616,53.34352283629501],[6.675282784563234,53.3434606061],[6.675449482554268,53.34341119346984],[6.675646148174898,53.34335966225028],[6.675777141843421,53.34332141516292]]]]}},{"type":"Feature","properties":{"gezicht_uri":"https://linkeddata.cultureelerfgoed.nl/cho-kennis/id/gezicht/10134429","gezichtsnummer":"1565","naam":"Marsum"},"geometry":{"type":"MultiPolygon","coordinates":[[[[6.871323941723599,53.3398795927943],[6.871319482345081,53.33957590331684],[6.871315148673208,53.33945014546142],[6.871337550724386,53.33922880039647],[6.871322927855728,53.33910946010741],[6.871375315375338,53.33888684620279],[6.871385353763708,53.338611734539064],[6.871331709736504,53.338492875930854],[6.87122908118072,53.33843393303788],[6.871078024541132,53.338363905296966],[6.870866889532318,53.338336855467496],[6.8719772027694,53.336746910653595],[6.872782657505421,53.33668034529104],[6.872998270196935,53.3366633023425],[6.873475509504529,53.336657403357165],[6.873817296393329,53.33668552902441],[6.874141725905108,53.33673274013536],[6.874819834496154,53.33689150090887],[6.875065346899719,53.33695765910238],[6.875336838586395,53.33703697504002],[6.87533117284287,53.337307540013505],[6.875657450915516,53.33736460939246],[6.8758234676391,53.33738951350488],[6.87603209628756,53.337430964128274],[6.876356844368519,53.33748715191621],[6.876633350836938,53.33753764591617],[6.876897758477124,53.33758559323881],[6.877015658464922,53.337608395954796],[6.877114110529733,53.337633236878226],[6.877251552042259,53.3376566958451],[6.877386427246464,53.33769276762388],[6.877478876567309,53.33771768265502],[6.877601963434582,53.33776019089817],[6.877724482358166,53.3378296656842],[6.878034140563405,53.33801364495833],[6.878028883615627,53.33803527784649],[6.878052040259989,53.338096997835514],[6.878172079732402,53.33822491543928],[6.878236069438572,53.33829511554041],[6.878437169106097,53.33850919700628],[6.878517007643616,53.3386034640374],[6.87856696231325,53.33865856093551],[6.878627197402952,53.338750375101704],[6.878695403498794,53.33885557016317],[6.87877385929793,53.33899658418678],[6.878826669457051,53.33917745711133],[6.878867543007813,53.33931714002113],[6.878936910739643,53.33958587553647],[6.878959152488148,53.339707816496514],[6.878958546579058,53.33977702035969],[6.878923576449533,53.33985114386194],[6.878854483338214,53.339980508588276],[6.878753024001747,53.340129146526586],[6.878702702305282,53.34019357520735],[6.878642434283118,53.34027430301258],[6.878508514057007,53.34043951914817],[6.878367243887035,53.34060931954138],[6.8782212522291,53.34077288772769],[6.878093838228829,53.340909265753965],[6.878014056365371,53.34099023517843],[6.877897404575347,53.34109053340018],[6.877707114488688,53.341189048449415],[6.877457160089114,53.34129908656488],[6.877222791183462,53.34133883606336],[6.877122727229443,53.34135445454523],[6.876920094444971,53.341400100740465],[6.876618328852942,53.341488312698004],[6.876417972393496,53.341556396156385],[6.876306272989659,53.34158294190115],[6.875966640117241,53.34166173600114],[6.875793091679959,53.341680060554594],[6.875635308161821,53.341676622031684],[6.87533256663643,53.341649815267566],[6.875186790661058,53.341646227538924],[6.875099426643588,53.341638322183854],[6.874898438232634,53.3416012685577],[6.874876687132379,53.34131936078965],[6.874816743662246,53.34132279843197],[6.874514086380218,53.34134181986694],[6.874334659006759,53.341363809657366],[6.873993796024482,53.34136353197722],[6.873871210952182,53.34129225695186],[6.873780982628329,53.341244845357096],[6.873688850517088,53.34118577475157],[6.873561701726363,53.34111275853367],[6.873430112652153,53.34104159437603],[6.873317973751107,53.34096839236088],[6.873151475062751,53.34084284159752],[6.872937870004267,53.3405704937221],[6.87270045312366,53.340260696267066],[6.8726012814351,53.34012802230846],[6.872513205068014,53.34001228559594],[6.872401470013658,53.33986359093128],[6.872126780797145,53.339866085208286],[6.871323941723599,53.3398795927943]]]]}},{"type":"Feature","properties":{"gezicht_uri":"https://linkeddata.cultureelerfgoed.nl/cho-kennis/id/gezicht/10134430","gezichtsnummer":"1566","naam":"Niehove"},"geometry":{"type":"MultiPolygon","coordinates":[[[[6.369205580573517,53.289274535544415],[6.370999171838106,53.28934253109071],[6.370857642200925,53.29036988175116],[6.371775256412885,53.29042796201831],[6.371188960954072,53.29082545012808],[6.370655359151719,53.291232388415594],[6.370480989687956,53.29134613961192],[6.369789737603124,53.29115320668782],[6.369735978890088,53.29122912802469],[6.369546177545895,53.29138973079536],[6.369102605445058,53.29153623300436],[6.368975911839673,53.29157051629777],[6.368722810254018,53.29165166041799],[6.367800850429294,53.29199705944594],[6.366512909687035,53.29220884939982],[6.366340331403535,53.292203965927655],[6.366141732511057,53.292175930888575],[6.366158961692782,53.292076046957305],[6.365491515967825,53.29180831239846],[6.365093541201206,53.29165160340295],[6.364723697353526,53.29134639677716],[6.364913781262369,53.29119748110259],[6.365202306846262,53.29095880328065],[6.364998226014631,53.29095327577087],[6.364864779757805,53.2909543618344],[6.364799094823311,53.29063679526301],[6.364787357013054,53.290582076744556],[6.364780300637996,53.29053540744633],[6.364745054106002,53.290435950680916],[6.36472465895834,53.29033008292301],[6.36459121862462,53.28980189862154],[6.36454120978789,53.28958035350606],[6.36444689914542,53.289058140724904],[6.364763041263861,53.2891121797983],[6.365329173731949,53.2892127067739],[6.365466664325359,53.28919181822136],[6.365564744167642,53.28915238006549],[6.365747194047117,53.28913022643691],[6.365884296868061,53.28909226732671],[6.366071203540423,53.28906827971198],[6.366513720194041,53.2890080618665],[6.366718903694381,53.28899650452524],[6.367356841337512,53.28895715478165],[6.367557710156961,53.2889537185328],[6.367817236456677,53.288957890472744],[6.36812144867532,53.28901471388788],[6.368602146162776,53.289116821653934],[6.368740984140181,53.289155225385116],[6.368991836400992,53.28923944032501],[6.369130450144111,53.28926796093313],[6.369205580573517,53.289274535544415]]]]}},{"type":"Feature","properties":{"gezicht_uri":"https://linkeddata.cultureelerfgoed.nl/cho-kennis/id/gezicht/10134431","gezichtsnummer":"1568","naam":"Onderdendam"},"geometry":{"type":"MultiPolygon","coordinates":[[[[6.581776490575351,53.335031020714084],[6.58224318837359,53.334915854008244],[6.582382442215893,53.334902787838544],[6.582698869473255,53.33489065564864],[6.583051740595696,53.33489343643397],[6.583620054769625,53.33492372637798],[6.584051194383387,53.334933812766046],[6.58465217855931,53.334951192107106],[6.585140450434345,53.33496429995652],[6.585825832350944,53.334993412939724],[6.586574575597326,53.335033571822876],[6.586655770207076,53.334606822118346],[6.587134183607763,53.33464338398905],[6.587683437112998,53.33469001989533],[6.588915769192964,53.334737016240176],[6.588908668973783,53.334805381361605],[6.589718966913458,53.33479188753648],[6.589701572188984,53.33465277738205],[6.589690184759315,53.334567523578514],[6.589699772039096,53.334319412027135],[6.589758011965722,53.33409327898794],[6.589977806838018,53.33411534262166],[6.590059982552182,53.333886274112324],[6.590111021525483,53.33372491265692],[6.590171913342524,53.333540088774576],[6.591539951305283,53.33371689679317],[6.591404821859271,53.334092071280885],[6.592145705475767,53.33417361009906],[6.592001600114458,53.334549773795274],[6.591908230872369,53.33480771125556],[6.59182733142549,53.334974764300554],[6.591892771839356,53.33500645845069],[6.592405059689366,53.33501929616631],[6.592390680427682,53.3354175234856],[6.592965003122028,53.335393792659424],[6.592801159957627,53.33608376913231],[6.592661402724206,53.33607888025804],[6.592404426582576,53.336069774696654],[6.592123939187911,53.33607887636922],[6.591644312696618,53.33610704610101],[6.591157457397478,53.336145170983876],[6.590880272234911,53.336165019965854],[6.59060786553512,53.33619470515427],[6.590405322230577,53.33619942817088],[6.590387360725841,53.33647008862359],[6.589695028768785,53.336515655348265],[6.589232676051214,53.33646366663812],[6.589141121860033,53.33646458196755],[6.588919319146966,53.336532397479964],[6.588472559497839,53.33666266713423],[6.588184913543404,53.33668441160045],[6.587921966367251,53.33699975301645],[6.587871711828026,53.33702811169936],[6.587945134608065,53.33713071816313],[6.587300446870895,53.3373779815525],[6.586974244382551,53.337147599602986],[6.586626582413524,53.33690125595101],[6.587185690841935,53.33665395170198],[6.586807763416822,53.336345008178654],[6.586858918248262,53.336295074394656],[6.587060878780738,53.335568782072144],[6.586788222680274,53.33553555864307],[6.586438623148947,53.33548872442576],[6.586250691085774,53.33547891701167],[6.585954597528207,53.335466593400575],[6.585652850647284,53.33546690590807],[6.585493685010948,53.33546579661769],[6.585330566561096,53.335484495852306],[6.58480011491185,53.33546641727177],[6.584600853194684,53.33542706612962],[6.584376901298247,53.335417614533014],[6.583714675166349,53.33541162656514],[6.583105428043642,53.335421282877704],[6.58229331588413,53.335423966793606],[6.581772244989791,53.335419260708974],[6.581776490575351,53.335031020714084]]]]}},{"type":"Feature","properties":{"gezicht_uri":"https://linkeddata.cultureelerfgoed.nl/cho-kennis/id/gezicht/10134432","gezichtsnummer":"1569","naam":"Oostum"},"geometry":{"type":"MultiPolygon","coordinates":[[[[6.503044027629237,53.278415303323136],[6.50243926305822,53.279379739193296],[6.502289902253137,53.27992388742038],[6.502179679751654,53.28024212054043],[6.502099707362126,53.28080269782139],[6.502071226668217,53.28202147896001],[6.500393592586037,53.28197054105485],[6.499685301722827,53.28188993786266],[6.499030932112754,53.281807034191694],[6.498121319210279,53.28176872260427],[6.498049791401,53.28190237847801],[6.497485138860538,53.28186806023685],[6.497290265105321,53.281869861369415],[6.49707919925537,53.28182508406172],[6.496395129921133,53.281694814145524],[6.49594781899841,53.28161717039051],[6.495182186509513,53.28146338397755],[6.495066437910753,53.28127664207416],[6.494973913501838,53.281118441399464],[6.494924768741288,53.28101465583309],[6.494872257191182,53.28089652352644],[6.494814280294016,53.28074069995477],[6.494813265140856,53.280525941420066],[6.494779872157088,53.28033484530701],[6.494729045306341,53.28022388626833],[6.494196934358733,53.280112870760284],[6.494146315925024,53.28006840673688],[6.494170260111328,53.27954070164279],[6.494135692888097,53.279479016076365],[6.493897106789092,53.279471329897056],[6.493853366762943,53.27916890109505],[6.493991569513186,53.279120899916535],[6.494015645625069,53.27906586280089],[6.49395560035006,53.2788291828376],[6.494265232328805,53.278801168242225],[6.494209936353011,53.27857432932455],[6.494574749494669,53.27853502198695],[6.495180909371285,53.27843597631175],[6.495205444985873,53.27839890691725],[6.49550347200411,53.27826945308533],[6.495709697668102,53.27824328747049],[6.495928329826691,53.27823318198012],[6.496286103726925,53.2781534968781],[6.496634305430619,53.278051433830505],[6.496855171750789,53.278011651828294],[6.497250787579464,53.27800440174435],[6.497760319229396,53.2779960971149],[6.498218471898824,53.27797209058275],[6.498548158957958,53.27796634466241],[6.498424615087138,53.2778264056822],[6.4982596537218,53.27765000662783],[6.498233131771839,53.277609814433696],[6.498095447912423,53.27738643500664],[6.498988978560303,53.27732784501191],[6.499856437491303,53.277362945542386],[6.500257609426291,53.27739697020087],[6.500414697382444,53.27744224217387],[6.500506136482922,53.27749980443179],[6.500498008651072,53.277591538209684],[6.500478438266914,53.27764653494818],[6.50095712299104,53.27772117496089],[6.500901248736448,53.27787984880071],[6.500807616713601,53.278144010293005],[6.501432364587492,53.27818494407618],[6.501982191810994,53.27822746861996],[6.503044027629237,53.278415303323136]]]]}},{"type":"Feature","properties":{"gezicht_uri":"https://linkeddata.cultureelerfgoed.nl/cho-kennis/id/gezicht/10134433","gezichtsnummer":"1570","naam":"Oudeschans"},"geometry":{"type":"MultiPolygon","coordinates":[[[[7.146456351922809,53.13692166068213],[7.146571921559975,53.13715454191813],[7.146431080007573,53.13718267417833],[7.146312643432996,53.13721047732963],[7.146247395677549,53.137223119230065],[7.146182257277093,53.13723845578981],[7.146099486383083,53.13726124129338],[7.145985712721307,53.137293469499475],[7.145953544484915,53.137311018261045],[7.145837184249872,53.1373531707253],[7.145736780393729,53.137383404917415],[7.145674920570951,53.13740588321094],[7.145617614646066,53.13743009217291],[7.145570691557497,53.13745235120091],[7.145488357334078,53.13748591506509],[7.145441397669003,53.13750727581085],[7.145363580756858,53.13754167206453],[7.145296183109649,53.13757501661667],[7.145211043279431,53.13761311528432],[7.145171697579364,53.137637959271544],[7.145076830496341,53.137694175889884],[7.144982108927838,53.13775398536081],[7.144948701321038,53.13777784338986],[7.144913799978733,53.13780172332196],[7.144855363780159,53.13783493615201],[7.144795652409428,53.13787356025619],[7.144759512253627,53.13790374967783],[7.14470420894485,53.137940511541],[7.14468559234981,53.13796055746989],[7.144674225658867,53.137975104457176],[7.145836646292875,53.13888647440582],[7.145496330506181,53.13893460962748],[7.143556102981384,53.13926145595976],[7.143466258594552,53.13929422968306],[7.143408802329739,53.139351694070754],[7.143331234311061,53.13942922603822],[7.143300264852456,53.13947641574527],[7.143262117782571,53.13953090076083],[7.143190997497864,53.13962002208391],[7.14314002515513,53.139689974024165],[7.14306799303642,53.1397934888753],[7.143027440289204,53.139862389305335],[7.142958540770848,53.1399694532372],[7.142907238659177,53.1400681703877],[7.142894337843484,53.14015553965969],[7.142893315853857,53.14020408796418],[7.142881180771076,53.140273470703775],[7.142858516339008,53.14034121018715],[7.142840660795283,53.1404169680923],[7.142822148560609,53.140513407214975],[7.142819996675266,53.14057095971987],[7.142815950605168,53.140618653559095],[7.142796820945883,53.140662973334834],[7.142796595165658,53.140841830914866],[7.142113269163992,53.140872512284936],[7.141701342280565,53.140887532203394],[7.141150163666103,53.140896500225935],[7.14015084215151,53.14091202259175],[7.139371473184596,53.140933308129924],[7.139252994431516,53.1408865072912],[7.138597262711575,53.14052760015669],[7.138262077716959,53.14022242522298],[7.138122409624925,53.1400950441508],[7.138033815657822,53.14001095609398],[7.137764534418619,53.139783009301354],[7.137639184081843,53.139676988843945],[7.137306001849108,53.13945806341546],[7.137301907351969,53.13954170830463],[7.137277160269427,53.13959509685123],[7.137242065600225,53.139651332815006],[7.137196079083114,53.139696942670966],[7.137134023788504,53.13975177482691],[7.137052621844658,53.13980868701199],[7.136958979277068,53.139858587775095],[7.136872515181125,53.13990119352731],[7.136785869551474,53.139939308044895],[7.136686983370781,53.139970411105836],[7.136623258648811,53.13998392420941],[7.136588974260043,53.13998622228925],[7.136558518381791,53.13997228671149],[7.136405078811725,53.13987386519549],[7.135888639588235,53.13948414954647],[7.135869401939932,53.13948892412171],[7.135402123360069,53.139428335357],[7.135284595246633,53.13940488465242],[7.135196173473269,53.139398984502094],[7.135089174338356,53.13937717753439],[7.134952372602322,53.13935760271432],[7.134857867236637,53.13934909476128],[7.134780816011709,53.139328648238084],[7.134685078973097,53.13928960014259],[7.134614264998272,53.139238504577975],[7.134565821263726,53.139186183982126],[7.134518219351353,53.13911767334139],[7.134500999702608,53.13906130232637],[7.134466443291929,53.13898271502329],[7.13446412498597,53.138925227939936],[7.134444723507349,53.13885181221665],[7.134456202539491,53.13883996089525],[7.135087442995885,53.13863032988849],[7.135368565499245,53.13841142399692],[7.135609123897095,53.13807626995486],[7.135769648695634,53.13786900915245],[7.135822965766267,53.13778284842851],[7.135874346514455,53.1377227801079],[7.135921391030664,53.137666370107574],[7.1359590382007,53.13759931206754],[7.135993110510891,53.13755477530551],[7.136039284582415,53.137476807605424],[7.136066214551609,53.13744046394963],[7.136102258847917,53.13737073295714],[7.136132321101349,53.13733793862269],[7.136183447097732,53.13727158251664],[7.13619077762891,53.13723103109803],[7.136191807096632,53.13718248277355],[7.136175093670275,53.13713868726799],[7.136160345294753,53.13710654701829],[7.136102874738118,53.137015711892325],[7.136018112217328,53.13695223803454],[7.135686025505208,53.13668565769263],[7.135574820875119,53.13659650521865],[7.13661089002593,53.13630905639049],[7.1369195088034,53.13621647088601],[7.136474216395767,53.13584818782713],[7.137489901170778,53.135537660791066],[7.137719412679008,53.13574372013222],[7.137933772227997,53.135944607852416],[7.138222738063939,53.13617945674688],[7.138467519749426,53.13639338040952],[7.138531311228626,53.13638166280461],[7.138619986487467,53.136356998707555],[7.138745748783,53.13632550102464],[7.138828957554592,53.136313499401204],[7.138943932397995,53.13631091971254],[7.139028702640021,53.1363375420418],[7.139148589677984,53.136382524914154],[7.139310662518055,53.1364358784311],[7.139458856949341,53.13647864951184],[7.139528364324377,53.13649740581494],[7.139610987732834,53.13650788135367],[7.139811787753343,53.13655797147784],[7.139898710654538,53.13656389009995],[7.140010186176499,53.13658562725919],[7.140154595022793,53.13660868002292],[7.140241481728956,53.136613700161575],[7.140332813094891,53.13661775643775],[7.140504220632372,53.13660626063481],[7.14062255030841,53.136575768507704],[7.140697163877703,53.136536029629085],[7.140761612525382,53.136503629599055],[7.140806898019596,53.136477801366595],[7.14085466182446,53.136439354119226],[7.140915868422732,53.136400710092204],[7.140992814316989,53.13634475909487],[7.141082984708385,53.13628322186573],[7.14121581611112,53.136204882251086],[7.141319755953749,53.13615123215278],[7.141404569102324,53.13610505212565],[7.141477723868101,53.13606623286383],[7.141562573049202,53.13602095095888],[7.141657732041252,53.13597192295861],[7.141764694420399,53.13591912696579],[7.141863897380199,53.13585925437913],[7.141945831237821,53.135815812418805],[7.142032136692547,53.135769610073204],[7.142122631820353,53.13571615616478],[7.142316772969588,53.13560186535799],[7.142396848420837,53.13554946263373],[7.142679222404246,53.135399725490956],[7.142969499244336,53.13526065704636],[7.143250120946598,53.13510465281504],[7.143498281867361,53.134959010173745],[7.143767739243563,53.13548623122578],[7.143543402314291,53.135592878174684],[7.143870162169622,53.13653808419925],[7.145044431824103,53.13667455104357],[7.145385570063238,53.136720775346646],[7.145422912307438,53.136757076819606],[7.145454754538068,53.1368419924026],[7.145525798383138,53.13700901923977],[7.146456351922809,53.13692166068213]]]]}},{"type":"Feature","properties":{"gezicht_uri":"https://linkeddata.cultureelerfgoed.nl/cho-kennis/id/gezicht/10134435","gezichtsnummer":"1571","naam":"Saaksum"},"geometry":{"type":"MultiPolygon","coordinates":[[[[6.422604691269603,53.31153904717192],[6.422682015637625,53.3116974316372],[6.423106549939435,53.31269300656189],[6.423609237363278,53.3140051084139],[6.423785627401924,53.31472605413575],[6.423854087188501,53.31476500163752],[6.423904915287867,53.3149442813314],[6.423815356546797,53.31496392423365],[6.423671638943103,53.31497774401527],[6.422732896118209,53.31500201073926],[6.422127889520688,53.31505215161192],[6.421729911109883,53.31510050753582],[6.421507106880775,53.31494517190111],[6.421389098943744,53.31490485227092],[6.420590049334952,53.315122894177335],[6.420080779385191,53.31522342113309],[6.419830759313514,53.315247135738964],[6.419632730216398,53.315248837051705],[6.419122262543924,53.315174145177416],[6.418730593183258,53.315110113235455],[6.418494882732665,53.31504204607669],[6.418391170134524,53.31497194738495],[6.418334359856282,53.31504342341057],[6.418278602505878,53.315158921275014],[6.418210060332181,53.31542998481148],[6.416796180405854,53.31541424924102],[6.416876112957008,53.31517993115255],[6.416888518099258,53.31507109552223],[6.416947461223621,53.31464915191444],[6.416979258945832,53.314472755852975],[6.41705846138644,53.31427079304513],[6.417061588109192,53.314213256494725],[6.417061564194006,53.31414945681161],[6.417044713878696,53.31400942116327],[6.417022976782157,53.3138532527597],[6.41699905516596,53.31373124948748],[6.416957129423317,53.3135464991635],[6.416980807734186,53.31346991611187],[6.416904149355003,53.313464282810656],[6.416943320669409,53.31334533328018],[6.416987505029012,53.3131850056236],[6.417077716363815,53.31287871188505],[6.417130962422596,53.31265810092996],[6.417132521881162,53.312534980671174],[6.417142991104496,53.31228238701109],[6.417155148399508,53.31191206348328],[6.417189602663395,53.311784168315725],[6.417216043665219,53.31169767698697],[6.417164069189846,53.311531883145456],[6.418035601053958,53.311523512019754],[6.419063314029742,53.311520982399514],[6.420075552318261,53.31149880798536],[6.421005263080311,53.311476436409116],[6.421741720265459,53.31146650451089],[6.421930515696491,53.31145589320328],[6.421774901038312,53.3116612131985],[6.421960071691985,53.31162457390511],[6.422322015580178,53.311576527345764],[6.422604691269603,53.31153904717192]]]]}},{"type":"Feature","properties":{"gezicht_uri":"https://linkeddata.cultureelerfgoed.nl/cho-kennis/id/gezicht/10134436","gezichtsnummer":"1572","naam":"Slochteren"},"geometry":{"type":"MultiPolygon","coordinates":[[[[6.791977367644308,53.22161354152095],[6.792703182614988,53.22132465575239],[6.794700129206538,53.22052659079088],[6.795633550198334,53.22017683758899],[6.796127022376714,53.219973335701454],[6.798809252308846,53.21893529385507],[6.801599901953042,53.21782851185981],[6.803921041949141,53.216881780637756],[6.803564139708492,53.216590329437246],[6.803284918940016,53.21629346699093],[6.803105570366323,53.216074508962606],[6.8025173215285,53.215347229957],[6.803033441078464,53.21506075310485],[6.803855649266131,53.21566304730693],[6.80432067911134,53.21541670995942],[6.805522913892669,53.21486958781845],[6.807480899456525,53.21399537688928],[6.809568154764501,53.21313937155725],[6.81215084071383,53.21210130436021],[6.81516261814074,53.21091428468935],[6.818532546237168,53.209607883732694],[6.821282586462126,53.208483142145745],[6.823588967437816,53.20752541193891],[6.824233310637867,53.20817643023581],[6.82343580144067,53.20850231726703],[6.823795191350161,53.20882154008168],[6.823626966029684,53.20889455042774],[6.825441077886914,53.21055425173549],[6.823890841320682,53.21120460037376],[6.821366288806194,53.21222515354406],[6.818459674607038,53.21342096008257],[6.815779686421027,53.21450255982918],[6.812298795274415,53.21595398417113],[6.812584640292431,53.216222888428334],[6.810132093326083,53.21721897776247],[6.810359824083843,53.217587430963526],[6.811139471901113,53.21825668301562],[6.811353115698288,53.21815169806465],[6.811900185511869,53.21862330031765],[6.811829380775422,53.21865559476028],[6.811984958259547,53.21878765051012],[6.813116918899542,53.218288917281654],[6.813711563259662,53.21879499451193],[6.814059838629129,53.219094606744605],[6.813347482761456,53.219423005279104],[6.813814388525238,53.21982365744434],[6.812848683759195,53.22023414840814],[6.812685730782954,53.22028730905418],[6.812400502412602,53.22040123462242],[6.811535054397437,53.220810523866284],[6.810932509472464,53.22029194842187],[6.810527713082196,53.219957949376294],[6.809949091795295,53.2194831204676],[6.809244956608267,53.21897023459384],[6.80875951216595,53.218641678831766],[6.808320452161514,53.218357505647916],[6.807943847724989,53.218515639457394],[6.805806120680013,53.21939377756738],[6.805930456144787,53.21875694278816],[6.806003589932575,53.21838492431918],[6.806037682129011,53.21832880318858],[6.80576819331077,53.21814686207322],[6.805632297458509,53.218203287985],[6.803513495260972,53.21906588385274],[6.799645660286218,53.220658996494755],[6.796786244807799,53.22182225573967],[6.793858048271844,53.22303927319682],[6.792555791869256,53.2220875589776],[6.791977367644308,53.22161354152095]]]]}},{"type":"Feature","properties":{"gezicht_uri":"https://linkeddata.cultureelerfgoed.nl/cho-kennis/id/gezicht/10134438","gezichtsnummer":"319","naam":"Smeerling"},"geometry":{"type":"MultiPolygon","coordinates":[[[[7.098000663002228,53.02018878675604],[7.097699694375219,53.02102537012685],[7.097452161995864,53.021667050013],[7.096977182247278,53.021680133353094],[7.096364898831895,53.021688885721886],[7.09601380714586,53.021744235148915],[7.095509694300752,53.02181255497587],[7.095129934667572,53.021897072500586],[7.094743042281653,53.02198977973396],[7.094427480154567,53.022076973486456],[7.094026321787832,53.02218606019178],[7.093678757625963,53.02229348199209],[7.09328701806773,53.02245276384193],[7.092958092860742,53.022617439953216],[7.092757437074089,53.022746131964816],[7.0925055889225,53.02289982085322],[7.092187991459707,53.023125450721],[7.091846250927599,53.02341973160181],[7.091676384056658,53.023649545692265],[7.091472168211618,53.023915800456464],[7.091225834442918,53.02409637148351],[7.09109560144894,53.02438673736504],[7.090357848193949,53.02496078481583],[7.089715301480983,53.02537798226026],[7.089381797660512,53.0256550613815],[7.088944164076737,53.02586171840147],[7.088722433890808,53.02602395816393],[7.088562504463375,53.02616554507429],[7.08776683463088,53.026251460571686],[7.086962342339986,53.02630244352873],[7.086378510114677,53.026316132431134],[7.085517641077978,53.026297801418316],[7.084889530278868,53.026246500558486],[7.084164313968697,53.026151635074605],[7.083186678240251,53.025967770255704],[7.082692613787271,53.025875010472646],[7.082347206371546,53.025809801582135],[7.081912670960118,53.02571439726942],[7.081655694399905,53.025661415038705],[7.081194064053052,53.02555920175318],[7.080810819435706,53.02547924507694],[7.079197625066731,53.02520458149174],[7.077691500642804,53.02499938679519],[7.07547473143511,53.02468916308257],[7.073981632369907,53.02447295272615],[7.073686457263534,53.02331948364995],[7.075553706897772,53.023152926953834],[7.07721153226383,53.02296772982422],[7.076574490389097,53.022378140735285],[7.075956462844677,53.02170199659255],[7.075302063411691,53.02097153694329],[7.074339314618395,53.01993804039734],[7.077544396907813,53.019183638362875],[7.079927051018367,53.01863133620419],[7.08048541512678,53.01850209506873],[7.081133749296666,53.01865469429179],[7.08179099088445,53.01880626502787],[7.082649602161019,53.01899991662826],[7.082982179449443,53.01908148432373],[7.084198076810787,53.01941655990357],[7.084840024449046,53.01963394248108],[7.08532594743502,53.01986342398748],[7.08598762785739,53.020165904968145],[7.086396214571501,53.020285031313115],[7.086683345165008,53.02034746130184],[7.087115742587315,53.020084262662344],[7.087433344490944,53.0198586460403],[7.087666207209376,53.01963872746341],[7.087804930077814,53.01952710280572],[7.087957073272926,53.0193775380684],[7.088125074640612,53.019214265757455],[7.088394582198668,53.01905494192473],[7.088639326096228,53.01891035039129],[7.088878826067385,53.018746059641245],[7.089335920356468,53.01846722172967],[7.089516402542427,53.018394547196],[7.089664885973901,53.01834210126847],[7.090209247410153,53.018198633147215],[7.090762942447047,53.01825545917466],[7.09109046172645,53.01832179710139],[7.091285193608296,53.018384633756256],[7.092230019586653,53.01872349072746],[7.093535435909748,53.0190212441011],[7.094362740949042,53.0192512103891],[7.095329291743789,53.01953490699886],[7.096230075823024,53.019737746079706],[7.096990196284661,53.019964160622294],[7.097352353776024,53.02003897422513],[7.098000663002228,53.02018878675604]]]]}},{"type":"Feature","properties":{"gezicht_uri":"https://linkeddata.cultureelerfgoed.nl/cho-kennis/id/gezicht/10134439","gezichtsnummer":"1573","naam":"Spijk"},"geometry":{"type":"MultiPolygon","coordinates":[[[[6.835356809337442,53.39192875177315],[6.834397850700037,53.391665307708855],[6.833750429051281,53.391501453874206],[6.833440678343839,53.39140992227575],[6.833003835300735,53.39133878816759],[6.833061224220162,53.39125722198911],[6.833232914057023,53.391043082398966],[6.833098005859657,53.3908757611411],[6.832883677358852,53.39058178851143],[6.832856169277413,53.39052370806655],[6.832786224657087,53.390455353866095],[6.832706244849038,53.39040149824795],[6.832617393281692,53.39030731081055],[6.832743638574626,53.390261761452464],[6.833024995827145,53.390090337444185],[6.833209910520536,53.38991198405387],[6.833280337517724,53.3898158829544],[6.833342767741277,53.389705499834015],[6.833901359560134,53.389732034696316],[6.833837119868956,53.389475798808625],[6.833860095735124,53.38939913902623],[6.833919203019192,53.38936877360778],[6.833992105718343,53.38934632996304],[6.834092448247207,53.38933523852432],[6.834200726941761,53.38933663239082],[6.834343695456356,53.38938613500467],[6.834512066599331,53.389475770277194],[6.835105198366919,53.38927812513022],[6.835449789505789,53.38946718380812],[6.835578248043,53.38953213632062],[6.83622122126514,53.38916314589123],[6.836458825397721,53.38921060773842],[6.836831350458108,53.38920252594896],[6.837210873483287,53.38917908195438],[6.837451393107344,53.389223810826756],[6.83808656125299,53.38938150204035],[6.838244786104879,53.38917021312714],[6.838569617436971,53.38926334774949],[6.838490642255325,53.38937303463532],[6.838652374778722,53.38944387300554],[6.838216949709258,53.38977083423823],[6.838506667608089,53.39011511044762],[6.838708559606795,53.39030677953509],[6.838805180283002,53.39040805791458],[6.838605172996958,53.39049494176856],[6.83859672942365,53.390601082024794],[6.838735424891096,53.390701852962344],[6.839097692154069,53.391012901873445],[6.839279799587689,53.391152688138504],[6.838911456792506,53.391329669432814],[6.838950388467028,53.391369638126335],[6.838665815653415,53.39148989289789],[6.838793372061396,53.39161685839979],[6.838673382606841,53.39166952768848],[6.838386078632898,53.39170893798646],[6.838161657616103,53.39178533185717],[6.837859428875143,53.39187254823612],[6.837751250994243,53.39160695914343],[6.83768031487859,53.39146493201057],[6.837627272173696,53.39136312751893],[6.837260981633678,53.39137832552084],[6.836949279056615,53.391318278466365],[6.836704955574911,53.39125022996591],[6.836436741440004,53.39118696185186],[6.835873091397105,53.39172483903987],[6.835625308030347,53.39164335055812],[6.835356809337442,53.39192875177315]]]]}},{"type":"Feature","properties":{"gezicht_uri":"https://linkeddata.cultureelerfgoed.nl/cho-kennis/id/gezicht/10134441","gezichtsnummer":"1574","naam":"Stedum"},"geometry":{"type":"MultiPolygon","coordinates":[[[[6.697307471080879,53.32123419634833],[6.697249751093978,53.32126088569226],[6.697106433081883,53.321335236564856],[6.697042793505656,53.3213646862034],[6.697129104840198,53.321439230342385],[6.696862106073207,53.321542786233145],[6.696533157027987,53.32168206286915],[6.696245478218032,53.32179662616595],[6.695794261828152,53.321962393854314],[6.695285564985342,53.32216293322796],[6.694681876925988,53.322398651575355],[6.694908807659747,53.322606461663625],[6.695291504725287,53.32290243898662],[6.694910954172862,53.323072825881596],[6.69458618845271,53.32320216656636],[6.694402376389146,53.32327785314865],[6.694291482915628,53.32333297672444],[6.694211388750434,53.32336440099278],[6.69414111597451,53.32337325274234],[6.694061541165468,53.323372320689984],[6.693997980178702,53.32335503919867],[6.69362581538202,53.323109266480564],[6.693487067793398,53.32318625910055],[6.693364260064054,53.32309593372902],[6.693307248591584,53.323047128759924],[6.693211638876504,53.32296279807886],[6.693085804405107,53.32287160668533],[6.693060600671669,53.32283234091927],[6.692956446226042,53.32286222849744],[6.69285892242616,53.32286328789554],[6.692823651860034,53.322838509464155],[6.692751498232377,53.32283480006025],[6.692729319362419,53.322845824481334],[6.692671022830792,53.322853646669856],[6.692570140936161,53.32289248463658],[6.692365775919222,53.32273564693695],[6.692237763362972,53.322622012644764],[6.692291259299565,53.32260435789181],[6.692377300473955,53.32257107306448],[6.692244161562047,53.322436826020414],[6.692257396607124,53.32237827156412],[6.692129548632071,53.322270027128425],[6.69222563316206,53.3221719322155],[6.692170015725716,53.32211951706696],[6.69235971933256,53.322040175378184],[6.692433538953828,53.32199983418565],[6.692373610950718,53.32195375632739],[6.692373093974525,53.321936688024806],[6.692630233198553,53.32180449323221],[6.692752964212317,53.32174385080492],[6.692837176364171,53.32169980196144],[6.692687232368714,53.321605277526466],[6.69276099650629,53.3215631394667],[6.692858765611166,53.32152074060097],[6.69297876707721,53.32146911385328],[6.693043773805083,53.32143515839956],[6.692859843513344,53.32130865282236],[6.692987975162527,53.32122818166022],[6.693031075793349,53.321214233997416],[6.693101263615156,53.32120268790535],[6.69316316033142,53.32116517165991],[6.693566678532367,53.32135668740455],[6.693684408786874,53.32142819660048],[6.693801730851902,53.32148623070653],[6.693855249846258,53.32151889812703],[6.693926936209928,53.32155675978055],[6.694006560195262,53.32160891313208],[6.694122682561989,53.32167684487488],[6.694348035631649,53.32153600568331],[6.694370186163307,53.32152408263078],[6.694361294800891,53.3214783493184],[6.694348966825979,53.321418275336356],[6.694529116368224,53.321321061498374],[6.694665100799956,53.321252185272904],[6.69486016531313,53.32139923543339],[6.695102344404383,53.32131841978784],[6.695194245734607,53.321280575986314],[6.695470494499474,53.32113558624303],[6.695701214118954,53.321023442115404],[6.695867611611178,53.32116541098486],[6.696173836083414,53.32101919459081],[6.695988261717921,53.32088821848958],[6.696512460845832,53.3206551564259],[6.696549204718455,53.320679019118124],[6.696689633484088,53.32075656853693],[6.696849703080136,53.32083839692703],[6.697002654069613,53.32093288347616],[6.697184138741991,53.32102795747897],[6.697277377627841,53.32108355482131],[6.697343420097062,53.32113315814387],[6.69740648942107,53.32118369246819],[6.697307471080879,53.32123419634833]]]]}},{"type":"Feature","properties":{"gezicht_uri":"https://linkeddata.cultureelerfgoed.nl/cho-kennis/id/gezicht/10134442","gezichtsnummer":"1575","naam":"Termunterzijl"},"geometry":{"type":"MultiPolygon","coordinates":[[[[7.03237237677403,53.30222881975779],[7.032402622913975,53.30215651000728],[7.032437367322449,53.302084138650926],[7.032485675251964,53.302013378939165],[7.032568324496922,53.30189901156493],[7.032640717143688,53.301791075455114],[7.032678596872311,53.301722255855964],[7.032701516350914,53.3016545398259],[7.032718369441527,53.30158510948189],[7.032614693662164,53.30154159458111],[7.03246851975211,53.30148518112265],[7.032363413576856,53.301443482986],[7.032227702080386,53.30138602728463],[7.032000757295854,53.301296568703144],[7.031792663097976,53.30122931905287],[7.031600043395479,53.30117443898947],[7.031373957331168,53.30110743486603],[7.031154280623568,53.301051126966094],[7.030926354041302,53.30097516024354],[7.030723583034959,53.30092940462048],[7.030443349499155,53.30085864597226],[7.030140283423117,53.30077921195042],[7.029990096207138,53.30073543212735],[7.029798501318416,53.30066795346926],[7.02956604669581,53.30059114740967],[7.029380279669938,53.30051909495485],[7.029226548004454,53.30046098351789],[7.029056665389152,53.30041207954596],[7.028678771876179,53.30033725918581],[7.028032063821743,53.300136697088824],[7.027857446406987,53.30008156524152],[7.027779307271519,53.300078138771724],[7.02775172420099,53.2999446099008],[7.027714346042258,53.29967191707515],[7.027699574293835,53.29952023934967],[7.027675340875138,53.299474736801066],[7.027574332249994,53.29942219425277],[7.027890133825423,53.299245332677664],[7.028220892164684,53.29906736725182],[7.0283924874701,53.29896436949523],[7.028539540284429,53.29880778505787],[7.028727034761602,53.298610206582154],[7.028876741849669,53.2984445984702],[7.029409398451516,53.29856583233077],[7.029976172789591,53.29871625430447],[7.030574094977699,53.29885726063046],[7.031176553343186,53.29899910063778],[7.031668843383168,53.299123573019024],[7.032192348618658,53.29924042645134],[7.032689245225648,53.29936752771253],[7.033002390108678,53.29943603287695],[7.0331759298066,53.29938422724159],[7.033294404252444,53.29934396016127],[7.0335095083131,53.29939852938915],[7.033572662694908,53.299441700092814],[7.033700770093325,53.299496562391475],[7.034007861498697,53.29960289315162],[7.034365600360687,53.29973908445173],[7.034691305410098,53.29986133483022],[7.034919610213462,53.2999471749176],[7.03512034342304,53.300018114916924],[7.035363849768298,53.300109137844494],[7.035608753507486,53.30019744502482],[7.035955628753443,53.30032389505002],[7.036136358005549,53.30038162744204],[7.036279362344106,53.300433586492346],[7.036542790395967,53.300574660621095],[7.036694164509693,53.30068851433327],[7.036890362600344,53.300836801565076],[7.037032604589735,53.30094718546187],[7.0371967672465,53.30108153295801],[7.03737232070616,53.30123908989107],[7.037569830152926,53.30142150848051],[7.037722619754087,53.30157218802318],[7.037733190761389,53.30169156940462],[7.037899834470994,53.30189058799857],[7.037923873701795,53.30193069905693],[7.03790738645555,53.30204865476911],[7.03789338219322,53.30215309591918],[7.037775433778543,53.30224638330395],[7.037467629850315,53.302435742757744],[7.037208068277616,53.30259208584339],[7.036942150403568,53.30269998604732],[7.036685193703063,53.30280686392817],[7.03642899163846,53.30293350218769],[7.036212952895189,53.303011957809474],[7.036050791911108,53.303086977593075],[7.036084732247403,53.30318986179994],[7.035804476295268,53.30323684488189],[7.035590804138732,53.3032595477711],[7.035353162793373,53.303243935173896],[7.035232585175612,53.30322941258394],[7.035078160475519,53.30319288670727],[7.034845672009975,53.30307654857844],[7.034774944907998,53.303031684982706],[7.034636638104381,53.302985051883255],[7.034524543558448,53.30295693184922],[7.034372031712483,53.30293116319304],[7.034226434130853,53.3028900217478],[7.034130456971248,53.30285179476741],[7.033981243370073,53.30279452608187],[7.033874461531364,53.30274835873099],[7.033757492316778,53.30271041915109],[7.033634388198436,53.30266896874522],[7.033473763155882,53.302627133625315],[7.033366810794191,53.302576474691165],[7.033252567086668,53.302531307724315],[7.033108128481497,53.302481162113864],[7.032992488690504,53.30243871011298],[7.032881381812101,53.30239709461111],[7.032740182991091,53.30235319505492],[7.032665817885831,53.3023308474392],[7.032583475632128,53.3022960272903],[7.03237237677403,53.30222881975779]]]]}},{"type":"Feature","properties":{"gezicht_uri":"https://linkeddata.cultureelerfgoed.nl/cho-kennis/id/gezicht/10134443","gezichtsnummer":"1576","naam":"Uitwierde"},"geometry":{"type":"MultiPolygon","coordinates":[[[[6.89600586198244,53.34391199445727],[6.895760897978596,53.34382070930436],[6.894344975687855,53.34356707192139],[6.894064001704938,53.343347726987524],[6.893702041251482,53.343131193467926],[6.893452890666791,53.34300580721866],[6.89331098337103,53.34298421983573],[6.892853629705081,53.34300252910018],[6.891382220174032,53.343050601456056],[6.89140613122396,53.342961335462924],[6.891440820960482,53.342793751610984],[6.891477136896,53.34262974201244],[6.891508609790063,53.34249904323096],[6.891554955847435,53.34227829280762],[6.89163637164277,53.34194387294726],[6.891698259153313,53.34173820509427],[6.891752589681174,53.34161710538464],[6.891838992856493,53.34142550913418],[6.891913356673884,53.34123316482031],[6.891939300116774,53.34115915035949],[6.892007194366967,53.34099654257395],[6.892079810495204,53.34084016622644],[6.892179234004243,53.3407634346481],[6.892270562257505,53.340712865344145],[6.892344884339097,53.34069126585827],[6.892486557627455,53.34066343117443],[6.892570286712722,53.340610260808816],[6.892650951035298,53.340555331444904],[6.892771071084435,53.340469353642554],[6.892906419207261,53.340389475598975],[6.893062559125569,53.34030304639086],[6.893189497810859,53.3402403478111],[6.893383189609824,53.340154346451406],[6.893562744512017,53.34005054876401],[6.893691245424066,53.33998962737577],[6.893852945781406,53.33989054623772],[6.894016051959953,53.33978875128348],[6.894077107589337,53.339731370698914],[6.894511011137888,53.33990206834752],[6.89468324873937,53.33997539605016],[6.894802610983514,53.34003950132034],[6.894935670012669,53.34010882665085],[6.895035175837116,53.34016329547685],[6.895133055240748,53.34021418999372],[6.895226904088537,53.34027861483693],[6.895339855573337,53.340331117453765],[6.895425508551665,53.34037587450403],[6.895677327277555,53.340449101130595],[6.895897335677642,53.34047150297325],[6.896155306764558,53.34050600916511],[6.896467729164502,53.34059464935225],[6.896780058383446,53.340680593935836],[6.896878171755666,53.34065240231096],[6.897037401568106,53.340697132996276],[6.89708427526724,53.340706429582134],[6.897216659310827,53.34092763391125],[6.897367453881997,53.34111715385827],[6.897596078526042,53.341427913236465],[6.897675273870748,53.34163091341608],[6.897708654717843,53.341812022702555],[6.897706371672542,53.342046600764554],[6.897573804533347,53.342462546791076],[6.897479764745713,53.34277825780213],[6.897360961476972,53.342987339634554],[6.897087767122837,53.343161515318506],[6.896553662976191,53.34351779842737],[6.89600586198244,53.34391199445727]]]]}},{"type":"Feature","properties":{"gezicht_uri":"https://linkeddata.cultureelerfgoed.nl/cho-kennis/id/gezicht/10134444","gezichtsnummer":"1577","naam":"Warffum"},"geometry":{"type":"MultiPolygon","coordinates":[[[[6.566496578410696,53.391602858037785],[6.566518184656988,53.391678127531655],[6.566473223112413,53.39173787482727],[6.566307025155594,53.391761968038054],[6.566076572849813,53.392019424254066],[6.565913648052107,53.39221781050326],[6.565729534114027,53.39241101250683],[6.565576167238628,53.39251944607864],[6.56504077282127,53.39278527729717],[6.564711442095017,53.392945752635335],[6.564439909411281,53.39307600833526],[6.564248374761081,53.39316324747248],[6.564163202524517,53.393182052207464],[6.563863336452832,53.393265857244884],[6.563482735008403,53.39331091295277],[6.563304948491044,53.393351289754264],[6.562973711002735,53.393497401504895],[6.562686006100784,53.39364128994039],[6.562536300950698,53.39371913185502],[6.562321514563544,53.39367090863651],[6.562066186211967,53.393514352075094],[6.561918417814161,53.393443009227866],[6.56170436964392,53.393421735257014],[6.56154230935727,53.39337748898104],[6.561277210810141,53.393578662848334],[6.56115107689173,53.3936940136164],[6.5609185235026,53.39387599888553],[6.560635690733166,53.3938131603747],[6.5604050113753,53.393788451914766],[6.560091525724349,53.39375915858567],[6.559892652858661,53.393743124994245],[6.559534325840959,53.393723253014954],[6.559147395099189,53.39370186136024],[6.55898759819213,53.393685445733425],[6.558739517233649,53.3935737408489],[6.558657616760196,53.39360239423979],[6.558364083353879,53.39347765226449],[6.558303635540394,53.393410846697364],[6.558305271144584,53.39336051005621],[6.558534288715762,53.393158795417826],[6.558387139090789,53.39310990686402],[6.558111242288025,53.39302542893532],[6.557718647172577,53.392906142142785],[6.557802329870838,53.39283254281969],[6.557821633598651,53.39276855554565],[6.557984866935706,53.392580061991325],[6.558104617124464,53.39250611153819],[6.558286106276602,53.39243605309043],[6.558425647551299,53.3923160818895],[6.558461222480406,53.39218723802784],[6.558474034346319,53.39205052844175],[6.558543964010088,53.39185844921694],[6.558698795535516,53.391637687309554],[6.558900942017614,53.39133289607786],[6.559195069117108,53.390928364289756],[6.55930039680521,53.39087701765387],[6.559291603334534,53.3907198508708],[6.55937005420271,53.39050971632896],[6.559584865390881,53.3902838759201],[6.559884074488942,53.39006619851219],[6.559991963783347,53.38999865172966],[6.56007783393302,53.38989537603475],[6.560127964018934,53.389749316525425],[6.560177423725352,53.389468475641436],[6.560259019827996,53.38909836141785],[6.560311164841538,53.388805812606265],[6.560449242738873,53.38863283646657],[6.560607209555263,53.38874811238203],[6.560991378193144,53.388835122813425],[6.561445434409649,53.388949306236974],[6.561767773577267,53.38902883026452],[6.561953463027655,53.38911328189722],[6.562007678570787,53.3891720592993],[6.562166177981637,53.389196570779454],[6.562695844857163,53.38932708435607],[6.563303432691898,53.38950356056075],[6.563472867209342,53.389598053188024],[6.563580816013099,53.389642825839815],[6.56370664712296,53.389736845809686],[6.563849149947252,53.38994572167544],[6.563950200750241,53.39001302610465],[6.564098243230935,53.38987499320044],[6.564310015348451,53.38975880137672],[6.564479632867378,53.38969513960306],[6.565072845297364,53.38989511082543],[6.564866316844204,53.39014783780573],[6.565082712458212,53.390255347387836],[6.56487517364884,53.390471242193506],[6.564682685269709,53.39068788793044],[6.564510515890621,53.390987903043126],[6.565057530180967,53.391146991381945],[6.565580749686241,53.391315296121604],[6.5658188087923,53.39139024315408],[6.566058125263992,53.39145619154105],[6.566388744831155,53.39156257977843],[6.566496578410696,53.391602858037785]]]]}},{"type":"Feature","properties":{"gezicht_uri":"https://linkeddata.cultureelerfgoed.nl/cho-kennis/id/gezicht/10134446","gezichtsnummer":"1578","naam":"Winsum / Obergum"},"geometry":{"type":"MultiPolygon","coordinates":[[[[6.515658406414099,53.33072751792779],[6.515704838384327,53.33026520266575],[6.515984157706575,53.330269769037514],[6.51605884570708,53.33031309902289],[6.51626570767468,53.33030217035434],[6.516233833580954,53.330231480456895],[6.516323522574359,53.33021715910632],[6.516320508707617,53.330102166839524],[6.516578440428898,53.330092555134286],[6.517077001992661,53.330100450631654],[6.517356438204748,53.330109505702815],[6.517531462046046,53.330143804080045],[6.517576514508867,53.33020178935627],[6.517547545491242,53.330299110373936],[6.517938954860744,53.33034215653056],[6.517960619947824,53.330652867780735],[6.517948976323015,53.33072396656754],[6.517340752250469,53.33082763319914],[6.517165615323266,53.33084635288882],[6.51725601974038,53.33091649235354],[6.517317557095328,53.33097342415347],[6.517378065252133,53.33104833755992],[6.517478299812407,53.3311498353756],[6.517531186953598,53.33122032736632],[6.517600110936263,53.33127269657792],[6.51768254175154,53.3313249387367],[6.517720531780912,53.331342553444976],[6.51777191063232,53.33135554923724],[6.517891270912003,53.33138497899538],[6.517974754996337,53.33142013768561],[6.518066937105567,53.33144353272233],[6.517582951348951,53.3318201041026],[6.517301270864473,53.33212647841955],[6.51730125485722,53.33218309022883],[6.517258823038019,53.332453967005804],[6.517258366711863,53.33255101984092],[6.517159739173468,53.33256812165502],[6.517056067256664,53.33256460305156],[6.516996271512504,53.33257415099094],[6.516968117145522,53.332645404785],[6.516953375546932,53.332712938135174],[6.516899738152223,53.33284284021791],[6.51687023799935,53.33303451868405],[6.516828021639784,53.33337099078602],[6.516811705297021,53.33360747518165],[6.516743990528748,53.333887575142874],[6.516713883323041,53.3341134058846],[6.516674171768282,53.33443098372283],[6.515726123665874,53.33440124706993],[6.515296622143538,53.33439539344628],[6.515039977035434,53.33439780136986],[6.514744078834544,53.334449101119695],[6.514537082894935,53.334513045478054],[6.514390073529564,53.33457462987389],[6.514109208728228,53.33468419586902],[6.513876390592872,53.3347366993569],[6.513581284764765,53.33476103089584],[6.513323815325509,53.33473199198994],[6.513136393519869,53.334683426009725],[6.512850336450745,53.33459444786742],[6.512736786297014,53.33455776993568],[6.512685053025762,53.33453129636308],[6.512430513607529,53.33432700183098],[6.512108485064181,53.3340676252905],[6.511813334860492,53.333860115055444],[6.511556739952161,53.33363427159221],[6.511364541797435,53.333459944035475],[6.511294004261227,53.33334558324138],[6.511220066974526,53.33321597804853],[6.511240281792374,53.33312772657833],[6.51129520298845,53.33298882917839],[6.51134587894733,53.33291736619359],[6.511559461412704,53.33287583059242],[6.511691859792733,53.33282966242167],[6.51177960932127,53.33279828932158],[6.511839804996685,53.332746506195704],[6.511861542575401,53.33265913894842],[6.511903352860627,53.33253564003134],[6.511946828299523,53.33247592589567],[6.512036100627143,53.332387926743905],[6.51211430412233,53.33227846476706],[6.512161976346301,53.33220702951284],[6.512535085826278,53.3323536032161],[6.512789188397476,53.33242670651579],[6.512984315193842,53.332483288227955],[6.51314323581662,53.33253301995284],[6.513252020288252,53.33255985756402],[6.513527603571343,53.332593219837925],[6.51358380608593,53.332446221934475],[6.513641224423164,53.3322309192142],[6.513724413643842,53.332025259529274],[6.513813743181441,53.331767423575016],[6.5139199353869,53.331580418683],[6.514098853757485,53.331591322025794],[6.514379047615778,53.331571621849534],[6.514301954530167,53.33132163594465],[6.514453410218334,53.330569886752535],[6.515055789626169,53.33064421196749],[6.515658406414099,53.33072751792779]]]]}},{"type":"Feature","properties":{"gezicht_uri":"https://linkeddata.cultureelerfgoed.nl/cho-kennis/id/gezicht/10134467","gezichtsnummer":"1607","naam":"Westeremden"},"geometry":{"type":"MultiPolygon","coordinates":[[[[6.705249674553444,53.34301633017821],[6.705291984324838,53.34292690271985],[6.705663095972898,53.342787141852696],[6.70596267754545,53.34266523821032],[6.706255950567412,53.34253351815717],[6.706570181308107,53.34239977015437],[6.7069407887142,53.34224383556543],[6.707203360294867,53.34213940881751],[6.707781669008785,53.34195063798428],[6.708130000861929,53.341803031909464],[6.70838000755929,53.34168076809869],[6.708653312305068,53.34153488347877],[6.708866464781664,53.34138606494928],[6.70900761090174,53.341288360586866],[6.709495366417444,53.341574151596944],[6.709594161886882,53.341662028814696],[6.709669863216819,53.34173128886429],[6.70980205167399,53.34178195504191],[6.709994971001975,53.341854418549154],[6.710200848225456,53.34190876669302],[6.710291958251083,53.34194191185262],[6.710459289364513,53.34196343463207],[6.710760763902643,53.34200145308587],[6.710921345842339,53.34199878667265],[6.711034005464107,53.34200024218702],[6.711113311173063,53.34199128136921],[6.711325489752882,53.34195749306091],[6.711367914526422,53.34192108088005],[6.711414566061026,53.34187563589118],[6.711464910122699,53.341852615816705],[6.711526065126996,53.34183936151074],[6.711718038691798,53.34178332943926],[6.711846058224286,53.34184482280396],[6.712030951068378,53.34190029764035],[6.71214632754686,53.341941261640045],[6.712282773840712,53.341983790577636],[6.712543133751312,53.34205191227817],[6.712718192716225,53.342080535736834],[6.712993710069372,53.34210445677971],[6.713374576253648,53.342136201517725],[6.713586269479096,53.34218418938477],[6.713687862211032,53.342216317729054],[6.713759683519345,53.34225686207564],[6.713787891996296,53.342295191699385],[6.713916484019372,53.34247259910773],[6.71401336788641,53.34259554019498],[6.71406461196291,53.34269921512775],[6.71416799922476,53.342838259557546],[6.714240763224885,53.3429093464404],[6.714390081334151,53.3429795883009],[6.714379632807892,53.34317650233323],[6.714363324403815,53.343329448448145],[6.714343549180564,53.343418630506555],[6.714287409732235,53.34354595612725],[6.714524103133314,53.34357659259488],[6.714884965409464,53.34364090393341],[6.715040485332511,53.343717366885116],[6.71526456204134,53.34372837150236],[6.715426281243825,53.34381105585785],[6.715601210689825,53.343835183482966],[6.715695996220372,53.34388985096411],[6.715734133117363,53.34390919932781],[6.715663438826205,53.3439540129911],[6.715672126774175,53.34408960924648],[6.715717265927886,53.344141230719025],[6.715718319068162,53.34417536679865],[6.715274749867331,53.34439953114244],[6.714892954175706,53.344533149335064],[6.714698496510873,53.344606287635415],[6.714647231408405,53.344648190297356],[6.714623285142766,53.34474820189315],[6.714619656408544,53.344874049272555],[6.714598075303711,53.344953366399615],[6.714538799786572,53.34502770788663],[6.713496222042806,53.34476962516251],[6.713261990639844,53.34496541260338],[6.713073248653815,53.345078024622595],[6.712909029324922,53.34515801552799],[6.712536151506748,53.34524030624668],[6.712363954894815,53.34530510772273],[6.712241414407058,53.345324430605224],[6.712114434246408,53.34529707387746],[6.71199739052792,53.345202210804445],[6.711475087699441,53.34516213445134],[6.71094989402031,53.34512568215415],[6.710805702437314,53.34512457359935],[6.710741494274565,53.34562491470504],[6.710178987610031,53.34559605869335],[6.709978451655514,53.34556950899001],[6.709452702520488,53.34551508378785],[6.709455578462078,53.34546203342586],[6.709145680653333,53.34544387386777],[6.708601935389852,53.34543906705033],[6.708604762255772,53.34558011971928],[6.708142104955268,53.345575318298714],[6.708023158282489,53.345760842517905],[6.707266960899311,53.345781727306296],[6.706425446844562,53.345713681183085],[6.706213673847079,53.34571240991803],[6.706153575658338,53.3456133220987],[6.706431293638218,53.34541437586302],[6.706649224061127,53.345273596852536],[6.706713264722938,53.34520729467931],[6.706723126679484,53.3451370939163],[6.706693188404121,53.34504216848231],[6.706320147931091,53.34462930072196],[6.706177547808957,53.34443496535156],[6.706041770037206,53.34412013956335],[6.705964502177329,53.34399967299591],[6.705504990267413,53.343361298146505],[6.705249674553444,53.34301633017821]]]]}},{"type":"Feature","properties":{"gezicht_uri":"https://linkeddata.cultureelerfgoed.nl/cho-kennis/id/gezicht/10134468","gezichtsnummer":"1608","naam":"Groningen - Zuiderpark"},"geometry":{"type":"MultiPolygon","coordinates":[[[[6.570333523796922,53.212368899952466],[6.570657521045704,53.211955025280474],[6.570881689167438,53.21161312729386],[6.571125263792866,53.2116520614469],[6.571146826583655,53.21161949755839],[6.571442022850573,53.21168488089719],[6.571501019520936,53.21159802892985],[6.572153287557225,53.21147386638206],[6.572239704859118,53.21156826888201],[6.572501596917963,53.21151086462724],[6.572573049446033,53.21160541473625],[6.573764141112242,53.211423797281675],[6.573972777053862,53.21160775260373],[6.574665872213194,53.212643319496514],[6.574654812425871,53.21267667871227],[6.574442550966927,53.21290613574654],[6.574022888902397,53.2134332972726],[6.573840619440099,53.21361033524357],[6.573555062073172,53.213460390113234],[6.572811534471956,53.213041783751066],[6.572643809539614,53.21298502937345],[6.572241038408214,53.212873083525416],[6.570764277883948,53.212464400561466],[6.570610961619448,53.21244164959955],[6.570333523796922,53.212368899952466]]]]}},{"type":"Feature","properties":{"gezicht_uri":"https://linkeddata.cultureelerfgoed.nl/cho-kennis/id/gezicht/10134469","gezichtsnummer":"1609","naam":"Groningen - Verlengde Hereweg"},"geometry":{"type":"MultiPolygon","coordinates":[[[[6.580915367433225,53.1944610137371],[6.579600520230056,53.19404364017895],[6.579830791901897,53.19365762788756],[6.579961487567926,53.19351344314423],[6.58049114858622,53.192752411218926],[6.581332435209367,53.19298217997469],[6.581796509505725,53.192122943538585],[6.582147830598911,53.1912450581062],[6.58218807662446,53.19118534625811],[6.582606302644717,53.19045506964752],[6.582254294299979,53.19038668574153],[6.581836155820896,53.190253358126384],[6.582265580282608,53.18965776838564],[6.582371447827664,53.18953629433403],[6.583077245923766,53.189683826409976],[6.583278113630238,53.18937268772298],[6.583308114948189,53.18926724645796],[6.58342276535272,53.18903065662397],[6.583634892930789,53.1887481617322],[6.583680069101985,53.188704575825376],[6.583598875523555,53.18869010877553],[6.584074757204571,53.18804462273191],[6.584269099722984,53.188093007475224],[6.584687423624308,53.188233513960355],[6.584949655011222,53.18781571867797],[6.585184731351115,53.18744402518814],[6.585273634910121,53.187304744831295],[6.585710353542762,53.18740732064804],[6.586004982888707,53.187457396256356],[6.586279557187069,53.18716169100837],[6.586586597997606,53.18728173587633],[6.586397531997919,53.18753165427308],[6.586401619061417,53.18757115404935],[6.586455338966415,53.187620042673814],[6.586854894532722,53.1877310738342],[6.586810544577862,53.187804308198935],[6.58696273448211,53.18784322507131],[6.586194806203389,53.18907037404854],[6.586125552413432,53.189054890681255],[6.586053053952097,53.189138291265685],[6.585396899208997,53.190189080163464],[6.585300284143948,53.19037426863145],[6.585376844695119,53.19038338893379],[6.585257064033254,53.19065058592894],[6.585366483575476,53.19065758069511],[6.585036508035846,53.191385188535975],[6.585268437244129,53.19143948687007],[6.585214580099751,53.1915478628189],[6.585175084265946,53.19163452769882],[6.585037892378875,53.191975587506455],[6.584881809709301,53.1925531805335],[6.58498729356393,53.19257998526202],[6.584848878519301,53.19287702312051],[6.58455040746408,53.193392233161596],[6.58412502220654,53.19332278982422],[6.583535331883924,53.19407545034418],[6.583092488687428,53.19424072474626],[6.583351808342397,53.19452750370158],[6.583216718763932,53.19456659409091],[6.583106936210202,53.19460093875509],[6.582900536314338,53.19465871275177],[6.582726203047555,53.194685612719844],[6.582553216578819,53.19470710712015],[6.582376840835586,53.194714256669315],[6.582291173297601,53.194700731915724],[6.581770242545826,53.19458550245712],[6.581114024867643,53.19450217154042],[6.580915367433225,53.1944610137371]]]]}},{"type":"Feature","properties":{"gezicht_uri":"https://linkeddata.cultureelerfgoed.nl/cho-kennis/id/gezicht/10134470","gezichtsnummer":"1610","naam":"Groningen - Schildersbuurt"},"geometry":{"type":"MultiPolygon","coordinates":[[[[6.550103378448375,53.21482406964548],[6.55056222220366,53.214573394718236],[6.557639157652679,53.21640968058982],[6.557573434282853,53.21647053046767],[6.557473650574035,53.21654519209411],[6.557417831363857,53.21664009353641],[6.557559327720751,53.21666836850294],[6.557734007382025,53.216761021543526],[6.557671702063392,53.2168928305441],[6.55756792505221,53.2170412195219],[6.557453670007932,53.21718971059275],[6.557279530154096,53.21739360246046],[6.557225060308447,53.21748309878942],[6.557126111092419,53.21764402119058],[6.557039756918503,53.217772469734946],[6.556933322425033,53.21793346493109],[6.55677241548713,53.21818395613459],[6.556693456145705,53.218364453298776],[6.556590245530294,53.218478687561145],[6.556559284382844,53.21855177894655],[6.556338529499531,53.21896999929256],[6.556133435112766,53.21908163124584],[6.556070605922865,53.21930510537042],[6.555789920650292,53.2192790828998],[6.555229635238503,53.21921174859939],[6.554932583005066,53.21918947799981],[6.554675038596909,53.21924410506825],[6.554254993436557,53.21932457540572],[6.553662355874728,53.21944536358728],[6.552941301304721,53.21957907876089],[6.552482617437008,53.21961498638201],[6.552126198403799,53.21961215671898],[6.550933135840663,53.21956532216186],[6.550372034176099,53.21952313495205],[6.549739083884419,53.219425925800294],[6.549519675353967,53.21939570044161],[6.548654839887114,53.21924950931333],[6.548264094009755,53.21919487956351],[6.54798660068315,53.219175997081116],[6.548152198335128,53.21887514909729],[6.548435290015826,53.21899102973128],[6.548557064012504,53.21900962117002],[6.548770965583596,53.2187792970292],[6.548421628366223,53.21864968012199],[6.548495962646201,53.218574373889204],[6.549244023107977,53.217830249507756],[6.548021442828874,53.21757428986092],[6.54692594090506,53.21714365276501],[6.546000258047148,53.21762977231283],[6.545568190682247,53.21737333975999],[6.550103378448375,53.21482406964548]]]]}},{"type":"Feature","properties":{"gezicht_uri":"https://linkeddata.cultureelerfgoed.nl/cho-kennis/id/gezicht/10134471","gezichtsnummer":"1611","naam":"Groningen - Petrus Campersingel"},"geometry":{"type":"MultiPolygon","coordinates":[[[[6.571562040809256,53.226175159575924],[6.572747948482823,53.22540769519731],[6.573348679871343,53.225035114531096],[6.573668954330485,53.22491961860791],[6.573894084028811,53.22482932596981],[6.573888211560132,53.22477906029845],[6.575055813007916,53.22449252489594],[6.575201877485309,53.224467714353445],[6.57590597617174,53.22415250867179],[6.576429473551411,53.223858858755236],[6.576750029761097,53.223645399999874],[6.576914401913848,53.22352425147172],[6.577425155056782,53.22304021187081],[6.577818331679974,53.22258249850425],[6.578119482950755,53.22215445354613],[6.578262292827674,53.22190321427695],[6.578276778315359,53.22183117931178],[6.578351930441508,53.22167856319603],[6.578374094250926,53.22139617025222],[6.578495536343263,53.221184682890815],[6.578667122814103,53.22121712759106],[6.578671572190426,53.22105263227978],[6.578672972726206,53.22066889903121],[6.57860717430024,53.22023730639541],[6.578544004328048,53.22000967894741],[6.578430584030307,53.21969717948886],[6.578355553532012,53.21952808129283],[6.578230998109488,53.218920039393616],[6.578335906375113,53.21865210172759],[6.578864715643078,53.21882568057999],[6.578655577829654,53.21911442381196],[6.578946077063414,53.219278686082056],[6.579734720785893,53.21958986813412],[6.579523007857315,53.21978517979354],[6.579545683505756,53.21979304223498],[6.579463173762729,53.21984149004903],[6.579634274904834,53.21991078243402],[6.579546892846639,53.219999717546],[6.579595485915105,53.22002439660701],[6.57948182929525,53.22013785605378],[6.58061266176862,53.22053190130844],[6.580256849392498,53.22087692293917],[6.579535403595917,53.22061450177014],[6.579426037657763,53.22072072937254],[6.579370912562547,53.2215992485054],[6.579087126064756,53.2224935183709],[6.579252953433937,53.22253410721994],[6.578011634394994,53.2237290415065],[6.578173989590317,53.223806510519786],[6.578179421281074,53.2238406049007],[6.578408511154739,53.22394886362123],[6.578239069687723,53.22410331415944],[6.578141890557562,53.22421750717894],[6.577953382122967,53.2243865247379],[6.577558742940537,53.224193638111885],[6.577509750436064,53.22415458397318],[6.577339290629233,53.22427219910692],[6.57737725984013,53.22429159258741],[6.576957452979242,53.2245985968257],[6.575081968828414,53.225335188827565],[6.57504779943131,53.225290595143406],[6.57469331625042,53.225414521001426],[6.574577607493503,53.225290755233544],[6.572350940648915,53.22682068058341],[6.571733155007454,53.226517648841245],[6.571562040809256,53.226175159575924]]]]}},{"type":"Feature","properties":{"gezicht_uri":"https://linkeddata.cultureelerfgoed.nl/cho-kennis/id/gezicht/10134472","gezichtsnummer":"1612","naam":"Groningen - Oosterpoort Oost"},"geometry":{"type":"MultiPolygon","coordinates":[[[[6.578567785557958,53.212397949331134],[6.578606318161023,53.21205787976615],[6.578708555949056,53.211585076989806],[6.578826070888099,53.21128645904372],[6.57932218504566,53.210711790698184],[6.579622456703194,53.21047246346637],[6.580039923731977,53.21024904449458],[6.580679690211975,53.20956510451476],[6.581107179367959,53.20910883318669],[6.581258148085399,53.208938385623085],[6.581313120302448,53.208923460167775],[6.581346439491777,53.20893750682672],[6.581793746912781,53.209199052258874],[6.581949894410175,53.209270287498995],[6.5824691707328,53.20948168827719],[6.582627866238732,53.20953672166479],[6.582078637328906,53.210083176717205],[6.58152081249609,53.21064409292916],[6.581688227357616,53.21079789155109],[6.581314980576736,53.210887876889565],[6.580912859590208,53.21139601749056],[6.580750792199092,53.21181549897768],[6.580643617475857,53.21194596973711],[6.580578296569144,53.2120742268002],[6.580393652667882,53.212326784655886],[6.580156595344648,53.212904273392645],[6.580054717882693,53.21295561032248],[6.579961265060607,53.213041011830214],[6.578567785557958,53.212397949331134]]]]}},{"type":"Feature","properties":{"gezicht_uri":"https://linkeddata.cultureelerfgoed.nl/cho-kennis/id/gezicht/10134473","gezichtsnummer":"1613","naam":"Groningen - Korrewegwijk"},"geometry":{"type":"MultiPolygon","coordinates":[[[[6.566671342232463,53.22623141549701],[6.567118521153185,53.2264301114693],[6.567922108842357,53.22684816158344],[6.569516174062599,53.22764124041942],[6.570096124870823,53.22721855777651],[6.570720361342655,53.227483791491366],[6.572423866133255,53.22827844863816],[6.572581472143711,53.22840090390605],[6.57578423037631,53.22985287624078],[6.575401615575292,53.23015321520823],[6.577296721420411,53.23099173721821],[6.577658889078281,53.23071046645587],[6.578976921057842,53.23131205300176],[6.578613433149242,53.23159963127542],[6.579947305937491,53.23217678682117],[6.580329823586549,53.231927656749384],[6.580733008434131,53.23210157799397],[6.580086801450662,53.23261842841989],[6.578905004163996,53.23207121674628],[6.578322004138023,53.232382540739735],[6.578277733710508,53.23262381472111],[6.578150010520369,53.23288029498796],[6.577746918400602,53.233198816982515],[6.57696494956373,53.23351929672754],[6.575833926715139,53.232966159918604],[6.575491020409679,53.23324094359401],[6.574679269094665,53.23285986853998],[6.573615338986795,53.23365759546314],[6.571830605063759,53.23422429078824],[6.569729046439473,53.23164436477139],[6.56626561223524,53.2326561553792],[6.566733122720196,53.23321320836663],[6.566967686412701,53.233137214809965],[6.567371612211964,53.233614013204445],[6.565254653096376,53.23424857820609],[6.564829267753727,53.233753112150474],[6.564339149134678,53.23313516657841],[6.563340337775344,53.231765554803914],[6.563165694649274,53.231566870621776],[6.561435014662826,53.22921950792408],[6.56139700745543,53.22914349580655],[6.562962327988874,53.22833108058228],[6.563576071773351,53.227936855312116],[6.56395158741136,53.22814345453737],[6.566671342232463,53.22623141549701]]]]}},{"type":"Feature","properties":{"gezicht_uri":"https://linkeddata.cultureelerfgoed.nl/cho-kennis/id/gezicht/10134474","gezichtsnummer":"1614","naam":"Groningen - Bloemenbuurt"},"geometry":{"type":"MultiPolygon","coordinates":[[[[6.58178057417437,53.22443385767651],[6.58278239039215,53.2235153557748],[6.583689633315322,53.22258970019575],[6.583911658731562,53.22222623271364],[6.583653057287533,53.221755227874766],[6.584328075803349,53.22190755488905],[6.584292767987428,53.22198429158475],[6.584702816081014,53.22208444251678],[6.584665816261234,53.22210008864261],[6.586579764594904,53.222598590835226],[6.586616041144564,53.22255689076598],[6.588386398551735,53.22300557698969],[6.588410797992252,53.222967589827405],[6.588903297033442,53.223070495689576],[6.588793128726366,53.22330884011367],[6.588091275723698,53.224778852875815],[6.587756920273174,53.22503291904665],[6.587463804073059,53.225639737320904],[6.587393542842978,53.225751871408384],[6.587358861111717,53.2258510686628],[6.587262874747764,53.226007493290915],[6.584760968240684,53.22531806825797],[6.58344561082347,53.224971731771184],[6.582504339843252,53.22472320164531],[6.58178057417437,53.22443385767651]]]]}},{"type":"Feature","properties":{"gezicht_uri":"https://linkeddata.cultureelerfgoed.nl/cho-kennis/id/gezicht/10134475","gezichtsnummer":"1615","naam":"Appingedam"},"geometry":{"type":"MultiPolygon","coordinates":[[[[6.856599451098864,53.319040060760095],[6.857009882212235,53.31914917152515],[6.857422702773197,53.319240278549216],[6.857907011472794,53.31931523225537],[6.85836606196982,53.319353648287866],[6.858402870688006,53.31950866527147],[6.858531075280627,53.319791071269066],[6.858582822710135,53.31990007383901],[6.8586222008907,53.31999844394154],[6.858573475251224,53.32024167761628],[6.858556766552191,53.32036769401678],[6.858502376711522,53.320620882181096],[6.858824493648571,53.32064839156087],[6.859166512531422,53.320687338874905],[6.859398740827875,53.32071954216855],[6.85959208687876,53.32075581597024],[6.859724872425994,53.320776655624634],[6.85993349738636,53.32082082959627],[6.860155409725117,53.32085854977839],[6.86032747769807,53.32088699526255],[6.860461426384003,53.320897934634154],[6.86059816055935,53.3209025491165],[6.860593915200114,53.32099785872343],[6.860603949229186,53.32120352799378],[6.860688606665777,53.321221361951544],[6.860558831760846,53.321595895137314],[6.861371045348299,53.32186631677984],[6.861797655225877,53.32200846327595],[6.861894839344758,53.322041419868086],[6.862348149733112,53.32217425027123],[6.862671634019804,53.32224127354299],[6.862434001075425,53.322577591856586],[6.8622302656199,53.32254504468011],[6.861481061810792,53.3224059583304],[6.861097260422499,53.32233068496416],[6.86075482745024,53.32228006558705],[6.860473813677267,53.322225996446846],[6.860064050730643,53.322137558188956],[6.859783008040956,53.32208258914533],[6.85972853849653,53.322069776642],[6.859555821616914,53.32202246645265],[6.859657274621507,53.321872945421404],[6.859234901016391,53.32176668574396],[6.858891680052081,53.32173673983974],[6.858936828300705,53.32156454377092],[6.858788884967518,53.321539395541166],[6.85877376284696,53.321580020197445],[6.858752029128682,53.32164678681447],[6.858027652897892,53.32153074020478],[6.858062147290785,53.321310147446795],[6.857409485816197,53.321272301220446],[6.857398501471604,53.321478227704326],[6.857126652910086,53.32147256609323],[6.85682063606006,53.32147720686468],[6.856840913580695,53.32189573232366],[6.856853805004935,53.32196566980842],[6.856882129924008,53.32213606796453],[6.856860332703808,53.32224507176977],[6.856755561351696,53.32234161024815],[6.856553332801835,53.32239710327017],[6.85654169694393,53.322319961176795],[6.856305206728628,53.322339027756115],[6.856296020991057,53.32228971400173],[6.856288764293382,53.3222529578393],[6.856093209687811,53.32219603663285],[6.855891409620585,53.32217603628385],[6.855834185511083,53.3221704449244],[6.855716277426504,53.322189858666476],[6.855229612861371,53.32213469514239],[6.855116573385507,53.32212079859898],[6.854952770062315,53.3221147111032],[6.854680214137001,53.3220883835051],[6.854545926671871,53.32206755660902],[6.854343638540955,53.322033181153735],[6.853714180594535,53.32192763246728],[6.853862263463819,53.32156007307518],[6.853995570551771,53.321552155730004],[6.854239283460758,53.32152491760877],[6.854487282650149,53.32149133607968],[6.85468405937096,53.321452088857136],[6.854965155646438,53.32137676409875],[6.855315568060566,53.3212655444635],[6.855501259853246,53.32120935683345],[6.85556194547462,53.32083207888198],[6.855674096468324,53.320379583646755],[6.85574175961136,53.320075011332165],[6.855815329889702,53.32007590970251],[6.855813554521076,53.31993574110835],[6.855866918086377,53.31991621727014],[6.855916270928415,53.319867086779176],[6.856082759993322,53.319864153512455],[6.856188936006576,53.31989700476827],[6.856335984098026,53.31989610607437],[6.856341676867983,53.31971091338425],[6.856442157745227,53.319708786451564],[6.856531677986099,53.319693313592],[6.856555557565581,53.31964539289399],[6.85658111770665,53.31938267286341],[6.856599451098864,53.319040060760095]]]]}},{"type":"Feature","properties":{"gezicht_uri":"https://linkeddata.cultureelerfgoed.nl/cho-kennis/id/gezicht/10134498","gezichtsnummer":"1637","naam":"Appingedam Uitbreiding"},"geometry":{"type":"MultiPolygon","coordinates":[[[[6.86059816055935,53.3209025491165],[6.860461426384003,53.320897934634154],[6.86032747769807,53.32088699526255],[6.860155409725117,53.32085854977839],[6.85993349738636,53.32082082959627],[6.859724872425994,53.320776655624634],[6.85959208687876,53.32075581597024],[6.859398740827875,53.32071954216855],[6.859166512531422,53.320687338874905],[6.858824493648571,53.32064839156087],[6.858502376711522,53.320620882181096],[6.858556766552191,53.32036769401678],[6.858573475251224,53.32024167761628],[6.8586222008907,53.31999844394154],[6.858582822710135,53.31990007383901],[6.858531075280627,53.319791071269066],[6.858402870688006,53.31950866527147],[6.85836606196982,53.319353648287866],[6.858762901221457,53.31937215519331],[6.858820780939208,53.319616779707225],[6.858963057934698,53.320135359550136],[6.859345301704678,53.3201657258494],[6.859410450598842,53.32013976548117],[6.859482582237384,53.320142476543076],[6.859595709963181,53.3201590638451],[6.859675741598282,53.32017336054427],[6.859916201131095,53.320182995570775],[6.860153046308753,53.32017470128335],[6.860331967611256,53.32018419096946],[6.860375337660862,53.32035530276811],[6.860517558163075,53.32043264125209],[6.860551155449771,53.32053737220504],[6.860663495714082,53.320618671425635],[6.86059816055935,53.3209025491165]]],[[[6.856840913580695,53.32189573232366],[6.85682063606006,53.32147720686468],[6.857126652910086,53.32147256609323],[6.857398501471604,53.321478227704326],[6.857409485816197,53.321272301220446],[6.858062147290785,53.321310147446795],[6.858027652897892,53.32153074020478],[6.858752029128682,53.32164678681447],[6.85877376284696,53.321580020197445],[6.858788884967518,53.321539395541166],[6.858936828300705,53.32156454377092],[6.858891680052081,53.32173673983974],[6.859234901016391,53.32176668574396],[6.859657274621507,53.321872945421404],[6.859555821616914,53.32202246645265],[6.85972853849653,53.322069776642],[6.859783008040956,53.32208258914533],[6.860064050730643,53.322137558188956],[6.860473813677267,53.322225996446846],[6.86075482745024,53.32228006558705],[6.861097260422499,53.32233068496416],[6.861481061810792,53.3224059583304],[6.8622302656199,53.32254504468011],[6.862434001075425,53.322577591856586],[6.862382451653798,53.32265011703288],[6.862039676463061,53.32258962027015],[6.861179263153507,53.32240247050019],[6.861069006558969,53.32238225481422],[6.860729880912281,53.322340581366625],[6.860439773083433,53.32228392766604],[6.859648537837955,53.32210041236439],[6.859421504958327,53.32204478081658],[6.859223008087436,53.32198969802044],[6.859030942266646,53.321947117328165],[6.858854523544038,53.321923216517995],[6.858580711673127,53.32190410237485],[6.858373217563359,53.32189316245291],[6.857582005020178,53.32188576985518],[6.8569699042217,53.32189325639535],[6.856840913580695,53.32189573232366]]],[[[6.853714180594535,53.32192763246728],[6.854343638540955,53.322033181153735],[6.854545926671871,53.32206755660902],[6.854680214137001,53.3220883835051],[6.854952770062315,53.3221147111032],[6.855116573385507,53.32212079859898],[6.855229612861371,53.32213469514239],[6.855716277426504,53.322189858666476],[6.855834185511083,53.3221704449244],[6.855824173401731,53.322273013931664],[6.855649805074456,53.32248542961935],[6.855530212492743,53.32245543773018],[6.855375930300765,53.322420477531615],[6.855396444833253,53.32236181437802],[6.855237295048531,53.32231612960407],[6.855283498418156,53.32221851054532],[6.854960943532656,53.32217841578884],[6.854657004155154,53.322156065991734],[6.854534657368766,53.32213329598725],[6.854517474517266,53.32233390576892],[6.854524575368814,53.32241020473473],[6.854269682929278,53.32241780943688],[6.854119778535068,53.3224232336603],[6.853926366339293,53.32242918862607],[6.853695814247814,53.3224463802841],[6.853490399733134,53.32245248098643],[6.853605534740526,53.322219223486876],[6.853714180594535,53.32192763246728]]]]}},{"type":"Feature","properties":{"gezicht_uri":"https://linkeddata.cultureelerfgoed.nl/cho-kennis/id/gezicht/10134510","gezichtsnummer":"1649","naam":"Eenrum Uitbreiding"},"geometry":{"type":"MultiPolygon","coordinates":[[[[6.460069161536945,53.36256385977959],[6.459870115890678,53.36235267147168],[6.46067694529292,53.36211813244217],[6.460671142433176,53.3618252469009],[6.460538536572692,53.36156763903618],[6.460525160059611,53.36115171542852],[6.460832558843578,53.361190306611896],[6.460949005965173,53.36080018149096],[6.460759399773953,53.36072639320158],[6.46068460217645,53.36067853742108],[6.460906620389052,53.36060646633468],[6.461040257182421,53.36024314501795],[6.461146344838458,53.36010022194115],[6.461659852146713,53.3595501966816],[6.462509267369611,53.359820267244395],[6.462774631613498,53.3598601278158],[6.462239013764611,53.360486734893975],[6.462146802368581,53.360583707265285],[6.462058736957251,53.3606662652074],[6.46185261414509,53.36083344602456],[6.461693582880119,53.36096156679352],[6.4614074585691,53.36117349195246],[6.461281755684723,53.36125279110502],[6.461827920907039,53.36128834874377],[6.461828668462845,53.361739429760114],[6.46161982601346,53.36179790608308],[6.461667381062378,53.362679887638826],[6.461610422647679,53.362684889339505],[6.461171409795826,53.3627301447494],[6.461067983297979,53.36273915541416],[6.461089861082901,53.36265269634926],[6.461104632919442,53.36246206536573],[6.461104834530368,53.36228953607122],[6.46088256146416,53.36235172531568],[6.460644058715978,53.3624257405359],[6.460301142375354,53.36252944144479],[6.460096889150451,53.36259146844855],[6.460069161536945,53.36256385977959]]],[[[6.462035025093025,53.363807017238095],[6.461350267054608,53.36297475869916],[6.461626183655286,53.36289501642207],[6.461621923991195,53.362844733957715],[6.462237772314738,53.36266221083762],[6.462695030368544,53.36322692470609],[6.463061841515601,53.3635983524352],[6.462705472054192,53.36370487620466],[6.462654270806393,53.363639737633285],[6.462035025093025,53.363807017238095]]]]}},{"type":"Feature","properties":{"gezicht_uri":"https://linkeddata.cultureelerfgoed.nl/cho-kennis/id/gezicht/10134523","gezichtsnummer":"232","naam":"Kiel-Windeweer"},"geometry":{"type":"MultiPolygon","coordinates":[[[[6.757064882739064,53.141656365156024],[6.757429993970699,53.141528171480246],[6.757440684497602,53.141440876196654],[6.757452329203289,53.14133649486582],[6.757455731686319,53.14130230569348],[6.757477680736694,53.14114568243404],[6.757480697227428,53.14114654663179],[6.757911916468299,53.13810044193664],[6.758456684421578,53.13439429070598],[6.758536965073595,53.13390897616308],[6.75866418585668,53.13306544410535],[6.758669082914666,53.13293687484391],[6.758798376077719,53.13206456041151],[6.758841643273604,53.13177917906528],[6.758959732864212,53.130977989204204],[6.758992142441271,53.13077451319629],[6.759043785449472,53.13051779396536],[6.759050230120032,53.130485367170266],[6.759098032033543,53.13020173102984],[6.759133926077419,53.12996676071068],[6.75914976045224,53.12985334385778],[6.759151866191829,53.129825460208124],[6.759155124327315,53.12978677902497],[6.759155423603532,53.1297490304183],[6.759154143923299,53.12970860380783],[6.759149649462721,53.12966102445144],[6.759145979687252,53.12963949779965],[6.75913726025464,53.129600055075585],[6.759125724179536,53.129566036772594],[6.7591159661246,53.12954098505649],[6.758988983627605,53.129258451482706],[6.758971132054356,53.129213721135734],[6.758966139378736,53.12919760179252],[6.758959397185302,53.1291734142264],[6.75895581284595,53.129154582673074],[6.758953921163084,53.12914202260355],[6.758903115282848,53.12885861670264],[6.758897881982316,53.12878767971671],[6.758895550627002,53.12871401341931],[6.758895821699395,53.128675366430315],[6.758898852537576,53.12862949828352],[6.758901157404315,53.128607903213776],[6.758906278892882,53.12858088372532],[6.758912780254458,53.12855025365745],[6.758923506533461,53.128511486960456],[6.758945698264533,53.12845731117064],[6.758955527966098,53.12843742733167],[6.758987890483113,53.128374148127726],[6.759006113070741,53.12833619428222],[6.759055773028085,53.12825294570311],[6.759079913008389,53.12821312669583],[6.759098050144404,53.12817247772623],[6.759120554275355,53.12812818396509],[6.759165619272705,53.12804139316799],[6.759248807525425,53.12783733537012],[6.759278780361268,53.127698593027084],[6.759317858743698,53.12737551382187],[6.759405942036497,53.126759797216835],[6.759427862521481,53.12664990527137],[6.760010086872096,53.126729509842704],[6.760125715544629,53.126747956120944],[6.760210008382666,53.12676766011318],[6.760428507373926,53.12682626711579],[6.760666607463125,53.12613603530945],[6.760339639168251,53.12604901508189],[6.759520096020212,53.12607098741119],[6.759718992960953,53.12485007704843],[6.759769031970222,53.1245430483201],[6.759785218355646,53.12448804239095],[6.759785886886564,53.12446197253732],[6.75981507351284,53.12425134317661],[6.763082749242522,53.1199773981954],[6.763659356521271,53.11922395566866],[6.763669381657506,53.1192103599947],[6.76366478772912,53.119206817988804],[6.764218310131132,53.11847969995486],[6.764727322128685,53.11780970896412],[6.764741626499027,53.117789773084645],[6.764738554408639,53.11778711231671],[6.76520076699537,53.117149111706546],[6.765655814289858,53.1165210772288],[6.765675862067271,53.116493885531305],[6.766086443589836,53.115877145290085],[6.766584101630817,53.115274678593074],[6.766573535312425,53.11527120547336],[6.767035951659675,53.114641282801],[6.767345455486528,53.11422880827285],[6.76749301137332,53.11403119125203],[6.767958702100395,53.11341111253355],[6.767976790679446,53.113416296216066],[6.768421507923277,53.11279465984886],[6.76843724478476,53.11277290954834],[6.768915597152909,53.11217604686681],[6.768931419419245,53.1121569916121],[6.769364337899034,53.11154087960682],[6.769415558504328,53.11155466774215],[6.769872355574145,53.110891545613526],[6.769860297075528,53.110888090011684],[6.770318197833698,53.11026000257355],[6.77033109015931,53.11024277835126],[6.77081955283214,53.109636803375935],[6.770862650141364,53.10958328205148],[6.771270363389532,53.109021375578436],[6.771297524784977,53.108983316181124],[6.771358623904149,53.10888555018781],[6.771681972885813,53.108394715889006],[6.771674451009141,53.10839300543467],[6.771720187690161,53.108328668817215],[6.772112633783939,53.10775704982871],[6.772129802492317,53.10773348501557],[6.772530476940409,53.10718603430298],[6.772569091146235,53.10713256414337],[6.773025478024492,53.10650627989855],[6.773063114742599,53.10651573012239],[6.77353019621565,53.10589740830126],[6.773481995362465,53.105884485694446],[6.773643016633701,53.10568940036974],[6.773984202687649,53.10529091898933],[6.773999847894285,53.105266472811294],[6.774029846533686,53.10522388633593],[6.774460730472953,53.10464192775467],[6.774448673354969,53.10463847260329],[6.77490960035279,53.10401572248504],[6.775357625875517,53.10341019530486],[6.775369107707436,53.103395682935044],[6.775813044983847,53.10280278309117],[6.775824238907618,53.10277928695975],[6.775833940111611,53.10275580813591],[6.776284295600995,53.102177211184156],[6.776305765304091,53.1021482035735],[6.776743188482124,53.101539198704344],[6.776731132049085,53.10153574377709],[6.777213462135511,53.10088397671671],[6.777675716202833,53.100258503054974],[6.778153574326551,53.09965441508301],[6.778582705833926,53.099021233841],[6.779001521106433,53.098392664273874],[6.779525349515695,53.097779947474216],[6.779492196607626,53.097770447172614],[6.780466966347094,53.09655484145414],[6.780456432351865,53.096552267898865],[6.78092617178784,53.095930287826384],[6.78139297066426,53.09531013733586],[6.781344779289111,53.095297217818405],[6.781779020812768,53.09468643174705],[6.782329051213285,53.094055421944425],[6.782300435538785,53.09404766697931],[6.782744520029807,53.09341878809567],[6.783188678431268,53.092792602602984],[6.783655440479262,53.092173341288344],[6.784119320323496,53.09155770639157],[6.784114814446776,53.0915568602517],[6.784575812379972,53.09094485182461],[6.785059776644645,53.09030471325515],[6.785032684181717,53.090297839876925],[6.785487773765464,53.08968859259549],[6.785551027401661,53.089705828063295],[6.786036658549,53.089071956575324],[6.786459631732603,53.08843971389506],[6.787275850569881,53.08792060267329],[6.788032088741853,53.08743993333979],[6.788102321100286,53.08739597341955],[6.788456349059196,53.08717254478206],[6.788738679310105,53.086993991271456],[6.789790519926968,53.08633100589213],[6.790618509086812,53.08580903685774],[6.79129432277684,53.085382312784986],[6.791393780114708,53.08531913512973],[6.791507867450169,53.0852467986542],[6.791544443140683,53.085223901802976],[6.792361945555369,53.08470204319726],[6.793129716842429,53.08421221776135],[6.793938403611824,53.08369584372292],[6.793948644084397,53.083689432397264],[6.794264517824231,53.08348800328869],[6.795209050001462,53.082881050931356],[6.795217798080158,53.08287465704486],[6.795510254290436,53.08268787934642],[6.795561395972521,53.0826540252931],[6.79563450952003,53.08260733072519],[6.795643286633464,53.0826018351786],[6.796330441120247,53.08215966986581],[6.796400627369358,53.08211480669453],[6.796470813473452,53.082069943481976],[6.79657751141294,53.082000385093366],[6.796621395747818,53.08197290700723],[6.796744271589991,53.081895968280215],[6.796862729419818,53.08182087887421],[6.79709089629118,53.08167709373421],[6.797136242762949,53.08164869951667],[6.797307388589857,53.08154153408874],[6.797319061651548,53.08153330815829],[6.797479967156533,53.08143255409776],[6.797534089749479,53.08139866404684],[6.797642305489201,53.081329985500645],[6.797746161793835,53.081264953078005],[6.797953815071863,53.0811330912202],[6.798154211769054,53.08100760551927],[6.798389654561103,53.080858339750556],[6.79851986697713,53.08077771777653],[6.798708529410573,53.08065866045196],[6.798965909077711,53.080495654114515],[6.799088776585834,53.08041871297531],[6.79934471993564,53.08025752015869],[6.79956263157579,53.080120142084574],[6.799581617254011,53.08010733607003],[6.799587497225243,53.080104570549516],[6.799603586753625,53.0800944948476],[6.799691318452084,53.08003863806475],[6.799856542460424,53.07993333613883],[6.799964750875826,53.07986465548793],[6.800089019008382,53.079785000601156],[6.800214749343169,53.07970442960456],[6.800434088855646,53.07956523558915],[6.800534982219165,53.079501134337065],[6.800590533410806,53.07946542854621],[6.800634383391691,53.079437050615034],[6.80073673879765,53.07937203320683],[6.800795244181304,53.0793353937173],[6.801178305683418,53.079090912500405],[6.801419578118129,53.07893797678827],[6.80166666996556,53.07878047822545],[6.801874299460493,53.07864860954996],[6.801989785117342,53.078574448689366],[6.802089211304749,53.078511262126206],[6.802223738963098,53.0784260913632],[6.802302688507146,53.078375728691874],[6.802516135086271,53.07823929650571],[6.802587800459338,53.07819441205912],[6.802710625745149,53.07811656882341],[6.8028188251206,53.07804788558608],[6.802967946025825,53.0779526554898],[6.803175538308046,53.07781988618147],[6.803459209757271,53.07764038185471],[6.803723807621265,53.07747098842071],[6.803786695442628,53.07743159939515],[6.803896353911476,53.077361999157105],[6.804024995161232,53.07727959209693],[6.804412407790243,53.077032352422755],[6.804688727311036,53.076856526964434],[6.804833481979102,53.0767649410138],[6.804845211007851,53.07675851108662],[6.805137555286802,53.07657081143965],[6.805333464159431,53.07644626507483],[6.805416793809523,53.07639315221479],[6.805560053615127,53.07630158305777],[6.805685763717197,53.07622100630005],[6.805706208310646,53.076207283263685],[6.805798340927638,53.07614957222024],[6.805839259321038,53.076123024475116],[6.805880177664422,53.07609647671597],[6.805921125317218,53.076070827312435],[6.806313167873466,53.075828918647055],[6.806523782045876,53.075697904885615],[6.808394884936634,53.07450377542732],[6.808757447761739,53.074273891763134],[6.809380144394791,53.073876450928985],[6.809479549077049,53.07381325821254],[6.809866899741954,53.073566000841375],[6.810615297420815,53.07308887064248],[6.811330077877523,53.0726337048083],[6.812547762078156,53.07186158977413],[6.812853228706741,53.071666524420884],[6.813945061504992,53.07097138596575],[6.81399474247706,53.070939338533535],[6.813684154558398,53.072068238277076],[6.813565595484717,53.072501935506956],[6.813288808951842,53.07357021648782],[6.813269000982052,53.07364864108729],[6.813120727469627,53.07422289183891],[6.813112927981817,53.07425803480788],[6.813105453053076,53.07430305982278],[6.812837817781779,53.07533258505096],[6.812820549196526,53.07539749849076],[6.812815083729425,53.07541284180736],[6.812746910576691,53.075654510408285],[6.812613988048446,53.07615128743246],[6.812608581411655,53.07616842747174],[6.812558353785629,53.07636584497726],[6.81245962494597,53.07676784907093],[6.812433876377022,53.076847242881676],[6.812420344641859,53.07688964376742],[6.812315304530854,53.077326772818616],[6.812215846279722,53.077752151915355],[6.812108661496202,53.07816953436685],[6.812085629770926,53.07824080725354],[6.812084344346735,53.07824711358106],[6.811939365662606,53.07878627258177],[6.811724140559904,53.079640818441874],[6.811710725215813,53.07968681268371],[6.811687927911258,53.07976527240017],[6.811621068512623,53.080047366585674],[6.811539289081544,53.08032963822507],[6.811528827695711,53.08037469856912],[6.811522399865407,53.080406230158474],[6.811352833334437,53.08106071632373],[6.811332222729846,53.081114884549386],[6.811326991841345,53.081137414707776],[6.811161022478528,53.081810730670554],[6.81114535876176,53.08187921947594],[6.811138783078008,53.08190625919987],[6.810971511305648,53.08254004664691],[6.810954060348043,53.08259956949565],[6.810927314636379,53.082694252831594],[6.810761882460643,53.0833388025021],[6.810755158996313,53.08336135036383],[6.810737648491365,53.08341907643593],[6.810715466298701,53.0835164015775],[6.810702372840578,53.08357227768601],[6.810647180761519,53.08375537336652],[6.810627157299566,53.08382750875367],[6.810613827930818,53.08387619791982],[6.810602952279894,53.08390868101597],[6.810597484985355,53.0839240241976],[6.8105837430753,53.083960136235284],[6.81054486365751,53.08409450721096],[6.81050186138116,53.08423971177688],[6.810313955210003,53.08465445630196],[6.810291613915527,53.08470145510829],[6.810225315958248,53.08481907625125],[6.810215490021514,53.08483806608132],[6.810197448019962,53.08487962146726],[6.809907180903887,53.08535939066872],[6.809810607034411,53.08550972508996],[6.809769456427372,53.08557492159739],[6.809728305697523,53.085640118089806],[6.809689785702453,53.08569449872017],[6.8096255560528,53.085784234709536],[6.809245434617135,53.08630101821795],[6.809196674605641,53.086361811305565],[6.808927052959249,53.086743372561386],[6.808692700002721,53.08706250303986],[6.808665614444804,53.087101469376115],[6.808595912213216,53.08720654787023],[6.808225358309696,53.08769715138883],[6.8078218873482,53.08823128250517],[6.80780468686572,53.08825305574931],[6.807756128520726,53.08832013678793],[6.806893020761918,53.089497804347495],[6.806440049879679,53.09011699627499],[6.806232809192282,53.09039895265629],[6.805977002044186,53.09074798894934],[6.805669788339983,53.091168632015716],[6.805658319865153,53.091183147298004],[6.805611129790873,53.09124661628755],[6.805581142385846,53.09128831234802],[6.805571166148436,53.09130280994345],[6.805525409389315,53.091364464488656],[6.805498200876786,53.09139983661366],[6.804610423126334,53.0926029417618],[6.804147205091652,53.09323033359759],[6.803702582882408,53.09383323818538],[6.803245103118925,53.09445426720586],[6.802896227572927,53.094926621505145],[6.802849029430124,53.094990089360685],[6.802773213629923,53.09509164141799],[6.802731779688269,53.095148750093195],[6.80230564119849,53.09572446895241],[6.801859475640502,53.09632738404557],[6.801394685992282,53.09695478241696],[6.800962805629465,53.09753865209083],[6.800493717429189,53.098172388239085],[6.800037521995991,53.09878979341035],[6.799576952900592,53.09941084304382],[6.799120731535776,53.10002824457527],[6.799067785870212,53.1000989681936],[6.798657472595816,53.100659207736555],[6.797743735046057,53.10190210455074],[6.796368112958063,53.10377593044606],[6.796353068893838,53.10377251263351],[6.795450355101277,53.104990994835305],[6.795423251821598,53.10498412387639],[6.794927984017444,53.10559837168898],[6.794530307718333,53.10609104366756],[6.794415400544989,53.10623169353646],[6.793932840592251,53.10682421847207],[6.793912756710079,53.10684961817301],[6.793476847685174,53.10740744222884],[6.793459690729943,53.107431010062946],[6.793000400416164,53.108051117477984],[6.792612465239441,53.10866139853997],[6.792592437965513,53.10868859473992],[6.79213218210827,53.10932578511615],[6.791693259614251,53.10993036990902],[6.791705290469412,53.10993292494443],[6.791646668979244,53.110013597187],[6.791253093753893,53.11054305580481],[6.790780738527019,53.11117678731077],[6.790596137851114,53.111426094411556],[6.790320081120925,53.11180319003723],[6.789856685937852,53.11243771116509],[6.789416178459845,53.113041406362846],[6.788695268935202,53.11402763419245],[6.788503614255215,53.114290500746066],[6.788452156175274,53.11436210037156],[6.78805024073685,53.11491321356143],[6.787592606957372,53.11554316386925],[6.787543987124428,53.11561023635152],[6.787089005995789,53.116230267729556],[6.786730169789121,53.11672874763629],[6.78663717227306,53.116855652599256],[6.786192414802387,53.117469269754075],[6.785737626872202,53.11809648268383],[6.785285667513851,53.11871916713103],[6.784826576397985,53.119352717279334],[6.784797972507588,53.11934586139483],[6.784347219507292,53.11996043944959],[6.783551610595735,53.121046360654304],[6.782976540754253,53.12183762865707],[6.782488729981634,53.122509248732776],[6.781992319494245,53.12319264979037],[6.781438727737119,53.123956698338574],[6.781453806555494,53.12396101634674],[6.780889539188305,53.12471889536125],[6.780711974244942,53.1249582176861],[6.780604584462571,53.1251032587538],[6.780510000010032,53.12522837939165],[6.780465232540706,53.12527653112245],[6.780426179032527,53.12531652808775],[6.780385487601631,53.125352050589086],[6.780323858449116,53.125386917856524],[6.780259126742289,53.125418226369945],[6.780206169616143,53.12544400573925],[6.780105420829155,53.1254703407613],[6.78002221852076,53.12548478860704],[6.779902883794954,53.12549066945081],[6.779863908785738,53.12548662903839],[6.779855323071066,53.1254984119387],[6.779766536405505,53.12561807235486],[6.779739314457316,53.12565433675592],[6.779763441247772,53.12566124590423],[6.779845706237537,53.12571061679628],[6.779900684365818,53.125747723056776],[6.779943858924924,53.125789460011816],[6.779969140433248,53.1258323036707],[6.779978022341322,53.125876236681876],[6.779984090455807,53.125925594600595],[6.779971947871172,53.12596617723767],[6.779833687457111,53.12617358666415],[6.779809365660053,53.12620712126196],[6.779313902935529,53.12687611953589],[6.779305259094509,53.12688610566564],[6.77888596862024,53.12746165080193],[6.778857331450331,53.127453895167896],[6.778855895581134,53.12745570924453],[6.778429673676005,53.12804840837355],[6.778336656666471,53.12817620496961],[6.777997667575075,53.128647463815355],[6.777713036326053,53.129043498755784],[6.777558469686091,53.129255587929315],[6.777133360453319,53.129837484536495],[6.776709704724803,53.13041846388106],[6.77646637974147,53.13075200627214],[6.77625168660172,53.131046572177546],[6.775792161570736,53.13167469595535],[6.775427094087322,53.13217320969995],[6.775339746618353,53.132291951001136],[6.774883010203944,53.13291464634338],[6.774429190756479,53.1335355085506],[6.773981046051176,53.1341473161717],[6.773971049494471,53.134161811008426],[6.773509821219619,53.134785451112556],[6.7730600994523,53.135395475692704],[6.772598845075082,53.13601911213606],[6.772573047078282,53.13605356083364],[6.772127407476306,53.136651851222496],[6.771663138645615,53.13727551843985],[6.771456770354237,53.137552004540545],[6.771203166117015,53.13789374183713],[6.770741772644542,53.13851467573067],[6.770417878673213,53.13894888951878],[6.770277492793775,53.13913923570956],[6.768897389334194,53.14099298536045],[6.76847607375217,53.141560424387016],[6.768470326684363,53.14156768017551],[6.768434493386474,53.14161572393572],[6.768394406966912,53.141671006248934],[6.767975894630978,53.14223301882217],[6.767514409176586,53.142853939747276],[6.767369658816291,53.143048825824],[6.767038598890111,53.143494794836236],[6.766577143908239,53.144117508719305],[6.76629677500775,53.144043448031226],[6.757858888787502,53.14180994899846],[6.757583062997081,53.14197307059395],[6.757537656152835,53.142002347957174],[6.757470463283798,53.142051645624164],[6.757414967133578,53.1420927212898],[6.757355954617657,53.14216439262623],[6.757321517326117,53.142209720916014],[6.757241894609183,53.142385875977574],[6.757174064366882,53.14236777893786],[6.757131060318994,53.14266214245734],[6.757096440788865,53.142890805661956],[6.756872467844906,53.14289785924351],[6.756491727860673,53.14291029855532],[6.756364814481547,53.142914444723985],[6.756170694919011,53.14292025721255],[6.756158656358306,53.14239735680241],[6.756156300327311,53.14232279238945],[6.756711672204976,53.14230296632647],[6.756879545615199,53.141703418231565],[6.757064882739064,53.141656365156024]]]]}},{"type":"Feature","properties":{"gezicht_uri":"https://linkeddata.cultureelerfgoed.nl/cho-kennis/id/gezicht/10134527","gezichtsnummer":"286","naam":"Tusschendiepen"},"geometry":{"type":"MultiPolygon","coordinates":[[[[6.875348314730182,53.10674434353855],[6.876400251289968,53.10667374945532],[6.876517620932456,53.106786427603424],[6.876584815432143,53.10682962934177],[6.876874956803453,53.10701565102162],[6.87689694767838,53.10700369410108],[6.877009945263893,53.107075983678826],[6.877020209727667,53.10707046366084],[6.877056870185592,53.10709427309369],[6.877020290722347,53.1071162974624],[6.877169980289544,53.10721329465403],[6.877158315589424,53.107221528269996],[6.877165964797197,53.10722682543693],[6.877165995659114,53.107227723774685],[6.877166057382953,53.107229520450275],[6.87716459543731,53.10723043736002],[6.877164657161093,53.107232234035614],[6.87716468802299,53.10723313237338],[6.877166242554504,53.10723491047694],[6.877166304278367,53.10723670715253],[6.877166335140301,53.10723760549029],[6.877167889672046,53.10723938359384],[6.877169413341917,53.10724026335956],[6.877170937011851,53.10724114312529],[6.877172491543913,53.107242921228796],[6.877174015214001,53.10724380099446],[6.877175538884154,53.10724468076014],[6.877178555362446,53.10724554195361],[6.877180079032748,53.107246421719196],[6.877181571840857,53.10724640314704],[6.877184588319386,53.10724726434036],[6.877187573935656,53.10724722719585],[6.877189097606201,53.107248106961315],[6.87719208322252,53.107248069816706],[6.877193576030677,53.10724805124437],[6.877196561646987,53.10724801409963],[6.877199516400662,53.10724707861704],[6.877260617599733,53.10728676090357],[6.877303373073206,53.1073140893162],[6.87731802339052,53.10730581853861],[6.877355270663909,53.10734669629337],[6.877233620338361,53.10741381655606],[6.877383249679875,53.107509016791376],[6.877667890827054,53.107708585844556],[6.877782992626444,53.1077116469463],[6.877837918342652,53.10770197610854],[6.877894089837829,53.10768509996522],[6.877944104729699,53.107662908098455],[6.878010046527313,53.10762613840536],[6.878226691068772,53.10749851909171],[6.878420005332401,53.10738736686224],[6.878363535803006,53.10735212109876],[6.880170781160106,53.10631584663844],[6.880210490094367,53.106341414563104],[6.880400963213368,53.10623478803875],[6.880449783487177,53.106264735895856],[6.880562530840844,53.10619952073226],[6.880551864931761,53.106193362672606],[6.880860806568201,53.10601425900005],[6.880874550817117,53.106023074807105],[6.880918498395909,53.10599826116091],[6.880906308785273,53.105991223414165],[6.881352905156949,53.105733111284465],[6.881360376204783,53.105689879373074],[6.881633546921167,53.10551301735052],[6.881509384712638,53.10542020074686],[6.88141109478074,53.105341440783754],[6.881366536480456,53.10530514907771],[6.881321792577882,53.1052634673327],[6.881267906674412,53.105216507285824],[6.88111691537644,53.105081785006206],[6.881038713082258,53.10502254606568],[6.880854759481466,53.10488463972881],[6.880676963526421,53.10475204866145],[6.880431540750159,53.10456368102595],[6.88040850058127,53.10454509512288],[6.880362513079628,53.10451061831534],[6.880350200277676,53.10449998715693],[6.880343982028558,53.104492874902235],[6.880337701931355,53.10448396597216],[6.880334469108748,53.10447681649446],[6.880332667148147,53.10446785173053],[6.880332419748629,53.10446066503048],[6.880333541359672,53.10444986636916],[6.880336217529941,53.1044408457717],[6.880341817267949,53.10442999127668],[6.880347540704015,53.104422730131446],[6.880353325988825,53.10441726566096],[6.880347231451968,53.10441374675625],[6.88092210985185,53.104065062873225],[6.881090273700718,53.10396140950645],[6.881174073613803,53.10400979390519],[6.881168226602934,53.104013461740706],[6.881226217663484,53.104049585941354],[6.881198413406305,53.10406610983219],[6.881300497355412,53.104125050723525],[6.881323352008876,53.104138246433266],[6.881445212781026,53.104207725139204],[6.881541750273953,53.10414900227106],[6.881650053302985,53.104215055053054],[6.881793552081343,53.10413237912764],[6.881889511404578,53.10418690234384],[6.881950997443739,53.10415108470148],[6.882043971603606,53.104205645055224],[6.882127321682535,53.104154276105284],[6.882126894749958,53.104098560577434],[6.88217951718106,53.10406554962933],[6.882262804902076,53.104012383910394],[6.882348984904656,53.10395648585013],[6.882373834234855,53.103940897303566],[6.88243230317667,53.10390421835006],[6.882521499092328,53.10384918122786],[6.882620926784022,53.10378772520407],[6.882639991010155,53.10377760118192],[6.882537844135232,53.1037168647555],[6.882641718574873,53.10365445446048],[6.882754362945728,53.10358654220667],[6.882749822960062,53.103584801456314],[6.882915026192984,53.10348208115414],[6.88294397560961,53.10349879533148],[6.883107654400925,53.103395195070384],[6.883263900051963,53.10329258615978],[6.883284394609024,53.10328064671359],[6.883209642723976,53.103234846913764],[6.883367504168126,53.10313581256673],[6.883371889197956,53.103133061609675],[6.883438960836844,53.10317266620052],[6.88380567007122,53.10306742679342],[6.884061575279429,53.10299682408148],[6.884145496085668,53.10309193857392],[6.884226586954232,53.103191582005316],[6.884441314928453,53.10348547651021],[6.884508352904752,53.10356732096495],[6.884613607512743,53.103674750528754],[6.884641251107888,53.103696872974126],[6.884674803433327,53.10371712407994],[6.884722534302771,53.10375876725511],[6.88475020902295,53.103781788010664],[6.884865087518323,53.10373541518892],[6.884913756694931,53.10371773076305],[6.885232608104988,53.10399953692529],[6.885187048229959,53.10402077748082],[6.885123731107576,53.10404673374985],[6.885197552169517,53.104108721050494],[6.885433288762087,53.1043187696645],[6.885153322032261,53.104600876330096],[6.885133327302737,53.1045840506728],[6.884904186564163,53.10469476342901],[6.884785199636494,53.10475197231479],[6.884120762219971,53.1049714794141],[6.884083878112949,53.104984522573695],[6.88416028170047,53.10503479481005],[6.884130923203102,53.10504954136146],[6.883932969824055,53.105155368748214],[6.88393150809173,53.10515628574041],[6.88375404909042,53.10525017327548],[6.883482727527453,53.10539376437069],[6.883406468535878,53.10543426096477],[6.883390983307918,53.10541827740742],[6.883263593690062,53.105491766731],[6.883616037059985,53.105751588060585],[6.88388815927741,53.10597736199179],[6.883885173755961,53.10597739930302],[6.883873448667651,53.105983836898346],[6.88363997401171,53.10609909487225],[6.883503347295285,53.1061646113325],[6.883444597318236,53.10619320576693],[6.883309143257319,53.10607626654743],[6.883035733634843,53.10620280688101],[6.882705064498054,53.106357922022596],[6.882307465633397,53.10652106158068],[6.882298632821696,53.10652476674132],[6.882208904736914,53.10656453195586],[6.882016446476022,53.106656806584304],[6.881954771197054,53.106687234227074],[6.881948892933522,53.106690003762374],[6.881925379871873,53.10670108190079],[6.881866597165136,53.10672877722661],[6.881797581564099,53.106762891286294],[6.881512530358962,53.106898560548316],[6.881451116339596,53.106849897073445],[6.881406649291883,53.10681630041457],[6.881327152694904,53.106849646240775],[6.881016536242407,53.10698024090966],[6.880839906572491,53.107055240436466],[6.880786297373375,53.107016365235],[6.880740763086533,53.10703850243541],[6.880596881537143,53.10711039702701],[6.880516138422563,53.10715094762419],[6.88047063478654,53.10717398305876],[6.880407495807786,53.10720532685641],[6.880404572055883,53.107207160754555],[6.880194471713534,53.10730774083895],[6.880299764089487,53.10737293363832],[6.880357697093888,53.10740726153454],[6.880394297801938,53.107429273262426],[6.880414137376937,53.10744160801454],[6.880469115865725,53.10747687141708],[6.880525649122824,53.107513912852966],[6.880846318047036,53.10771841757968],[6.881150104698999,53.107909651220226],[6.881209106083018,53.107888244602485],[6.881466574863181,53.107775388372765],[6.881477488906173,53.107788733035555],[6.881532406791495,53.10782219926913],[6.882347723710309,53.10833867486519],[6.882592413124382,53.10820171025995],[6.88262117973079,53.10821303446555],[6.882953944745285,53.10807496932506],[6.883069687411798,53.10818316789416],[6.883071180248875,53.10818314924845],[6.883245103829474,53.10811626877057],[6.883270172127454,53.10810696839933],[6.883334958113717,53.108080096132795],[6.883427890888897,53.10804658113394],[6.883452520031863,53.10806784278037],[6.883396505190032,53.108089213199285],[6.883501241241364,53.10818137185685],[6.883529011145171,53.108207087861004],[6.883544311460274,53.108217681370554],[6.88362295691598,53.10828949527728],[6.88378991385082,53.108496811456064],[6.883684975611466,53.10852867929084],[6.883575620659626,53.10856239966065],[6.883491334063395,53.10858681951386],[6.8835284332722,53.10862320363103],[6.883658203500261,53.10874830210761],[6.883659758352022,53.1087500801249],[6.883859968038498,53.108925525413476],[6.883986771503177,53.109180975369675],[6.884261840571875,53.10910204467379],[6.884292220793063,53.10916008188456],[6.884340139131247,53.10925025386315],[6.884352826418342,53.1092716646049],[6.884389550546517,53.10934040715704],[6.88448865313925,53.10952879868603],[6.884528987895066,53.10957233182691],[6.884627351172902,53.10969602446729],[6.884663199646643,53.10982589100451],[6.884670101808613,53.109852766377635],[6.8847325861931,53.10984569405498],[6.88477163421469,53.110024950281314],[6.884589682548074,53.11007575625861],[6.884588437792645,53.11008296159943],[6.884465740714474,53.110076407042484],[6.884435299352078,53.11031944260219],[6.884177991669856,53.1103073806676],[6.883902707205166,53.110293745387494],[6.883842804816258,53.11028910161709],[6.883791890895728,53.11028524422213],[6.883769404255964,53.110282829039875],[6.883752858253003,53.11027944090102],[6.883742252886602,53.11027507980807],[6.883592528041032,53.110264368459504],[6.883511787000566,53.11026178232526],[6.883221016117439,53.11023216196298],[6.883282025323341,53.10983596217216],[6.883355306889498,53.10953577226317],[6.883045389380195,53.1092107110837],[6.882839119344526,53.109249236041876],[6.882678539492478,53.109270114413384],[6.882547940894624,53.10929421312913],[6.882554761542808,53.10944870817535],[6.882434247008408,53.109418757530136],[6.882324306675158,53.10939226964929],[6.882276720361736,53.10939825602185],[6.882144411501726,53.109416084586556],[6.88212211120099,53.10941905910553],[6.882012102531552,53.10943391300543],[6.881983861652775,53.10943786036474],[6.881971949569358,53.10943890775809],[6.881863464639546,53.10945464122523],[6.881844119101608,53.10945668009527],[6.881763844045111,53.10946756781039],[6.881725214862962,53.109473442186534],[6.881627118022146,53.10948724836479],[6.881557831872286,53.10981704508489],[6.881124568101217,53.109899740259216],[6.881248959052276,53.10999884543774],[6.88125616862128,53.110034704370015],[6.88129663171947,53.110038693212005],[6.881264794544806,53.11015502547133],[6.881171893950874,53.11014629839628],[6.881154659920972,53.11016628524593],[6.881147473912664,53.11017446337661],[6.881115001322473,53.110185653083],[6.881077988101725,53.110195101972714],[6.881054101582868,53.110195399908015],[6.880991306637496,53.110193486958515],[6.880856728377197,53.11018887433542],[6.880815112612763,53.11019478565621],[6.880785532917843,53.11020324303073],[6.880759155601146,53.110217951513896],[6.880733366099119,53.110249728370356],[6.880716812467342,53.11028947854339],[6.880726721161279,53.11036035398205],[6.880741735262249,53.11040600155126],[6.880755542766031,53.11041661402625],[6.88068394470924,53.110419304297686],[6.880694015966249,53.11045153268524],[6.880467340114189,53.11046154884189],[6.880506833736286,53.110827734763284],[6.879972983346593,53.11085236412261],[6.879454030732068,53.11087590676029],[6.879435679297075,53.11073323874177],[6.878995729358957,53.110752200183015],[6.878988305212083,53.11071005276305],[6.878478434855816,53.11073707294505],[6.878454598619405,53.110521676686616],[6.878129358194982,53.110532016883454],[6.877881780385893,53.1105422883309],[6.877832575745146,53.11054469817756],[6.877741600177067,53.11054852657601],[6.877717744310423,53.11054972218345],[6.877714017435809,53.11052819926203],[6.877593214345938,53.11053329746523],[6.87755013131174,53.11019231962186],[6.877510226416377,53.110074185004265],[6.877508054335586,53.1100544401698],[6.877501507234204,53.109994307328506],[6.877490924732485,53.10990366818342],[6.877480620114182,53.109821114067174],[6.877449300156696,53.10982240250095],[6.877313600896724,53.109828584510765],[6.877274816443675,53.1098299657695],[6.877162972624697,53.1098349520907],[6.87715401524152,53.10983506352404],[6.876915398543746,53.10984522152956],[6.876754350720368,53.10985261691713],[6.87662608489737,53.10985780697542],[6.876448645938654,53.10986630450992],[6.876368091104221,53.109869103579975],[6.876251799219947,53.109875043075505],[6.876072836370686,53.109882660277364],[6.875999745976972,53.10988536630617],[6.875940122509936,53.10988880361519],[6.875761128709248,53.10989552201431],[6.875653763233997,53.10990045126306],[6.875550845603972,53.10990442642158],[6.875334621631546,53.10991430299578],[6.875233196837798,53.10991825933209],[6.875119859636129,53.10992326229553],[6.875097466115561,53.10992354049588],[6.87497075440643,53.10993050691197],[6.874949915419625,53.10993256321528],[6.874929045612724,53.10993372117719],[6.874758978053362,53.10993942847525],[6.874603870282182,53.10994584846679],[6.874418904408209,53.10995263902335],[6.874226535565106,53.10996131864925],[6.874168829918506,53.10971578569414],[6.874160102564558,53.10967904650724],[6.874192884615686,53.10967684206007],[6.87418732784854,53.10964545583271],[6.874131791432729,53.10933249186478],[6.874131760631707,53.10933159352656],[6.874115213830218,53.109241028176044],[6.874218099228025,53.109236155917124],[6.874256852454024,53.1092338773112],[6.87425140242572,53.10916204732747],[6.874443736913097,53.10915246933424],[6.874448106429018,53.10910568159707],[6.874455537408317,53.10901751468775],[6.874455260141441,53.10900942964415],[6.874458414030422,53.10897074548676],[6.874462506246715,53.10891587270268],[6.874465875775923,53.10888347691149],[6.874469906360525,53.10882680744924],[6.874470690650322,53.108806127131324],[6.874473536436778,53.108758459588714],[6.874477505386186,53.10869999344757],[6.87447872097718,53.1086918898645],[6.874483659041425,53.10861813343249],[6.874484751398461,53.10860643649607],[6.874485782139587,53.10859294288297],[6.874492720041134,53.10849040254484],[6.874494120470276,53.108487688991026],[6.874179529017575,53.10850327867617],[6.874171415932182,53.10839733034573],[6.87416630497325,53.10833538206168],[6.874161964046735,53.108295892238225],[6.874153974249826,53.108193537253534],[6.874028606283389,53.10819599243184],[6.873883831346514,53.10819868838649],[6.873818177059925,53.108200402080854],[6.873734577861278,53.10820143975437],[6.873720030535861,53.10790773858929],[6.87343788511516,53.10791124026582],[6.873272088291645,53.10791060147965],[6.873051210528368,53.10791513944155],[6.873031956678244,53.10818139965631],[6.872248630335757,53.10815966002978],[6.872248632208851,53.10807248410888],[6.87225085073532,53.107962812683745],[6.872253237503271,53.10790167008436],[6.872212305304752,53.10766581409048],[6.872204658592272,53.10757334067123],[6.872197395411161,53.107535684459606],[6.872886370678903,53.107506468994984],[6.872938557808717,53.10750402415048],[6.87299699319183,53.10750959025489],[6.873036175817638,53.10751988879515],[6.87306655542764,53.10753479014392],[6.873076466452656,53.107562527528465],[6.873070371825965,53.10764618418537],[6.873062553397362,53.107766709780755],[6.873423571520396,53.10775504045826],[6.873451966031645,53.10775558681055],[6.873611637008304,53.107751807767045],[6.873671350105934,53.107751066641114],[6.874049096989972,53.10774817500725],[6.874051111640056,53.107676252312885],[6.874043647516902,53.10767634497884],[6.874048524627348,53.10760079186173],[6.87405187810498,53.10752435893714],[6.874126519073182,53.10752343225208],[6.874266844083508,53.10752168995833],[6.87426442503662,53.10740758240984],[6.874134550103026,53.10740919496021],[6.874139642625197,53.10733993020505],[6.874140457852034,53.10732014821798],[6.874142704291097,53.10729855101892],[6.87414795078616,53.10723377795507],[6.874152104852367,53.10718070182859],[6.874332198940136,53.107293501991485],[6.874452268222832,53.107223708179944],[6.874566458317676,53.10715668342247],[6.874413881543993,53.10706241504557],[6.874449801239483,53.10706466515178],[6.874488583320108,53.10706328481514],[6.874524194949306,53.10705655151188],[6.874559837375144,53.10705071653673],[6.87459703421101,53.107046659688464],[6.874622411856063,53.107046344506216],[6.874641849099715,53.107047001819595],[6.874631721531405,53.107012976192486],[6.874584901342677,53.10686706610454],[6.87505887092172,53.10683960938166],[6.875065550918483,53.10686019698628],[6.875280800048829,53.10673529651404],[6.875348314730182,53.10674434353855]]]]}},{"type":"Feature","properties":{"gezicht_uri":"https://linkeddata.cultureelerfgoed.nl/cho-kennis/id/gezicht/10134528","gezichtsnummer":"293","naam":"Wadwerderweg"},"geometry":{"type":"MultiPolygon","coordinates":[[[[6.60956455258389,53.40393757015017],[6.609501212401917,53.40393102468417],[6.609119591866791,53.40388907145995],[6.60870026364938,53.403843006769094],[6.6087084573531,53.403655118617486],[6.608684456817617,53.40365715936306],[6.608337798896837,53.403681344408724],[6.607714903986076,53.40372091013256],[6.607510822124915,53.40373555964644],[6.607227196502718,53.40375550805545],[6.607204797835933,53.40360207649186],[6.606636453061418,53.40376239310898],[6.606622542087873,53.403802071924794],[6.606605191394117,53.403826509587525],[6.606575484134058,53.40394542418444],[6.606223293757908,53.40398673233416],[6.605985527563906,53.40398015428083],[6.605316586977913,53.403986926034484],[6.605188811782371,53.40398821909282],[6.605314729849153,53.40386833122136],[6.605152507904392,53.4038744657908],[6.604844574000033,53.40388566866413],[6.604694352349322,53.40389078262674],[6.604499084499866,53.40389814916246],[6.604305319816071,53.40390550018105],[6.604087503295279,53.403913094056655],[6.604079246826035,53.403940135162856],[6.603990728104385,53.40405335352359],[6.603377217135066,53.40384029873837],[6.602944180083901,53.40389409578451],[6.602915872682908,53.403903367579545],[6.602890749588174,53.403918897318796],[6.602823150437337,53.4039743939043],[6.600294348494032,53.40361441331768],[6.599799964424748,53.4047983412011],[6.595770735699241,53.414448330181365],[6.594035757972183,53.41425816286662],[6.593807805988082,53.4142280988504],[6.593696161181983,53.41421573906671],[6.592320779610835,53.4139761149999],[6.591424189478622,53.413808066325124],[6.590754602873044,53.413689859508274],[6.590446236810856,53.413634534192084],[6.59039150420243,53.413613515256955],[6.588880687731271,53.41336981417179],[6.588581699376414,53.413326970650914],[6.58791330522554,53.41319705464951],[6.587195297500159,53.41306762952953],[6.586953072041595,53.413010737412954],[6.586691300946804,53.412954039567865],[6.586157711869228,53.41280390037355],[6.585954656803461,53.412749311879715],[6.584884585611662,53.41245264777747],[6.584540302831826,53.41234914132632],[6.584234761164031,53.41228658345009],[6.583936137652258,53.41220239005769],[6.583412892113133,53.41204494730682],[6.582690235579839,53.41185533669821],[6.582148956584075,53.41169806758617],[6.581801304783121,53.41158110807676],[6.581170252254534,53.41138608642366],[6.580668474903078,53.41124279621828],[6.580354207048459,53.411136284564634],[6.579383220338976,53.4108305025721],[6.579181861029768,53.41078217602222],[6.578928437047516,53.41070021847623],[6.578399049279628,53.41048260993355],[6.5781195716096,53.410382936876424],[6.577983138895219,53.410343850383995],[6.577610433614708,53.4101902848497],[6.576730265262126,53.40979552247984],[6.576294436500834,53.4095886617586],[6.575752166642283,53.40928490507815],[6.575365141347854,53.409047905936674],[6.57443394429936,53.40849188586752],[6.573529996755025,53.40788706667333],[6.573274195864649,53.40771795831178],[6.573052388352141,53.407581762058065],[6.572938973805928,53.407449889190374],[6.572750226245195,53.407367281635246],[6.572863548647307,53.407059748962986],[6.572874633814341,53.407025493650835],[6.572878846506729,53.40701466916899],[6.572927523555914,53.4068713151107],[6.573018946184993,53.406642174607036],[6.57321469879902,53.406161301575054],[6.5732679173652,53.40607361468757],[6.573365448947682,53.40584800796538],[6.573796174976453,53.40478253628216],[6.574201756449308,53.403787399982185],[6.574218292139594,53.40378723690893],[6.57460484450649,53.40286597029654],[6.574598782028258,53.4028642329373],[6.574617157475127,53.40282181822181],[6.574619766854057,53.402807415139335],[6.574604362530479,53.40279408835312],[6.574597704510516,53.402770790859215],[6.574616278439295,53.402735562854225],[6.574963082135796,53.40190005224796],[6.575262552670972,53.40114767730212],[6.575470765768775,53.40062983434491],[6.575706837687876,53.40008655542278],[6.576079027618667,53.399137568100386],[6.576119759943575,53.39903382843977],[6.576307545238006,53.3990283789048],[6.576707314040148,53.39902263130728],[6.577202348467405,53.39903660793723],[6.577529013646858,53.39905134928215],[6.577913169220141,53.39907899975841],[6.57829311470987,53.39911747370293],[6.578753321715253,53.399176717908574],[6.579252884141066,53.39924545501192],[6.580297704722611,53.39940403610026],[6.582017187075605,53.39965565539825],[6.588371671832193,53.400593429232],[6.59218531076927,53.4011528686179],[6.592867856122882,53.4012574580272],[6.59319254498586,53.40130812028558],[6.593485693643883,53.401359996374445],[6.593751836681758,53.40141393965286],[6.593946979064478,53.40145601402167],[6.594264962084346,53.40153549542366],[6.594395293117987,53.4015719289313],[6.594511181009914,53.40141531095353],[6.594547206209861,53.40141315240593],[6.594566469652684,53.401403074708995],[6.594812694753964,53.401443736649036],[6.59484484141835,53.40146408160655],[6.594914743649776,53.40149033782024],[6.595077917352961,53.40151835374976],[6.595580336852393,53.40157980604091],[6.595602858966868,53.401578681333284],[6.595643216945121,53.40157018884643],[6.595668417066175,53.40155735560414],[6.59570648895783,53.40152102984422],[6.595869233896488,53.401533773026564],[6.595872821147317,53.40155440451],[6.595894496809108,53.40157665151727],[6.595918926217914,53.40158988499299],[6.595988829305324,53.401616140579314],[6.596045178777904,53.401641633667104],[6.596100707259359,53.40169139683137],[6.596130505248951,53.40173512830873],[6.596160505414643,53.40178604644572],[6.596199726773056,53.40184406064676],[6.596244758782959,53.40189482776717],[6.596303294164517,53.401944560632295],[6.59636934554146,53.40199421796112],[6.596448950904571,53.40204463766544],[6.596516227786404,53.402084398142364],[6.596598486008874,53.402122210873],[6.596672975733914,53.402151115740324],[6.596751873985464,53.402176381909854],[6.596817041491048,53.40219459732519],[6.596796059322026,53.40214358872254],[6.596766964840263,53.401911147012605],[6.597425038189472,53.40194676542254],[6.597661465864208,53.40195966387283],[6.597727731836041,53.401963490350795],[6.597846836479099,53.40197487260789],[6.597919216378012,53.401982231832825],[6.598094115589207,53.40199934269674],[6.598122751761155,53.402001750357286],[6.598431635923724,53.40202470135023],[6.598427607334536,53.40204181505435],[6.598663165566206,53.40207718498059],[6.598684285951403,53.402079668156944],[6.598705456974603,53.402083947995],[6.598796179127306,53.402101905115956],[6.598800713970928,53.40210275805356],[6.599003304266985,53.40214205353535],[6.599074358742588,53.4021557155263],[6.599177891774221,53.402201399585664],[6.599228155193729,53.402224256718476],[6.599355562116378,53.40226341010022],[6.599354109599351,53.40226522190378],[6.599543501889322,53.40231633103916],[6.599679852453298,53.40235269823127],[6.599734372471584,53.40236652639865],[6.599791146754296,53.402300357532724],[6.599893995163521,53.402161837409054],[6.600314623499942,53.40220162940018],[6.600499742509978,53.40220785072108],[6.60068488693052,53.402214970089226],[6.600862667698538,53.402227554952425],[6.60094855176429,53.402233877602534],[6.601031733896175,53.40225101049462],[6.601115271249924,53.40228071997658],[6.60118533083106,53.40231236251816],[6.601260179146101,53.40235384118212],[6.601365446510029,53.402407593173315],[6.601456703327592,53.40244441325089],[6.601550763654039,53.40247401627185],[6.601650608442183,53.40249547356364],[6.60177730765073,53.402509471080826],[6.601938250249165,53.40251144122615],[6.601904173686009,53.402635790263595],[6.601687863011648,53.40290934662367],[6.601898635741732,53.402971917984694],[6.602077308594697,53.403015942643776],[6.602122760204937,53.40302806409453],[6.602146989225298,53.40303410963985],[6.602148441650072,53.40303229780334],[6.602240619645261,53.40304844047595],[6.602279956936435,53.403057029240145],[6.602372185823593,53.403074968474364],[6.602454019318471,53.40309750553673],[6.602536081486335,53.40312812752488],[6.602621378794302,53.40316680407898],[6.602677759615514,53.40319319236185],[6.602763184196906,53.40323636047001],[6.602840864234062,53.40327151944733],[6.602991994532267,53.403351764444054],[6.603027102099155,53.403370280156615],[6.603072732219849,53.40338868956299],[6.603107534922323,53.403396425278686],[6.603306620463241,53.40341777722116],[6.603357577397571,53.403411870829004],[6.603519442001997,53.4033931620481],[6.603608055574814,53.403389570768226],[6.60402422074192,53.403324260209374],[6.604004122377891,53.403251677772495],[6.604301020784394,53.40322261684691],[6.604599421993827,53.403193539985764],[6.604645919736337,53.403189475323124],[6.604912829435175,53.40316341197488],[6.60487395500513,53.40301194386972],[6.605390140498019,53.402974371434496],[6.605457657293998,53.40296919512955],[6.605420564368964,53.40282759361747],[6.605912619619462,53.40278756738399],[6.606199143984834,53.40276399831209],[6.606263653961188,53.40275885200424],[6.606463171089725,53.40274245363345],[6.606481158450283,53.40274047424206],[6.606703172328349,53.402722050396136],[6.606734688402489,53.40271993389215],[6.606787198194267,53.40271580748041],[6.606820854058238,53.4026831172609],[6.606817057556361,53.402655299485396],[6.607121720775683,53.402635138758214],[6.607490944307132,53.40261162695629],[6.607461131417381,53.40246186490051],[6.607703247603765,53.40251602107737],[6.607766815000387,53.4025306524703],[6.607853032266862,53.40254864848014],[6.608191940329006,53.40262248955486],[6.608373547913081,53.40266377937212],[6.608569569682353,53.402577323034066],[6.608687532995419,53.40260128642105],[6.608937014247604,53.40264997385212],[6.609195540742845,53.402699467524286],[6.60925903229626,53.40271140313712],[6.609348231384445,53.402728469217735],[6.609437430542954,53.40274553523193],[6.609680824051591,53.402791587183664],[6.609685359180593,53.402792439710176],[6.609812368415556,53.4028172087126],[6.609931785160089,53.40283935894623],[6.609937849047424,53.40284109452181],[6.609943887382071,53.402841931767696],[6.610078438447181,53.40286752246268],[6.610217473703613,53.402892168854336],[6.610173128425567,53.403024712028774],[6.610171676340022,53.403026523961096],[6.610171753014241,53.403029218948916],[6.610155478076138,53.40309138695181],[6.610135179063815,53.4031706690268],[6.610132428223831,53.40317968286569],[6.610215436881916,53.40319052108555],[6.610197479826761,53.40324641606059],[6.610300771624154,53.40328310720172],[6.6104124182223,53.40329635003582],[6.610396777604884,53.4033279595985],[6.610473773764593,53.40333885874491],[6.610441986348491,53.40343712799353],[6.610645585269917,53.40345842195611],[6.610794915138733,53.40347487574968],[6.610776370586873,53.40351010923794],[6.610743509780309,53.40357064874381],[6.610670680871687,53.403706177388656],[6.61052347221771,53.40376428474699],[6.610430026579637,53.403862282041565],[6.610423277344503,53.403889308294445],[6.610389633297169,53.40402803286526],[6.61038823231396,53.40403164145737],[6.610384157179388,53.404046958877984],[6.610284343489364,53.40444964228249],[6.610052459401512,53.40443851952644],[6.60984768505047,53.40442891812659],[6.609650452589697,53.404420138370355],[6.609433652406632,53.404410658404316],[6.609462231983271,53.40430523334497],[6.609556222920255,53.40396191663422],[6.60956455258389,53.40393757015017]]]]}},{"type":"Feature","properties":{"gezicht_uri":"https://linkeddata.cultureelerfgoed.nl/cho-kennis/id/gezicht/10134529","gezichtsnummer":"258","naam":"Oosterdiep"},"geometry":{"type":"MultiPolygon","coordinates":[[[[6.879600945393816,53.103947624750354],[6.879354344974151,53.10407202524131],[6.87934268152937,53.10408025907342],[6.879063539567346,53.10425719033298],[6.879052843451758,53.1042501337956],[6.878886307755147,53.10414076663725],[6.878816376916118,53.10410479003631],[6.878694583452566,53.10416742011865],[6.878579542011996,53.104078980548806],[6.878537870007172,53.10408309439315],[6.878522510602325,53.10407070354436],[6.878545992233158,53.10405872772865],[6.878425011490698,53.10397126069859],[6.878348431097825,53.103915594726516],[6.878411505041932,53.103882455317404],[6.878307562288481,53.103812750468556],[6.878251859173951,53.103843101883],[6.87809866860481,53.10373087132061],[6.878334204290518,53.10358863673053],[6.878148525663518,53.10344355800093],[6.87812793697266,53.10345280155757],[6.878078843580064,53.10341476766358],[6.878008297065839,53.10336082380455],[6.877880348561221,53.103418137366646],[6.877757723927328,53.10332619652092],[6.877712851130306,53.10332405886382],[6.87759187412265,53.1032365909587],[6.877713604850648,53.10317216530565],[6.87760652525879,53.10309800528553],[6.877610910652226,53.10309525453804],[6.877534672378979,53.103049469748115],[6.87751032678444,53.10303629188058],[6.877482779827129,53.103016862786816],[6.87746666918311,53.10302605050436],[6.877368669784528,53.102955372169234],[6.877318270129256,53.10292274656079],[6.877215913247387,53.1029860320417],[6.877212989642346,53.102987865863845],[6.877151532163898,53.103024579434226],[6.877084435603412,53.102984072960226],[6.877090313680115,53.10298130366113],[6.877059812479356,53.10296280994906],[6.877000179397288,53.10292221057537],[6.876843238734923,53.10278755701281],[6.87673728404457,53.10270259756033],[6.876708090752364,53.10267869515441],[6.876658906939815,53.10263796564388],[6.8766327607258,53.10261582276699],[6.876586654887912,53.1025777511137],[6.876177769050898,53.10223772618404],[6.876042481550308,53.10229872395302],[6.875984694791551,53.10222484837963],[6.875976861619101,53.10221416108769],[6.875827939591592,53.10200840741528],[6.875853457936308,53.10183823155554],[6.875726636673769,53.101667253206905],[6.875696797284553,53.10162448540554],[6.875687471677557,53.10161381664502],[6.875667050431604,53.10158441261555],[6.875638765421612,53.101543422925275],[6.875626177198432,53.10152470620507],[6.875555711555249,53.10142941865847],[6.875516577809012,53.101376880375184],[6.875497803507701,53.10135194946305],[6.875463332642916,53.1013047455491],[6.875416397085655,53.10124241823987],[6.875377232859262,53.101188981566715],[6.875266181496032,53.10121642455252],[6.87515895301843,53.10105059447543],[6.87504675459919,53.10087044648092],[6.87508671558364,53.10086006402046],[6.8750509070343,53.10081737022429],[6.874954607720135,53.10070892244942],[6.874920384437799,53.10066890508873],[6.874915629404862,53.1006608756549],[6.874892131545718,53.10062881354616],[6.874884329742369,53.10061902451588],[6.874875127786739,53.10061194904895],[6.874842951773427,53.10058808324939],[6.874819977730541,53.1005712929129],[6.874770181968192,53.100512595775776],[6.874712399778969,53.10043871953105],[6.874649955248068,53.10035950883224],[6.874620241041208,53.10032033410044],[6.874593696841814,53.10028651232599],[6.874568706856434,53.10025446868757],[6.874529667778764,53.10020462507637],[6.874468778085433,53.10012719241795],[6.874434463317592,53.10008447988578],[6.874418106718792,53.100086480474396],[6.874391686012967,53.100056252014504],[6.874362187829806,53.100023365598595],[6.874328058028767,53.09998604307847],[6.874315655605614,53.09997271625247],[6.874264337865898,53.099913139083974],[6.874261198775715,53.099908684449765],[6.874214605205255,53.09985623838003],[6.874114710899573,53.099817036266856],[6.874082012445273,53.09977789845799],[6.874058669638789,53.09975032787756],[6.874438514595552,53.09968000409579],[6.87437231664895,53.09957837178061],[6.874336232704418,53.099527592679365],[6.874284946264266,53.099468913850586],[6.874095435431584,53.09925467481742],[6.874283310046192,53.09924694949178],[6.874266596615238,53.09910785491417],[6.874214419660076,53.09911030030672],[6.874202569929348,53.09902596745114],[6.874299460998583,53.09902116933104],[6.874297890453724,53.09897535393692],[6.874179872275506,53.09893008589462],[6.874176563000151,53.09887710230191],[6.873975318841912,53.09888679091971],[6.87381533862325,53.098619160094934],[6.873830217020824,53.098574039205836],[6.873770036933638,53.09834291564593],[6.873578995844225,53.09825811098082],[6.873474489220069,53.09808415706682],[6.873735352145554,53.09802789424396],[6.87364383188878,53.097884335853166],[6.87357254555007,53.097764791770885],[6.873532955878622,53.09769877763396],[6.87335810477756,53.09773779553645],[6.87335018074884,53.097724413027386],[6.87329334329791,53.097634347336765],[6.873276002844981,53.09760760083068],[6.8732367214863,53.09755057000858],[6.873184823480669,53.09747392382189],[6.873118816495334,53.097377680772794],[6.873074812002099,53.09731351871766],[6.873030807639787,53.09724935664461],[6.873026084103863,53.09724222546659],[6.872985064814936,53.09717802633631],[6.87316426831499,53.09713536004802],[6.873030178748734,53.09692582388261],[6.873011315524248,53.09689819750787],[6.872842436988763,53.09693714058103],[6.872785001273166,53.09687314505887],[6.872664759725226,53.096806333771326],[6.872715672836656,53.096767057031265],[6.873042828564877,53.09651045647494],[6.872715016749421,53.09635544963293],[6.872575313599007,53.0962870822511],[6.872423456161648,53.09621257439938],[6.872512126291413,53.09614227278876],[6.872611597520964,53.096038584330415],[6.872411845876524,53.09591703822479],[6.872315701521436,53.09585621876831],[6.872343473200814,53.095838798561516],[6.872288485368308,53.095802632882084],[6.872370861393071,53.09576656093866],[6.872025919869791,53.09554705657955],[6.871979702653624,53.095505389656246],[6.871962008972156,53.09551190012648],[6.871923192399385,53.095468343965834],[6.871867699601257,53.09537376729456],[6.871786730197252,53.09523277282021],[6.871762838015934,53.09518903156594],[6.87164140735796,53.09500000753631],[6.871571838870601,53.09488673201913],[6.870635039395069,53.09508527625954],[6.870624531210464,53.09508360899658],[6.870352411857311,53.095028562884195],[6.870106383665424,53.094601121340446],[6.870055649395275,53.09451457343156],[6.870052388320134,53.09450652530171],[6.870053849990942,53.09450560847609],[6.870027005918328,53.09446280216535],[6.869898694416129,53.094246899902764],[6.870072072983314,53.094208803874],[6.870037276030887,53.0941517164698],[6.869834864724385,53.09382079636005],[6.869648177953554,53.09351304804505],[6.869504272670083,53.09327756647219],[6.868528236000778,53.09167014460689],[6.868843821021852,53.091599734141234],[6.869269096715215,53.091506395711534],[6.869264343746495,53.0914983660231],[6.869490911916152,53.09144433398671],[6.869489327581705,53.09144165742685],[6.869978368644182,53.09133584358356],[6.870148781711515,53.09129868275745],[6.870585744000687,53.091198005045555],[6.87060401965448,53.09120856332071],[6.871079625026745,53.09110291138609],[6.871150731040202,53.091086751787145],[6.871405426294669,53.091505995598915],[6.871790055010233,53.09214471419265],[6.872298129048372,53.09202787022191],[6.872498166500736,53.09233275286404],[6.872191474497959,53.09240126520505],[6.87235196051202,53.09264103167595],[6.872479387565359,53.092830879432015],[6.872916482796673,53.09273378660089],[6.873029943679233,53.092864491240675],[6.87307500514965,53.09291605809363],[6.87315238993479,53.092995982986835],[6.873213990297826,53.09305093943233],[6.872922371430556,53.0931237601479],[6.873036940852384,53.09328680511385],[6.873106172131873,53.09339019805821],[6.873200542595744,53.093530126687064],[6.872982645429604,53.09357596953312],[6.872736608607186,53.09362845217736],[6.872790885510285,53.09373113210176],[6.872805223497995,53.09380105473035],[6.872831699782655,53.09392025660545],[6.87284945420648,53.0939155426923],[6.872906131982361,53.09400111700381],[6.872844191323754,53.09402345494687],[6.87285351458409,53.094034123962295],[6.872875268876109,53.09405901832866],[6.872886053747795,53.09406877048148],[6.873025750207843,53.09413713757202],[6.87320166377201,53.094216738452694],[6.873240018960642,53.094246819074066],[6.873283543648143,53.09425346868343],[6.87322187974229,53.09428389190528],[6.873155984789756,53.09432155739901],[6.87313287610198,53.094344312293664],[6.873456381659994,53.09450476376689],[6.873498937430494,53.094526703644846],[6.873480028969545,53.09454131794707],[6.87342918069022,53.09458239171241],[6.873404487315947,53.094602470153795],[6.873395779242471,53.094609768036],[6.873328945449834,53.09466362231243],[6.873308636805861,53.09468095013791],[6.873224386538356,53.09474940010525],[6.873198231361851,53.09477039536775],[6.873166352774076,53.094798651448365],[6.873371609303732,53.0949066471181],[6.873468029980034,53.09497555082928],[6.873549157748609,53.09503385960705],[6.873648594552734,53.09510362445947],[6.873774079560852,53.09519283777914],[6.873641718702773,53.09529513811969],[6.873707984854841,53.09535542873149],[6.873772697226823,53.095413941148664],[6.873874397245705,53.09550614582797],[6.873912969533993,53.09554251461113],[6.873962296595946,53.09558773708821],[6.874102539241678,53.09571541197555],[6.873920697564131,53.095855174727916],[6.874097037787414,53.09607766619087],[6.874168860697575,53.09616934289627],[6.874198540827679,53.09620761946049],[6.874235960287657,53.09625388842269],[6.874320246744819,53.09636068856684],[6.874418643062144,53.096487085337166],[6.874459723059732,53.096465904448614],[6.87457710471665,53.09653634437812],[6.874581489644262,53.09653359373764],[6.874637633954252,53.09655985804861],[6.874602285213205,53.096835306749455],[6.874748887193746,53.096930547819746],[6.874908925188064,53.0971127980234],[6.874947869462629,53.09715994654332],[6.874944946151258,53.097161780312334],[6.874999646962105,53.09723299859824],[6.875062272428567,53.09731759925335],[6.875096678027255,53.09736300667181],[6.875102894385505,53.097370119221495],[6.875145132156875,53.097426213993934],[6.875199340636852,53.09748305872119],[6.87501764920127,53.097627314782244],[6.874944996935088,53.09768573580192],[6.87489828497082,53.09771687277623],[6.875006240034071,53.09781708730024],[6.87504329204548,53.097852575885206],[6.875148139557535,53.097949233999074],[6.875154325197388,53.09795544820338],[6.87524844843234,53.09804415097566],[6.875283915899383,53.098076963006285],[6.875326876709825,53.09811058062705],[6.875332785058062,53.09810870975295],[6.87574343380082,53.0983273879547],[6.875610975655099,53.098426995367646],[6.875776807936735,53.09860378004285],[6.875823247898024,53.09865173382006],[6.875990327789974,53.09882131290203],[6.875936152765418,53.09885254305344],[6.875980422395698,53.09888075182811],[6.876110339081786,53.09896811018832],[6.876206248987939,53.099021739771985],[6.876251949822238,53.099048133203645],[6.876009752538034,53.09916977623191],[6.876079549743176,53.09920216120235],[6.876040022159951,53.099225120758895],[6.876189127126851,53.09930594939451],[6.876342710263492,53.099386722158116],[6.876335370922606,53.09939040832303],[6.876699779937324,53.09956651958056],[6.877236622528109,53.099937304768495],[6.877201695991398,53.09996380234647],[6.876930990749606,53.10016848447345],[6.876795791411569,53.10027531700545],[6.877163164042302,53.100450491297885],[6.87688234688382,53.10066518502979],[6.876955429125514,53.100749654599085],[6.876983344624658,53.10077986390991],[6.876994255511432,53.10079320902163],[6.87706733818846,53.10087767851771],[6.877124816415142,53.100942570203834],[6.877114553406686,53.100948090236024],[6.877192681255195,53.101005535180654],[6.877228060057478,53.10103565157262],[6.877238816795686,53.10104450496296],[6.877255729066925,53.10105867409992],[6.877245558621623,53.10106688916164],[6.87726635098787,53.10110707299751],[6.877332384235518,53.10116017472879],[6.877068826689326,53.10135578085487],[6.877165256149348,53.10146782024126],[6.877406489185449,53.10162209512178],[6.877437792007528,53.101663945577165],[6.877552238245928,53.101735317896924],[6.877654496958971,53.10179965201133],[6.87774149019123,53.101854290092206],[6.87780864734431,53.10189659289465],[6.877852890439658,53.10192390259573],[6.877838242032019,53.10193217344559],[6.877882793901561,53.101968466525534],[6.877918143100067,53.10199768436101],[6.877964249479656,53.10203575550667],[6.878057985988709,53.102112777498974],[6.878090257530116,53.10213933742968],[6.878137918599832,53.10217918660059],[6.878185548878853,53.10221813741282],[6.878279317056762,53.10229605756351],[6.8783899369692,53.10238634992782],[6.878477580534352,53.10232953769287],[6.878494431943661,53.10234190996847],[6.87855431270313,53.10238969531293],[6.878555836229631,53.102390575062884],[6.878614162707237,53.102436582287574],[6.878675567261947,53.10248524731816],[6.87873849548992,53.10253479206358],[6.878792189959084,53.1025763632783],[6.878848993397294,53.10262149063733],[6.878876602496692,53.10264271609498],[6.878957968201152,53.102707309360525],[6.878985608304103,53.10272943313055],[6.879020897074768,53.10275685395182],[6.879073068538862,53.102797545291935],[6.87913447412091,53.102846210078056],[6.879084805245054,53.102878284174885],[6.879109151225458,53.102891461721626],[6.878988103073291,53.10297565223258],[6.878836480842421,53.10308269152338],[6.878883772915104,53.1031117603189],[6.878897454051126,53.10311877968887],[6.878903301135265,53.10311511196287],[6.878912473385424,53.103121288772115],[6.878978233667786,53.10316630449913],[6.879016508127251,53.10319368812845],[6.879149253342794,53.10323247695496],[6.879322786006944,53.10332827572457],[6.879341758097056,53.10331545720936],[6.879352392220224,53.103320717047325],[6.879380073093345,53.103300600227726],[6.879455868553412,53.103246631097996],[6.879517046220506,53.10320183131054],[6.879647888402559,53.10327209861815],[6.879852265031313,53.10339627137851],[6.8798595738313,53.103391686663315],[6.87992538387717,53.10335132254459],[6.87999092913783,53.10339004934168],[6.879925119094925,53.10343041349597],[6.879919302970879,53.10343497960922],[6.879984817436458,53.10347280807028],[6.880155429381159,53.103570439505326],[6.880011991144391,53.103654910163016],[6.880021163666436,53.10366108688534],[6.87957946041934,53.10393081675561],[6.879600945393816,53.103947624750354]]]]}},{"type":"Feature","properties":{"gezicht_uri":"https://linkeddata.cultureelerfgoed.nl/cho-kennis/id/gezicht/10134559","gezichtsnummer":"240","naam":"Loppersum (Uitbreiding)"},"geometry":{"type":"MultiPolygon","coordinates":[[[[6.744412921352219,53.333273525353576],[6.744574461664142,53.333016489958375],[6.744589015693955,53.33300194751143],[6.744600823091915,53.332995523766314],[6.744608185021819,53.33299094747959],[6.744624494492435,53.33298447289806],[6.744646636880317,53.33297254065757],[6.745030814211625,53.33306345711648],[6.74510825540931,53.3329484560969],[6.745190141619326,53.332831607543405],[6.745229697291701,53.332800607206984],[6.745286836309371,53.332755928732574],[6.74514565850028,53.33270630147229],[6.745305522806162,53.332586774711764],[6.745368268080562,53.33257707952895],[6.745604327107847,53.332541162980135],[6.745846272246628,53.3323587023093],[6.746061685114187,53.33219181779174],[6.746113103191326,53.332156189896814],[6.746188873178586,53.33217869782963],[6.746188788160048,53.33217600289216],[6.746236949723219,53.3321323240606],[6.746272228747644,53.332108560772916],[6.746656743780738,53.33225787935052],[6.746728182331489,53.33228582772539],[6.74682066071501,53.33236206428143],[6.746672523354635,53.33247247416416],[6.747025840694492,53.33263202933575],[6.746923855501935,53.332730235233896],[6.746819010239149,53.332832966548736],[6.746853781212565,53.33284066099069],[6.746896140697546,53.33285096549284],[6.747068211555858,53.33288047134454],[6.747179886399584,53.332898977979234],[6.747280971425526,53.33291490842069],[6.747451428642154,53.33294083745206],[6.747567577506425,53.33295839447286],[6.747787813236591,53.33299184742856],[6.748000517464555,53.33302448660306],[6.748014108832042,53.33302702865417],[6.74810913492787,53.33304122972196],[6.748216450458914,53.333064277913174],[6.748438471790786,53.33310669579845],[6.749668809126343,53.33356004749281],[6.75001583762077,53.33328292957324],[6.750402587452117,53.3334546767944],[6.750355673521785,53.33349025545173],[6.75047602050415,53.33354550467101],[6.750741096467193,53.333667408442075],[6.750695711737126,53.33370386851863],[6.750612218169189,53.333769517036345],[6.750420315013507,53.33391996771649],[6.750761424736349,53.33407246140012],[6.750857364057668,53.33411540621581],[6.750691847877425,53.33424578807083],[6.750503234808873,53.33445281540043],[6.750499471800111,53.334476222527414],[6.750541204479592,53.33465637447435],[6.750679200629798,53.33474736866124],[6.750756762666888,53.33477883975486],[6.751022037799683,53.33504901507486],[6.750912068763087,53.33513203811522],[6.750680379179511,53.33530630484873],[6.750442855202704,53.33548602906353],[6.750280106676462,53.33560918979474],[6.750184773091662,53.3356803639729],[6.750087995253486,53.335753351708476],[6.749909105468624,53.33588837711083],[6.749727298221315,53.3360261311928],[6.749561600839642,53.336151121580045],[6.749419347171733,53.33625787345336],[6.749199396342394,53.336423916472036],[6.748696011931606,53.3362202368947],[6.748551561710008,53.336162562940736],[6.748349021544367,53.33630953596637],[6.748347549125633,53.33631045126861],[6.745574154046481,53.335297608905606],[6.745397996604301,53.335233999031445],[6.745680044569223,53.3345137040152],[6.74564654655321,53.33449880578885],[6.745611406168601,53.33447943295073],[6.745576237486904,53.334459161790136],[6.745527137236415,53.334425568546834],[6.74531040528017,53.33417010972319],[6.745260880740021,53.334123041683924],[6.745240606544035,53.33409900764211],[6.745186381731689,53.33404570224313],[6.745157018283069,53.33401907496137],[6.745146229989412,53.33401021050013],[6.745140085480176,53.33400578674483],[6.745120179551123,53.33399343074043],[6.74506674791465,53.33396527802782],[6.745043897206926,53.33395475253606],[6.744998309089653,53.33393729478837],[6.744920950947613,53.33391210813885],[6.7447693213146,53.33386439573255],[6.74466310999779,53.33382875115214],[6.74457657807317,53.33379827607652],[6.744484156611108,53.33377146196092],[6.74467339055732,53.33353568099348],[6.744812136258412,53.33336517138336],[6.744412921352219,53.333273525353576]]]]}},{"type":"Feature","properties":{"gezicht_uri":"https://linkeddata.cultureelerfgoed.nl/cho-kennis/id/gezicht/10134560","gezichtsnummer":"1654","naam":"Loppersum"},"geometry":{"type":"MultiPolygon","coordinates":[[[[6.749086828948683,53.33191405541326],[6.749120553331097,53.331936139190546],[6.749128482610208,53.33194952886087],[6.749083102834046,53.33203361586718],[6.749022152769034,53.332147534135856],[6.748978131255859,53.33222711254044],[6.748939089959069,53.33227428371467],[6.748905824077245,53.33231420038997],[6.748734679402697,53.33250395318414],[6.748593968697434,53.33265921300817],[6.748498415581772,53.33277082692528],[6.748354219232064,53.33291084914995],[6.748277066974811,53.332987207843956],[6.748233777594879,53.33304251455712],[6.748214864617605,53.333061599968154],[6.74810754909408,53.33303855177543],[6.748012523004677,53.33302435070633],[6.747998931638128,53.33302180865504],[6.747786227424581,53.33298916947771],[6.747565991709325,53.33295571651898],[6.747449842852916,53.33293815949663],[6.74727938564783,53.33291223046296],[6.747066625792649,53.332877793383936],[6.746894554946113,53.33284828752986],[6.746852195464145,53.33283798302714],[6.746817424493177,53.33283028858473],[6.746922269753296,53.33272755727118],[6.747024254943198,53.332629351374266],[6.746672523354635,53.33247247416416],[6.74682066071501,53.33236206428143],[6.746728182331489,53.33228582772539],[6.746656743780738,53.33225787935052],[6.746269227424638,53.33210859470354],[6.746411220230137,53.331993761610555],[6.746506353553017,53.33191630215239],[6.746542934479616,53.33188623362898],[6.746510768795836,53.33186592878056],[6.746457594010901,53.33184586147206],[6.746421294915542,53.3318372855647],[6.746390603183298,53.331863692934604],[6.746313191286004,53.3318367105281],[6.746168929010357,53.331784423441334],[6.746158707843998,53.33179352531519],[6.746003884686714,53.33173956015006],[6.74597353169488,53.33172911963328],[6.745833889191353,53.33187088464183],[6.745703841470046,53.331840902174434],[6.745620654052472,53.33182117365505],[6.745437630671002,53.33177741138333],[6.745239487892116,53.33173022510467],[6.745151770636255,53.33170964880298],[6.745374798635284,53.33145101889521],[6.745095764467088,53.331361611884006],[6.744957790919941,53.33131823865397],[6.744828792413253,53.33146437544479],[6.7444453096559,53.33134739021481],[6.744349720340993,53.33145810259797],[6.744223666591002,53.33145952560012],[6.743920058709591,53.3313524206188],[6.743818497651989,53.33132121599826],[6.743802556444187,53.33133936854773],[6.743688764128873,53.33130111278408],[6.743311288413985,53.33118405618368],[6.743233738266718,53.33115258020951],[6.742956522044192,53.33107303272769],[6.743009981368654,53.3310068296242],[6.743018987303015,53.33095910051957],[6.74300437908325,53.3309242186008],[6.742532344044156,53.33075969984863],[6.74206249126121,53.33061672185107],[6.741708922676296,53.330495796296695],[6.741649692890317,53.330473997843626],[6.74158145952692,53.330452300801156],[6.741555553840813,53.33044001180917],[6.741714233522436,53.330282760517136],[6.741627121441706,53.3301857910731],[6.741569678931627,53.33012533123851],[6.741535564455256,53.330090668908724],[6.741484406963735,53.33003912455202],[6.741474782145077,53.33001946306302],[6.741466940318137,53.330008767813915],[6.741449388980767,53.3299757161291],[6.741412612400082,53.32995186734722],[6.7413952587916,53.329925103856084],[6.741388635214007,53.3299054085507],[6.741377735781064,53.3298929504742],[6.741373859254152,53.3298651365276],[6.741376210969626,53.329844441482166],[6.741372362685454,53.32981752584974],[6.741373185578666,53.32979594939326],[6.741370866120544,53.32976991517103],[6.74137366962596,53.329763593160266],[6.741383524244419,53.32974281359387],[6.741398021783875,53.329726474887416],[6.741415548711176,53.32971100068491],[6.741433216817295,53.32970001805333],[6.741465664799668,53.329681679851404],[6.741510258583801,53.32966769796952],[6.741715163664069,53.329596194582734],[6.74195962308296,53.32949369155344],[6.742182307396809,53.32941479791826],[6.742457030325506,53.329320040425415],[6.742675110853173,53.32952426719584],[6.742735498720681,53.32958289604193],[6.742830993646472,53.32966000025202],[6.742997560016691,53.32961049419946],[6.743170837191735,53.32953575048667],[6.743268966346216,53.32960114241058],[6.743526020560486,53.329517365385286],[6.743949204432455,53.32975162634944],[6.744113699444258,53.329874679704844],[6.744269758629003,53.32996817317397],[6.744436464134989,53.330066039408614],[6.74460317039816,53.33016390540634],[6.744787120021331,53.33028494090677],[6.744973675506703,53.33039336583165],[6.745075489869243,53.33033739919208],[6.745407180968722,53.33052595959235],[6.745612284578196,53.33065124800525],[6.74590051919893,53.33084209537912],[6.746031499093454,53.33090172198049],[6.746127086599696,53.33093389090101],[6.746229073485699,53.33097856826597],[6.746304332765894,53.331032534055545],[6.746330580252886,53.33105560176979],[6.746340065810843,53.331070771291046],[6.746346550123823,53.33108597474384],[6.746344087366806,53.3311030766189],[6.746340123980851,53.33112019545989],[6.746333556119604,53.33114992461144],[6.746414703407639,53.331152601670425],[6.746459835628323,53.33115568590218],[6.746515699017139,53.33116583784105],[6.74661726163994,53.3311970401798],[6.746655401044076,53.33121637881327],[6.746731339754494,53.33124427629179],[6.746869825184007,53.331303817108704],[6.747018985578518,53.33136862881687],[6.747064685208607,53.33138967907003],[6.747125783552833,53.33132788084973],[6.747300313415842,53.33138791205125],[6.747400348124652,53.33141823238832],[6.74741549631566,53.3314225541556],[6.747538718749618,53.33142655164398],[6.74764461442052,53.33145231229061],[6.747812632234917,53.33149624105104],[6.74800010196749,53.33153815212311],[6.748065647731932,53.331522133377575],[6.748122668596286,53.331473860302495],[6.748248073038922,53.331499399565246],[6.748122285131892,53.331651794049655],[6.748562379295208,53.331754647065424],[6.748664342247167,53.33179842402558],[6.748661624855621,53.33180744113436],[6.748853854265312,53.331857384684554],[6.749012785768674,53.33189871880217],[6.749086828948683,53.33191405541326]]]]}},{"type":"Feature","properties":{"gezicht_uri":"https://linkeddata.cultureelerfgoed.nl/cho-kennis/id/gezicht/10134561","gezichtsnummer":"242","naam":"Middelstum (Uitbreiding)"},"geometry":{"type":"MultiPolygon","coordinates":[[[[6.635232670750726,53.34640357874479],[6.635269983782623,53.34634388316656],[6.635372299190358,53.34619544901027],[6.635408345014324,53.346143854032356],[6.635453267759444,53.34608767383861],[6.635469390355128,53.34607402730985],[6.635519181152184,53.346030377104526],[6.635523736840102,53.34603212703149],[6.635634053751828,53.34605614283289],[6.635664286147726,53.34606301783153],[6.635715665614426,53.34607416630747],[6.635949810818449,53.34612205714542],[6.636120462978527,53.34615533062704],[6.636168657864684,53.34616022171119],[6.63653419090803,53.34623370497374],[6.636576719948043,53.34625033670356],[6.63660847990292,53.346258094205744],[6.636681085300048,53.34627621061049],[6.636838201670877,53.346308725119684],[6.636874517488153,53.34631823242775],[6.637259777458428,53.34639869737086],[6.637651095895603,53.34648089530783],[6.637821802956969,53.34651596304227],[6.638170724001406,53.34658601969206],[6.638200904970534,53.34659109737045],[6.638280913284152,53.34660554135485],[6.638205459842623,53.3466961874701],[6.637809686926367,53.34661583487105],[6.637658369895582,53.34693821261003],[6.63742981757691,53.346928008568845],[6.637314040226062,53.34692292199237],[6.637187754287113,53.346917944543264],[6.636798388026588,53.346903120604914],[6.636569888215679,53.34689471160788],[6.63650372983148,53.34689180453304],[6.636194059487107,53.346880643670666],[6.63589790036264,53.346869341706594],[6.635750571471122,53.34686368265709],[6.635553649960222,53.34685674106536],[6.635556496151486,53.34685131985426],[6.63559545721439,53.34674487932554],[6.635642878446828,53.346619480120054],[6.63568750534887,53.34650129878642],[6.635343066574874,53.346430289828724],[6.635284128629845,53.34641742242398],[6.635232670750726,53.34640357874479]]]]}},{"type":"Feature","properties":{"gezicht_uri":"https://linkeddata.cultureelerfgoed.nl/cho-kennis/id/gezicht/10134562","gezichtsnummer":"212","naam":"De Gast"},"geometry":{"type":"MultiPolygon","coordinates":[[[[6.399402205802657,53.25240950482251],[6.399565376735789,53.25214753311985],[6.399986807482212,53.252228447750056],[6.400008393048471,53.25219052417648],[6.400067410262189,53.25208758513002],[6.400117797271043,53.25199999517673],[6.40018704388748,53.252013788632055],[6.400247474157639,53.2519072431372],[6.400327249017647,53.25192274488646],[6.400366283478379,53.25186220882435],[6.400390843499697,53.251823361465824],[6.400530876571813,53.25185273223777],[6.400539906889571,53.251854453231225],[6.400560078092575,53.25182013591495],[6.40064667032494,53.25167922231576],[6.400682686999601,53.25161781300939],[6.40077752600543,53.251636781717885],[6.400792000079544,53.25161509295333],[6.40083244727387,53.25155095037291],[6.400993578530785,53.251585534112486],[6.401003642801679,53.25156747698692],[6.401060019358938,53.2514798360296],[6.400648679402618,53.251381766464476],[6.400706533361742,53.251293214592046],[6.400778776673602,53.251179380207915],[6.400814877099557,53.25112156456927],[6.400832220453337,53.25109445992745],[6.400865409098759,53.25104026328381],[6.400885621845427,53.25100774276319],[6.400941997919709,53.250920101846084],[6.400996939050686,53.250835168837455],[6.401224274718246,53.25088177368226],[6.401297212259862,53.25073378601955],[6.40132879656251,53.25073891086684],[6.40147773026334,53.25076461091282],[6.401504799545153,53.25076887525174],[6.401624046335731,53.250551303350576],[6.401772955232656,53.250257099005346],[6.40181436997662,53.25017048268521],[6.401895047432185,53.25003321248202],[6.401979563798847,53.24986805293084],[6.401820147212023,53.249842442112595],[6.402163683265769,53.249733502537346],[6.402722835454417,53.24955534267621],[6.402662643027515,53.24954416992936],[6.402615974377978,53.24953467998278],[6.403087314400117,53.249381523496005],[6.402867260796343,53.249262073345314],[6.402618876352521,53.24921205523192],[6.402636302312002,53.24918854403371],[6.402693498370764,53.24919974213789],[6.402727084638645,53.24916261510931],[6.402861217843695,53.249005122605986],[6.402888917766963,53.2489725383677],[6.402866279863713,53.248965541029584],[6.402953704137348,53.24886056283461],[6.402983831604458,53.248867496785046],[6.403037627467152,53.24879784877203],[6.403124881912131,53.2486856830144],[6.403103784303807,53.248680469902496],[6.403144605766625,53.2486324982222],[6.403183992634468,53.248587234492064],[6.403290444281916,53.24846322422737],[6.403344302566455,53.248396271357876],[6.40320868799219,53.24836327206154],[6.403223244302638,53.248345176703204],[6.40346949780386,53.248050146020645],[6.403482640573876,53.248035657027216],[6.40354936589906,53.247942535481336],[6.403807093990737,53.247689641491405],[6.404013958838284,53.24750367476861],[6.404018346697315,53.24749914456033],[6.404129392662913,53.24737958760495],[6.40418643443822,53.247320694827714],[6.404206917987088,53.24729985330042],[6.404364624953634,53.24712598428339],[6.404439111354809,53.24704447834832],[6.404528173932978,53.2469457752725],[6.404564689096758,53.24690592703488],[6.404652253254959,53.246807236557785],[6.404687291505898,53.24676829940609],[6.404725240720666,53.24672574313421],[6.40473127443794,53.24672748920936],[6.404902769842258,53.24675748677618],[6.405094953704932,53.246457519196554],[6.405227820509852,53.24624701660853],[6.4052539343536,53.246210850787556],[6.405259968020006,53.246212596836564],[6.405264292086035,53.24620537129295],[6.405362222733362,53.24622880318123],[6.405463170326633,53.246253108008524],[6.405571649551419,53.246279146077434],[6.405656015310002,53.24629909836419],[6.405730554968316,53.246156485707864],[6.405808026213978,53.246011152292766],[6.405823089177775,53.24601461891601],[6.405824502243577,53.24601101248879],[6.405833552735714,53.24601363151936],[6.405840596868739,53.245994700952885],[6.40588021160866,53.2459593190352],[6.405949345280633,53.245778111893415],[6.406030616062903,53.24566689321866],[6.406045340311144,53.245465479749896],[6.40605109839384,53.24545554617576],[6.406084212616674,53.24539865272594],[6.406223705603853,53.245278852232],[6.406322361264222,53.245015620738144],[6.406335056984844,53.24498226440052],[6.406429330251073,53.24459685907109],[6.406445826939548,53.24459761761285],[6.406451203199064,53.24457151228228],[6.40643618309057,53.24456984259445],[6.406447062812968,53.24452302251165],[6.406501482278136,53.244289820502615],[6.40664712556628,53.24430386008816],[6.406645712624076,53.2443074665268],[6.406653222636494,53.244308301358004],[6.406695372016989,53.24431692949495],[6.406689699055494,53.244330456821956],[6.406749842822452,53.24433983072548],[6.406943754150086,53.24436783774503],[6.407268480450946,53.24441629954474],[6.407306051888001,53.24442137193035],[6.407565589731274,53.24443713831303],[6.407584890889283,53.24442978537058],[6.407608706560951,53.244423292659526],[6.407653533385728,53.24441841855325],[6.407697011022569,53.24441984616935],[6.407904084740441,53.244434260597075],[6.408063166383792,53.244446386983995],[6.408145670916209,53.24445107697751],[6.408132200998988,53.24451499284491],[6.408104103039679,53.244657212178254],[6.408230149591261,53.24466602485247],[6.408270653187064,53.24466837616826],[6.408387713162106,53.24467726511629],[6.408426719002942,53.244679629120775],[6.408431233566259,53.244680489324175],[6.408569283687211,53.24469009813491],[6.408594830827833,53.24469347520632],[6.408741846423242,53.244702108924834],[6.408791379225536,53.24470618044766],[6.40879216546387,53.244739422325715],[6.408794014191892,53.244817585659064],[6.408799219738873,53.2449109967916],[6.408800112238042,53.24494873081264],[6.408801228209145,53.24505925033233],[6.408801451680888,53.2451320358297],[6.408801568903256,53.24520032918037],[6.408802525861544,53.24536746246111],[6.408803078370142,53.24539082161347],[6.408807625248952,53.245456381431396],[6.408813924952859,53.245532709647584],[6.408821871241858,53.245615314116556],[6.408823730313456,53.245630574660225],[6.408825801896191,53.245654819492295],[6.408771795830526,53.24565168465546],[6.408557248206144,53.24563823389242],[6.408471724505697,53.24563267124549],[6.408236229015104,53.24562029673107],[6.408223449625876,53.24565005954351],[6.408195150030814,53.24572039178944],[6.408140027144407,53.24586014508968],[6.408039291327818,53.245844826800926],[6.40799337848187,53.24593058513277],[6.407960584872117,53.24600095552794],[6.407905206088608,53.24612992756321],[6.407806951443726,53.24634642920694],[6.407969333040816,53.24637110822847],[6.408021884587299,53.246376053018025],[6.408077516754875,53.24638456602443],[6.408034429210182,53.24646311145208],[6.408032973844496,53.24646492104681],[6.408003069403938,53.246530773823736],[6.407929420543027,53.246520616757714],[6.407916555749545,53.246546785814616],[6.407892536278346,53.246608095475985],[6.407844369745566,53.24672532420861],[6.407824812838848,53.24672189604452],[6.407793282676977,53.24678237092696],[6.407724634034311,53.24692044174304],[6.407625372511888,53.246904211956135],[6.407389191217595,53.24686308608161],[6.407370610472546,53.24690098556894],[6.407327627235483,53.24698402287782],[6.40722622352535,53.2471942604522],[6.40720064120163,53.247252887406184],[6.407173573572049,53.24724862434223],[6.406988466617779,53.247213353977976],[6.406804879034905,53.247178969034174],[6.406770499852657,53.24724575808869],[6.40666714959963,53.247437140897745],[6.406644469482119,53.24742834741029],[6.406573144277644,53.247453215522185],[6.406516670480849,53.24747256583655],[6.406509265940293,53.24747622314319],[6.406491461112076,53.24748356319109],[6.406326617762296,53.24754516950691],[6.406319191993108,53.24754792837296],[6.406290668789173,53.24754547468419],[6.406194592883367,53.2475373041488],[6.406149571887457,53.2475340918537],[6.40609251131981,53.24759208712456],[6.406076395003941,53.24760750025785],[6.406057367701899,53.24762653252969],[6.405944680226726,53.247739814955686],[6.405823896218156,53.24770040249053],[6.405818074218236,53.24770764076045],[6.405794680252773,53.247732101692655],[6.405753841394719,53.24777917585004],[6.405713144323791,53.24776873783428],[6.4056122268062,53.247872933989974],[6.405654506582946,53.247886953047434],[6.405891475935733,53.247961324176906],[6.405894429329687,53.247959501898144],[6.405904829781657,53.247955819208315],[6.405813577720812,53.248088688983216],[6.404964431718186,53.248992702103635],[6.404776428158186,53.24921625202509],[6.40477497256378,53.24921806157923],[6.40475604982542,53.249241585781235],[6.404648144886873,53.249367406859875],[6.404563550286983,53.249465173445614],[6.404544584997165,53.24948690075559],[6.404549226974095,53.24949315167456],[6.404645730260245,53.24951929208402],[6.404645735139136,53.24958309321169],[6.404644787523555,53.24960646505081],[6.404651498974509,53.24963696084271],[6.404653377922773,53.24965311986227],[6.4046523456431,53.24967289798653],[6.404651376862731,53.249695371396406],[6.404641568548141,53.24972420997705],[6.40463616940799,53.2497494167574],[6.404634777289139,53.249753921595286],[6.404625032449141,53.24978545545977],[6.404621110078821,53.249809751115485],[6.404616806714445,53.24981787505698],[6.404612672676519,53.24983318642668],[6.40425481485694,53.2505425243517],[6.404235112673248,53.250596607719515],[6.404226611435111,53.250617347713124],[6.403963576284286,53.250581834180885],[6.403662922914984,53.2505394497225],[6.403472066471727,53.25051500587826],[6.403415191736241,53.25064488680443],[6.403342515290437,53.25080365688237],[6.403316986075411,53.25080117713675],[6.403312618949166,53.25080660574395],[6.403308315240332,53.250814729636666],[6.403281185214162,53.250871571524456],[6.403235638119721,53.250973499642555],[6.403224203752556,53.250996960204766],[6.40320861358733,53.251034833653925],[6.403157750523919,53.25116556215819],[6.403222439342502,53.251176696612454],[6.403299175623511,53.251190424889906],[6.403398508830644,53.251209353495014],[6.403613695832826,53.251248867809096],[6.403645323076788,53.25125578890123],[6.40357488124824,53.25138219030331],[6.403525999983152,53.25146976902488],[6.403507540754824,53.25151305843902],[6.403483089433612,53.25155639857312],[6.403376286464961,53.2515384318681],[6.403104046955278,53.25149400826913],[6.402810814723841,53.25144886303789],[6.402700916719568,53.25161783221095],[6.402670578091183,53.25166571500647],[6.402601123758532,53.251770540876144],[6.402598275592294,53.251776855214686],[6.402536099794281,53.25187263341062],[6.402475082087308,53.25189022296431],[6.402436663102505,53.25197681412781],[6.40240672524007,53.25204176699151],[6.402155498186817,53.25199896076613],[6.402075113536716,53.252148809059086],[6.401991922268869,53.25230676847224],[6.401989031752627,53.2523112859387],[6.401948733359733,53.25238171788861],[6.40193873263314,53.25240247037312],[6.401915756172042,53.25244489909033],[6.401868389509315,53.2525333628842],[6.401812372096387,53.25263627747133],[6.401920738529953,53.25265692817923],[6.402044148944421,53.25268014744526],[6.40223227148201,53.252715399989164],[6.401963700268263,53.25289110141579],[6.401690674883419,53.25306863706904],[6.401556482320914,53.253160530174526],[6.401435603033745,53.25324512180487],[6.401372008807042,53.25328070467135],[6.401231780400898,53.25337085117258],[6.401079840994167,53.253472778284454],[6.401140523709354,53.253504615647074],[6.401053655630459,53.25357004890018],[6.400507278658829,53.2534650315959],[6.399936703301323,53.253350331271115],[6.399974686000793,53.25324487393201],[6.400000113059233,53.253179061173725],[6.400035267902837,53.25308081651403],[6.399764246238696,53.2530246931714],[6.399767115967997,53.25301927733016],[6.399957022222969,53.252683393930205],[6.399701131142092,53.252633433062776],[6.399778507767463,53.252482713201466],[6.399739368933414,53.25247495583658],[6.399402205802657,53.25240950482251]]]]}},{"type":"Feature","properties":{"gezicht_uri":"https://linkeddata.cultureelerfgoed.nl/cho-kennis/id/gezicht/10134583","gezichtsnummer":"1659","naam":"Oostwold"},"geometry":{"type":"MultiPolygon","coordinates":[[[[7.044767640147037,53.20187178502841],[7.044677869336069,53.20198986007374],[7.044566828762657,53.202138785656686],[7.044494148108064,53.20223415622682],[7.044360340734483,53.20241395287023],[7.044294898209199,53.202502932215204],[7.044089937155239,53.2027789765289],[7.044078554177757,53.20279441211913],[7.043871991126911,53.20306778195571],[7.043768115461955,53.20320851919719],[7.043763868267498,53.203214868938865],[7.043662846322682,53.203351971758536],[7.043642934181228,53.20337920852973],[7.043558900491433,53.2034909123085],[7.043490669066751,53.20358532202119],[7.043479354474266,53.20360255405502],[7.043445204221573,53.20364886064137],[7.043361410317164,53.20376685203588],[7.043351454060322,53.20378047039583],[7.043227834345966,53.20395293512393],[7.043288020229915,53.20396109146447],[7.043437436238803,53.20399318010694],[7.04359440152797,53.20402696177218],[7.043578701933898,53.20404695054249],[7.043442168339718,53.20423397341982],[7.043342604687055,53.20437015702999],[7.043314179521455,53.204370549480096],[7.043142407638213,53.204380110702736],[7.042999645575089,53.20440454958409],[7.042935933964236,53.2044216060921],[7.042809232806248,53.20447458228657],[7.042719417174973,53.20451356838947],[7.042702788496166,53.204509304255836],[7.042684629365546,53.20450416251568],[7.042672557669266,53.204501632938786],[7.042661982040598,53.20449908271378],[7.042642430016366,53.204496656368484],[7.042543139476114,53.204483646988244],[7.042394375689095,53.204468624021025],[7.042376388522886,53.20446797349175],[7.042337353298582,53.20446491720785],[7.041968289990169,53.2044430472514],[7.041630816223194,53.20442523410518],[7.041594945045686,53.20442662757036],[7.041505456093876,53.20443505157185],[7.041415657846188,53.204435391239336],[7.041108174347992,53.20441896049347],[7.040982195753844,53.204412608876694],[7.040820105556958,53.20440136259598],[7.040731391256109,53.20439090210096],[7.040731185168179,53.20438551258777],[7.040693680539258,53.20438333339752],[7.040356104703044,53.20436282190482],[7.040392435705758,53.20413853851124],[7.040405247723695,53.20412128614723],[7.040483409614105,53.2040123617991],[7.040791633854322,53.20357852225008],[7.04080012918724,53.203565822974674],[7.040814368211743,53.20354675343659],[7.040781077624504,53.20353732637928],[7.040793889311542,53.20352007397171],[7.040805273652757,53.20350463869132],[7.040849314906061,53.203442918182695],[7.040896210690229,53.20337756339782],[7.040961592827737,53.2032867893939],[7.041007060957111,53.20322325169425],[7.041046854049752,53.20316788075538],[7.041278542725029,53.20284653700987],[7.041321120992287,53.20278573520218],[7.041368049719562,53.20272127847706],[7.04152297035444,53.20250614380344],[7.041639490867782,53.202343664687035],[7.041757403396798,53.202178470059565],[7.042003250761409,53.201836258690385],[7.042078618849138,53.20173276404647],[7.042085720596385,53.201722780072195],[7.042249059884045,53.20149314854238],[7.042409577437786,53.20126804932932],[7.043109392640218,53.20144622414927],[7.043497182760951,53.200902532394],[7.043966101442553,53.200249871317006],[7.044139139504263,53.20000033097718],[7.045366284853104,53.20030871214502],[7.045013098472341,53.20077823640356],[7.044828335853294,53.201034231083426],[7.044597559486604,53.2013393925276],[7.044296043024627,53.20175158057804],[7.044767640147037,53.20187178502841]]]]}},{"type":"Feature","properties":{"gezicht_uri":"https://linkeddata.cultureelerfgoed.nl/cho-kennis/id/gezicht/10134586","gezichtsnummer":"261","naam":"Oostwold (uitbreiding)"},"geometry":{"type":"MultiPolygon","coordinates":[[[[7.028466676183699,53.197856656453816],[7.028488666741399,53.19780512820244],[7.028494718289553,53.197806842842034],[7.028798962619806,53.197897045247416],[7.029455765736433,53.19808846967933],[7.029953769429214,53.19823623063899],[7.03008697443069,53.19827574751282],[7.030121788638684,53.19828605534708],[7.030806006930924,53.19848967910442],[7.031359947522746,53.19865194609481],[7.031379598732859,53.19865706906833],[7.031371067427268,53.198668869446784],[7.031620686754051,53.19873914288866],[7.031738696971492,53.198772575194056],[7.031979547187826,53.19884836048488],[7.032324673153272,53.19895057559843],[7.032810455961465,53.199091302663135],[7.033205462927076,53.199206311784074],[7.033476406893465,53.19928617474991],[7.033592958323737,53.199320524001784],[7.03363382616249,53.199332545186245],[7.033765473576381,53.19937028195577],[7.034799351237985,53.19967603101449],[7.034799385457989,53.19967692927026],[7.036090562577104,53.2000573218515],[7.036767288555547,53.20025921757932],[7.036814210373446,53.200272951887484],[7.037144228394243,53.20037086745763],[7.037242628864917,53.20040007053049],[7.03738043773005,53.200442212252014],[7.038250987350621,53.200702546364866],[7.038600596298819,53.20080378321453],[7.038968398359851,53.20091105960861],[7.039148680296186,53.20096789277377],[7.039277311237169,53.201004766387214],[7.039861715108749,53.20117915719185],[7.040202390234239,53.20128141125037],[7.040284098939374,53.201304550803904],[7.040285594896576,53.20130453018698],[7.04076405299217,53.20144802257151],[7.041452893146584,53.201652421377325],[7.042016095835272,53.20181990439921],[7.042007498081906,53.20182990900765],[7.042006105223103,53.20183262440354],[7.042003250761409,53.201836258690385],[7.041757403396798,53.202178470059565],[7.041675034938771,53.202294643199565],[7.041639490867782,53.202343664687035],[7.04152297035444,53.20250614380344],[7.041368049719562,53.20272127847706],[7.041321120992287,53.20278573520218],[7.041278542725029,53.20284653700987],[7.041181898702806,53.20298088113924],[7.041069622360433,53.20313701014339],[7.041046854049752,53.20316788075538],[7.041007060957111,53.20322325169425],[7.040961592827737,53.2032867893939],[7.040896210690229,53.20337756339782],[7.040849314906061,53.203442918182695],[7.040805273652757,53.20350463869132],[7.040793889311542,53.20352007397171],[7.040785393985623,53.20353277324685],[7.040781077624504,53.20353732637928],[7.040814368211743,53.20354675343659],[7.040805838538012,53.20355855446063],[7.04080012918724,53.203565822974674],[7.040791633854322,53.20357852225008],[7.040483409614105,53.2040123617991],[7.040405247723695,53.20412128614723],[7.040392435705758,53.20413853851124],[7.0403523376563,53.20438174705862],[7.040325536701727,53.2045420895684],[7.040306053463497,53.20454145934661],[7.04027307126505,53.20454011642486],[7.040241585137623,53.204538752877276],[7.040015095023354,53.20452659551118],[7.039799146168756,53.204516089943475],[7.039796291346449,53.20451972417603],[7.039668544699639,53.204702127871336],[7.039627423997912,53.204762010209755],[7.039136341272188,53.20546438736508],[7.037758570544915,53.20517329297574],[7.037594798386285,53.20511802794719],[7.037526582964657,53.20509559962063],[7.036991506070942,53.204920518829205],[7.03659738470194,53.20479113000838],[7.035739576335108,53.204513532661316],[7.035638004124844,53.20447987827681],[7.034872562976536,53.204229764630675],[7.034439282955867,53.2040937168939],[7.034283170437234,53.20404283584327],[7.033866350688426,53.20390656004635],[7.033564395847312,53.203799262967785],[7.033559805109087,53.20379662980304],[7.033345477186561,53.203710597571614],[7.033220237168945,53.2036449118895],[7.033113386196606,53.20355111330077],[7.032684448869016,53.20313549644804],[7.0324451413938,53.202904211950184],[7.031960140173201,53.20243094442073],[7.031950822528923,53.2024220849399],[7.03182194022952,53.20229982812867],[7.031222288911967,53.201723877532004],[7.031001665751809,53.201511207325424],[7.030737621628989,53.20125868908237],[7.030175266882137,53.20071817126964],[7.030102295917605,53.200649070254244],[7.029410952103327,53.199982696714564],[7.029260391185919,53.19984096206131],[7.029134720662436,53.19972405078804],[7.028952031490729,53.199563882339554],[7.028805931440134,53.19946073122863],[7.028687985573621,53.19938954873168],[7.028543011703011,53.19931603980887],[7.028372778570695,53.19924736995955],[7.028201595406482,53.19919309246465],[7.028180414349267,53.199187091178246],[7.027968842641965,53.19913336591607],[7.027899452419662,53.19911903680422],[7.028063729169781,53.1987546035024],[7.028175454585646,53.19850412822768],[7.028209852065234,53.1984245698288],[7.02825002837281,53.19833954000116],[7.028334254571372,53.198153250242946],[7.028466676183699,53.197856656453816]]]]}},{"type":"Feature","properties":{"gezicht_uri":"https://linkeddata.cultureelerfgoed.nl/cho-kennis/id/gezicht/10134597","gezichtsnummer":"200","naam":"Annerveenschekanaal/Eexterveenschekanaal"},"geometry":{"type":"MultiPolygon","coordinates":[[[[6.78823590722616,53.08515302302761],[6.788234328126006,53.08515034537085],[6.788210699648896,53.085111977261974],[6.788663307161849,53.084660019828725],[6.789193932842057,53.08431319499295],[6.789315689953594,53.08433962915135],[6.789388685163329,53.08433517937609],[6.789414700648064,53.08430881200652],[6.789526803131534,53.08422122253557],[6.789649610853274,53.08414159596014],[6.789844222435438,53.084020685932686],[6.790622512678139,53.08353255078979],[6.790667680555742,53.083544603266915],[6.790682048988974,53.08352735927534],[6.792347093306088,53.08249138295055],[6.793032475732877,53.08199353736054],[6.793961294142521,53.08131667927196],[6.793922124645277,53.08130545626909],[6.794694685562453,53.08073557777691],[6.795397304442198,53.08021864225998],[6.79548767590688,53.080151972977575],[6.796060616575952,53.07973272131526],[6.796173014632849,53.07965500767529],[6.796205136621404,53.079633060436336],[6.796241617632824,53.07960746702031],[6.796355506940567,53.07952973564774],[6.796987635709798,53.07914123761199],[6.797117845624207,53.07906061712878],[6.798060134211732,53.07848062821696],[6.798814830764757,53.07800709492554],[6.798990375244668,53.07789807751569],[6.80031779782912,53.077047507283055],[6.800368958386516,53.0770145495247],[6.800387211056437,53.077025118637735],[6.800526095922776,53.07693630342726],[6.80202161709142,53.07597947752012],[6.802956314567743,53.07539953814374],[6.805398465935269,53.07382213766794],[6.805772972570555,53.073592121566676],[6.806135747316647,53.07336853434912],[6.806430700309987,53.07321585020968],[6.806742647084088,53.07308093815337],[6.806829392555314,53.07304126445623],[6.806889699104416,53.073014486345855],[6.807148236899951,53.07288919385129],[6.807336348935442,53.07280068512701],[6.80761689901489,53.07261851113173],[6.807948625513855,53.07240427384207],[6.808451459263416,53.072083752558044],[6.808524688233645,53.07204154192789],[6.809230023667949,53.0715712224541],[6.809234586795349,53.071573864399454],[6.809300356059512,53.07153174190093],[6.810953926761641,53.07044620215775],[6.812895584759308,53.06918465286923],[6.817616452478751,53.066098734017054],[6.819043123681368,53.06515778715727],[6.820423284490953,53.0642560246086],[6.821633078707498,53.063527943790824],[6.821791234641306,53.0634379731069],[6.821874697320399,53.06339023894826],[6.821862558927639,53.06338409339482],[6.821903603891998,53.06336203197325],[6.822768290060782,53.06284657985913],[6.823640590457539,53.06233642219767],[6.824455751165926,53.06185839954448],[6.824767475501398,53.061675809139416],[6.825017550240183,53.061794132725055],[6.825898056927896,53.06220864752466],[6.82698014011611,53.062717793285486],[6.826869094064334,53.06278833102225],[6.826744923647214,53.06286801377089],[6.825983695325204,53.0633525933403],[6.825527803328959,53.06364207028478],[6.823980427406538,53.06462678566874],[6.822399332192103,53.065631656435485],[6.82155614895641,53.06616751786766],[6.818991271311015,53.067793462021385],[6.818038361646335,53.068398014342144],[6.817993042671443,53.068426416494354],[6.815937634260814,53.06971726855244],[6.815757809003963,53.06982995769851],[6.814450817431772,53.07065080399547],[6.814288588230685,53.07075429380712],[6.814108754402681,53.07086698047019],[6.81399474247706,53.070939338533535],[6.813945061504992,53.07097138596575],[6.812853228706741,53.071666524420884],[6.812547762078156,53.07186158977413],[6.811330077877523,53.0726337048083],[6.810615297420815,53.07308887064248],[6.809866899741954,53.073566000841375],[6.809479549077049,53.07381325821254],[6.809380144394791,53.073876450928985],[6.808757447761739,53.074273891763134],[6.808394884936634,53.07450377542732],[6.806523782045876,53.075697904885615],[6.806313167873466,53.075828918647055],[6.805921125317218,53.076070827312435],[6.805880177664422,53.07609647671597],[6.805839259321038,53.076123024475116],[6.805798340927638,53.07614957222024],[6.805706208310646,53.076207283263685],[6.805685763717197,53.07622100630005],[6.805560053615127,53.07630158305777],[6.805416793809523,53.07639315221479],[6.805333464159431,53.07644626507483],[6.805137555286802,53.07657081143965],[6.804843719208927,53.076758528753984],[6.804833481979102,53.0767649410138],[6.804688727311036,53.076856526964434],[6.804412407790243,53.077032352422755],[6.804024995161232,53.07727959209693],[6.803896353911476,53.077361999157105],[6.803786695442628,53.07743159939515],[6.803723807621265,53.07747098842071],[6.803459209757271,53.07764038185471],[6.803175538308046,53.07781988618147],[6.802967946025825,53.0779526554898],[6.8028188251206,53.07804788558608],[6.802710625745149,53.07811656882341],[6.802587800459338,53.07819441205912],[6.802516135086271,53.07823929650571],[6.802302688507146,53.078375728691874],[6.802223738963098,53.0784260913632],[6.802089211304749,53.078511262126206],[6.801989785117342,53.078574448689366],[6.801874299460493,53.07864860954996],[6.80166666996556,53.07878047822545],[6.801419578118129,53.07893797678827],[6.801178305683418,53.079090912500405],[6.800795244181304,53.0793353937173],[6.80073673879765,53.07937203320683],[6.800634383391691,53.079437050615034],[6.800590533410806,53.07946542854621],[6.800534982219165,53.079501134337065],[6.800434088855646,53.07956523558915],[6.800214749343169,53.07970442960456],[6.800089019008382,53.079785000601156],[6.799964750875826,53.07986465548793],[6.799856542460424,53.07993333613883],[6.799691318452084,53.08003863806475],[6.799603586753625,53.0800944948476],[6.799587497225243,53.080104570549516],[6.799581617254011,53.08010733607003],[6.79956263157579,53.080120142084574],[6.79934471993564,53.08025752015869],[6.799088776585834,53.08041871297531],[6.798965909077711,53.080495654114515],[6.798708529410573,53.08065866045196],[6.79851986697713,53.08077771777653],[6.798389654561103,53.080858339750556],[6.798154211769054,53.08100760551927],[6.797953815071863,53.0811330912202],[6.797746161793835,53.081264953078005],[6.797642305489201,53.081329985500645],[6.797534089749479,53.08139866404684],[6.797479967156533,53.08143255409776],[6.797319061651548,53.08153330815829],[6.797307388589857,53.08154153408874],[6.797136242762949,53.08164869951667],[6.79709089629118,53.08167709373421],[6.796862729419818,53.08182087887421],[6.796744271589991,53.081895968280215],[6.796621395747818,53.08197290700723],[6.79657751141294,53.082000385093366],[6.796470813473452,53.082069943481976],[6.796400627369358,53.08211480669453],[6.796330441120247,53.08215966986581],[6.795643286633464,53.0826018351786],[6.79563450952003,53.08260733072519],[6.795561395972521,53.0826540252931],[6.795510254290436,53.08268787934642],[6.795217798080158,53.08287465704486],[6.795207557987116,53.08288106847936],[6.794264517824231,53.08348800328869],[6.793948644084397,53.083689432397264],[6.793938403611824,53.08369584372292],[6.793129716842429,53.08421221776135],[6.792361945555369,53.08470204319726],[6.791544443140683,53.085223901802976],[6.791507867450169,53.0852467986542],[6.791393780114708,53.08531913512973],[6.791323554448274,53.08536309698557],[6.79129432277684,53.085382312784986],[6.79061994310158,53.085807222623],[6.790618509086812,53.08580903685774],[6.789803687834838,53.08632276321631],[6.789800761633518,53.08632459492216],[6.789461378661167,53.08653886905886],[6.789438474020558,53.08652296051379],[6.789415598423729,53.08650795033614],[6.789392693816239,53.086492041782066],[6.789369789225551,53.08647613322349],[6.789348405817623,53.08646110555696],[6.78932699339942,53.086445179514484],[6.789304088857582,53.08642927094291],[6.789282647447235,53.08641244652021],[6.789261235077219,53.08639652046561],[6.789241314860667,53.08638057693295],[6.789219873498772,53.0863637524986],[6.789198461175876,53.08634782643237],[6.789178511982874,53.086330984516785],[6.789157070669895,53.08631416007078],[6.78913715052952,53.08629821652016],[6.789117201383194,53.086281374594],[6.789097252252374,53.08626453266434],[6.789077303137071,53.08624769073123],[6.789058817150596,53.08622993295074],[6.789038868066169,53.08621309101089],[6.789020411128762,53.086196231596375],[6.789001925187591,53.086178473806655],[6.788981976148987,53.08616163185696],[6.788963490238355,53.08614387406103],[6.788945033359801,53.08612701463432],[6.788928039607667,53.08610923936227],[6.788909582757683,53.08609237992978],[6.788892589033716,53.08607460465246],[6.788874103196917,53.08605684684199],[6.788857109501478,53.086039071559306],[6.788840115820001,53.08602129627409],[6.788823122152488,53.08600352098629],[6.78880612849894,53.085985745695936],[6.788789134859353,53.08596797040304],[6.788773604343699,53.0859492792671],[6.788756610731805,53.08593150396924],[6.78874108024331,53.08591281282879],[6.788725578780417,53.0858950200585],[6.788710048318447,53.08587632891369],[6.788694546881407,53.08585853613908],[6.788679016445964,53.08583984498999],[6.788664978142751,53.08582113637187],[6.788649447733538,53.08580244521861],[6.788635438465495,53.085784634969166],[6.788622979345835,53.08576860399654],[6.788621400199098,53.08576592634554],[6.78861049122575,53.08575167465003],[6.788607361944862,53.085747217720105],[6.788593294693495,53.08572761072039],[6.78857925646389,53.08570890209138],[6.788565218246443,53.085690193460536],[6.788552672154873,53.08567146736251],[6.788538633961116,53.08565275872829],[6.788526058884143,53.085633134254685],[6.788513512826154,53.085614408152146],[6.788500937771785,53.08559478367561],[6.788489883846313,53.08557604010554],[6.788477308813885,53.08555641562624],[6.788464762799363,53.08553768951795],[6.788342967455492,53.08532522153329],[6.78834293845173,53.085324323160656],[6.788306676906539,53.085264533831065],[6.78823590722616,53.08515302302761]]]]}},{"type":"Feature","properties":{"gezicht_uri":"https://linkeddata.cultureelerfgoed.nl/cho-kennis/id/gezicht/10134598","gezichtsnummer":"247","naam":"Nieuw-Beerta"},"geometry":{"type":"MultiPolygon","coordinates":[[[[7.115179078387772,53.187298962609965],[7.115282802508263,53.18719860585745],[7.11539375208535,53.187091853653975],[7.116934846406757,53.18559299330272],[7.117201217194583,53.18533210901672],[7.117259307465077,53.18528813107046],[7.11730554254122,53.18524702038242],[7.118092036711993,53.18448611497564],[7.118787714339723,53.18381189647639],[7.119717153785727,53.18292309043415],[7.120653743521417,53.182026983186134],[7.121082029186495,53.18162624007331],[7.121295475439144,53.18142722609126],[7.121086200281828,53.18139430252082],[7.121183951789288,53.18129492530568],[7.122096679992986,53.18036499823956],[7.127599513918408,53.174757030220775],[7.128302364800031,53.17497510842436],[7.128381116188253,53.174999129823085],[7.128384142309818,53.17499998462753],[7.128468982176247,53.17502661380429],[7.13237122122302,53.17623891516355],[7.136890161367423,53.17763981899703],[7.136891583814337,53.17763800073205],[7.137107601462769,53.177652823217024],[7.13711062794018,53.17765367779904],[7.140718669005397,53.17827592840043],[7.140728006414717,53.17824793046311],[7.144029904374157,53.178807152692514],[7.144802747446694,53.177503416408584],[7.144987473184477,53.17718973899453],[7.145291957051471,53.177283238948036],[7.15246433785879,53.179502936264264],[7.153105067357275,53.17867024029371],[7.154823740446664,53.17643037680226],[7.155310956439441,53.17579675848497],[7.155441251485523,53.17583707853391],[7.159656517941701,53.177147240418996],[7.163644493346583,53.17838063449668],[7.163855112896948,53.178445819412104],[7.163746242883773,53.178563372511036],[7.16576144140971,53.179184198062615],[7.16801176973771,53.17988238659967],[7.169886227595668,53.18046119484731],[7.17159864057821,53.18099115654509],[7.172906690518052,53.181401290469545],[7.17304157835423,53.18144332079163],[7.173001047635319,53.18147627981197],[7.17300283937534,53.18148344320823],[7.173007732698733,53.18149325669138],[7.173386572033757,53.18160984521191],[7.174148742391741,53.181842951774414],[7.177932690902758,53.18300611846464],[7.179684662417241,53.18354705947801],[7.181247087031338,53.18402610054403],[7.18215325625631,53.18430194047341],[7.182380566631686,53.184371337283075],[7.181428917334453,53.18498325686448],[7.18134285475294,53.18503667272517],[7.183562063822417,53.18619700288961],[7.185495259110497,53.18720519784697],[7.185466210262646,53.18722630497984],[7.189190390378005,53.18916295396277],[7.19130735160332,53.19026536185798],[7.191374463758079,53.19029580886026],[7.191613674897238,53.19039826367018],[7.190791141186392,53.19069734209368],[7.187054284484759,53.19205758623791],[7.187290649256332,53.192523191459536],[7.188080052191195,53.19408686643946],[7.188246405098698,53.19441601073941],[7.186988800908347,53.194871687310105],[7.185255017798322,53.19550165946556],[7.183093812288494,53.196291694562426],[7.181626801219409,53.196825045828554],[7.179484758581496,53.197611132420676],[7.177160925851586,53.19845471704433],[7.175960827921521,53.19889503658647],[7.175728180898536,53.19895153262448],[7.175701476670167,53.19910202304401],[7.175383324421715,53.199226301305515],[7.175031286696661,53.1993636663785],[7.17502833222003,53.19936460917345],[7.168142067713963,53.202058164574765],[7.167293255432364,53.20143714368995],[7.166812992668994,53.2010784777549],[7.164635479365866,53.2023968807362],[7.164542623432891,53.20232276149448],[7.164065827753314,53.20193886835777],[7.160077426711803,53.198703959952475],[7.158291893939864,53.19983760174061],[7.158122828486517,53.19972955163219],[7.157043791796907,53.19903726240895],[7.155858605471655,53.19827373017212],[7.155726442499031,53.19818939886881],[7.154612015851664,53.197471546269526],[7.153682139372992,53.196874094480656],[7.153657555676542,53.196895127846695],[7.153537660503629,53.19681780351016],[7.152703186748357,53.196283649335],[7.15163340686808,53.19559387246482],[7.150407002323549,53.194805728851456],[7.14946965326543,53.19420565870328],[7.149315551670474,53.19409647781219],[7.149332182031936,53.19406387841245],[7.149405015099664,53.19394147680746],[7.149420625417222,53.1939205761501],[7.149443018596032,53.19388249954497],[7.149473036262862,53.193847905905386],[7.149996575328207,53.193291074469144],[7.149969764152561,53.19329416481117],[7.149932447094898,53.19329651081311],[7.149906911905049,53.193294189875616],[7.149864741992298,53.1932876196657],[7.149839170209772,53.19328440049995],[7.149691026664612,53.19324793140787],[7.14768401894367,53.19276512164072],[7.142145297931646,53.19143166636508],[7.140809575426809,53.19111417404709],[7.140348630210484,53.19100227833394],[7.13974105581265,53.19085387749937],[7.139626995052144,53.190845658048524],[7.139560019815534,53.190891574238506],[7.139081638898323,53.19082935973861],[7.139001466329749,53.190808062140235],[7.138799573900485,53.19077416237967],[7.137503090017145,53.190574695495776],[7.13460752779375,53.190129799565014],[7.131659464606696,53.18968020550609],[7.131653373956207,53.18967759785765],[7.131484574428725,53.1896476982356],[7.131416842499228,53.18963789840327],[7.131243737857499,53.18961255480539],[7.127310964184033,53.18904685289511],[7.125461218064407,53.18877978885079],[7.120407427203002,53.188053951758555],[7.120300674619008,53.1880411146723],[7.115614378382099,53.187370880179415],[7.115272440589681,53.18731379467909],[7.115179078387772,53.187298962609965]]]]}},{"type":"Feature","properties":{"gezicht_uri":"https://linkeddata.cultureelerfgoed.nl/cho-kennis/id/gezicht/10134607","gezichtsnummer":"270","naam":"Rijksstraatweg Haren"},"geometry":{"type":"MultiPolygon","coordinates":[[[[6.616148766892118,53.141451720777084],[6.61621178127562,53.141354916974024],[6.616360628614402,53.14117545390119],[6.616294505557933,53.141162652089264],[6.616181784887845,53.141140442785805],[6.615966904548258,53.14109951024657],[6.614971492498235,53.14088684318335],[6.61492038764455,53.14087658275182],[6.613150673063404,53.140500185387],[6.613096530080836,53.14048815792763],[6.612544719544469,53.14037068415168],[6.612284363525888,53.14030684467704],[6.612157946400249,53.14027578495284],[6.612055693031547,53.14030648622868],[6.611882578703498,53.140262423493034],[6.611807210513567,53.14018680692101],[6.611739693813667,53.1401245900946],[6.611733260490129,53.14010847980463],[6.611713858988877,53.14005655529623],[6.611703878969434,53.14002071054201],[6.611759000751192,53.13959148240542],[6.611786473735108,53.139558849586486],[6.612883500151548,53.139402948048094],[6.612890614602772,53.139390293915234],[6.612967263089951,53.13935266446803],[6.613088218854514,53.13924358686914],[6.612995780510657,53.139145678927434],[6.61297133668919,53.139074035464375],[6.612983207267838,53.139018196566504],[6.613011563018481,53.138963986367905],[6.613047566774514,53.138915988605206],[6.613177892004759,53.138821193744235],[6.613198554209,53.138811995656894],[6.613221492694887,53.13877761154493],[6.613238887189491,53.138758561524625],[6.613268106769979,53.138734897165136],[6.614141797317789,53.13845096177438],[6.614383540746592,53.13838557943453],[6.614590165182079,53.138346617736495],[6.61478210366254,53.138316792824035],[6.614931046519713,53.138299090834686],[6.615049981780468,53.13827720279676],[6.615128375021556,53.13824854074239],[6.615497343885766,53.13808479602439],[6.615692183382944,53.13799922238889],[6.615762901925563,53.137963449235585],[6.615817339227779,53.13793323499332],[6.615827618891017,53.13792683890591],[6.615867294466594,53.13790306668307],[6.615904032958885,53.13788112190265],[6.616086103477077,53.137766921110696],[6.616137577806952,53.13773763577409],[6.616183101592133,53.13770931011514],[6.61623336209966,53.137689922552426],[6.616314741467258,53.137661229075356],[6.61634866994383,53.13764560366573],[6.616374924587596,53.137622867605856],[6.616417332699455,53.13759008046628],[6.616455488172959,53.13756542496547],[6.616493618115995,53.13753987104408],[6.616863585397526,53.137622347309],[6.616875384312769,53.13761683420867],[6.616910857527754,53.13760299012539],[6.61697051493897,53.137598783202314],[6.617027056878201,53.13759011487527],[6.617077138373171,53.137564438102196],[6.61712686280605,53.137526183593536],[6.617180278554935,53.13746003240482],[6.617199842687112,53.13741220207579],[6.617207684479002,53.13737258010194],[6.619054557492078,53.13699683573714],[6.620022680060368,53.137881056167195],[6.620558480424531,53.13838149383829],[6.620603264374044,53.13843225708257],[6.619858356192902,53.13861875750894],[6.619780871668727,53.138626743914465],[6.619716731070315,53.13863099833951],[6.619634815545044,53.13864082756584],[6.619538138640174,53.13865709923489],[6.619460756184493,53.13866867906257],[6.6193732221115,53.13869114726636],[6.61930341184402,53.1387062438079],[6.619236768386381,53.13872759843772],[6.619186610208576,53.13875058088219],[6.619109866046121,53.13878462066529],[6.61878676029147,53.138931729104705],[6.618285298987932,53.13916604275763],[6.618826139344767,53.139686206892605],[6.619560022789424,53.13937401272723],[6.620207379747838,53.139855331119094],[6.620595356460315,53.139676996447],[6.621128883128844,53.14009657461634],[6.621176222711312,53.14013203393455],[6.621406303521311,53.140024520067406],[6.62158235382336,53.14011886438222],[6.621720464330851,53.14019292990011],[6.621356237319118,53.14078531031894],[6.623466363749902,53.14109427014645],[6.623353840539694,53.14128864495407],[6.624319978136099,53.141573438546644],[6.624977162861389,53.1417679543213],[6.625011835735657,53.14177838021859],[6.62570215435923,53.141981536496665],[6.625730799684597,53.14199022714259],[6.62621462954057,53.14213260753727],[6.62644423092608,53.142217404395794],[6.626361781018186,53.142417761728304],[6.626308703417702,53.142547719029814],[6.626293141351805,53.14257843471642],[6.626418180100503,53.14266521141692],[6.626322483478225,53.14292501787477],[6.626315963364556,53.1429583360746],[6.62636073311935,53.143008198655],[6.626374176826723,53.14306018248771],[6.626301846341696,53.14330087520763],[6.626142807580077,53.1441158154598],[6.626132836289127,53.1441329932648],[6.626346786561227,53.14419278939295],[6.626332486885132,53.14421540398669],[6.62628525930594,53.144288684527496],[6.626259494069479,53.144328492377085],[6.626242308654231,53.144354731472305],[6.626260393384308,53.14435993650681],[6.626254467918895,53.14436179511045],[6.626222982690628,53.14441064878432],[6.626194254585073,53.14445138591967],[6.62617423480483,53.14448304632298],[6.6261655778115,53.14449391985511],[6.626161069463765,53.14449306779509],[6.626127884278873,53.14453474966099],[6.626075942122691,53.14459999082323],[6.626048814911442,53.144592183229655],[6.625967112262494,53.14471434814785],[6.626052951101356,53.14473682622085],[6.62605447101885,53.14473770917797],[6.626101177424097,53.14475070638016],[6.626766972481052,53.14493074483558],[6.626861854685649,53.14495582480223],[6.628008075277262,53.145262091565364],[6.628182805266295,53.14504819634865],[6.628485669435067,53.14513312935692],[6.62849862849586,53.1451159204097],[6.628504631192445,53.14511675690416],[6.62851210238601,53.145116679518225],[6.628518105082954,53.145117516011986],[6.628524107780131,53.145118352505435],[6.628530084735169,53.14511829059577],[6.628536061690187,53.145118228685796],[6.628542038645185,53.145118166775546],[6.628548015600163,53.14511810486496],[6.628553992555124,53.145118042954074],[6.628559969510064,53.14511798104291],[6.62856741496057,53.145117005250725],[6.628573391915342,53.14511694333886],[6.628579343126708,53.14511598302387],[6.628585294337806,53.145115022708595],[6.62859124554864,53.145114062393084],[6.628627416206863,53.14512447174438],[6.628660315207991,53.14512502961191],[6.628701020101463,53.14513718930921],[6.628728458028358,53.14510365429008],[6.628741468477236,53.145088242122355],[6.628839652049016,53.144967701861674],[6.628867064012917,53.144933268406845],[6.628886669279018,53.14493935596362],[6.629141383708055,53.14501310349105],[6.62937051664846,53.14508082495195],[6.62946096948168,53.14510774612341],[6.629465323386827,53.14510320764316],[6.630832207766826,53.143983666750245],[6.630979980419904,53.144028863998656],[6.631882081102779,53.144317856482495],[6.63164289897342,53.144732830030584],[6.631507006785431,53.14484118281109],[6.631402800131951,53.14490786765147],[6.631302998456163,53.14497181065848],[6.630921410201157,53.145216614939606],[6.630605872728918,53.14541939386611],[6.63025802581576,53.14564227779021],[6.629988082650616,53.145819419340796],[6.62997489201882,53.14582854282384],[6.629900127819557,53.1458796435987],[6.629889874138028,53.145886939278576],[6.628709750846721,53.14669359408508],[6.628506166584937,53.14668312153907],[6.627437298289767,53.14746165083321],[6.627634904218133,53.147576432660685],[6.627875844756596,53.147742888347985],[6.62558808496163,53.149389544323014],[6.625383231459619,53.14959655711082],[6.625338189206356,53.14964195582294],[6.625284437257801,53.14969643116718],[6.625210354146889,53.149771785856075],[6.625057755284085,53.14992433820226],[6.624877608656665,53.15010683084952],[6.624797084440519,53.15016607576344],[6.624792755209334,53.150171512472255],[6.624782550991498,53.15018060451579],[6.624775247299863,53.150291216031896],[6.62483590916153,53.150687800624446],[6.624768443045508,53.15078555335218],[6.624732878905739,53.15084882728313],[6.624803885223913,53.151136566282645],[6.624866033965077,53.151375868661965],[6.624876078901552,53.151413508953716],[6.625061548676977,53.15214939922185],[6.625199780871542,53.15274917964827],[6.625221777379409,53.15283881912559],[6.625221387099306,53.15287746582888],[6.625223035685664,53.1528828408011],[6.625311427867728,53.15304638377172],[6.625408890572823,53.153213427636416],[6.625857280114563,53.15404635197758],[6.626141920202218,53.154641921992656],[6.626337987322337,53.15506766038312],[6.626466272265887,53.155318859328574],[6.626425635521892,53.15530939414034],[6.625231071083705,53.15504674667753],[6.623562575558777,53.154678440999035],[6.621642852467962,53.15425428664652],[6.621528574817455,53.154231199565146],[6.621308832190785,53.1545992192558],[6.621361500521615,53.15461125828052],[6.62081522331231,53.15532503028303],[6.620770528601418,53.155383004856574],[6.620701346764449,53.15547358336375],[6.620391417219365,53.15587757714528],[6.619813172249246,53.15662492354926],[6.619111826825232,53.15640926481713],[6.618812325533172,53.1567601258453],[6.618796420978748,53.156779161222246],[6.618303151414088,53.15662516484149],[6.618159804055509,53.156789295340715],[6.617842737142283,53.15668021798448],[6.617645719511172,53.15690241339501],[6.617457387072003,53.15711463400162],[6.617528325111278,53.157138169837694],[6.617245834255934,53.15750952141983],[6.616909639786096,53.15741142185181],[6.616669916288496,53.15770954144511],[6.616363703307416,53.15808832342519],[6.616184633613984,53.15831123085222],[6.61602286124035,53.15851149406718],[6.615809138385968,53.15877789197259],[6.615284909288092,53.159483322826475],[6.615237187950484,53.15954042751994],[6.615157703061517,53.15963739877009],[6.615110006862904,53.15969540181346],[6.615078217817989,53.159734369965584],[6.614925046989876,53.15992196213917],[6.614874411594426,53.159981792508695],[6.614838341610249,53.160027993739504],[6.614800776788465,53.16007421026683],[6.614763211886825,53.16012042678192],[6.614673592583877,53.16022918408025],[6.614643195661408,53.160264543197236],[6.614604212054156,53.16031347017347],[6.614511780652808,53.16042854677325],[6.614446756509673,53.16050829484764],[6.614367268088288,53.16060526555429],[6.61428929955415,53.160703119307094],[6.614204034938333,53.16080733832548],[6.6141332341538,53.16089433464317],[6.614130346397866,53.16089795885135],[6.614497341293609,53.16097418300778],[6.614421070888137,53.16107920874868],[6.614421096350109,53.16108010715082],[6.61436207572662,53.161160692355374],[6.614271467660793,53.16128743267087],[6.614062841260258,53.16157624144663],[6.613877391173782,53.16183875144004],[6.613808540986261,53.1619419034846],[6.614296327073356,53.16205912939038],[6.614361506567527,53.161984771840785],[6.614417222570864,53.16199858006548],[6.614948717665981,53.16212793713246],[6.615364476483433,53.16223601110328],[6.615670120061607,53.162310164293174],[6.615926103530852,53.16237314311926],[6.616118615930276,53.16241250820444],[6.616288680540499,53.16245120447838],[6.616409058554209,53.16247782872998],[6.616674064169053,53.162542510783126],[6.616756892935445,53.16256322915446],[6.616745444393962,53.16258131983458],[6.616727378679864,53.16257701181523],[6.616704430534485,53.16261139636651],[6.6167239911085,53.16261568905723],[6.61666646756105,53.16269626001787],[6.616515578827752,53.16291168915585],[6.616390448484487,53.163086414148474],[6.616256551928195,53.163268418169615],[6.616171465558773,53.163378927309154],[6.615975021047827,53.16362268123652],[6.615794431810202,53.163845603082585],[6.615847237362618,53.163862136469916],[6.615722025128932,53.16403416552524],[6.61519509091,53.16390835970735],[6.615038475557776,53.16386952411516],[6.614526494184387,53.163743562228305],[6.613537177010503,53.16350026415162],[6.613197750978033,53.16339499784777],[6.612432857354134,53.163155685973166],[6.612535983476018,53.163470960893676],[6.612469430858534,53.1635498247203],[6.612514658682069,53.16356284236906],[6.61212771350761,53.164156318879044],[6.612109118507308,53.16418616471268],[6.611987116372006,53.16415505942846],[6.611866499718321,53.1643315306793],[6.61173014946252,53.16453332502479],[6.611623997215316,53.16469257368115],[6.611618449439961,53.16470790758714],[6.61162179497793,53.16472045467591],[6.611630967769458,53.16472755027863],[6.611641533858886,53.16473103700446],[6.611810261182213,53.164775145266255],[6.611780366956258,53.1648284716578],[6.611714319068064,53.16492530307635],[6.611636819564803,53.165040224642695],[6.61161672891618,53.165070085662464],[6.611544980003994,53.16517686047562],[6.611464616739833,53.165296304468015],[6.611420127928735,53.165362361053404],[6.611392867081624,53.165403079184635],[6.611309589283591,53.165525248803654],[6.611279465327878,53.165570489445585],[6.611253648373108,53.165609395475414],[6.611072933339338,53.16556451014381],[6.611012659421153,53.165654092899544],[6.610945189790382,53.165753634343886],[6.611125905484193,53.165798519863316],[6.611052684599069,53.16590620802828],[6.611001024444989,53.165983121576744],[6.610969426992448,53.16597625484029],[6.610940819482264,53.16596935757504],[6.610867007514117,53.16595034046748],[6.610827002029486,53.16601635104556],[6.610783317887383,53.16600511432174],[6.610744169448106,53.16599562861202],[6.610703526059004,53.16598615814672],[6.61066136233331,53.165975804522624],[6.610617703661471,53.1659654661398],[6.610569509341188,53.1659533767044],[6.610533556757452,53.16600406858891],[6.610492913405888,53.16599459805212],[6.610455440345953,53.16604440676579],[6.610456836439121,53.16609381886359],[6.610343528276605,53.16621180086864],[6.610387263279251,53.166224834555216],[6.610426589530111,53.16624060919251],[6.610418076566699,53.16625687194662],[6.610655309945981,53.166502481497965],[6.610520442273994,53.16670425910744],[6.61041291223196,53.16686801387238],[6.610381316798599,53.166914167930045],[6.61025513743597,53.16710597128489],[6.610291220620512,53.167112792448236],[6.610207837308159,53.167284388587824],[6.610152217328551,53.167274172052736],[6.610005765413184,53.16748954707328],[6.609895241445739,53.16765333184173],[6.609662661990047,53.16799629583564],[6.609623564382464,53.16804162750269],[6.609594881238345,53.168085055648405],[6.609549069260789,53.168157415550894],[6.609511694723646,53.168210817549415],[6.609455997620704,53.16819790549327],[6.609341238256222,53.16837071946509],[6.609574619817473,53.16842675304457],[6.609449775392892,53.168613149831195],[6.609080975777848,53.168527941800555],[6.608922883429591,53.16875511655621],[6.608843697199435,53.168863762643774],[6.608952077303853,53.168888719359465],[6.609105689957625,53.1689266948752],[6.608966575913082,53.169137500349215],[6.608883486986326,53.169266855388294],[6.608773484137469,53.169237421843334],[6.608720523718084,53.16932153679462],[6.608647417695878,53.169433715410676],[6.608587361555614,53.169531382478134],[6.608635584668093,53.16954437108741],[6.60850199053888,53.16973894384372],[6.608355851001727,53.16970089142984],[6.608164554806959,53.169652514808696],[6.608082780243495,53.16977556524626],[6.608057033944299,53.16981716575518],[6.607998293700886,53.16990852848718],[6.607906559104062,53.1700496533906],[6.608081385224552,53.17009729948768],[6.607925486833282,53.170296591958824],[6.607856127831617,53.17038267076369],[6.607771082136648,53.170495868997634],[6.607703218975271,53.17047589070292],[6.607573090110887,53.17063448067762],[6.607479300316288,53.17075585562209],[6.607345064220565,53.170927967010506],[6.607162633258538,53.17087590392219],[6.606989191169206,53.17108975212914],[6.606919575903995,53.17116684636715],[6.606906448655165,53.17117866247843],[6.606862734986611,53.17116652595612],[6.606851102870206,53.171178326851475],[6.606743144820137,53.17127468286053],[6.606587010320197,53.17141286705414],[6.606490459947212,53.17138329458748],[6.606501990994867,53.17136790012217],[6.606334561310789,53.17131748053141],[6.606162646561419,53.17126710630859],[6.606168525972545,53.17126345189789],[6.606237788534487,53.171173780473644],[6.606192554609784,53.1711607605071],[6.606139819678577,53.17114691812661],[6.606130697010097,53.17114161892275],[6.606100566397961,53.17113383732128],[6.606080901821675,53.17112594931156],[6.605964232600215,53.17107231717487],[6.605941451319754,53.171059967531534],[6.605776204476002,53.17098076790303],[6.605756565317839,53.170973778240956],[6.605598032999894,53.17092057122643],[6.605363935171393,53.17083937472723],[6.605148057874578,53.170767877926245],[6.604903521059856,53.17068768524018],[6.605022229631021,53.170548086072735],[6.605090326897996,53.1704701096996],[6.605206588967617,53.170509368274224],[6.605333443538413,53.17055301240935],[6.605446978917824,53.17044222244446],[6.605616152174742,53.17050161212559],[6.60561757144039,53.17049890172582],[6.605720817121731,53.17039450667494],[6.605742026999184,53.170404176354516],[6.60587122319934,53.17026536837461],[6.605958274403116,53.17017012430416],[6.606053789981921,53.170056820934235],[6.605832112073588,53.169991674950204],[6.606033001242695,53.16974340027847],[6.605953103394366,53.169720847371686],[6.606062683619153,53.169575947927],[6.60604226092206,53.169541107845866],[6.606050852051277,53.169527540618745],[6.606117248414108,53.169442391630746],[6.606248494679937,53.169270311937865],[6.606309393031499,53.169149272363896],[6.606361877219706,53.16904808882108],[6.606410053063475,53.16895323967933],[6.606459521344042,53.168851188094784],[6.606465349797979,53.168845736863595],[6.606524117162684,53.16875527324803],[6.60655574334765,53.16871001861998],[6.606590182452379,53.168658444756105],[6.606654777696981,53.168562529834745],[6.606720842403361,53.1684657012665],[6.606776795784187,53.16838155674977],[6.606785487692136,53.16837158307478],[6.6068630312968,53.16825756311349],[6.606891793232582,53.168216830821585],[6.606905959032788,53.16818882825482],[6.607017402374497,53.16821645151883],[6.607104777495792,53.16807986486381],[6.607167901024944,53.167984863268906],[6.607231074914518,53.16789165844295],[6.607223549107628,53.16788993770937],[6.607292778821703,53.16779936719882],[6.607359094153163,53.167711522284485],[6.60742267238449,53.16763269178651],[6.607426980207161,53.16762635732171],[6.607486225062204,53.1675529628513],[6.607561231173677,53.16745514409227],[6.6076232629958,53.1673745318975],[6.607646271511673,53.167341945912526],[6.607654887033063,53.16732927696588],[6.607683622286082,53.16728764607374],[6.607716614571197,53.1672378838942],[6.607728144090153,53.167222489295064],[6.607778493822766,53.167151881202074],[6.607788553618085,53.16713740021991],[6.607807228840388,53.16711025027863],[6.607834494127356,53.16706953297182],[6.607884792848645,53.1669971280273],[6.607932177396859,53.166927448712876],[6.607939373748586,53.16691749017404],[6.607960937451635,53.16688671615272],[6.607988202454762,53.16684599880883],[6.608025552376856,53.16679169885744],[6.608037081668238,53.16677630422705],[6.608083021408771,53.166708436878096],[6.608111730506932,53.16666590747529],[6.608168970904892,53.16668060174793],[6.608268400579696,53.16654748600001],[6.608367829645885,53.16641437016581],[6.608345278204915,53.16641010657567],[6.608443237086247,53.16627790430487],[6.608573754954374,53.166080666683094],[6.608667024729711,53.165941322693364],[6.609011272593162,53.165952193299034],[6.609146575000999,53.16571266919266],[6.609051325897408,53.1655698543014],[6.608915637001085,53.165371734493135],[6.608909378355264,53.1653619130063],[6.608989799506633,53.165244267512584],[6.609075971787536,53.16511847539238],[6.609159229771105,53.16499540888991],[6.60918362938655,53.16495921374447],[6.609468073700206,53.16502371356082],[6.609611733123839,53.164815556749375],[6.609348193557427,53.16474994550159],[6.609366816062839,53.16472099849764],[6.609594678585064,53.16474114178592],[6.609673348149872,53.16461452703824],[6.609787918776851,53.16443542375654],[6.609839376310768,53.164351323472054],[6.609890935127678,53.16427081677368],[6.610035004509339,53.1642891178295],[6.610057984212534,53.16425563295732],[6.610050332059261,53.164249420385545],[6.610060060566284,53.164223259972125],[6.609788442403087,53.16418918525094],[6.60972540271132,53.164180841528974],[6.60976543536541,53.164168750676595],[6.609802173766806,53.164145909472495],[6.609846107581048,53.16411310959756],[6.60985038933318,53.16410587663813],[6.609865363726566,53.16410662257499],[6.609907978180554,53.164027105746044],[6.609936404644302,53.16397469345252],[6.609993181250043,53.16386717363546],[6.609775001006194,53.16381907388663],[6.60978072689822,53.163810028878274],[6.60978787157594,53.16379827341611],[6.609826611918111,53.16379338500953],[6.61001121728961,53.16376454226737],[6.610051653314641,53.16371380476002],[6.610162674268128,53.16356798772355],[6.610226190609101,53.16348735886228],[6.610288161080461,53.163404948412655],[6.610148147794452,53.163371329052154],[6.610239076784951,53.16325537272059],[6.610382130272646,53.16329075827627],[6.610511567036003,53.163108806507196],[6.610567886954074,53.163038136158875],[6.610622610287882,53.16296388742848],[6.610606747827634,53.16293169749229],[6.6106867029552,53.16279787954763],[6.610587255504678,53.16277103597028],[6.610636706985573,53.162668982510276],[6.610639722075148,53.16266985040071],[6.610685044170505,53.16258042032493],[6.610676024303599,53.162578715059496],[6.610749519825175,53.16248090945358],[6.610672724207775,53.162461922702214],[6.610879120966748,53.162146183002804],[6.610997025290711,53.161979625579804],[6.611335901530467,53.16206603175371],[6.611457326952946,53.16191830980755],[6.611559953956287,53.16179324628158],[6.611572924686842,53.161776039221216],[6.611600360937136,53.161741609828006],[6.611684316677501,53.16164369675654],[6.61169591952761,53.16163099696505],[6.611706027555268,53.16161831244176],[6.611800014570115,53.16150501955415],[6.611827475878014,53.16147148850985],[6.611903524579739,53.16135837878649],[6.611966577063662,53.161261577715585],[6.612001080097655,53.161212697419536],[6.612028286941832,53.16117018229931],[6.612166850568565,53.16120561158538],[6.612214196537369,53.16113503208605],[6.612261593186995,53.161066249372375],[6.612280263012838,53.16103909869774],[6.612164325062843,53.16101062763867],[6.612184540550665,53.16098525850891],[6.612232419998214,53.160933545456885],[6.612255599575334,53.16090724736021],[6.612267252896276,53.16089634431706],[6.612312066315839,53.16084196657651],[6.612343833241651,53.16080210075906],[6.61235394088765,53.160789416178915],[6.612439779247828,53.16081100540836],[6.612487251452936,53.16074491780876],[6.612472201915995,53.160741476986935],[6.612508147907987,53.16069078445534],[6.612542573612032,53.16063920878935],[6.612568813486931,53.16056255423499],[6.6126858987529,53.16042026725547],[6.612713358692409,53.16038673600064],[6.612762451924868,53.160325125018076],[6.612834596745381,53.16023272378828],[6.61285924492184,53.16020551188507],[6.612911200121722,53.160139378257824],[6.613017768949667,53.159995401125045],[6.612653469348426,53.159908360985916],[6.612814378016108,53.15972967929945],[6.612889740099826,53.1596453330831],[6.612960719380832,53.159564626284364],[6.613101335013352,53.15940861826139],[6.613188902286667,53.15928011252471],[6.613365032688195,53.15932234549013],[6.613426711440299,53.159230050911404],[6.613597129661847,53.15896499913965],[6.613554946659384,53.158953748088415],[6.613396830551944,53.15891402712153],[6.613280923013446,53.15888645551105],[6.613127367858952,53.158849383529514],[6.612656113835617,53.15873378134795],[6.612513124435366,53.15870019522105],[6.612379154372263,53.15866831406499],[6.612441063080556,53.15858410560132],[6.612620707270144,53.15832794751738],[6.610984033174137,53.15792229650242],[6.611416660495633,53.15725376659805],[6.61054130875447,53.157069490931235],[6.610389409279782,53.15703779056719],[6.610497346728667,53.15688930825485],[6.61052032219498,53.15685582322741],[6.610536154288703,53.15683409372475],[6.610618379954193,53.1567281108811],[6.610720768775505,53.156594962254744],[6.610811682153606,53.156479005284105],[6.610896819590633,53.156370296512605],[6.610941477781948,53.15631052878747],[6.610896054934963,53.156290323255185],[6.611117602474828,53.15608855792113],[6.611187592491783,53.156025835439365],[6.611228400864332,53.15598857350245],[6.611324608075612,53.15590131928389],[6.61144270081227,53.1557949695121],[6.611427576892613,53.1557888333348],[6.611434897589614,53.155783366581076],[6.611468511819949,53.15575606333712],[6.611624803266198,53.15562595794857],[6.612255836390693,53.15510187961073],[6.612306978034387,53.15506001834924],[6.612651922295443,53.15478150089655],[6.612694324504296,53.154747816790426],[6.612784979911636,53.15467589538208],[6.613051093200463,53.154464683905275],[6.613309858262609,53.15425804029675],[6.613435592502837,53.15415790092172],[6.613521863535645,53.154089618438135],[6.613662109819264,53.153974053034304],[6.61374827835963,53.153902176768305],[6.613755216805026,53.15388323380532],[6.613757824259347,53.153869727150926],[6.613757239076476,53.15384906384948],[6.613755235676288,53.15383111105532],[6.613751890387896,53.15381856398169],[6.613749785221328,53.15379701756955],[6.613758167308441,53.153776262502866],[6.613775592977202,53.153758110882805],[6.613839826228931,53.15370353364615],[6.613982906811686,53.15358254684191],[6.614057372252614,53.153519776768114],[6.614070390436633,53.153504366211244],[6.614074568652034,53.153493539463916],[6.614074186916715,53.153480063397474],[6.614060354381777,53.15346672501287],[6.614043532789624,53.153453417222075],[6.613996489743289,53.153428736116844],[6.613714385238614,53.1532860395178],[6.613664302627753,53.1532595920577],[6.61349125575587,53.15316700284324],[6.61326962201788,53.1530479504572],[6.613242262905572,53.15303205435228],[6.613213383864358,53.15301527512348],[6.613116005543539,53.15295516194417],[6.613295552366076,53.15274932843021],[6.613457595871038,53.15255895100664],[6.613548671586607,53.15244928069243],[6.61368882972953,53.152277998817226],[6.613784235087458,53.15216289200868],[6.613858062306968,53.152077661913964],[6.613968029907284,53.15194892592727],[6.614077996856363,53.1518201898364],[6.614248873035605,53.15162522749464],[6.614434234122614,53.151413940590274],[6.614444338987339,53.15140125580423],[6.61455582305544,53.15127340236338],[6.614615160959822,53.15120449611419],[6.614701874866125,53.15109936283227],[6.614753510905514,53.151022447395626],[6.614807906493812,53.15093741567679],[6.614827886613816,53.15090396039356],[6.614806429682619,53.15088530818839],[6.614888226285011,53.15076494779987],[6.615015076618795,53.15059919251516],[6.61506688978369,53.15052856576987],[6.615174514968664,53.150370196578955],[6.615172918664918,53.15036661827031],[6.615169318548609,53.15034508717245],[6.615236907572612,53.150250933391504],[6.615266991395661,53.150204793172676],[6.61529986021703,53.15015143507929],[6.615315763902586,53.15013240012863],[6.61533625271595,53.15011691285561],[6.61536135213033,53.15010587166301],[6.615394101930628,53.150101042729716],[6.615464441411652,53.15010391656153],[6.615638634542888,53.15013178725053],[6.61578726989034,53.150154527683675],[6.615797781782782,53.150156217259244],[6.615808268193587,53.15015700842902],[6.615818729122103,53.15015690119292],[6.615829215533442,53.15015769236085],[6.615839650978958,53.150156686718],[6.615850086423985,53.1501556810743],[6.615860521868516,53.15015467542965],[6.615870931828813,53.15015277137921],[6.61587984737007,53.150150882648155],[6.615890231844453,53.15014808019116],[6.61589912189957,53.15014529305376],[6.615907986469035,53.15014160751081],[6.61591685103699,53.150137921967215],[6.615924221185906,53.150134251743786],[6.615931565848591,53.15012968311505],[6.615938910509726,53.1501251144858],[6.61594473526702,53.15011966277232],[6.615950560022853,53.150114211058536],[6.615960715113686,53.15010332295144],[6.616067121934443,53.14995485072604],[6.616130250666258,53.1498616408099],[6.616303681212262,53.1495992491256],[6.616340904027274,53.14954135274042],[6.616371062666668,53.149497907453956],[6.616388526770602,53.149428531028526],[6.616430811078877,53.14907492142192],[6.616444266375201,53.14896963943061],[6.616467458520107,53.14878607356992],[6.616483163013554,53.14865470716049],[6.616505303783728,53.1485394507258],[6.616535926160107,53.14840703261467],[6.616566277842881,53.14831775327101],[6.616698378067433,53.148126779453975],[6.616895759501731,53.14812924772194],[6.617094660811329,53.14813259873476],[6.617762339385953,53.14816798241094],[6.61839541916366,53.1481956298095],[6.618488145442036,53.148197373199174],[6.618644643502103,53.148181386599475],[6.618767307821718,53.1481846194882],[6.618934904812363,53.148190985133546],[6.619309105341206,53.148208706720816],[6.619804629715344,53.14823506475935],[6.619801845525163,53.1482422827323],[6.620079553254935,53.14828346096451],[6.620301024196999,53.14829196649095],[6.620336735194734,53.1482862070557],[6.620355957165102,53.14827881993717],[6.620367681797124,53.14827061129171],[6.620409048599138,53.14820098825558],[6.620477605697248,53.14808884803849],[6.620449366606585,53.14809453063069],[6.620536812714091,53.147963323984605],[6.620768227511225,53.1475861979215],[6.620860753449374,53.147423485348554],[6.620995488001319,53.1472207967861],[6.621066595655041,53.14709335256469],[6.62110687535464,53.14703811912283],[6.621248311294885,53.146808401200474],[6.621286661113454,53.14673791020676],[6.621312381153901,53.14669630662985],[6.621475435718105,53.14643850706668],[6.621502470504178,53.14639059922539],[6.62168691290265,53.14609663232502],[6.621695699346514,53.14609025113988],[6.621731024311046,53.14607101522418],[6.62183685461503,53.14595579413512],[6.621954033018771,53.14576676522351],[6.62208698140167,53.1455542083038],[6.622252785091545,53.145288291180734],[6.622308473779674,53.14519695173814],[6.622301779629929,53.14517185801001],[6.622281944658774,53.145157683733046],[6.622241292753359,53.1451473186598],[6.622190309225806,53.145141553385265],[6.621592212088096,53.145081213924726],[6.620682419596106,53.14499262666426],[6.62038424785483,53.14496693787594],[6.620276100202348,53.14494827997881],[6.620107774115622,53.14491586241312],[6.620049140994949,53.14490388425104],[6.619937647275797,53.144872679116745],[6.61961675485176,53.14473129393714],[6.619506296124858,53.14468390173331],[6.619000786725495,53.14446263436009],[6.618975001819749,53.14444941936849],[6.618877915852266,53.144399193134646],[6.618788326733033,53.14434978844693],[6.618689695914339,53.14429778060211],[6.618702786317143,53.14428506472758],[6.618718252221208,53.14425075640203],[6.618684843237664,53.144232227686636],[6.618692506089453,53.14418631686089],[6.618704574940307,53.14413766475186],[6.618745353138525,53.144047378867064],[6.618761355592455,53.14392679285776],[6.618803602136696,53.14383559318654],[6.618954439257255,53.143515914284556],[6.618972011910228,53.14350315230452],[6.619053566199006,53.14342772452484],[6.619187900634194,53.143158540343876],[6.619201948227076,53.1431269425248],[6.61920293145188,53.1431089590437],[6.619196571546808,53.14309554439732],[6.61918578022135,53.14308397264499],[6.619155258101472,53.14306181970608],[6.619139154307072,53.14307366794782],[6.618614892982266,53.14282293569001],[6.618081519639815,53.14256690274427],[6.617475413093535,53.14227566742913],[6.617435953056876,53.14225450448506],[6.617201121375463,53.142142784122605],[6.616261704802149,53.141692304367126],[6.616055700693303,53.141595563483015],[6.616147349222683,53.141454431321826],[6.616148766892118,53.141451720777084]]],[[[6.595854230050027,53.180180092936574],[6.595741196663085,53.18031063845344],[6.5959373138579,53.18036977022365],[6.595690861152196,53.1806508371268],[6.595496037820094,53.18058450267968],[6.595447690369847,53.18062093601519],[6.595125330162975,53.180862327079794],[6.594835039946541,53.18107373867937],[6.594525530943736,53.18129343092884],[6.594533108716121,53.18129694924985],[6.594220580507969,53.18151577241842],[6.594092058986638,53.18146674138496],[6.593889661898406,53.181611664222736],[6.593713631747494,53.18173655103427],[6.593836497222774,53.18179732188442],[6.59351087778981,53.1820297546504],[6.593269615107045,53.18196118778988],[6.593120155980394,53.181912366301674],[6.592844416323436,53.182217086530855],[6.592747662784513,53.182502932402684],[6.592536088760676,53.18269467507148],[6.592401850826477,53.18281644381786],[6.592270528203312,53.182935487147745],[6.592059455561053,53.183199116129956],[6.591837806227978,53.183405337155705],[6.592082716291932,53.18349723523765],[6.592087253063019,53.18349898696043],[6.591751152213822,53.18383935832193],[6.591453620264609,53.18373810283437],[6.591351779097801,53.18384157192455],[6.591257215436429,53.18393777862929],[6.591145878994332,53.184076390324705],[6.59102868439058,53.18421955397662],[6.590201462707159,53.18508337235591],[6.590030743868358,53.18523875434094],[6.589881934112289,53.18537504465085],[6.589833751389618,53.185417764508244],[6.589736064786059,53.1855095079739],[6.58966452556991,53.185573130963895],[6.589652934843951,53.185586726964324],[6.589571150472849,53.185658540489975],[6.589451651945825,53.18577296869675],[6.589308746316873,53.18590650310036],[6.588890929112839,53.185783980641496],[6.588841125872462,53.18587614217525],[6.588755052192958,53.18595518731794],[6.588591553641882,53.18610150828934],[6.588422795392429,53.186327861706374],[6.589102961749329,53.1865232435302],[6.589001807150981,53.186651865811115],[6.588893472898319,53.18679134375929],[6.588782371094522,53.18693893719146],[6.588364395730642,53.18681102255457],[6.588349787933034,53.186823749985614],[6.588249178439445,53.186918217383194],[6.588088740775966,53.1870672028854],[6.588057081621638,53.187058533389106],[6.58795470121657,53.18719705217295],[6.587855261727224,53.18733374411281],[6.587736975536305,53.18749219225735],[6.587416240446887,53.18784947111955],[6.587390114739127,53.18787848941314],[6.586987963594661,53.18778186440514],[6.586446787940639,53.18763540524969],[6.586401218958419,53.18761069869422],[6.586390549682997,53.18760361617244],[6.586380453112208,53.187617196895985],[6.586315688759865,53.18760166875605],[6.586297366591173,53.187588372188095],[6.586557433844734,53.18720114894304],[6.586312263604634,53.187154174780176],[6.586307751579381,53.187153321243656],[6.586223493945151,53.187136190661015],[6.586212974193649,53.18713449853511],[6.586096833786312,53.18710061225099],[6.585893944935261,53.18701367389736],[6.585744153037656,53.186953164094014],[6.585481139036749,53.18685604211509],[6.585206857148564,53.186784194356875],[6.585068208412828,53.186747835979304],[6.584936914033529,53.18670691073704],[6.584791810537035,53.186653542138764],[6.584738914266711,53.18663430003546],[6.584676720665268,53.186603468281795],[6.58464608581494,53.186577713293566],[6.584546773613878,53.186557137256756],[6.584323895352616,53.18650454458639],[6.583498321836955,53.18629800528967],[6.582951392381395,53.18615877711159],[6.582633670072339,53.18608466069386],[6.582525708555504,53.186075851674815],[6.582423729774558,53.18606698293196],[6.581953649065839,53.18600157231599],[6.581073665589746,53.1858827276189],[6.581037620844424,53.18587769454515],[6.581051834219637,53.18568793774407],[6.581083755782632,53.18543509907881],[6.581110834700024,53.18522364653613],[6.581156117161658,53.18496708018642],[6.580995167038435,53.184935432432766],[6.579775273836151,53.18469594777793],[6.579721109388705,53.18468480395151],[6.579742528623643,53.18464774626649],[6.579761006094925,53.18461251513327],[6.579798505693411,53.184561817760034],[6.579831394533647,53.1845066729738],[6.579888891626791,53.18442162795274],[6.579921904064525,53.18437097516328],[6.579930357719435,53.18435201941274],[6.579954495433435,53.184305049484315],[6.57998586350578,53.18424902112323],[6.580022768155365,53.18417676196227],[6.580065630341843,53.18410354487578],[6.580102757639842,53.18403937133025],[6.580144074419172,53.183964372281274],[6.580176863296274,53.18390563377314],[6.580217055764141,53.18384412564654],[6.580274328294144,53.18375099478414],[6.58038213785743,53.18359175952001],[6.580464215296913,53.18347591546215],[6.580586681953332,53.18330575032534],[6.580621188309045,53.18325508244644],[6.580629814885412,53.18324241547506],[6.580635549415154,53.18323337189058],[6.580584749381675,53.18323567474845],[6.58056530689155,53.18323586823178],[6.580508499771127,53.183237332185264],[6.580406874902083,53.18324103936708],[6.580302308403069,53.18324657303263],[6.580199163147916,53.183249396513595],[6.580103495763304,53.18325214551884],[6.579989856676748,53.18325417455662],[6.579871706085403,53.18325534970557],[6.579756348566518,53.18324930775142],[6.579636380564266,53.18323881827574],[6.579534433799777,53.18323084545226],[6.5794249101813,53.18321935326658],[6.579285475104809,53.18320815832954],[6.579186544373399,53.18320105388055],[6.579179041748171,53.1832002298052],[6.579113063201021,53.18319459505111],[6.579054612036313,53.18319068274958],[6.578720514202506,53.18300977935789],[6.578583055218305,53.182852982479254],[6.578391645197906,53.18263830904296],[6.577939233015942,53.18256102494887],[6.577283959376761,53.18245070518223],[6.577103603976102,53.18242014349887],[6.577235658670033,53.182326272009135],[6.57754746339948,53.18207784549776],[6.577645489520397,53.18199779108321],[6.577936599378684,53.18175855545937],[6.578094555995082,53.18162758106084],[6.578294991455311,53.18146383305679],[6.578385636159539,53.18138744592682],[6.578821675777513,53.18103353815613],[6.578957664713547,53.18091985523601],[6.579269251478522,53.18066423694541],[6.57956178939391,53.18042318564699],[6.579756231848494,53.18025949465092],[6.580075137900959,53.17999840943931],[6.58025207681442,53.17985106745537],[6.580650021699141,53.17952718719544],[6.580967545450551,53.17927060649405],[6.581552729094596,53.1787938852175],[6.581878941812685,53.17852733023744],[6.582260735473275,53.17821528773166],[6.582412932633663,53.17809335124574],[6.582609022969077,53.17793592949871],[6.582901548725737,53.17769576835526],[6.583163437958215,53.17748377029023],[6.583426720673879,53.177268163104586],[6.583681127948659,53.17705623848605],[6.584086324401104,53.176725983232785],[6.584295487844218,53.1765549482679],[6.584662790534511,53.17626101542495],[6.585164524825427,53.175852507926386],[6.585633800716614,53.17546049841519],[6.586009708467559,53.17515389404107],[6.586081285747248,53.175092069862565],[6.58638700662291,53.174843679895886],[6.587002973470441,53.17434864951911],[6.587359822142163,53.17405660986435],[6.587700641894739,53.17378000671624],[6.587918548938388,53.17360168827954],[6.588230105066097,53.173348741631834],[6.588652775875649,53.17300391653119],[6.588747745605858,53.17292298448917],[6.58899639492128,53.17272099084884],[6.589075365127946,53.1726563947052],[6.589120720251794,53.172673913160665],[6.589216140765892,53.17271699069984],[6.589285893399274,53.17275133895484],[6.589355646143228,53.17278568716859],[6.589416452675198,53.17282102370234],[6.589486505077415,53.17286615270455],[6.589688837657748,53.17298903676391],[6.589748149527896,53.1730243881215],[6.589786228888212,53.17304916854753],[6.589832034006039,53.173082858025865],[6.589888630259613,53.17312812176613],[6.590003368277315,53.17322043097416],[6.590203637366525,53.1733765851337],[6.590365877706987,53.17350975553305],[6.590531059576184,53.1736410988813],[6.590607520052392,53.17370144006741],[6.590749600212829,53.17380875128049],[6.590844578863937,53.173889575508994],[6.590895146265443,53.173933101988474],[6.59093654238286,53.17396953127767],[6.590960991090419,53.173988157589235],[6.590974848123542,53.17400239695715],[6.590976693170648,53.17401495961157],[6.590971086936873,53.17402849573123],[6.590963910490422,53.174039351648325],[6.590688401638349,53.17429733553806],[6.590915089547721,53.17438133089167],[6.591042091131126,53.17443038052673],[6.591155460655281,53.174473276324186],[6.591305141760506,53.174531084504736],[6.591418536802723,53.17457487845505],[6.591497165831891,53.17460554166507],[6.591584766617327,53.174636114704555],[6.592858176359447,53.1751400437409],[6.592924432060456,53.17504861328389],[6.593012172089766,53.1749767371502],[6.593198193333637,53.17483557462067],[6.593274070389501,53.17476741222739],[6.593345149573687,53.1747954542113],[6.593429572361729,53.17471192860258],[6.593489476548373,53.17466100121562],[6.593568869214598,53.174611675028984],[6.593695859940459,53.17455288328554],[6.594020406671095,53.17471317247855],[6.594121817648658,53.174756185857625],[6.594525918168305,53.174926456753965],[6.594798352626612,53.17504143713734],[6.595004118301085,53.17512563554315],[6.595278025496266,53.17523970135625],[6.595730561585633,53.175430149294336],[6.596145166933019,53.175601207561996],[6.596416014215674,53.17571260568566],[6.596925959761937,53.17592313925798],[6.597326991045507,53.17608983715012],[6.597723464048678,53.17625388376578],[6.598094217775646,53.17640740494915],[6.598396929699141,53.17653465265025],[6.598560337043808,53.17660129976231],[6.599068858412754,53.17681363601143],[6.599324854224135,53.176501012071],[6.599484408990979,53.176323262404246],[6.599681370686258,53.176146032904825],[6.599772096823236,53.176181061689256],[6.599892628919124,53.17621219433094],[6.599973648355435,53.17611432000235],[6.600036899833928,53.17602291593381],[6.60011163521727,53.175914321188024],[6.600175012002831,53.17582740905121],[6.600231239315468,53.175752251740555],[6.600355252888327,53.17558744157512],[6.600408765982036,53.175522196855155],[6.60046227891505,53.17545695211043],[6.600479693641844,53.17543790410561],[6.600700223677752,53.17551475416667],[6.601082364464545,53.17564748183039],[6.601094427689245,53.17565095432967],[6.60151260953623,53.1757887076901],[6.601448353357377,53.175844176478385],[6.60137388184514,53.17590873523965],[6.601290387813567,53.175971587997026],[6.601290413014379,53.17597248639839],[6.601221292333944,53.17601452446526],[6.601152196717284,53.17605746089355],[6.601149281673187,53.176060186376105],[6.600961796187375,53.175988394568336],[6.600935434743245,53.17600843186059],[6.600919641273904,53.176031956799285],[6.600880754031558,53.1760853711597],[6.600843362015603,53.17613877037152],[6.600805969907846,53.17619216957105],[6.60079877038748,53.176202127661305],[6.600761403360564,53.17625642524761],[6.600725506378939,53.17630980928623],[6.600686694215488,53.17636591878467],[6.600649377283703,53.17642201313687],[6.600630844719158,53.1764545523155],[6.600850775604336,53.176509840424956],[6.600837771044569,53.176526147867925],[6.600855866221354,53.17653135665082],[6.600834091175057,53.17655494211703],[6.600813786250846,53.17657761404283],[6.600806536286435,53.176585775329855],[6.600791985967557,53.17660030109986],[6.600771681000156,53.176622973018326],[6.600762960871664,53.17663204783846],[6.600747015943367,53.17665018234262],[6.600726660549888,53.17667105745055],[6.600702558780078,53.17666501078193],[6.600698123137685,53.17666685298547],[6.600655262033847,53.17668525987905],[6.60060208462521,53.17670916309276],[6.600528283982559,53.176691038128894],[6.60051677458885,53.176707330405144],[6.600505265186516,53.176723622680235],[6.600489471225196,53.17674714755833],[6.600471401186028,53.17674283712202],[6.600432537941629,53.17679714972973],[6.60043256312526,53.176798048131104],[6.600353542451666,53.17691387564703],[6.600250183098098,53.177068591545535],[6.600056799311989,53.17721343410598],[6.600117943595471,53.177420405148936],[6.600204747676447,53.177849084579556],[6.599859586035467,53.178022421745865],[6.599647547277646,53.178142289863715],[6.599553100528691,53.17818817760764],[6.599432390733486,53.178257695835335],[6.599381159049883,53.17829775460724],[6.599199201760149,53.17842360838742],[6.599332145001822,53.178523812640265],[6.599394513467392,53.178560925686725],[6.599425075857159,53.178583981762145],[6.599448287063328,53.17861160542638],[6.599467062402462,53.178641071243376],[6.599468043837581,53.1786761088864],[6.599453744018732,53.17869961849853],[6.599441629743724,53.178694349037535],[6.599413619560461,53.17870901069623],[6.599379501894636,53.17871924081239],[6.599373218290702,53.178708520468305],[6.599295859482888,53.178723680959415],[6.599282325292098,53.178721121802056],[6.599273579270385,53.178729298108784],[6.599244616178295,53.17881676045104],[6.599151349987924,53.178904872726015],[6.599095569581292,53.17899620069135],[6.599133156382613,53.179003010048305],[6.598883958715452,53.17945216011177],[6.598778852664251,53.179544884979656],[6.598617834602278,53.17951056559375],[6.598056516537184,53.1793904233804],[6.597809467046092,53.17980989375422],[6.597780940241732,53.179859607775064],[6.597358130653119,53.17977131410808],[6.59707652261114,53.179704060721384],[6.596668284554166,53.17992295754984],[6.596556993278155,53.179901613652],[6.596228426396105,53.18008106324784],[6.596231467514271,53.180082829894545],[6.596110180204382,53.18018560070248],[6.596066295015668,53.180221090657426],[6.595874689802615,53.18016281227413],[6.595870178321664,53.18016195909379],[6.595854230050027,53.180180092936574]]]]}},{"type":"Feature","properties":{"gezicht_uri":"https://linkeddata.cultureelerfgoed.nl/cho-kennis/id/gezicht/10134630","gezichtsnummer":"203","naam":"Bellingwolde"},"geometry":{"type":"MultiPolygon","coordinates":[[[[7.172869184950468,53.12646285833744],[7.173394326381668,53.126805551929664],[7.173453218874738,53.126856802797285],[7.17328291987732,53.12693034526213],[7.173249129058354,53.126944330694315],[7.172912749984588,53.127085060458064],[7.172674755795761,53.127183878036575],[7.172856282735163,53.12734654705691],[7.172943239393503,53.127426140661534],[7.173031689697705,53.127505711938376],[7.173172791148684,53.12744878312321],[7.173394766310002,53.12736008994719],[7.173593217701319,53.1272807348917],[7.173803862136257,53.12746094382404],[7.175179637851201,53.12871847721119],[7.174945860711262,53.12881094484382],[7.174601783654854,53.12894640139664],[7.174306245183374,53.12906315736498],[7.174147404617776,53.12912484592293],[7.173970902224688,53.12919308911146],[7.17422838440621,53.129457982373296],[7.174229914835305,53.12945885831952],[7.174343586008191,53.12949760754853],[7.17434362304768,53.12949850577116],[7.174879728843625,53.130033367367425],[7.174445877049301,53.13020251879878],[7.173716620220015,53.13049201606614],[7.173619868225,53.13053749877199],[7.173503627373939,53.13058147443524],[7.172960582764886,53.130784604278624],[7.172179516398519,53.1310865482419],[7.17185928926043,53.13078573569733],[7.171599751244403,53.13054333750086],[7.171341746541682,53.1303018146941],[7.171341709563498,53.130300916470496],[7.170459367619245,53.13064749857574],[7.169875525911459,53.13087638719286],[7.169825851392765,53.13083128887488],[7.16955105760582,53.130581024395994],[7.168545230529353,53.12970529945795],[7.16872443505316,53.129629834011695],[7.169085607433058,53.12947346854464],[7.169639160438708,53.129235147657795],[7.170065406853243,53.12906253176396],[7.170252146860032,53.128988749366755],[7.170350429316951,53.128944145353884],[7.170500277479956,53.128881696960704],[7.171043583370914,53.12864891456352],[7.171224309493014,53.128574321379055],[7.171100699619304,53.1284754993217],[7.170998256089662,53.12838265339806],[7.171055609732305,53.12836022879402],[7.170754550674479,53.12808878748005],[7.170625834898354,53.127974761789076],[7.170759474355664,53.12791794696045],[7.170308430440736,53.127523807746165],[7.170358427541543,53.127504189284174],[7.17035689725956,53.12750331328733],[7.170269095256543,53.12740305861591],[7.170217339805021,53.127343611023996],[7.170162450054772,53.12728061495935],[7.17015454005307,53.12726994738724],[7.170067751982872,53.1271579934066],[7.17005196902329,53.12713755647316],[7.169971561138558,53.12703539399507],[7.169971524192357,53.127034495769976],[7.170470749956175,53.12682034710908],[7.170470712999872,53.126819448884106],[7.170391043821609,53.1267352511788],[7.170326936136751,53.12666610096919],[7.170176928473032,53.1265065541963],[7.170008226596103,53.126328411174946],[7.169827803216003,53.12641018834904],[7.169523974043645,53.12654323397907],[7.169423322169028,53.12638474950756],[7.169338674909618,53.12625209133204],[7.169252424101174,53.12611676062605],[7.169214000310824,53.126054417960326],[7.1691772914795,53.12599744242178],[7.169169345028907,53.125985876552576],[7.169944900784286,53.12566066483894],[7.169892652083083,53.12562549137471],[7.169772979389025,53.12551312775716],[7.169639350894245,53.125388388823026],[7.169356101510209,53.125513038946174],[7.169348265897198,53.125504167764234],[7.16922256416769,53.1253541447455],[7.169082833260174,53.125189949875185],[7.168848856830778,53.124913910902976],[7.168760788698422,53.12484331867956],[7.168650715595579,53.124891691969054],[7.167823104098285,53.12525901285388],[7.167109961387826,53.12557609325198],[7.167092945334987,53.125561965683914],[7.167091415187513,53.12556108964424],[7.167083653796827,53.125554014765726],[7.166670755382915,53.12521412065921],[7.168023286164953,53.12460352642258],[7.167764822733818,53.124422220805954],[7.167555416261337,53.12423479290539],[7.167347597813017,53.12408598838035],[7.167206994187193,53.12397303452932],[7.167795697280805,53.123718919624416],[7.167624196772434,53.123581259801014],[7.167772352784779,53.12351434583566],[7.167747539312664,53.12349224528173],[7.167698042642468,53.12348758834061],[7.167639621701876,53.12341116198985],[7.167620542297717,53.12341953454765],[7.167502854389503,53.12331882329207],[7.167369645003207,53.123203962182124],[7.167258078519761,53.12310675482262],[7.167256548456224,53.12310587878406],[7.167164080850989,53.12303714834047],[7.166895697603948,53.12315977437226],[7.166486842361231,53.12284498527436],[7.166923988535105,53.12264795084602],[7.166082034469859,53.12200974375459],[7.166411871220838,53.121855648309904],[7.166410341218721,53.12185477225992],[7.166316163317604,53.12178067392747],[7.16601672801256,53.1215469454048],[7.165771503667752,53.12165124961429],[7.16574691340462,53.12163453799391],[7.165514671006797,53.1214726113739],[7.165423960701864,53.121410144957714],[7.165282430345442,53.12131068428802],[7.165277840465295,53.12130805609374],[7.165638293139879,53.12113553274011],[7.166134800328213,53.12089268080522],[7.166168625633736,53.12087959559163],[7.165910047665294,53.1204762901516],[7.165879227690769,53.12045337963551],[7.165874822136616,53.12045524260613],[7.165864554793417,53.1204598889465],[7.165633332349141,53.120286263327856],[7.165649424606231,53.12027793541918],[7.165569499812226,53.12022339796029],[7.164964092416445,53.1205065113014],[7.164570428120608,53.12019688300913],[7.164561175030718,53.12018983010416],[7.164942008682815,53.12000442343645],[7.164829147022787,53.119911726963615],[7.164278778685954,53.11949657011899],[7.164316824893679,53.119477131364924],[7.164860287849191,53.11921381472813],[7.164563014107897,53.11903217958132],[7.16430092947792,53.11887069348427],[7.16515027528732,53.118452741155274],[7.164988977749303,53.11834458580876],[7.164980166989658,53.118348311685324],[7.164641003949104,53.11812865108762],[7.164403143965332,53.11797489472581],[7.164134615775603,53.11780181980116],[7.164093200418344,53.117775470916776],[7.163933585086199,53.117671783106246],[7.163766395148349,53.11756551110799],[7.163764865351679,53.117564635022156],[7.164307571495897,53.11728335621834],[7.164500667964081,53.117183423259405],[7.164359983853056,53.11706777100373],[7.16433073374465,53.117046634359404],[7.164188668011217,53.116933698735814],[7.164078986016766,53.11684544827795],[7.164209135487689,53.116777007969986],[7.164184364534046,53.11675580483724],[7.16451096151139,53.116596369432905],[7.164370610663624,53.11648880123292],[7.164234849805451,53.1163838611029],[7.164176203411342,53.116337994810415],[7.164106885646346,53.116286894145006],[7.164048092272579,53.11623743486519],[7.164027710598383,53.11617751919044],[7.163783634172066,53.11601756242444],[7.163699204018656,53.11596219180345],[7.163571720723808,53.1158769012507],[7.163931656850637,53.11569270590336],[7.163848683263043,53.11563641500321],[7.163718104389004,53.115548474192515],[7.163575177897124,53.11545082982913],[7.163346257141482,53.11529604007855],[7.162831236007661,53.1155598277147],[7.162422923737704,53.115255802338346],[7.162421394049998,53.11525492623426],[7.162572074332504,53.115177195580955],[7.16265544134938,53.115133717310336],[7.162495177223534,53.11501385927484],[7.162271682612017,53.114845505436755],[7.161450238989793,53.11422853322085],[7.161817267323431,53.11403525125434],[7.161934233569317,53.11397330007904],[7.161969327054471,53.11395480452741],[7.161757121157413,53.11377010449137],[7.160830110003223,53.11294527721467],[7.160687221916909,53.11281167784267],[7.160532979886367,53.11269262684589],[7.160304659161891,53.112515353111704],[7.159931352267665,53.11222608040049],[7.15990648862911,53.112239031294294],[7.159713682277012,53.11208999165198],[7.159431358021226,53.11187037423106],[7.159456221592812,53.11185742343467],[7.159557168524478,53.11180559810652],[7.159372245376658,53.1117031776644],[7.159222464752102,53.11162001007724],[7.159107862953672,53.11155699371392],[7.15896114230837,53.11147557808843],[7.158701351077749,53.111332021669156],[7.158401832225194,53.111166582818],[7.158460295660217,53.11113515977331],[7.158444927663557,53.111124601736066],[7.158396695757429,53.11104083002634],[7.158375136606748,53.11102497088041],[7.15836439372557,53.11101793954016],[7.158004962155594,53.11077519215647],[7.157894145746123,53.11069504192743],[7.157962141222402,53.1106410087663],[7.15754353372996,53.11033891691231],[7.157555255664007,53.11033335097603],[7.157193315012373,53.11006547255037],[7.157427312546062,53.10994337546705],[7.156911118416325,53.109555542502086],[7.156770845955586,53.10944886321841],[7.156624456739958,53.10933867903957],[7.156624420089579,53.10933778080411],[7.156234614090652,53.10952149722558],[7.155545190564236,53.10906071996207],[7.155537543915593,53.10905633898613],[7.155536014586052,53.109055462790884],[7.155307339475904,53.10890514828151],[7.155136962858675,53.10879262013617],[7.154794958377773,53.10897652499432],[7.154125300875918,53.108560386821175],[7.154505053062467,53.10834986227805],[7.154265680334811,53.108193412252916],[7.154230360663766,53.108169666425866],[7.154102955550716,53.10808526364811],[7.153946312022626,53.107979721442966],[7.153686770419113,53.10780469351711],[7.153843045482016,53.10771790326638],[7.153726237388785,53.107636938879004],[7.153629492759064,53.10757185642624],[7.153500415009467,53.10748298381024],[7.153417470704624,53.10742668541572],[7.153131718408359,53.10723137101107],[7.153603707111345,53.10697544894047],[7.153602177894434,53.10697457271946],[7.153363979455158,53.106810014626234],[7.153012000782133,53.10656534513093],[7.152935651045903,53.106524228381],[7.152847885934212,53.106569562470895],[7.152554532568419,53.10637076368452],[7.152633488187631,53.10632915478369],[7.152154726018806,53.10656539983465],[7.151886482599108,53.10628623824182],[7.151854339616155,53.10630378864869],[7.151728583408765,53.10622295421144],[7.151770955349378,53.106199860455376],[7.151460507623098,53.10605793386057],[7.151941772139151,53.10577312070137],[7.151800177769821,53.10567005031509],[7.151778587163296,53.10565329169518],[7.151767700501797,53.105642666787716],[7.15176897381389,53.105637255364094],[7.151222085641455,53.10526333235807],[7.151084742677392,53.10533815633688],[7.150739835822692,53.10552389021844],[7.150394765606416,53.105301580877565],[7.150198421464283,53.10517414899242],[7.15004198051843,53.10507309269594],[7.149785822261921,53.10490699446682],[7.149784293194958,53.1049061181959],[7.149662953574483,53.10486026892101],[7.149627898611691,53.10487965915021],[7.149617158672762,53.104872626999466],[7.149247269712594,53.10462731149078],[7.148497944019924,53.1043057875481],[7.147833912812378,53.10384099829564],[7.147813454969107,53.10385208439511],[7.147620182933236,53.103726400759136],[7.147353266203189,53.10355236660707],[7.147198293799758,53.10345038631337],[7.147092467450888,53.103381837066564],[7.146939170995692,53.103284325696805],[7.146771677443777,53.10316814843953],[7.14637422554665,53.10290525372198],[7.146061123599245,53.10269684294978],[7.146020752657608,53.10265878852445],[7.145815223493501,53.10252519307943],[7.146095660936163,53.10237007977906],[7.1459528548718,53.1023101617049],[7.145724394249425,53.10216342125884],[7.145396448975693,53.101957024321905],[7.145351966010472,53.1019280178165],[7.145169630176087,53.10181385384016],[7.145142074217088,53.10179718162666],[7.14507920884772,53.10175676079019],[7.144887664934398,53.10163644013298],[7.145017544771982,53.101561732721514],[7.144869064357939,53.101472237054054],[7.14452318270325,53.10126520227844],[7.144512444488015,53.10125816965471],[7.144686077958501,53.101157654731175],[7.144502218301864,53.101042613352014],[7.144228523418414,53.10088484984456],[7.14410890933046,53.100954911919835],[7.144100136655543,53.10095953451619],[7.14396006463576,53.10104068191297],[7.143866731501131,53.10109597774363],[7.143848422125186,53.10108635980159],[7.143548048670528,53.10089663018262],[7.143388653803094,53.10079560871021],[7.14308977679277,53.100605856019406],[7.143228320278075,53.10052383327149],[7.143406285597605,53.10041966154893],[7.143582794023816,53.10031640969585],[7.143336552186503,53.1001726219393],[7.143359921535317,53.100159696332405],[7.143122088701211,53.10003915300818],[7.143033566120497,53.099991917147676],[7.1428601152035,53.10009692092565],[7.142665854446848,53.09998292806307],[7.142491468356922,53.099880327647114],[7.142427188537739,53.09984172373638],[7.142102661026321,53.09964515441959],[7.141887949594599,53.09950539552172],[7.141651435153946,53.099380336130196],[7.141192268277982,53.09965759463186],[7.141120419048266,53.09961640458105],[7.141103530653806,53.099604967861374],[7.140947130986266,53.09950389933551],[7.140749275848425,53.099374676870255],[7.141357979413312,53.09899187018466],[7.141197104298705,53.09889086754685],[7.141194192214471,53.09889270775694],[7.141077867339932,53.09882250954547],[7.140949349784305,53.09874619836636],[7.140820832680697,53.09866988704562],[7.140565255872626,53.09851634388168],[7.140876081582014,53.09833742936492],[7.140896574941103,53.09832724267968],[7.140911498366265,53.09832702411092],[7.141300001762387,53.098075068615074],[7.141292322169956,53.09806978845583],[7.141416083024429,53.097991579354144],[7.142369609279861,53.097385311950916],[7.142660381309753,53.09755990597809],[7.142650153194531,53.09756544859375],[7.143047789570335,53.09779779422991],[7.143173105153407,53.097868757482324],[7.143292306387678,53.09793621517111],[7.143558153825608,53.09808510806879],[7.143805694935748,53.098224382399366],[7.144463045950895,53.09860121131232],[7.144473237688152,53.09859477030031],[7.14542412375669,53.09913985107606],[7.145609615735055,53.09925846218695],[7.145459287434536,53.09934425596625],[7.145336767624036,53.099416159587335],[7.145259892300396,53.09947211371569],[7.14507643904756,53.099624902840254],[7.145106978361961,53.09964153126736],[7.145052233346184,53.0996908689191],[7.145019146039048,53.099721913068024],[7.144952388909592,53.099769629454485],[7.145074910538433,53.09984512566427],[7.145191171788116,53.09991352344653],[7.145567543590094,53.099694088205865],[7.145687188267002,53.09962492291401],[7.145779096370899,53.09957144406578],[7.145788341987043,53.09957849849848],[7.145894120523526,53.0996461507847],[7.145946209094432,53.09967864048812],[7.146113322644092,53.09978583667018],[7.145764652899232,53.099988688816474],[7.146125200201981,53.10022606304158],[7.146135139009817,53.100287033895505],[7.145971777151542,53.100382906265054],[7.14625519457842,53.10055939733924],[7.146352529454972,53.100566056427084],[7.146615382259167,53.10071408791101],[7.146570355928165,53.10074530790355],[7.146408740758014,53.100847446623575],[7.146410269613294,53.100848322939584],[7.146617139286365,53.100978302564],[7.146824010199325,53.10110828182056],[7.147066010201334,53.10125751754391],[7.147380977655194,53.101070436353034],[7.147490467795546,53.10100860878198],[7.147629851558976,53.10109463987764],[7.147681906716275,53.10112623055722],[7.14783359533047,53.10122106828736],[7.147974472897498,53.101307077026775],[7.148219137360777,53.1014850321573],[7.148928523253611,53.10108183180918],[7.149340083923359,53.100846587758866],[7.150361462411564,53.101543384949366],[7.150362991370771,53.10154426121429],[7.150351270866973,53.10154982645572],[7.149904401204558,53.10179817657042],[7.149575788322204,53.101980072578556],[7.149180015135282,53.102199805745464],[7.149019382453322,53.102289350613106],[7.148889397947098,53.10236136760552],[7.148791554404906,53.102415834866555],[7.148852895210796,53.102455377443285],[7.149188833890118,53.10267423035765],[7.149279335498485,53.10273311673769],[7.149530782432844,53.102893892680505],[7.149749874871992,53.10277292828478],[7.149986474350206,53.10264181920328],[7.150299038332368,53.102469146210915],[7.150337039501508,53.102448813590684],[7.15137772830539,53.103141722901235],[7.151386500637009,53.10313709977639],[7.151998205113049,53.10356309467647],[7.152008908560146,53.103569228377424],[7.151135343290497,53.10404856476407],[7.1512530448361,53.10411513801966],[7.151501595104074,53.104277750141264],[7.151621155789418,53.104353283424075],[7.151674819942061,53.10438754503207],[7.151957482696847,53.104544260928634],[7.152397088699928,53.10430050449206],[7.152659296588955,53.104468305600534],[7.153376188589271,53.10406586746945],[7.153649578236748,53.104251477082606],[7.153944414686807,53.104450251338186],[7.15419738659354,53.104464494414366],[7.154149384602698,53.104532611030955],[7.154116234772134,53.10459871092937],[7.154069403463922,53.10469557112007],[7.153965475261827,53.10489393677331],[7.153944587056264,53.104931094826476],[7.153932178521425,53.104956443664825],[7.15391820423016,53.10498001804623],[7.153898625561405,53.10501266288216],[7.153870384182226,53.10505262573306],[7.153847673959277,53.10508172164801],[7.153823434550876,53.10510994133963],[7.153807821233817,53.10512994477538],[7.153777648083506,53.10515915076949],[7.15373418810572,53.10519214786678],[7.153705251335968,53.105215044160616],[7.153674858548711,53.10523886070217],[7.153632744650198,53.10526824279454],[7.153603624859223,53.10528664787492],[7.153575924452052,53.105303234456954],[7.153521869822395,53.10533279263564],[7.153702018093531,53.10542900087672],[7.153846418381348,53.105527533780204],[7.15408125267126,53.10564630291323],[7.154501600649769,53.105406418074764],[7.154495447331237,53.1054020149968],[7.154835749476872,53.105213641750105],[7.155705679171911,53.10585420924397],[7.155715907547386,53.105848665526466],[7.156396472347524,53.10631316773286],[7.156414896630528,53.106325478428474],[7.156401756303015,53.1063328627799],[7.156615018974818,53.10647171882999],[7.156674843381214,53.10651038111283],[7.157231802567505,53.106873345545466],[7.156754049257585,53.10713386122516],[7.156893544396478,53.107221677683576],[7.157017710471674,53.107299833970345],[7.157147994203578,53.10738149482567],[7.156926060756357,53.10750610965041],[7.157134020162159,53.10766122116856],[7.157180229492389,53.10769559053994],[7.157585187535113,53.107481088290655],[7.157649334661891,53.107479241200444],[7.158234612938484,53.10787683474567],[7.158390067279346,53.10798957925977],[7.158514495063878,53.10807402160067],[7.158657349038607,53.10817077414552],[7.158645664519318,53.10817723842522],[7.159235843153304,53.108584641256336],[7.159293311429884,53.10863861634469],[7.158900659676981,53.10886192998813],[7.158690261739729,53.1089764907926],[7.158699511466406,53.10898354419013],[7.158917713056048,53.10913310851311],[7.159211187638918,53.10933368780619],[7.159332929127191,53.10942535928601],[7.159636731496265,53.10925728594076],[7.159867136398426,53.109412959405795],[7.159891717425192,53.10942967233647],[7.16004983659885,53.10953428630268],[7.160042519906858,53.10953798972347],[7.160331744618466,53.10974402190592],[7.160563977926213,53.109907755988495],[7.160651451154306,53.10996488125023],[7.161315480043965,53.10962070103095],[7.161401497701939,53.10967874609451],[7.161628852195469,53.109832663874364],[7.16191913798041,53.11002789124863],[7.162332301732545,53.11030578181078],[7.162658067110939,53.110528343662004],[7.162860921197759,53.11066734314101],[7.162983835835564,53.11075090459748],[7.163612035044652,53.1111730018115],[7.163676313694398,53.1112106958286],[7.163692991764361,53.11121673988567],[7.163705007530197,53.11121835920833],[7.163691866981058,53.11122574434924],[7.163285559029231,53.11144388207941],[7.163209516444118,53.11148365719337],[7.163644300615386,53.111778299502724],[7.163057867817059,53.11208449182573],[7.163062398460493,53.112122173304016],[7.163252914193808,53.11225146853843],[7.163280741293416,53.11227442409543],[7.163524978630195,53.11243887333137],[7.163768350633797,53.112618614135094],[7.163938875062135,53.11273382440151],[7.164097052883748,53.112839331054566],[7.164019626211849,53.112881823515124],[7.164071891511987,53.11291789799921],[7.164417865552108,53.113159029697734],[7.164514675646502,53.11322500143032],[7.164892777751066,53.11348452934491],[7.164909677825586,53.11349596260963],[7.164895080775042,53.113504268268386],[7.165069812781143,53.11364907416928],[7.165358922120414,53.1138874521947],[7.165481094652956,53.113988997720874],[7.165649601199968,53.11412760378451],[7.165743945415041,53.11420619404754],[7.165846012275726,53.11429096099631],[7.166000643046336,53.11441898730743],[7.16576373377602,53.114542941765194],[7.165537089165752,53.11466224944149],[7.165405455223536,53.114730713365155],[7.165130537586097,53.11487500391253],[7.165346099993298,53.11503178619124],[7.165171980767551,53.115120653665976],[7.165185397361487,53.11515640558817],[7.165342278380233,53.115266423779204],[7.16550229338499,53.11537999034688],[7.165574377695829,53.11535285552787],[7.165603129100129,53.115398266263206],[7.165707779056356,53.11547310842186],[7.165787641784477,53.11541709710209],[7.166016866655782,53.11557906798054],[7.166163079720754,53.11568385089206],[7.166037378543235,53.11575132857128],[7.166068526906201,53.11578232316323],[7.166115858306778,53.11577083486404],[7.166372769957317,53.11595216695932],[7.166529914912532,53.11606847114972],[7.166619048867154,53.11612916259529],[7.166522542401122,53.11618002904598],[7.166051397463462,53.1164207093094],[7.165877384702266,53.11651227247775],[7.165993981474535,53.116586936981285],[7.166081014346435,53.1166692306711],[7.166157117704392,53.1167400025293],[7.166094173502532,53.116771495803825],[7.166000540361934,53.11681962279734],[7.166156286375001,53.11697459565126],[7.166218382135082,53.117068044937774],[7.166014728789022,53.11716544116822],[7.166079792406767,53.11722199659621],[7.166564936335276,53.11757699748095],[7.166815296619825,53.117452841853485],[7.166914828390054,53.11740282903818],[7.167144473680456,53.117574678113606],[7.167384756158813,53.11775086254916],[7.16755578999701,53.11787774432621],[7.167427061801964,53.11794436959015],[7.167367102795085,53.11797581914495],[7.167622908690204,53.118166152830625],[7.166988789281127,53.11847666710669],[7.167301129291156,53.118697618597544],[7.16754987621551,53.1187523420673],[7.167559129479192,53.11875939474387],[7.167563756112163,53.118762921081846],[7.16767628856059,53.11884753094447],[7.16798590694356,53.1190748125821],[7.167615029412298,53.11924749834374],[7.16832321698733,53.119794211267156],[7.168378664900636,53.11983473047838],[7.168497428961252,53.119852737454764],[7.168827760828103,53.12011116611207],[7.169215629926874,53.12042446205533],[7.169310211184413,53.12043563779739],[7.169348371553948,53.12049169297274],[7.168426307781806,53.12092154149061],[7.168537465181199,53.12100886734075],[7.168926353479732,53.121310464947825],[7.168520364006005,53.1215016510181],[7.168419147088016,53.12154719620239],[7.168493105402505,53.12160182052725],[7.168715609010326,53.12178096307799],[7.168659903591347,53.12180695727832],[7.168520565930213,53.12187014621171],[7.168381264769761,53.12193423321081],[7.168730268003562,53.12221036001144],[7.168773113653129,53.122307689360476],[7.168789242964176,53.122300259261635],[7.168991605457782,53.12220737173833],[7.169211017172053,53.1223838630527],[7.169235957640844,53.12237270670914],[7.169482375326716,53.12226118742153],[7.169644548176076,53.12238999568432],[7.16942307067074,53.12249035892009],[7.1694385192453,53.122502711935425],[7.169772085021786,53.12276648258957],[7.169528651569094,53.122877958030614],[7.169621196427054,53.122948483090745],[7.16974381098318,53.123059904317174],[7.169864859113565,53.123169551180254],[7.170212461354931,53.123011585788454],[7.17046722293864,53.12321181562953],[7.170708030800347,53.123399669831045],[7.170661061899684,53.12342014220647],[7.170608194116719,53.12344249993749],[7.170725704750683,53.1235387169772],[7.17072275532764,53.123539659666946],[7.170620079777242,53.12358612714983],[7.170515873858723,53.12363171854858],[7.170414617159768,53.12367636717488],[7.170159271645267,53.12378891993088],[7.170235024783492,53.12385070669829],[7.170287567198812,53.12389306584781],[7.170046930485241,53.12400000674168],[7.170249376059336,53.12416326706793],[7.170370206867684,53.124267524008964],[7.170525716136798,53.124197800846],[7.170676966406568,53.12431508626167],[7.170831314821965,53.124435021688186],[7.170842136984547,53.124443848308545],[7.170891509457369,53.12448176051942],[7.172273969479709,53.12387426673469],[7.172397215773456,53.12381940227974],[7.172516779522704,53.12392906865188],[7.172678066412404,53.1240722665278],[7.172957218104533,53.12428381174781],[7.173053942197242,53.12438303275706],[7.173292151444456,53.124579908386494],[7.173426984987013,53.12469743518264],[7.171928397624087,53.12535161098539],[7.172010350963957,53.12541869693668],[7.172023568331586,53.12541310735306],[7.172045287611908,53.12543255681715],[7.172222029078211,53.125588107878784],[7.171857913793262,53.125744527293065],[7.171983491616605,53.12585500335271],[7.172079625220034,53.125939853500476],[7.172166614597269,53.12602034594687],[7.172085853059634,53.12605480399331],[7.171795214010968,53.12618136754],[7.171925656516241,53.126264807920236],[7.172135165681793,53.12645402438712],[7.172279214498848,53.12639615389081],[7.172377673981182,53.12635603933522],[7.172609617201054,53.126255514912984],[7.17264045813033,53.126242472396335],[7.172786710242044,53.126383197871796],[7.172869184950468,53.12646285833744]]]]}},{"type":"Feature","properties":{"gezicht_uri":"https://linkeddata.cultureelerfgoed.nl/cho-kennis/id/gezicht/10134642","gezichtsnummer":"1655","naam":"Middelstum"},"geometry":{"type":"MultiPolygon","coordinates":[[[[6.643546442434356,53.34976767059801],[6.643536247704534,53.34977856043741],[6.643599932604329,53.34979946173699],[6.643573799977271,53.349830287535504],[6.643757164963631,53.349886781351486],[6.643719467432323,53.349933004409266],[6.643653454195225,53.3499867121968],[6.643600795533144,53.35003488875432],[6.643534939273347,53.3500939864971],[6.643824264396824,53.350179027318426],[6.643983216363265,53.350222296742274],[6.64417277252175,53.35028501550428],[6.644187969560025,53.35029114692965],[6.64430011826764,53.35032591904496],[6.644337992915633,53.3503372050494],[6.644362250537776,53.35034503895478],[6.644524363755526,53.35039366628597],[6.644571430261403,53.35041114638694],[6.64460024448697,53.350420729822744],[6.644671516313044,53.35044424706315],[6.644482727623458,53.35056214182231],[6.644332264994034,53.35065537313328],[6.644147873628518,53.350769626932674],[6.64414492335872,53.35077145499116],[6.644031206658816,53.35083734350472],[6.643811174178898,53.3509654484192],[6.643718134814868,53.35101943861877],[6.643675984578109,53.35106750538302],[6.643662019532115,53.35110359571258],[6.643662753606957,53.35112874913538],[6.643625612489646,53.35114261634595],[6.643580702318481,53.351147578608526],[6.643475527419604,53.35114598155304],[6.643335768480224,53.35114294843844],[6.643315464312282,53.351116202212786],[6.643301165662469,53.351089393254625],[6.643295796636369,53.35105979519197],[6.64329870198415,53.35100494960936],[6.643306478361808,53.35096263369246],[6.643306425942985,53.35096083701911],[6.643313120290524,53.35093291017044],[6.642871621270893,53.3508827057504],[6.642605250761842,53.35086392017184],[6.642349346229561,53.350792006758],[6.642492507000522,53.350602702874745],[6.642605264526801,53.35045235645182],[6.642599180538752,53.350449724134464],[6.642435646484347,53.35040380488616],[6.642529750574972,53.35028330737591],[6.642550568204683,53.35022468037382],[6.64253086739174,53.35021859575831],[6.642352242305701,53.350170138102754],[6.64195258933241,53.35006108390258],[6.642156396383249,53.34978847537579],[6.642247261601985,53.34965992436127],[6.642153970045554,53.34965370909928],[6.64206249402818,53.3496582581475],[6.642031044771641,53.349661282154685],[6.641877988252211,53.34966557502473],[6.641810768964247,53.34967795828753],[6.641811275554788,53.3496438057988],[6.641991933503147,53.34934987236165],[6.641991907322419,53.34934897402408],[6.641941918933544,53.349334219243495],[6.641846812680494,53.349317239354356],[6.641802986684684,53.34930781188555],[6.64172882037562,53.34928791760111],[6.641689419844558,53.34927574809034],[6.641575539109333,53.349232904134574],[6.641554285235613,53.349225038340265],[6.641489100863067,53.34920415160725],[6.641451280291824,53.349194661371484],[6.641369424628689,53.34916855679365],[6.641313248269319,53.34914757601651],[6.641208428403698,53.34910643444112],[6.641156677627158,53.34908271160855],[6.641092733347743,53.34905282562429],[6.640963317594623,53.34899217086695],[6.64089766302253,53.34895511372632],[6.640812177811317,53.34890747995657],[6.6407186893838,53.3488428559505],[6.640660149436118,53.34879224535658],[6.640609116089375,53.348741556491184],[6.640569193361515,53.34871141984583],[6.640405051441192,53.348592716741074],[6.64035283109733,53.34855282346663],[6.640311198278872,53.34851551567152],[6.640268183899466,53.34853393612432],[6.640172542264838,53.34844686886641],[6.640030660234679,53.34831894720389],[6.640018284066876,53.34830649559423],[6.640055397777332,53.348291731149274],[6.639982851260796,53.34822419255278],[6.639740617872826,53.34800206323985],[6.639724469786379,53.348014811991504],[6.63961602696704,53.348055480362454],[6.639546225047414,53.3480822670508],[6.639317636689921,53.347864487843374],[6.639249935423126,53.347808580296764],[6.639141492669736,53.347849248242554],[6.639024236504216,53.347741737063046],[6.63879173660029,53.34759588644788],[6.638676414315228,53.347658192240694],[6.638609954370027,53.34759328531183],[6.638530858230946,53.347403602941405],[6.638513091395736,53.34736065450662],[6.63848574280036,53.347298036337286],[6.638453316246067,53.3472157015615],[6.638436880915917,53.347218568412636],[6.638403488662669,53.34710299506825],[6.638361755127483,53.34695875295222],[6.638182899772139,53.346953424903575],[6.637954451635345,53.346946815217635],[6.637787632315559,53.34694225999912],[6.637658369895582,53.34693821261003],[6.637809686926367,53.34661583487105],[6.638205459842623,53.3466961874701],[6.638327307864754,53.34654844614794],[6.638645056542412,53.34616592574567],[6.638780542910512,53.346022535030585],[6.638913025991905,53.345879175412314],[6.639011412232518,53.34580266784825],[6.639014362382671,53.345800839912876],[6.639045077779493,53.3457726631922],[6.639170889099531,53.34565812829023],[6.639255711489275,53.345579964514606],[6.639261585617323,53.34557541029218],[6.639404913583121,53.34544361911363],[6.639512305011169,53.34536701733539],[6.639590299660583,53.345312288318524],[6.639855476060042,53.34544611507718],[6.639883632572038,53.3454332411881],[6.640138410900456,53.34531286855091],[6.640170992340412,53.34529725264989],[6.640327476221104,53.34520486216123],[6.640448585072213,53.34513530546067],[6.640564477948523,53.345196101718564],[6.640801212835148,53.345075017106254],[6.640854496308595,53.34504840184158],[6.641175644602726,53.34488689742329],[6.641276362903863,53.3448391191983],[6.641466188907545,53.344860503169706],[6.641851060877002,53.34487625738764],[6.641939620038418,53.344926554194295],[6.642018020617201,53.34493741801537],[6.641963532788117,53.34507727149328],[6.64209004945242,53.34509032899538],[6.642163920690802,53.34510034138024],[6.642304183625432,53.34512134269841],[6.642408025912313,53.345129244867955],[6.642578207629504,53.34514633909736],[6.642739434864486,53.345165323810775],[6.642926313072792,53.345188533495104],[6.643039267436102,53.34519993441088],[6.643148242385252,53.34522934903025],[6.643211920353002,53.34525025058931],[6.643252766380276,53.345260607270234],[6.643245515006077,53.34532089003428],[6.643353591965983,53.345370981930294],[6.64348268563439,53.34542085415449],[6.643634480742553,53.34547677932138],[6.643725599938392,53.34551177166973],[6.643839656438669,53.3455609020362],[6.643935541705904,53.345604830540225],[6.643960189865564,53.34562613962064],[6.643989767783282,53.345610554070035],[6.644088996560746,53.34566612946549],[6.64417010647276,53.34571829973663],[6.644244608659173,53.34574987095034],[6.644372413123082,53.34580694460409],[6.644442621874456,53.34584574948228],[6.644558600970977,53.345909236867236],[6.644639711909483,53.345961406814105],[6.644678133713919,53.34599155783521],[6.644762352289348,53.34604728965048],[6.644843857299858,53.3461129345225],[6.644875140719439,53.34615574071156],[6.644919037321231,53.346219083044446],[6.644933151656445,53.346239603493665],[6.645007355739481,53.34636373440977],[6.645033474408436,53.34643535016901],[6.645051877163462,53.346499857738095],[6.645174498893208,53.346790623901086],[6.645092214488786,53.34710959333543],[6.644966714403426,53.34713157418089],[6.644917110078048,53.34723273755139],[6.644892764231093,53.347324650598374],[6.644873032576595,53.347368888951884],[6.64483641420735,53.347451944221376],[6.644804115778164,53.34752866401457],[6.644801296946714,53.34753498377715],[6.64476465206322,53.34761714068353],[6.644764704537629,53.347618937358185],[6.644729482058961,53.34769838353984],[6.644711172615835,53.34773991115045],[6.644692889373547,53.34778233709507],[6.64465627031162,53.34786539229987],[6.644650632561203,53.34787803181679],[6.644621152372796,53.34794843179314],[6.644602868954921,53.34799085772154],[6.644577000470201,53.348030667124334],[6.644535300048966,53.34809400596098],[6.644522365750681,53.34811391065531],[6.644482113976987,53.34817543710058],[6.644456323964718,53.34821794148715],[6.644479052906651,53.34822489273746],[6.644341284326242,53.3483925762195],[6.644236575515046,53.348509591705835],[6.644235152912799,53.348512302411045],[6.644115981367399,53.34864833980499],[6.643944650453906,53.3488496222053],[6.643802295252614,53.349014657104455],[6.643720503253095,53.34909369095119],[6.643697190232761,53.349118197048],[6.643685546820615,53.34913089926324],[6.643636258854349,53.34919162119356],[6.643498431498927,53.34935750699872],[6.64344764169665,53.349418244533084],[6.643351523939675,53.34946957082584],[6.64334433186453,53.34948042928465],[6.64328365019353,53.34945949648195],[6.643177431205302,53.349421965665556],[6.642991158229434,53.349626098491704],[6.643093135630397,53.34967265987884],[6.643184446737832,53.349713940920374],[6.643220852984277,53.349674920403544],[6.643378641890075,53.34972988470458],[6.643387361533189,53.349719908898436],[6.643546442434356,53.34976767059801]]]]}}]}