{"type":"FeatureCollection","name":"beschermde_gezichten","features":[{"type":"Feature","properties":{"gezicht_uri":"https://linkeddata.cultureelerfgoed.nl/cho-kennis/id/gezicht/10134182","gezichtsnummer":"1357","naam":"Lutkewierum"},"geometry":{"type":"MultiPolygon","coordinates":[[[[5.662314374134161,53.088246615299205],[5.662464625899247,53.08816809200027],[5.662515326973452,53.08816078661736],[5.662626060895799,53.08820546163693],[5.662807356053684,53.08831467298879],[5.662970541493824,53.08839247493981],[5.663037815141158,53.088409393236574],[5.663493443676473,53.08800217699013],[5.663923823689037,53.08808385352332],[5.663960412984414,53.0882041807681],[5.664007479037169,53.088328976747064],[5.66408293266861,53.08845820001452],[5.664159879314068,53.088587419775195],[5.664239346736892,53.088643847393],[5.664823595613364,53.088744933541804],[5.664613391860036,53.089017695426946],[5.664551042502273,53.08907085706528],[5.664457773747262,53.08919058637274],[5.664238082583527,53.0891470638949],[5.664233685171843,53.08915965441161],[5.664223414970929,53.08918753464598],[5.66406600388434,53.08931370225165],[5.664030290696763,53.089330858173184],[5.663891720572001,53.08936891960345],[5.663797567017694,53.0893502667185],[5.663544580811322,53.08923493226558],[5.663501381653588,53.089248510931036],[5.663127633956056,53.089389554037616],[5.662985934847398,53.08940515674379],[5.66298427087594,53.08937820271314],[5.662877857179831,53.08930925600633],[5.662760033969056,53.089323904855334],[5.662312336387115,53.0891020830588],[5.662304679727486,53.08907154840902],[5.662390582489536,53.08896621524899],[5.662200273250014,53.08884803804082],[5.662200153627524,53.08882916780766],[5.662640192146541,53.0885504898895],[5.662512480286291,53.08841779155913],[5.662437424776591,53.08835056950095],[5.662314374134161,53.088246615299205]]]]}},{"type":"Feature","properties":{"gezicht_uri":"https://linkeddata.cultureelerfgoed.nl/cho-kennis/id/gezicht/10134191","gezichtsnummer":"1336","naam":"Warga"},"geometry":{"type":"MultiPolygon","coordinates":[[[[5.843342289733318,53.15371343015211],[5.843127428840046,53.15375108974653],[5.842942501110202,53.15379222946986],[5.842417965930458,53.15366482673577],[5.842302404017899,53.15319440689489],[5.842398352336855,53.15322100005744],[5.842590527064142,53.15301629106412],[5.842645143310539,53.152950486771964],[5.842582004481552,53.15291658045535],[5.842854761056569,53.152698984587914],[5.84295815465227,53.152580876708775],[5.843204323654162,53.152393933036585],[5.843100704351463,53.15234849939756],[5.843050138696952,53.15237295356336],[5.842895424416961,53.15230165510409],[5.843018607829784,53.15221761816192],[5.843325651295151,53.15199180346773],[5.843459097242878,53.151888856695756],[5.843544012238026,53.15186157579887],[5.843653259314377,53.15187373994664],[5.843697059050828,53.151774728661614],[5.843672660583015,53.15172899371529],[5.843691201580426,53.151644456011084],[5.843721368663509,53.15152842350343],[5.84376107215955,53.1514662698142],[5.843793737793639,53.151445477882724],[5.843730789702794,53.151429543152304],[5.843738382596066,53.15115724264701],[5.843898286503589,53.151153937612904],[5.843891793683537,53.150963462093074],[5.843897071268529,53.15089694660295],[5.843782362791575,53.15050829585098],[5.843764436195889,53.15050926273634],[5.843716481750592,53.150355787165786],[5.84349826035157,53.15035661827347],[5.843498892453569,53.15013286786315],[5.843450485941746,53.15007823839877],[5.843427583350911,53.15003249768583],[5.843437997731288,53.14988598844764],[5.843859271368664,53.14986371635796],[5.84411171555649,53.149848376722716],[5.844252079856721,53.14983526124938],[5.844343016343025,53.14981244972321],[5.844449221743692,53.14982013181066],[5.844574236228167,53.14962735721318],[5.844631146497541,53.149637923031435],[5.844654007320699,53.149538092652286],[5.844683306685158,53.149340291738625],[5.844538175580817,53.14932646831533],[5.844874867004045,53.14865573573554],[5.844812036496198,53.14865058416218],[5.844881525670667,53.14815429877795],[5.844650789256005,53.14810126459061],[5.844643543928717,53.147839803409525],[5.845525479243633,53.147849013723736],[5.845493056712643,53.14845748117364],[5.846046344734445,53.14848232151006],[5.84609022131484,53.14853247436999],[5.845919720235656,53.14908665669711],[5.845751846806586,53.149042369844956],[5.845653087658032,53.14903196466678],[5.845568003409927,53.149466307549304],[5.845641354709319,53.149476810001154],[5.845618190371081,53.14968896506957],[5.845517897102594,53.149674971300314],[5.845529785915697,53.149809713823174],[5.845539419431177,53.14987257803953],[5.845569911539196,53.149929072366625],[5.845726278099007,53.15001563706674],[5.845831503398778,53.150071845354745],[5.845866451457566,53.150125626791116],[5.845877846644703,53.15021364465493],[5.845945449055933,53.15024573500156],[5.846269315326226,53.15034064353887],[5.846539193848933,53.15041868500659],[5.846834873733752,53.15053346895514],[5.847095862753274,53.15061873195753],[5.847320865961242,53.150693349528076],[5.847153331936618,53.15082249051713],[5.84711664235121,53.150886430963446],[5.847071308931753,53.150980956503204],[5.847016558788819,53.15103328459702],[5.846761538890031,53.151088178002546],[5.846651759117272,53.15102569789651],[5.846596007630708,53.150983678072706],[5.846537335110178,53.151089037573584],[5.846548150572791,53.15112224381047],[5.846206199610308,53.15129608259004],[5.84611346161623,53.15129014765322],[5.845939704089839,53.15167900212683],[5.845609182429354,53.151662295161834],[5.845613343190011,53.151631727319575],[5.845254137411454,53.15158817151394],[5.84506817570378,53.15195460666036],[5.84521764790278,53.15195403548817],[5.845226965114134,53.15212832555093],[5.845179634546045,53.15231720947272],[5.84472482704634,53.1522803074856],[5.844356866540085,53.15225744988558],[5.844157773191527,53.152230353038],[5.844081361766369,53.15221357124167],[5.844071723339901,53.152291784952624],[5.844002257506845,53.15236663237782],[5.843883881963308,53.15248120392459],[5.843761049979785,53.15259848808346],[5.843670192581177,53.15262938610118],[5.843553243911903,53.15273766177321],[5.843400808669773,53.15288291442645],[5.843292902898633,53.15299834409286],[5.843214891799555,53.153113659907774],[5.843191779805639,53.15319012761724],[5.843182338243307,53.15328721077315],[5.84318325596873,53.15337437007056],[5.843208146857428,53.15346682966193],[5.843249962997362,53.153605052694836],[5.843286443351829,53.15366242333216],[5.843342289733318,53.15371343015211]]]]}},{"type":"Feature","properties":{"gezicht_uri":"https://linkeddata.cultureelerfgoed.nl/cho-kennis/id/gezicht/10134192","gezichtsnummer":"1337","naam":"Veenklooster"},"geometry":{"type":"MultiPolygon","coordinates":[[[[6.113829582558712,53.26336709354994],[6.113863957796628,53.26451885549316],[6.113876880675805,53.26484136474287],[6.113791242726708,53.26536305481298],[6.113768535723234,53.265438672261176],[6.113719883763168,53.26548659094592],[6.113606761946721,53.265533102480354],[6.113334577226477,53.26556799586197],[6.113381474331056,53.26612842112878],[6.112491705191475,53.26615806002563],[6.112466841614977,53.265659502850134],[6.11166900874749,53.26571913182556],[6.110466219756888,53.26576142669768],[6.108588218709172,53.265847304882804],[6.108581560591686,53.26571795058655],[6.107354252479807,53.26599758441321],[6.107101961259013,53.266057504320166],[6.106775308519089,53.26606215790014],[6.106688006191667,53.26541031822544],[6.105473067481872,53.26544275162711],[6.105427544546907,53.26495869394024],[6.105328548880086,53.26495389458872],[6.105277964459863,53.264435721323885],[6.104732743450725,53.264454256256236],[6.104667529459771,53.26413745015356],[6.103365173343252,53.263957423222415],[6.103362296384116,53.263784016061074],[6.102804588025923,53.26377206531809],[6.102853214538058,53.263179616779574],[6.103498657028317,53.26296999525576],[6.104079195213429,53.26273290200181],[6.104426839051352,53.26309115334671],[6.10447263794025,53.263502425696174],[6.105220327169682,53.263493464227395],[6.105312230418271,53.26352256751317],[6.107075754830349,53.26349763076699],[6.108510004559365,53.26340905077415],[6.110139642414131,53.26335432174311],[6.113829582558712,53.26336709354994]]]]}},{"type":"Feature","properties":{"gezicht_uri":"https://linkeddata.cultureelerfgoed.nl/cho-kennis/id/gezicht/10134193","gezichtsnummer":"1338","naam":"Sloten"},"geometry":{"type":"MultiPolygon","coordinates":[[[[5.640899322885046,52.893710048896125],[5.642543193194847,52.89175468019887],[5.646028366779802,52.892900133977484],[5.646409138007206,52.89246436198426],[5.64937425048359,52.89333765820325],[5.650204429685996,52.89523646919629],[5.649442577061024,52.8963003464981],[5.645701673360297,52.89719817043601],[5.644867428017678,52.897351846273516],[5.644047619142162,52.89743449215677],[5.643295510414513,52.897405555005776],[5.642893514606764,52.89727521492672],[5.642440518223446,52.89706320582911],[5.642122815857197,52.89686168974617],[5.641921145110479,52.896680593991604],[5.641566720524595,52.89629672964605],[5.64049651007623,52.89419976866334],[5.640899322885046,52.893710048896125]]]]}},{"type":"Feature","properties":{"gezicht_uri":"https://linkeddata.cultureelerfgoed.nl/cho-kennis/id/gezicht/10134197","gezichtsnummer":"1339","naam":"Schraard"},"geometry":{"type":"MultiPolygon","coordinates":[[[[5.447765556483556,53.082305969481155],[5.446837752773483,53.08154622659987],[5.447183810326442,53.08142743897906],[5.447410572250629,53.08137520646018],[5.447576182011832,53.08134726646036],[5.447529713247544,53.08119902204588],[5.44745205740074,53.08115952314166],[5.446338838925356,53.081199617697386],[5.446326515044118,53.08091746548214],[5.446571254545471,53.08091734405983],[5.446515424686638,53.08046897366075],[5.446405013018385,53.08048250735298],[5.446216957613406,53.08046372997262],[5.446106399169999,53.08036943223691],[5.4454500352249,53.07944330411877],[5.445414094053523,53.07934896929399],[5.446198740062493,53.079141009024255],[5.446112138043077,53.07910331083507],[5.44600309994639,53.07902698409418],[5.446002933990066,53.078904775399096],[5.44629390702277,53.07889384863671],[5.446295008075548,53.078607196603],[5.446496160749072,53.07838873852953],[5.447767379883817,53.0782748777035],[5.447839814397904,53.07885173833998],[5.449455696527563,53.07869994315665],[5.450228517441536,53.07859080794091],[5.4505731261919,53.0785241296272],[5.451821799644849,53.07830600079679],[5.452024657403046,53.078249279440726],[5.452173816269317,53.07820696446934],[5.452331998423889,53.07821137129054],[5.452229694894714,53.07865083956725],[5.452121852649544,53.0793787593546],[5.452137122846421,53.07961058826641],[5.452705569963398,53.079539288971496],[5.452886756991934,53.07994984683181],[5.452525710462185,53.08000665623173],[5.452754509791083,53.08032373444983],[5.453625740447219,53.080148027391864],[5.453657245308992,53.08025673970187],[5.453782990064899,53.08051187026587],[5.45342345157226,53.08058126183064],[5.453060939618154,53.08065874129519],[5.45299082312291,53.08067315742983],[5.453147932501964,53.08094714181078],[5.452798823361342,53.08100843838977],[5.452633611954494,53.0812969774811],[5.452351854141778,53.08149122764681],[5.451952169366703,53.08166577206974],[5.451143719308137,53.08193578554556],[5.450344179275136,53.082182425406735],[5.450147242952984,53.08222027026412],[5.449653303311686,53.08224209578677],[5.4495158963249,53.08216578714386],[5.44944427352774,53.082173013234915],[5.449342840955041,53.082206313995606],[5.44922193548168,53.0821893035716],[5.448929283502101,53.08208431978997],[5.448715797722203,53.082028717163496],[5.448588898104494,53.081993737324375],[5.447765556483556,53.082305969481155]]]]}},{"type":"Feature","properties":{"gezicht_uri":"https://linkeddata.cultureelerfgoed.nl/cho-kennis/id/gezicht/10134198","gezichtsnummer":"1340","naam":"Rien"},"geometry":{"type":"MultiPolygon","coordinates":[[[[5.65582369357287,53.09459824862689],[5.656218358447196,53.09444909429913],[5.6568741532751,53.094283175940326],[5.65711998906387,53.09420713994058],[5.657252504301515,53.09439195139326],[5.657333510932269,53.09445556877273],[5.657359246174942,53.09451302069938],[5.657444994645488,53.094618861210186],[5.657516950130157,53.09466722280151],[5.657683449371554,53.09479534559591],[5.657808073191628,53.09491098251873],[5.657880074428618,53.09496653253561],[5.658146553429061,53.09508813839354],[5.658543930485516,53.094895837778175],[5.658899166381664,53.095125970579204],[5.658973670724621,53.0951042351937],[5.65983438445437,53.0947653052029],[5.659930458964615,53.094850452758145],[5.659978125368762,53.095071398226004],[5.659871984924613,53.09504737802347],[5.659774976374757,53.09505119334049],[5.659694495729039,53.09507204423684],[5.659594693408933,53.09510641795626],[5.659478442035634,53.095136336040255],[5.659287804626279,53.09520685983757],[5.659121124549981,53.09528901062618],[5.658869585124606,53.095408196144994],[5.658734404220071,53.09551453692237],[5.658639438451456,53.09560640885809],[5.658538287421294,53.09566414817997],[5.659059648958315,53.0959603996946],[5.658649031491573,53.09618508133551],[5.657923115853112,53.09564397482297],[5.657559139691784,53.09568792995112],[5.657388047017754,53.095541845511384],[5.657106628423429,53.095658398967004],[5.657162141977904,53.09570320345668],[5.656844871857267,53.09581624276545],[5.656344203355194,53.09548399135504],[5.65625295290004,53.09545364431414],[5.656142279455893,53.095420645064074],[5.656061478867345,53.09539027439793],[5.65599980631271,53.09531493104475],[5.656236308116241,53.0951769148941],[5.655997528604146,53.09494741135537],[5.656113681593663,53.094901322185336],[5.65582369357287,53.09459824862689]]]]}},{"type":"Feature","properties":{"gezicht_uri":"https://linkeddata.cultureelerfgoed.nl/cho-kennis/id/gezicht/10134199","gezichtsnummer":"1341","naam":"Poppingawier"},"geometry":{"type":"MultiPolygon","coordinates":[[[[5.747862776557526,53.083202022561075],[5.748701549894562,53.08356522261737],[5.749187015407779,53.08379559434],[5.749667776195457,53.08399812172474],[5.749526913925635,53.08410817745286],[5.749634644420268,53.08414109950861],[5.749790041847169,53.084163093876846],[5.749814160565263,53.08419177602303],[5.749736956664652,53.08459727860768],[5.749899494896207,53.084580611396554],[5.749924147228156,53.084673092515594],[5.749868979150983,53.0852151155575],[5.749571961467832,53.085213319316225],[5.748444317865757,53.0851142874319],[5.748372561328006,53.08510012637038],[5.748300625367557,53.0850643994067],[5.748273402661312,53.08502134872748],[5.748074834528683,53.08501296155581],[5.748109285153836,53.08484841387626],[5.747930134313541,53.08484176511747],[5.747778958787792,53.08478920321652],[5.747723418079911,53.08475073071361],[5.747593069840225,53.084690018443524],[5.747432470770824,53.08458087267072],[5.747208691676014,53.08441171051385],[5.747140003512826,53.08440742408689],[5.747132675624004,53.0844236209253],[5.746604432918485,53.08425357559267],[5.746623581126698,53.08422296568948],[5.746743393729596,53.08409320742365],[5.746741409933543,53.08403390576736],[5.746851393063849,53.08397876073208],[5.746975135269409,53.08396311265049],[5.746985748256933,53.083803129897696],[5.747059793951081,53.08373371507777],[5.747154911692108,53.0836858032508],[5.747302516202709,53.08366828586349],[5.747862776557526,53.083202022561075]]]]}},{"type":"Feature","properties":{"gezicht_uri":"https://linkeddata.cultureelerfgoed.nl/cho-kennis/id/gezicht/10134201","gezichtsnummer":"263","naam":"Oude en Nieuwe Bildtdijken"},"geometry":{"type":"MultiPolygon","coordinates":[[[[5.689113469006166,53.2961238483492],[5.689409068407625,53.29614466981423],[5.689634136253536,53.296159378419055],[5.690057264469553,53.29618706539515],[5.690261336397133,53.29620182576512],[5.690360369773684,53.29620876413088],[5.690565941647188,53.296223520197934],[5.690929062433219,53.29624866004582],[5.692780806683858,53.29639401868368],[5.692953309363591,53.29639807236658],[5.693384023720417,53.29643740929042],[5.693628610319331,53.296454756267394],[5.693780148789153,53.29646335492562],[5.694252735954077,53.296485509669004],[5.694282743739543,53.29648723002536],[5.694575265320596,53.296496365690814],[5.694704154063505,53.29648345628208],[5.695806759036777,53.296521062506706],[5.69591788211017,53.2965405447355],[5.69682845031276,53.296568751122514],[5.696828359970126,53.296556171851435],[5.697866492199567,53.29659572243774],[5.697885963084203,53.29659207793135],[5.699321609938616,53.29664136950549],[5.699350144300168,53.29664668657006],[5.700245719380592,53.29667490603457],[5.700244304440313,53.29668659069152],[5.700368875527309,53.29669884546955],[5.700382373331162,53.29669881027623],[5.701186517334731,53.29673444938316],[5.702202279564528,53.296790194652765],[5.70221130437907,53.29679376512909],[5.702674933737675,53.296820402937215],[5.703245079615826,53.29685125141835],[5.703975786656617,53.29689335482738],[5.704340433789259,53.296920247216825],[5.704403437065851,53.29692187792387],[5.704442457357512,53.296925369015774],[5.704496481903276,53.29692971899663],[5.704555012364964,53.29693495558436],[5.704607543785296,53.296940207996435],[5.704652576398095,53.296945480204556],[5.704705107843036,53.29695073257401],[5.704759145683455,53.29695687947406],[5.704811683774579,53.29696303031556],[5.704862722115782,53.296969185100416],[5.704915260236569,53.29697533589657],[5.70496930476027,53.29698238122071],[5.705020349770494,53.29698943445721],[5.70507139479737,53.29699648767203],[5.705125445998894,53.29700443144452],[5.70517649768764,53.29701238313324],[5.705221537072865,53.29701855364655],[5.705274095191819,53.297027399841525],[5.705316135072533,53.29703357826234],[5.706187229799349,53.29719749726394],[5.70669339227154,53.29729588950988],[5.708754086963967,53.297692934842885],[5.708920811693674,53.297725734239386],[5.70898380290179,53.297725565507285],[5.711083763547363,53.29815301594364],[5.711731092702627,53.29827257112646],[5.712590156836021,53.29842569381154],[5.712931300409737,53.298515521343894],[5.71323321223221,53.29857400563804],[5.713553136335374,53.29863423730987],[5.713945189071103,53.29871224267075],[5.714153807757398,53.29873054426925],[5.71455935407686,53.29880761236287],[5.715004129721383,53.29891512226355],[5.715083730120265,53.298929281586325],[5.715166302893756,53.298939838597],[5.715365999434539,53.2989680463488],[5.715642235689961,53.299002334264955],[5.715864423507673,53.29902958115376],[5.716115135912122,53.2990603436733],[5.716362807835754,53.299085722786],[5.716382285134889,53.29908297380352],[5.716512571905346,53.2990565591476],[5.716538027933093,53.2990510981409],[5.716609910203049,53.29903652446192],[5.716696763302706,53.29901831553092],[5.716871955372932,53.29898009632981],[5.717057625331256,53.29893915249167],[5.71735391080939,53.29884938343812],[5.718822339733061,53.29885791796562],[5.718673288833401,53.299174614074175],[5.718641135126707,53.29928432419463],[5.718613391003108,53.299382341168325],[5.718576405917509,53.29944893486628],[5.718552525731545,53.299464275852856],[5.71850759928505,53.299473385132146],[5.718375709094151,53.29948632832836],[5.718365265357095,53.29949354540886],[5.718306729761688,53.29948831555606],[5.718276774147755,53.29949378933825],[5.718140184240255,53.29948068768654],[5.717896946527063,53.29944721320289],[5.717784409586804,53.29944123321414],[5.717705007126741,53.29945313267665],[5.717633241613545,53.29948298179749],[5.716963312357939,53.300138956840776],[5.716930789342382,53.300201045081074],[5.716934036507593,53.300233383451854],[5.716953809828081,53.30026927059955],[5.716993549036311,53.300366203353],[5.716677101499115,53.30037066587043],[5.71657361652574,53.30037184820198],[5.716471631428308,53.300373026333155],[5.716422142190257,53.30037406051399],[5.715899833879106,53.30032966555303],[5.715506605179623,53.30029659657016],[5.715538596522212,53.30016442439652],[5.714858668377159,53.30010248492968],[5.714762953918092,53.30053404303592],[5.714464094286856,53.30048453963302],[5.714352046334034,53.30074092744539],[5.714262107034458,53.30094603842136],[5.714252486915146,53.30125965342921],[5.715523836905621,53.301377487584936],[5.715517946731628,53.30139188024773],[5.71551806991187,53.30140805354552],[5.715525651623587,53.30141881524642],[5.715546691543426,53.301424148949984],[5.715564724786807,53.30142859233338],[5.715599284520718,53.30143658467606],[5.71560981133413,53.301440150038324],[5.7156188587665,53.30144641504999],[5.715626413127652,53.301453582678285],[5.715635501640094,53.30146523878775],[5.715647658458699,53.30148587185946],[5.715659746825742,53.301497519764744],[5.715671807813026,53.301505573602775],[5.715700374789311,53.301514480837994],[5.715731927925544,53.30152158282922],[5.715775466751399,53.301526854958226],[5.715803965269826,53.30152677700388],[5.715989928184892,53.30152267401747],[5.716165432753271,53.301523990595385],[5.716378387350171,53.30151891455255],[5.716475861668397,53.301515951800326],[5.716630312388113,53.301510137125945],[5.716912187635442,53.301494987222824],[5.717535824151165,53.3014501442004],[5.717615189011274,53.301432853756566],[5.717829532635997,53.30141339475508],[5.717894008423697,53.3014105216712],[5.717903083753426,53.30142038057613],[5.718211928877466,53.301401559230364],[5.718232982919857,53.301408689496085],[5.718567271146963,53.30138260883693],[5.718948215395194,53.30137706472155],[5.718946086822482,53.301490286057415],[5.718953982457046,53.30212642721759],[5.718980909893989,53.30328636151725],[5.71900210503326,53.30370142602975],[5.719038098050225,53.303700428076574],[5.719036729478471,53.3037175040159],[5.71902356842426,53.30376156856878],[5.71900438659029,53.303802954145226],[5.718988107898003,53.303831752214926],[5.718968836094167,53.303861457082895],[5.718934695610978,53.30390827516506],[5.718888651802346,53.30396770558728],[5.718802453250269,53.304072173565906],[5.718722129944173,53.30416045164316],[5.718631368374298,53.30425684527246],[5.718552489136924,53.304337930969645],[5.718466164734845,53.3044262254181],[5.71837390891195,53.304523521496805],[5.718295021801577,53.304603708502995],[5.718228051844475,53.30467308020506],[5.71818643045095,53.30472261427539],[5.71815668505649,53.30475594199562],[5.718095756173208,53.304830688182356],[5.71807052454218,53.30486580051545],[5.718048299845098,53.304901803095895],[5.718023143992865,53.30494679908618],[5.71800246063164,53.304988188617905],[5.717989208492915,53.3050205723413],[5.717959848859418,53.305104216862475],[5.717927592429094,53.30520134736148],[5.71788664574366,53.305338935806105],[5.71785894429082,53.30544324201261],[5.717845919363834,53.305505276714],[5.717832483340796,53.30570928092186],[5.71783575478745,53.30594019515091],[5.717837702882448,53.30599859449511],[5.71785037468469,53.30628159779199],[5.717839874074623,53.306281626692446],[5.717833331709135,53.306406540899175],[5.717826782414041,53.30653055658548],[5.717824526608,53.30662760443826],[5.717835039216066,53.30702023472072],[5.717846445557778,53.307333791541744],[5.717850362596053,53.30745328571607],[5.717860542135119,53.30760690691973],[5.717865621591982,53.30768236974652],[5.717879683940144,53.307950992517696],[5.717887805132574,53.308031838162236],[5.717908051663986,53.308128824026134],[5.717928098332996,53.30819975296967],[5.717955618267699,53.30826706720092],[5.717980075906818,53.30832630305704],[5.718007499450696,53.30838103807449],[5.718152388154273,53.30868973443928],[5.718298682478733,53.30898584726474],[5.718310863408668,53.309009175553065],[5.718459870231022,53.30926754229503],[5.718593766297199,53.30951157398856],[5.718642456780454,53.30960039442689],[5.71869430683424,53.30970987238027],[5.718965728872094,53.31027879293086],[5.719051118372072,53.31045736509865],[5.719305693934658,53.31098050612946],[5.719549676795563,53.31149109638902],[5.719606094628163,53.31160864804189],[5.71968239763523,53.311775563909976],[5.719732669475024,53.31187426332506],[5.719760159914839,53.31193708448907],[5.719940294526893,53.31233822960968],[5.720012036761122,53.31249707107424],[5.720127913231304,53.312736658077895],[5.720402214192291,53.31328490065909],[5.720481447492475,53.313441923960255],[5.7206399923067,53.313765854014804],[5.72094769020656,53.31436252319676],[5.720972071915824,53.31441097616822],[5.721034906453818,53.31438743978566],[5.721060350069607,53.3143792823066],[5.72108896150283,53.31439268077441],[5.721136910641642,53.31438446073699],[5.721492700153958,53.31440952878701],[5.721606790991538,53.31441729808898],[5.72170928199875,53.314863582907996],[5.722059988952372,53.31500637103804],[5.722236100482407,53.315078661136035],[5.72230684254339,53.31510721686074],[5.72244833393696,53.315165226695896],[5.722511546329344,53.31519020918337],[5.722582288755625,53.315218764744586],[5.722616867840076,53.315227653533185],[5.722640930162496,53.315234774609856],[5.723107104204925,53.31536825195697],[5.723161244799929,53.315384274150865],[5.723186807702966,53.31539139092252],[5.722581174937406,53.3162323109524],[5.722474476414226,53.316211043979166],[5.722121385985304,53.3161491315272],[5.721819597201021,53.31612391495088],[5.721565752749187,53.31608957889971],[5.721466619947562,53.31607637675739],[5.721461811974668,53.3160368547702],[5.721413770460956,53.31603339428336],[5.721679066240111,53.31773627031554],[5.721680685302835,53.31775154082638],[5.718557850874676,53.31732799999378],[5.71830700285379,53.31729364880361],[5.718096688598639,53.317261881064724],[5.717402638601635,53.317155068186274],[5.716713079678702,53.31704644192664],[5.716495217426145,53.31700840237369],[5.716352488343674,53.3169845331209],[5.715841722063125,53.31690596199353],[5.715774119271387,53.316895364509726],[5.715718527014455,53.31688563268123],[5.715305402020329,53.31682116876531],[5.71529638561132,53.316819396324625],[5.71471499953729,53.31672753526806],[5.71432139702967,53.31666481181891],[5.714099064732356,53.316630374217745],[5.713845175730862,53.31658973228365],[5.713430555916656,53.31652526599272],[5.712826643990644,53.31642986284474],[5.712628355059928,53.3163998500168],[5.712503845684171,53.316403781295485],[5.711064634294555,53.31616955857318],[5.710840698728163,53.316120742782985],[5.710215778723172,53.316023586050825],[5.709811692912895,53.3159617745586],[5.709670484853821,53.31593969035461],[5.709409101962519,53.31589905916977],[5.709117677569288,53.3158540152558],[5.708902875817402,53.315822243466144],[5.708689561392546,53.31578867025219],[5.708632485142552,53.315780736180585],[5.70851683228716,53.31576487196845],[5.708220901784613,53.31571893940164],[5.707471292204925,53.315599638225],[5.706545939182331,53.31545384368746],[5.706532422195355,53.31545208255165],[5.706123819180614,53.31538667655408],[5.705936055816622,53.31535842181675],[5.705296133955321,53.31525858373035],[5.70482144423887,53.31518346441603],[5.704584050362535,53.315139165206574],[5.70442475030018,53.315104543205834],[5.704172214518803,53.31504141401813],[5.703890973924835,53.31495140404487],[5.703781174755573,53.31491485364638],[5.703579594810408,53.31484350216492],[5.703299731889295,53.31473641509703],[5.702729395734247,53.314506991845356],[5.702714352507396,53.314501640165844],[5.70268726681413,53.314490928921735],[5.702590960043704,53.314452544944075],[5.702410402564798,53.314382933374176],[5.702305067781954,53.31434097872858],[5.70209741926292,53.314259756834296],[5.701603882893734,53.314066966682056],[5.701206668193008,53.3139143566883],[5.701197639874808,53.31391078616013],[5.70108027841922,53.3138652677457],[5.700924091241748,53.31384500946584],[5.700293615573488,53.313595065441014],[5.700060175071405,53.313473473338625],[5.699948836921653,53.31343063372515],[5.699581725268542,53.31328962088881],[5.699414713041177,53.313224462245756],[5.699253709139875,53.31316018629593],[5.699246207496313,53.31316020577958],[5.697902147132109,53.312780016354694],[5.697792183703885,53.31271920056448],[5.697565157464161,53.312653295946866],[5.696690169339043,53.31240396438025],[5.69601213551068,53.31221072782268],[5.695637809328775,53.312106561246935],[5.69559271696083,53.31209499609654],[5.695561185108776,53.312091482905934],[5.695399018625013,53.31207302986024],[5.695238358993231,53.31205547126359],[5.69500110767883,53.312027326327055],[5.694679776385804,53.31199041082458],[5.694376461898591,53.31195524546272],[5.694013091676748,53.31191394299945],[5.693380941379163,53.3118409775983],[5.692705246844731,53.311762728422714],[5.692184210591257,53.31170205356877],[5.69173975976189,53.3116510661933],[5.691235172178978,53.311582258751855],[5.690777138955196,53.311519621285576],[5.690533873423902,53.311488787140604],[5.690334172969427,53.31146592937069],[5.68973507287258,53.31139735406826],[5.68935672170167,53.31135787232364],[5.689343206697657,53.311356109251136],[5.688733626701638,53.311290250909515],[5.688107470383329,53.31121364862331],[5.687924294169004,53.31119344105722],[5.687169087140695,53.31111266418946],[5.686898821831481,53.31108189010332],[5.686705132450219,53.31105990984368],[5.686011484070431,53.31098526194525],[5.68530279827079,53.31090525617292],[5.68490340849216,53.31085952290286],[5.68403702750664,53.310754741464805],[5.683383870517888,53.31067638423477],[5.682787780539014,53.31060596984356],[5.68250100039575,53.310572530913625],[5.682478478317052,53.310569890677826],[5.682433551127582,53.310581681997995],[5.680789428196665,53.31038623721313],[5.680694723732136,53.310358614148065],[5.680534058093276,53.31033834033103],[5.680454478503744,53.310328650768945],[5.68017520316002,53.31029518797374],[5.67978633214764,53.31025031058989],[5.679612189664149,53.31023366248737],[5.678742967325376,53.3101486175141],[5.678031374942599,53.31007845979166],[5.677906771501701,53.31006618193828],[5.677815203335524,53.310058316701756],[5.677698131412829,53.310050513068504],[5.677566069414038,53.310044542615294],[5.677437019999738,53.31004036180125],[5.67708894417007,53.3100376080942],[5.676767866350074,53.31003388977661],[5.676409276994591,53.310029362380156],[5.676275745150934,53.31002788670363],[5.676088199291099,53.31002564224694],[5.67607619751317,53.31002567110697],[5.676014850992698,53.31005007894401],[5.674332897165658,53.31002356067678],[5.67426979205764,53.310009334990646],[5.67352711652702,53.31000122352736],[5.672617886927361,53.30998901063939],[5.672185781575458,53.30998374675212],[5.672119765901609,53.30998300480731],[5.671968213872877,53.30997887148989],[5.67131854704131,53.30996962734566],[5.671114493330511,53.30996651563875],[5.670605853490799,53.30995783279976],[5.670262267584329,53.309953251671885],[5.669759634837826,53.309945449629204],[5.669396552139307,53.309941810413726],[5.668725877444562,53.30993170307359],[5.66801770928076,53.309923476702394],[5.667300540063374,53.309915267146536],[5.666781405862389,53.309907491125074],[5.666197750796829,53.30989806566178],[5.666010194371315,53.3098940084454],[5.665689112716694,53.30988936201584],[5.66546105627835,53.30988629635317],[5.665147464238697,53.309879834067104],[5.664910400787403,53.30987588966805],[5.664626830617377,53.309872052210665],[5.664340248503369,53.30986642397141],[5.664308738148569,53.30986559812974],[5.664218834818425,53.30988287755992],[5.663621707477219,53.30987796330879],[5.662818987139847,53.30986363412317],[5.662725847234058,53.30984408010365],[5.662496285278232,53.30984011373891],[5.661998178768226,53.30983586299514],[5.661518069237125,53.30983067056228],[5.661109981649552,53.30982710907822],[5.660866929388379,53.30982496742167],[5.66060136819762,53.30982197797228],[5.660089777189576,53.30982044560069],[5.659797206492804,53.30981661719602],[5.659440132210296,53.309813832805176],[5.659054536852043,53.309808416308165],[5.658835482589566,53.30980531770402],[5.658313232029854,53.30977864301875],[5.658020503653735,53.3097496517907],[5.657408004813605,53.30968543831181],[5.657034187491961,53.309644047620935],[5.65674746734439,53.309615938328896],[5.656742961094139,53.309615049909425],[5.656348153321554,53.309575501242975],[5.656101962109101,53.309550893722886],[5.655806236342981,53.30952190381433],[5.655593050275692,53.30949722144912],[5.655469915916208,53.30947862735183],[5.655151660067059,53.30944519349249],[5.654666765049495,53.30939326078719],[5.65448361773823,53.3093739007534],[5.65425241960752,53.30934745902558],[5.653916168828922,53.3093149604295],[5.653272166994321,53.30924899876537],[5.652686724563478,53.30919099102322],[5.652566631448764,53.309178676945706],[5.651922617142626,53.309110012490216],[5.651203551315878,53.30903432130576],[5.650621092972079,53.30897270282699],[5.649968078228508,53.30890314910992],[5.649433651164363,53.30884501392728],[5.648908248456265,53.3087904508315],[5.648426363193619,53.30873758787574],[5.64787844407927,53.308680373651164],[5.647315513803567,53.30862139237461],[5.646832143024785,53.30857032330813],[5.646287233886593,53.308513993858256],[5.645800865180768,53.30846292711226],[5.645311502667027,53.308412763362576],[5.644871662936239,53.30836518699448],[5.644032522948933,53.308275333945794],[5.643568688760917,53.30822870264181],[5.643325502133707,53.308202265491246],[5.643213064705785,53.308215084604335],[5.641774926825801,53.30805191289106],[5.641716288029068,53.30802957388584],[5.641708781940958,53.30802869125903],[5.641121860803392,53.30796883328553],[5.64045837016069,53.307898351540096],[5.639788886349885,53.307828777266714],[5.639117899293627,53.30775830388807],[5.63832081849197,53.30767371395031],[5.638145196968556,53.30765611036015],[5.637929678161671,53.30774281934146],[5.636550611373646,53.30818956400148],[5.635909604978594,53.30837509162082],[5.635090516716369,53.308638257030076],[5.634386721547084,53.308864339892],[5.633801213203502,53.30905153903979],[5.633071947253069,53.309285753207284],[5.632730515842557,53.30939427516495],[5.632621195372718,53.309428642700816],[5.631980255709255,53.309632119693795],[5.631444131860563,53.30980123604323],[5.630997854610002,53.30994141472115],[5.630994859246144,53.30994231933005],[5.630990363658302,53.30994322698361],[5.630966405824809,53.30995136237046],[5.627089195054543,53.30957639428779],[5.626607612190327,53.309574659485364],[5.626333063521242,53.30957340930354],[5.625528920351125,53.309569616301964],[5.624583752501392,53.30956519816963],[5.62347054639572,53.30955840765848],[5.622447368001213,53.30955412614595],[5.621395671135851,53.30954719594143],[5.61958185294667,53.30953903776817],[5.618425142124879,53.309532284688785],[5.617713998975951,53.3095255647595],[5.617161921494816,53.3095266229655],[5.617134912909332,53.30952577614034],[5.616465503436666,53.30946775275597],[5.616001423676406,53.309371596469894],[5.615374900693202,53.309195777964284],[5.614824797733918,53.309001840805024],[5.613562648669717,53.308625945099365],[5.61320782394825,53.30847745735812],[5.612501736540114,53.30828649853527],[5.611881300442119,53.308121432732555],[5.611616878808681,53.308046450574466],[5.610925699722364,53.307834788444985],[5.609591459044925,53.30742933375655],[5.608505142346662,53.307097087132064],[5.607351217832564,53.30674159283502],[5.606424161468976,53.30645126625865],[5.605485116825168,53.30616095430761],[5.604606201527164,53.30589298943417],[5.601597457696153,53.3050798369901],[5.598724080812254,53.30462308738815],[5.596715287914154,53.30396079749609],[5.595899366559056,53.3033611011586],[5.592871064899783,53.30246420059868],[5.58900573750419,53.301208322130925],[5.587283996588403,53.30060199894956],[5.585516108527299,53.299735153116764],[5.583334628504857,53.298603890471966],[5.582274919570157,53.29809165643127],[5.582184731440336,53.298047774845266],[5.581018333952546,53.297484486521874],[5.579870048577517,53.296940026921234],[5.579163096894907,53.296479313578224],[5.57419420089697,53.29298647076491],[5.565897160793229,53.287685176542546],[5.561784050797775,53.285073795879924],[5.561746472097071,53.285050488604],[5.56088824723783,53.284161284639595],[5.558957516888699,53.281256399748436],[5.557125449795283,53.27859484522576],[5.554701437784294,53.27399234664104],[5.554564026271637,53.273733759181034],[5.555275284683679,53.2731550046914],[5.555254250349143,53.27314245460155],[5.555312646369045,53.273126199114074],[5.555964120938883,53.27259694379163],[5.556506532794263,53.2721630839029],[5.556875591465166,53.27186424762083],[5.557144523522279,53.271642826393716],[5.557526992348682,53.27132599826668],[5.558440333406836,53.27032282669795],[5.558531392179996,53.270229248580755],[5.558873262386123,53.26988551774504],[5.558895655519256,53.26986302220818],[5.559607113245895,53.27011449198301],[5.559677655983268,53.27013865120072],[5.559692669597623,53.27014491940241],[5.559850084409501,53.270153678445375],[5.56058566059072,53.27043655660829],[5.560776315470494,53.270510859824],[5.561015017856008,53.27060575957535],[5.561211676930642,53.27068185048099],[5.561702583667012,53.270873425218234],[5.561767235159932,53.270922750885525],[5.562046469942805,53.27103196625141],[5.562361737659618,53.271155505016715],[5.562649983381265,53.27126829998125],[5.56297874821523,53.27139271592841],[5.563248962733276,53.27149385484205],[5.563483149917612,53.27158156797462],[5.563661783211719,53.27164600031347],[5.563829910017798,53.2717068536904],[5.563957430684126,53.2717345206766],[5.564371769630291,53.271890255622594],[5.56511036207331,53.27216321758664],[5.56515850534503,53.27220627610691],[5.565233566196223,53.27223401951013],[5.565413722286188,53.27230293967348],[5.565521804327654,53.27234141633235],[5.565553329995785,53.27235305050078],[5.565575847278765,53.27236110389204],[5.566186822412404,53.27258033644753],[5.566287407447861,53.27261792505618],[5.566378987862069,53.272652831405544],[5.566479576968815,53.272691318386],[5.566596676970186,53.27273517183997],[5.566661232152914,53.27275933589327],[5.566697262723083,53.27277276010313],[5.566719784178412,53.27278171181238],[5.566743804580619,53.272790661275046],[5.566790346476746,53.2728085624288],[5.566853399195632,53.27283183008728],[5.566896935814706,53.27284793861933],[5.566976499465098,53.27287657272737],[5.567086094520008,53.27291774132594],[5.567161161595696,53.27294638205061],[5.567263247276172,53.27298396758918],[5.567371343931398,53.27302513817457],[5.567453913627063,53.273055564531326],[5.567539485091821,53.273086884860106],[5.567611551105998,53.2731146312723],[5.568665442551425,53.27350031289027],[5.568935679790656,53.27360054039456],[5.569132355089953,53.27367392264318],[5.569315513762372,53.27374103530481],[5.569408594181729,53.27377503852135],[5.569482077966946,53.273783013794876],[5.570863358998604,53.274303857813244],[5.571885887165967,53.27470303715658],[5.571989483966925,53.274741514879025],[5.572136613784179,53.27479430206644],[5.572294248590467,53.2748497684904],[5.57262004727446,53.274968771300344],[5.572890291276488,53.275066294251836],[5.573095981831036,53.27514145311958],[5.573288162523776,53.275212139886115],[5.573765578139096,53.275379425515716],[5.573932230800098,53.275439368460425],[5.574019310717897,53.27547068181169],[5.574110891749891,53.275502886629276],[5.574319592373758,53.27557983578544],[5.574384152231055,53.27560309712866],[5.574438199403728,53.275621882143206],[5.574525280056522,53.275653195125436],[5.574597343129335,53.27567824172095],[5.57473247529171,53.27572834883414],[5.574863106735478,53.275777564293016],[5.574953197829648,53.275811567873184],[5.57505980593819,53.275851835306305],[5.575175420263168,53.27589478415636],[5.575325575596287,53.27595205538089],[5.575478745116619,53.276012915843346],[5.575574860860812,53.276053199275346],[5.575717518085791,53.276109583236625],[5.575783598187352,53.276137334130325],[5.575839161412872,53.27615971028485],[5.575897722805359,53.27618208170032],[5.576062906077794,53.27624741522067],[5.576196550539294,53.27629932009898],[5.576288150711696,53.276335117375275],[5.576361730771171,53.276363754673184],[5.576412789517794,53.276384340582986],[5.576477351705658,53.276407600793874],[5.57655831291533,53.27641016871618],[5.577376665056519,53.27671797216008],[5.577580876179246,53.27679402420647],[5.577708511969474,53.27684234277361],[5.577759567953732,53.27686202957506],[5.57855096558531,53.27717256339471],[5.578692111354926,53.27722445352893],[5.578929347191678,53.277309435969414],[5.579199620093395,53.27740694463667],[5.579555471189179,53.27753306881038],[5.579660440363921,53.27754008886029],[5.58098635157751,53.278028557485044],[5.581049367060446,53.27804013673349],[5.582115719241409,53.27847599798241],[5.582171374070543,53.278517240346076],[5.582180385133323,53.27852081986165],[5.582420690183245,53.27861836993215],[5.582539325659158,53.27866310383443],[5.582653455810024,53.2787060478791],[5.582808128270761,53.278763302364105],[5.582979316221853,53.278825920942126],[5.583070911053222,53.278858118885836],[5.583173016392378,53.27889389375253],[5.583288630590244,53.278933240617654],[5.583378718553751,53.27896364371182],[5.583477817913989,53.27899762615564],[5.583549887670436,53.279021768816044],[5.583764581885129,53.27909060486681],[5.584084386008567,53.27919610823584],[5.584248044769484,53.27925065050945],[5.584551360452151,53.279356179696755],[5.58459942419922,53.279375868500836],[5.584670000162915,53.27940091148179],[5.584802157330388,53.27945101212551],[5.584967329496123,53.27950824653872],[5.585209133134342,53.27960309293077],[5.585545580175674,53.27974001376581],[5.585782880564182,53.27983306936381],[5.586171852462041,53.27998068398978],[5.5866869627403,53.280172116147696],[5.58735224773157,53.2804172080499],[5.587792265960665,53.2805782103553],[5.587813246491549,53.2805763782212],[5.589202558909985,53.28111766361812],[5.589620064756394,53.28127061025073],[5.59004356627709,53.28142264676027],[5.590391960542481,53.28154336011638],[5.590426502345486,53.281555881168735],[5.590500087971336,53.28158181415687],[5.590582673376062,53.28160863039048],[5.591004631393257,53.281749883671615],[5.592594850429914,53.28227551335434],[5.592726987048555,53.28231751845492],[5.592781046322361,53.28233539663606],[5.593401154572155,53.282524823002966],[5.59341613441805,53.28252210166199],[5.594704448242854,53.282922426387145],[5.59507382307006,53.28303590157598],[5.595462708036399,53.28315293593172],[5.596012250765138,53.28331731215698],[5.596444681701125,53.28344684709818],[5.596874120980902,53.28357728424211],[5.597285553569638,53.28370415721226],[5.597456747056512,53.28375956680201],[5.598590550084566,53.28412867149106],[5.598746740394893,53.284181410044454],[5.599245357785351,53.28435125239635],[5.599843104094928,53.284555061533744],[5.599894170428033,53.28457294180878],[5.600859914011235,53.284907279718816],[5.601245917544888,53.285041372642574],[5.601613886412728,53.28516651116756],[5.601631910070845,53.28517276873355],[5.60195929527007,53.285277312336504],[5.602056910943352,53.285308586462996],[5.602375270572983,53.28540685532699],[5.60319218983541,53.28565697865878],[5.603381404765314,53.285715042976946],[5.604009127599006,53.2859088934663],[5.604935653545095,53.28618486450242],[5.605174421535188,53.28625631416214],[5.60536964846817,53.286316161501865],[5.605632472142188,53.28640014604276],[5.60603048546171,53.28653150610558],[5.606743950556792,53.28677460546662],[5.607027771620316,53.286858548553894],[5.607410693584139,53.28696926533597],[5.607490287167869,53.286993379804045],[5.608314684926868,53.28722817941774],[5.608928841405269,53.287399565746504],[5.609660145126483,53.28760667338122],[5.610678294423969,53.28789860392629],[5.610926068838193,53.287968228304855],[5.612268116374118,53.288258642886014],[5.612293691826356,53.28827476858759],[5.612302693349551,53.288275650248366],[5.612903103030752,53.28839312986967],[5.613012677726399,53.28841448870872],[5.613569568583065,53.28852485854811],[5.613827753173077,53.28857648659897],[5.614758375922639,53.288753535143336],[5.615445845593669,53.28888521360627],[5.616242878236982,53.28903464990865],[5.616503905589745,53.28905571657468],[5.617189871506398,53.28918469232442],[5.617212411990052,53.28919363450528],[5.618321792543957,53.28942422503455],[5.618647519340562,53.28948559659726],[5.619033295329727,53.28955943085333],[5.619198406485634,53.289589662170094],[5.619650226186852,53.28967504778875],[5.620189102551594,53.289775537927554],[5.620429269338241,53.28981999846726],[5.620765513405284,53.28988403946686],[5.621209807493295,53.28996314411061],[5.621619569988502,53.29003422770982],[5.621726124763257,53.29005019328515],[5.622122393115335,53.29012130152433],[5.62271978244191,53.290225259968494],[5.623174600079248,53.29030793084903],[5.62356336068022,53.2903763534837],[5.623905824032403,53.29047901047726],[5.624060479825978,53.290515545470406],[5.62409802285623,53.290525355300474],[5.624810962366382,53.29064255336563],[5.625594399838123,53.29076230287196],[5.625882578477728,53.29080935279348],[5.626025051505973,53.290811765128495],[5.627170205179383,53.29098739215338],[5.627513931099801,53.29104510957135],[5.627548471230869,53.29105402579748],[5.627686516622517,53.29106902452028],[5.627853073969168,53.2910875600902],[5.628060134881892,53.29110870980165],[5.628597282471382,53.29116154333136],[5.628837369929543,53.29118891505588],[5.62923656877703,53.29124382030486],[5.629514186863314,53.291278303309596],[5.629706279015517,53.2913039730661],[5.629799313384735,53.29131456757531],[5.629914851563654,53.29132691360079],[5.630244869834428,53.29134601389517],[5.63034087317724,53.291351210764205],[5.630561371908068,53.29136154653443],[5.630601875723846,53.291364160049824],[5.630640748054663,53.291343414940016],[5.632959744363741,53.2914528054176],[5.632991291904807,53.29146262473977],[5.633097798027102,53.291468696444795],[5.633474413597349,53.291506561690234],[5.633730955229752,53.29152580307743],[5.634049010891219,53.291550308697715],[5.634437578311803,53.291580059538475],[5.634727127166143,53.29160192644543],[5.6348141392578,53.291608036809805],[5.634962660220792,53.29161851289951],[5.635220718271196,53.291640443584896],[5.635340757627678,53.29165277509894],[5.635480307217025,53.29166776176361],[5.635664875624083,53.291688046341726],[5.635709894356125,53.29169334440057],[5.635853803053585,53.291684061155046],[5.636632708016133,53.29178937154163],[5.637621815885614,53.29193826696086],[5.637665434699369,53.291960639378736],[5.637731474439452,53.2919703855126],[5.637922090617136,53.2919987408263],[5.638072170785573,53.29201909370815],[5.638126198216531,53.29202616911282],[5.63818012105184,53.29201527400443],[5.639913159237428,53.292182361268836],[5.639994348665442,53.29221813180389],[5.640061873120985,53.29222517792607],[5.640177427203022,53.29223931112533],[5.6403154860278,53.29225519385282],[5.640417554352539,53.29227115231534],[5.640545121384584,53.29228795543663],[5.640770268828499,53.2923225231287],[5.640957910483538,53.29235447405071],[5.641180075258912,53.29239174288379],[5.641489313410646,53.29244500059828],[5.641773042933182,53.29249561598789],[5.641864503590567,53.292492726465674],[5.642708283505759,53.29265896029644],[5.642826860167001,53.29267667865924],[5.642873385756697,53.29268286936323],[5.64288389377149,53.29268464406201],[5.642910892306387,53.29268548511248],[5.642925893861607,53.29268635170408],[5.643023369329468,53.29268614409824],[5.643258820743578,53.292687439372095],[5.64351526688767,53.29268868937685],[5.643702725058429,53.29268918766925],[5.643945674620421,53.29269046558189],[5.644005659525663,53.29269033732476],[5.644022101850067,53.29268131680979],[5.645202127087748,53.29264913581253],[5.646169280084031,53.29262998194984],[5.646259392278636,53.29265225098268],[5.646481309178079,53.29264727938965],[5.64676167877562,53.29263678985187],[5.647082527146112,53.292624414998954],[5.647364379799917,53.29261122523859],[5.647644732661151,53.29259803806944],[5.647800649593566,53.29259051154827],[5.648052509437236,53.2925773852535],[5.648353845629586,53.2925623537786],[5.648467789353228,53.29255761326534],[5.648664190212065,53.29254909900619],[5.649053916061068,53.29251949673336],[5.649190392054173,53.29252099615153],[5.649904187453809,53.2925158427021],[5.650055856834704,53.292549655182],[5.650085849177624,53.29254958953219],[5.65039332553776,53.292557901425866],[5.650598833502856,53.29256733475684],[5.650912352525357,53.292582820354106],[5.651087868350531,53.29259231870466],[5.651455440100132,53.292618466527976],[5.651462938197144,53.2926184500289],[5.651552744572982,53.292590397775264],[5.652896054701428,53.292774328763024],[5.653115216033927,53.292808886581945],[5.653241406384552,53.29284454852772],[5.653525107868613,53.29288794796473],[5.653720242877517,53.29291716674585],[5.65385983624549,53.292937523191895],[5.654326672178312,53.293009267104374],[5.654377709803747,53.29301724039157],[5.654461767229085,53.293029632856964],[5.654766493922901,53.29307747525072],[5.654852090258856,53.29309615376359],[5.655126746934306,53.293131482758],[5.655569480974711,53.29318530490025],[5.655907157278413,53.29322588248369],[5.655956684608517,53.293232061408574],[5.656040608435447,53.29322288821537],[5.656819511541061,53.293315488321596],[5.657548929655679,53.29340819478661],[5.657661662409572,53.293449273598625],[5.657892833805682,53.29348469419568],[5.657894333454554,53.29348469081555],[5.658095461417719,53.293512091915794],[5.658392691624218,53.29355904349152],[5.658704941640202,53.29360955452015],[5.658892590798487,53.29363968036419],[5.659273882854403,53.29369901905973],[5.659511072562522,53.29373711851735],[5.659588992305898,53.29372705792592],[5.660315606125136,53.29384850710203],[5.661255342151674,53.293995523279904],[5.661368137104012,53.29404558382777],[5.661516764314012,53.29407040343722],[5.661743437459068,53.294104928368476],[5.661821494705271,53.29411643086851],[5.662009131054454,53.29414385627055],[5.662241803668096,53.29417836653417],[5.662505992752042,53.29421639824819],[5.66253300983411,53.294219930455725],[5.66280908769401,53.2942408620735],[5.662963692115844,53.294262072035416],[5.663196492673436,53.29431634793823],[5.663448691769461,53.2943553036691],[5.663995226618222,53.29445557982578],[5.664115357001247,53.294479563360014],[5.664182935090608,53.29449378409437],[5.664430683280007,53.294539936313555],[5.664669428097046,53.29458521028748],[5.664842094560009,53.294616259993624],[5.665005745770249,53.2946446346989],[5.665100324603854,53.29465969099469],[5.665194891915794,53.29467295017186],[5.665259436512379,53.29468178610987],[5.665409509852835,53.294697612204146],[5.665709627840524,53.294724771220075],[5.666092281581846,53.2947598246755],[5.66645541664657,53.29479132815673],[5.666859049818844,53.29482363478332],[5.667006101519762,53.29483587177878],[5.667085439519882,53.294813223530156],[5.668273741957524,53.29489401224586],[5.669041968487549,53.29495061673487],[5.66912463993655,53.29497917583952],[5.669580742833856,53.29500775601019],[5.669822306543261,53.29502425998967],[5.669876319350314,53.29502772701881],[5.669961708032555,53.29501314944914],[5.670906880137883,53.29506573116299],[5.671598539316943,53.29510902212453],[5.671706761107752,53.295145605769974],[5.671850798061339,53.2951551483747],[5.672029340184415,53.29516640605318],[5.672075848877824,53.29516899135453],[5.672560384726744,53.29518760888647],[5.67306003721558,53.29522415919811],[5.673109551406702,53.295227635481695],[5.673520620538548,53.295249119615406],[5.673673740075145,53.295271217881194],[5.673702252465786,53.29527384547676],[5.674030874139356,53.295300915723956],[5.676946525759141,53.29554910140027],[5.67696752785933,53.29554994926813],[5.677164057478945,53.295559358852245],[5.677279566067864,53.29556357261027],[5.677641101270238,53.29557797399456],[5.677890109241254,53.295585458405895],[5.678069972560212,53.29556974784781],[5.678924964480212,53.29559013760408],[5.679869958723281,53.29561299760641],[5.679957131659299,53.29564063976203],[5.6801146390438,53.2956456469532],[5.680353143661498,53.295652253341366],[5.680738700642864,53.29567018091799],[5.681133262406366,53.295688983757124],[5.681313296597494,53.29569842692516],[5.681406181339278,53.295683822866344],[5.682159349536733,53.29572690238622],[5.682831515558326,53.295767480985276],[5.682921665500436,53.29579151952233],[5.683193233186758,53.29580792275835],[5.683397282474802,53.29581999922775],[5.683643336610025,53.295833768755905],[5.683940412584367,53.29585190441498],[5.684183461425513,53.29586478172683],[5.684342500800959,53.295874272269174],[5.68442802252927,53.295879451876466],[5.684725092943473,53.29589668707458],[5.684899123651765,53.29590524120835],[5.68535973964493,53.295932851794625],[5.685802340770754,53.29595780979693],[5.686042409977061,53.29597338636555],[5.686291459052924,53.29598624448647],[5.6865749896619,53.29599721907868],[5.687038538425946,53.29601493202914],[5.687337060495566,53.29602496886271],[5.687406067031468,53.29602749201222],[5.687473580099236,53.2960309173916],[5.687721105140255,53.29604018221756],[5.687983633903549,53.29605030749759],[5.688189172851925,53.296060575031696],[5.68843524870332,53.29607703030546],[5.688570294008489,53.2960865754298],[5.688867373770362,53.29610469890471],[5.689065452247835,53.29612037489326],[5.689113469006166,53.2961238483492]]],[[[5.689113469006166,53.2961238483492],[5.68909545957495,53.29612209654545],[5.689131472146208,53.29612470163018],[5.689113469006166,53.2961238483492]]],[[[5.686705132450219,53.31105990984368],[5.686715646739836,53.31106168069367],[5.68669612466316,53.31105903376842],[5.686705132450219,53.31105990984368]]]]}},{"type":"Feature","properties":{"gezicht_uri":"https://linkeddata.cultureelerfgoed.nl/cho-kennis/id/gezicht/10134205","gezichtsnummer":"1350","naam":"Nijland"},"geometry":{"type":"MultiPolygon","coordinates":[[[[5.578263547358836,53.0497067742944],[5.579450333201024,53.04998793246017],[5.579080269725108,53.05061036073047],[5.578998357214058,53.05063475444017],[5.578965938254442,53.05072286960373],[5.57899892086612,53.05076235527368],[5.579470616493853,53.05086403862385],[5.579075904636352,53.05164735636915],[5.579425088237938,53.051696218784194],[5.579351755836328,53.05197490371789],[5.579591988752523,53.052004171382016],[5.578730630280075,53.05248450963807],[5.57686342051687,53.05247310795532],[5.576102233481777,53.05199176281065],[5.576218274352726,53.05192688000648],[5.576073187060053,53.05182826287439],[5.575788179206601,53.05179007273558],[5.575316867713319,53.051433170911295],[5.575453856503493,53.051384430744896],[5.575242735666045,53.05118886734595],[5.574793155096952,53.05137198998216],[5.574674014584653,53.051409918169746],[5.574282974585266,53.05098998412382],[5.574761019543077,53.050837371262375],[5.574817878259925,53.05088131364559],[5.575917658488252,53.050356595711655],[5.575716554068571,53.0500630694607],[5.57608137830724,53.049940283632786],[5.576201953955846,53.04989066990182],[5.576802347851978,53.049757624661304],[5.576958485122035,53.049997304251534],[5.577048172051153,53.05004568650887],[5.577251154801707,53.0500849026511],[5.577414043428764,53.05016282219987],[5.578263547358836,53.0497067742944]]]]}},{"type":"Feature","properties":{"gezicht_uri":"https://linkeddata.cultureelerfgoed.nl/cho-kennis/id/gezicht/10134214","gezichtsnummer":"1333","naam":"Woudsend"},"geometry":{"type":"MultiPolygon","coordinates":[[[[5.630925424217963,52.94124376027238],[5.631005194850508,52.94194183620893],[5.6310408618255,52.94220146863044],[5.631108596569082,52.94234331445428],[5.631186570571779,52.94271968278214],[5.63128283995898,52.94317509339817],[5.631314507255328,52.94325141253004],[5.631372795186806,52.943299819563975],[5.631417851071022,52.94337611128389],[5.631523529700803,52.943651775636866],[5.631699505670966,52.943994693462884],[5.631844954781013,52.94419928398338],[5.632026017437858,52.944387625890194],[5.631376039935026,52.94440962551511],[5.631224120620041,52.944377585305446],[5.630370291751806,52.944924797852444],[5.630223410790199,52.94499608894788],[5.630135744750812,52.9450151386563],[5.630049416006478,52.94500722658016],[5.629952613664534,52.94498855213694],[5.629825793202691,52.94492231105256],[5.629662777282792,52.94503497137757],[5.62912000516473,52.944807819520626],[5.628994733982789,52.944752358014426],[5.628863387945807,52.94467444283799],[5.628784129541271,52.944600016665696],[5.628640036654266,52.94436935934843],[5.628259641589097,52.94444920772983],[5.628092868004666,52.944420788066104],[5.628242960471214,52.9441230374592],[5.627196461277162,52.94399753970667],[5.626831743547772,52.943952441979995],[5.626733462250917,52.94393466652998],[5.626638136503227,52.94391329053786],[5.626769328248961,52.943693760776334],[5.626560910560477,52.94366632116235],[5.626606167043947,52.943509868174715],[5.626652915735411,52.943354310803265],[5.626722032253343,52.94320859350433],[5.626800286314392,52.94310149907194],[5.627092105185531,52.9431467433942],[5.627319162789882,52.94277784709743],[5.627326179667499,52.942701449108014],[5.627319706177053,52.94233661676427],[5.627013199940564,52.94232465195386],[5.627074089207279,52.94203606812362],[5.628191038822576,52.94199787337013],[5.628168573054262,52.941701369463566],[5.628843510867991,52.94162721591674],[5.628765053039573,52.941427877898825],[5.629245079958365,52.94134692721414],[5.629261113221408,52.94128758484563],[5.629650609008136,52.94124455868572],[5.629650604007646,52.94124366006157],[5.629733825129683,52.94122911287921],[5.63040392647249,52.94135625440484],[5.630925424217963,52.94124376027238]]]]}},{"type":"Feature","properties":{"gezicht_uri":"https://linkeddata.cultureelerfgoed.nl/cho-kennis/id/gezicht/10134215","gezichtsnummer":"1334","naam":"Workum"},"geometry":{"type":"MultiPolygon","coordinates":[[[[5.449206538355046,52.98425171861098],[5.449215348686362,52.98425895690394],[5.449170073967974,52.984283899164616],[5.449191614261236,52.98430086289399],[5.449178502748928,52.98430548861455],[5.449151722252657,52.98432059934115],[5.449124568205852,52.984334811636025],[5.449072856841346,52.98435693553601],[5.449030077837751,52.98437792252151],[5.448866402899214,52.98445936829853],[5.448643223318473,52.98457015749655],[5.448421883583565,52.98467711720995],[5.448205394107369,52.98478204314832],[5.448013462327417,52.98487973126819],[5.447791750675849,52.984989170183454],[5.447629572853021,52.98506904090602],[5.447474452128399,52.985148683184455],[5.447300765770838,52.98524139155883],[5.447111456542846,52.98534335432218],[5.44629288021205,52.98471427091042],[5.446528158947753,52.98460469322384],[5.446740565030002,52.98450576615015],[5.446941169864035,52.98441231720284],[5.447001227650527,52.98438434901233],[5.447288390866106,52.98425059787378],[5.447264569627939,52.98423107388457],[5.447219133428846,52.984193831006515],[5.447457039860227,52.98408231811816],[5.447348208166903,52.98400631389487],[5.447459923021237,52.983949590527665],[5.447585207580786,52.9838859767563],[5.44758560932,52.98388576987029],[5.447690576799484,52.98382786352414],[5.447618758358638,52.983781728852705],[5.447488994747726,52.983696946853996],[5.447229898699187,52.983536602050755],[5.447211851597374,52.983525315483945],[5.44720094285171,52.98351848247686],[5.447039936309114,52.983415927522266],[5.447093580717976,52.98338386928158],[5.447188261602404,52.98332794549827],[5.44727963895099,52.98327362284708],[5.447094397372374,52.98315549360481],[5.447054232853283,52.983128680982254],[5.447016035618703,52.98310317934418],[5.447006494477115,52.983094620282166],[5.44699756573849,52.9830982731575],[5.446972914450864,52.983091752551026],[5.446959281277056,52.98308508263842],[5.446921663755296,52.98305879888003],[5.446911067075042,52.983051399558725],[5.446859436206736,52.98301531211388],[5.446769586867806,52.983062810912486],[5.446672364610733,52.983111304049224],[5.44657340458429,52.98316311387908],[5.446475498420755,52.98321267655243],[5.446370029702703,52.98326342907639],[5.446271329993212,52.9833100984186],[5.446189311433525,52.98334940871585],[5.446056463438821,52.983413788595094],[5.445914999532288,52.983482342164834],[5.445796219498705,52.98353691986701],[5.445732828811663,52.983497339842174],[5.445611958852027,52.98340146246473],[5.445434846826789,52.983246896622525],[5.445251044945161,52.9830880832965],[5.445084874227111,52.98294088027839],[5.445026712158262,52.982893569201885],[5.444910540244552,52.98280116647999],[5.444800239161718,52.982711690307866],[5.444731567497553,52.98265446339653],[5.444693983196346,52.982629481917456],[5.444636347353289,52.98258538745314],[5.444445033467304,52.98246154178667],[5.444371488227269,52.982411362186426],[5.444296473155249,52.982341611297514],[5.444246614107508,52.98228905690128],[5.444178457051482,52.982225799677956],[5.44406656982614,52.98213941482631],[5.444006483623911,52.982087826728666],[5.443960745130002,52.98205468044272],[5.443878833725288,52.98198194914903],[5.443827261628985,52.98193950486489],[5.443731160545809,52.9818662230626],[5.443632933321571,52.98178355160609],[5.443572987904408,52.98172494499425],[5.443508761676661,52.98166032860361],[5.44343346058091,52.98158609317822],[5.443348394212944,52.98151317428959],[5.443322416710168,52.981493174247035],[5.443228522302231,52.98142087048894],[5.443082557211374,52.98131066929609],[5.44298600345328,52.98123065642724],[5.442850799035116,52.98111633422766],[5.442736259094339,52.98102371291677],[5.442637503698725,52.980944204013376],[5.442579948883625,52.980890214687534],[5.442540484520067,52.980848195547665],[5.442487959366518,52.98078014941565],[5.442460758850026,52.980734422242584],[5.442433481631538,52.98069857992452],[5.442397137697785,52.980663137191684],[5.442333381753182,52.980614515379216],[5.442266657587416,52.980561554565874],[5.442237292898807,52.98053484315104],[5.442206852535906,52.980505193735766],[5.442190953632035,52.980483463438794],[5.442189359542023,52.98047091943025],[5.442181311658104,52.980452860868],[5.442166156528409,52.9804423450099],[5.442148333358499,52.980441247924],[5.442136926910924,52.98043990525065],[5.442111604498924,52.98044249595994],[5.442090784480201,52.980449838293744],[5.441910029609377,52.98033877100711],[5.441902270410575,52.980325205396255],[5.44188153736044,52.98030700885472],[5.441745480919096,52.980244670973576],[5.441671699009826,52.98020212806613],[5.441595617825786,52.98015433821709],[5.441429893699674,52.98003590363143],[5.441312706313232,52.97995269967911],[5.441257025192367,52.97990648192062],[5.441237611839525,52.97988358488011],[5.441212642469046,52.979846608966476],[5.441202542148321,52.979829881224035],[5.441161380067799,52.97976171252026],[5.441133996556911,52.979710862976425],[5.441118061735855,52.97969551275604],[5.441119505107079,52.9796588933043],[5.441103164824713,52.979592753214995],[5.441080560627884,52.979541874536295],[5.441032651917803,52.979471561128335],[5.440987863174401,52.97940782419679],[5.440941104936744,52.97935258908925],[5.440849870635994,52.979269381948754],[5.4407573025589,52.97919089309601],[5.44065665100527,52.979100725723065],[5.440569168698413,52.97900466639925],[5.440528487825099,52.97895107287904],[5.440513957788014,52.97892750855016],[5.440507210198853,52.97892486962248],[5.440216617719981,52.97881117091416],[5.440180943731212,52.97882174557523],[5.440022746932574,52.9788745648498],[5.439874022840885,52.97893084840499],[5.439688966430041,52.9790078699813],[5.439614184727716,52.9790463638716],[5.439500287629071,52.97910637888634],[5.43939037443762,52.97916153949365],[5.439291815441769,52.97921229179405],[5.439229887943056,52.979256045740854],[5.43918454100984,52.979295712684795],[5.439155663588863,52.979325532533224],[5.439129232964357,52.979347209802945],[5.439086606046293,52.97935830836505],[5.439052916218339,52.97936038086996],[5.438967954120761,52.979340135932624],[5.438885017519668,52.97930789346727],[5.438805315154796,52.97926594443768],[5.438750483896594,52.97923031987624],[5.438731249575974,52.97921891570892],[5.438709265284222,52.97921117910062],[5.438690725744436,52.97920812281494],[5.438675608738114,52.979216127071915],[5.438672936596476,52.979184991010534],[5.43868204432395,52.97906870552427],[5.438683785476253,52.979005280103145],[5.438710079233474,52.97900626621036],[5.438743480593652,52.97899970082159],[5.438835135517477,52.978977258523386],[5.439148779002185,52.97889730669926],[5.439616549359614,52.978772903468325],[5.439803904418323,52.97872602972108],[5.440059531830023,52.97866357028764],[5.439953665210584,52.978543210952935],[5.439926814753645,52.978512687689054],[5.439889813199284,52.978471960571056],[5.439782714804942,52.978354072831266],[5.439711931265766,52.97827523205959],[5.439627402788999,52.978181057827484],[5.439585183405661,52.9781340155994],[5.439521541460856,52.97806312436879],[5.439381064756886,52.97790661917603],[5.439275965236789,52.977789682626856],[5.439261192342227,52.97777376551157],[5.439230929624721,52.97773997259374],[5.439307184244432,52.97771466105885],[5.439365853494826,52.97768699379978],[5.439432905099157,52.977659844038506],[5.439490890452952,52.97763308462494],[5.439554068486414,52.977603779803474],[5.43960111001407,52.977576027673344],[5.439610904033986,52.97756195095581],[5.439599901046332,52.977548817949554],[5.439578319697357,52.977528976890255],[5.43957608405969,52.977526920029796],[5.439442770600029,52.97744527588732],[5.439368163816939,52.97739497229098],[5.439356784145329,52.977387298551804],[5.43925005628898,52.97730185935684],[5.439138457587477,52.97722634296847],[5.43909816838359,52.977198638048534],[5.438811177788836,52.976971195777004],[5.438590183095587,52.9767977135447],[5.438476396959469,52.97670839015028],[5.438379531589688,52.976632349993146],[5.438259517243107,52.97653779459191],[5.438145998862188,52.97644395743458],[5.438135563884972,52.97643533288084],[5.438016349292056,52.9763235862555],[5.43789923456044,52.9762119644214],[5.437825959020294,52.976147744121434],[5.437706039912118,52.976043294285724],[5.437498840014915,52.97586354973565],[5.437339353606559,52.975708451919715],[5.4370594052262,52.97545206675944],[5.437013640971976,52.97541173328304],[5.436876486084834,52.97547258680989],[5.43670108672003,52.975338187775925],[5.436594208805872,52.97538664089442],[5.436537803871196,52.97541116968412],[5.43630985858939,52.97520106944047],[5.43623173703661,52.97523183448647],[5.436014035096052,52.975315226133425],[5.435971328236822,52.97533186812889],[5.435909786948099,52.975280042818085],[5.435690590763668,52.975092679685815],[5.435648421106931,52.97505702154751],[5.435572128400512,52.97499244162374],[5.434922680990001,52.974442683910816],[5.433294478764558,52.97298087107573],[5.433267888002806,52.97299104478346],[5.433195065218179,52.97300537899587],[5.433087069196263,52.973022386641496],[5.432924851669469,52.973061988413775],[5.432842702557955,52.97308349699862],[5.43276925621688,52.97302879900776],[5.43271604221585,52.972961692250195],[5.433088947596572,52.972630712276604],[5.433325331978101,52.97247109748121],[5.433072827059967,52.9722513739037],[5.433091880858162,52.97223714136625],[5.433074259401034,52.97222631974997],[5.432975487044187,52.97216565578212],[5.43290019556076,52.97212445363399],[5.432967908201041,52.97205087760719],[5.433015546772061,52.972012254457724],[5.433250882697996,52.97182140405285],[5.433845715656481,52.97125158495303],[5.433969989847844,52.97127422196185],[5.434099205927864,52.97131040363745],[5.434295271312742,52.97137207066939],[5.434550898119486,52.97145057188541],[5.434780871701752,52.97149629205092],[5.434765211263642,52.97154317272405],[5.434844096283241,52.97154175507496],[5.434960405193309,52.97153478910524],[5.435166033147887,52.971424679094994],[5.435893599443825,52.97183763365996],[5.435576041412476,52.972038012142654],[5.435527237176629,52.972070517164546],[5.435507557791956,52.97208362706632],[5.435425448334819,52.972138027011184],[5.435506056927729,52.97229334151735],[5.435513762029722,52.97230819038022],[5.435618220953713,52.972405558676215],[5.435706903238638,52.97254472824374],[5.435727352110714,52.97258065583693],[5.435768265370874,52.97262637007232],[5.435802090423156,52.97265652304074],[5.435842278036398,52.97269218195856],[5.435900670000486,52.97273988395195],[5.435966872564005,52.97279663184907],[5.436033074319622,52.972852508045065],[5.436164007591834,52.972966902879],[5.4362169650325,52.97301301638566],[5.436441253122672,52.973182080605895],[5.43649607358112,52.973216565040964],[5.436552802108642,52.97325328623021],[5.436582328409476,52.97327241465516],[5.436678907312412,52.973334990601735],[5.436776990623871,52.973398105016685],[5.436973383753624,52.97352639135265],[5.437034569255002,52.97356435504024],[5.43708895221259,52.973605922773906],[5.4371359478211,52.97365065223629],[5.437175056823056,52.97369806512902],[5.437205865525055,52.973747660651334],[5.437228042069458,52.97379890876176],[5.437241355056639,52.973851261402466],[5.437249967267725,52.9739129482085],[5.437269378613858,52.973973731853015],[5.437299365055967,52.97403293171865],[5.437339594630362,52.9740898739705],[5.437389605147914,52.97414391852469],[5.43744883767913,52.97419445229515],[5.437504586706708,52.974231982195796],[5.437721082142937,52.97435980048789],[5.437957427108938,52.97450405471564],[5.438124608820358,52.97459660437152],[5.438192092017695,52.97463612387323],[5.438228590023688,52.97465785490495],[5.438287152609068,52.97479549872063],[5.438610245752973,52.97496355486149],[5.438726309015649,52.975008970515454],[5.438623939395577,52.97507478937568],[5.438573405890132,52.97510622699808],[5.438508123305694,52.97514096889297],[5.438693056459881,52.975235720703104],[5.438838127032883,52.97532122471251],[5.438877093607359,52.975302435607944],[5.438885243791932,52.97530833601966],[5.439065323167894,52.9754386747836],[5.439296082038285,52.97565831414337],[5.439164619481242,52.975936297303825],[5.439199402963309,52.97594219506276],[5.43929329513958,52.975953611484435],[5.439393857788338,52.975965833670635],[5.439462048588736,52.9759720941381],[5.439518180257834,52.97597791055045],[5.4395586813952,52.97598455155061],[5.439571189103635,52.97598660389857],[5.43990034590552,52.9760366468225],[5.441219022031464,52.976310064164224],[5.44141506839509,52.97636615697719],[5.441418389453252,52.97636710800547],[5.44153896348914,52.97639225044734],[5.441764411106401,52.97644672973161],[5.441839761244474,52.976462780540736],[5.442324658510472,52.97653434815136],[5.442690812849976,52.97661548553694],[5.442776614158422,52.97663120738513],[5.4427889140336,52.976633457189806],[5.443146833297171,52.976711469813736],[5.443153653658401,52.9767129583242],[5.443156739800982,52.97671640758255],[5.443180155870895,52.97673806235499],[5.443201763330132,52.97675409260117],[5.443253880461433,52.976797273831025],[5.443265917468819,52.97680342372791],[5.44343487287901,52.97689354777428],[5.443443585339128,52.97689607777656],[5.443718054919834,52.97710486847969],[5.443993972208908,52.977325789240794],[5.444078819023667,52.97742973726083],[5.44414636566068,52.977487459411286],[5.44415010814986,52.97749178897863],[5.444186016495832,52.9774798471117],[5.444207805716537,52.977497683314915],[5.444269135097406,52.97746897895966],[5.444445640579448,52.97738765894934],[5.444482601787389,52.97737268813292],[5.444576537327078,52.97733465822753],[5.444587857296544,52.97733871454752],[5.444606498486316,52.97738517328789],[5.444619554315655,52.97738468174432],[5.44462789337811,52.977464987526105],[5.444620658322354,52.97746526059784],[5.444642203847011,52.97761389118645],[5.444729059571084,52.97767057927059],[5.444685130170504,52.977696381909894],[5.444736695136017,52.977736606284125],[5.444742492479994,52.977741132537545],[5.444782954664417,52.97777269954033],[5.444868534408894,52.97773980232752],[5.444949981759738,52.97781818783137],[5.444932752975519,52.97782668814813],[5.444878961326583,52.97784761611942],[5.444884922704761,52.97785232201071],[5.444931048870753,52.977888702831805],[5.44495456659324,52.977907292901776],[5.444980513623562,52.9779278138254],[5.445043376418439,52.977977261429146],[5.445101330488304,52.97801864176423],[5.445162547211777,52.97798350288118],[5.445221383594076,52.97794972204315],[5.445276912875499,52.977914513979066],[5.445337071722337,52.97787896215508],[5.445396085024797,52.977844093811804],[5.445455203279001,52.97780984543648],[5.445520658725715,52.977771936542524],[5.445542517694373,52.977785764615795],[5.445885621929527,52.97799513673234],[5.446083861454567,52.977879896384984],[5.446262943656848,52.97794300109648],[5.446370285482049,52.97807444312464],[5.446243749550662,52.9781483905013],[5.446279204845362,52.97818648346429],[5.446253067029278,52.978201404540776],[5.44608099132778,52.97829959213319],[5.446046626506312,52.97834105351163],[5.44593353008215,52.97840173925636],[5.445930301719341,52.97840346619953],[5.44580197062289,52.9784723008306],[5.445798144522099,52.978472392573394],[5.445793008311587,52.97847251191864],[5.445701697388294,52.97852583601109],[5.44569629726518,52.97852898383496],[5.445689542982775,52.97853261757849],[5.445663359318612,52.97854696342933],[5.44565519780168,52.97855589972581],[5.445609998690694,52.97855667672159],[5.445556742532036,52.978588756619295],[5.445496282710438,52.97862251145107],[5.445482238883093,52.97863035429403],[5.445537619104975,52.97864994410603],[5.445603047108453,52.978690385966566],[5.445658804793332,52.9787248477166],[5.445712968205721,52.97875832173965],[5.445766938010238,52.9787916879984],[5.445821429407008,52.978825368493375],[5.445884101333557,52.97886411315958],[5.446035745199227,52.97895785445677],[5.445974618636141,52.97899409903611],[5.445868399721696,52.979055482240504],[5.445588972956729,52.97916294173033],[5.445536381057488,52.979158078978664],[5.445516505498548,52.97915828639938],[5.445489718248434,52.97916695322003],[5.445477887205655,52.97917077814337],[5.445450326087847,52.97917969694731],[5.445376277675098,52.979217421269524],[5.445253992525187,52.97927853319012],[5.445110960909842,52.97934580163158],[5.445007618151482,52.97939958932003],[5.444972654733912,52.97941778537027],[5.444380428194202,52.97973629951697],[5.444536021012556,52.979832844495256],[5.444590572528396,52.97986668726396],[5.444646012554272,52.979896836247825],[5.444654534916899,52.979901469024114],[5.444686756373906,52.97991475307833],[5.444717715777338,52.97991940198701],[5.444743527003006,52.979915264861376],[5.444764833863835,52.97990507320119],[5.444772823694325,52.97990107048033],[5.444874015855511,52.97985237023752],[5.445027005013754,52.979759073201386],[5.445037115131152,52.97974852747444],[5.445054102345791,52.97973695398169],[5.445073144429512,52.97973675602878],[5.445129263991602,52.97976277979026],[5.445308272111504,52.979854783334034],[5.445440008713423,52.97993481312243],[5.445232805819647,52.980080275061624],[5.445193454402364,52.98007960676599],[5.445211143961488,52.98009219232929],[5.445203734886827,52.98009626668632],[5.445114137136681,52.98014225672433],[5.445080956146707,52.98015771114302],[5.44523037292964,52.980265167460324],[5.445544451488934,52.980433316832915],[5.445564468138789,52.98044903289679],[5.44560912182835,52.98048406621952],[5.445627871629922,52.980498776438104],[5.445637890414148,52.980508854051166],[5.445771530949004,52.98058561154744],[5.445550847714144,52.98070594621354],[5.445774826092095,52.98085405485608],[5.445840244668584,52.980895925373105],[5.446005159577987,52.98098823132065],[5.446042503176336,52.9810008834447],[5.446071867729858,52.98100357379588],[5.446258686731324,52.98100944823931],[5.44627955966041,52.98100848536011],[5.44635529419183,52.98103738338741],[5.446375180840016,52.98106654274014],[5.446396072159219,52.98108997737795],[5.446421483301364,52.98110869200937],[5.44648154609003,52.981152928204736],[5.446540953235967,52.98119668842691],[5.446618051522626,52.98125346081401],[5.446626636228095,52.98125978282336],[5.446628722787464,52.981261318424295],[5.446666762960942,52.98133656790492],[5.446666912183185,52.98133681045801],[5.446688054777373,52.981369563611466],[5.446706379576307,52.98138867710943],[5.446727790841661,52.981411015110744],[5.44675369672011,52.981431966987714],[5.446808564198675,52.98147634040282],[5.446811411177171,52.98147864843384],[5.44683230477614,52.98149258457409],[5.446879715759003,52.98151730885729],[5.446959444403098,52.981558884032104],[5.446999340752603,52.98157585693987],[5.447003050312372,52.981577436651136],[5.447010543927648,52.98158063198075],[5.447013776752817,52.98158200524813],[5.44701425348823,52.98158221169163],[5.447100081668268,52.981619982547734],[5.447137179162812,52.98163709160834],[5.44715462543233,52.981645143461336],[5.447176885445403,52.98165649082703],[5.447186808569256,52.98166153608131],[5.447172380845918,52.981672200976575],[5.447248941108789,52.981672467973326],[5.447296945005308,52.981694963212846],[5.44741166589141,52.981748732691756],[5.447542183660952,52.981823351043644],[5.447587260434154,52.98186067488195],[5.447612869572366,52.9818818873204],[5.447661872024371,52.98191547986668],[5.447874113836042,52.9820832253312],[5.447958875835348,52.98214522290966],[5.448002940726483,52.982182475213925],[5.448059255825361,52.98221703437517],[5.448112563435,52.98225163997703],[5.448118572791518,52.98225537292041],[5.448092078073057,52.98227455626915],[5.448056221725145,52.98229378707471],[5.44805324608781,52.98229537915114],[5.448130158840665,52.98234446743828],[5.448192139247973,52.982384037940776],[5.448341706857709,52.982460829307975],[5.448241200951762,52.98251203924683],[5.448206815837272,52.98252935528214],[5.448188079974445,52.98251521159978],[5.448173410135307,52.982523135945634],[5.448129087719026,52.982546774339134],[5.448060228876146,52.98258204440041],[5.448079590006823,52.98259613386606],[5.44814788941297,52.98263966407679],[5.448316083126794,52.98275775551303],[5.448326741960523,52.98276688002915],[5.448435541303051,52.98285260647434],[5.448551900865159,52.982935426386135],[5.448590830447038,52.98296234697759],[5.448565432292896,52.98297532713792],[5.448717760264573,52.98302276767264],[5.448828157788824,52.98296411165548],[5.44897945473385,52.98288320249244],[5.449560065282781,52.982577486258776],[5.449709708443667,52.98249771827376],[5.449838234817936,52.982426129651024],[5.450223550444118,52.982288051332],[5.450480608357138,52.982171157471114],[5.450538495855,52.98214929925249],[5.45064601505402,52.98210081544986],[5.4507210819481,52.982066969392626],[5.45085754119332,52.982005430998875],[5.450892759626759,52.98204971417302],[5.45108268715873,52.98221181353434],[5.451271199723205,52.98214046079998],[5.451246570173552,52.98210835734252],[5.451121255701631,52.98195988489471],[5.451388646710908,52.98183333683982],[5.451392806341278,52.98183457245026],[5.451390677665224,52.98183237646943],[5.451639232552246,52.981708475437166],[5.451635953371559,52.98170606890646],[5.451886892532413,52.98158447552024],[5.452035984073171,52.98148941037664],[5.452212872307706,52.98162284008168],[5.452390610469388,52.98175637688999],[5.452568208293658,52.98189487389033],[5.452830125844325,52.981787497672514],[5.453079691793636,52.9816851779473],[5.453071046347673,52.98167874860089],[5.453286123071298,52.981827683772536],[5.453430814967385,52.98189527860364],[5.453489630253851,52.98190695494915],[5.453473528506406,52.98191244548206],[5.453549708209911,52.98194594862109],[5.453796283928269,52.98210071984713],[5.453796983193213,52.98210037348787],[5.453848556778521,52.98213247484561],[5.45340166786479,52.98240968524531],[5.453291945327855,52.98234675057904],[5.453273912780141,52.98235553110427],[5.453254791954064,52.98234384166111],[5.452960980779767,52.98259991308753],[5.453001646548181,52.982867086359875],[5.453010203856373,52.98292329930934],[5.453008739972368,52.982959505519034],[5.452996907555172,52.9829823280106],[5.452949362732125,52.983020087287336],[5.452956132489217,52.98302661652255],[5.452835815486036,52.98311913282807],[5.453113854821456,52.98333366878212],[5.452885925313157,52.983477744464054],[5.453017126934711,52.98355186218846],[5.453048009937192,52.98357011857643],[5.452709591702307,52.98373818960404],[5.452429769772469,52.983878824218415],[5.451908745981044,52.984140696272654],[5.451724691449196,52.984000647262974],[5.451973318605648,52.98387760825558],[5.451786133158712,52.983734227150904],[5.451612096675111,52.98360092116122],[5.45153268235449,52.98363635167818],[5.451431230231762,52.983550444387426],[5.451410522426765,52.983532914478914],[5.451321076606443,52.98346027324297],[5.451229529450781,52.98338615034413],[5.451146745171886,52.98331707291912],[5.450994037083729,52.983398569673454],[5.450888402742447,52.98345494264557],[5.450879267591275,52.98345981804386],[5.450775435112544,52.98350635905129],[5.450707745974086,52.98353669658103],[5.450667160681341,52.983559956498006],[5.450562528397422,52.983619932111495],[5.45046206151474,52.9836775330662],[5.450394919796776,52.98371602959473],[5.45035726073556,52.98373465996228],[5.450248717361309,52.98378836500279],[5.450139831512994,52.98384224984849],[5.450029308678629,52.98389694421442],[5.450014219882209,52.98390354803256],[5.449649497993599,52.984063046903046],[5.449350469474758,52.98419228086496],[5.449328028653238,52.98420156631417],[5.449324421164473,52.98419869261062],[5.449206538355046,52.98425171861098]]]]}},{"type":"Feature","properties":{"gezicht_uri":"https://linkeddata.cultureelerfgoed.nl/cho-kennis/id/gezicht/10134216","gezichtsnummer":"1335","naam":"Weidum"},"geometry":{"type":"MultiPolygon","coordinates":[[[[5.737453561759568,53.14553766226803],[5.737819747467698,53.145540185581744],[5.738006794966402,53.14556839271506],[5.738413405807859,53.145579781674215],[5.738566692243744,53.14568356782117],[5.738822132362847,53.14585175196279],[5.739145899499156,53.14596761709402],[5.73935113249078,53.146026320514714],[5.739398913719109,53.14602078857843],[5.739456732797677,53.14596310933207],[5.73954162137459,53.14592601785358],[5.739688114559237,53.14592918130675],[5.739879560737862,53.14594658959038],[5.740068127818494,53.145977484784474],[5.740253413432921,53.14578913522522],[5.740363224321062,53.14569266327416],[5.740638568285822,53.145734983336276],[5.741291116596911,53.14566476438112],[5.741254160998902,53.14553188336241],[5.74120720673534,53.14545564257709],[5.741528578587462,53.145460982705714],[5.74208034123195,53.145494394453806],[5.742720590930963,53.14556528161023],[5.742440767178973,53.14607021641687],[5.742598836158456,53.146209027953255],[5.742644852216104,53.14635266465027],[5.742701418930028,53.14650705300947],[5.744616826467791,53.14660918460038],[5.745350978809795,53.14664653002866],[5.745358510023914,53.146834311252235],[5.745413108632295,53.14711091141627],[5.745395367010144,53.14713432759635],[5.745334275360306,53.14715697476915],[5.744317610924975,53.14711687724241],[5.74276067118425,53.14698851733316],[5.741967895991492,53.14691089342343],[5.741674564388925,53.146863238134834],[5.741597426054887,53.14711686650561],[5.7415031431339,53.14710186943704],[5.740555327965336,53.146889907208205],[5.739769190101671,53.146708912237976],[5.739301909452608,53.14658987629272],[5.739089322050032,53.146913990408194],[5.738469872859772,53.14682954414728],[5.738601058891552,53.14660361535353],[5.738392813215613,53.14654222373956],[5.738259630626372,53.146521946639275],[5.737700508672746,53.14650381472004],[5.737841643032062,53.14621405829615],[5.737337336485601,53.146135559248826],[5.737453561759568,53.14553766226803]]]]}},{"type":"Feature","properties":{"gezicht_uri":"https://linkeddata.cultureelerfgoed.nl/cho-kennis/id/gezicht/10134217","gezichtsnummer":"1342","naam":"Pingjum"},"geometry":{"type":"MultiPolygon","coordinates":[[[[5.436911905514216,53.11634411094765],[5.436748951806956,53.116205796816445],[5.436714502884589,53.116120445674966],[5.436763766557388,53.11610065640416],[5.436485688223588,53.11585276243585],[5.436734965396416,53.11573045193927],[5.43650473397542,53.115528365898],[5.436398565250808,53.115414289558274],[5.436807537079445,53.115198460292085],[5.437073703392938,53.11547960613413],[5.437538647438416,53.11587838219304],[5.437543129035784,53.11587927888764],[5.438400119443643,53.115635398442166],[5.438301393879219,53.115505146094286],[5.438786620839713,53.11536925137671],[5.438853943176866,53.11546537073596],[5.439300221159551,53.11523334231477],[5.439289727726288,53.115200997876606],[5.439343273526023,53.115018562007776],[5.439650800036866,53.1149096987237],[5.4398403565029,53.11481436545033],[5.439893800960374,53.114551056804025],[5.439898187197211,53.11447377664966],[5.439832173808475,53.11422669515742],[5.439766313006318,53.11410451672954],[5.439973846349375,53.114057698847496],[5.44036798569977,53.113949693973304],[5.440482970319875,53.113940656897306],[5.440662187680046,53.11394327257376],[5.441331291659145,53.113973523103425],[5.441510562243747,53.11401837093955],[5.44164499336598,53.11403448426047],[5.441727098183494,53.11400659070534],[5.44193032371073,53.11409815334893],[5.441866192578336,53.11416737368588],[5.441776638394903,53.1142096480831],[5.441639012409182,53.11521522626409],[5.441443469504006,53.11529888350174],[5.441507905409403,53.115470483714724],[5.441517044753707,53.1156124557787],[5.441254197492773,53.11562066225429],[5.44125712609882,53.115573934579395],[5.441164528698374,53.11557397644488],[5.441161661663697,53.11567012618947],[5.440943710863436,53.11575199555113],[5.4402896097097,53.11579901438763],[5.440386862763375,53.11594094732903],[5.440185313656866,53.11600303916185],[5.440156896034941,53.11596980417277],[5.439956839987232,53.11603189495862],[5.439850647821113,53.11590703870057],[5.439165402779425,53.116140071905335],[5.438981482777809,53.11595953649357],[5.438912807735637,53.11598203083359],[5.438852997137625,53.115923648783536],[5.438002063213856,53.1162403151292],[5.437593003717844,53.11638426176659],[5.437518246467171,53.116315102362314],[5.437338865261611,53.11617949170173],[5.436911905514216,53.11634411094765]]]]}},{"type":"Feature","properties":{"gezicht_uri":"https://linkeddata.cultureelerfgoed.nl/cho-kennis/id/gezicht/10134218","gezichtsnummer":"1343","naam":"Piaam"},"geometry":{"type":"MultiPolygon","coordinates":[[[[5.406363299905887,53.036160564011915],[5.407354806707787,53.036458736812364],[5.407500850250536,53.036344589035814],[5.408095303303063,53.03558067116811],[5.40842316800711,53.03537303510718],[5.408789835222163,53.0352579474839],[5.408880948649307,53.0356119815446],[5.410109275121049,53.035500323930115],[5.410248314461088,53.036247936912844],[5.41040516085357,53.03683289852507],[5.410449967142244,53.036985652674055],[5.410611045354457,53.037116817425726],[5.410819857170258,53.037296497161705],[5.411162912604629,53.037598359838626],[5.41111830971816,53.03781852707524],[5.411088558137479,53.03793625032222],[5.411073716812277,53.03805756498395],[5.411103593360373,53.03816539158035],[5.410984489440286,53.03846285371078],[5.410805864646178,53.03897149965941],[5.410761224220607,53.03912876434794],[5.410746532503287,53.03952684912976],[5.409983120589954,53.0393859170031],[5.409758502639632,53.040354655533186],[5.409203883370038,53.04036194837551],[5.409118801772037,53.04016696694556],[5.40777252527099,53.04020944217006],[5.406353198722638,53.04026898754266],[5.404327072010544,53.04035017177899],[5.404244848685307,53.03978765723944],[5.404252201443446,53.03953065527598],[5.404289420301938,53.0393958592238],[5.404334118374674,53.03932396440058],[5.404438424331363,53.03918376695134],[5.404520383081976,53.03908490848911],[5.404860163007341,53.03874248995539],[5.405368326517243,53.03821583073681],[5.405532216655858,53.03797318217369],[5.405621536101362,53.03766674400822],[5.405752610762594,53.03739175040703],[5.406132426217189,53.03660900519756],[5.406363299905887,53.036160564011915]]]]}},{"type":"Feature","properties":{"gezicht_uri":"https://linkeddata.cultureelerfgoed.nl/cho-kennis/id/gezicht/10134219","gezichtsnummer":"1345","naam":"Oosterend (Fryslân)"},"geometry":{"type":"MultiPolygon","coordinates":[[[[5.617020877808128,53.0964402839909],[5.617654422148218,53.096267434729604],[5.61792846031298,53.09670721690988],[5.618132726839921,53.09665919759227],[5.618216943729676,53.09677495344897],[5.618750894644019,53.09668226528688],[5.6186524543984,53.09641916819674],[5.619224047790279,53.09638750937894],[5.61980331658815,53.09639537097252],[5.619834386582217,53.096343192240845],[5.619950432252033,53.09626928207376],[5.620087541215078,53.09622588294658],[5.62020993887283,53.09622294895318],[5.62081564286346,53.095873114441716],[5.620886983431888,53.095814566671436],[5.620906157612338,53.09577139679907],[5.621100359301222,53.095796178032444],[5.621393861770539,53.095687773017126],[5.621793020560682,53.09606979169017],[5.622173145756555,53.095968403702756],[5.622445834989101,53.09587621163472],[5.622526213154282,53.095832921193086],[5.622722328543468,53.09593497498259],[5.62278706167421,53.09603459134171],[5.62297676969183,53.09633075326373],[5.622459394737743,53.09644948688925],[5.622026963005647,53.0965410938835],[5.621834585759581,53.09657831343853],[5.621712235804624,53.096590234919],[5.621738177878905,53.09669442078032],[5.621861933346938,53.09694218964424],[5.621551535942102,53.09696436399599],[5.621580099331166,53.097001150342244],[5.621574968071637,53.09715661681427],[5.621355740413147,53.09719838112233],[5.621290418177285,53.097265903293966],[5.621211131997602,53.097512272525954],[5.620800618366228,53.0977952322547],[5.62052970140064,53.09794223114432],[5.620367358084377,53.09801353625169],[5.619737305296648,53.09828344086605],[5.619154498715568,53.09845620269428],[5.618974187491905,53.09823909280832],[5.618160370423845,53.098485981406846],[5.618119573798928,53.09839440378024],[5.617931816699073,53.098460363045895],[5.616601216703724,53.09894815999622],[5.616233959789972,53.098666705594646],[5.615789442078184,53.09817153283702],[5.615783119968499,53.09810504913336],[5.615829106010766,53.09804924862356],[5.616291452185737,53.09796299838525],[5.61658076409612,53.09790403583718],[5.616916273793684,53.0978297078748],[5.616554939351569,53.097255302071126],[5.617458867455436,53.097112487612634],[5.617437466455522,53.09701817662821],[5.617233022028366,53.09675168790326],[5.617112850889718,53.09661173844179],[5.617020877808128,53.0964402839909]]]]}},{"type":"Feature","properties":{"gezicht_uri":"https://linkeddata.cultureelerfgoed.nl/cho-kennis/id/gezicht/10134220","gezichtsnummer":"1346","naam":"Oosterburen"},"geometry":{"type":"MultiPolygon","coordinates":[[[[6.154448366565003,53.477305548754394],[6.157822290294405,53.47739813178917],[6.159451738347912,53.47747036399553],[6.159966637170533,53.47745897679603],[6.159961762572643,53.47752280221114],[6.160617285000732,53.477541958255856],[6.160583314368436,53.47791326058287],[6.161952804356814,53.478101237732766],[6.162901074391184,53.47823350822844],[6.162527627256944,53.47932131035726],[6.163992702607466,53.479544589861945],[6.16488535194287,53.47968079737996],[6.165575265577543,53.479767092858175],[6.165707087237919,53.479395157130305],[6.166743009409273,53.479541207427154],[6.166883022945042,53.47953760616086],[6.168226776421601,53.479713998160356],[6.16792895936703,53.48039879481423],[6.168451502780145,53.480474477394054],[6.168069223429649,53.48148418334645],[6.166734435431552,53.481306832955234],[6.166811237731245,53.48114011206012],[6.165343755854424,53.48087105822254],[6.163685809599466,53.48056367948822],[6.161565097453186,53.48015232981709],[6.161445946500323,53.4803938956155],[6.159454525394378,53.480050863387454],[6.159130733761019,53.48080678614155],[6.158988561913049,53.48136027908421],[6.158944426909169,53.48150252595064],[6.158867806159797,53.48159735988298],[6.158768983943679,53.48163033886088],[6.158583504377013,53.48161894704412],[6.158470060316112,53.48159271784905],[6.158369509092668,53.481529567232954],[6.158356264591215,53.48146316240348],[6.158393856487405,53.481375766605744],[6.158431028141424,53.481265012277596],[6.159063321645844,53.47999047393567],[6.158106698638777,53.4798977610074],[6.157435876292897,53.47978344707725],[6.157133470697468,53.47971888979536],[6.155391430696732,53.47958804213534],[6.15432751843306,53.47905391710943],[6.154330953021533,53.47857229480493],[6.154360960634412,53.47797639267392],[6.154448366565003,53.477305548754394]]]]}},{"type":"Feature","properties":{"gezicht_uri":"https://linkeddata.cultureelerfgoed.nl/cho-kennis/id/gezicht/10134221","gezichtsnummer":"1347","naam":"Oost-Vlieland"},"geometry":{"type":"MultiPolygon","coordinates":[[[[5.061347140010286,53.294634372896276],[5.061460117120343,53.29436961055707],[5.061536539450679,53.29437790442372],[5.061640484617176,53.29431618686475],[5.061849568919666,53.29423318888512],[5.062028435697691,53.29417976054889],[5.062139566707059,53.29415939470825],[5.062541288035074,53.29418563922027],[5.063170433244741,53.29428258144633],[5.063985386119651,53.2944006863832],[5.06477490933658,53.29451063075244],[5.06569625472317,53.294641588851576],[5.066629569853405,53.29477706447082],[5.067673748412524,53.29492900117219],[5.068274328847639,53.2950384202075],[5.069086092084107,53.29518613372034],[5.070315797846906,53.29540053717021],[5.0711695735333,53.29554744874943],[5.072351394064707,53.29575002445484],[5.072689820688779,53.29582099604312],[5.072911295831394,53.295888066875165],[5.073053318673569,53.2959504370468],[5.073375933987489,53.29613368241624],[5.073518341281351,53.2963497027282],[5.073596158200381,53.296373267662624],[5.073687146547431,53.29644179370043],[5.073761356144053,53.29675557628448],[5.071681262442414,53.29653538556794],[5.071265831690584,53.29653429467456],[5.070433437533778,53.29653659722285],[5.070293927800087,53.29654072227248],[5.070135020307687,53.296531317964416],[5.069886299692335,53.29649831450646],[5.069769504357057,53.29647284719358],[5.068926067565275,53.29634572090857],[5.068258098536061,53.29621995281762],[5.067904692035996,53.29614713189742],[5.067970303922795,53.2959954534527],[5.067829495456943,53.295972616094986],[5.067433946218019,53.29592034816974],[5.067203207940319,53.29589008257502],[5.067071945115176,53.29579358973064],[5.066788957630876,53.29573083688831],[5.066738187274181,53.295701049867276],[5.066686816417547,53.29575212952321],[5.066530348822291,53.29602037475811],[5.066460987216804,53.296070507792294],[5.066418133136006,53.296186304678706],[5.066285531286686,53.29647168542525],[5.066229913669855,53.29648860915543],[5.066159532471044,53.29647404466417],[5.065837521722377,53.29641477954314],[5.065533535565667,53.29635196763418],[5.065307362565408,53.29631272525406],[5.064992611390966,53.29628582461294],[5.064611798188863,53.29626862981952],[5.064368968030399,53.29625090585488],[5.063847321335722,53.29621446113883],[5.0637198907548,53.296207828601936],[5.063953725143821,53.295624408638204],[5.064001070959283,53.295510421745114],[5.064126031474824,53.295446062941934],[5.064207533550073,53.295176720855274],[5.063095969396571,53.29501199288477],[5.062832455096377,53.294953775865764],[5.062052366899395,53.29478543936075],[5.061347140010286,53.294634372896276]]]]}},{"type":"Feature","properties":{"gezicht_uri":"https://linkeddata.cultureelerfgoed.nl/cho-kennis/id/gezicht/10134222","gezichtsnummer":"1348","naam":"Oldeboorn"},"geometry":{"type":"MultiPolygon","coordinates":[[[[5.897133306174022,53.04872665735616],[5.89743757806196,53.049112664414274],[5.896755800676608,53.04921621529808],[5.896530980470644,53.04924682699996],[5.896205735005161,53.04923383330622],[5.89611623626995,53.04935912191066],[5.895956153551386,53.04931487186389],[5.895806446297899,53.049265185789864],[5.895587325000037,53.04914570232607],[5.895118937619754,53.04900660874779],[5.894849855006608,53.04882263554894],[5.894557955033195,53.04872772167109],[5.894289400936943,53.048588675859484],[5.894062946774121,53.048479105479394],[5.89398344397422,53.04843900447315],[5.893109717902793,53.04857839363892],[5.892925129464671,53.04835002652207],[5.892963334449084,53.04830133965628],[5.892621349506822,53.04825875261803],[5.891722887687388,53.04832275226999],[5.891596295877555,53.0482082629782],[5.891222101665291,53.04834553128444],[5.890511653856289,53.04854891395025],[5.890409883348394,53.04838848949456],[5.890243290661004,53.048425134790115],[5.890167505506304,53.04831941653937],[5.889983917476642,53.048304911718034],[5.889608714518181,53.04822651096985],[5.88930698391756,53.0481828468016],[5.888973701231719,53.04811864600573],[5.88872272264407,53.04807926058419],[5.88845777836292,53.04825110828656],[5.887828939376534,53.04790238187293],[5.888713449318318,53.04727593519963],[5.889108992376085,53.04743782487602],[5.88982332111949,53.04744201486382],[5.889816676376584,53.04751213497316],[5.88994950049362,53.047521461674165],[5.89020024808527,53.047541075901485],[5.890168254828224,53.04761130260274],[5.89040999384094,53.047625562557755],[5.890488198416847,53.04716783706791],[5.890633238086592,53.04681586716567],[5.8907988747948,53.04682595345572],[5.890992574800674,53.04642705007841],[5.891809251314189,53.046514368621054],[5.891621365565061,53.046771267149154],[5.892255018177853,53.046763202067126],[5.892262128937693,53.046733517646885],[5.892421560997146,53.046722959666276],[5.892805409785843,53.0467761537583],[5.893655270918437,53.0467671673182],[5.895964921640704,53.04713478722107],[5.89576850281951,53.04755258122782],[5.895662666989301,53.04768333071951],[5.895605512046376,53.04776894234136],[5.89590604951723,53.04783775702647],[5.896340505580572,53.047881738426355],[5.896514904829446,53.04787560439987],[5.896442170378167,53.04803137495794],[5.896568310866127,53.0481063218917],[5.896258057783814,53.04873577640129],[5.896584195081475,53.04882514866986],[5.896850639146419,53.04878357613608],[5.897133306174022,53.04872665735616]]]]}},{"type":"Feature","properties":{"gezicht_uri":"https://linkeddata.cultureelerfgoed.nl/cho-kennis/id/gezicht/10134223","gezichtsnummer":"1349","naam":"Oldeberkoop"},"geometry":{"type":"MultiPolygon","coordinates":[[[[6.132173976880062,52.93746677919539],[6.132762635177205,52.93770574549045],[6.132106426616046,52.93838833256197],[6.132494303277904,52.9385413817748],[6.132156118495045,52.93885892318489],[6.132227590324264,52.9389501412002],[6.13195928926073,52.93917917685835],[6.132081009050571,52.93925120963872],[6.131978244824345,52.939330933042896],[6.131659217240945,52.93963846815174],[6.131384880019611,52.93951436477596],[6.131148587927534,52.9397018605073],[6.130321624050617,52.94049334039167],[6.129162587917142,52.94004312606266],[6.129044870099007,52.94003127600513],[6.128482520080499,52.93994040786814],[6.127936585625661,52.93976496081677],[6.128043026270526,52.939638487573944],[6.12725152116045,52.93936750465959],[6.126440437196551,52.93916942954029],[6.126965829125171,52.938661126850484],[6.127329906822388,52.93828951992413],[6.127833929934337,52.937837961518646],[6.128189649983247,52.93750055292676],[6.128266873078651,52.937405713932066],[6.128896251806548,52.93759142526044],[6.129466388230751,52.9377918801423],[6.129797673586238,52.93785452459767],[6.131061721643456,52.93827262552596],[6.131253065868091,52.93832804950661],[6.132173976880062,52.93746677919539]]]]}},{"type":"Feature","properties":{"gezicht_uri":"https://linkeddata.cultureelerfgoed.nl/cho-kennis/id/gezicht/10134224","gezichtsnummer":"1351","naam":"Nes"},"geometry":{"type":"MultiPolygon","coordinates":[[[[5.775336755035217,53.445180816716814],[5.775053903529041,53.44552315506421],[5.774974709829463,53.44558630454457],[5.774906671861839,53.44588482297653],[5.774368325374739,53.445767055504845],[5.77410842693102,53.44631956483712],[5.774138550617072,53.446322163528045],[5.774048870339686,53.446724975954865],[5.77341047431163,53.44669557775181],[5.772800673801172,53.44666608461087],[5.772157764544115,53.44663669422409],[5.771849300565894,53.44681198722774],[5.771847515194514,53.447116581557054],[5.770996120326824,53.4471678164167],[5.77071139442167,53.44713727627448],[5.770789034871798,53.44673091084943],[5.770824965051417,53.446541214674966],[5.770315889633944,53.44649880917856],[5.769674257340661,53.44644334522823],[5.76978999553837,53.44625788831637],[5.769879708835008,53.44619201337712],[5.769498937028208,53.44602250932757],[5.769125429170052,53.44582333080569],[5.76834878280421,53.4456460930427],[5.768685730504942,53.44528832485849],[5.769693466644644,53.44454566931905],[5.770224669371304,53.444709303492616],[5.770407197046043,53.44475724137917],[5.770536916632501,53.444790072733575],[5.770802480457735,53.44486739591224],[5.771034977134893,53.44494931636721],[5.771490573559588,53.4450718552793],[5.771612561076424,53.44508134935424],[5.771910689482469,53.44509746867098],[5.772112783019785,53.44497732343407],[5.772436298052376,53.44480377844371],[5.772712024532716,53.444671716208596],[5.772971171113519,53.444537010968986],[5.773310909992302,53.44432747191534],[5.773410015101312,53.4443028948203],[5.773603256830086,53.444370560348446],[5.773724708838532,53.44432075349898],[5.773946778228122,53.44424726262448],[5.774137576145211,53.444210710014715],[5.774389798845182,53.44414341087502],[5.774479227931632,53.44421410421858],[5.774617779046164,53.44439156008249],[5.774667919310314,53.444444409822104],[5.774643994939932,53.444461558154174],[5.774697469568392,53.444550336850845],[5.774917049119316,53.444867696407556],[5.775080887468221,53.44501182607359],[5.775336755035217,53.445180816716814]]]]}},{"type":"Feature","properties":{"gezicht_uri":"https://linkeddata.cultureelerfgoed.nl/cho-kennis/id/gezicht/10134225","gezichtsnummer":"1352","naam":"Moddergat"},"geometry":{"type":"MultiPolygon","coordinates":[[[[6.076224303315802,53.40324376823259],[6.076283166381917,53.40325780765587],[6.076869994800976,53.40366058018193],[6.076819267881838,53.40368513103641],[6.078053687247464,53.40452715875348],[6.077420367188726,53.404788669056316],[6.077392984559526,53.40486250516798],[6.077351060881058,53.40487352786907],[6.07720512457024,53.40486807489436],[6.076775794470463,53.40500531417309],[6.076331196479327,53.405128262915014],[6.076006139298173,53.405204701171144],[6.075760390749699,53.40525732321344],[6.075505520046764,53.40530370724064],[6.075123673106288,53.40540203244307],[6.074933637287786,53.40545972550232],[6.074722667203695,53.4055247260379],[6.074493640318219,53.40558893078311],[6.074072784016874,53.40569286651458],[6.073600390907755,53.405771037452816],[6.073268980168094,53.405826838423664],[6.072484058405247,53.40601371039315],[6.071793678890389,53.40618925722337],[6.071155346609028,53.405667249268326],[6.070372458143465,53.40503643845144],[6.070377943629331,53.405003161897994],[6.07124463120667,53.404758333291475],[6.072176100242777,53.4045221149818],[6.072746663456304,53.40437779810056],[6.072896520244904,53.4043463946024],[6.073157115108362,53.404282012942765],[6.073948202677726,53.4041067819793],[6.074112517620194,53.40403935344415],[6.074340962326131,53.40393921166156],[6.074397221071612,53.40397842558665],[6.074473493596385,53.403952831370646],[6.074696153232115,53.40386709834793],[6.074926472825427,53.40379030639488],[6.075155259418184,53.40371172570689],[6.075325598995069,53.403645159582396],[6.075446713847203,53.40360313489665],[6.075753416775987,53.403507934024006],[6.075730555704423,53.40339485055942],[6.075954972471738,53.40332527858238],[6.076224303315802,53.40324376823259]]]]}},{"type":"Feature","properties":{"gezicht_uri":"https://linkeddata.cultureelerfgoed.nl/cho-kennis/id/gezicht/10134226","gezichtsnummer":"1353","naam":"Metslawier"},"geometry":{"type":"MultiPolygon","coordinates":[[[[6.065464367846445,53.36194008725402],[6.065363086542002,53.36180408057371],[6.06681604775276,53.3612612490145],[6.066561721384756,53.36104074684693],[6.066484399812684,53.36099535811102],[6.066418428437473,53.36100291899808],[6.066308630981903,53.36089841000662],[6.066405646365992,53.36085922502273],[6.066383697872317,53.36080094396468],[6.066251684118876,53.36071632821901],[6.066357865699361,53.36059173035195],[6.066532498895174,53.360616801717285],[6.06736124966528,53.359927431277264],[6.067130606304342,53.35977957794674],[6.067991993157199,53.35916100294265],[6.068044624810277,53.359069952546356],[6.068335477464796,53.35884636647113],[6.068538708145945,53.358590928669514],[6.068779728601213,53.3586353885165],[6.069384621649323,53.358325556988476],[6.0700989699052,53.35876178730319],[6.070212083883074,53.35869645013009],[6.070351708254362,53.3587873081427],[6.070654343851998,53.35864451801466],[6.07138153917405,53.35913188448159],[6.070960822857442,53.35940563599567],[6.071854398568728,53.360059181823274],[6.070605481614971,53.36039155606017],[6.069834693539106,53.360565757204064],[6.070214248952944,53.36110452272566],[6.069051177489286,53.36135911868165],[6.068900107759143,53.36139951072302],[6.067248193946768,53.36170807555021],[6.06715933478464,53.36159805772545],[6.066206719030773,53.361960159156645],[6.065869259295082,53.36208785913455],[6.065847820919998,53.36206192249731],[6.065464367846445,53.36194008725402]]]]}},{"type":"Feature","properties":{"gezicht_uri":"https://linkeddata.cultureelerfgoed.nl/cho-kennis/id/gezicht/10134227","gezichtsnummer":"1354","naam":"Marssum"},"geometry":{"type":"MultiPolygon","coordinates":[[[[5.739137359863794,53.21148439168843],[5.735778381037263,53.21128753063655],[5.733942344767772,53.211171546254924],[5.730433485991537,53.210943519143],[5.730302484689003,53.21141114673326],[5.729928250631834,53.21140772381524],[5.729679305987148,53.21210392253344],[5.729261409393192,53.212069172487006],[5.729268537935784,53.21202422401987],[5.72916376088144,53.212024522778584],[5.729171884748267,53.21210537026533],[5.728423759501052,53.2121434433481],[5.728349273122742,53.2121885833557],[5.727990859921343,53.2121042387445],[5.728026500152438,53.21206819497167],[5.727465063805248,53.211863119533525],[5.727680869675977,53.21170615722102],[5.727102197674448,53.211402287084404],[5.727042997043007,53.211487818302246],[5.726737494738095,53.211659410421404],[5.726609560956204,53.21156991622229],[5.726331999658963,53.21129663964949],[5.72572850535923,53.21068822021064],[5.725982322327024,53.21060663290223],[5.725863723091701,53.210370645736475],[5.725747684528365,53.21027033424725],[5.725746277079796,53.210090625586695],[5.72540198974859,53.21008710404543],[5.724485629055793,53.210044756234886],[5.722810175814751,53.20997307812909],[5.7227051595827,53.20994192221914],[5.722159725137233,53.20986347456093],[5.721582958465405,53.2097976916633],[5.720700408638315,53.209674350019206],[5.720085778610811,53.20955025860255],[5.72007774141204,53.20947839585846],[5.7204709721684,53.20942428863821],[5.721589126164324,53.20924056529108],[5.722209394358408,53.209126513998875],[5.723493577078534,53.20893062767859],[5.724128907881681,53.208830002652434],[5.725914037477356,53.2085778697169],[5.728001051997791,53.208270938929736],[5.728262830140609,53.208252223543816],[5.729600866068673,53.208248411231104],[5.729945495279602,53.208296847916884],[5.730012169229301,53.2082112937971],[5.730252030677526,53.20826002900368],[5.730296752932845,53.20823743698317],[5.730349279516852,53.208255257994736],[5.73167691703557,53.20844913635187],[5.733916612369074,53.20889645772375],[5.735935013143646,53.209365946471],[5.738238421653986,53.20990645260466],[5.738649678014417,53.21059893946072],[5.739137359863794,53.21148439168843]]]]}},{"type":"Feature","properties":{"gezicht_uri":"https://linkeddata.cultureelerfgoed.nl/cho-kennis/id/gezicht/10134228","gezichtsnummer":"1355","naam":"Mantgum"},"geometry":{"type":"MultiPolygon","coordinates":[[[[5.720106185182547,53.12607705096387],[5.721801027786023,53.1267588489305],[5.721888449586964,53.12685924644258],[5.72190076840973,53.12690683713798],[5.722587008400477,53.12716910217098],[5.721911952693532,53.127968037107046],[5.721915801155135,53.12807945111759],[5.722032493309658,53.1281006910534],[5.722178000684111,53.1281775626743],[5.722790210969203,53.128330405908684],[5.722492797326061,53.128894652655866],[5.722158911330609,53.128800336635386],[5.721841830822942,53.12914088862695],[5.722003483280508,53.12917997470146],[5.722469250362216,53.129326938686205],[5.722106946497247,53.12961549988215],[5.721871629821901,53.12951731308968],[5.721572992797881,53.12973201066386],[5.721289934462925,53.129836137913756],[5.721203678558818,53.12988759787999],[5.720442926463725,53.12965428716619],[5.719889315349906,53.129546198555445],[5.719689309827924,53.12957101572813],[5.719382867152976,53.12954850271752],[5.719286929544518,53.1295065351827],[5.719378997508417,53.12943349440353],[5.719076101896741,53.129288763033415],[5.719076026194527,53.129278878793414],[5.718936544589045,53.12920827685248],[5.718813448793769,53.129131339280676],[5.71875764310613,53.129062302615324],[5.718710918154111,53.129008516759626],[5.718309960106411,53.12873825270583],[5.718290202469762,53.128694276583914],[5.718239154569159,53.128661169978315],[5.718210268689454,53.12859565299423],[5.718185748018096,53.12851484796886],[5.718170273373144,53.128444800979615],[5.718153551908546,53.12840710654792],[5.717912199598586,53.12829904419782],[5.717813141218916,53.12823911235955],[5.717713987163248,53.12816660049046],[5.717548114632442,53.1279648760914],[5.717464963223869,53.12783570891483],[5.717257357763342,53.12784257127654],[5.71704094608809,53.12787012502236],[5.716960398010964,53.12788652136679],[5.716655724585544,53.127505460434136],[5.716582318692639,53.12747870471818],[5.716483701011988,53.12747628011321],[5.716601343191684,53.12742653436785],[5.716472634703923,53.12719954580533],[5.716533829451988,53.127192188866516],[5.716787803913356,53.12719328744802],[5.716896659411084,53.12716692884237],[5.717014737964167,53.12717469104183],[5.717113272896615,53.12716633239441],[5.717180285658929,53.12713829160168],[5.717377204635738,53.12710180545727],[5.717478658614443,53.127084452592996],[5.717508940375074,53.12713738571482],[5.717805902418374,53.12748611669268],[5.717839296066192,53.12755521569829],[5.717869427750336,53.12758838022798],[5.717871381050131,53.12764858014863],[5.718157023109237,53.12749233571579],[5.718937893456899,53.12704267926014],[5.719543170453449,53.12707424904548],[5.718917829438214,53.12754414631791],[5.7187926444659,53.12758403076696],[5.718682247062264,53.12760410525123],[5.719649761135459,53.127921320659404],[5.719683815597935,53.127686694984035],[5.71975270263084,53.127318981713714],[5.719828430254824,53.126869477940986],[5.719844497320734,53.12682180820592],[5.719863138226954,53.126720216093865],[5.719908351308802,53.12657721515887],[5.719896096853087,53.12653771136383],[5.719961461182693,53.12648990466597],[5.720034981079825,53.12633694056635],[5.720106185182547,53.12607705096387]]]]}},{"type":"Feature","properties":{"gezicht_uri":"https://linkeddata.cultureelerfgoed.nl/cho-kennis/id/gezicht/10134229","gezichtsnummer":"1356","naam":"Makkum"},"geometry":{"type":"MultiPolygon","coordinates":[[[[5.395740121470852,53.05904292035904],[5.396232269280489,53.058721185034806],[5.396816838240733,53.05819006647009],[5.397262674970617,53.05762930310298],[5.397674151813672,53.05688882107239],[5.398084188259733,53.05640443859434],[5.398577769550023,53.05604225622834],[5.399339760480223,53.055529079674656],[5.400234435036046,53.054899964187925],[5.400812979353823,53.05449912321847],[5.401509313333965,53.054038957580914],[5.402032602918524,53.05349164535145],[5.402701997346116,53.05284816141185],[5.403044822309982,53.05234400088586],[5.403460665585868,53.051712227926465],[5.404300317183096,53.05182084054136],[5.404377805707434,53.051670762930954],[5.40565444916775,53.0518619732647],[5.405878182509156,53.05194460957331],[5.405414565270146,53.052377807398834],[5.405696427085735,53.052376865196145],[5.405648775188752,53.05254221521117],[5.405626604561277,53.053008592566876],[5.405611873804773,53.05343632886358],[5.406212900964652,53.05344701730888],[5.406219330086215,53.05449748044739],[5.406677237155359,53.05459715085557],[5.407005343350222,53.05458811057256],[5.407639167998139,53.05453588434405],[5.40838483955858,53.05446925725681],[5.408377471219638,53.054649877271366],[5.40885027013559,53.054692026277245],[5.409640729731064,53.054711648845334],[5.410095616388372,53.05472144669566],[5.410027303664283,53.055274099071625],[5.409836413341266,53.05529929638751],[5.409761919142075,53.055447579598265],[5.409599405396505,53.05555005076562],[5.408887949914361,53.05547649751884],[5.408789470747004,53.055388452627525],[5.408180951918249,53.055363400842474],[5.408151107900757,53.055331955099824],[5.407945281549416,53.05531491781884],[5.407649992298691,53.05534642003694],[5.407254788439935,53.05540399784945],[5.406607526896487,53.05545442702389],[5.40626600025887,53.055484136175146],[5.405921475432051,53.05547969801551],[5.405651546574306,53.05553096050342],[5.40526382425346,53.055656824190166],[5.405343045057314,53.056070168165505],[5.405429678727746,53.05637478030007],[5.405459698626095,53.056824075651434],[5.404960051587067,53.0568268472937],[5.404670737725748,53.056912257242416],[5.404697731348855,53.057273490381874],[5.40439793504881,53.057262751033186],[5.404252066500771,53.058016697199115],[5.402751548418271,53.057903680005765],[5.402666601998297,53.0580995858254],[5.402087866565577,53.05803765660829],[5.401993875516249,53.05796578042337],[5.401831399188677,53.058259642649965],[5.401659923006473,53.05840972982344],[5.401355747138045,53.058709000182134],[5.401141124669493,53.059205052457315],[5.400634142263449,53.05968765884291],[5.39994525136451,53.060433572236654],[5.399620045828864,53.06031499179998],[5.399132232850967,53.06010836431446],[5.39807761677111,53.05989190384073],[5.39755254972886,53.05978232201898],[5.397157261796632,53.059709569554876],[5.396659017523544,53.059463394472836],[5.395740121470852,53.05904292035904]],[[5.400865766145549,53.05634574064346],[5.400686918081937,53.05675462413878],[5.399979937493296,53.05669809085731],[5.399021228280354,53.05783761512149],[5.398627581540986,53.05826898164374],[5.398614222101138,53.05851070618262],[5.398662005620257,53.05871288641102],[5.398906608596176,53.058670628244585],[5.399349586093612,53.05862475494601],[5.400556221727544,53.0585365620477],[5.400666590200905,53.05851767894784],[5.400742645685808,53.058475436094156],[5.40079184302299,53.05840084670074],[5.400861874851279,53.058178884568356],[5.400960306565234,53.058149219379224],[5.401279503950702,53.05817793701915],[5.401486619758338,53.057554284095716],[5.401537308383594,53.057485984392486],[5.401836851831592,53.0567517917169],[5.40174732291374,53.05663408616327],[5.40148927975173,53.05658289739385],[5.401498209787101,53.05652628451945],[5.40146687325954,53.05647956110275],[5.401405710892268,53.05644362445997],[5.401332622755745,53.05642566120962],[5.401010442551652,53.05635740564578],[5.400865766145549,53.05634574064346]]]]}},{"type":"Feature","properties":{"gezicht_uri":"https://linkeddata.cultureelerfgoed.nl/cho-kennis/id/gezicht/10134230","gezichtsnummer":"1358","naam":"Leeuwarden"},"geometry":{"type":"MultiPolygon","coordinates":[[[[5.787574331227313,53.19817387457405],[5.787863436684048,53.19804531218337],[5.787990141171536,53.19799277177681],[5.788046743200236,53.19796472694577],[5.788104999740916,53.19795374937909],[5.788318940172083,53.19794943972883],[5.788537966233785,53.19817065364438],[5.791984065610413,53.19800541636806],[5.79304292974509,53.197945227887175],[5.79303494221945,53.197891340726116],[5.794476833301183,53.197827147093776],[5.794778326720425,53.19774525154031],[5.795141752499318,53.19772514590465],[5.79518178399069,53.19784451953797],[5.796159838758234,53.197784578402455],[5.79683923977985,53.197632198481735],[5.797330113878897,53.19763950649094],[5.797340484215658,53.197944086291166],[5.798178320539402,53.19856033280438],[5.798380643730755,53.19843563665408],[5.798845037906763,53.198489754908955],[5.800138705167265,53.19857246885766],[5.800110468494329,53.198749584365686],[5.80058800710762,53.19892585613964],[5.800787133609932,53.19893685101614],[5.801051532334146,53.19873196354556],[5.802331045198083,53.19874191854351],[5.802372331035389,53.19898978096034],[5.802877865384055,53.198963768465276],[5.80292620447921,53.199166677736414],[5.802925654291578,53.19957642752854],[5.803275779850124,53.199572517654225],[5.803987707504748,53.20248410654109],[5.805242276427378,53.2023791005829],[5.805264851545768,53.202547054323645],[5.804870732829819,53.202801823913966],[5.804906190062596,53.203064082575224],[5.804843736524718,53.20310563423317],[5.804617800359424,53.20311001503311],[5.804533159187079,53.20317860081075],[5.804536008579388,53.203318767639225],[5.803807237462322,53.203323996923174],[5.80390988295801,53.203415294360695],[5.804175027100178,53.203596782332916],[5.804780634275844,53.20400981414626],[5.805566776929906,53.20451925869541],[5.805788195568092,53.204665851408265],[5.80585922941895,53.20473748896658],[5.805889752122226,53.20479848508072],[5.805896330011736,53.204859564774814],[5.805857880664228,53.20490732311526],[5.805783600789719,53.20496419217509],[5.805692710692057,53.205005843480144],[5.805597156832449,53.205029539616085],[5.805320857617674,53.20508891005343],[5.803896209264911,53.20541285961988],[5.803569142752232,53.20548498231775],[5.80345567962096,53.205514130316125],[5.803390141503063,53.205546706195406],[5.803326298769336,53.20559994322304],[5.803264038928774,53.2056621604056],[5.803155894743153,53.20577755220076],[5.802621902712946,53.20643266172518],[5.802537320938357,53.20650843433317],[5.802238023870303,53.20682396904569],[5.802065217238299,53.206908133658416],[5.802017488950336,53.20692537151428],[5.80192493932798,53.20695085144112],[5.80183972625191,53.20696103028514],[5.801718361415639,53.206947072683036],[5.801644888774622,53.20693294948889],[5.801556320727753,53.206905399883325],[5.801479579440258,53.20686253371502],[5.801205145670237,53.20664962215463],[5.801069409211619,53.2065413638924],[5.800989615628224,53.20649221796615],[5.800929441547792,53.206460077101426],[5.800870893124508,53.20644140911595],[5.800806427073213,53.206429950049625],[5.800724147822768,53.20643382801425],[5.800646581795834,53.206461052437085],[5.800484301351201,53.20655056990154],[5.80035489432807,53.206634582508165],[5.800328144083637,53.20665444313489],[5.800284819390785,53.20666267945826],[5.800247386734374,53.206661011232185],[5.799740058433854,53.206665452901966],[5.799124853535065,53.20665768300421],[5.798997948971202,53.20669046719208],[5.798881529123281,53.2067241138271],[5.798723383252658,53.20677677343161],[5.798559421477926,53.20684742412191],[5.798425349007933,53.20691347927889],[5.798324082384873,53.2069668418997],[5.798288564805212,53.20700919630315],[5.798226492161318,53.207092077229454],[5.797858174925937,53.20707806314595],[5.79772426632825,53.207003940435875],[5.797563290936665,53.206916431668816],[5.797220133749424,53.20671452895324],[5.796894990231062,53.20651795512826],[5.796854283646548,53.20648664429876],[5.796842166006864,53.206471410036094],[5.796865941543481,53.20645335748398],[5.796892591082282,53.206422715164884],[5.796728405032898,53.206311853480265],[5.796646406440976,53.20634538041968],[5.796612035483321,53.206350889149235],[5.796586559093057,53.20634738183562],[5.796482757186701,53.20629112632281],[5.796378793979523,53.20621779848615],[5.796249201865273,53.2061247894768],[5.796077552601831,53.206015749484465],[5.795790097537973,53.20584689976106],[5.79540512908193,53.20565322135734],[5.795196247336639,53.205563176727175],[5.795074608826464,53.205519560609936],[5.794986115644883,53.205499194446396],[5.794820003726055,53.20550065765069],[5.794615056911639,53.205510339652314],[5.794414548970702,53.205514614827344],[5.794169532615023,53.20556037480605],[5.793864863665814,53.20562880073862],[5.793540805675109,53.20570448012165],[5.793300353039116,53.20575830996499],[5.793056974098018,53.205819337766165],[5.792849251375225,53.20585238889441],[5.792686021655154,53.20584215801568],[5.792542247707063,53.20583186116704],[5.792396884605423,53.205811685272316],[5.792314344766885,53.205787702759956],[5.792226801792316,53.2057089244674],[5.792074384302722,53.2055746539267],[5.791946022364645,53.205451983394525],[5.791746826116222,53.20527653616608],[5.791493166943022,53.20503837245628],[5.791294217973695,53.20488898209196],[5.791085063086667,53.204768379928936],[5.790888183789368,53.20468008452317],[5.790691582006059,53.2046214405965],[5.790457927399676,53.20460155934418],[5.790068573298842,53.20457591074204],[5.789622685348936,53.204586393280856],[5.789137920297073,53.20460059872167],[5.788802751540267,53.20460801142324],[5.788504921369979,53.20460721115554],[5.788214240611319,53.20457044353909],[5.788025250621498,53.20452524831641],[5.787879527628754,53.20446553118134],[5.787795271538753,53.20441728996791],[5.787754340439394,53.20436081690471],[5.787699532764476,53.2042603603456],[5.787658360599251,53.204177829587856],[5.787656081795113,53.204093371827156],[5.787707485020449,53.20382632555033],[5.787801855593964,53.203674152414244],[5.787996980569362,53.20341291582292],[5.788158425259251,53.203231764043394],[5.788290097034282,53.20306778439569],[5.788378936461815,53.20296505050403],[5.788418441328669,53.202867872997004],[5.78839534368934,53.20279786194402],[5.788336713926848,53.202769303867015],[5.788269355359649,53.20276773199653],[5.788242151918546,53.20273906877959],[5.788234444481626,53.20271483320983],[5.788312991326384,53.20263190226989],[5.788081883336785,53.202562586636084],[5.788064150494956,53.20258690724828],[5.78801516643867,53.202630202232406],[5.787968892094606,53.20264293682217],[5.787895531154751,53.202639587662624],[5.787695816577579,53.202566572127765],[5.787447866078042,53.20245597737545],[5.787111101444917,53.20228906848099],[5.78693469368798,53.20214678420296],[5.786851225426407,53.20202126280113],[5.786812061771378,53.20183179537154],[5.786821681630733,53.201739210772686],[5.786865620094002,53.20163572899162],[5.786937916026468,53.20152406556279],[5.787016753984883,53.2014725843676],[5.787182011268316,53.20138037935674],[5.787500627125299,53.20120409547101],[5.787723910191001,53.20107575326879],[5.787921869303732,53.20096007521957],[5.788058715691484,53.20087065960608],[5.788128455976431,53.200806628108154],[5.788190472336992,53.20071656389788],[5.788219034064044,53.20056910311437],[5.788244002790258,53.20035695737126],[5.78770800747129,53.200328197159074],[5.787618762904867,53.200225159731865],[5.787531846080796,53.20005022895041],[5.787512989329625,53.199629761594494],[5.787533272237794,53.19939606592229],[5.78742783557529,53.199160094136175],[5.787554119604122,53.19906172859029],[5.787701734826383,53.19900462586033],[5.788055463440956,53.198905500016046],[5.787969819030943,53.19870630385268],[5.787883211893148,53.19856461927612],[5.787796763470264,53.198440006921075],[5.787695293970069,53.19830915467681],[5.787574331227313,53.19817387457405]]]]}},{"type":"Feature","properties":{"gezicht_uri":"https://linkeddata.cultureelerfgoed.nl/cho-kennis/id/gezicht/10134231","gezichtsnummer":"1359","naam":"Langweer"},"geometry":{"type":"MultiPolygon","coordinates":[[[[5.722303301057756,52.957076392099474],[5.722766320342132,52.957105645681295],[5.722830486614868,52.9571288298588],[5.722924684153018,52.95718697629739],[5.723086267205979,52.95729974981965],[5.723558443699834,52.95755093703384],[5.724347405811831,52.958162479187465],[5.72394537622607,52.95851677615255],[5.724290539158482,52.958698225060445],[5.724678623492656,52.95884899817979],[5.724775127862697,52.95881996921661],[5.725023122998165,52.958944178066574],[5.72511128428921,52.95899065760691],[5.725211841576686,52.958908597474824],[5.725291046405187,52.9589515076963],[5.725618237080898,52.9587340105402],[5.725656606659324,52.95869256469681],[5.725917017816242,52.958499519005045],[5.726614838246348,52.95886687633364],[5.727312123102881,52.95916413771523],[5.726276090313753,52.95989317870586],[5.726224942484313,52.960013740692624],[5.72622582384253,52.96012696592665],[5.725262787339554,52.96048735126356],[5.72481813621987,52.96033673998057],[5.724900177324478,52.96016936237573],[5.724172545543436,52.95998899488558],[5.724210333521121,52.95987206601385],[5.723854925225547,52.9597140102486],[5.723695282100523,52.959853748177046],[5.723407293028158,52.95975391226622],[5.723497528509618,52.95968356488417],[5.722748211370968,52.95939092067164],[5.722528619090327,52.959282802781324],[5.72271774941163,52.95910703824864],[5.722428099569526,52.95898384017903],[5.722241608063964,52.95892235776353],[5.721646532513181,52.958752386588266],[5.721746881812889,52.95864247233723],[5.721175518238323,52.958458952901104],[5.721091557709455,52.95857151676292],[5.720685809955095,52.95844414578832],[5.721029409917926,52.95803520653227],[5.721100693288818,52.958016135983556],[5.721119439014052,52.95793790249318],[5.7208878708688,52.95781903144641],[5.721069320037859,52.957611838743695],[5.721152459022331,52.95758644458724],[5.721377247026958,52.95759749810755],[5.721398561414384,52.95746623801119],[5.721597851686484,52.957451302090554],[5.721943455471376,52.957498860201824],[5.721855314384079,52.957454175527],[5.72195741758202,52.957379302837346],[5.722041087524886,52.95742310133896],[5.722271759839376,52.957231944170125],[5.722303301057756,52.957076392099474]]]]}},{"type":"Feature","properties":{"gezicht_uri":"https://linkeddata.cultureelerfgoed.nl/cho-kennis/id/gezicht/10134232","gezichtsnummer":"1360","naam":"Kollum"},"geometry":{"type":"MultiPolygon","coordinates":[[[[6.153249057458103,53.27974210374932],[6.153181058799547,53.28030324587936],[6.153227530743984,53.28030294950776],[6.153233751659882,53.28056888688872],[6.153255202192012,53.2806792743256],[6.153319010292917,53.28072649161875],[6.153321690585814,53.28087743445618],[6.153432928259822,53.28089379774159],[6.153313862236767,53.281196477078375],[6.152137145420227,53.28112490247379],[6.152090254778944,53.28127076955453],[6.152162099767766,53.281348487677164],[6.15207897298662,53.28156467402486],[6.151956407789902,53.28167058721524],[6.151834633532276,53.28199035503296],[6.151816561711872,53.28207044285002],[6.151776371085297,53.282086872953265],[6.151370436840027,53.28202386053812],[6.151274334030035,53.282354247246886],[6.150406353235548,53.282277096995614],[6.150266115106443,53.28231662649923],[6.150052445026307,53.2821885895825],[6.150635791733484,53.281940472188424],[6.150821520330352,53.281760476052256],[6.15088742332795,53.28167199714848],[6.15075023804469,53.281629737908325],[6.15070092990945,53.28155457141738],[6.150747312271554,53.28146441952347],[6.150611404347906,53.28140957201714],[6.150717661095801,53.28122918250537],[6.150716261886237,53.28115011718078],[6.150525300731028,53.281118982354066],[6.150367447699336,53.28109482543448],[6.150197633641838,53.28107254143022],[6.15008882303148,53.28102381119482],[6.150176646765826,53.280818379237935],[6.149635616188228,53.280745436229886],[6.149578339181868,53.2806433627309],[6.149608153386485,53.280548823561986],[6.148377961292988,53.28041914455588],[6.148569431598625,53.27979971430246],[6.14787903156363,53.2797573630124],[6.147921806124015,53.279462360855945],[6.14790057577774,53.2793636525135],[6.147751709164063,53.27933853669243],[6.147895901329288,53.27884340948747],[6.148117243434837,53.278897718846494],[6.14807778931081,53.2790408415953],[6.148394913631093,53.279085557926415],[6.148356135117535,53.27918195078464],[6.148646325268285,53.27922953285299],[6.148611774834278,53.27931062327891],[6.148589026528843,53.27938085602548],[6.149014324559894,53.27943836352259],[6.149408444857755,53.279513140223486],[6.149590240135007,53.2791956893939],[6.14989687372743,53.27924046835907],[6.150087699026511,53.27926441645834],[6.150225835574248,53.279021823326495],[6.15028428807044,53.27893608770335],[6.150819650654782,53.27902883234245],[6.150640720173098,53.27933817974419],[6.150520081051856,53.27955280642992],[6.151190304702794,53.27964109801118],[6.151101291326779,53.27986361124064],[6.152197164994101,53.27994379792349],[6.152230020503552,53.27976746870109],[6.152240370659796,53.27975931563536],[6.152707699868943,53.27973477237844],[6.153249057458103,53.27974210374932]]]]}},{"type":"Feature","properties":{"gezicht_uri":"https://linkeddata.cultureelerfgoed.nl/cho-kennis/id/gezicht/10134233","gezichtsnummer":"1361","naam":"Kimswerd"},"geometry":{"type":"MultiPolygon","coordinates":[[[[5.43812849904595,53.14369546074943],[5.437784130970728,53.143150171569744],[5.43729002039644,53.14233986426279],[5.436734237100571,53.14246589660388],[5.436401920232139,53.1419808028508],[5.436279357658374,53.14196288173774],[5.43618518296253,53.141939557407],[5.436116408323349,53.141911729724775],[5.436061028605024,53.141835373413876],[5.436054970672623,53.141764388374504],[5.436086281060959,53.141700576658494],[5.436356699170258,53.14163936252402],[5.436277331355659,53.14149472437923],[5.436649335064,53.141405611944364],[5.436388783097613,53.1409429526807],[5.437468962098992,53.14072055471919],[5.437549594361814,53.14066570760314],[5.439091326703809,53.14028315298171],[5.439142229935198,53.14036220560696],[5.439908607852702,53.14017406751487],[5.440727306884034,53.14000656835009],[5.44085459204127,53.14022037251904],[5.441026716063717,53.14043954781117],[5.440816071047389,53.140488165635475],[5.441369882730824,53.14120318276069],[5.441401508370857,53.14139726091083],[5.441663516989515,53.14178532674091],[5.440272593512879,53.14208877267968],[5.440223196046064,53.14202229997436],[5.439960311267473,53.14213114403273],[5.439952940093969,53.14221381628595],[5.439852851979555,53.14224531058805],[5.439457013961934,53.142398242263425],[5.440112569468853,53.143210266415174],[5.43812849904595,53.14369546074943]]]]}},{"type":"Feature","properties":{"gezicht_uri":"https://linkeddata.cultureelerfgoed.nl/cho-kennis/id/gezicht/10134234","gezichtsnummer":"1362","naam":"Jelsum"},"geometry":{"type":"MultiPolygon","coordinates":[[[[5.781851375246095,53.237431311640364],[5.781434484958312,53.237374275658915],[5.781476384120027,53.23720610773234],[5.780700904746242,53.23707926075824],[5.780640694841751,53.23688177548565],[5.778916263217768,53.23648935567713],[5.779080799275172,53.23630101991088],[5.77898925523716,53.23628065199132],[5.778868881204909,53.23621904444222],[5.778902650787194,53.23614435391988],[5.779022771994854,53.236178106969035],[5.779088635758402,53.236174297667375],[5.779697578956859,53.23544717123667],[5.779464819670761,53.235378743340185],[5.77955032669454,53.23522930315348],[5.779588513699652,53.2351465109425],[5.779516877525202,53.235009265759984],[5.779599221270329,53.23500630085177],[5.779735160313228,53.23496811681238],[5.779773227518084,53.23470741038589],[5.7798170691706,53.234587758694744],[5.779874576708183,53.23448872910705],[5.779939310485757,53.23436092196847],[5.780044437610943,53.23422848976646],[5.78014960495954,53.23410055012591],[5.780381271699305,53.23388503579073],[5.780439055856107,53.233652119761054],[5.780522297725873,53.233419120242814],[5.780797099915602,53.23284314154456],[5.780871508754907,53.23262724330698],[5.780975214484646,53.23266823674778],[5.782875167739682,53.23278149524835],[5.782907710033791,53.23273735854637],[5.782958024394402,53.232508060049355],[5.783223241406032,53.232524257670235],[5.783981109034114,53.232535232475854],[5.785855009325623,53.23258383370346],[5.786067594438518,53.233387337681954],[5.786286226096656,53.23387183259532],[5.78566172793036,53.23403474991809],[5.785929554754172,53.23449482092703],[5.78544955048423,53.23457458949513],[5.785158067084892,53.23463486136391],[5.785097179012983,53.23469077390363],[5.785027023869626,53.234716166142604],[5.784975121084908,53.23477204882986],[5.78494434999099,53.23484583262447],[5.784927065468091,53.23492047026902],[5.784920024195693,53.23496901576449],[5.784994217578236,53.23505682857286],[5.785273492486171,53.235134077062625],[5.785020678432231,53.23549074455957],[5.784963710951581,53.23548464349108],[5.784041962546797,53.237040403523814],[5.783090238377219,53.236803632043355],[5.782073889922437,53.236868981115194],[5.782018637537147,53.237050671574195],[5.78195433291039,53.237225203311816],[5.781902472407203,53.23728647581442],[5.781851375246095,53.237431311640364]]]]}},{"type":"Feature","properties":{"gezicht_uri":"https://linkeddata.cultureelerfgoed.nl/cho-kennis/id/gezicht/10134235","gezichtsnummer":"1363","naam":"Janum"},"geometry":{"type":"MultiPolygon","coordinates":[[[[5.902538297372624,53.31103970675249],[5.903741537561333,53.31116482910384],[5.90553568146932,53.3112712182429],[5.906520947935769,53.31135951407415],[5.906575811680294,53.31143026178505],[5.906462190099288,53.31196179116807],[5.906268636231177,53.31233462373548],[5.906097533303409,53.31245397021849],[5.905966947700986,53.31257404008459],[5.905756738405193,53.312685468008326],[5.905480612763779,53.31280526674403],[5.904822321673508,53.31308575346097],[5.903697172517546,53.31359737205351],[5.901712452230235,53.31462752722426],[5.89965497293379,53.31572984248948],[5.899427661497406,53.31554121957533],[5.899120629432893,53.315335863582064],[5.898709054520244,53.31517138614791],[5.89827028443285,53.31499084923491],[5.897766077168224,53.31485910994454],[5.897407960323001,53.31477347248836],[5.896918557832927,53.31475128873386],[5.896567475043476,53.314752777369236],[5.896590647632897,53.3144283060185],[5.89694397776494,53.31410962292802],[5.897270116139474,53.313775778975206],[5.8977291170041,53.313385660162034],[5.89798518901415,53.31321744335878],[5.89870701226108,53.312723769561195],[5.899350703545975,53.31234813324325],[5.899903825968711,53.31217954439918],[5.900208283234317,53.31217015814087],[5.9005246482736,53.31202683755498],[5.900814572852278,53.312057047665746],[5.900906271720145,53.31194613507646],[5.901088618201083,53.311636257079854],[5.901179190238795,53.31155679804163],[5.901495815574676,53.31143593727784],[5.902538297372624,53.31103970675249]]]]}},{"type":"Feature","properties":{"gezicht_uri":"https://linkeddata.cultureelerfgoed.nl/cho-kennis/id/gezicht/10134237","gezichtsnummer":"1364","naam":"IJlst"},"geometry":{"type":"MultiPolygon","coordinates":[[[[5.627240440633074,53.00434645091977],[5.628180491788235,53.00435624114309],[5.628227274434995,53.00446487953452],[5.628287728515216,53.00462111705774],[5.628321637627131,53.00482593344839],[5.62835659325145,53.004950770750874],[5.628410511472958,53.00500278175433],[5.628483641381838,53.00502689680681],[5.628610420577664,53.005054497927446],[5.628563817460239,53.005246896185135],[5.62852510998199,53.00525146743779],[5.628472971203998,53.00552025929963],[5.628439111488232,53.005593115653376],[5.62832620169408,53.00564905778122],[5.627954860736904,53.005846603584516],[5.627835811725129,53.005870207390565],[5.627745146993143,53.00590813182774],[5.627789234144653,53.00606799694507],[5.627843908944522,53.006256596469036],[5.62790118569003,53.006376895820075],[5.627968602433483,53.006445054923255],[5.628047827904622,53.00649342061577],[5.628355160105698,53.00657277780326],[5.628589475416826,53.006648687228754],[5.628722313264632,53.006693349710844],[5.628841758532936,53.00674073497447],[5.62897655133839,53.006868964601765],[5.629017334639748,53.006969527193085],[5.629032151836428,53.0072229071858],[5.629046319487036,53.0073594682829],[5.62895108743471,53.0076481169463],[5.628676586751882,53.00758037699251],[5.628284642955494,53.00755780420534],[5.627247388809051,53.00749429297491],[5.627026841121179,53.007483952334546],[5.626845240888753,53.007512173720414],[5.626778309447308,53.007532077474984],[5.626726369866101,53.007569024865354],[5.626573960550692,53.00775803972124],[5.62629575683543,53.00810007090987],[5.625810428955804,53.00870760694606],[5.625512059724795,53.00917817858285],[5.625244793981231,53.00961633727577],[5.625179835343715,53.00972519918439],[5.625001493526881,53.01007871025963],[5.624820272175354,53.01045109768639],[5.624724622438761,53.010669651464184],[5.624649364148992,53.01080279614091],[5.624470640921478,53.011088012262114],[5.62433188339087,53.01132552217539],[5.624268444141998,53.01144067082157],[5.62424943772751,53.011507206073304],[5.624028178331313,53.01164333563891],[5.623841078390561,53.011759627620535],[5.623662638486227,53.011824681088555],[5.623612024712873,53.01183286874946],[5.623280291500828,53.01192967629152],[5.622614247743858,53.011372949742395],[5.622504232081646,53.011417198542894],[5.622371935421627,53.01147407170082],[5.622151640641524,53.01151404402898],[5.621884988021231,53.01152265543968],[5.621671759325914,53.01149162238163],[5.621312290408914,53.01086509332653],[5.621010251222649,53.01094206689268],[5.620617674020594,53.01108391686574],[5.620445379712232,53.01118399954998],[5.620372677630133,53.011240754185415],[5.619937780168946,53.01099268530611],[5.619745471794756,53.01097239146312],[5.619745947617281,53.01106135348227],[5.619598465936146,53.01106523479918],[5.619539172137622,53.01112196285688],[5.619245228205918,53.01104165849287],[5.619279261039385,53.01099756025109],[5.618594987708994,53.01092250464613],[5.618614244084209,53.0106214311249],[5.618114958090337,53.010590046629595],[5.617840775054558,53.01058248849957],[5.61692136460147,53.010556402086316],[5.616788636186094,53.01053239449874],[5.616983570300946,53.00964059303528],[5.61704290817002,53.00959195367969],[5.617150434574214,53.00964027210831],[5.617204174097822,53.00965993825231],[5.617369657994465,53.00968028784174],[5.618559269832643,53.009810087497456],[5.620039244892637,53.00990785845775],[5.62080844669978,53.00998633430053],[5.62160732278892,53.010041382990046],[5.621674255612648,53.01002058353434],[5.621727808611434,53.010005201991746],[5.621760343400586,53.00996020734923],[5.621925239288468,53.009595045529224],[5.62219242664131,53.00913622628026],[5.622484033947718,53.00878609086482],[5.622760480372222,53.00838835790847],[5.622829868685549,53.00827140099523],[5.623201938671449,53.00792559814543],[5.623467060230913,53.007639314261496],[5.623612209596216,53.007482667937666],[5.62378414950688,53.00732147531592],[5.624132627014172,53.007023342841386],[5.624310590838314,53.00687471812908],[5.624648652512712,53.006580199232886],[5.624927277054724,53.00631455333537],[5.624999817547811,53.00623083763856],[5.62517741125744,53.00601571466402],[5.625304765789687,53.00587617535176],[5.625476648773382,53.00570689276049],[5.625655914954022,53.00552591315654],[5.625801246619352,53.00540520838409],[5.625973525472826,53.00530871226254],[5.626107421690452,53.0052760944535],[5.626293541487032,53.005258648523096],[5.626519917871184,53.005247412018555],[5.626732901615452,53.00523889778023],[5.627272151106961,53.00523332268895],[5.627240440633074,53.00434645091977]]]]}},{"type":"Feature","properties":{"gezicht_uri":"https://linkeddata.cultureelerfgoed.nl/cho-kennis/id/gezicht/10134238","gezichtsnummer":"1365","naam":"Huins"},"geometry":{"type":"MultiPolygon","coordinates":[[[[5.665533831047342,53.15824890753146],[5.665731380175314,53.15828169581861],[5.66586766177746,53.15808638795677],[5.666018027523677,53.157988991955115],[5.666086633359794,53.15796367216937],[5.666283445922696,53.15788234209092],[5.666369967658586,53.15785338610856],[5.666604390643117,53.1578088094936],[5.666765810261985,53.15780304154086],[5.666934582646811,53.15777838610537],[5.667084962351644,53.157683684446475],[5.667158075152828,53.15766194782119],[5.667493402065966,53.15773215143542],[5.668138615833269,53.15786812261731],[5.668658117215768,53.15798281984396],[5.669180587850623,53.158093913527956],[5.669559339697376,53.158173893508106],[5.669807913796723,53.15823620785418],[5.670179351802813,53.15834046468179],[5.668996176067866,53.1591609571173],[5.669183787924001,53.15927373633958],[5.669042605470954,53.15940346340696],[5.669185221954369,53.15949388404564],[5.66871615316229,53.159780734023926],[5.668449468126909,53.15969329982146],[5.668454151661925,53.159723840403394],[5.668431994977175,53.15976522688752],[5.668277446839983,53.15990936160463],[5.668040149766448,53.16020375219716],[5.667864376960165,53.160303007321026],[5.667641891480124,53.1605766951532],[5.667587733088843,53.16075563839388],[5.667596843081117,53.160777182887095],[5.667652177426944,53.16077974912412],[5.667749303323494,53.16077143459748],[5.667824558854223,53.16107946973262],[5.667769422135581,53.16110745467213],[5.667723360542037,53.16115159269705],[5.667421124982241,53.16111635681792],[5.667201263596829,53.16110339211376],[5.667240043287335,53.160857990435666],[5.667057611881993,53.16085302517095],[5.666773128060028,53.16078809321436],[5.666470646529675,53.1607142167742],[5.666281899615953,53.16065714767715],[5.666093274773814,53.160618948081606],[5.66601540507723,53.160599360628595],[5.665745660970862,53.16050114464867],[5.665547679917656,53.16040276139003],[5.665700350757961,53.160197531462956],[5.665769911752677,53.16008774356499],[5.665380973686817,53.16005270407043],[5.664628359352615,53.159958301276845],[5.664649373692561,53.15973810161368],[5.66471291624752,53.15962203822125],[5.664799874678049,53.15966047555561],[5.665424055694607,53.159312177736346],[5.665381525864388,53.159208041689325],[5.665362841072069,53.159092168789144],[5.665361796009083,53.15892952899243],[5.665374211564275,53.15876775651599],[5.665416538100153,53.15860771173829],[5.665479314492449,53.15837303764013],[5.665533831047342,53.15824890753146]]]]}},{"type":"Feature","properties":{"gezicht_uri":"https://linkeddata.cultureelerfgoed.nl/cho-kennis/id/gezicht/10134239","gezichtsnummer":"1366","naam":"Holwerd"},"geometry":{"type":"MultiPolygon","coordinates":[[[[5.901067727731971,53.36914334179862],[5.90096248449809,53.369136603181744],[5.900705063855076,53.36909277624494],[5.900656208083863,53.36915318589816],[5.900529446450367,53.36948348512639],[5.900385866595268,53.36991538908413],[5.900216198551607,53.370301579376836],[5.899951310584669,53.37038806855226],[5.89962442734548,53.37056736915127],[5.89927589439165,53.37082133842908],[5.897736378986351,53.37199686074223],[5.897367014057088,53.3722697816818],[5.897231481759364,53.372370092422386],[5.897040371952548,53.37247153710418],[5.896854866256164,53.37253881388115],[5.896706568093755,53.372576281536546],[5.895994047704066,53.3726727437676],[5.89593262041195,53.3726873799318],[5.895114109074347,53.37118761073734],[5.894926542237156,53.370825399408005],[5.894516537125455,53.37007326862938],[5.894470873474254,53.36989555364992],[5.89445126783576,53.36976175638877],[5.894460966153767,53.369564938917684],[5.894674767530585,53.36922259823715],[5.894799684768448,53.36911424834015],[5.895351066105404,53.368607848530175],[5.895546494486014,53.36836442137113],[5.896127533374267,53.36769975226677],[5.896712876224194,53.36790752871103],[5.896619492439272,53.36801395006827],[5.897302997337586,53.368264436996114],[5.897448371481262,53.368108375762546],[5.897677816479426,53.36820084867552],[5.897747089009849,53.36821493103848],[5.897808637251884,53.3682110756763],[5.898307674656818,53.368360806671625],[5.898959028359776,53.36767515889726],[5.898483950700897,53.36726565526529],[5.89821882537076,53.3669513999863],[5.897904973582713,53.36658164249731],[5.898033764666205,53.366547850169],[5.898219669540336,53.36651651062881],[5.898294916150427,53.36652787172169],[5.898801673378712,53.36644395155169],[5.899391752830865,53.36641897706055],[5.900516309766787,53.36712311872333],[5.902600310277268,53.36702884684948],[5.903007420489941,53.36677821035473],[5.903400926123163,53.367021819383815],[5.903201326383667,53.367163744197484],[5.90335743039464,53.36727808553455],[5.903438591399499,53.367281331314366],[5.903575829189568,53.36732566843135],[5.903731665139294,53.367417547320734],[5.90376993174692,53.36747668559387],[5.903800730648701,53.36753945002571],[5.903821823355206,53.36766964546819],[5.90296436571002,53.36807406717366],[5.903232929372449,53.3682957492609],[5.902211355439915,53.368671218147966],[5.901127280647211,53.36884657451229],[5.901067727731971,53.36914334179862]]]]}},{"type":"Feature","properties":{"gezicht_uri":"https://linkeddata.cultureelerfgoed.nl/cho-kennis/id/gezicht/10134240","gezichtsnummer":"1367","naam":"Hollum"},"geometry":{"type":"MultiPolygon","coordinates":[[[[5.638074702451108,53.433867364319305],[5.640427150135915,53.434004400166145],[5.640391629054775,53.43410420733496],[5.641923711997695,53.43392217551383],[5.642554879827034,53.43581934841241],[5.642872969645864,53.43743775186838],[5.643018516066038,53.43812658405819],[5.643036856268518,53.43817416501745],[5.642349641075612,53.43824840110484],[5.642386097429182,53.438559201096595],[5.641524114949007,53.4385978632173],[5.641526824711198,53.43905518841195],[5.63935976410375,53.43901751798008],[5.639270637715366,53.43870233500552],[5.639159288539266,53.438702568101434],[5.639055878564262,53.43826072786256],[5.638171144597602,53.43826796647603],[5.637932052598389,53.43803755297073],[5.638074702451108,53.433867364319305]]]]}},{"type":"Feature","properties":{"gezicht_uri":"https://linkeddata.cultureelerfgoed.nl/cho-kennis/id/gezicht/10134241","gezichtsnummer":"1368","naam":"Hogebeintum"},"geometry":{"type":"MultiPolygon","coordinates":[[[[5.85937384993254,53.33328151877385],[5.859308701876113,53.3333635411123],[5.859049037392086,53.33391356391595],[5.858661666752942,53.334728255382366],[5.858693621718588,53.33476766545731],[5.858643736442554,53.33487298934794],[5.858331283416851,53.33553912787155],[5.85839767519276,53.335570316259926],[5.859009935988005,53.335688318039516],[5.859146712375582,53.33570395470727],[5.85917861927916,53.335738872173515],[5.85900789827968,53.336050434287756],[5.858808663504357,53.336363006516926],[5.858636475586047,53.33667816790231],[5.858279653155699,53.33740647847694],[5.85694411504806,53.33704330681872],[5.85699744721426,53.33725335469069],[5.857077075213138,53.337396808449874],[5.857190876382163,53.337645256679046],[5.857217759111962,53.33777004737944],[5.857273447927698,53.338058258053614],[5.857243149138647,53.33817069287979],[5.857114674254849,53.33836617632489],[5.85694128010705,53.33857261751222],[5.856728608251697,53.338756748576955],[5.856303249303426,53.3391241110566],[5.856169349534341,53.339373526398795],[5.856106538571904,53.339533709808826],[5.856043370425439,53.3397990226088],[5.855883769926919,53.340032364248735],[5.855782139610783,53.34021246644189],[5.855724392542818,53.340286370975264],[5.855672699162578,53.34036474453893],[5.855569874937059,53.34043523052002],[5.855336860915684,53.340544860225734],[5.855084417144229,53.340662651861294],[5.85497433867766,53.34075652733053],[5.854669687928327,53.34062922255084],[5.854229553648718,53.34088342005606],[5.853927843613064,53.34116583155053],[5.853807026472659,53.34137745499595],[5.8533649180066,53.341311780373324],[5.852435530733585,53.341168021653395],[5.851398057698015,53.341024673149164],[5.851081355987556,53.34103218528423],[5.851072987128621,53.341091520526554],[5.850991908362265,53.341090934810595],[5.850865907310366,53.34110130465725],[5.850700679490229,53.341093855021875],[5.85046614155504,53.341063310494114],[5.850353381377674,53.34104846995364],[5.850228388848637,53.341013010241625],[5.849851467167139,53.34086530544937],[5.848799370463516,53.34047669225746],[5.848152993451223,53.34026082966422],[5.847390863923812,53.340030131742125],[5.847038412109561,53.3399227582971],[5.846881621424007,53.339861359372094],[5.846586972741883,53.339683678249806],[5.846383479666788,53.33946611294832],[5.845481760702846,53.33867165924558],[5.84554458142753,53.33864985502762],[5.845722285382421,53.338420052208676],[5.846212656588748,53.33780628178498],[5.846234427068065,53.33773611329289],[5.846254610119353,53.33765786408362],[5.846165740406077,53.33734821042638],[5.846129291523852,53.33730881424009],[5.845912293538675,53.337231470309966],[5.845744728822309,53.33714405360359],[5.845739536605648,53.337079379213506],[5.845886617109599,53.336793983915655],[5.845924402370325,53.33667703075466],[5.846024955243997,53.33639271131049],[5.846140835926705,53.33627905408523],[5.84646980316426,53.33601722376971],[5.846572296356237,53.3359152981565],[5.846739351317805,53.33567385336142],[5.846757705440549,53.33556506094331],[5.846736523191551,53.33540879751674],[5.846675325799299,53.335160138327204],[5.846653616880163,53.33495445766206],[5.84661929955075,53.33483328710596],[5.847150833235005,53.33470546010685],[5.847826407191817,53.33457168769321],[5.849033673560647,53.33432624905747],[5.849902522267545,53.3341593750799],[5.851072597506927,53.33394730470182],[5.851213539494228,53.333932384223566],[5.852206995560753,53.33376860659028],[5.8534296329859,53.33356080250501],[5.854011277570652,53.33348935817891],[5.854404172873515,53.333453687542274],[5.854641030591868,53.33342491222202],[5.855185692783336,53.333403923810266],[5.855922679269212,53.33340015379538],[5.856769366704155,53.33340763170198],[5.857393777300774,53.333404292379306],[5.857853145387985,53.33340788585574],[5.858471394550329,53.33339018854308],[5.858925688791165,53.33334168293395],[5.859159511296032,53.33331021501583],[5.85937384993254,53.33328151877385]]]]}},{"type":"Feature","properties":{"gezicht_uri":"https://linkeddata.cultureelerfgoed.nl/cho-kennis/id/gezicht/10134242","gezichtsnummer":"1369","naam":"Hindeloopen"},"geometry":{"type":"MultiPolygon","coordinates":[[[[5.399119763869481,52.94010280550799],[5.400756264088241,52.94092397748926],[5.401384108938307,52.941261788926504],[5.401976261546561,52.94159690560764],[5.402505723456863,52.94130478327408],[5.40332071301268,52.94082570479168],[5.404585384352471,52.94152555911172],[5.406454196126594,52.94255869515561],[5.406422969008522,52.942585659137514],[5.406110658754671,52.94277082725169],[5.405798344301339,52.942952400018704],[5.405591639295915,52.943116881632996],[5.405218337154247,52.94331913081392],[5.405005664088973,52.94345036298865],[5.404743901855946,52.943589689734814],[5.404476177062307,52.94370295649939],[5.404209932834293,52.94380184436636],[5.403933273695111,52.94389983448005],[5.403714621425695,52.94397355285825],[5.403481077912186,52.9440095304244],[5.403512801555349,52.94528917495458],[5.403444383296556,52.945327825443755],[5.402676697430372,52.94519493118493],[5.401891166139502,52.945067425986544],[5.401153240705781,52.944928227818295],[5.400431690786283,52.94481059036802],[5.399632777397898,52.9446597074313],[5.398958842354946,52.94454834645854],[5.398264075228311,52.944403734333484],[5.397506816748146,52.944195320926966],[5.396907252144875,52.94397970074977],[5.396386535082241,52.94375418647803],[5.395895567565862,52.943489127995484],[5.395641133745134,52.94322135479166],[5.395535467990545,52.942984123969495],[5.395532455177127,52.942790918671236],[5.395556227214525,52.942640845713285],[5.395632066660316,52.94250334983671],[5.395730233324293,52.942436844087545],[5.396439696988902,52.9419344559449],[5.399119763869481,52.94010280550799]]]]}},{"type":"Feature","properties":{"gezicht_uri":"https://linkeddata.cultureelerfgoed.nl/cho-kennis/id/gezicht/10134243","gezichtsnummer":"1374","naam":"Ee"},"geometry":{"type":"MultiPolygon","coordinates":[[[[6.101010416191435,53.328995844348704],[6.101229348337834,53.32880225409046],[6.101828328375864,53.32907994133728],[6.101938707016753,53.329128705431934],[6.102118356912918,53.32937204313813],[6.102259528443481,53.32946734847495],[6.102342670073062,53.32950279594135],[6.102455798435717,53.329536267828814],[6.102826529369077,53.329716467327984],[6.103596292377752,53.33006321597568],[6.10384291703132,53.33018125329755],[6.103878303349727,53.33023315831327],[6.103874921824,53.33030056982167],[6.103779644702931,53.3303478624717],[6.103485784954349,53.330458338503874],[6.103036207780058,53.330592204948594],[6.102584932981848,53.33071439863314],[6.102354799484309,53.33077597085756],[6.101761579089573,53.330937643478464],[6.101706657861182,53.33097481051231],[6.101436683345468,53.33107795109712],[6.101190542905642,53.33117016690027],[6.101065153970667,53.33121224490096],[6.100912838232888,53.33125987394233],[6.100688405340578,53.33130343808431],[6.100427772246411,53.33133643397804],[6.100097830364354,53.331353666431895],[6.099878611533293,53.331258821337485],[6.099659170776659,53.33115049889966],[6.099589922358913,53.33113832958],[6.09952807437214,53.33111982651462],[6.099448959194068,53.331055599640656],[6.099412285218762,53.33092552707353],[6.099424381895076,53.33084009308569],[6.099214083246102,53.330739802625736],[6.099174883700528,53.330638498560184],[6.099117837379294,53.33054718423122],[6.099179716275414,53.33038597715718],[6.099226228842495,53.33029404947763],[6.099285193508551,53.33022900454332],[6.099380178255917,53.33016374618572],[6.099379435604122,53.33011882303772],[6.099315212082267,53.33004731942912],[6.099202293753565,53.32993566941698],[6.099118975690189,53.329889438224484],[6.099723098609751,53.32957046749246],[6.100536000500206,53.32907953015754],[6.100818266422538,53.32890353584504],[6.101010416191435,53.328995844348704]]]]}},{"type":"Feature","properties":{"gezicht_uri":"https://linkeddata.cultureelerfgoed.nl/cho-kennis/id/gezicht/10134244","gezichtsnummer":"1370","naam":"Heeg"},"geometry":{"type":"MultiPolygon","coordinates":[[[[5.607136720070431,52.966874859379196],[5.607010927699395,52.96701797265251],[5.606937001972957,52.967116059024335],[5.606870862580047,52.96728242666827],[5.606809364730869,52.9674838321779],[5.606793440885156,52.967572825510565],[5.606784990826952,52.96766809548505],[5.606776817220888,52.96781818117844],[5.6068513928788,52.967848597355314],[5.607088838657286,52.96800362284357],[5.607190738039408,52.96813912781789],[5.607351123703959,52.96836079306121],[5.60738737371867,52.96846496691945],[5.607343124608612,52.968545026252514],[5.607362833559044,52.96861598141921],[5.607352787016103,52.96868968731295],[5.607004891278352,52.96877030584238],[5.606705959540688,52.96882028007587],[5.606607788842727,52.968833939859294],[5.606488765990732,52.968844941970495],[5.606431941832056,52.96879292595618],[5.606408153570444,52.96879836137821],[5.606189579991196,52.968844592296705],[5.606148061161671,52.968876120342195],[5.605738593113544,52.96884901286709],[5.605678955281241,52.96882935219595],[5.605565764356044,52.968816079805826],[5.605328751834531,52.968747318677664],[5.605214027762415,52.968725062490215],[5.604989220686295,52.96871558775315],[5.604658715059178,52.96870271058653],[5.604502435694378,52.968704792285195],[5.604142277528884,52.96871533192545],[5.603712170450054,52.96872779455995],[5.6035855976386,52.968717240432994],[5.603308618990858,52.96869258039891],[5.602809855770214,52.96866742168952],[5.602632671300523,52.96865605928566],[5.602521059106802,52.96866075369318],[5.602437772046629,52.96867438321656],[5.60233433111766,52.96852539760918],[5.602375892352563,52.9685019584498],[5.602390505913682,52.96844711590768],[5.602439451510376,52.968110941402195],[5.602464119548183,52.96798239334633],[5.602490346979592,52.96786822049487],[5.602507830376212,52.967791805715756],[5.602515054733016,52.96774775998706],[5.60252365638009,52.96768124610815],[5.602536705490562,52.96761112970175],[5.60257276903883,52.96737921898494],[5.602575381306766,52.967305526881795],[5.602590145387515,52.96728123733347],[5.602631749769013,52.96726678426468],[5.602719534901531,52.967260335494046],[5.602890697736912,52.96725912786719],[5.603082702774166,52.967258780948974],[5.603179440580371,52.96725680879094],[5.603265679218892,52.96723868026762],[5.603385995020399,52.96718903806391],[5.603506404313871,52.96715826673167],[5.603721879270418,52.96708868201034],[5.603800711095706,52.967077755542206],[5.604028445992376,52.967079139551],[5.604263596043578,52.967075117887944],[5.604479387820597,52.96706933372876],[5.604699644752729,52.96706354104824],[5.604951122153209,52.96705050202772],[5.605135630246638,52.967039381956326],[5.605177296544617,52.9670375086624],[5.605260561611337,52.96702028275098],[5.605345121386727,52.96696441345966],[5.605548374262093,52.966832842501404],[5.605630001603839,52.96678596463539],[5.60575338498273,52.966755185592824],[5.606339070243765,52.96660673753446],[5.606455137398181,52.96660113274573],[5.606637001612818,52.96665651360622],[5.606762194083978,52.96668953271445],[5.606870991755206,52.96671808871306],[5.607136720070431,52.966874859379196]]]]}},{"type":"Feature","properties":{"gezicht_uri":"https://linkeddata.cultureelerfgoed.nl/cho-kennis/id/gezicht/10134245","gezichtsnummer":"1371","naam":"Hallum"},"geometry":{"type":"MultiPolygon","coordinates":[[[[5.786560851677674,53.304869703611615],[5.786666686331071,53.30495920549906],[5.786709211845468,53.30501567194871],[5.786486697224485,53.30512333760724],[5.786205929390578,53.30525815244259],[5.786517227034476,53.30550421592244],[5.786191879310347,53.30568500425397],[5.786024754124335,53.30578080408166],[5.786219301590678,53.30589247524431],[5.786137205522742,53.305936776185014],[5.785801352438607,53.306117598303445],[5.785732731254258,53.30615915864557],[5.785936238582234,53.30626630784855],[5.786181923842035,53.30639218592156],[5.786362765693713,53.306481438927804],[5.786674523960529,53.30661428475115],[5.786305657439915,53.306794319454795],[5.786165405248619,53.30687655211076],[5.786140144737426,53.306902693554626],[5.78615542848702,53.306933193052906],[5.78619918923629,53.30696090237183],[5.786229515663077,53.30699584458692],[5.7862224060837,53.30703809942312],[5.786077835545423,53.307140114115604],[5.786069258943186,53.30718596795715],[5.786020195955197,53.307233753269344],[5.78594543976633,53.30726095749243],[5.785833230518622,53.3072936771585],[5.785738839700951,53.307306569810564],[5.785434565681824,53.307334534826474],[5.78539717902606,53.30734723825249],[5.785349225142788,53.30735278839313],[5.785244217075848,53.307353136327876],[5.785100040120542,53.30733564316514],[5.785056420685523,53.30732320810354],[5.785004795687233,53.30741862391474],[5.784927237809433,53.30763003675121],[5.784764022625102,53.307500289150525],[5.784555473620442,53.307334749803275],[5.784612204598357,53.30730491046184],[5.784545793735067,53.30726110182232],[5.78461142587878,53.3072204506038],[5.784378918532086,53.30705948286697],[5.784437058288817,53.307019755045125],[5.784307445079628,53.30695459034045],[5.784261181961205,53.306980800801966],[5.784182729770422,53.30693253906976],[5.784145417563141,53.306953328691556],[5.784112183664455,53.30692827946194],[5.784197217695445,53.306876781927976],[5.784026722160661,53.30677041931368],[5.783860843499857,53.30667662072659],[5.783794773318054,53.306669650545814],[5.783840945438754,53.306633556657836],[5.783544254433761,53.30650694355866],[5.783452782222358,53.30651083942616],[5.783187376474884,53.30668692912132],[5.783285369610863,53.306739619767555],[5.783271210800209,53.30683131717854],[5.782921407633072,53.30680191958191],[5.782898544375143,53.306925992930495],[5.782871056952498,53.30703660345001],[5.782645522098004,53.307144271821926],[5.782595746528412,53.30711478393754],[5.782502970599214,53.30714024824387],[5.78246119827135,53.30716554469583],[5.782346415695452,53.30708145982855],[5.78224791101519,53.30713659448223],[5.782332501879566,53.307200112400764],[5.781936494890967,53.30736764335126],[5.781844066419466,53.3072673109107],[5.781608672034336,53.30728156192304],[5.781379836698054,53.30735689142701],[5.780838649798168,53.30674047269474],[5.781085434653749,53.30665969413598],[5.781383024402905,53.30655718351349],[5.781580723638792,53.306522390330144],[5.781742798815816,53.30652904649583],[5.781987082586278,53.30650308502173],[5.782144245860489,53.30646482995368],[5.782498834827477,53.30636212916926],[5.782996489008569,53.30615652291956],[5.783301240818846,53.306018042443014],[5.783589589115604,53.30589039774654],[5.783818123447677,53.30578361617101],[5.784100402234324,53.30564880197203],[5.784194001524661,53.305713187389316],[5.784595686550994,53.30551328273449],[5.784470395605115,53.305428336069326],[5.784424723480956,53.30535570557716],[5.784059569846317,53.30512419120174],[5.784503408229362,53.304941219760586],[5.784652864594907,53.304881421965],[5.784779985879747,53.30483966864162],[5.785386963721283,53.304617516816876],[5.785857932757399,53.30444972553043],[5.785965784164664,53.30443319393074],[5.786070934765128,53.30444901854973],[5.786212992338292,53.30456266108988],[5.786350733631102,53.30469608562265],[5.786560851677674,53.304869703611615]]],[[[5.783794773318054,53.306669650545814],[5.783794781585133,53.306670549055205],[5.783793273226361,53.30666965549756],[5.783794773318054,53.306669650545814]]]]}},{"type":"Feature","properties":{"gezicht_uri":"https://linkeddata.cultureelerfgoed.nl/cho-kennis/id/gezicht/10134246","gezichtsnummer":"312","naam":"Grouw"},"geometry":{"type":"MultiPolygon","coordinates":[[[[5.842903484557318,53.09623386930666],[5.8435352155438,53.09654148076507],[5.843677789230303,53.096612825406574],[5.843842320553264,53.09664275046339],[5.844069588299816,53.09667603032654],[5.844217528725967,53.09668984334695],[5.844527101001973,53.0967416787875],[5.844745602411734,53.09679296288526],[5.844912320084439,53.09688847603404],[5.845034879559146,53.097043465513906],[5.845160861948686,53.0972397774393],[5.845229718932985,53.09739856650737],[5.845296150586231,53.097610382290654],[5.845320422285163,53.09778821249369],[5.845331191997632,53.09795980413651],[5.845300294354025,53.098144135613175],[5.845239434591129,53.09831869708085],[5.845068148632474,53.098498173837264],[5.844816932511757,53.098601574758284],[5.844519858074575,53.098603608389816],[5.844061873886243,53.09863680779959],[5.843687377160789,53.098658903977174],[5.84330522665125,53.09866305611906],[5.842854535429539,53.09868004830916],[5.842303820378079,53.09869741902927],[5.841766531456671,53.09871383764408],[5.841279689937985,53.09870040871382],[5.840759723322928,53.09866014526484],[5.840345301951428,53.09857634732099],[5.839811866355157,53.09838965879938],[5.83944910980102,53.098249050592045],[5.839064968711098,53.09806179474517],[5.838746301639874,53.097853622938466],[5.838372289948575,53.097634875628394],[5.838039018409707,53.09745730939601],[5.837799686488903,53.09726860552283],[5.837758129211458,53.09714834936939],[5.838107787271978,53.09703560652452],[5.838314767514676,53.096984505189674],[5.838410159052756,53.09696976812166],[5.838503823989423,53.09693257245574],[5.83856554104011,53.09683798668086],[5.838507813440322,53.09674205395939],[5.838435185959438,53.09664887316689],[5.838344785189056,53.09656923831935],[5.838499084449829,53.096476999483194],[5.838632371522814,53.09637405645453],[5.838894404065654,53.096305673086924],[5.838699082554872,53.09604222098693],[5.838986537287075,53.09597823454223],[5.838933578345461,53.09591014065329],[5.839282357982722,53.09585760391902],[5.83926859513369,53.09582620483141],[5.839267892846646,53.09575881236648],[5.839182766534643,53.095755539348396],[5.839123765950412,53.09553740187951],[5.839030801832907,53.09549821427392],[5.838633442311933,53.095472755129606],[5.838656544653635,53.095540961741584],[5.838366237594466,53.09561753857955],[5.837969416666774,53.095356641589795],[5.837756426010731,53.09540327198386],[5.837643740169202,53.09547738131672],[5.837508251837384,53.095512037838134],[5.837172017663536,53.095046927757124],[5.837005938987098,53.09501070915264],[5.836766311353121,53.094647675497356],[5.837220582487662,53.09469179755326],[5.837207857529891,53.0946163628348],[5.837142634897415,53.0945168631687],[5.837093981813659,53.09443167883141],[5.83704065504141,53.09432764139436],[5.836902552455074,53.094109799951134],[5.836715827551611,53.093809469524366],[5.836704354387836,53.09371066638292],[5.836878164041598,53.093629139505936],[5.837083292027168,53.09354479888655],[5.837321174892695,53.09345224734944],[5.837419068130648,53.09353544925781],[5.837729347308587,53.0938020654708],[5.837798553734246,53.093853923940294],[5.837914389496094,53.093939753713926],[5.83808873160111,53.09405321971256],[5.838294552804796,53.09417914728177],[5.838402802705141,53.09410954702227],[5.838509543728423,53.09418193146364],[5.838621741798954,53.09420487212604],[5.839113029015236,53.09422009216514],[5.839446086698621,53.0942359079852],[5.839621704625526,53.0941849227703],[5.840160187127199,53.094145145436386],[5.84020235891508,53.094180929961496],[5.840262452281372,53.09436042297919],[5.840317157049278,53.09459564967322],[5.840426746873587,53.094940297999365],[5.840481218506407,53.09501018272841],[5.840541577352543,53.09535771309192],[5.840581722960624,53.09548516252202],[5.840623174270747,53.095737512620566],[5.840617711290259,53.09607181310389],[5.840618228861868,53.09640698950502],[5.840714153797479,53.09644346885708],[5.841410806961023,53.09639410075963],[5.841418954716773,53.09674452441792],[5.841539534384954,53.096711717265364],[5.841813186731,53.09661273096863],[5.842399800439752,53.09646223292014],[5.8425011889667,53.09645016558925],[5.842903484557318,53.09623386930666]]]]}},{"type":"Feature","properties":{"gezicht_uri":"https://linkeddata.cultureelerfgoed.nl/cho-kennis/id/gezicht/10134247","gezichtsnummer":"1372","naam":"Franeker"},"geometry":{"type":"MultiPolygon","coordinates":[[[[5.536000270429167,53.18367478634897],[5.536409861045176,53.18359520324662],[5.536816828479707,53.183622551290256],[5.53753142316334,53.18350035054388],[5.538001417846221,53.18444325343064],[5.538452943723057,53.184377089066984],[5.539059975995927,53.18429275471577],[5.539696935986231,53.184211973464215],[5.540748469140068,53.18419265928977],[5.540716424169143,53.18401478443348],[5.542249297713973,53.18390498291579],[5.542395875848996,53.18390030033312],[5.543315566500959,53.18424056044939],[5.543487945734473,53.18433827935236],[5.54365881361057,53.18443150715271],[5.544764323026908,53.1844453342017],[5.545690248637265,53.184437823155484],[5.546118069748011,53.184437256540484],[5.546538431324119,53.18444208971025],[5.546990030439258,53.184399255797864],[5.547486384996378,53.18432401197614],[5.547704659183236,53.18429047289455],[5.548793144120515,53.18415242806794],[5.548891733040842,53.18451531546942],[5.548911895296631,53.18470668265885],[5.548951561495225,53.184913299115706],[5.548982074472739,53.185072303953305],[5.549083409950465,53.18536869357319],[5.549430125954622,53.18607629385503],[5.54951532675165,53.18605820718515],[5.549631445347812,53.18630605373164],[5.548754967465601,53.18634587683703],[5.548802040293044,53.18653271482565],[5.548911910101174,53.186710482413986],[5.549014001696437,53.1868082881468],[5.549145996187556,53.186901560560344],[5.549340751063006,53.186975878071515],[5.549583272967432,53.18702227504791],[5.550166876254878,53.18706820818265],[5.55027851544359,53.18771322559303],[5.550311701834043,53.18778596414051],[5.55031790277599,53.187843463817686],[5.550339067099642,53.187901841688856],[5.550375269476179,53.18798086605877],[5.550482700389098,53.18830240572967],[5.550516020827023,53.188806454798126],[5.550664418690729,53.189278897128666],[5.550681775612435,53.189516992880336],[5.550611726026389,53.18958717639587],[5.550480337828399,53.189657443455296],[5.550449151333512,53.189718588279014],[5.550615119118316,53.190484836895564],[5.55059132096913,53.19052171044902],[5.549533920721158,53.19061210519192],[5.549331948403425,53.1906123786018],[5.549192596425422,53.1905550589802],[5.549011122306684,53.190435795192464],[5.548879009781539,53.19031376885277],[5.548691949311422,53.19030054261458],[5.546699945699912,53.190513474219756],[5.546637761027033,53.190284423272665],[5.546017395639575,53.18879452975491],[5.545931742606234,53.18869130838032],[5.545814933970601,53.18865911473928],[5.544569203896454,53.188786556052015],[5.544243037057334,53.18877799829015],[5.541884962146073,53.18868761466971],[5.541741424034323,53.18871026396354],[5.541448555613282,53.18880948332349],[5.541083873074004,53.18890789564091],[5.540843359882143,53.18900614770787],[5.540725271943244,53.189034154531605],[5.540656457421648,53.1890351412371],[5.539995936236772,53.18924175636172],[5.539855339791302,53.18925092118563],[5.539723656150602,53.18924210322666],[5.539597773014655,53.189181161050854],[5.539270633781737,53.188896731929525],[5.539177762884373,53.18886360288802],[5.539068669388905,53.18889698805694],[5.538935276487931,53.188827069059805],[5.539075754950784,53.18878465859986],[5.539145806163067,53.18870998899732],[5.539090238515816,53.18864895710069],[5.538895638735271,53.18861595673946],[5.538732474605095,53.18858830769811],[5.538576708981184,53.188537286427675],[5.538444716547949,53.18843950962802],[5.537956961319452,53.1875667200079],[5.537869968616308,53.187502132801164],[5.537724542138221,53.18741156058495],[5.537374273385747,53.187351796266825],[5.537202073649847,53.18730528661232],[5.537062720344562,53.187239865786125],[5.53691413334535,53.18709987549935],[5.536781775973826,53.18689426956801],[5.53673338921797,53.18674516827585],[5.536732742762911,53.18655826768459],[5.536780143774017,53.18642252528919],[5.536887447519648,53.186305577907504],[5.537059057376297,53.186183158630804],[5.53729959780144,53.18609479823117],[5.537540262230345,53.18604237977471],[5.537602882017257,53.18598209736267],[5.537664213216035,53.18555160787926],[5.537693205731042,53.18528559629159],[5.537670457512309,53.18519666694063],[5.536563611782471,53.184800886084794],[5.536760715053973,53.184698203818975],[5.536791979460422,53.184655033671454],[5.53674695990811,53.18461375587746],[5.536663069222581,53.18457881651447],[5.536485130454454,53.184599705334165],[5.536405402055417,53.18447041127692],[5.536382749926842,53.18440843849323],[5.536193083381539,53.18406452404939],[5.536000270429167,53.18367478634897]]]]}},{"type":"Feature","properties":{"gezicht_uri":"https://linkeddata.cultureelerfgoed.nl/cho-kennis/id/gezicht/10134248","gezichtsnummer":"1373","naam":"Ferwerd"},"geometry":{"type":"MultiPolygon","coordinates":[[[[5.818265340590522,53.338056204922104],[5.819222427359488,53.33738785779117],[5.819841740166106,53.33761834947227],[5.819921699077825,53.33765759694615],[5.819908513598559,53.33768999144887],[5.819694929659898,53.33779858352747],[5.820019613665225,53.337989700124155],[5.820342880702273,53.33818890770333],[5.820208505973843,53.33826217262521],[5.82027661956093,53.338317636041424],[5.820607115898939,53.33848896246381],[5.820866948301759,53.33835144904349],[5.821576325121349,53.33842975548167],[5.821938593022264,53.33847606795318],[5.822757313650424,53.33793578409106],[5.822942395569296,53.33782998546407],[5.823247242612747,53.337246633210604],[5.823762565161039,53.33728699373278],[5.824150272449967,53.3373260189188],[5.824249828423728,53.3372250217312],[5.824317261580234,53.3372130956668],[5.825160692996231,53.33792705210453],[5.824961858921451,53.338008643950324],[5.82519775130199,53.338175809638166],[5.825438508998977,53.3380832822337],[5.826092933696667,53.33866134448497],[5.826087661467103,53.33873324604601],[5.826425618504724,53.3390446997817],[5.826518079530785,53.338984160493645],[5.827245922897648,53.33939841581121],[5.827079511216079,53.339567948237274],[5.8270339550201,53.33966425748949],[5.82682205791206,53.3399372867325],[5.826445792130054,53.33969785645021],[5.826270631976319,53.33959875964284],[5.826111062502271,53.3397035716567],[5.825984025126147,53.339759744174884],[5.825737731337821,53.33960429890677],[5.825134459154936,53.33992367863937],[5.824676241640338,53.33959648555969],[5.824429797334183,53.33972137907184],[5.824302557064836,53.33975778291907],[5.823336452453183,53.34027435143963],[5.823097352064247,53.34038394054901],[5.822912451681441,53.34036035057482],[5.82241156378493,53.34011776525195],[5.821569660712622,53.33970389304652],[5.820702008829476,53.339265847515435],[5.819927936890047,53.338875979426064],[5.818265340590522,53.338056204922104]]]]}},{"type":"Feature","properties":{"gezicht_uri":"https://linkeddata.cultureelerfgoed.nl/cho-kennis/id/gezicht/10134249","gezichtsnummer":"1375","naam":"Dronrijp"},"geometry":{"type":"MultiPolygon","coordinates":[[[[5.645535146687064,53.19928283495686],[5.645624786764054,53.19950907977173],[5.643733415398264,53.199272326251716],[5.643028065850027,53.199180382673816],[5.640963080530938,53.19893317303901],[5.640039025556582,53.198799442087235],[5.639479021306581,53.19822554104526],[5.641408011059113,53.19774612662875],[5.641494644985904,53.19771988457055],[5.641685709798036,53.19764040557929],[5.641737837914799,53.197598960992124],[5.641702956983678,53.19751996141996],[5.641403890399142,53.19704525555381],[5.641229152140872,53.19684704325671],[5.641161842464439,53.19659648647663],[5.64097680569539,53.19617275599319],[5.640852233739568,53.19559793845656],[5.640842523543639,53.195473058549005],[5.640771309157559,53.1953213517955],[5.640779122069185,53.19512275252154],[5.640794958473476,53.19476149607254],[5.641733695490693,53.194607649396794],[5.641650388061796,53.19443530180365],[5.642580015629435,53.194260800815954],[5.642501719321456,53.19417740103668],[5.642500854586048,53.194030936805724],[5.642996854865756,53.19390497907373],[5.64293483055119,53.193790095075464],[5.643100690047815,53.193752900014026],[5.642617800434523,53.19305844036328],[5.641434372142125,53.193322438156116],[5.640986205106761,53.1926755222092],[5.641856073295521,53.19252182016591],[5.641786943568719,53.19246985019502],[5.641891335248448,53.192412120292275],[5.641313493817924,53.19184814881587],[5.6421900883592,53.1915695294101],[5.642303454021314,53.19151178004061],[5.642624625191201,53.19142752960412],[5.642756114449444,53.19165189079599],[5.642983248308876,53.19160468100821],[5.642992591748873,53.1916666620999],[5.643443834428942,53.19156685626905],[5.643701876898491,53.19193831061805],[5.643864909513021,53.19218237151792],[5.644682114677747,53.19198203625104],[5.644772040167476,53.19225949983202],[5.645526682643935,53.19185531881838],[5.645942359326953,53.19256339063834],[5.645643515743745,53.19262873192151],[5.645732723523148,53.19278488996266],[5.645193516152998,53.19293790902697],[5.645113313750815,53.19278622404956],[5.644436553267585,53.19295570971042],[5.64470672645161,53.193351396986735],[5.643925596048158,53.193584003393696],[5.64420814931937,53.19404885470117],[5.644299262750557,53.19402260096978],[5.64468633536951,53.194701085339815],[5.645503707725043,53.19452141133962],[5.645637775525374,53.19492278088329],[5.645768676011332,53.195294504426805],[5.645834320584033,53.19551271403425],[5.645887544175977,53.19565547097291],[5.646276281840136,53.19635551186302],[5.646716904251858,53.197221673421986],[5.644720667402173,53.19770221641695],[5.645151114898441,53.19837072116542],[5.645363442401644,53.19884560434955],[5.645440943284859,53.19904401999892],[5.645535146687064,53.19928283495686]]]]}},{"type":"Feature","properties":{"gezicht_uri":"https://linkeddata.cultureelerfgoed.nl/cho-kennis/id/gezicht/10134250","gezichtsnummer":"1376","naam":"Dokkum"},"geometry":{"type":"MultiPolygon","coordinates":[[[[6.002905318474856,53.32665674170712],[6.00249281302655,53.32803901740576],[6.002532898809135,53.32811339133556],[6.002604270495105,53.32817143129584],[6.002705106413939,53.32819068296854],[6.002787560510828,53.3281839709288],[6.002552580277439,53.328755749234666],[6.002452872279364,53.32881556348418],[6.002209841848575,53.32882399549929],[6.001642891572413,53.32874692450085],[6.00105456061489,53.32864390226337],[6.000807637787883,53.32922202776421],[5.999874385029043,53.32903449981336],[5.999822946188112,53.328583693270545],[5.999501963585238,53.328598806875945],[5.999201979398954,53.32861291417238],[5.998792550280406,53.32863566450499],[5.998477662946669,53.32876306225754],[5.9979376649574,53.32899852974651],[5.997783448901909,53.32902537093224],[5.997138842194737,53.32886960136557],[5.99664453614028,53.32894039779392],[5.996014866829431,53.328779155224346],[5.996417440842659,53.328059179648],[5.99635522217193,53.328010973635],[5.995507833829548,53.32762978991037],[5.995340397330137,53.327570434736316],[5.995235254001724,53.3275646768382],[5.994924415238029,53.32755366918321],[5.994348293336306,53.32756916018467],[5.99374583913678,53.32731342125034],[5.994281737013359,53.32678686509913],[5.994294021568101,53.32680657101073],[5.994489967958789,53.32665282880007],[5.994445072900192,53.32581022167832],[5.994432998149031,53.325272953453606],[5.994271397849452,53.325200987681114],[5.994143903565129,53.32499316933499],[5.993513960811829,53.324487772694155],[5.99354442148029,53.32430611311842],[5.9944716812105,53.32407769433334],[5.994846572393333,53.32395000345155],[5.995783919101142,53.32358674178869],[5.996301262818277,53.32334510832388],[5.996564435003715,53.323171253785574],[5.996926646329441,53.32289086798846],[5.997265211677203,53.32253063057472],[5.997417890656952,53.32239687085499],[5.997638095426381,53.32226276799687],[5.997869757962113,53.32219599739735],[5.998013712875489,53.32218807754511],[5.998203258789087,53.322220360296996],[5.998437074175304,53.32230543179118],[5.998649414244229,53.322463394240096],[5.999032010202655,53.32288016928159],[5.999190141520109,53.32302492851862],[5.999481286486151,53.32323640090348],[6.000027255601077,53.32353193536101],[6.000329364862466,53.32366966910007],[6.000842423996425,53.32386652779242],[6.001264961863125,53.32402970209091],[6.00175495575175,53.324187138758354],[6.002378781841108,53.3243627579807],[6.002713072054563,53.32444101707163],[6.003615407883671,53.324781434144526],[6.004507922501923,53.325168619223255],[6.004399268281674,53.326698499909604],[6.002905318474856,53.32665674170712]]]]}},{"type":"Feature","properties":{"gezicht_uri":"https://linkeddata.cultureelerfgoed.nl/cho-kennis/id/gezicht/10134251","gezichtsnummer":"1377","naam":"Cornwerd"},"geometry":{"type":"MultiPolygon","coordinates":[[[[5.392248193103559,53.08243896898212],[5.392289989917197,53.08252613065482],[5.392151323684208,53.08358108436369],[5.39220061174975,53.08390637270141],[5.392018538884191,53.083924352254904],[5.391236488555166,53.083683559446946],[5.391127541288723,53.08366918573555],[5.390642507007042,53.08365392523367],[5.390120160884998,53.0836108073667],[5.390157460810671,53.08346793020028],[5.389181423377734,53.083340351487855],[5.389266483153011,53.08320556105689],[5.389145595590074,53.08312918287431],[5.388975459765708,53.083055501151314],[5.388975455241546,53.08295396018635],[5.388987386463753,53.08277873442635],[5.390569310185728,53.08280745323182],[5.390787140936745,53.08215057530959],[5.390769228562248,53.08210295044726],[5.390793104074801,53.08207778910126],[5.390915473540963,53.08203734852519],[5.391121417266259,53.082026558570256],[5.391278117906623,53.082063395436236],[5.391357216245865,53.082099336326095],[5.392012396239174,53.08241381840574],[5.392139249469646,53.08243178492775],[5.392248193103559,53.08243896898212]]]]}},{"type":"Feature","properties":{"gezicht_uri":"https://linkeddata.cultureelerfgoed.nl/cho-kennis/id/gezicht/10134252","gezichtsnummer":"1378","naam":"Bolsward"},"geometry":{"type":"MultiPolygon","coordinates":[[[[5.527304542003712,53.062593197093406],[5.527683040829085,53.06339430362845],[5.527809290774489,53.06368619997853],[5.528222033922263,53.0644612049132],[5.528408314683469,53.06486176019296],[5.528486462612238,53.06503869185308],[5.528600378552275,53.065204797977295],[5.52859645963684,53.06537553637321],[5.528549252641348,53.0655382385494],[5.528411294807149,53.06577742878481],[5.528243552055421,53.06603282875139],[5.528045988667711,53.066293655180075],[5.528063907875191,53.06629902566326],[5.528080656239964,53.06640324335205],[5.528064380509804,53.06644459805356],[5.527935047428849,53.066584931688595],[5.527908500695976,53.066679315757334],[5.527754175073213,53.06693380057516],[5.52637089931028,53.06682668810034],[5.526287354120509,53.06682588670707],[5.5257665917172,53.066790547369706],[5.525791605421963,53.0666817879869],[5.525722614367619,53.06656684734257],[5.525635790723765,53.06647349366204],[5.525376000295894,53.066406399265986],[5.525177174847254,53.06627633208563],[5.525029006255454,53.06612553842728],[5.524942182131992,53.06603128563509],[5.524829852467546,53.06589123361298],[5.524622114425269,53.06577195893406],[5.523905978007564,53.06527495619564],[5.523647321806764,53.065091038903525],[5.52328550233899,53.0648326548019],[5.523026828894457,53.06464154737734],[5.522712901396235,53.06443073284345],[5.521925864516422,53.064145867783246],[5.520441639243725,53.06367846229128],[5.519344163746505,53.063331023821554],[5.518799028279761,53.06311326548032],[5.518288223490862,53.06290085860627],[5.517946233254408,53.062770936187285],[5.517228731273406,53.06277171866232],[5.517056998871874,53.06270900335993],[5.517157898453723,53.0620322484088],[5.517191660176779,53.061849796011224],[5.517759113323778,53.061560727237584],[5.518037555352116,53.06139597912152],[5.518253324877427,53.061224110264796],[5.518829538571891,53.060385982232454],[5.518872620631207,53.06032842439609],[5.518984269881265,53.06025551478379],[5.519596745110657,53.06006703070251],[5.520279082682048,53.05980118612006],[5.520555186262444,53.059852997279],[5.521151627179443,53.0597894285138],[5.521382700673858,53.05974963099329],[5.521885342218824,53.05974187701436],[5.52233609438092,53.05983572140321],[5.522934653657026,53.05997342778868],[5.52330781936042,53.060058370571255],[5.523551149766305,53.06012189392511],[5.524289023423349,53.060445444781195],[5.524901509416707,53.06073678594175],[5.525168860442152,53.060847005527876],[5.526148922021693,53.06086653839684],[5.526296560941431,53.0608564821337],[5.52650432910099,53.06099103023434],[5.526598587357289,53.06107988176756],[5.526842610751459,53.061355467171246],[5.526955253516096,53.06159436310185],[5.527112215982266,53.06216209452203],[5.527304542003712,53.062593197093406]]]]}},{"type":"Feature","properties":{"gezicht_uri":"https://linkeddata.cultureelerfgoed.nl/cho-kennis/id/gezicht/10134253","gezichtsnummer":"1379","naam":"Birdaard"},"geometry":{"type":"MultiPolygon","coordinates":[[[[5.871871059298789,53.292793010461295],[5.872467799317308,53.291848925214246],[5.872638860602898,53.291858118057256],[5.872770923223945,53.29186656975969],[5.87304453186456,53.291926564584664],[5.873894310480373,53.292146862598194],[5.874831967405786,53.292445869960844],[5.87466580170195,53.29260468846289],[5.875322367725436,53.29284462974619],[5.875789485120945,53.29290832459606],[5.875751024878185,53.29295520540642],[5.875985746562608,53.29302343860295],[5.876038998914567,53.29295852660613],[5.876871134083684,53.29320673031219],[5.8768639523111,53.293234614509274],[5.877801267969722,53.29363154160536],[5.878687310552001,53.29387052711783],[5.878725870825021,53.29383263042423],[5.879116673199471,53.29404129046847],[5.879437634219721,53.29417475759651],[5.879618122984106,53.29435192994871],[5.879533227793798,53.29440349501406],[5.879626790871874,53.29445432862646],[5.880055044085736,53.29439596401732],[5.880195579712849,53.2944888361134],[5.880157811030751,53.29459591804048],[5.880252556449305,53.29461889139859],[5.880482392607823,53.294389717245885],[5.880935494512738,53.29453701443299],[5.881312720817804,53.294213784038526],[5.883669745553696,53.294819569997706],[5.884677269781612,53.29518380570873],[5.884733400507895,53.295239283088534],[5.884725314701348,53.2953183886004],[5.884602188575473,53.295435709404266],[5.883768863685017,53.29613373255359],[5.882827053753783,53.296921153260875],[5.881104840648069,53.296359467029085],[5.880049749496493,53.296032237029195],[5.880049431144856,53.296004383433484],[5.879955761527286,53.295944565150485],[5.879854644992685,53.29588927005972],[5.879798560741483,53.295837384419755],[5.879914582477294,53.2957533439097],[5.879125236133088,53.29544927628309],[5.879178476487694,53.29538346444745],[5.878724357745485,53.2951472088363],[5.878956606180394,53.29499709980683],[5.878042645044,53.29467915837325],[5.878107146906514,53.29454860570371],[5.877098580225494,53.29408637781227],[5.876936711429708,53.294227210936796],[5.876890120447733,53.29421841541228],[5.876193902600931,53.29392293430658],[5.87573263298623,53.29371455138775],[5.875494481389463,53.29360859272678],[5.875337940942512,53.29355801182685],[5.875142563267456,53.2935210666669],[5.874653724447016,53.293393660698875],[5.874655234218292,53.29339455311818],[5.874133741626078,53.29329692954503],[5.873875494056866,53.293270121157335],[5.873453495708452,53.29308493257595],[5.872098134562955,53.29284870244603],[5.871871059298789,53.292793010461295]]]]}},{"type":"Feature","properties":{"gezicht_uri":"https://linkeddata.cultureelerfgoed.nl/cho-kennis/id/gezicht/10134254","gezichtsnummer":"1380","naam":"Ballum"},"geometry":{"type":"MultiPolygon","coordinates":[[[[5.684592301037788,53.44224228969117],[5.684859638795879,53.442166155979066],[5.685322672480488,53.44209942067058],[5.685851062595617,53.44212596439367],[5.686352403908825,53.442157963943906],[5.6866038491974,53.442177105724014],[5.686896903945991,53.44233630777505],[5.68707604907102,53.44234574512396],[5.687547821056174,53.442237648984474],[5.6881068458172,53.44212573900836],[5.688188479536894,53.4423932848454],[5.688270586949896,53.4427282161218],[5.688338693417996,53.44321233153394],[5.688704882108534,53.44328329428201],[5.688562170843271,53.44374817042478],[5.688682675664607,53.44376404156581],[5.688629203211924,53.44407864658577],[5.688107103038957,53.44409432828164],[5.688168445817254,53.44425769994683],[5.688262481206347,53.444361689572666],[5.688641618242028,53.444774944345646],[5.68868576601445,53.4448467129127],[5.688698449234971,53.44493832700071],[5.688717824995535,53.44533990288641],[5.688707205615998,53.445542089388994],[5.688696948662001,53.44558164856352],[5.688642776609932,53.4455826826789],[5.688555211657458,53.44554336836614],[5.688226035322192,53.44538785474678],[5.68774765815234,53.44520216411001],[5.687314847825208,53.44507565825174],[5.687242452668669,53.445483752444815],[5.686986604676287,53.44548349120405],[5.686295769397908,53.445476224288285],[5.686269707077924,53.445623641115255],[5.68620455314072,53.44577654593523],[5.685748318500055,53.44574443390945],[5.685379428369004,53.445720190290395],[5.685430628504376,53.445508020248724],[5.68549171956823,53.44541981706577],[5.685516129469745,53.44503430504942],[5.685299131660724,53.44499351199004],[5.684687748422248,53.444940216228964],[5.684767999376249,53.444793564301946],[5.684863074675073,53.444614530076386],[5.68492197176724,53.44421006455231],[5.68499669968037,53.44413530519004],[5.68530491985605,53.44366014037807],[5.684592301037788,53.44224228969117]]]]}},{"type":"Feature","properties":{"gezicht_uri":"https://linkeddata.cultureelerfgoed.nl/cho-kennis/id/gezicht/10134256","gezichtsnummer":"1381","naam":"Balk"},"geometry":{"type":"MultiPolygon","coordinates":[[[[5.578121526022424,52.89658678321356],[5.578495304885245,52.896766811862214],[5.578776730970899,52.896557874696335],[5.579360332363914,52.896804063139186],[5.579711661374556,52.89694638107955],[5.579827784844198,52.8969947203995],[5.57981844018036,52.896897681902935],[5.57986688324915,52.896762807011996],[5.580039021912598,52.896708610178074],[5.580424578403788,52.89686165441806],[5.580570578075037,52.89694499174609],[5.580335117344499,52.89712959531277],[5.580323770263699,52.89725182930634],[5.580439986786495,52.89732083669535],[5.580831139195068,52.89739389120195],[5.581073765525884,52.897484260164894],[5.581709620094994,52.897778878932264],[5.582131057851274,52.897976791323146],[5.581987388540004,52.89808396466671],[5.582112614585346,52.8981727258737],[5.58227793259993,52.89825423223539],[5.582469714724496,52.898271891320775],[5.582582868623753,52.89831933416742],[5.582910467457108,52.89846707338984],[5.583071912021701,52.8983472887426],[5.583173872987814,52.89821861517224],[5.583717652629967,52.89852146224297],[5.583970328853232,52.8985309307862],[5.584216260793289,52.89869228077104],[5.584283333086995,52.89873620352874],[5.584767064748281,52.89890255110956],[5.584354024018577,52.89925190831929],[5.584907767169416,52.89945318668854],[5.584786354744634,52.89955223867345],[5.585426502290059,52.89979830366393],[5.58556711074901,52.89967225980101],[5.586064343312182,52.899862843028686],[5.586426228332176,52.90002848827795],[5.586808806701184,52.90016893577848],[5.586226469737225,52.90054464317303],[5.585513502769713,52.90030229816123],[5.585184814014842,52.90057423449566],[5.584508688508955,52.90026172814019],[5.584405004928798,52.900338284296275],[5.584016350427703,52.900167285249374],[5.583706819533971,52.900075235255976],[5.583626095491489,52.89997022690215],[5.583625751504405,52.89989384275758],[5.583499213323202,52.89984552429658],[5.583331593638194,52.89991499557485],[5.583146830819933,52.899807461976735],[5.582911051055496,52.89992197679031],[5.58218430381372,52.89958258097576],[5.581086468116871,52.899004745209695],[5.580965791830414,52.898936644364845],[5.580572569589081,52.898735087596705],[5.580636179933145,52.8986693834559],[5.580433608127627,52.898564570444925],[5.579799117732657,52.898242983420744],[5.57949822065096,52.898081712961066],[5.57912879359011,52.897881011686074],[5.578661086164285,52.897633737558905],[5.578165110120578,52.89737752040717],[5.577777949245735,52.89719661348874],[5.577471130607504,52.89703714463833],[5.577779138788736,52.89678862709172],[5.578121526022424,52.89658678321356]]]]}},{"type":"Feature","properties":{"gezicht_uri":"https://linkeddata.cultureelerfgoed.nl/cho-kennis/id/gezicht/10134257","gezichtsnummer":"1382","naam":"Achlum"},"geometry":{"type":"MultiPolygon","coordinates":[[[[5.48008662561282,53.147499064895214],[5.480264278761761,53.14740367792969],[5.481422702470836,53.14676568175614],[5.481437517117618,53.14670546555633],[5.481437272423517,53.146593143852805],[5.481435509670311,53.14647004043803],[5.481540188370417,53.1464969152195],[5.481966320255609,53.14657834887605],[5.48212029882535,53.146595299773665],[5.482220443207823,53.1465988146019],[5.482329547150341,53.146598727924015],[5.482429651995059,53.14658427110492],[5.482568532482917,53.146532043149186],[5.482640266003003,53.14652929023747],[5.482740459889024,53.146555268972186],[5.482870519539246,53.14656954227369],[5.483031939451319,53.14657210884822],[5.483179914200201,53.146577381714785],[5.483327851046683,53.146565581500106],[5.483475775813569,53.146548389661156],[5.484089991635791,53.14719127376781],[5.48428027706147,53.14740138611859],[5.484707075168151,53.14777215060295],[5.484690660729899,53.147783845448565],[5.48467279013665,53.147812614400536],[5.484686308508627,53.14784225636054],[5.484874956950266,53.14798677309873],[5.485243283705674,53.14827311729094],[5.485315064774542,53.148290131387206],[5.486214496996937,53.14879528821398],[5.486778594437723,53.14906169686684],[5.486038037941591,53.14941005903793],[5.485864836418413,53.14948927649239],[5.485784193642595,53.14951989447363],[5.485670674011767,53.14955323517692],[5.485569072801344,53.14956949306404],[5.485007462342939,53.14974158103195],[5.485118809282345,53.150068571024384],[5.485060672743792,53.150137808788486],[5.484947114387169,53.15015497449479],[5.484864788372002,53.15010292439754],[5.484640183282694,53.14992518976719],[5.484544329043372,53.1498390046367],[5.483470333574306,53.15014718573669],[5.483413381188572,53.15007804132106],[5.48160218200591,53.15024931418294],[5.481784775193134,53.15035879605908],[5.481290114079726,53.150398723236115],[5.481262857630513,53.15023700132111],[5.481046153411016,53.150249751484225],[5.480995222522824,53.15019857268518],[5.480762067006218,53.15020684235656],[5.480446747491104,53.15023584282597],[5.480418020900849,53.150084006173614],[5.480416214417721,53.149939337135706],[5.480423550360048,53.14987553265168],[5.480465308610447,53.149832368552744],[5.480912157469801,53.149803265108325],[5.481037689577544,53.14979328242887],[5.48093701601505,53.149548949115],[5.480873959378341,53.14941960378134],[5.480797383056139,53.14925881887948],[5.480792799895892,53.14921299516845],[5.480788105924055,53.149115952799754],[5.480787919278307,53.14902968979692],[5.480777306980959,53.14896050785979],[5.480753168981631,53.14885719066249],[5.480700595862037,53.14873682275984],[5.480628516965203,53.14858142564981],[5.480556401737394,53.14840895559892],[5.480431916891442,53.148209569064605],[5.480263731456831,53.14784398004484],[5.48008662561282,53.147499064895214]]]]}},{"type":"Feature","properties":{"gezicht_uri":"https://linkeddata.cultureelerfgoed.nl/cho-kennis/id/gezicht/10134483","gezichtsnummer":"313","naam":"Harlingen"},"geometry":{"type":"MultiPolygon","coordinates":[[[[5.419652096697283,53.17124043430066],[5.419750071900375,53.17226297736911],[5.41955418326481,53.17228549481888],[5.419669883064273,53.17301420138079],[5.420971191940666,53.17331306309496],[5.421065373015107,53.173268108062025],[5.420882578987388,53.17282876048449],[5.420893015742252,53.17278832201759],[5.421087308728633,53.172636409164944],[5.421163551030405,53.17260224194257],[5.421305585463362,53.172557273085076],[5.422699232155529,53.17239512469963],[5.422816078996754,53.172637703053425],[5.422831139218144,53.17276529509959],[5.422825256816993,53.172885704852334],[5.422783458946051,53.172977371162496],[5.422753598133297,53.1730366854864],[5.422647439876259,53.173062775497044],[5.422725353445075,53.17324246574912],[5.422734373088007,53.17329907278697],[5.422435529932085,53.17361276122646],[5.422326376855221,53.17363615613084],[5.422214224610328,53.17364966757939],[5.421578717554452,53.17375588317245],[5.421857132338722,53.17406580822476],[5.423742615731786,53.17362584684686],[5.423769730796318,53.17385677023472],[5.424182523512225,53.17389168721192],[5.424230973646503,53.17458267002124],[5.423125816080609,53.17464051589851],[5.423134858263366,53.174723181305374],[5.422624901174086,53.17475298639317],[5.422634050278618,53.17496684251787],[5.422188363148508,53.17495259689582],[5.422259325971065,53.17577835860387],[5.422823293798411,53.17593903502972],[5.422775686391235,53.17624366316426],[5.421935140731075,53.17622054794228],[5.421780290682983,53.177083216282114],[5.421597809678784,53.177065297680755],[5.421550074224115,53.177221661889014],[5.421192586005145,53.17718132875219],[5.420500064056088,53.177124015731664],[5.420163547356035,53.17712410913937],[5.42015465743007,53.177233736630036],[5.418479484515135,53.17714702654924],[5.418258127299222,53.17714169297362],[5.418268550692148,53.17707789208264],[5.416559021898376,53.1770405852403],[5.416490190662732,53.176992978168244],[5.416458767266527,53.17697052173211],[5.416346541291428,53.17689057683899],[5.416258258369936,53.17682949589362],[5.41609366302191,53.176714519433276],[5.415911123604599,53.1766031413277],[5.415780932599097,53.17649354753978],[5.415565527148659,53.17643609073624],[5.41450047438131,53.17615059529203],[5.414159416529422,53.17605183061649],[5.413825836512724,53.17595036759972],[5.413721123664837,53.175915346857515],[5.413776320033372,53.17568799730592],[5.412494362102671,53.17527044288119],[5.412311538550049,53.17464597783515],[5.412839424977819,53.17457757438227],[5.412821418012914,53.17447604022719],[5.41342706998299,53.174408516008356],[5.413505900571227,53.1737004280381],[5.413582046622115,53.173496436527785],[5.41358046188796,53.17335086903491],[5.413698567068342,53.173287044586104],[5.41380169806637,53.173192672083935],[5.414138055442946,53.17298682470667],[5.414263625497493,53.172905925232094],[5.414375737452636,53.17282772439341],[5.41451326872029,53.17274412622484],[5.415003643500998,53.17252386393315],[5.415051513684861,53.17254721550914],[5.415253368409551,53.17249505129553],[5.415343060188759,53.17243931899466],[5.416676719342951,53.17200319170344],[5.416706664109477,53.172055301206214],[5.417587334160411,53.171838525385446],[5.418267636277424,53.17166312952449],[5.418186798426979,53.17154633677378],[5.418312406709223,53.1715346227086],[5.418307856160341,53.17144566571118],[5.41892696238108,53.17144100986114],[5.418925334609927,53.17126129678254],[5.419652096697283,53.17124043430066]]]]}},{"type":"Feature","properties":{"gezicht_uri":"https://linkeddata.cultureelerfgoed.nl/cho-kennis/id/gezicht/10134499","gezichtsnummer":"1638","naam":"Harlingen Uitbreiding"},"geometry":{"type":"MultiPolygon","coordinates":[[[[5.419652096697283,53.17124043430066],[5.418925334609927,53.17126129678254],[5.41892696238108,53.17144100986114],[5.418307856160341,53.17144566571118],[5.418312406709223,53.1715346227086],[5.418186798426979,53.17154633677378],[5.418267636277424,53.17166312952449],[5.417587334160411,53.171838525385446],[5.416706664109477,53.172055301206214],[5.416676719342951,53.17200319170344],[5.415343060188759,53.17243931899466],[5.415253368409551,53.17249505129553],[5.415051513684861,53.17254721550914],[5.415003643500998,53.17252386393315],[5.41451326872029,53.17274412622484],[5.414375737452636,53.17282772439341],[5.414263625497493,53.172905925232094],[5.414138055442946,53.17298682470667],[5.41380169806637,53.173192672083935],[5.413698567068342,53.173287044586104],[5.41358046188796,53.17335086903491],[5.413582046622115,53.173496436527785],[5.413505900571227,53.1737004280381],[5.41342706998299,53.174408516008356],[5.412821418012914,53.17447604022719],[5.41277339789472,53.174201987706525],[5.412750839033035,53.17398993079459],[5.412810531002974,53.17377336338447],[5.412856810500924,53.17363677126985],[5.4129016145973,53.173534324991934],[5.413003213623951,53.17337525669511],[5.413213945005682,53.173153264846356],[5.413515891669674,53.172919571137285],[5.413756570436005,53.172766761356286],[5.414058561378789,53.17261303872032],[5.414450286263102,53.17247187478178],[5.41502294002361,53.17230011619097],[5.415226285582572,53.17224256026703],[5.415866182057759,53.172000693560406],[5.416180152773947,53.17189009389671],[5.416459743741094,53.17180466173316],[5.41671840232829,53.17172642263661],[5.416969591472775,53.171660764788804],[5.417433089279183,53.171533950207376],[5.417726131193712,53.17144401883346],[5.417643806769484,53.17133711033229],[5.41761084513956,53.17124905911735],[5.417582402239712,53.171206833687734],[5.417582344562721,53.17112506405034],[5.418222376368156,53.17111231939683],[5.418222408722888,53.17115724776925],[5.41869196847642,53.171152631921515],[5.419768667295014,53.171144255810894],[5.420531330355403,53.171140450981355],[5.420939568193407,53.17112416206313],[5.421162381899329,53.17111870746803],[5.42117437361218,53.171154646760584],[5.421968444970756,53.171156215253575],[5.421978877408448,53.171112182400755],[5.421954791253702,53.170914504528646],[5.421947247533428,53.17083183849551],[5.421944161822041,53.170714127020084],[5.421930578612001,53.17055957731513],[5.422268546269646,53.17056756562261],[5.422386878974889,53.17080744839659],[5.422494756089029,53.17106081264187],[5.42341153553145,53.17116387338315],[5.424596053058544,53.171327047597025],[5.424747116475508,53.17135575435795],[5.424977452130898,53.17140061009406],[5.425025342216148,53.171441929042956],[5.424996988057881,53.1715093305864],[5.42497916880083,53.17165310702744],[5.424855401932145,53.17205929859815],[5.424767451961438,53.17238281053646],[5.424706323117078,53.172595790189376],[5.424455270734438,53.1728124234669],[5.424428437432295,53.17291127422078],[5.424447952478536,53.1729966320113],[5.424486996790681,53.17318352177821],[5.424536653904792,53.17353664309303],[5.424584790598176,53.17386011211713],[5.424598335213857,53.17395805166162],[5.424680884124029,53.17429768402287],[5.424756110033808,53.17481343764738],[5.424838737126008,53.17523933216273],[5.424928544920448,53.17532376907066],[5.425874464150753,53.17612678480277],[5.426154336111948,53.17634324830281],[5.426221738261785,53.176453749935376],[5.42618739537519,53.17651576221047],[5.425847946975318,53.17657697501887],[5.42530213559168,53.17667509408367],[5.424445279854124,53.17682722202991],[5.423811218096146,53.17692266609262],[5.423734894113792,53.176866978378186],[5.423582366574297,53.176897576189646],[5.423286371861314,53.177063002139704],[5.423075578866332,53.17717179213135],[5.422993374361513,53.177238310676024],[5.422761675699682,53.17738933896808],[5.422570322414361,53.17749722370247],[5.4223445866283,53.17762758239686],[5.422172670336537,53.17773006937086],[5.422051626549229,53.17785859966033],[5.421540759134634,53.1786701523973],[5.421500433626758,53.1787429477897],[5.421222223315589,53.17872685322162],[5.420894586754211,53.17862271255633],[5.420379893757518,53.178391026833545],[5.420167413910766,53.178267982229755],[5.420056691207999,53.17821140312963],[5.419917560705979,53.17816741163478],[5.419732066928722,53.17812612832085],[5.419527139326794,53.17809742990325],[5.41935065104336,53.17809747757678],[5.419154730466847,53.17811280581033],[5.419047041997818,53.178111936030334],[5.418827158287621,53.17808324040693],[5.418366447286373,53.17801866489711],[5.41814356995345,53.17798547597349],[5.417913195445847,53.17792533159628],[5.417661863970409,53.177839133723616],[5.417587021011275,53.1777537890688],[5.417491212720764,53.17763070992932],[5.417362524114342,53.177540885958635],[5.417197937525513,53.17744657804999],[5.417076731381441,53.177361244714895],[5.416749057163522,53.17717262750286],[5.416626356428665,53.17708639550962],[5.416559021898376,53.1770405852403],[5.418268550692148,53.17707789208264],[5.418258127299222,53.17714169297362],[5.418479484515135,53.17714702654924],[5.42015465743007,53.177233736630036],[5.420163547356035,53.17712410913937],[5.420500064056088,53.177124015731664],[5.421192586005145,53.17718132875219],[5.421550074224115,53.177221661889014],[5.421597809678784,53.177065297680755],[5.421780290682983,53.177083216282114],[5.421935140731075,53.17622054794228],[5.422775686391235,53.17624366316426],[5.422823293798411,53.17593903502972],[5.422259325971065,53.17577835860387],[5.422188363148508,53.17495259689582],[5.422634050278618,53.17496684251787],[5.422624901174086,53.17475298639317],[5.423134858263366,53.174723181305374],[5.423125816080609,53.17464051589851],[5.424230973646503,53.17458267002124],[5.424182523512225,53.17389168721192],[5.423769730796318,53.17385677023472],[5.423742615731786,53.17362584684686],[5.421857132338722,53.17406580822476],[5.421578717554452,53.17375588317245],[5.422214224610328,53.17364966757939],[5.422326376855221,53.17363615613084],[5.422435529932085,53.17361276122646],[5.422734373088007,53.17329907278697],[5.422725353445075,53.17324246574912],[5.422647439876259,53.173062775497044],[5.422753598133297,53.1730366854864],[5.422783458946051,53.172977371162496],[5.422825256816993,53.172885704852334],[5.422831139218144,53.17276529509959],[5.422816078996754,53.172637703053425],[5.422699232155529,53.17239512469963],[5.421305585463362,53.172557273085076],[5.421163551030405,53.17260224194257],[5.421087308728633,53.172636409164944],[5.420893015742252,53.17278832201759],[5.420882578987388,53.17282876048449],[5.421065373015107,53.173268108062025],[5.420971191940666,53.17331306309496],[5.419669883064273,53.17301420138079],[5.41955418326481,53.17228549481888],[5.419750071900375,53.17226297736911],[5.419652096697283,53.17124043430066]]],[[[5.412311538550049,53.17464597783515],[5.412494362102671,53.17527044288119],[5.413776320033372,53.17568799730592],[5.413721123664837,53.175915346857515],[5.413825836512724,53.17595036759972],[5.41383933964492,53.17601955418004],[5.41381996531792,53.17613008214597],[5.413417584976423,53.17602324194133],[5.413172263985017,53.17595051178163],[5.412524565380198,53.175766445077876],[5.411809585215304,53.17560665007003],[5.411785534771279,53.17539459338151],[5.411776173234086,53.17471527907192],[5.412311538550049,53.17464597783515]]],[[[5.415780932599097,53.17649354753978],[5.415981413155883,53.17659683442522],[5.416090641039851,53.17666869329957],[5.416180415989016,53.17672528117899],[5.416258258369936,53.17682949589362],[5.41609366302191,53.176714519433276],[5.415911123604599,53.1766031413277],[5.415780932599097,53.17649354753978]]]]}},{"type":"Feature","properties":{"gezicht_uri":"https://linkeddata.cultureelerfgoed.nl/cho-kennis/id/gezicht/10134512","gezichtsnummer":"230","naam":"Leeuwarden - Hollanderwijk"},"geometry":{"type":"MultiPolygon","coordinates":[[[[5.789843415804546,53.1947004928753],[5.78979185795807,53.19446613902885],[5.790850378629643,53.19437811508917],[5.792067373649146,53.194276966879045],[5.793738942457114,53.19414641042858],[5.794044425574273,53.1954456064022],[5.793926864278681,53.19583239051956],[5.793776293624141,53.19573226119464],[5.793767164126879,53.19571611787642],[5.793722031940681,53.195690212330476],[5.793670923293051,53.19566522559492],[5.793597354229147,53.19563851781259],[5.793525340586672,53.19561809470895],[5.793475880308673,53.19560927657508],[5.793420443538773,53.19560137723596],[5.792836244945554,53.195532367619194],[5.79270291990376,53.19551574567302],[5.792446777441482,53.1954860601117],[5.792103744449841,53.195444985993156],[5.792028848706684,53.1954362531403],[5.791904510068229,53.19542049854214],[5.791911839879883,53.19540429953638],[5.791908780152011,53.19539712129793],[5.791899769133585,53.19539355742538],[5.791880292908211,53.19539092743809],[5.791880301315765,53.19539182598025],[5.791516305591162,53.19534902378001],[5.791198735620638,53.195310556937365],[5.790852712742352,53.19526948931794],[5.790262512673745,53.19519779167031],[5.790234050915826,53.195194293045866],[5.789955477054155,53.19516557612678],[5.789843415804546,53.1947004928753]]]]}},{"type":"Feature","properties":{"gezicht_uri":"https://linkeddata.cultureelerfgoed.nl/cho-kennis/id/gezicht/10134515","gezichtsnummer":"253","naam":"Leeuwarden - Noordersingel/Westersingel"},"geometry":{"type":"MultiPolygon","coordinates":[[[[5.79051388553534,53.20498505960211],[5.790468988646532,53.204985210563166],[5.790467860830897,53.20502475133127],[5.790131209208271,53.20503396985628],[5.790136569772677,53.205127402878475],[5.790096170811197,53.20512843715671],[5.790021786095522,53.20517631108027],[5.790014319989784,53.20517813328983],[5.790005357313641,53.20517996052495],[5.789994881325212,53.20517999570634],[5.789985885165232,53.2051782287822],[5.789975367325016,53.20517377126461],[5.789855005795582,53.20510588425293],[5.789813101912886,53.205106024920475],[5.78980776715068,53.20501528750107],[5.788966873398605,53.205036977097095],[5.788868617648506,53.20509301737045],[5.788861168202902,53.20509663658753],[5.788718257094848,53.205178884727154],[5.788581260106529,53.20509218221253],[5.788454789648104,53.20501083573036],[5.78837418361154,53.20503356955257],[5.788290584358627,53.20505631332977],[5.788245795734092,53.205068144474396],[5.788242535900549,53.20503940121369],[5.78822952994665,53.20492802232588],[5.787701435207118,53.204950453926045],[5.787693619477008,53.20491453732269],[5.787694866348017,53.20488757613326],[5.787701724913116,53.20482016066557],[5.78668046423618,53.20491971318728],[5.786616913865394,53.20468270301094],[5.786474865785389,53.20469665447711],[5.786446890693797,53.204584426657476],[5.786429822992654,53.2045188880367],[5.786275819592857,53.20453467619771],[5.786184239820377,53.204179148097374],[5.786281440000128,53.204170737608415],[5.786134112519702,53.20361231858526],[5.786753147061481,53.20355364820675],[5.786736079307356,53.20348810960747],[5.786634407815694,53.2034983324973],[5.786551582244671,53.20311851406398],[5.786581487325703,53.203115718782435],[5.786537718192608,53.20291368671454],[5.786509301442468,53.202915578462544],[5.78647326418865,53.20274047766037],[5.78693686745117,53.20270568639392],[5.786906821473368,53.202693206576306],[5.786861661182668,53.20266460289041],[5.786829894551634,53.20262786744692],[5.786808428955257,53.202572227742195],[5.786749428901425,53.20234149227694],[5.786662115186199,53.20196168873052],[5.785249102780708,53.20209038907704],[5.784281682887005,53.20217985845727],[5.784219500875166,53.20176402722466],[5.78407909588817,53.20081470510582],[5.785197483146783,53.200709460689765],[5.786004884691419,53.200634893106766],[5.786631367169688,53.200577097001606],[5.787201009359931,53.200522182914895],[5.787187101176346,53.20047460515433],[5.787150979633346,53.20045226139777],[5.787147970198994,53.20045047429595],[5.787053148218454,53.200391484927025],[5.786983831796252,53.20033959901529],[5.786974795231259,53.20033333915572],[5.786905362719983,53.200268873621084],[5.786881154556342,53.20024020009536],[5.786844809154439,53.2001935956322],[5.786799178235364,53.20011377504714],[5.786774696240481,53.20005544963719],[5.786762152229886,53.19999349017366],[5.786744203841866,53.19999444853796],[5.786755079071378,53.199875801206076],[5.78676200474645,53.19981557401141],[5.786761979839383,53.1998128783874],[5.786770393574996,53.199751747664315],[5.786775980578668,53.19970859773762],[5.786775797921126,53.19968882982777],[5.786781443030477,53.19965196968959],[5.786784195008017,53.19962590201854],[5.786791103997681,53.19956387773453],[5.786796491684963,53.19949916281043],[5.786800399591012,53.19943624995343],[5.786803101725101,53.199404791031476],[5.786814616004804,53.199355331364444],[5.786818905828902,53.19933375141136],[5.786829023348955,53.199295079225585],[5.78683050310832,53.19929327715645],[5.786845126312318,53.19925638709308],[5.786856889630229,53.1992338836644],[5.786873075591125,53.19920417694241],[5.786890766197202,53.19917536377256],[5.786902546079666,53.19915465742185],[5.786929156671139,53.19911952453241],[5.786929148365484,53.19911862599089],[5.786967638416988,53.19907356923587],[5.786976525197993,53.199063655351395],[5.787006128388412,53.1990285124679],[5.787020942426911,53.1990122888356],[5.787023910217837,53.199009583233845],[5.787077338699754,53.19896178093063],[5.787081786221128,53.19895727325506],[5.787151641219791,53.19890582186828],[5.787122146879986,53.19879090335673],[5.787226808204471,53.198781568608105],[5.787579647034536,53.19874804268796],[5.787664880603199,53.19874146812214],[5.787969819030943,53.19870630385268],[5.787554119604122,53.19906172859029],[5.787472402071456,53.199124901201714],[5.787462010713888,53.19913392157525],[5.78742783557529,53.199160094136175],[5.787386078799313,53.19917550915552],[5.787377200404313,53.199186321611386],[5.787366825641684,53.199197139059414],[5.787363866174094,53.19920074321094],[5.787344654565708,53.19922686581834],[5.787323963196792,53.19925479049769],[5.787535408191659,53.19930350616898],[5.787502687743499,53.19932518104784],[5.787516446178641,53.19935658504477],[5.787533272237794,53.19939606592229],[5.787530612226365,53.199432017567084],[5.787490476357673,53.19946090574715],[5.787526597246615,53.19948324940935],[5.787522499076704,53.19952549583724],[5.787519764186369,53.19955336060832],[5.787512989329625,53.199629761594494],[5.787454855132712,53.19965421698966],[5.787452103557572,53.19968028467547],[5.787446583764372,53.19973062296368],[5.787516897065029,53.19972859114764],[5.787518501581205,53.199740267189505],[5.787520422185816,53.19978608779954],[5.787520497048743,53.199794174670906],[5.787522492521437,53.19984808215135],[5.787524487999286,53.199901989630774],[5.787527979871706,53.199955892114296],[5.787528079691341,53.199966674608866],[5.787531846080796,53.20005022895041],[5.787542537113866,53.20007355605595],[5.787553211520777,53.20009508607798],[5.787625454461475,53.20013977334318],[5.787637558757553,53.20015411003188],[5.787628580379981,53.200154140009275],[5.787598935328666,53.20018479032796],[5.787600473325308,53.20018927803784],[5.787618762904867,53.200225159731865],[5.787519011598802,53.200280305434404],[5.78752952799536,53.20028476317582],[5.787541540795038,53.20028921592126],[5.787552048877199,53.20029277511963],[5.787562565280191,53.20029723285815],[5.787574569767367,53.200300787059135],[5.787585077855053,53.20030434625457],[5.787597090665874,53.20030879899442],[5.787609086839018,53.20031145465081],[5.787619594932128,53.20031501384318],[5.787631599428916,53.200318568038455],[5.78764359560688,53.200321223691425],[5.787655600107358,53.20032477788424],[5.78770800747129,53.200328197159074],[5.787755925636296,53.2003316314044],[5.787767896855353,53.20033159142165],[5.787781372800417,53.200332444980724],[5.787794848746009,53.20033329853828],[5.787806828289666,53.200334157092705],[5.787820304236285,53.2003350106474],[5.787832275456198,53.200334970658254],[5.787845751403565,53.20033582421007],[5.787857730948916,53.200336682759435],[5.787871206897315,53.20033753630842],[5.787884682846237,53.200338389855844],[5.787896654067008,53.20033834986026],[5.787910130016682,53.20033920340489],[5.787923605966879,53.20034005694795],[5.787935585514928,53.20034091548954],[5.787949061466156,53.20034176902977],[5.787961032687786,53.20034172902773],[5.787974508639761,53.20034258256511],[5.787986488189506,53.200343441101595],[5.787999964142506,53.2003442946361],[5.788011943693226,53.20034515317008],[5.788025411318524,53.20034510816067],[5.788037390869968,53.20034596669206],[5.788050866824746,53.200346820220844],[5.788062846377158,53.20034767874976],[5.788074817600289,53.20034763873635],[5.788086797153397,53.20034849726286],[5.788100273109924,53.20034935078605],[5.788112252664005,53.20035020930999],[5.788124232218559,53.20035106783275],[5.788136203442556,53.200351027813255],[5.788148182997803,53.2003518863336],[5.788160162553524,53.20035274485275],[5.788172133777941,53.20035270482967],[5.788184113334358,53.20035356334642],[5.788198852392138,53.20032925270632],[5.788210798612281,53.20032651705623],[5.788222736498087,53.20032288286394],[5.788234682714956,53.20032014721149],[5.78824662893031,53.20031741155787],[5.788258566810585,53.20031377736196],[5.788270504688855,53.20031014316493],[5.788273489158106,53.200309234615446],[5.788244002790258,53.20035695737126],[5.788219034064044,53.20056910311437],[5.788214761483127,53.200592480190075],[5.788203281809101,53.20064553413403],[5.788196191363763,53.200687790574996],[5.788190472336992,53.20071656389788],[5.788165374872065,53.20075348912761],[5.788146171392321,53.2007805103912],[5.788128455976431,53.200806628108154],[5.788095809663768,53.200836390007076],[5.788058715691484,53.20087065960608],[5.788028962179339,53.20088962899244],[5.788002193157324,53.20090768982876],[5.78796797530917,53.20092936982493],[5.787921869303732,53.20096007521957],[5.787887634721844,53.20097995811081],[5.787807260649156,53.20102695217872],[5.787723910191001,53.20107575326879],[5.787618229583821,53.20113720881561],[5.787500627125299,53.20120409547101],[5.787274324920351,53.20132975161476],[5.787182011268316,53.20138037935674],[5.787016753984883,53.2014725843676],[5.78698997587207,53.2014897464346],[5.786937916026468,53.20152406556279],[5.786901019883961,53.20157989977671],[5.786865620094002,53.20163572899162],[5.786849499659734,53.20167262401603],[5.786834875648229,53.201709514051544],[5.786821681630733,53.201739210772686],[5.786819029193059,53.201776060915584],[5.786812061771378,53.20183179537154],[5.786818296709818,53.20185873164883],[5.786823018591516,53.201883875830354],[5.78682925354437,53.20191081210663],[5.78683395882945,53.2019341592059],[5.786840227014498,53.20196468964385],[5.786844965529911,53.201991630904985],[5.786891546816408,53.20201214275114],[5.786909836582999,53.202048024531635],[5.786923462558938,53.20206505191781],[5.786937113465282,53.20208477492422],[5.78695678346729,53.202108072140184],[5.786974932103698,53.20212867871895],[5.787002134320949,53.20215734223016],[5.787026268865115,53.20217792884697],[5.787053429602404,53.20220209964301],[5.787100127554106,53.20223519097466],[5.787151323296729,53.20226916585751],[5.787196491677131,53.20229866797882],[5.78723558279208,53.20231830610236],[5.787790061500606,53.202562663112325],[5.787814096747237,53.20257246708228],[5.787829111497357,53.20257780833823],[5.787931188579873,53.20261161291507],[5.787968892094606,53.20264293682217],[5.78801516643867,53.202630202232406],[5.788234444481626,53.20271483320983],[5.7883874860927,53.202757452659135],[5.788429621162584,53.20278247162011],[5.788453881808517,53.202816536048886],[5.788461472648922,53.20282819203963],[5.788464540672415,53.20283626888883],[5.788464607380186,53.20284345721109],[5.788455870255637,53.2028695449189],[5.788450067735262,53.20288933283105],[5.788444156814762,53.2028974397193],[5.788405264722122,53.20289936696082],[5.788378936461815,53.20296505050403],[5.788290097034282,53.20306778439569],[5.788158425259251,53.203231764043394],[5.788081406859789,53.20331828402597],[5.787996980569362,53.20341291582292],[5.787905329486464,53.20353542730085],[5.787801855593964,53.203674152414244],[5.787784163763336,53.203702965677216],[5.787772366421741,53.20372187500424],[5.787757625973281,53.2037461855663],[5.787745811960802,53.203763297810376],[5.787735511107806,53.203782202135656],[5.787728128379929,53.20379300960437],[5.787707485020449,53.20382632555033],[5.787696062135955,53.203885669171264],[5.787677472834452,53.20397918229555],[5.78766179329572,53.204063700020804],[5.787656081795113,53.204093371827156],[5.787656339776952,53.20412122656651],[5.787656398030968,53.20412751634637],[5.787707912730722,53.20419563548647],[5.787724682594657,53.204228826492994],[5.787699532764476,53.2042603603456],[5.787716269354058,53.20428995719288],[5.787734535801635,53.20432314319957],[5.787754340439394,53.20436081690471],[5.787827937405653,53.20438932526264],[5.787892671784307,53.20443044313114],[5.787915244858476,53.204443846232856],[5.787982855889563,53.204472374494166],[5.788056411544035,53.20449639001142],[5.788107427425357,53.2045105965817],[5.788165934409744,53.20452567665519],[5.788239431916744,53.20454340228098],[5.78830690161129,53.20455665518196],[5.788393826482898,53.20456984297027],[5.788443262627338,53.20457506900537],[5.788492673765203,53.20457759940075],[5.788624386774161,53.20457895578383],[5.78872614377361,53.20457771660684],[5.788830877172114,53.20457467024154],[5.78888323134434,53.20457179921504],[5.789074731139317,53.20456486775267],[5.789251282098922,53.20455978323064],[5.789391924216908,53.204555717433315],[5.78948470184867,53.204554507722634],[5.789562513993463,53.20455334814551],[5.789619366097501,53.20455136027613],[5.789632843393399,53.204552213624765],[5.789782481469929,53.20454991432083],[5.789870777801749,53.20454961792074],[5.789951591392369,53.204549346582404],[5.790069827052498,53.20454984806603],[5.790191080935266,53.204553034995484],[5.790283900420695,53.204556317365],[5.790415663692216,53.20456306301938],[5.790498024138733,53.204568177519455],[5.79056691566628,53.2045733372604],[5.790631334331373,53.204580309142315],[5.7907107604366,53.20459172334077],[5.790772244760885,53.20460499499329],[5.790818746845018,53.204616519897186],[5.790868283999231,53.20463252740721],[5.790913348315898,53.20465034708769],[5.790956907727046,53.204667273249406],[5.791020048234594,53.20469761198732],[5.791069661093512,53.204721706269105],[5.791123822430746,53.204752075186825],[5.791197531422962,53.20479226248452],[5.791212580945173,53.20480119746979],[5.791287828649493,53.204845872367365],[5.791322476239046,53.20487001696184],[5.791406821140424,53.204927241080554],[5.791447505513978,53.20495675670056],[5.791506299936707,53.20500238548016],[5.7916375851869,53.20511785809616],[5.791714540614215,53.2051849911568],[5.7919334945955,53.205392720207826],[5.792158479096972,53.20560492132745],[5.792229424602458,53.20566937863945],[5.792258103864949,53.205695340249065],[5.792279224455187,53.20571324027177],[5.792301841651414,53.20573113523603],[5.792328940214235,53.20574811649199],[5.792350018760012,53.20576152380654],[5.792372560227321,53.20577133190554],[5.792396581453287,53.20577933786633],[5.792432583833172,53.20578820191176],[5.79247008281854,53.20579706088963],[5.792495575398992,53.205802366156625],[5.792510558154833,53.205804112663174],[5.792521042715247,53.205804975801065],[5.792592946483559,53.205811921337805],[5.792661840239077,53.20581707987164],[5.792709739591662,53.20581781650885],[5.792771116697581,53.205819406122295],[5.792816014441874,53.20581925429905],[5.79285789371145,53.20581641696514],[5.79289228158799,53.2058127063879],[5.792947596436929,53.20580622930788],[5.792983480888474,53.20580251364178],[5.79304773308232,53.20579151344143],[5.793103014138441,53.20578144213375],[5.79318538565527,53.20578745332358],[5.793228449247518,53.20575136485206],[5.793332957270782,53.205724054002935],[5.793501691751084,53.205683047002076],[5.793601751908587,53.20566024382224],[5.793754082599093,53.20562558201727],[5.793831719084674,53.20560555035157],[5.793933300829661,53.205585437438245],[5.793975095262256,53.205573614324706],[5.794099057946942,53.205546236824496],[5.794172229759576,53.20552891578626],[5.794273819625369,53.205509701123475],[5.794323122174557,53.20550054810913],[5.794360485910133,53.20549502987344],[5.794387390501718,53.20549134426903],[5.794414303551432,53.20548855719755],[5.794492066449375,53.20548200318872],[5.794607269206419,53.205478017667524],[5.79474941036813,53.20547394050594],[5.794839196649638,53.205472736823936],[5.794946950349153,53.20547237056353],[5.794981397092903,53.20547494916005],[5.795011354102791,53.20547754301204],[5.795045826281984,53.20548281720676],[5.79507131051516,53.20548722338801],[5.79509830828718,53.205493421552184],[5.795129829717482,53.2055031985962],[5.795167354440838,53.205514752348314],[5.795210907904534,53.2055307784195],[5.79526047316813,53.205549479725384],[5.795317572275647,53.205573546782766],[5.795376184995557,53.20559940579743],[5.795493453071447,53.205655616434136],[5.795613757065186,53.205716309456925],[5.795676927832744,53.205749341345395],[5.7958560070339,53.205852965195426],[5.795972204586254,53.205954107392095],[5.796077552601831,53.206015749484465],[5.796249201865273,53.2061247894768],[5.796378793979523,53.20621779848615],[5.796410435288049,53.20624015473047],[5.79644023131768,53.206225675991796],[5.796544058533031,53.20628462715841],[5.796601244408367,53.206317678982714],[5.796612035483321,53.206350889149235],[5.796646406440976,53.20634538041968],[5.796865941543481,53.20645335748398],[5.796854283646548,53.20648664429876],[5.796894990231062,53.20651795512826],[5.797081328628438,53.20659729102054],[5.79739435566929,53.20677863012896],[5.797665232300705,53.20693405421003],[5.797778102404818,53.206999263329514],[5.79772426632825,53.207003940435875],[5.797514695246384,53.20700016468545],[5.797507416745122,53.207021755201225],[5.797419149536981,53.20702565137851],[5.797401113220295,53.20701762595511],[5.797386240671282,53.207027561057636],[5.797235140430121,53.20703436765788],[5.7972351319084,53.207033469119644],[5.797228932337402,53.207011026128036],[5.79726183267532,53.20700821795381],[5.797263406007957,53.207016299681506],[5.797312752254178,53.20701163813352],[5.7973096055714,53.2069954746793],[5.797208768864297,53.20693651395986],[5.797136998806904,53.206943947806884],[5.797132330006946,53.20692509384771],[5.79703364617945,53.206935315313466],[5.797038306419908,53.20695327073818],[5.797024853783942,53.20695511383778],[5.796799058419876,53.206976552157684],[5.796707857551878,53.20698674780142],[5.796703367658046,53.206986763130224],[5.796571800230866,53.20700158931396],[5.796428276664241,53.2070182532799],[5.796341880290854,53.20674538352881],[5.7962383081903,53.206397092597186],[5.796187006928607,53.20635323772581],[5.795655665518377,53.20650870334825],[5.795619050743875,53.206435145496634],[5.795605530306376,53.20642980012874],[5.795567368153223,53.206350856123564],[5.795574800278133,53.20634543941476],[5.795553414931526,53.20629968528045],[5.79537563248235,53.206333537407886],[5.795235197165976,53.206360073687506],[5.795224542821886,53.20634124001447],[5.79520281867527,53.206259544270985],[5.795192054142189,53.206229029591675],[5.795178381203684,53.20620751047896],[5.79524857745284,53.20619199604581],[5.795305100666716,53.206154962473036],[5.795321520887779,53.206150413765236],[5.795439421604507,53.206114968405586],[5.795445475884184,53.206122136339765],[5.795472321378519,53.20611216072174],[5.795561828901368,53.20608130472134],[5.795549779722197,53.20607325863508],[5.795478989824488,53.20602587553591],[5.795430784774158,53.20599279261067],[5.79544865909565,53.20598374609804],[5.795313057862642,53.20588806082698],[5.795266968764327,53.20592056607171],[5.79527900936755,53.20592771364813],[5.795261151994499,53.20593855721315],[5.795255199534821,53.205942171734264],[5.795243294612487,53.20594940077554],[5.795209067938611,53.20597018426254],[5.795178957958525,53.20595141676313],[5.79517598172449,53.205953224021656],[5.795168473310209,53.20595055385767],[5.79515343104983,53.20594251791188],[5.795106816184895,53.2059193136915],[5.795037667705269,53.205887200398536],[5.794985058116575,53.20586311794644],[5.794955066944913,53.20585692993329],[5.794931112992105,53.20585611279585],[5.794889191458666,53.205854458159145],[5.79482629222169,53.20585017909898],[5.794793350251014,53.20584849391165],[5.794763452287568,53.2058521897776],[5.794706657999343,53.20586046985667],[5.79468124979838,53.205864150448164],[5.794618469106461,53.20587245082264],[5.794590059238093,53.205875243022994],[5.794530254768848,53.20588173610726],[5.794483911159738,53.20588728488689],[5.794376241041904,53.20589663612093],[5.794270067471507,53.205905982179175],[5.794265704584949,53.205919475499435],[5.794299162676767,53.20597597170058],[5.794212596911838,53.20600142537095],[5.794181252943102,53.20601051740322],[5.794124534446436,53.20602688405611],[5.794106321570983,53.20599998881827],[5.794071392483814,53.205946193256835],[5.794054693180977,53.20592109001141],[5.794026317063019,53.20592747623378],[5.794012881525713,53.205931116073906],[5.793944181850191,53.205946624710386],[5.7938784668661,53.20596122462005],[5.793902767398903,53.205998882060925],[5.793713105028444,53.206042656252315],[5.793414409922746,53.20611016220638],[5.793317341830365,53.206132955093175],[5.793232212706546,53.2061521132164],[5.793334969240194,53.20625689771315],[5.793235034138446,53.206293178750066],[5.79329549766836,53.206356772339355],[5.79324478170128,53.206374915384565],[5.793178306474885,53.20630864641608],[5.793119381970834,53.20624954039599],[5.793077097412637,53.20620924795562],[5.793048240192501,53.20616441723038],[5.793023940309815,53.206126759617796],[5.792952305789998,53.206148567585636],[5.792904304888946,53.206137048578775],[5.792895190372893,53.206122702328884],[5.792787654187392,53.206146428760206],[5.792487443463916,53.206212140389475],[5.792555447788768,53.206281998841746],[5.792412245059865,53.20633280248503],[5.792398817681498,53.206337340683106],[5.792307819175108,53.20636909791779],[5.792270521768494,53.20638180382488],[5.792204872892655,53.206403591128186],[5.792133254331581,53.20642719568368],[5.792106576170317,53.206455141332356],[5.792139838297882,53.20649097173399],[5.792194305611419,53.206553687546844],[5.792242736099143,53.20661103231647],[5.792215889548668,53.2066210072113],[5.79223706108124,53.20664429846854],[5.792066942827766,53.206697888278164],[5.792050311707457,53.20667997306973],[5.792012483929706,53.2066360709493],[5.791974656228835,53.20659216881621],[5.791938333633231,53.206549160159234],[5.791899001057735,53.206504364512135],[5.791855128263642,53.206454192765335],[5.791817300881927,53.206410290579726],[5.791780978595893,53.206367281872254],[5.791743159773075,53.206324278200825],[5.791712891318129,53.20628843759224],[5.791611517574021,53.206171067111505],[5.791792278705197,53.20613541338238],[5.791807370861846,53.20614884098359],[5.791888279939303,53.20615845226709],[5.791762884766332,53.20603307584754],[5.791722081466445,53.205990980799314],[5.791685818471413,53.20595426183019],[5.791669187795591,53.205936346564116],[5.791613301070859,53.20588172239668],[5.791592147056648,53.205860228101095],[5.791583083458144,53.2058512729844],[5.791560416074789,53.20582798665039],[5.791490934285882,53.20575992974439],[5.791416862147856,53.20568110545716],[5.791348869006652,53.205612144882366],[5.791297489649972,53.20555930251128],[5.791294504882497,53.20556021113471],[5.791242300820361,53.205579256919464],[5.791213597055316,53.2055505994477],[5.791192712068002,53.20555785833461],[5.79114440168152,53.2055130926684],[5.791124761450059,53.205493390325735],[5.791084018035915,53.20545758482688],[5.791025139515008,53.205402970454394],[5.790916471431239,53.20530539240703],[5.790973131462191,53.205282737491075],[5.790944444853789,53.20525587703043],[5.790941434928216,53.2052540900271],[5.790938408221972,53.20525050594502],[5.79093836626967,53.20524601324827],[5.790938324317377,53.20524152055151],[5.790941275508314,53.2052370177795],[5.79092022282481,53.20522630583256],[5.790864807744021,53.20522199950645],[5.7908438473601,53.205221171479046],[5.790830361443997,53.205219419727506],[5.790812360652611,53.205214987464544],[5.790795839660638,53.20520875308431],[5.790780806856689,53.20520161512678],[5.790753726016896,53.20518643059598],[5.790713083828456,53.20516140743971],[5.790648354061414,53.20512118964582],[5.790546009083666,53.20505953269377],[5.790520416598525,53.20504344453731],[5.790518894888468,53.20504075395133],[5.790518861361695,53.205037159793534],[5.790517339651955,53.205034469207554],[5.790515809560778,53.205030880082134],[5.790515784415898,53.205028184463785],[5.790514262706669,53.20502549387772],[5.790514229180296,53.20502189971994],[5.790514204035518,53.20501920410156],[5.790512673945146,53.20501561497605],[5.790512648800473,53.205012919357685],[5.790512615274247,53.20500932519986],[5.790512590129581,53.205006629581504],[5.79051256498492,53.20500393396311],[5.790512531458709,53.20500033980528],[5.790512506314055,53.2049976441869],[5.790512472787856,53.204994050029065],[5.790512447643211,53.20499135441069],[5.790512414117024,53.20498776025284],[5.79051388553534,53.20498505960211]]]]}},{"type":"Feature","properties":{"gezicht_uri":"https://linkeddata.cultureelerfgoed.nl/cho-kennis/id/gezicht/10134521","gezichtsnummer":"233","naam":"Kornwerderzand"},"geometry":{"type":"MultiPolygon","coordinates":[[[[5.325883786599855,53.06042673211492],[5.350459379886541,53.064194703954996],[5.342367868105574,53.08335360386868],[5.317782133613739,53.079584889238845],[5.325883786599855,53.06042673211492]]]]}},{"type":"Feature","properties":{"gezicht_uri":"https://linkeddata.cultureelerfgoed.nl/cho-kennis/id/gezicht/10134530","gezichtsnummer":"259","naam":"Oosterveld Grou"},"geometry":{"type":"MultiPolygon","coordinates":[[[[5.84135002512908,53.09643476839566],[5.841351169875083,53.096401515798135],[5.841352258176578,53.096362871805304],[5.841232927621824,53.09637231039932],[5.841167291092776,53.09637705229248],[5.841024094325066,53.09638837836998],[5.840976362052438,53.09639215369108],[5.840939079432397,53.096395889392625],[5.84068698262227,53.09641481652685],[5.840590025141358,53.096422372534384],[5.840589433485829,53.09636576288288],[5.8405893113984,53.09635408152611],[5.8405885319189,53.09627950055485],[5.840588306527811,53.096257934972506],[5.840590813177481,53.096212096803626],[5.840589526569571,53.0960889932664],[5.840589310570524,53.096068326248755],[5.840588709530936,53.09601081802501],[5.840587066476298,53.09599644662178],[5.840586653264315,53.095956909717174],[5.840586240053193,53.09591737281209],[5.840587498066063,53.095894903008336],[5.840588587036291,53.095856259015605],[5.840588511906837,53.09584907048722],[5.840569133809726,53.09585183967153],[5.840568795741952,53.095819491293554],[5.840570175841392,53.09580870284812],[5.840577104501173,53.09575745631859],[5.840577057546587,53.09575296348821],[5.840571630715764,53.09566222527122],[5.840571518026456,53.09565144247794],[5.840568278911102,53.09562719249828],[5.840563612752085,53.09560923813381],[5.840560542673864,53.09560116234381],[5.840558965377944,53.09559308090128],[5.840540629448859,53.0955527132543],[5.840542122228629,53.095552707601996],[5.840525307280089,53.09551502999825],[5.840485762700953,53.095445088785866],[5.840429140475198,53.095455187761466],[5.84041190322969,53.095377074661805],[5.840396271462271,53.095309738701914],[5.840382855292878,53.095311586687984],[5.840372105522826,53.09528287212052],[5.84036741132309,53.0952622220476],[5.84035813557192,53.09523170469584],[5.840356595872136,53.09522721751458],[5.840316648258088,53.095118637889776],[5.840312461415516,53.09500363270252],[5.840309316345916,53.09498836837395],[5.840357685753783,53.09490281813292],[5.840365046291831,53.09489290565301],[5.840369402540254,53.09488120734028],[5.840369383767509,53.09487941020757],[5.840369327449286,53.09487401880953],[5.840369308676549,53.0948722216768],[5.840367731443141,53.09486414022983],[5.840366182369223,53.09485875448183],[5.840363112381243,53.09485067868484],[5.840335210357626,53.09475193808229],[5.840301149768266,53.09463524873898],[5.840263953729108,53.09450419361591],[5.840246895454275,53.09444315323175],[5.840143980713433,53.0944516300388],[5.840158965445633,53.09431408724216],[5.840305103533732,53.09429915663433],[5.840457212465352,53.094284203243575],[5.840634707188579,53.09427005212074],[5.840806324807237,53.09426490902198],[5.840983960319969,53.094264235878725],[5.841183939840834,53.09425898473793],[5.841280826549273,53.09424513828495],[5.841443252372571,53.09421756408144],[5.841665114319962,53.09416370459614],[5.842597451506166,53.093958875011076],[5.842834228483052,53.09390405801279],[5.843123165098604,53.09384095450563],[5.843485281867341,53.09378116583123],[5.843685022479093,53.09375344635799],[5.843778969104728,53.09374410209855],[5.843862476131326,53.093735696187615],[5.844011700492665,53.093730633900144],[5.844241578829817,53.093729756574135],[5.84442672301525,53.09373354266639],[5.84447156133713,53.09373876303567],[5.844511930990919,53.0937448990596],[5.844585206746004,53.09375719957995],[5.844657018249261,53.09377220145765],[5.844799205552257,53.09380760218587],[5.84492497316437,53.09384306552142],[5.844956434061579,53.093853728466925],[5.844998410394338,53.09387064141308],[5.845038894038054,53.09388756005276],[5.845065895795835,53.093900037226355],[5.84510339404778,53.09391696726122],[5.845137935336859,53.093936604401684],[5.845160487438049,53.09395179438057],[5.845180092049025,53.09397059003973],[5.845210496748643,53.09402259266848],[5.845347356757767,53.094260198654936],[5.845537631934341,53.09460812807563],[5.845580378253428,53.09469782464886],[5.845661400760242,53.09501921399988],[5.845734970113931,53.095341530413684],[5.845335214556401,53.095654875618195],[5.845077585349602,53.095856249367166],[5.844640803506973,53.0961984890265],[5.844471997552587,53.09632943109858],[5.84388760823836,53.09683218265768],[5.843121252946246,53.096499924936374],[5.843107760977834,53.096494584702384],[5.843086587764048,53.096468605878165],[5.843083035562171,53.09641470330844],[5.843080068830044,53.0964165118077],[5.842926914967303,53.09633262630402],[5.842818791170656,53.09627193289711],[5.842800990766453,53.09628278385283],[5.842780204743595,53.0962936461663],[5.842650962796312,53.096354344178685],[5.842567771193432,53.09639330047774],[5.842500924900222,53.096425005749936],[5.842364038978649,53.09646865908667],[5.842050944374172,53.09650759019806],[5.84204795874945,53.09650760154034],[5.842039020718072,53.09650943269812],[5.84193045043335,53.09654848495798],[5.841793394052764,53.09657596345911],[5.84169253223126,53.09663834987144],[5.841650883971738,53.096652885583005],[5.841512437781209,53.096690253651275],[5.841400777438372,53.096719432535835],[5.841400316435036,53.09667540281511],[5.841391761011184,53.096571197502975],[5.84138869071031,53.09656312173691],[5.84133942783545,53.09656330860251],[5.841332102002626,53.096433937777434],[5.84135002512908,53.09643476839566]]]]}},{"type":"Feature","properties":{"gezicht_uri":"https://linkeddata.cultureelerfgoed.nl/cho-kennis/id/gezicht/10134531","gezichtsnummer":"295","naam":"Warstiens"},"geometry":{"type":"MultiPolygon","coordinates":[[[[5.857412099317616,53.16544668407909],[5.857227986618287,53.165428535923105],[5.857222896203175,53.16537284375158],[5.857211473877453,53.16528482742596],[5.857173843457771,53.16512412864521],[5.857039365171031,53.16471939493837],[5.857011672184316,53.16464761684488],[5.856946818328367,53.16445827000448],[5.856886421231457,53.16426620990644],[5.856815490476279,53.16406790095535],[5.856679689372649,53.16367844782374],[5.856537725198687,53.163271945544956],[5.856497478964167,53.163145402870875],[5.856309409541756,53.16262316349519],[5.856190520854372,53.16227587689227],[5.856066856964784,53.16190165130607],[5.855906458001969,53.161448493831735],[5.855810438971996,53.161141553582695],[5.855677792044228,53.16076556542927],[5.855614454622671,53.160577110321306],[5.855591057301877,53.160487343348414],[5.855590250500152,53.16041276402024],[5.855593792642642,53.16032558751718],[5.855739389515813,53.16024055154012],[5.855890897743326,53.16014920217731],[5.856036483710581,53.160063267289786],[5.856170313504729,53.15999624849056],[5.856246091151506,53.15995281992398],[5.856363241675749,53.15986430015239],[5.856466995242806,53.15978122422129],[5.856631896760446,53.15968442995523],[5.856897725358118,53.15951984615179],[5.857372987204731,53.159229537111706],[5.857594302896929,53.1590965767936],[5.857730960989143,53.15901516776214],[5.857846796554237,53.15894372476997],[5.857996781303534,53.15885058149612],[5.858139241770901,53.15875297467113],[5.858289088367505,53.15864725137816],[5.858363493688089,53.15861550843838],[5.858399206247564,53.15860009210155],[5.858484017361877,53.15856291666725],[5.858543375116348,53.15852224693369],[5.858622039866444,53.15846981962874],[5.85881802194664,53.158345043903566],[5.858987309440188,53.15824014180053],[5.859138735267044,53.15814249846596],[5.859288645888553,53.15804306373338],[5.859456318536778,53.15792738429146],[5.859798248850764,53.1577517109968],[5.859866544343287,53.15770830959257],[5.860035738502252,53.157595319075156],[5.860243475508787,53.15745252288244],[5.860458646384398,53.15730610262458],[5.860546207264929,53.157247348798606],[5.860683975516858,53.15713178569328],[5.860694479104149,53.15713533853919],[5.860824741625042,53.15715369413984],[5.861028234655994,53.15716996293915],[5.86127948592945,53.157178853811125],[5.8613931278076,53.15718110000031],[5.861463378243514,53.157179923450485],[5.861511155972272,53.15717434286938],[5.86157681341515,53.157163299990124],[5.861645421240846,53.15714865105386],[5.861739324118314,53.157123118903485],[5.861858610577834,53.15709479039731],[5.86203309962827,53.157056358641846],[5.862177483514275,53.15699917564729],[5.862235291478606,53.15695401726422],[5.862388713116888,53.15690308828876],[5.862585456551328,53.15684929153304],[5.86271660212357,53.156811929272315],[5.862861369230722,53.156789788762374],[5.862974901566535,53.15678214944311],[5.863043676172181,53.156782774995015],[5.863124508620834,53.15679233848312],[5.863208469161746,53.15681446969158],[5.863276262636592,53.156861825457796],[5.863314099185518,53.156903908679936],[5.863334115676556,53.15695684571122],[5.863337658750114,53.15700715242687],[5.863329311833057,53.15706379647546],[5.863295848024865,53.15714749786331],[5.863234682317781,53.15729510883794],[5.863198327111552,53.157387807529794],[5.863163437029678,53.15747780463287],[5.863125260699396,53.1575408572108],[5.86307529282159,53.15761923254473],[5.863041739228227,53.15769484693265],[5.863025907325922,53.15775062207741],[5.863028172417213,53.157820702738846],[5.863037961506077,53.157895246453876],[5.8630653243775,53.15793647273873],[5.863109151246493,53.15797943081448],[5.863220536437465,53.15804817954645],[5.863610728465924,53.15831979911166],[5.863868331360562,53.15849759334116],[5.863884924130244,53.15851100612735],[5.863975392550981,53.15858073592633],[5.864035615936939,53.15861913550818],[5.864061099334401,53.15862532421778],[5.864089533052226,53.15862790684256],[5.864122441723662,53.158629573069085],[5.86415830070495,53.15862763320556],[5.864216524522787,53.158620212812146],[5.864286688107274,53.158610947694314],[5.864365841153799,53.158603443917336],[5.8644674877187,53.15860214061659],[5.864569173902085,53.15860443141248],[5.86468888865205,53.15861473756662],[5.864768210110941,53.15862250880078],[5.864851966884444,53.158625769381075],[5.864987987391087,53.15862343006109],[5.86524944467554,53.15860801014983],[5.86544968831951,53.15860002262065],[5.865622973193671,53.1585876494439],[5.865796218241367,53.15857168183444],[5.865908239905592,53.158562248615276],[5.865982947482546,53.15855835586593],[5.866084613763831,53.15855884828548],[5.866210278709004,53.15856643339128],[5.866430274512726,53.158587120009855],[5.866564899336062,53.15859377033359],[5.866647171187028,53.15859793418424],[5.866974883272789,53.15862537755165],[5.867618279293804,53.15867401971782],[5.867514589661571,53.158760699480695],[5.86743316450278,53.158832912580245],[5.867377073641658,53.158897835446766],[5.867332842655744,53.15895372492421],[5.867291711070049,53.159019486406386],[5.867250619207691,53.159088842054395],[5.867202062341398,53.15915912616758],[5.867171225819724,53.15920957042568],[5.867153634798089,53.159241091347866],[5.8671232762136,53.15933466576334],[5.867114674868594,53.1593679478524],[5.867106043633202,53.15939853430493],[5.867080209605738,53.159495684928025],[5.867029787250649,53.15966751653569],[5.866987756947344,53.15978719659144],[5.866912685538026,53.160028317835405],[5.86691576512956,53.16003639277385],[5.866934352215939,53.16009472639761],[5.866937451727861,53.16010459842534],[5.866931619417637,53.16025288826877],[5.866888941213856,53.16031416284643],[5.866869924214116,53.16035197951446],[5.866840651147438,53.1604087075013],[5.866809863085868,53.16046364437241],[5.866790865857571,53.16050325811606],[5.866771838737165,53.16054017622151],[5.866760216997532,53.160570774601545],[5.866732816822483,53.16066164128242],[5.866705237412019,53.160736334147],[5.866671996227278,53.160839804360556],[5.866654623087226,53.16089109318036],[5.866645881776913,53.16091179559251],[5.866641486243892,53.16091990043627],[5.866632665323768,53.16093341448884],[5.866613608032647,53.160967636930046],[5.866581364051408,53.16102617389234],[5.866552060309471,53.16108020616308],[5.866522706757135,53.161129745701956],[5.86663064776095,53.16115627153446],[5.866748875013934,53.16116658159443],[5.866934408831596,53.16117931792106],[5.867037655975486,53.16118699189876],[5.867112457612968,53.16119118534592],[5.867149843496298,53.161191934235006],[5.86722008034589,53.16118895721688],[5.86732614824562,53.161181343711874],[5.867487452708826,53.16116632011391],[5.867614401154519,53.161154129759545],[5.867786170660162,53.161139063813614],[5.867923614112434,53.16112952680466],[5.868058127311166,53.16112539290145],[5.868185165312169,53.16112128884439],[5.868259907043735,53.16112009030831],[5.868313698322812,53.16111717865183],[5.868364489540798,53.16111338042989],[5.868413765742501,53.16110779109949],[5.868451081662562,53.16110224977093],[5.868495822797996,53.16109218569194],[5.868567424555183,53.161077520802124],[5.868613710624573,53.16107194339781],[5.868654036536039,53.16106818708573],[5.868718302942615,53.16106613175545],[5.868770659055665,53.161068617167274],[5.868830490336983,53.1610710725195],[5.868861886018641,53.161070946359814],[5.868909707062962,53.16106895701155],[5.868960518167428,53.161066955626296],[5.869041179912841,53.16106034129986],[5.869192008099691,53.1610444589347],[5.869354806428778,53.161029426813315],[5.869522099745001,53.161015274967454],[5.869889676866466,53.16099582357121],[5.870179502125285,53.16097578578884],[5.870337864897029,53.160965263127764],[5.870421586494642,53.16096492563136],[5.870482902722584,53.16096647558748],[5.870535228721821,53.16096626459579],[5.870557162236083,53.16105603462952],[5.870585407029685,53.16117543250217],[5.870618468172674,53.16132446423545],[5.870657720429982,53.16149234126017],[5.870692086470262,53.1616242945878],[5.870714241409035,53.16173383254426],[5.870745738120286,53.161876580436896],[5.87077270970239,53.16201575223334],[5.870786807603266,53.16207320476648],[5.870789797736679,53.16207319270277],[5.870805742030624,53.162162088241175],[5.871200078819289,53.16212814753959],[5.87129553162767,53.16277564145625],[5.870920595100595,53.162806808405705],[5.870536717565083,53.16284070598746],[5.870237929483399,53.16286257787397],[5.869861516371476,53.1628955446254],[5.869304316075852,53.16294002047917],[5.868856176847351,53.16297686687246],[5.868479711733328,53.16300533656733],[5.868321380985655,53.16301945095266],[5.868122712368842,53.16303642273171],[5.867553577541358,53.163083634072784],[5.867172625320387,53.16311211763956],[5.866851456855027,53.16313856361041],[5.866593062511813,53.16316296050652],[5.866282319280448,53.163185768919114],[5.866047816225194,53.16320737339408],[5.865796846885955,53.1632272459895],[5.865747562631036,53.16336762184635],[5.865682368030815,53.16355658471355],[5.865617143075774,53.163742851902185],[5.86557650079108,53.16385353990735],[5.865553253842465,53.163914736373165],[5.865532808466864,53.1639588485635],[5.865509323144603,53.163998479961876],[5.865462402003287,53.164082235463546],[5.865399361669839,53.16419570851027],[5.865333330717144,53.164309193448],[5.865280537459044,53.16440285670998],[5.865236556132367,53.164482107467144],[5.865211624710856,53.16452623748349],[5.865194218612987,53.16457483040289],[5.865184208888875,53.16461620515768],[5.865172872637944,53.16467286111913],[5.865167338427295,53.164713319441454],[5.865166279766748,53.16475286133366],[5.865166567459314,53.164778919105615],[5.865170103409882,53.16482832709361],[5.865164370768834,53.16485081453711],[5.865145221322551,53.16487694981068],[5.865115694970099,53.164911213704585],[5.865041898720667,53.16499867049364],[5.864966706165683,53.16509511863245],[5.864903335868201,53.16517893944054],[5.864895998802551,53.165191548846074],[5.864840242912597,53.16528791943816],[5.864651130615019,53.165630134453366],[5.864566084051755,53.165782333716734],[5.864497157177278,53.165904815486186],[5.864473719389022,53.16594893937717],[5.864457708038496,53.165988540779914],[5.864449172680671,53.166028112415454],[5.864436825276515,53.16612880287004],[5.864433122197223,53.166199805667674],[5.86443031998272,53.16621688990008],[5.864424933467884,53.16627082632166],[5.864410496410429,53.16631761010943],[5.864358837388321,53.166378919392706],[5.864317199101736,53.16639975253745],[5.864288928612224,53.166412445218214],[5.864266579565075,53.16641972282874],[5.864247240750475,53.16642878562114],[5.864223594496674,53.16645404004355],[5.864191432328057,53.166520663159375],[5.864152001840519,53.1666061854241],[5.86410970943105,53.16670340063569],[5.864083448634938,53.16676281157524],[5.864066169056393,53.166823085362395],[5.864049503098949,53.16693906883419],[5.862992207276211,53.16679230818446],[5.862909791833718,53.16677646078865],[5.862765884469846,53.16674378423683],[5.862673012469398,53.16672887674493],[5.862602687372196,53.16672466275641],[5.862532431353056,53.16672673853163],[5.862472671524843,53.166731468398396],[5.862417367779104,53.16673348482177],[5.862347052561328,53.16673016922686],[5.86226474594068,53.16672420536655],[5.862140503933839,53.166712117529556],[5.862020727968501,53.16669821470837],[5.861869483334324,53.16667814630327],[5.861689849231808,53.166659987251],[5.861448861789984,53.16663757776532],[5.861188397314446,53.166611650481734],[5.860854549182189,53.16657522962899],[5.860453318354922,53.166530088068505],[5.860191320622864,53.16650057034452],[5.860119442014736,53.166490969535154],[5.859851503106723,53.16646506883932],[5.859858576965234,53.166428199059304],[5.859869734213512,53.1663544712886],[5.859894230611457,53.1662699079224],[5.859933610334318,53.16617899577524],[5.85995815557312,53.16609892511162],[5.859979671059184,53.16601527205933],[5.859992146557721,53.16592536457719],[5.859992954819184,53.16586246059389],[5.859978771853457,53.16579602140598],[5.859969496470416,53.16576820192123],[5.859948033851206,53.16571976309568],[5.859932964160417,53.165709039533354],[5.859919468165612,53.16570549842583],[5.859886495407429,53.16569843979055],[5.859810162046522,53.16569155211225],[5.859656000203973,53.16567778250301],[5.859444903512957,53.16565345401951],[5.859147076153259,53.16562856808784],[5.858747380414398,53.16558611053932],[5.858441970374155,53.16555136827635],[5.857852142983467,53.16548719049265],[5.857648582743432,53.165468220756075],[5.857530326358002,53.1654561046592],[5.857412099317616,53.16544668407909]]]]}},{"type":"Feature","properties":{"gezicht_uri":"https://linkeddata.cultureelerfgoed.nl/cho-kennis/id/gezicht/10134546","gezichtsnummer":"317","naam":"Sneek"},"geometry":{"type":"MultiPolygon","coordinates":[[[[5.664341625261112,53.0348936795457],[5.663515882123882,53.03479428107623],[5.663329351715116,53.03479518820818],[5.663328597005456,53.03478198936207],[5.663300833355161,53.03477868367905],[5.663289853173509,53.034777370100905],[5.663216095236035,53.03476858122341],[5.663143500999825,53.0347599333929],[5.663127910749219,53.03475803735493],[5.663064876713341,53.034750104277315],[5.663055954817458,53.03474895666536],[5.662971659579032,53.03473815209888],[5.662964915957203,53.03473728701211],[5.662890378135096,53.03472773591351],[5.662806651103192,53.03471719051789],[5.66280211562623,53.03471661687414],[5.662717523908856,53.034706055436864],[5.662694488708553,53.03470317903785],[5.662632723304698,53.03469545847651],[5.662552264647103,53.034685471499465],[5.662540777042557,53.03468406017388],[5.662436194755542,53.03467115426125],[5.662343025301291,53.034659614844436],[5.6619813392729,53.03461654038736],[5.661883945947666,53.034604156639084],[5.66179384821406,53.0345926996],[5.661752268105148,53.03458741239619],[5.661695276369457,53.03458016564063],[5.661669749433674,53.03457691734772],[5.661602209782824,53.034568328869675],[5.661588767481114,53.0345666164106],[5.661461993863891,53.034554515397694],[5.661429467822481,53.03455006099572],[5.661325077424567,53.0345343859519],[5.661253782797994,53.034523676178104],[5.661198633189864,53.03451539156223],[5.661197901945286,53.034517630777984],[5.66111312531124,53.03450835364377],[5.661063146282906,53.034502070009175],[5.661035307258092,53.03449857526514],[5.6609373031056,53.03448616518722],[5.660899226306221,53.03448086068137],[5.660858448620911,53.03447513101137],[5.660842155902309,53.03447291278354],[5.660765175201314,53.03446351871568],[5.660756417911458,53.034462451430734],[5.660674902052157,53.034452519527115],[5.660628743484923,53.034446882959514],[5.660592044482099,53.034442572663266],[5.660577036679083,53.03444080975311],[5.66050548497105,53.034431834439715],[5.660488701088697,53.03442973410574],[5.660415544654225,53.034421589127746],[5.660409490281236,53.034357253459156],[5.660403126121001,53.03428395036325],[5.660397571950395,53.03418535851259],[5.660396698199551,53.034169679753724],[5.660373771209297,53.03399247219833],[5.660255559827629,53.03397085203332],[5.660225768967705,53.033972196083326],[5.660153103777927,53.03398042250955],[5.660038281073586,53.033998117596944],[5.660022942762423,53.034000668702475],[5.659907996260761,53.034022407694806],[5.659897131698515,53.03402521816459],[5.659767435110708,53.03404824871264],[5.659651737937827,53.03406918041961],[5.659638782996984,53.03407145646226],[5.659393246961515,53.03411658670354],[5.659380889959354,53.034119130940304],[5.659265642995504,53.03414060041449],[5.659250304588575,53.03414315142093],[5.659161868651717,53.03416114507484],[5.658917016836349,53.03419665764702],[5.658112415094969,53.03430640634031],[5.65806861537529,53.03431081889297],[5.658012581815478,53.0343136416374],[5.657960108013251,53.03431358074182],[5.657899411842119,53.03430976427296],[5.657807204809406,53.034296853259484],[5.657737635214107,53.03428047624196],[5.657683115583359,53.034263076671024],[5.657489273255133,53.03418335892118],[5.657404945381054,53.03414293230629],[5.65739054989347,53.03415329885496],[5.65731802403399,53.03418886796043],[5.657242998532522,53.03425400695124],[5.657259888671974,53.03426124755223],[5.657201351676585,53.03431700372727],[5.657192084760239,53.03431307076493],[5.657077816115416,53.03430029886059],[5.657038317639337,53.03427720384817],[5.657008664442208,53.03425995453529],[5.65700046566992,53.03425518344027],[5.656888850686511,53.034189567072026],[5.656692158795371,53.03411880461914],[5.656667940078258,53.03410525423502],[5.656645534520616,53.03411725624308],[5.65651509997267,53.03402875837517],[5.656512330497359,53.034026877530486],[5.656508852415515,53.034028520834894],[5.6564310243788,53.03397832897051],[5.656424244327967,53.03397395003017],[5.656365993283579,53.03393640242561],[5.656301635738532,53.0338948966762],[5.656299077036222,53.033893347838074],[5.656298717935744,53.033893132979685],[5.656266656218973,53.0338744241667],[5.656279513087951,53.03386592133879],[5.656379391525186,53.03380353066733],[5.656379885287874,53.03380382609735],[5.656421021726619,53.033749762937035],[5.656384981057172,53.03373124283539],[5.656380866374905,53.03372878091887],[5.656348002544251,53.03356130894453],[5.656346193595978,53.03353399525262],[5.656349264354517,53.03350029044147],[5.656353929762455,53.0334593032941],[5.656362133250788,53.033411928046235],[5.656372539325737,53.03335915617481],[5.656378437748932,53.03330064334033],[5.656386503247916,53.033255065620466],[5.656397348104631,53.03320094484044],[5.656404318328365,53.03314701250372],[5.65641107321903,53.033082387182326],[5.656412918942973,53.0330193904112],[5.656418009028082,53.032950725086366],[5.656420478277894,53.032892130101835],[5.656417447702407,53.03283606360913],[5.656417482359851,53.032769476467315],[5.656421667302485,53.03267502304273],[5.656428420692379,53.03256205244757],[5.656429157226591,53.032488454554624],[5.656432902312099,53.03241925307969],[5.656439498520688,53.032353100460924],[5.65644678728555,53.03230249225102],[5.656448924527034,53.03226249924951],[5.656470664795864,53.032162524750284],[5.656491635886768,53.032082770724784],[5.656518624888078,53.03198790647357],[5.656544431302906,53.031894662377084],[5.656570556340571,53.03180474241566],[5.656594589399665,53.03171401840902],[5.656635756046061,53.03157383217397],[5.65666730121097,53.03146862357808],[5.656691219613832,53.03135706999189],[5.656761893855466,53.0312183268569],[5.656780214459387,53.031192046104245],[5.656831869516507,53.03110880808918],[5.656913953198904,53.03098082246049],[5.656923154545352,53.03096650479829],[5.656935803161035,53.03094682363518],[5.656961956149273,53.0309096519857],[5.656981173642039,53.03088381848167],[5.656979964439225,53.03088112537574],[5.65698509564657,53.03087509085572],[5.657003863240774,53.030853025791075],[5.657457506138224,53.030336521836674],[5.657256337053567,53.030250233380684],[5.657260054239943,53.03024634298323],[5.657307119841938,53.03019725335573],[5.657375519352667,53.030072057019254],[5.657421612689209,53.03002007601108],[5.657505979577703,53.02980685144984],[5.657557770559818,53.02974355296849],[5.657567682015264,53.02973144422988],[5.657575196898274,53.02972225241158],[5.657607357313164,53.029682964269455],[5.657609221306322,53.02968069555245],[5.657614887084844,53.029673772414846],[5.657626174255736,53.02965998015584],[5.657677077331832,53.02959777094783],[5.657710125676919,53.02955748330867],[5.657716087517238,53.02955023599589],[5.657764516088997,53.02948803908615],[5.657571585283622,53.029426850947836],[5.657566779895046,53.02942591827134],[5.657473099076747,53.0294020382804],[5.65739475065214,53.029382068475826],[5.657392089650632,53.029385606033344],[5.656723101812575,53.02921292896866],[5.656689524037551,53.0292040005619],[5.656622151746533,53.029187240514894],[5.65661051673378,53.02918582895233],[5.656553603196858,53.0291682724946],[5.656559242441115,53.0291618616746],[5.656471558904192,53.02913384276038],[5.656388848884519,53.029107421100086],[5.656307199294724,53.02908132948232],[5.656378774084301,53.02898249180156],[5.65638309120085,53.02898401870887],[5.656397900814494,53.02896855620115],[5.65644101117188,53.02891626775515],[5.65644369688486,53.02891671101345],[5.65648271349337,53.02886287717109],[5.656482116341016,53.028862725751935],[5.656597188172893,53.028708040078214],[5.657244858681774,53.02886302965394],[5.65728450107036,53.028795532985875],[5.65731761872919,53.02873765945208],[5.657451252960993,53.02850406881738],[5.657133413809567,53.02841767533519],[5.657215657452777,53.028371570558264],[5.657323310727107,53.02831770721614],[5.657440532900358,53.0282590595048],[5.657607001061236,53.02814288124556],[5.657681488383504,53.02820379817238],[5.657752942467654,53.02825629518041],[5.657817448483933,53.02830361389304],[5.657832377045649,53.028314552158115],[5.657819153545673,53.02832131269252],[5.657860714221727,53.02835084586137],[5.657873179977514,53.028344473440946],[5.657904998839678,53.02836781025143],[5.657918938114902,53.028361102003686],[5.658045626748393,53.02845111662355],[5.658256052348698,53.02860068103781],[5.658278300243232,53.02861650008932],[5.658288252832721,53.028611058894334],[5.658509601361579,53.02849014282425],[5.6585872439281,53.02844499108616],[5.658597743771971,53.028438883649926],[5.658616534560483,53.02842858783256],[5.658642990160534,53.02841408707936],[5.658669475440641,53.028399568280555],[5.65869593100538,53.028385067515536],[5.65872238655247,53.02837056674463],[5.658748871779559,53.02835604792808],[5.658775342140147,53.0283415381255],[5.65880179763427,53.028327037336865],[5.65881045768506,53.02832229096509],[5.658827942914901,53.02831298655309],[5.658837718023182,53.02830778834009],[5.65886781580733,53.02829177857962],[5.658922718605812,53.0283072177856],[5.658924047506249,53.02830759218272],[5.658943980959367,53.02831319915159],[5.659039900411235,53.028340164132395],[5.659040124547761,53.02834025348403],[5.659063734255898,53.028349770023766],[5.659146805502693,53.0283707658953],[5.659298929738832,53.02819609353732],[5.659341367289902,53.028134630727706],[5.659933456858902,53.02799199283301],[5.660014595252264,53.02801498293881],[5.660060793963985,53.02802811407778],[5.660224559623093,53.02806428680214],[5.660293498830681,53.028083773028015],[5.66032062853599,53.02809127737557],[5.660391714972245,53.028108521095525],[5.660392535870512,53.0281086989424],[5.660439147433183,53.0281187108074],[5.660480068017716,53.02813153034562],[5.660497023889306,53.02813766505675],[5.660630331030074,53.028174913286826],[5.660736641611607,53.02820448608031],[5.66075800400802,53.02818844190955],[5.66076390018752,53.02818271324573],[5.660849885348132,53.02821072392439],[5.660998623919152,53.028248619371155],[5.66115550865738,53.02829009940381],[5.66124446127963,53.02831352007724],[5.661401733612272,53.028352572645574],[5.661425738785419,53.028358538294846],[5.661525805258283,53.02838341597951],[5.661623781800009,53.028407768195926],[5.661745495081724,53.02843803261677],[5.661886570936183,53.02847309595328],[5.661907987576321,53.02847923818872],[5.661908486246693,53.02847854511165],[5.66200341087025,53.02850340725172],[5.661994878119513,53.028514093388914],[5.661990696759939,53.02851991701942],[5.662041157003751,53.028533830624895],[5.662100367003438,53.02855015483884],[5.662138438326636,53.028574239971],[5.662473353655892,53.02884394266722],[5.662737826718358,53.02917307247008],[5.662794559260028,53.02921692653484],[5.662876119568425,53.02924708464917],[5.662922787855702,53.02926810341255],[5.662948132328331,53.02928300685713],[5.66297266891065,53.02929743589522],[5.663148182994544,53.029452643608295],[5.663194988134653,53.0295092379969],[5.663330661104816,53.029598758995974],[5.663436914832328,53.02970296822432],[5.663587178853549,53.02989752990781],[5.663657849775044,53.029934310713635],[5.663664437631796,53.029944780035855],[5.663673949298137,53.0299638086149],[5.663685245080522,53.02996805988876],[5.663751407355552,53.0300915289156],[5.663534081933042,53.030133852750396],[5.663569020582441,53.03019939762125],[5.663556515882256,53.030201942635856],[5.663608708234346,53.03029914165298],[5.663612578554125,53.03029832395557],[5.663659045256786,53.03038583117718],[5.663655174358453,53.03038655901623],[5.663756927375743,53.03057714391693],[5.663769403161214,53.03057472475436],[5.663796361236876,53.0306251823474],[5.663783885495631,53.03062761049871],[5.663835599709987,53.03072446903967],[5.663941386327573,53.03091621262988],[5.664166208623144,53.030877878514225],[5.664171956144535,53.0308769036868],[5.664257272579904,53.03086196880522],[5.664426061366508,53.030835131455696],[5.664460572983556,53.0309105438012],[5.664455524892033,53.03091133729839],[5.664470225217143,53.03094450691152],[5.66446746551437,53.03094651721464],[5.664472771976509,53.031018924019605],[5.664507772794392,53.03109621331153],[5.664535945312159,53.031105547449876],[5.664588091177687,53.03122063748246],[5.664568197081564,53.03122385572966],[5.664581406128514,53.03125222121375],[5.664592544739613,53.03127615235829],[5.664601068606589,53.03129444628713],[5.664654116574906,53.03131262792661],[5.664731216189253,53.03133904790595],[5.664810870447981,53.031366342543926],[5.664894334163914,53.03139493126866],[5.664974227640442,53.03142230611718],[5.664990376655512,53.03142783999319],[5.665040915164557,53.03144515563757],[5.66512488719476,53.03147393172864],[5.665156408467524,53.03148473165986],[5.665179227636776,53.03149369168722],[5.66522259926593,53.03150912784528],[5.665272664188302,53.03152694771526],[5.665305846606416,53.03153875917503],[5.66535528404702,53.03155634683078],[5.665397565184736,53.03157139905911],[5.665438860307241,53.03158610310835],[5.665478706173373,53.03160028033528],[5.665537496485804,53.03162120695605],[5.665570798526638,53.031633054008225],[5.665630350865616,53.03165424839274],[5.665644066211226,53.03165914084688],[5.665725102954024,53.031687986254],[5.665816209570398,53.03172040258925],[5.665875448428412,53.031741489748626],[5.665902042472718,53.03175096203506],[5.665994195203667,53.03178375321318],[5.666043439075098,53.03180128711884],[5.666084047278891,53.031815731949614],[5.666173899543891,53.031847719604116],[5.666211938089313,53.03186125380276],[5.666251216755492,53.03187523440104],[5.666306018685662,53.03189474115894],[5.666329520181367,53.03190310629038],[5.666399979888677,53.03192818378926],[5.666410766981532,53.03193202263103],[5.66648620198058,53.03195886771228],[5.666486978893105,53.03195914446727],[5.666587080980078,53.031994774205394],[5.666620413520631,53.032006638866015],[5.666690350631862,53.03203152870642],[5.666763769010109,53.032057659436816],[5.666793367916934,53.032029032362324],[5.66694533009563,53.03208320468958],[5.667202640314311,53.032174943753546],[5.667215717082852,53.0321778426053],[5.667449729297729,53.03303923333192],[5.667527853590881,53.03307933045638],[5.667607368980128,53.0331201431565],[5.667684834831181,53.03315980140257],[5.667379700632606,53.03334494318261],[5.667368726607817,53.03335148382492],[5.667325736828858,53.033377185969066],[5.667315284637592,53.033383743356175],[5.667249460904571,53.03342386774944],[5.667186532568291,53.033462233035],[5.667169916976698,53.03347236333979],[5.667164645761803,53.03347558372239],[5.667034721186352,53.03342301356298],[5.666992800335002,53.033450393487676],[5.666945327632541,53.03348140778788],[5.666606404073772,53.03372377826703],[5.666644156526276,53.0337470224832],[5.666600255456823,53.03377718360194],[5.66655216908669,53.03381023003661],[5.666427990062241,53.033895555616496],[5.666101289868278,53.03416550589855],[5.666101782778231,53.03416565751275],[5.666093881697808,53.0341749046733],[5.666088111182781,53.034181648726374],[5.666078478958259,53.03419292179751],[5.666005731137089,53.03426947334913],[5.665989604399698,53.03428850757944],[5.66596449689305,53.034318130406014],[5.665804827108214,53.03447646929727],[5.665790981058329,53.03448853395276],[5.665776719907266,53.03450095901795],[5.665639581544627,53.034618636970954],[5.66560568721308,53.034647327650575],[5.665540003832272,53.034702924830775],[5.665537097805005,53.03470539378798],[5.665426840340547,53.03473757800643],[5.665364398022068,53.034756935567344],[5.665305303145629,53.03477525190837],[5.665285961905087,53.034781245689935],[5.665209727649946,53.03480487668377],[5.665024460499834,53.0348354915874],[5.664746569088392,53.03486077679045],[5.664654564120754,53.03485900436665],[5.664341625261112,53.0348936795457]]]]}},{"type":"Feature","properties":{"gezicht_uri":"https://linkeddata.cultureelerfgoed.nl/cho-kennis/id/gezicht/10134554","gezichtsnummer":"269","naam":"Ravenswoud"},"geometry":{"type":"MultiPolygon","coordinates":[[[[6.391548894490032,52.98426795223536],[6.391484830385523,52.984201988153536],[6.391158702626296,52.98387850677432],[6.390961944426814,52.983676158735996],[6.390771412481149,52.9834854409479],[6.390716366273474,52.98342299545765],[6.390544260992892,52.983256386982525],[6.390304787655358,52.98300946237567],[6.390076193748196,52.982782216986436],[6.389801656598216,52.9824996383304],[6.38969516783584,52.98240167663743],[6.389361250914041,52.9820620794128],[6.389195028437884,52.98189182493873],[6.388919096615601,52.981612850667105],[6.388609569246254,52.98129731131359],[6.388322976093485,52.981007640813424],[6.388079185622344,52.980766139984325],[6.387791110822536,52.980476480613454],[6.387510689683837,52.98019574330324],[6.38723174019791,52.97991409433796],[6.387128013898577,52.97980622174306],[6.387006052799164,52.97968232533458],[6.386977128663116,52.97965470816778],[6.386885828616885,52.97956919845238],[6.38665253661115,52.979330302935644],[6.386390323800901,52.979063789625116],[6.386131173924148,52.97880084486347],[6.386030285980174,52.97868665681614],[6.385667606858193,52.97832392389414],[6.385326330336844,52.97798527553186],[6.38516764402905,52.97781764854469],[6.384858315047591,52.9775083885642],[6.384701429628906,52.977354226151235],[6.384570406801692,52.97722411211086],[6.384294513732893,52.97694422812746],[6.383759071155423,52.97638252459442],[6.383413133019152,52.97603402412395],[6.383338385896005,52.97595556316496],[6.383101785840324,52.97570051198929],[6.382716458641057,52.97532178254218],[6.38248620990375,52.975083752197264],[6.382227066321458,52.97481900152696],[6.381972596615811,52.97456319821044],[6.38170721807044,52.974285916756806],[6.381492213808624,52.97406303522537],[6.381165117216638,52.97375571085358],[6.380973408859124,52.97357487269651],[6.38087591305732,52.973477727034116],[6.380784494481966,52.97338592285886],[6.380632042224759,52.97322902218454],[6.380409524565167,52.973002606429354],[6.380067252089439,52.97268192494143],[6.379605264292825,52.97220316989571],[6.379593275138218,52.97219967473048],[6.37951822012114,52.972172438844304],[6.379458008298122,52.972143282297004],[6.379381362702951,52.97211156611934],[6.379292953285183,52.97208623833651],[6.37922413880813,52.97207153201484],[6.379188192017111,52.97206194491268],[6.379159707716085,52.97205319453674],[6.379144639504131,52.972045231472585],[6.379143110170394,52.972043446801955],[6.379040159436556,52.97196791330771],[6.379026415964292,52.97195274977193],[6.379037913869815,52.97193468068646],[6.379140750933706,52.97187451403869],[6.378985292204057,52.97171583885132],[6.378839092272385,52.97157146555284],[6.37864721912062,52.97138253688499],[6.378496290429902,52.971226519523256],[6.378397357960845,52.97113118111937],[6.378278402376749,52.97100635216804],[6.378145929549299,52.97087624309517],[6.378002793710661,52.97073543809313],[6.37788216803617,52.97060253444742],[6.377842592015606,52.97056421918049],[6.378080192645616,52.97047327958641],[6.378112441580737,52.97038583992057],[6.378392916288972,52.970281962589574],[6.378872596635512,52.97010094219835],[6.379386320315509,52.96991154903711],[6.379810071039708,52.969758848380714],[6.380198345002904,52.9696172252161],[6.381008603846373,52.96931122758745],[6.381435196552638,52.969153105336005],[6.381953260139999,52.968959171428395],[6.38221744790111,52.9688599139748],[6.382676609772068,52.968694326539215],[6.383064721073198,52.968546404474445],[6.383395444657929,52.96842771747058],[6.383458700621848,52.968394837464785],[6.383715625183272,52.968303725357075],[6.384292643682877,52.96808502498708],[6.385165207677288,52.96777218798996],[6.386406768843012,52.9673232540955],[6.386393770461655,52.967275732496645],[6.386380627821077,52.96722192130857],[6.386354111737267,52.96716912063067],[6.385520730799493,52.966333119960964],[6.385248103946555,52.966063095907735],[6.384592769521906,52.96539545290061],[6.383689460181719,52.96449262174508],[6.38283634342423,52.96363519845764],[6.382719890075578,52.963554388431206],[6.384323121979053,52.96297934115314],[6.385617632038994,52.962508403719205],[6.388426365407186,52.96148106725582],[6.388979833438504,52.96127871685867],[6.389846068692777,52.96095691025693],[6.390578144859718,52.960691043936734],[6.392957294267547,52.959825375036864],[6.393194846231981,52.95973620236101],[6.394061164923496,52.95942065480459],[6.394226404617966,52.959358151373344],[6.394521566325472,52.95925051666286],[6.394846215499078,52.95913094957308],[6.395457175402996,52.95890741395211],[6.395929427824073,52.958735372905664],[6.396416430966934,52.95855781322996],[6.397034772723357,52.95833240967591],[6.398399759056316,52.957831977737875],[6.399054985576366,52.95759366971699],[6.399568536476774,52.95740688524408],[6.399969859888704,52.95725789620634],[6.400661994445674,52.957007583387515],[6.401470763388271,52.95671763270188],[6.402499097802778,52.95633504303267],[6.402630051123381,52.95627102178044],[6.403161613778684,52.95609215672148],[6.404575221972945,52.95557686053266],[6.404997047031371,52.95541509807121],[6.40580414359949,52.955119739675546],[6.406550796844733,52.95484915613574],[6.407254631325798,52.95459331252108],[6.407945109551015,52.95433937619454],[6.408374433205394,52.95418113229683],[6.409070954793718,52.953931631151605],[6.40947958916583,52.95377985102471],[6.409931133762736,52.95361781652255],[6.410339846576208,52.953469627497675],[6.410649721522705,52.95335823150642],[6.41094475962795,52.95324875922824],[6.411093776425876,52.95319445932005],[6.411234035319954,52.95314742382874],[6.411282952399196,52.95320272337429],[6.411720278442334,52.95370224086794],[6.41176919676479,52.95375754020243],[6.413845788302624,52.95612573804993],[6.414465143682356,52.9568321773533],[6.420980922706486,52.9642566758413],[6.423188584224666,52.966773657327906],[6.423485398001358,52.96711168684986],[6.424449314503626,52.96820960997572],[6.426179919156126,52.9701815768203],[6.4263589406675,52.97038492123274],[6.427147034434936,52.97128304498515],[6.427205179834543,52.97134904192445],[6.422559594348438,52.97306273978833],[6.42186178395924,52.97333030169238],[6.421677267098449,52.9733966046272],[6.421573530606106,52.97347928315244],[6.420301626811093,52.97395940037683],[6.420094415788699,52.97401061933073],[6.420008682197466,52.974036523558],[6.419675103627709,52.97415803275544],[6.419350411374153,52.97427766688149],[6.419019699595357,52.974394656023385],[6.418753967912929,52.97448951486164],[6.418523873309573,52.974580470808554],[6.41815904965878,52.97470314403265],[6.417931823300753,52.9747895806418],[6.41771471773348,52.97486334792432],[6.417520363908389,52.97495489238571],[6.417344743202928,52.9750202131325],[6.417020974099794,52.97511646701458],[6.416390739484205,52.97534836529668],[6.414806682204417,52.975917384821265],[6.414448045294632,52.97605077757204],[6.413798496019909,52.97628552403536],[6.413531337553539,52.976383978070125],[6.412226427121108,52.97686069661143],[6.412080329237253,52.976915870731254],[6.411940121774579,52.97696829810532],[6.411695071903829,52.97705757153779],[6.411442599343955,52.97714780676043],[6.411142914188115,52.9772564196672],[6.410843312027906,52.97736862583993],[6.41044473392082,52.977514031385574],[6.410319366113237,52.97756453239763],[6.410187938143768,52.977610591724776],[6.410091898122383,52.97764196906375],[6.409612054605209,52.9778141291769],[6.409869042796755,52.977725656613764],[6.409355149739233,52.97790619520563],[6.409150175847911,52.97799062713905],[6.408866621803928,52.978089210770506],[6.408736805788577,52.97814064680425],[6.408497697132948,52.9782298627881],[6.408234875168835,52.97832377430296],[6.408101722343977,52.97835996050459],[6.407985133566664,52.97840409323983],[6.407948339656947,52.97842238119257],[6.407505673337678,52.97859331648829],[6.406782185510242,52.97885291987537],[6.406389513682438,52.97899736259996],[6.406114962705903,52.97909945755697],[6.405834245683151,52.979192617586385],[6.405490335535656,52.97932136406362],[6.405066540669151,52.97947235833105],[6.404673857540759,52.97961679542177],[6.404289998787155,52.97975666268524],[6.403888378544952,52.979901173208546],[6.403536929801808,52.98002638336537],[6.403195962621083,52.98015419941954],[6.403029755504498,52.980241885838936],[6.402942678462678,52.98027497852858],[6.402811548868997,52.98033450732745],[6.402595564275195,52.9803947569306],[6.402207435384096,52.98054364050447],[6.401725914272682,52.980710390581585],[6.401592790575194,52.980748366549896],[6.400816182243656,52.981031749838685],[6.400513466332404,52.981140361355315],[6.400396841479306,52.98118358818522],[6.400147591574168,52.9812863533965],[6.39993348437703,52.98136365718361],[6.399533302617413,52.98150724195917],[6.399198475786774,52.98164398123174],[6.398830915740044,52.98178189529671],[6.398498686358931,52.98190243430282],[6.398092790311352,52.982056846714464],[6.397446019544472,52.982290580650776],[6.397054524263396,52.98242419806232],[6.396534838176217,52.98261641245026],[6.395547267788435,52.98298781576955],[6.394993576045824,52.98319109441138],[6.394464585553934,52.9833681005138],[6.393930030382913,52.983562226059455],[6.393559044384683,52.98368217886974],[6.393033476386032,52.983878920714425],[6.392755968595988,52.983984604078515],[6.392460490017629,52.984085944528005],[6.392213891919721,52.98417608906007],[6.392023307775692,52.98424149779506],[6.391993780373038,52.98425253019856],[6.391760579713917,52.98434256115118],[6.39154499517409,52.98442165944447],[6.391548894490032,52.98426795223536]]]]}},{"type":"Feature","properties":{"gezicht_uri":"https://linkeddata.cultureelerfgoed.nl/cho-kennis/id/gezicht/10134572","gezichtsnummer":"290","naam":"Veenhuizen"},"geometry":{"type":"MultiPolygon","coordinates":[[[[6.363262468885265,53.039603357160054],[6.364204720710584,53.03953455670435],[6.364333605030408,53.03949755755684],[6.368588964209503,53.03804822839859],[6.36861038130603,53.03807231662384],[6.372285661773935,53.03676151228641],[6.372554011783635,53.036432188267945],[6.372541374009069,53.03640083909728],[6.372539255641666,53.03630739540979],[6.37256572348682,53.03622539889957],[6.374324533363909,53.03325249199113],[6.374410207705961,53.03315203305329],[6.374509683815988,53.03306853478546],[6.374621103862936,53.03298583650382],[6.378433687469402,53.03164314957037],[6.378395525009316,53.03160392446908],[6.379397983472543,53.03124243737628],[6.379633197303265,53.03116320071892],[6.380511902282101,53.03073622945162],[6.380595931673923,53.03069509159589],[6.380653441586991,53.03066765394744],[6.385347473215627,53.029037933420604],[6.390105048155939,53.02739940502644],[6.39030617298905,53.02733031824619],[6.390318053839338,53.027328421267185],[6.390466398509428,53.027297520965995],[6.390574712587044,53.02727594299018],[6.39063273009381,53.0272709629298],[6.39096146113762,53.02724124456428],[6.391263179852305,53.027203664027596],[6.391396641339063,53.02717378617222],[6.39167914726043,53.02707885103065],[6.399141143291285,53.024461929048655],[6.405114185686882,53.02239012899329],[6.409596673584234,53.020840325694046],[6.40993800331627,53.020715187651454],[6.412184799417634,53.019928485168904],[6.414437452821701,53.019140790819385],[6.41450248215926,53.01911776536832],[6.414570576329736,53.01909830825089],[6.414887333754184,53.01900661790122],[6.417947298534091,53.01782818202601],[6.41990999230863,53.01707613267732],[6.420772913108347,53.01676582397258],[6.423264403630547,53.01588333251833],[6.423733056573726,53.015726496272286],[6.423852873755394,53.015501687177036],[6.423993226509926,53.0152632197465],[6.424072596228785,53.01527960644741],[6.42428031360929,53.01492911860197],[6.424224974876329,53.01492061173994],[6.42424277900522,53.01485485392658],[6.4243222039945,53.01468611252554],[6.424367950611404,53.0146048348353],[6.424459807610236,53.01445755374828],[6.424509197693466,53.01440410338193],[6.42457061345757,53.01435504205797],[6.424650249949822,53.014320201460876],[6.424789800996811,53.014298321117884],[6.42494768004291,53.01429515378132],[6.425317522261816,53.01430722120288],[6.425590375575139,53.01431383897865],[6.425725799898309,53.01430637221097],[6.425841598918698,53.0142882916203],[6.42596716141093,53.0142422671091],[6.42605835034591,53.014192047698124],[6.426233673614654,53.01404583741089],[6.426344281029635,53.013935237659844],[6.426293176493791,53.01391680951117],[6.42630783852887,53.01390679665432],[6.426325244060212,53.0138868745035],[6.426361416087648,53.013841626302174],[6.426429612509888,53.0137646460713],[6.426538449793968,53.01364237869921],[6.426579026398589,53.01359439611109],[6.426741460771122,53.01340785656196],[6.426850382197466,53.01328918286149],[6.426939541366019,53.01321651345015],[6.42696152310037,53.01320104479819],[6.427277021904679,53.01330883845919],[6.427162120917869,53.01342666587941],[6.426962958651945,53.01363509362775],[6.426695212002093,53.01390432861983],[6.426592204957134,53.01402115338344],[6.426521093191242,53.014100855070794],[6.426660849138456,53.01414996627],[6.42673743144044,53.01417446352787],[6.426810840890702,53.01419090022388],[6.42688865543905,53.01420460254352],[6.42696789542323,53.01421559638628],[6.427041004293475,53.01421945407092],[6.427099171951267,53.014221644286884],[6.427205078501119,53.014226115333145],[6.427358680998175,53.014231070101566],[6.42730788298813,53.01472398717329],[6.427301923615663,53.01472403900629],[6.427161148511076,53.0161280983787],[6.427032664580635,53.01742331020407],[6.427047435037542,53.01741778971348],[6.427687797335243,53.018084430024736],[6.42684336757512,53.01835688348534],[6.426559462609734,53.01845011753635],[6.42716615044999,53.01907930873904],[6.427685775312026,53.019619386742384],[6.428561497587514,53.020528414179736],[6.43144153209176,53.02353543448122],[6.431505758138029,53.02360317304322],[6.431551843645564,53.02366028586821],[6.432367926909536,53.02449970940419],[6.433044090123812,53.025221725790736],[6.433522479837687,53.0257145091235],[6.433661895642509,53.02587145625033],[6.434080773978884,53.026306344122254],[6.434906482149945,53.02716993026597],[6.435302554754934,53.027585242759784],[6.435764516238151,53.02807456635191],[6.436197348363071,53.028529993981365],[6.436424977763159,53.028758956856336],[6.436980153052374,53.02934181888264],[6.437601078648327,53.02999240021558],[6.438113577418886,53.0305351913673],[6.438222587660208,53.03066633872437],[6.439118824923938,53.03160386592993],[6.440122631518839,53.03267254469382],[6.440731858797746,53.033328604730386],[6.440871150942609,53.03347835510722],[6.440702075687889,53.033576002397226],[6.440229311252405,53.033814718996716],[6.43942606242249,53.034196534263295],[6.43857553750999,53.03459673299763],[6.438395154500887,53.03484365610263],[6.436975837478892,53.034965758115035],[6.436509179188982,53.03527360393077],[6.436484230361128,53.03528999888627],[6.435442034053822,53.03584283301401],[6.43346338412293,53.03657549818662],[6.431998823940536,53.03686508934439],[6.431077551585769,53.03668351221093],[6.427435689944796,53.03800932268411],[6.427348903269393,53.0380586055427],[6.427435984175487,53.03808390982741],[6.427365357915973,53.03812316679087],[6.427184438010618,53.03822628955534],[6.427175601615617,53.0382308597279],[6.427044675098006,53.03830479018546],[6.426935033225023,53.03833360195957],[6.42682094073813,53.0383633509802],[6.426715749041331,53.0383912252068],[6.426647587219827,53.03840889221966],[6.426496442788674,53.0384479495684],[6.426364569222783,53.03848234597607],[6.426354199066684,53.03848513206795],[6.426168983730984,53.038533471654134],[6.426152779781601,53.03854170041845],[6.42524379376272,53.03899982519163],[6.42385718847633,53.03943781847092],[6.423828565308999,53.039425485113455],[6.42377490043472,53.039425950113554],[6.423745536626323,53.03944507661293],[6.423668684913232,53.03947360124105],[6.423371326340335,53.039571436157594],[6.422060346427202,53.03999347589182],[6.421994926284538,53.04000123113365],[6.421863914803744,53.04000955363116],[6.421785826807264,53.040048871761684],[6.420250191227485,53.04055551160177],[6.42023219566869,53.04055117364521],[6.420138360902755,53.040492671673476],[6.420148603806394,53.04048449520893],[6.419871214010184,53.04035658284806],[6.419746331143188,53.040309132605536],[6.419572276090811,53.04026300524044],[6.419500657442224,53.04026092723749],[6.419432340349897,53.040272300747496],[6.419325733889915,53.0403037752885],[6.419220404637403,53.04032625202102],[6.41916088236762,53.04033125882014],[6.419113008534564,53.04032448241315],[6.419072311003007,53.04030596138738],[6.418836902482137,53.040250476765706],[6.418825126008524,53.04025686900277],[6.418592871987812,53.04027145291454],[6.418354443289204,53.04034000975623],[6.418123403529532,53.0404058064366],[6.418027976787052,53.04046863689726],[6.417959896345382,53.04067861342032],[6.417814998963119,53.040856000904434],[6.417696400638332,53.04094778810677],[6.417656108450983,53.04100924465932],[6.417623866400337,53.041095794594035],[6.41760216554033,53.04112384024176],[6.417563810745346,53.04114124529011],[6.417400488271044,53.041170510532346],[6.417295709633996,53.041216346197594],[6.417225686675332,53.04128165325642],[6.417207712313234,53.04134112015738],[6.417214058579664,53.04142014838318],[6.417197021238116,53.0414562418213],[6.417160582637407,53.04149160361612],[6.417075992050213,53.04157141469233],[6.417031737453914,53.04159156635804],[6.416981179091537,53.04159739356612],[6.416876953057583,53.041603682665965],[6.416674442688188,53.04161531079575],[6.416552157082141,53.04161456566323],[6.416361019500831,53.04160273002274],[6.41629725688091,53.04161765721584],[6.416191176698069,53.04167159110806],[6.416123537248173,53.04171171427485],[6.416014326176063,53.041759384252266],[6.415904113264945,53.04182773212065],[6.415820819091814,53.04189944311879],[6.415783185945233,53.04194739611091],[6.415703787285196,53.04205771627802],[6.415688621984248,53.0421099694251],[6.415702504613772,53.04219252758272],[6.415670531929638,53.04235366409788],[6.415591805382694,53.042681456141885],[6.415555848533019,53.04286329621587],[6.415527217909695,53.043039681287595],[6.415521547260686,53.04317812493513],[6.415503697366021,53.0432429824665],[6.415476285896354,53.043281860796235],[6.415062819078771,53.04364218495012],[6.414139145348498,53.04443465387768],[6.413742825384658,53.044764271335644],[6.413645509852002,53.04481093831234],[6.41357298731045,53.044834027165706],[6.413381194195212,53.044858139018956],[6.413171425423322,53.044878810040665],[6.412797271176425,53.04494762064353],[6.412645349370611,53.044955213510214],[6.412302170278387,53.044946471678166],[6.412178405652514,53.04494663335968],[6.412071379818288,53.04496103020571],[6.411927505533949,53.044993715907786],[6.411766291191797,53.045049915276024],[6.411646821363269,53.04510575699435],[6.411409553829996,53.04528842045393],[6.410946537860703,53.04563657265978],[6.410655401080086,53.04581160747888],[6.410582124993307,53.04586615427906],[6.410519687191145,53.045937683003494],[6.410489985986451,53.0460062357109],[6.410484710772782,53.04609884350831],[6.410466598280279,53.04615291842295],[6.410425202152753,53.04623145646234],[6.41033692114199,53.04634544342492],[6.409459766211216,53.047283060862064],[6.409391381801996,53.04735553841698],[6.408969821610169,53.04769254435724],[6.408937632765825,53.0477188805558],[6.408933244335312,53.047722512695174],[6.408865090754388,53.04780487328638],[6.408859401465312,53.047816604525785],[6.408853691046585,53.04782743727912],[6.408848001751516,53.04783916851789],[6.408842312453395,53.04785089975634],[6.408835132166184,53.04786264372543],[6.408827951875113,53.047874387694065],[6.40882079270613,53.047887030147926],[6.408813612407194,53.04789877411558],[6.408804941116705,53.047910530813404],[6.408797781935139,53.04792317326578],[6.408789110635538,53.04793492996235],[6.408780439331261,53.047946686658264],[6.408771768022311,53.04795844335353],[6.408763096708688,53.04797020004811],[6.40875442539039,53.047981956742056],[6.408745754067416,53.04799371343532],[6.408735591748797,53.048005482857675],[6.408725429424689,53.0480172522791],[6.408716736962991,53.048028110484495],[6.408706574628515,53.04803987990425],[6.408696412288551,53.04805164932314],[6.408686228819817,53.048062520255435],[6.408674554352674,53.04807340391578],[6.408664391996244,53.048085173331884],[6.408652717517571,53.04809605699005],[6.408642534027553,53.04810692791851],[6.408630859537584,53.048117811574556],[6.408619185041781,53.048128695229394],[6.408607510540141,53.048139578883045],[6.40859434503666,53.04815047526351],[6.408582670522969,53.04816135891472],[6.408570974882472,53.048171344079094],[6.408557809360238,53.048182240455496],[6.408544622710972,53.04819223834472],[6.408532948173647,53.04820312199101],[6.408519761512339,53.04821311987746],[6.408506574844972,53.04822311776244],[6.408491897172666,53.048233128372665],[6.408493992320024,53.04851259559023],[6.40838056496241,53.04895301129222],[6.408383077954546,53.04905993106704],[6.408495999101032,53.04923240975426],[6.408595788867243,53.04935377648386],[6.408714054366986,53.04943634277368],[6.409043719587196,53.049566530371614],[6.409777036858372,53.05005543032299],[6.409542378415647,53.0502236886497],[6.409378444080194,53.05035539571824],[6.409355686143871,53.050402320737106],[6.409400724119604,53.05047832255315],[6.409636386098669,53.05079623397266],[6.408504596781234,53.051184237664444],[6.40755614485952,53.05150506469787],[6.407050086622856,53.05167563198059],[6.409252442349302,53.05400145721064],[6.409302899080012,53.054054047442996],[6.409417635428039,53.05417618438618],[6.412527076742236,53.05744767973624],[6.412425024365072,53.057484500643376],[6.412480153820099,53.05754513747128],[6.412826080449088,53.05791871336247],[6.412844952316302,53.05795989015683],[6.412833815326772,53.05811994776921],[6.412888599707709,53.058671257759606],[6.412885950286751,53.05874856554164],[6.412836044062901,53.05884604894351],[6.41265916768572,53.05906234531594],[6.412574662084529,53.05914754378049],[6.412358929432937,53.059297671503614],[6.412251175625258,53.059409130116784],[6.412210986002532,53.05947597544337],[6.412228366589392,53.059517165089005],[6.412154059010744,53.05946567905807],[6.412006511780662,53.05934472444608],[6.41186778644527,53.05921830213685],[6.411777103679418,53.059104948307166],[6.411652517322648,53.05888224770697],[6.411590031375584,53.05869945525878],[6.411517807299004,53.05886273156697],[6.411326892126104,53.05949612586299],[6.411235163210022,53.05971798196936],[6.411126985606062,53.0599381813952],[6.410960052322348,53.06026043226701],[6.410835593442306,53.06048616263202],[6.410725814631313,53.06070188200171],[6.41019290513379,53.06138313155604],[6.410053217364268,53.061532604848466],[6.409971325090407,53.06160250175289],[6.409777710512973,53.06174255027078],[6.409542354764014,53.06188385370609],[6.409226298551251,53.06208246158421],[6.409031833861904,53.06218656961897],[6.408798505190288,53.062287414438764],[6.408603277856225,53.062359176433034],[6.408404982397415,53.06242736963524],[6.407448173030145,53.062720406026735],[6.407699385249232,53.0628090290562],[6.40793286939862,53.06290499205991],[6.408113019420983,53.06301668683749],[6.408424947381916,53.063276434826676],[6.40836016575633,53.06331293406269],[6.408342499941887,53.06332297007377],[6.408835642986063,53.06373933515601],[6.409289803867329,53.06414704451078],[6.409175927519636,53.064189355407954],[6.408921516515672,53.06428229241091],[6.407756809197811,53.06468135023212],[6.407607259053488,53.064729355772656],[6.407246292729071,53.064859144046736],[6.405384579616812,53.065501363449606],[6.405067758459439,53.06560560698119],[6.402266342291906,53.066578384393246],[6.401786329794824,53.06665884055208],[6.401730908439598,53.066649425087014],[6.401782757556872,53.066697513217676],[6.401670190895564,53.06673261647451],[6.401716094484362,53.06678165368749],[6.40174538022457,53.0668218451475],[6.401962945927534,53.06706623356684],[6.402150365960937,53.067297397326406],[6.402463927819993,53.0676272420988],[6.403071463701699,53.068278108821815],[6.403281312398184,53.068510877745844],[6.403685363275868,53.068945094271996],[6.403517747563401,53.06905076216522],[6.403503061731743,53.069060772120224],[6.402329875074908,53.06987053479786],[6.402177001952284,53.06996888643442],[6.400909520746834,53.06942605371663],[6.40045276738147,53.069225925598396],[6.400220505766845,53.069119153827],[6.400045643037825,53.06904245031722],[6.399949209224859,53.06900192799244],[6.398184440713694,53.06824489914485],[6.398167864780157,53.06823784988226],[6.398078872024393,53.06819636455101],[6.397967085855025,53.068137098460504],[6.39768214638363,53.06801009748747],[6.397175967589277,53.067800488974484],[6.397196391279904,53.06778054612774],[6.397053177793882,53.06771705109016],[6.397015250985363,53.06775421611297],[6.396880925202269,53.0676879499072],[6.396706178556241,53.067615733872145],[6.396572313140989,53.06756923394209],[6.396207509115594,53.06740785527496],[6.395525089198174,53.06712513675913],[6.395225163580393,53.06699466159628],[6.395095797451136,53.06694902079243],[6.394973743856785,53.06689702766347],[6.39478099961068,53.06682046708267],[6.394762933129737,53.06681342990022],[6.394669825982616,53.06678725389566],[6.394462791597428,53.06673777286837],[6.394345568516494,53.06670101565647],[6.394061273998134,53.066600960475625],[6.393346169011822,53.06632299788266],[6.391854144616115,53.06573792311941],[6.391104387318173,53.065444062239266],[6.390995995515854,53.065401835739],[6.390998937168634,53.06540001374896],[6.389051442785534,53.06466325547982],[6.388701068242304,53.06454307163205],[6.388005213747439,53.06432063313208],[6.385183855972007,53.063399702264384],[6.384636503036029,53.06321105359923],[6.384577859096844,53.06319087318128],[6.384543327141366,53.06318127570834],[6.3845043000068,53.06317081702551],[6.384223096075944,53.0630734088643],[6.382789045128916,53.06259917263287],[6.382378818104379,53.06246958304742],[6.382111190980703,53.062378347672215],[6.382042170622061,53.0623609482581],[6.38198350844995,53.06233986807045],[6.381834081033239,53.06226382538429],[6.380780285429486,53.06178101242013],[6.380142325472614,53.06147716855852],[6.379837394487206,53.06131973688163],[6.379681741593688,53.0612320605987],[6.379230576931535,53.06094193985564],[6.378522244335451,53.06049488531889],[6.377970022105468,53.06015527202098],[6.377894098525722,53.060096589072856],[6.377659814458897,53.059961932160206],[6.376925812196608,53.0594998034782],[6.376745572474824,53.05937997501486],[6.376485287364276,53.05921677372394],[6.375735823908926,53.05872960314466],[6.375260563674746,53.05842708533419],[6.374273658357645,53.05779538443106],[6.37380154404288,53.05749912552554],[6.372271476942063,53.056526799940585],[6.370750771764516,53.055569655167524],[6.370225739116044,53.05523966812039],[6.369691807632202,53.05491154916602],[6.369404185020594,53.05472429321195],[6.369222677436807,53.05461255182342],[6.368970067737561,53.054456460569234],[6.367789812913133,53.053708568303385],[6.367623469038366,53.05360748415367],[6.367702401158002,53.05360234410963],[6.367407157374337,53.05340705789416],[6.366097057521332,53.05258652251225],[6.36489860489276,53.05182077756877],[6.364883000893868,53.05172384982163],[6.364818442465101,53.05124089835456],[6.364738706769558,53.05067988736969],[6.364414211963961,53.0482543579795],[6.364412579491356,53.04824808068835],[6.364403487572876,53.048175363437224],[6.364401875312685,53.04816998464138],[6.364360873302881,53.04787196417777],[6.364282257071525,53.04729386868825],[6.364233999823349,53.04693839306286],[6.364214285819777,53.04679117365356],[6.364178971458519,53.04654702623439],[6.364167924705201,53.046453655690996],[6.36413450192258,53.04616096509187],[6.364100033073309,53.04588805354718],[6.364065706063522,53.0456214314431],[6.364040086385338,53.04541045521992],[6.364007917578558,53.04517347126923],[6.363965652496382,53.044885346019974],[6.363931185771428,53.04461243431603],[6.363913308109748,53.04448047702031],[6.363872999709005,53.04421300492877],[6.363831399431843,53.04388802900313],[6.363788652207897,53.04357833964694],[6.36374981610234,53.04330995677051],[6.363729681455616,53.043143868673056],[6.363681574884215,53.042794681835694],[6.363637416651872,53.04242209750857],[6.363588726225285,53.04204685412945],[6.363563312949602,53.04184486253958],[6.363538989963969,53.0416913897973],[6.363533750523184,53.041657283390016],[6.363506100104514,53.041422059518446],[6.363477100511184,53.04119313727201],[6.363456947755984,53.041026150519585],[6.363416161113736,53.0407371140329],[6.363394780434535,53.040581819882355],[6.363378639072035,53.040460632148026],[6.363366226014836,53.040372664502],[6.363343132968381,53.04020749901063],[6.363326487377262,53.040063848804934],[6.363324673750882,53.04004948500022],[6.363306920979029,53.03992291841082],[6.363296463094457,53.039855604034926],[6.363273168806616,53.03968145352177],[6.363262468885265,53.039603357160054]]]]}},{"type":"Feature","properties":{"gezicht_uri":"https://linkeddata.cultureelerfgoed.nl/cho-kennis/id/gezicht/10134593","gezichtsnummer":"248","naam":"Leeuwarden - Nieuwe Kanaalgebied"},"geometry":{"type":"MultiPolygon","coordinates":[[[[5.803716489062953,53.200583676026476],[5.803708600256445,53.200541470651196],[5.803597961295902,53.200551739093875],[5.803576198322761,53.200467349105985],[5.803540310563553,53.200470169401335],[5.803515451134935,53.20037500731372],[5.803510737020809,53.20035166086614],[5.803509214669123,53.20034897044146],[5.80349058316633,53.20027894667822],[5.803459591341187,53.200168530173926],[5.803445691343646,53.20012364993049],[5.803434836049899,53.20008415053654],[5.803467730713238,53.20008134066013],[5.803440614186455,53.19990711223911],[5.803424569275961,53.1997948466977],[5.80343055480169,53.19979482592491],[5.80342668854292,53.19970408378919],[5.803425252905307,53.19955492617266],[5.803209818389197,53.19956016649506],[5.803127552423176,53.19956404610299],[5.802988432882819,53.19956902134134],[5.802859745057508,53.19894675843773],[5.802844064734745,53.19887223146742],[5.802381985987604,53.19890438338491],[5.802372567938859,53.19885858891638],[5.802369419967466,53.198842425553025],[5.802356897113548,53.1987849604196],[5.802344365667384,53.19872659674348],[5.80233963511598,53.198701453155984],[5.80233177387713,53.19866194328326],[5.80231925112612,53.19860447814236],[5.802306728408584,53.198547012999065],[5.802295736559592,53.19849313683553],[5.802284736113752,53.19843836212967],[5.80227375294429,53.19838538450246],[5.802264360996492,53.198342285638496],[5.802258125579892,53.1983162486828],[5.802246163559677,53.198317188651124],[5.80221928589757,53.198167220438386],[5.802476420882591,53.19814206894185],[5.80287837075227,53.19808226937685],[5.803580595381756,53.19797110637658],[5.803982542127088,53.19791130311212],[5.804666840075335,53.197803790314154],[5.804741742446326,53.197812515263784],[5.804972434993943,53.197838668982186],[5.805585122618857,53.197908418760264],[5.80618732927827,53.1979773034592],[5.807943024469369,53.19817782811232],[5.808862836656024,53.19828422327217],[5.808892719414602,53.198279625350835],[5.810366838203198,53.19845145147876],[5.81176008692115,53.19861545868848],[5.811775103243867,53.198620796952895],[5.81225898610966,53.19867659147563],[5.812864224369592,53.19874722909293],[5.81329418848212,53.19879781937917],[5.814001350249091,53.19888516195049],[5.814599076972845,53.19895222327417],[5.814876230598518,53.19898448238309],[5.815127928857569,53.19901503454054],[5.815372127909698,53.19904381580249],[5.815631317536019,53.19907523873051],[5.815939913998734,53.19910918019979],[5.816254532029895,53.19914669361709],[5.816491224019552,53.19917280374774],[5.81669348219506,53.19919723958703],[5.816933176371694,53.199224236666176],[5.817075446642368,53.19923540823035],[5.816950861961211,53.19979925848578],[5.816925471822398,53.199954802158466],[5.816936651917016,53.20002574916661],[5.816956578218218,53.2000733020011],[5.816919609656444,53.20026842424332],[5.816892544167096,53.20040600247998],[5.816878597958982,53.20050848946176],[5.81684796801611,53.200588571948806],[5.816811343395331,53.20066777732857],[5.816796897031898,53.20071994614948],[5.816797271942013,53.20075768475673],[5.816652012833616,53.20074742212808],[5.816650516421316,53.200747427486256],[5.816641529024301,53.20074656109655],[5.8165831332574,53.20074317589281],[5.816563662056056,53.200741448459745],[5.816491780753843,53.20073631434782],[5.816431879681605,53.2007320358883],[5.816416906645017,53.20073119090334],[5.816422589058022,53.20070061917969],[5.816331361503914,53.20070633704874],[5.816250608803481,53.200712017376794],[5.816177302484218,53.20071407673611],[5.816115905062344,53.20070980347102],[5.816039534632332,53.20070468514234],[5.816038038221412,53.20070469049287],[5.815963164220255,53.20069956676506],[5.815892779468466,53.2006944269445],[5.815891283057877,53.20069443229316],[5.815817905502019,53.200689303125976],[5.815743031553175,53.20068417926072],[5.815669654032026,53.20067905000278],[5.815669645129029,53.20067815146435],[5.815683896966298,53.200606214932016],[5.815505699868372,53.200594271446924],[5.815417349559522,53.20058829693366],[5.815285567897512,53.20057888310193],[5.815272829605281,53.200652611324216],[5.814423779608176,53.20059633311022],[5.814416722386723,53.20094230773992],[5.814402190413604,53.201592025583594],[5.81439559961736,53.201833764342915],[5.813693915067351,53.20185153724202],[5.813264469036318,53.20185665784437],[5.8130296500697,53.201870071756346],[5.813034348671092,53.20234719555363],[5.81271745108454,53.20238426304016],[5.812300059732387,53.2023983231033],[5.812232674417068,53.20239406907111],[5.812205109991244,53.20202575322643],[5.812177086846729,53.20161071333134],[5.812122432990208,53.20107446079383],[5.811924984402419,53.20108324730211],[5.811916963944455,53.201028462940926],[5.811913662221269,53.20099702468628],[5.81188374261187,53.200998029202886],[5.811882157946005,53.20098904911497],[5.811825311578312,53.200991047529094],[5.811823726924836,53.200982067440364],[5.811766889385555,53.20098496436548],[5.811766836453463,53.20097957313343],[5.811732427589177,53.20098059350398],[5.810985986363619,53.201011088996424],[5.811024797876532,53.2013065813214],[5.810816987402066,53.20132708402503],[5.810719789640929,53.20133461584715],[5.810622600644069,53.20134304612925],[5.810499928249199,53.201347073426774],[5.810496777058027,53.20133091029321],[5.810450431594337,53.20133556670187],[5.810425009811042,53.20133745355097],[5.81040258089305,53.2013393298342],[5.810357731844037,53.20134398092683],[5.810345496594949,53.2013170670025],[5.810311898093937,53.20124799566586],[5.81029051728567,53.20120404117316],[5.810288774698165,53.201178887366865],[5.809941260754553,53.20114506853895],[5.809791459981949,53.20112942219586],[5.80979378547389,53.20106112269949],[5.809780054232694,53.20103421398721],[5.80973635066166,53.201002918021125],[5.809686845824233,53.20099051244046],[5.8095893765393,53.20097018864193],[5.80927768242055,53.20092635747187],[5.808934353833415,53.200861071059926],[5.808671797672256,53.20079190556732],[5.808433149942522,53.20071906125317],[5.8082425806117,53.20066581622661],[5.807587650539695,53.20071933210831],[5.807438131509818,53.20073243607535],[5.807314016504103,53.2007418565931],[5.807310945112338,53.20073378022394],[5.807218228578865,53.20074039494589],[5.807124024328564,53.20074791337475],[5.807032812873509,53.20075542125329],[5.806940104972232,53.20076293429954],[5.806824968257429,53.200772322888874],[5.806769635785336,53.200776110750525],[5.806681417038834,53.20078360789209],[5.806644032807176,53.20078643434945],[5.806599175208548,53.20079018549856],[5.806545347822567,53.20079486656323],[5.806537865744866,53.20079489272362],[5.806476564979842,53.20080049845659],[5.806333022284814,53.20081268158231],[5.806250780345623,53.20081925895003],[5.806228351513015,53.2008211344532],[5.806167041964596,53.200825841488786],[5.806041438696501,53.200836164456994],[5.805896390641612,53.20084745374702],[5.805902672117476,53.200877983185734],[5.805759129001847,53.20089016562498],[5.805542330795369,53.20090979199044],[5.805527375291038,53.200910742724986],[5.805455607981029,53.200917283011265],[5.805383840649204,53.20092382325461],[5.805312064607628,53.20092946491574],[5.805271696005396,53.20093319991834],[5.805271669944119,53.20093050430045],[5.805267041690906,53.20091614332017],[5.805267006942944,53.200912549162936],[5.805252060118193,53.20091439840245],[5.80523710460579,53.20091534910082],[5.805222157778784,53.20091719833662],[5.805207202264746,53.20091814903128],[5.805192255435483,53.20091999826338],[5.80517729991981,53.200920948954284],[5.80516085666811,53.20092280339752],[5.805145901150766,53.20092375408451],[5.805130954316925,53.200925603308974],[5.805115998797946,53.20092655399223],[5.805095066280313,53.20092842406926],[5.805023298874893,53.200934964097],[5.804953027868518,53.20094149886957],[5.804881260419699,53.20094803881236],[5.804808005205198,53.20095548246208],[5.804544860510552,53.20097976123763],[5.804547931403693,53.200987837677395],[5.804549479858856,53.20099322370632],[5.804402951798082,53.20100631347713],[5.804404508904968,53.20101259804725],[5.804418384176951,53.2010547825472],[5.804336167485904,53.20106405422082],[5.804031121933018,53.20108847759067],[5.804059027740682,53.201189020381506],[5.80405906238857,53.201192614538854],[5.804057565958886,53.201192619739956],[5.803843758317242,53.20121223263436],[5.803823343786304,53.201112562342416],[5.803773198905644,53.200878209885076],[5.80376380491616,53.20083511117567],[5.803769781929739,53.200834191846326],[5.803716489062953,53.200583676026476]]]]}},{"type":"Feature","properties":{"gezicht_uri":"https://linkeddata.cultureelerfgoed.nl/cho-kennis/id/gezicht/10134599","gezichtsnummer":"303","naam":"Frederiksoord-Wilhelminaoord"},"geometry":{"type":"MultiPolygon","coordinates":[[[[6.145044417007401,52.86443218409111],[6.145586169044956,52.863989283909596],[6.145906704466125,52.86372033602574],[6.146146822006504,52.86352379377165],[6.146291769869884,52.86340514364589],[6.146339846241153,52.86335181524302],[6.146374824996058,52.86331384783408],[6.146424354705403,52.86325871277407],[6.146462240385829,52.86321713209321],[6.146492639692038,52.86317200431167],[6.146515661959596,52.86312961953847],[6.146565973232164,52.86303403858657],[6.146588729841366,52.862976377832155],[6.146596826231174,52.86292959463354],[6.146623458173175,52.86292403296764],[6.146679722793826,52.862914687883375],[6.146706089160575,52.86289385023325],[6.147474797440096,52.86226885993991],[6.147523121320632,52.86222990842869],[6.147832301668895,52.861992481519515],[6.148180830474129,52.86171256450356],[6.148375479981265,52.86154955901656],[6.148897971203502,52.86111305684786],[6.148988581013497,52.86102979904862],[6.149053014435488,52.86097816239628],[6.149151172477729,52.860902045746904],[6.149251002932158,52.860836702566004],[6.149283211528552,52.86081043487941],[6.14935217670383,52.8607632625376],[6.149409248592724,52.86071526746903],[6.149441300243432,52.86068001387613],[6.150112821592992,52.86010595334337],[6.150528845570933,52.859781561805825],[6.150568585764242,52.859761536365376],[6.150610046066134,52.85975498020445],[6.150687122242954,52.859747297370504],[6.150746492519494,52.859746018639974],[6.150810363852016,52.8597474071246],[6.150893629865003,52.85975406351889],[6.150960768944626,52.859772506050746],[6.151020453410008,52.85978919890921],[6.15111611517682,52.85982543243447],[6.151223936816921,52.859707912539136],[6.151305945695806,52.85964268174588],[6.151332559317777,52.859636220442425],[6.151378504751732,52.85963143265332],[6.151445470960598,52.859639990464444],[6.151487072473416,52.85964152127499],[6.151539270853086,52.85965466709531],[6.151691600900849,52.85970491599998],[6.152098550211993,52.85928711359133],[6.151947092437871,52.85920181081626],[6.151900361219238,52.85916166951101],[6.15185519333957,52.85912601160051],[6.151807103452005,52.859093068465604],[6.151759013636967,52.85906012531092],[6.151687012683268,52.859018348525545],[6.151628562118187,52.85898726909889],[6.151526758941474,52.85893939240525],[6.152235042348406,52.85834800876502],[6.152308123843772,52.85828193581375],[6.15246186651656,52.85815872801286],[6.152678721620648,52.85799377535255],[6.152759503425979,52.85802830568821],[6.152797520255407,52.85799481023344],[6.153653443051002,52.857273059063395],[6.154532679996058,52.85652778560268],[6.154534069861787,52.85652238453296],[6.154536928486919,52.856516075325814],[6.15453670758182,52.856503495115206],[6.154536565571479,52.85649540783694],[6.15453501791796,52.856491823041964],[6.154533438706987,52.85648644107399],[6.154531891054044,52.85648285627894],[6.15453039073773,52.85648196724335],[6.155624960130971,52.85557263728246],[6.156062471926772,52.855208544926],[6.156170806523451,52.85512157240044],[6.156426922833319,52.85491142508755],[6.156710798696842,52.85467593481741],[6.156968220165403,52.854455892296066],[6.157231545220408,52.85423401370054],[6.157443972871923,52.85407267537102],[6.157586396781323,52.85398278527869],[6.157865384291245,52.85380753588233],[6.15809023782706,52.85367757018434],[6.158451271396886,52.85344067817517],[6.158747747825601,52.85324733977576],[6.159056335044102,52.85306740257742],[6.159386963655444,52.85287474020127],[6.159511979606746,52.85280832637737],[6.159838468757548,52.85263366331277],[6.160079829488858,52.852514371099566],[6.160661211609774,52.85214663274917],[6.161104977935059,52.851888526036355],[6.161124640850662,52.851909068302916],[6.16125099254365,52.85183455573822],[6.162214801045288,52.85126751383007],[6.162235343039675,52.851253899985366],[6.1622469629425,52.8512394454303],[6.162255566318734,52.85122231440809],[6.16225685945368,52.85121152172394],[6.162247714291442,52.85119810080679],[6.16223544107712,52.85117571331702],[6.162226279994505,52.85116139381155],[6.162212649921267,52.85114620465729],[6.161951237291105,52.85088728305815],[6.162661017504178,52.85047915806059],[6.163235485063179,52.85056079685854],[6.163256074273957,52.850549878596006],[6.163323667477157,52.85051079504255],[6.163501484107918,52.85040898437905],[6.163662716915185,52.850292902372615],[6.164315158524778,52.84991749351512],[6.164948388980071,52.84954759843272],[6.167084288481918,52.84828536788976],[6.169460741618363,52.846868742770944],[6.171344021439704,52.84577075400445],[6.17186583635219,52.845567811892835],[6.174311297371666,52.84462064992385],[6.17460615218948,52.84483888305065],[6.174737943716858,52.84473915653663],[6.175614897776244,52.84406563283096],[6.176581883583487,52.84336544435973],[6.177019813161706,52.84304081229589],[6.177306907742045,52.84282951478261],[6.178050914178835,52.842277278255665],[6.178334087538603,52.842013879945576],[6.178365512556288,52.842028050547135],[6.178413786572976,52.84198908640775],[6.178978110851239,52.84159710480492],[6.179260617943268,52.84146132317777],[6.17936603223925,52.84146331899704],[6.179373191825571,52.84144889232819],[6.179403018770984,52.84145678241669],[6.179450588837785,52.84146095983562],[6.179544342692377,52.84147471599272],[6.17962496843844,52.84150114103756],[6.179708562326864,52.841527546301194],[6.179857942114182,52.841580475033645],[6.179901304682268,52.8415981606537],[6.180221853296784,52.841677810416996],[6.180640903548722,52.84178735952638],[6.18096748891463,52.84187235928997],[6.181137468390399,52.841915263663054],[6.181883046769221,52.842106212442175],[6.182217220548332,52.842200145167354],[6.182336565171384,52.84223349978712],[6.182378412650967,52.8422493972258],[6.182548754621948,52.84231206845024],[6.18280869611684,52.84240469724396],[6.18286427655137,52.842441172848915],[6.183114583634101,52.842575205195914],[6.183337917312634,52.842695038006916],[6.183413980844128,52.842715200103875],[6.183827617040558,52.84236374409994],[6.184187418996395,52.84247906877227],[6.184436112242687,52.84219881107998],[6.184616200006786,52.84198192025289],[6.184807682793695,52.841738890771595],[6.184783774406082,52.84173006374747],[6.185034837277311,52.84141743585607],[6.18505952440114,52.84138761375153],[6.185103110090584,52.84133609651195],[6.185143793255108,52.84128819345711],[6.185339738506578,52.8410460318798],[6.185549103195333,52.84080737488691],[6.185629016306896,52.84071337555545],[6.185804541625994,52.84049112117028],[6.18585256108505,52.84043867524565],[6.185874410458442,52.84041606152562],[6.185970334009041,52.84030487950393],[6.186010883924197,52.84024978746369],[6.186102322004348,52.840136837986734],[6.186208073805642,52.839995034277756],[6.186222552201849,52.83997516596672],[6.18623849812964,52.83995438912447],[6.186263200033808,52.83992546534716],[6.186487081799477,52.83966963409153],[6.186797927215714,52.83929998363937],[6.186884876593007,52.839185266224646],[6.187105635125844,52.838921366409195],[6.187191246993793,52.8388147459837],[6.187304428146218,52.838673790069095],[6.187472944855347,52.838474946140295],[6.187509351957252,52.838436956567286],[6.187574795755482,52.83836372294724],[6.187628581906357,52.83830225059051],[6.187659118895715,52.83826789515728],[6.187849364424874,52.83804014652308],[6.187957379348382,52.837941463329905],[6.18808127222633,52.83781840859895],[6.18819200693753,52.83770622647659],[6.18826343344452,52.83763564835003],[6.188330325742587,52.83756060716438],[6.1885756493485,52.83734237286828],[6.188878100061769,52.837083312633375],[6.189035820202425,52.83694385288105],[6.18915134793881,52.83685051020438],[6.189165955812428,52.83683783020582],[6.189414436379868,52.83695388783757],[6.18948178735431,52.83698488903455],[6.189544653846219,52.83701412297877],[6.189592665257023,52.8370425581642],[6.189640660239164,52.83707009474484],[6.189712760027529,52.83711724038211],[6.189777589059182,52.83717252318177],[6.189831025622755,52.8372539448229],[6.189863704599236,52.83733640487479],[6.189896202238128,52.837408980480724],[6.18993288767556,52.83746714874621],[6.189973859880571,52.83751630117788],[6.190034089685152,52.83756352653777],[6.190107674599307,52.83761066193606],[6.190205150409544,52.83766572465733],[6.190393919594092,52.83776241106851],[6.190509169806041,52.837815556415705],[6.190683002264571,52.83790695082691],[6.190946711856927,52.83804357266375],[6.191283580654694,52.83820396537088],[6.191717964383603,52.838421215749754],[6.192195766650441,52.83865884143798],[6.192418840276853,52.83876428001491],[6.192830777528264,52.83897089359116],[6.193341487038832,52.83922177280591],[6.19375186612247,52.839423900271036],[6.193865773470986,52.839484241041575],[6.194330027741135,52.839710266828256],[6.194891740496036,52.8399895524509],[6.194977023841683,52.840026719960214],[6.195445857813729,52.84025900127107],[6.195985158739596,52.840529446723885],[6.196397162710272,52.84073784498132],[6.196780558655105,52.84092396866314],[6.197291263652885,52.84117213499083],[6.198116484067395,52.84157273633935],[6.198159903980084,52.841593111053434],[6.199206309834034,52.84191491257468],[6.199461614907266,52.841995853765745],[6.199618356746236,52.84204421423364],[6.199755739660002,52.84208911163237],[6.199797626704111,52.84210680011124],[6.199812567282266,52.842112090470614],[6.199734383326555,52.84221777066635],[6.19959830669517,52.842402930470115],[6.198263694894622,52.84326757380508],[6.197980651285642,52.84345193380057],[6.197300096324347,52.843891527634064],[6.195542645420938,52.84509242726484],[6.195556135603428,52.84509952537669],[6.195515443726646,52.845146533335225],[6.195247467000128,52.845344264925686],[6.19493067679834,52.845551313483654],[6.194894691816264,52.84553178594112],[6.19388166095379,52.846217157309546],[6.193137208372625,52.84673804134515],[6.192980089028497,52.84683076989408],[6.192914061992764,52.84687255594381],[6.192812977071364,52.84694513439266],[6.192670234722923,52.84701260196504],[6.19239189387849,52.84721309300699],[6.1922805005552,52.84729023406103],[6.19219969619309,52.847335714240415],[6.192136487157359,52.847369392579715],[6.191839338422834,52.84751608761297],[6.191923480540595,52.847571238862535],[6.192006271003674,52.84763358872489],[6.192119044118453,52.84771191264861],[6.192213775171204,52.847777776546806],[6.192221328721185,52.847784915106665],[6.19238207812444,52.84788897702725],[6.192425700308344,52.84792013676992],[6.192660205046311,52.84807941929417],[6.193001451371939,52.848311673037344],[6.19306148400345,52.84834721513026],[6.193080994629707,52.848358766303825],[6.193180346986334,52.848433585143816],[6.193258638398441,52.84849326846413],[6.194025411155858,52.84901921125388],[6.194199826511694,52.84913935475895],[6.194170472780205,52.849157527262065],[6.194313287759437,52.84925451839354],[6.19412347448277,52.849345672230214],[6.194102860399137,52.849354798644335],[6.193380176083017,52.849690405388806],[6.193429887143762,52.84972961184028],[6.19293386997495,52.84996033349624],[6.188634922424641,52.8519915878112],[6.185167379035732,52.85363877527095],[6.183405492785012,52.85447285310143],[6.183435558560596,52.854493322281435],[6.183441561895787,52.85449687696739],[6.183356216152593,52.8545387865137],[6.183328256899736,52.854552453518544],[6.183343281608356,52.85456223882804],[6.182435199566447,52.854998770126485],[6.181295960544236,52.855542879167224],[6.180378930574095,52.85597945407843],[6.179317734157768,52.856490671960096],[6.178232922789033,52.85701102373651],[6.177355654619643,52.85743293219189],[6.17648135488742,52.85785571311439],[6.175810160534063,52.85818008631615],[6.174672855969911,52.85875826826332],[6.174602129088177,52.85878839194122],[6.174572080664468,52.85876881913933],[6.174239812115656,52.858951648633024],[6.173929518897066,52.85911815582894],[6.173544089480366,52.85931751037721],[6.172177525495583,52.860031083901255],[6.173093048107139,52.86032701467459],[6.17314977239701,52.86034371600557],[6.173196023261067,52.860355992882084],[6.173249842961053,52.86037630806105],[6.17328578206497,52.86039314630165],[6.173311393204858,52.86041364735445],[6.173328015535079,52.86042971420084],[6.173373848965873,52.86050130721998],[6.173821640586613,52.86129099839911],[6.174111505044897,52.861803136334714],[6.174119187552736,52.861817464668334],[6.174073501291043,52.86183663851997],[6.174104247510534,52.86189485044223],[6.174179280712671,52.86202107049775],[6.174505419442272,52.862568016932656],[6.174565121731051,52.862667377270505],[6.174614333907683,52.86276141469534],[6.174620515810001,52.862774854212],[6.17447150052921,52.86291064105935],[6.17330716790866,52.863975177155226],[6.173278021880129,52.86400592461757],[6.172354622038042,52.864845988364124],[6.172334173731378,52.86486499539449],[6.171713292087783,52.8654352534714],[6.171010499834286,52.86607614399013],[6.170299003218406,52.86672966891894],[6.169939583011355,52.86705914986516],[6.16775492652659,52.86904697997788],[6.16765700751729,52.86913569186763],[6.166343694369103,52.8703592998817],[6.165186278933615,52.87141741673258],[6.164542855251045,52.871983289178075],[6.164402559810401,52.8721118165171],[6.164089966094737,52.87240682384995],[6.16402424040422,52.872469261097606],[6.16360939454019,52.87286109215388],[6.162844915060671,52.873554457301516],[6.16220403990438,52.87326295498506],[6.161326648850128,52.87286693939789],[6.160498631295121,52.872490368426234],[6.159251410164614,52.87192418683548],[6.159241268865181,52.87193863141813],[6.159081017532073,52.87186328017148],[6.159091238266099,52.87185332851142],[6.157745184914289,52.87123924169848],[6.156649256704573,52.870742153145066],[6.155041295853927,52.870010199874585],[6.155013744303728,52.870048121961275],[6.154955355554364,52.870021537207016],[6.154935892653684,52.870012675615804],[6.154620016551596,52.869870019795556],[6.154615530000998,52.869868251287606],[6.15460954267187,52.86986559374903],[6.154640222313771,52.869836638478596],[6.154617758003856,52.869825998774594],[6.153549118999299,52.8693565655492],[6.153344054070167,52.86926531817999],[6.152991226086425,52.86904740585859],[6.152869636640281,52.86897359548635],[6.152755708625871,52.86891321609582],[6.152162880558968,52.86864381886295],[6.15210301046762,52.86861724221795],[6.151462326438509,52.86832837729459],[6.150544677469414,52.86791187093916],[6.149408445628267,52.867393405632356],[6.148186928775464,52.86683683019295],[6.148173768243756,52.866848597050044],[6.148012132344085,52.86677683457414],[6.148026777786566,52.866765058264036],[6.147309715408452,52.8664362174361],[6.144550870095664,52.865172240384396],[6.144502903635671,52.86514648305076],[6.144463877386617,52.86512246631322],[6.144450264673101,52.8651081737708],[6.144438183527265,52.8650965675591],[6.144415474937441,52.86507154853431],[6.14440927083925,52.865056310273076],[6.14440151961626,52.86503748709246],[6.144401254849683,52.86502221112915],[6.144399520827829,52.865007843177146],[6.144408009292673,52.864983524800614],[6.144410807629525,52.86497362150274],[6.144435395561778,52.86493572065152],[6.144471908788932,52.8649004401442],[6.14454801375639,52.86483615034366],[6.144641687093605,52.86475736997779],[6.145044417007401,52.86443218409111]]]]}},{"type":"Feature","properties":{"gezicht_uri":"https://linkeddata.cultureelerfgoed.nl/cho-kennis/id/gezicht/10134610","gezichtsnummer":"278","naam":"Stationsgebied Sneek"},"geometry":{"type":"MultiPolygon","coordinates":[[[[5.65445888905084,53.033229465726315],[5.654448515193696,53.03323937362928],[5.654429247078051,53.033257388904495],[5.654512989681785,53.033300335038554],[5.654515982071575,53.03330212557031],[5.654520470656722,53.03330481136785],[5.654557858967628,53.03332449721234],[5.654562347557673,53.03332718300829],[5.654592254916443,53.03334239251526],[5.654599730376948,53.03334597024126],[5.654604218971793,53.0333486560356],[5.65464011115852,53.03336744658932],[5.654644599758077,53.03337013238213],[5.654676003376269,53.03338623713218],[5.654680486448478,53.03338802432536],[5.654684975052652,53.03339071011661],[5.654725355917873,53.03341218643559],[5.654737109769794,53.033384303208884],[5.654865683762335,53.03344512099508],[5.654804005272942,53.0335962256237],[5.65472678329501,53.0336440247757],[5.65462877458156,53.033705349525476],[5.654642240484562,53.03371340690377],[5.654521954173858,53.033788260545265],[5.654422459687026,53.03385048705437],[5.653019897560491,53.03315089972399],[5.653000612401388,53.03316621897476],[5.652622316653229,53.03297745242966],[5.652631222165168,53.032971142386955],[5.652481701256122,53.03289688951099],[5.652205070013598,53.032756421027486],[5.652219916211415,53.032746503406],[5.652176561386109,53.032725931441085],[5.652115702329155,53.03276830099283],[5.651519096840759,53.03246768806684],[5.651227494120107,53.03231556846723],[5.651280922095191,53.032276810217105],[5.651776621073229,53.031918965904794],[5.651976978670572,53.03177474465582],[5.652138748923743,53.03165846550951],[5.651923422167387,53.03154751465153],[5.651835224625465,53.031506373773354],[5.651805319493914,53.03149116356732],[5.651706655134094,53.0314446540896],[5.651696188092789,53.03143928557705],[5.651709554294227,53.03143116851034],[5.651666190084924,53.031408799153404],[5.651768850153519,53.03137712066053],[5.651951849180729,53.03132010311145],[5.652136327367677,53.03126128478105],[5.652328241583057,53.03119975384319],[5.652358179595615,53.03122035551374],[5.652648390154541,53.031145126873916],[5.652693085987234,53.03114143319634],[5.65277655370142,53.031140349226945],[5.652880796314632,53.03112394265042],[5.652883772005336,53.03112303742741],[5.652904579859078,53.03111310646824],[5.652905988034191,53.03109962417114],[5.652974390367622,53.031072513815374],[5.652998223327806,53.031069765005306],[5.653106942956197,53.031054246890086],[5.653212686828802,53.03103963390732],[5.653235023665241,53.03103598976725],[5.653373505362513,53.031012317686866],[5.653538834008994,53.030991281482486],[5.653698200147095,53.0309702583385],[5.654067578757197,53.030922706719785],[5.654094392736267,53.03091995103779],[5.654082241786226,53.030883135096396],[5.654241574131901,53.03085671963453],[5.654252179402653,53.03088455289938],[5.654259748293065,53.03090340683188],[5.654293054802874,53.030986903287314],[5.654613309923887,53.03095024303818],[5.654584430344739,53.03085954788017],[5.654617201054216,53.030855880148984],[5.654611100480907,53.03083342850952],[5.654791427727711,53.030827633419754],[5.655000064904547,53.03081997743406],[5.655047752442215,53.030818073397846],[5.655217651038074,53.03081319963716],[5.655329428014062,53.03081025320481],[5.65533091859542,53.03081024986231],[5.655460582530878,53.030807263195804],[5.655752703129775,53.03080121579474],[5.65583186501403,53.0308270977042],[5.65584086405597,53.030836063600134],[5.655854345959806,53.03084681664603],[5.655870803480476,53.03085666439306],[5.655890236618972,53.03086560683997],[5.655908156956104,53.03087095823793],[5.655909653095979,53.03087185348709],[5.655930560162183,53.030878096781024],[5.655949965535894,53.03088254622385],[5.655947051055556,53.03089333611062],[5.656073867464531,53.03091192185232],[5.656202169004533,53.03092960550726],[5.656299045923398,53.03092759030073],[5.65634628827936,53.030853797839846],[5.656506003384542,53.030889382683256],[5.656529618816856,53.03085158781536],[5.656544363124826,53.03082549487354],[5.6565723778183,53.030776008138396],[5.656603345750799,53.030722021685],[5.656619586119159,53.03069682397343],[5.656634352606553,53.030674325414886],[5.656656488379305,53.03063833107615],[5.656681560684445,53.03059514122316],[5.656683045685863,53.03059423926491],[5.656715503923823,53.03054024942029],[5.656779704431955,53.03055717831233],[5.656882715656354,53.03058300575685],[5.656901992725555,53.03056678727123],[5.656956853860692,53.03051993571867],[5.65692099649077,53.03050653743632],[5.656957959543215,53.030457929031215],[5.657013199868052,53.030472182177995],[5.657056197601426,53.03043524207408],[5.65686804026382,53.030379952657725],[5.656879903454354,53.03037004117546],[5.65701925229843,53.030246617026464],[5.657188121247008,53.030316327545584],[5.657254783406924,53.03024967975048],[5.657463992985876,53.03033457515991],[5.657013968896713,53.03083611807998],[5.657009564101096,53.03084691135611],[5.657005153724167,53.03085680603322],[5.656975509423921,53.030883831261264],[5.65696077093328,53.03091082285439],[5.656931182344811,53.03094683405894],[5.65691649957853,53.03098281163391],[5.656827844919613,53.03110881716442],[5.6567688901766,53.03121678344517],[5.656695252064798,53.031360727237505],[5.656666108727935,53.03146862626541],[5.656648605940995,53.03153066988118],[5.656483048449848,53.031514867834936],[5.656485951701521,53.03150228073986],[5.656266682541419,53.03147851184323],[5.656172713295703,53.031468838535105],[5.656083215902253,53.03145915509747],[5.655971348384728,53.03144772465523],[5.655901245585239,53.03144069331918],[5.655826841306457,53.03170235634351],[5.655700117085641,53.03169904652302],[5.655655393180468,53.03169824833023],[5.655172307502365,53.031678663878864],[5.654854901415018,53.031694651176046],[5.654791814305743,53.0316166132085],[5.65440923060071,53.031699242387525],[5.654442211957278,53.03172972145644],[5.654306759499104,53.031761475498776],[5.654198104788232,53.031787777886514],[5.654168353215804,53.03179772903735],[5.654116286551368,53.031814918883796],[5.654003236982526,53.0318538114584],[5.653893162933543,53.031891798677954],[5.6538826734558,53.03188283596279],[5.653725092304208,53.03195238035674],[5.65363441788676,53.031993918537616],[5.653598554813574,53.031979620666895],[5.653471005588209,53.03208504224894],[5.653398438363413,53.032162484362466],[5.65328877019263,53.03226696732335],[5.65332015049892,53.03227947804092],[5.653360496633527,53.032295563237],[5.653370958582125,53.032300033003665],[5.653402338935905,53.032312543699504],[5.65344567741039,53.03233041942683],[5.653454643236316,53.032333993906576],[5.653484527497841,53.03234560930125],[5.653529356673827,53.032363481678516],[5.653538322513444,53.03236705615191],[5.653568206820027,53.03237867152556],[5.653613036064465,53.0323965438712],[5.653623492553803,53.03240011501705],[5.653651886269412,53.0324117336909],[5.653695219434286,53.03242871072859],[5.653705681449304,53.03243318046579],[5.653734075208449,53.03244479911999],[5.653778899076467,53.03246177280448],[5.653787864956849,53.03246534725908],[5.653816258758942,53.03247696589364],[5.653858095899364,53.032493047597065],[5.65387154473992,53.03249840926972],[5.653898442430978,53.03250913261048],[5.653946258742429,53.03252789677947],[5.653800964369981,53.03265672215986],[5.653800980909602,53.032659417955394],[5.653781707269238,53.03267653453098],[5.653722406633064,53.03272968475816],[5.653858380887974,53.03278239964187],[5.654081028466544,53.03286996677489],[5.65393274652339,53.03299790035802],[5.65392236708565,53.033006909617725],[5.653931333090301,53.03301048406088],[5.654000079864761,53.03303908623383],[5.6540239855699,53.033048018999516],[5.654074800402989,53.033069472256194],[5.654116643729201,53.03308645246431],[5.65415101722609,53.033100753502104],[5.654209302052247,53.03312488585674],[5.654227239680911,53.0331329332974],[5.654297477505547,53.03316153196937],[5.654382666255478,53.03319728607972],[5.65445888905084,53.033229465726315]]]]}},{"type":"Feature","properties":{"gezicht_uri":"https://linkeddata.cultureelerfgoed.nl/cho-kennis/id/gezicht/10134641","gezichtsnummer":"262","naam":"Het Oranjewoud"},"geometry":{"type":"MultiPolygon","coordinates":[[[[5.952827405766988,52.94360192452243],[5.953068354294554,52.9433689315666],[5.953605858841981,52.94283258573331],[5.953978782556438,52.942453383605915],[5.95303987586553,52.9420920850635],[5.953482313196497,52.9416820009333],[5.953446403365152,52.94166599549216],[5.953496382469267,52.94161992736222],[5.953590437142165,52.94153141363467],[5.953768284862594,52.941366117080925],[5.954026902059225,52.94112045705843],[5.954328056367305,52.94082876329114],[5.95461751763212,52.9405532999914],[5.954817341459333,52.940362735173764],[5.954854059392325,52.940326614632035],[5.954899596567116,52.94028236430123],[5.954905569731636,52.94028413320892],[5.956063293478738,52.93917687840148],[5.956577240184838,52.938665792698835],[5.956790257077872,52.938461681750745],[5.95720594385226,52.93805889995341],[5.957558584046453,52.937726512574926],[5.957567461123476,52.93772287557238],[5.958366536656248,52.9369525066779],[5.959082033986013,52.93627599224467],[5.959131835916308,52.93621734136588],[5.959193276695246,52.93613886437492],[5.959252167177702,52.936092751038196],[5.959394665579274,52.93595727054733],[5.959431482180442,52.93592923592328],[5.959512138774006,52.935841680158546],[5.959582690824883,52.935777537722515],[5.959695783803602,52.93566825870329],[5.959924907192002,52.935446990283246],[5.960437442949678,52.93494847502362],[5.96080023130392,52.93459985315106],[5.960954440545694,52.934450834668915],[5.960941019916045,52.934448203191806],[5.961067301906343,52.93432448100029],[5.961141639977508,52.934322326433794],[5.96164209672024,52.93437653519884],[5.961651031978921,52.93437739086896],[5.961697195513995,52.93438166205471],[5.961841670654962,52.934397142665],[5.962048680965167,52.934417714001235],[5.962379274515312,52.9344484736283],[5.962482024415574,52.93445786386178],[5.962647297712683,52.934471445998575],[5.96275442639735,52.93447452432894],[5.962846540315449,52.934466891110546],[5.962914751576984,52.93445128518521],[5.962997680877711,52.93442392577013],[5.963041953789831,52.93439765136141],[5.962971598949541,52.934476173382635],[5.963275544943804,52.93440371395132],[5.963585355697897,52.9343249348653],[5.963812213161744,52.934271717822995],[5.963924957508188,52.93424960570848],[5.964088148673523,52.934218263266715],[5.964270697373673,52.93418862436441],[5.964429545356318,52.93416628897057],[5.964569083016544,52.9341458440359],[5.96463143946449,52.93413745465537],[5.964687858882808,52.934129992606145],[5.964801101471433,52.93403328906093],[5.964856306233996,52.933934170207955],[5.965176785350582,52.93398743734125],[5.965407805359254,52.934024062400574],[5.965424200572976,52.93402667897347],[5.96544354639819,52.9340274839507],[5.965565546416329,52.93403048774557],[5.966017865207317,52.93404357328717],[5.966035699964381,52.934042588186735],[5.966095141193822,52.93403870543598],[5.966193214425275,52.93403193939458],[5.966520899713195,52.933955761951836],[5.966506349904598,52.93398009616835],[5.966725885343027,52.93393589561964],[5.969080657894636,52.933405023098864],[5.96912599349273,52.9333472883646],[5.96927268636126,52.93330613401699],[5.969314207925906,52.93329694508427],[5.969358715867352,52.93328864023164],[5.969535368292984,52.93326351526198],[5.969756600364341,52.93323547659965],[5.969756576349384,52.933233679409895],[5.970028372741364,52.93320539355798],[5.970133819371615,52.933194095015864],[5.970316563964378,52.93317972298993],[5.970494858878955,52.933166271072544],[5.97074596598198,52.93314796983061],[5.970937657391196,52.933135350439194],[5.971136784645841,52.93312269437876],[5.971395339218654,52.93310525400504],[5.971607875004675,52.93309432886811],[5.971772929042393,52.93309172368305],[5.97175542011973,52.93311697169547],[5.972183743214344,52.93311577286749],[5.972685967248262,52.933080061352186],[5.97269933988769,52.93307909713216],[5.972933603551121,52.93302492771978],[5.973444676531024,52.93298377768015],[5.973455086834939,52.93298372657215],[5.973575367629958,52.93296965619689],[5.973584290744544,52.93296961238035],[5.973989953787271,52.93294245737882],[5.973988768967007,52.93296492954688],[5.974428745885028,52.93294569231966],[5.974442130547878,52.93294562649897],[5.975176411939117,52.932913256358006],[5.9752025752631,52.932868194834384],[5.975342297629476,52.93286211482912],[5.975473133242772,52.93285877440146],[5.975644171248493,52.93285883034587],[5.975924016190301,52.9328763227469],[5.976272526727412,52.932912347519405],[5.976629997389659,52.93295102301197],[5.976850392369552,52.932971502637486],[5.977279346266274,52.93301701242831],[5.977750027521922,52.93306860491014],[5.977906340562646,52.93307951428664],[5.977896356372739,52.933111016567594],[5.977969350431335,52.93311964201496],[5.977979310216725,52.933086342540335],[5.978414324838939,52.93313990616456],[5.97882244912044,52.93318461489276],[5.979130444249943,52.933193872435865],[5.979253930013407,52.9331968548811],[5.979562059621156,52.933215995841024],[5.979658824848084,52.933222705029415],[5.979885110295416,52.93323865656805],[5.979889376415818,52.9332242569272],[5.980215401705379,52.93324690199788],[5.980545876683631,52.93326862541618],[5.980741053931601,52.93329371644226],[5.980910814458928,52.933309048323004],[5.981265134368013,52.933334245816184],[5.981506060196953,52.9333330470229],[5.981972067537726,52.93336847037604],[5.982028654605967,52.93337358044615],[5.982199927615675,52.93339070027182],[5.982322037333394,52.93340177429287],[5.982642214574192,52.9334316311266],[5.98276583626818,52.93344449446418],[5.982896955428009,52.93346181354552],[5.983023551683525,52.93347466177844],[5.983227654473741,52.93349970421405],[5.983226216412492,52.93350330600915],[5.983521272346326,52.933544968379465],[5.983780967939147,52.9336110703495],[5.983882380775296,52.93363123271801],[5.984409922620931,52.93370677854081],[5.984509590214684,52.933708077363676],[5.984613731753561,52.933710252375775],[5.984636064511104,52.93371193795679],[5.984704537687148,52.933716088640665],[5.985264886907424,52.93379775711832],[5.985267762711948,52.933790553480115],[5.985294581824868,52.933794013778254],[5.98551961936104,52.93382703534237],[5.986000963983571,52.933895616371736],[5.986059088789784,52.93390431144288],[5.986282615556062,52.93393554183988],[5.986723745887223,52.93399982842764],[5.986722308098578,52.934003430263886],[5.987293062930101,52.9340841383515],[5.988105220709722,52.93419777810241],[5.988126079011138,52.934200369106],[5.988519363176171,52.93424601808979],[5.988599772549025,52.93425280240362],[5.988908000439765,52.934278209376735],[5.98928938828722,52.93432391577069],[5.989523243194542,52.93434879745978],[5.989701921826582,52.93436317323106],[5.989972746724144,52.93437259038165],[5.990172085254094,52.93437517865565],[5.99039968117805,52.934377623867846],[5.990713461833186,52.93437424119023],[5.991019806287709,52.93437089528843],[5.991213258195979,52.934378004863404],[5.991195722678485,52.934400559924185],[5.991110969496722,52.934509725778604],[5.990973683376237,52.93469194820834],[5.990714434966135,52.934981726786916],[5.990691323128234,52.935031269584655],[5.990663960938376,52.93509611098192],[5.990645223681463,52.93513934108115],[5.990626374443537,52.93517448385236],[5.990603038524584,52.935207851981524],[5.990584052412122,52.93523311023774],[5.990526894963502,52.935294507521725],[5.990450713796257,52.93537846723689],[5.990372970470386,52.93545704286432],[5.990315638384673,52.93550585976213],[5.990275954515519,52.93554020903901],[5.990244995321375,52.93556013577541],[5.990191901043726,52.93559275543341],[5.990149192738401,52.93562352532069],[5.990110884055012,52.93564977970868],[5.990071212320745,52.93568502750814],[5.990025752957186,52.93573198701514],[5.989860212522453,52.935915249347275],[5.9898236639759,52.93596126514955],[5.989807465330701,52.93597302939488],[5.989798578887298,52.93597577019874],[5.989789630336394,52.935974018044355],[5.990157006237143,52.93608090089077],[5.989959216701977,52.93629847501667],[5.989672152732046,52.93662164173061],[5.989320536188957,52.93700983627707],[5.988741811568048,52.93764810097165],[5.988554171400528,52.93784764842748],[5.988356489803323,52.93807420572436],[5.988325775773257,52.93811210377622],[5.98805382159985,52.938454062014046],[5.987872260542045,52.938663462930954],[5.987648170139095,52.93891711139909],[5.987168956327527,52.939439839998435],[5.986616435061292,52.9400411173156],[5.986336536598056,52.940348063776185],[5.986699577535052,52.94046216819153],[5.987134302066527,52.94059658045425],[5.987168674050442,52.940608090274964],[5.987881416585025,52.94083905601136],[5.987908289778078,52.94084611007102],[5.988087378550791,52.94088834449759],[5.988251543563103,52.94092705915187],[5.98866322162462,52.94100766267924],[5.988677885387136,52.94099231173252],[5.988728768925579,52.941014521783],[5.988948740090425,52.94110867086946],[5.989141826178708,52.94119486718191],[5.989161237657885,52.94120016126213],[5.98916573727815,52.94120283454138],[5.988774041597724,52.941600215348664],[5.98840134150052,52.94197323556357],[5.98844768919931,52.94199007664816],[5.988180645906987,52.94225832048727],[5.98792535077848,52.942515720778495],[5.987636248266562,52.94280294598548],[5.987903950649339,52.94290584352422],[5.988041521122264,52.94295727335862],[5.988072920161024,52.942968797874755],[5.988010257297077,52.94306347159995],[5.988174777377089,52.94312734684099],[5.988406323609755,52.9431971750483],[5.988469085051848,52.943217528108605],[5.988522884162446,52.94323523030242],[5.988809867238794,52.94333353547993],[5.98879226487604,52.94335159718816],[5.98922118622371,52.943494118970406],[5.98953791104791,52.943591373833335],[5.989796411704564,52.9436736445458],[5.989756881521886,52.943719675244914],[5.98961023810267,52.94387318584012],[5.989203771030219,52.94427962870201],[5.990446420092866,52.94474155660159],[5.990554297409105,52.944796728121524],[5.99014175585837,52.94519421823407],[5.989724893036746,52.945602512469364],[5.989691162422864,52.945637730037724],[5.990108519053858,52.94580277325826],[5.990458525217172,52.94593849970406],[5.990977619142726,52.946144363986164],[5.991255838109166,52.946252592764196],[5.991073899027433,52.94643593903149],[5.990802294721157,52.94669792084627],[5.990450072468812,52.94704747838898],[5.990194688224726,52.94729949166436],[5.989774818051393,52.94770690228676],[5.989491495198361,52.947983318503894],[5.989481217949887,52.94799325548757],[5.989709195545897,52.94801816661143],[5.99030970686974,52.94808523076373],[5.990427409135486,52.94809721751148],[5.990665851476706,52.94812566856756],[5.990910257376107,52.9481549876584],[5.991027984895622,52.948168770990144],[5.991229260392035,52.948199206108896],[5.991329210453054,52.94821847094977],[5.991394843768381,52.94823072008851],[5.991496319060404,52.948252673028264],[5.991609758402469,52.948279058598736],[5.991738212056983,52.94831525323501],[5.991939850355943,52.94837174620698],[5.992098170985134,52.9484158771009],[5.992202747235265,52.94844680024992],[5.992298347458809,52.94847417417482],[5.99241490056332,52.94851042837173],[5.992473170947545,52.94852810613334],[5.992517215658972,52.94848564633111],[5.992681750329388,52.948548616637254],[5.992861212583214,52.94861510563154],[5.993272308903832,52.94875500731382],[5.993358821652612,52.94877074403711],[5.993890827108101,52.94893878679197],[5.994119412872575,52.94900682168704],[5.994346486578546,52.94907306652952],[5.994330334377306,52.949088425699124],[5.994641210412199,52.949189291395015],[5.994937147843511,52.94928573903552],[5.995004384314158,52.94930606590065],[5.995180752365132,52.949363580653426],[5.995330165954333,52.94940865126364],[5.995325765430696,52.94941316692308],[5.995636457875643,52.94950055120419],[5.995655484879272,52.94947798800567],[5.995834792321365,52.94953279086934],[5.996099265969591,52.94961322023506],[5.996166490927508,52.94963264785558],[5.996442867807006,52.94971301577774],[5.996714757301524,52.94979160865807],[5.996412951351741,52.949914466211105],[5.996301363837326,52.950021076102914],[5.996169147979655,52.9501421694694],[5.995972423576298,52.950331888939175],[5.995822741616658,52.950480929096734],[5.995601621985983,52.950415555377276],[5.995468028102079,52.950544742819254],[5.995425446893448,52.95058539893317],[5.995002806583625,52.95100632146826],[5.994630004611575,52.95137396861933],[5.994215950456317,52.95177147964671],[5.993828469643609,52.952154475814986],[5.993702204324766,52.95227643476003],[5.993695828289432,52.95235285240523],[5.993691739994375,52.95237983266989],[5.993292371326766,52.95276468465271],[5.992813724767728,52.95322722107932],[5.99234242014122,52.95368342774897],[5.991897626032684,52.95412062662659],[5.991793560076698,52.95412744391615],[5.991458891723813,52.95445894166096],[5.990992123041979,52.954922308994206],[5.990463659427516,52.955444398177455],[5.990037886096883,52.95586082479455],[5.989985090243262,52.955916807450436],[5.989933483862524,52.95595121650335],[5.989720673987603,52.956165269849436],[5.989475573644834,52.95641183695548],[5.989237773892676,52.956648481602805],[5.989211176321373,52.95666209537244],[5.989191882107336,52.95666578719652],[5.988558952128714,52.95652249522865],[5.988412720265919,52.956493575847446],[5.988220261099136,52.9566733753802],[5.988121718364544,52.956757445443884],[5.987743998399904,52.957099932693446],[5.987165986764185,52.95694647213547],[5.987008811984933,52.95709553840781],[5.986716556864595,52.95737738375267],[5.986625462094803,52.95746231382055],[5.986022764392991,52.95724516757273],[5.985759904269983,52.957500802388964],[5.985428004478017,52.957822383661174],[5.985404467433944,52.957842271783704],[5.985389661146229,52.95784773781305],[5.985383721356214,52.95784866620329],[5.98537034140498,52.957849631847196],[5.985356949115211,52.95784969890317],[5.985336054976822,52.957845310277314],[5.985283776471718,52.95783119364411],[5.984603813955594,52.957622514896535],[5.984463348307288,52.95758008212922],[5.984193110733923,52.95784114220688],[5.983667494082751,52.958362287602284],[5.983134535167533,52.95889155501833],[5.982441461500822,52.959575286538936],[5.982184481917611,52.95982818795157],[5.982037512401194,52.95996371692685],[5.981718620599216,52.959824216635916],[5.981248599900846,52.95962435904907],[5.980800978282424,52.95942978020871],[5.98030105762119,52.95921928369401],[5.979813156385977,52.95901681329759],[5.979347678392534,52.95882141895158],[5.97884630806691,52.95861272084329],[5.978558978257813,52.95849462336367],[5.978370422345761,52.958417374241435],[5.978142909621872,52.95832054728561],[5.977448826263834,52.95805618164709],[5.976893868106154,52.95784504417614],[5.976688925288062,52.95776607599861],[5.976624278645781,52.957827503013945],[5.976506104082118,52.957782254993],[5.976377477093116,52.957734362463086],[5.976183073408682,52.95766432791832],[5.975789864545162,52.957528772806334],[5.975594023244732,52.95746233897905],[5.97480173593224,52.95719664435394],[5.974422072988519,52.95707180189422],[5.974408608244786,52.957066476194434],[5.974341320906953,52.957042543436664],[5.973978210196893,52.95693109793124],[5.973673363161109,52.956836439610164],[5.973199684832866,52.95669138589445],[5.973133862559824,52.95666564797649],[5.972993483611349,52.95662859322493],[5.97273050985518,52.95654900417593],[5.972388420228341,52.956450930531105],[5.971654973453085,52.95624244029366],[5.971526500952583,52.95620532557073],[5.971363696740989,52.9561602907693],[5.971348877207643,52.95616485647454],[5.970927666171693,52.95604739528073],[5.970457270184887,52.955923882226394],[5.970098895065949,52.95583127344193],[5.969546437600361,52.95569108289467],[5.968896930520893,52.955526200282314],[5.968160827626342,52.95533926912984],[5.967527770216617,52.95517969097937],[5.967514654001077,52.955200423592515],[5.967489981291238,52.95524727312304],[5.967399571438374,52.955386103998386],[5.967272943157746,52.95559879976976],[5.96723379711243,52.95567627353378],[5.967197602932116,52.95575193565602],[5.9669861889673,52.956079170928966],[5.96674593252827,52.95647574155215],[5.966517312871674,52.956852484964166],[5.966198355101343,52.95737434792446],[5.966070060023809,52.95757446928051],[5.966222376222361,52.9576141702284],[5.966247839917212,52.9576266278626],[5.966253863695856,52.95763199054598],[5.966255447276634,52.957639172045255],[5.966256983081864,52.95764275918852],[5.966255602548472,52.9576508537022],[5.966242676087667,52.95768596358661],[5.966210620166078,52.95773734183056],[5.966123392117219,52.95789233182957],[5.965945981354745,52.95786802932608],[5.965582737543858,52.9584179630225],[5.965188866907683,52.959015671938566],[5.965108596254029,52.95913468160061],[5.96349429653183,52.95882525761916],[5.963163065753281,52.95876035517199],[5.962721398544998,52.95867172043539],[5.962543844071908,52.95863662981795],[5.962008206241863,52.958531370698005],[5.961952993878935,52.95851995393935],[5.961794832815262,52.95848836349215],[5.961992940554897,52.95816389776797],[5.9620089770979,52.958138658507075],[5.962172210846968,52.957878164141924],[5.962367443737727,52.95756179937677],[5.962622329420517,52.95714270120429],[5.962625222363833,52.95713639674219],[5.962626651031709,52.95713189662669],[5.962626591686824,52.95712740367872],[5.962626567948875,52.9571256064995],[5.962623496972772,52.957118432117696],[5.962620437866531,52.95711215632536],[5.962614414606415,52.95710679345729],[5.962609903096616,52.957103220600835],[5.96260391544453,52.957100553501036],[5.962597927793178,52.95709788640095],[5.962590452131178,52.95709522646761],[5.962433677009155,52.95705554237248],[5.962421737334515,52.957052903923774],[5.96241872572059,52.95705022248471],[5.962415725971634,52.95704843963518],[5.962411214484155,52.95704486677115],[5.962411167026138,52.95704127241255],[5.962411119568131,52.957037678053965],[5.962540799224405,52.956828567510385],[5.962546703764636,52.95682494448578],[5.962554108173296,52.95682221288403],[5.962563024318106,52.956821271294444],[5.962751082398205,52.95686350044673],[5.962821208525162,52.9568775409155],[5.962856196327686,52.95682255486395],[5.963087811606152,52.95644490547276],[5.96404631294715,52.95488472254404],[5.964087641990871,52.95485936083452],[5.964211450650443,52.95465746582891],[5.964843701039332,52.95363534370668],[5.96500818636638,52.953359561945135],[5.965121714417733,52.95316849938292],[5.965274579425018,52.952914340977934],[5.965297896488777,52.952877383566225],[5.964962018292292,52.952795434316926],[5.964690309952606,52.95272755228585],[5.964750025876677,52.952630209584584],[5.964905771562757,52.952368848499354],[5.964978567322853,52.952248077558544],[5.965057218707007,52.95212008905497],[5.965214484331899,52.9518614161083],[5.965258141743148,52.951787515682476],[5.964577369462332,52.95161557176924],[5.964556468487094,52.951610280904234],[5.964069855659057,52.95149311169181],[5.96404518132673,52.95153996056365],[5.963595932505873,52.951435190060046],[5.963551155335426,52.951424622339474],[5.963491414603113,52.95152016729513],[5.963390834446534,52.95167791594937],[5.96327743887663,52.95165419937497],[5.962925326573861,52.951581309190324],[5.962574715131834,52.95150930938935],[5.962146513008352,52.95142060773555],[5.961620507768796,52.951362030304175],[5.961595120133827,52.95135496320171],[5.961266616794989,52.95126667759116],[5.961005231889651,52.951190649754245],[5.960262154024175,52.951257122360964],[5.959989163752384,52.95120361418682],[5.959822080195927,52.95117026664512],[5.959746001173907,52.95115535431288],[5.959532713314744,52.95111593728799],[5.95938803014376,52.95108877234588],[5.959255273195959,52.95106334741001],[5.95898974797163,52.95101159850283],[5.958889817487081,52.95099320520591],[5.95866299954648,52.950943067609536],[5.958471983587421,52.95089994754889],[5.958480721890934,52.950885527387506],[5.958213357591961,52.95080682611155],[5.95793855528181,52.95072815977862],[5.957545536170572,52.95059793574719],[5.957421496856124,52.95055629148725],[5.957208272791547,52.950521363259185],[5.956869452321253,52.950439405358836],[5.956509721981711,52.95035125562521],[5.956466435415945,52.95034067815133],[5.956411211401984,52.950327461604225],[5.955808095524156,52.95017307072526],[5.955272132772206,52.950033634476526],[5.954703348938667,52.949887162584986],[5.954664526569936,52.949876563250065],[5.954392012772642,52.950201370883406],[5.954312924153599,52.95029790174029],[5.953659208332323,52.95014194297106],[5.953111514015679,52.950015133759265],[5.953057259968743,52.95007649884983],[5.952880956062541,52.95001982045593],[5.952629960945003,52.9499401305473],[5.952507450923426,52.94990116990455],[5.951963608989056,52.94972670886971],[5.951906424734713,52.94979168188482],[5.951782148584299,52.94973116129947],[5.951937463950037,52.949546204241706],[5.952121383082012,52.94938717248275],[5.952180240649319,52.949336569808686],[5.952234483363486,52.949274306509835],[5.952232983964977,52.94927341495457],[5.952281380424124,52.949219267121094],[5.95242209420813,52.94905594602628],[5.952429428000248,52.949047823488634],[5.952493862669704,52.948968437518815],[5.952574370700542,52.94886650922639],[5.952557947349657,52.94886209372164],[5.952686815439097,52.94870332159998],[5.952866924647227,52.94848050263933],[5.952868365707503,52.948476901221326],[5.952871294486638,52.94847329275769],[5.952972302069788,52.948346104936896],[5.952743912007235,52.9482878757459],[5.95223050755742,52.94816449474657],[5.952202124583006,52.94815564252578],[5.952308839489861,52.948009556643946],[5.952357117916961,52.94794642282898],[5.952493189387407,52.9477696438138],[5.952531263267755,52.94772273389088],[5.952693796868321,52.94752156586888],[5.952654965434784,52.94751006727674],[5.952472756673609,52.94745611217489],[5.952832049027653,52.94705451259178],[5.953141466292202,52.94670796577006],[5.953335058891886,52.94649316989107],[5.953525685976037,52.94627928638872],[5.953549149618205,52.94625311431329],[5.953708989821288,52.94607442378786],[5.953908410485173,52.94585061278768],[5.954115185386573,52.94562047598253],[5.954407732204187,52.945579546486044],[5.955185851345408,52.94546890943784],[5.95540710778911,52.945437302977275],[5.955545233318453,52.945419571451794],[5.955769499645632,52.94539064594336],[5.955761721602468,52.94536462213843],[5.955689107799889,52.94515827842465],[5.95567831947313,52.94512957299264],[5.955633526341061,52.94500307661479],[5.955292268516666,52.94495886914133],[5.955071541880211,52.94491678363097],[5.95480315408337,52.94487043097722],[5.954719661494472,52.94485644934084],[5.954561344678122,52.94480867442953],[5.954314757462852,52.944722676545744],[5.95409355372314,52.94464374687218],[5.953760127688925,52.94451502481377],[5.953417836517983,52.94439083710167],[5.953543701491078,52.94423117938372],[5.95366858020389,52.94411016813042],[5.953822847372219,52.94396115918268],[5.953856570655224,52.94392325590586],[5.953635500272388,52.94385420989519],[5.953502570207261,52.943813502377346],[5.953280001710571,52.94374356416412],[5.952900599114036,52.94362494275492],[5.952827405766988,52.94360192452243]]]]}},{"type":"Feature","properties":{"gezicht_uri":"https://linkeddata.cultureelerfgoed.nl/cho-kennis/id/gezicht/10134650","gezichtsnummer":"1344","naam":"Oudebildtzijl"},"geometry":{"type":"MultiPolygon","coordinates":[[[[5.714252486915146,53.30125965342921],[5.714262107034458,53.30094603842136],[5.714352046334034,53.30074092744539],[5.714464094286856,53.30048453963302],[5.714762953918092,53.30053404303592],[5.714858668377159,53.30010248492968],[5.715538596522212,53.30016442439652],[5.715506605179623,53.30029659657016],[5.715901333759483,53.30032966144879],[5.716422142190257,53.30037406051399],[5.716471631428308,53.300373026333155],[5.71657361652574,53.30037184820198],[5.716677101499115,53.30037066587043],[5.716993549036311,53.300366203353],[5.716953809828081,53.30026927059955],[5.716934036507593,53.300233383451854],[5.716930789342382,53.300201045081074],[5.716963312357939,53.300138956840776],[5.717633241613545,53.29948298179749],[5.717705007126741,53.29945313267665],[5.717784409586804,53.29944123321414],[5.717896946527063,53.29944721320289],[5.718140184240255,53.29948068768654],[5.718276774147755,53.29949378933825],[5.718306729761688,53.29948831555606],[5.718365265357095,53.29949354540886],[5.718375709094151,53.29948632832836],[5.71850759928505,53.299473385132146],[5.718552525731545,53.299464275852856],[5.718576405917509,53.29944893486628],[5.718613391003108,53.299382341168325],[5.718641135126707,53.29928432419463],[5.718673288833401,53.299174614074175],[5.718822339733061,53.29885791796562],[5.719058158685064,53.29890219350791],[5.719274480306107,53.29894652248964],[5.719486399828229,53.29900344276573],[5.719604858986569,53.298999520874126],[5.719611582204342,53.29889886621835],[5.719626414223876,53.29887726030421],[5.719927734299939,53.29885755678414],[5.720116629448364,53.29884625097332],[5.720146799494962,53.29886863075841],[5.720214824950862,53.29932579708784],[5.72051911284079,53.29930159118545],[5.720559512271229,53.299482983363056],[5.720648281434876,53.2995186784228],[5.720740102570617,53.2999488222323],[5.721141990227317,53.299937821765226],[5.721138659933021,53.30008878505516],[5.7212223224589,53.300239506472444],[5.721136745971253,53.30022896196981],[5.72090430688417,53.30023499912523],[5.720761839475577,53.30023809042259],[5.720804719082418,53.30035208539327],[5.720821565449469,53.30039696539591],[5.720803796321719,53.300426666425174],[5.72065466982576,53.30053849891156],[5.720512896119197,53.300631441555986],[5.720430874448912,53.300692769541385],[5.72035042882279,53.300763976990154],[5.720346269384422,53.300808016771775],[5.720287585972251,53.300783919043916],[5.720191426077252,53.3007626207865],[5.720051949725271,53.30076480441125],[5.719889954129546,53.30076435463718],[5.719729472293623,53.30076569752561],[5.719621479847979,53.30076599642163],[5.719568983519617,53.30076614168329],[5.719523993593088,53.30076716469145],[5.71937549704873,53.30076667687818],[5.719228555766619,53.300773372867376],[5.71896765002873,53.30078397762698],[5.718918160381316,53.30078501283582],[5.718975827203122,53.30087201152781],[5.719081091096762,53.301101745843965],[5.719101710593296,53.3012472516199],[5.719102187934404,53.30130924924578],[5.71910119303284,53.301374845079664],[5.718567271146963,53.30138260883693],[5.718232982919857,53.301408689496085],[5.718211928877466,53.301401559230364],[5.717903083753426,53.30142038057613],[5.717894008423697,53.3014105216712],[5.717829532635997,53.30141339475508],[5.717615189011274,53.301432853756566],[5.717537324070307,53.30145014007577],[5.716912187635442,53.301494987222824],[5.716630312388113,53.301510137125945],[5.716477361589958,53.301515947688884],[5.716378387350171,53.30151891455255],[5.716166932675148,53.30152398648779],[5.715989928184892,53.30152267401747],[5.715803965269826,53.30152677700388],[5.715775466751399,53.301526854958226],[5.715731927925544,53.30152158282922],[5.715700374789311,53.301514480837994],[5.715671807813026,53.301505573602775],[5.715659746825742,53.301497519764744],[5.715647658458699,53.30148587185946],[5.715635501640094,53.30146523878775],[5.715626413127652,53.301453582678285],[5.7156188587665,53.30144641504999],[5.71560981133413,53.301440150038324],[5.715599284520718,53.30143658467606],[5.715564724786807,53.30142859233338],[5.715546691543426,53.301424148949984],[5.715525651623587,53.30141881524642],[5.71551806991187,53.30140805354552],[5.715517946731628,53.30139188024773],[5.715523836905621,53.301377487584936],[5.714252486915146,53.30125965342921]]]]}}]}