image,blad,jaar
001000290f98527506ea2ccda4dfa19b,511,1903
00178fe4040519b1a2b1132a93e492d8,473,1936
0054af8d97cce33af4a413a661cd09ec,561,1913
0068f7e108bc9680dcfe15bd55456c49,542,1893
0074e22758e3a59fc7550663f994a113,425,1881
008c55a73fd654ad272b22f5d65a2c3a,394,1894
009441312a46613738269bd0a69cb0f9,587,1927
009cbd281205f98ac98c48537e9712e5,380,1935
00b13385a9cf4551076fd1565dd3f251,488,1929
00cbb1cb5cd5ffad3b9f69fa016a983d,515,1888
00d39fb3991b5b85a62e4b472fb76ad1,769,1925
00d4b917c03e2b1b2091e7ec23898ded,620,1902
01054f17f4a8cd6c8b4b49964952e063,429,1870
013ae63820a1f490faea111bc215017b,384,1891
0159af0e37798e5bfc7ecd040d893d6a,34,1944
01e8a10fd7cd32eaee237fa2eb9ccbe0,242,1930
0206d2994d91724f4d3eaeaaa4836723,483,1928
0206e46800ff2007b5b12426ededc765,664,1921
021ae217c3cdfe32fceb0e4bf4d399f1,414,1899
02515fdee4db596310e8fefe09e0fe2f,379,1891
02714f929559af0b4a1617d834b80528,493,1920
027307e5ed84cec4c5fbb14107b2882b,473,1894
0273cf9a5601c7b283dd9b1eb2b09378,528,1892
0277c577234fb628c6802526f8a699f7,710,1936
02b68963e5cb4ed30deec0af5fb2a213,602,1900
02bc7b73354b96846fb029db24cd14da,348,1929
02cb0bfe5773a6cabf18b1e1d420045a,221,1924
02e6ff4b003400bc1c6aae0f382161a6,388,1932
02f74d3bc9d6c988a67393a4b6306c27,492,1920
030e5ae98c4f984eaf460151e6990064,369,1911
032751e1b229c88e08dfc0f2753d64bd,507,1918
03421a0cc330fe3acfe625da89c03d99,437,1937
034e4471f6c5703246dbb8ccc98567eb,473,1927
035ae77ec4c969d2d05c34b05fe7735e,460,1914
036b398d1e5b4e42f209e6f612c3771d,469,1931
036de0106c130c41f8f96f941278478e,516,1926
037393c41f62618c9c8b9379eb11760c,407,1873
0379ed62abff2882bf145730c6aa60d0,717,1929
03ab1b7be8c6f9f8103e43b14d22601a,501,1917
03d5bbb04c86caee878949af0f35c0f6,468,1930
0477a57a1130f7a39a2a02a3a6798537,231,1933
04a4529b2c0ccb146b38b85a75e84a82,603,1903
04a8ab1fee673d45fa3dddee30236595,731,1931
04a8e00aa385480012de5c5e790e93e2,443,1925
04bb2d1e17b3cae1aaf3ee1e205036ac,62,1909
04df9037aaab5df6a3b3297943c7e925,67,1933
05042d09f8c55f365a719946f66e1a23,362,1910
055862d5ed02614cd089f19f07313bfb,589,1869
058e47a32c2cacf525d21ea7766a5915,121,1881
059107f2b199ba5d0acaf820f56236ed,503,1898
0597557299291224ef2e9cbe8bcc0897,47,1934
05978475e4184f733b5b8987a63a1b18,104,1921
059995e4c197a50898ecbcca293ba0ba,709,1901
059cb51c8f3775ab3d24765bfd596eca,504,1898
05a17ffb463a2f05316714a9c6ca433e,349,1904
05b6454551aaf66b83d4c3925a7849e9,247,1879
061968f2b46dcd45a70a4d2fecd84214,57,1932
062bad8f73d790a985ec04ea976a884c,365,1905
06596a9e983ca9095bdb7995516e58b4,427,1873
065cae7c52f0781ccf97fad6ba19b287,385,1899
066d75f8ba7f0054463746807ead3945,568,1874
068275ebd1cdaac9dd37e5a7cd091383,403,1914
069347791c20e3e67fb232709369500d,62,1934
06c1b96f27c7a678d53915154b3485b2,356,1866
06eded8f96d0013c75a15b9622f36c34,176,1935
06ee029446e57361b99617ec8b7eb838,261,1894
06f86b5b0482ef4dc091c299b9faa583,552,1869
0702b50ef256888926b29a31a7ecc3ed,69,1923
0707a96f4eb1e1d3508d2067f44668f5,475,1936
075856162312680cb0ced7075f2c29bd,371,1900
0780eda91e386b3c0beb09d9210ffde4,414,1894
078d44984313acd65d178d25583f4681,467,1870
07be53d72344d715f11d6a23cf94e736,551,1892
07c69034426e7bb56c6c56dc81328877,503,1922
07d2aea5012bec98d8d599664d87d986,469,1867
07d4f2e086fbcc4b461801fff7102029,750,1936
07dcc33b05265cbd82c4308247d38687,382,1916
07dfc0e2e664ebcc764db455db20006e,736,1902
07e0f3074b27c90c85e5b1274e115c18,673,1936
07e456e52e515f0891854866b0d87fc0,323,1896
07f13cc4711ac306b6706b355739e312,420,1898
07f770d14222369c0b72ae0fc8715da1,399,1928
07fcded64ac813707e208d2f49482d2f,192,1910
0822ae7c7c086ecbcb3f49da9756d3bb,359,1901
085613bd47be2633325566862b19d35b,661,1928
085d93048ee9a9fb185c4a8cf7e680ab,551,1928
086b1c0f58d61c50b59ed4cf9b70568b,696,1923
087a4cc3ce20cecde40240d36e4ce465,186,1898
08816d611e79ebadb402af1bb70990fe,407,1933
0893f9a68c0b2e703f7c4864e150f9c4,484,1925
089d35a0636d36f38ea9ce5758ba980a,360,1894
08c1126f0ace47bce854f7e795c77c7b,515,1903
08e793c3fbd5bff1d095630db123849c,455,1898
09099173418909de2bbabf339051cd9c,278,1900
091b9a416d5cca69f87285790e80d814,464,1920
0977721b77167c4ebe1a6671b925cab0,434,1885
097d3dcc878655e416a4cfec290bcd63,554,1909
09974e7caa658617c47c39cbf92ffcfc,336,1890
09abca95556eab581b8f5006141b5c56,202,1934
09adaae9bd0fc153aec1d9569bfac59a,336,1901
09b46f404ec7ef5b6f79faa449cb5d9f,442,1926
09dd3ea14a58db46d47f2dffc7447484,450,1872
09e77451c810d843300df48c30a98294,229,1901
09e8358ccde91219a9806663f24506c4,13,1930
09fa167b977a5ef79aefeed0be719464,588,1869
09fa73c7f44d77a5eeb212c731c9e169,364,1907
0a0e83a5d1a4a58118534dc0920355bb,455,1929
0a2157f64ede8f48676a1a0127941b91,754,1924
0a38369b6a5c9893980603a78f0843a8,415,1898
0a3d82318416b726b94fe712fbd2becb,514,1931
0a5a118ed4b4cecb799aa7c3a5a72183,753,1925
0a709440e60a09be93b6fac7748cebce,712,1936
0a741b088b90236eea84a5cfe0fe9262,635,1930
0a780f646e195dcf4e4b524479ee8089,678,1929
0a8f5fe16e38d8a85654804cc51da2db,516,1889
0a9cfb70c287835e5e0d251de8fcc7cc,550,1929
0aa4be28da66f01beef7256568ec2164,422,1913
0ab1bd0e4874f16cba23683514ee2e25,479,1880
0aba54a2831a490906022eb9bb771d00,73,1932
0abcfb6d35cb9dd320fb9f37b636fc0c,238,1924
0ac1a08c53db6859b8197282bf36ee6f,436,1910
0b227e4b04a4e821e3b86b849bfca4e3,495,1885
0b29e8cee6d6d5739cd42dc0afa88da9,115,1946
0b3242b9e0c9dcfc97784eb1f8753bba,117,1928
0b416089d13fd50fdd018bc913e939a2,456,1937
0b43db1121f4796d1588075178cb26ff,319,1933
0b597e33a1b1ad7457aef18268a78a67,490,1901
0b66a5fa3421785e7b5019443cd067a6,513,1931
0b78bf5767f21548c5001adb43c2a55b,716,1913
0b93b05b97ba230e1746605aadb57f1b,753,1898
0b9d41417ebe64eb91c71b4a107a1938,699,1912
0ba49f0d764db7cbbd4dd30d7ad50380,754,1937
0bbb13cecd9ba2b11dd5c75a441f52ae,752,1929
0bc850d800ad8ab9aec31aa43656c3ff,532,1868
0be786311ab7bacc1615dd68c30a5b99,692,1912
0bfbd0fe2968f84f7fcedbae1241c5d3,342,1904
0c0b991beb328322cedc2be81dfc2e1b,533,1868
0c261666b86484a16093901122bd13f6,368,1890
0c511e4150dd3ac1660e7d9a88d6b234,84,1908
0c5eed694b926a9f6a06f10466a94856,465,1910
0c6bbaca677541e96c34b766173d78cc,682,1927
0c702771e6f311a51956a75d8a20a375,138,1932
0c834cc43eb8e1531807ef8c800913ec,506,1879
0cc6a633a64c416f7bcccacc72bc7d82,275,1935
0cca07b098cd95bca14dda912400dad9,572,1938
0ccd312b88bff7aa39e270526e31d930,505,1925
0d19790ad38c28c6a29e7ddaadea13e3,406,1945
0d4b62b36fa27c8773a5cf15b677c2f1,430,1872
0d5c46d2b552e803a2d9108dd26623e9,507,1898
0d67fc661932c8950d3d91f8858ffd3e,710,1895
0d71fc765a486f01087a3f7e083b4a43,727,1938
0d893420a83d5610941968726b144f08,330,1879
0db66ecfcae425a5c5371c0c05ecd6f1,319,1929
0e1075145cec547be44a4f280afb77ad,117,1934
0e11243aec7a894f43286ec53ea1b60f,79,1920
0e12c804a304fd22b591d0b91940fdf1,136,1906
0e2e78bd9a078b9a81f1af9b296b9e60,374,1917
0e36e66ff031f353ebeb5a2135178d35,690,1929
0e523c4c589f8bd7e1134e7b218621f6,446,1890
0e56843000117c0c2670382f963b0141,273,1905
0e5908f9d8d712705bdea6668da13ec1,463,1898
0e6a6f12dcfa7b32b3af380d7a9f77e9,500,1913
0e9a5b44c279cab7bc7bfa6e4cda7d09,278,1907
0eafdfbc9496def1eed1ebab25ebb11a,573,1870
0ebec75252951f22450564d086066384,356,1890
0ed2095668007a1489db27f9d174d8d2,338,1903
0f048ab44f99fc7ebb07b652ee85e109,567,1868
0f0e277ed7d498444119dd356ea76202,517,1929
0f1af58d686fdda64accbc104f95cd91,638,1925
0f30a3951d1f24ffb2e591a9ea2a5811,513,1898
0f4c44f148e8fc1994781f836790fa29,255,1899
0f4d2ab7adf54674670cb07b22929725,137,1934
0f7c9e2cc6e826a28985a9166cb3198a,453,1911
0f91fd9b634e3243c7cdfd157e1ce81b,189,1947
0fd8338594bf72d7b1ee71f126e0f59e,378,1922
0fe5d6311d2834f55d6ececf1a5a0af6,407,1881
100aca538cc36d1f7b1d0602a617f6c7,628,1868
100bbf8cbd3d2407180ea929428f2e6f,520,1877
1033b94e5a948f0defa9fd3fd2fc9f87,262,1922
104aa96f04887bc5f780fe450a695d94,457,1922
1084f69c3b8b7684b426bbd2d2e4a2dc,464,1920
10bce474697ed67854a538c11e67d375,258,1935
10bd9bee00afd4139b0fe2c9178e3975,458,1924
10bdc9a0c6f6c411bbcd22dc95576941,384,1902
10cff1b142fa4adcdf1135aa0b0df724,405,1890
10d0f3e294ab8d6f16ef5af44ea9ae65,25,1931
1108e62661adc4491776b2f6c2c9f281,462,1875
1118f344cfcfd76d67cc65880bcc80a0,553,1928
111a2891113df00ffadb369d27342310,322,1909
111f93fe27b5f677febb2aebeba03076,620,1870
112bf05ed0fc05090a4cb584b1b4636c,439,1903
1131b347f79d8e8d011687c648ebda7f,379,1925
113ad434774b03c878071a9c8a3524da,522,1915
113b702fb855e78d6605654a57fbeaa0,166,1926
11495c26e7c6fb82460d3a04d595933d,420,1934
1174ff8638758a474ca61361d4e3301b,108,1932
118e1ea990b2dab4d9efa1e77488ef54,491,1886
11fd3cb5f8dfb4e913a93b18867dc9cd,371,1890
120c6097fec09d76160d9e095a4ab257,443,1910
120cbc795c8f1a203af38b60e51eb33a,517,1936
12266dec8e9320b2235446422e44acbe,465,1898
123f50ae9064b02e9d0e067802782cd7,398,1903
1240710c28503ccf3a34025bf6473f0a,535,1903
1260bc1dd9e0495171630226b9e0b071,93,1928
127c334e4cc6ed3c741875e7bcf7849d,528,1873
12846effdc745a60f04da3d9307c8a41,468,1900
12c2a161362f9fd29b4dca9cc5ff7460,626,1929
12f8f2cea921b5178a952b26400e6fb0,403,1877
12feaf6f5c6d101d812eab0ef1e07166,243,1929
13047829a57435f7822c5453c13074af,98,1909
1313c4ccd050115b5df2dc9c70ee859f,453,1890
131a7c0d0a0a74d95a4ad8d514fe6e39,64,1934
131bbbba91647c57b39b00fd7b1b720f,624,1905
13414d9c3cc54e6b3a7f6e2a0f56bee5,253,1910
135354bf0a981456a50e0a9405878fd2,212,1934
135b464c9569f1fee5fc699a54a977e7,418,1929
137f4e31452fa6fcc5d54c1b0fbf6396,320,1905
13afdeb05a4b3d85df3bc208c4b11ecf,634,1911
13ce42fca6a045751941da097f4a71d8,727,1945
13d8aba3e80ad8c9fa43fd581716038c,454,1926
13d8e61b1f211da75fe7de2f6c9ceef0,224,1939
13dcdc329534dd3ab5ca0b8daf85f8a6,219,1924
13dd894bfc3843b9018a33b48776601d,532,1908
141a14aafefdec359e1aeaba6537f556,674,1915
141ee4cd752b9b80572f2b56b864cdaf,433,1865
1441a0a0ea53e9083c420af8e55bf456,573,1896
145d3309f93b181f480da667f6ed0076,227,1887
14668caae23e7ce6fc6cc69cdd73e93c,171,1908
1471c2b6af63786da30d4f12b615669c,428,1930
147bc3b15d084e3254a316ff38848f94,210,1880
1486c1f04c1ba9d416f569e420665e0c,585,1907
148951bf9ed22fbd813190b92693b5e7,445,1912
14d741836ca2559de38f83d667b136da,629,1928
14f135c40d7b0e2499da1ed61a3db268,541,1916
14f8f8d81d60f4a7055a4c7b1c93ddac,61,1932
1543de685a430772a9ea0f19063c2df0,543,1925
1544a460d5e9bd3dceaf207573cbe357,289,1896
1546cb0849b737d1d7e6ded6f3ab5915,649,1944
15534f4f63a1c628e5b529f88e352201,453,1933
155748b493f9c1a2fadfdb1db28353f6,225,1908
156d12044377d1cd4752431f1862224c,413,1923
157663ea2bfd201cd2cd35b51b165096,270,1926
158200944046d1bb11811a2bc9a32a98,32,1934
15839fc50b97e999a5e9bff33f225b76,242,1908
1592466289d88d35dbc0465297af5863,591,1867
1597f369e01b8a7ce3d26c50c4176f0d,417,1927
15efd050fe754fbdaf741cc6db85df7c,665,1924
164925c9262952a8e391700a987fac9a,445,1892
1653a7c6e3cc2fd7bbc2df7b5a16bab9,260,1949
168d3e99b2b6e88f2f7502c57a9710b0,554,1931
168e07a4b621db268036f2641d935f7e,507,1870
16b9de468501e51f1ef617e88a718232,239,1902
16c09692ce8022c4f3b7a7b6e5b953f4,472,1865
16c5f843ae2c1099225d587085f73232,675,1920
16e58c4d1b4c65e0db5b52ae1f7f4c24,459,1924
16ea0ddf677be5f30874dc3b6c3771e5,344,1905
16ec13c41c0581abf5df25bf4a499dbf,407,1890
1710f306bc5d6607c44f28aba8878cef,244,1920
1718a84a74b37b118154d652574e7da9,255,1933
17560ca83e658d50af398ae86455b34c,654,1926
1763edf978099a779a90be048311fb63,645,1911
1786da4222b91c0844380ed5afa1e7bc,569,1949
17a1483635a86be0b3cbf036a860a2c5,408,1870
183147d4646c37eb8e512c3c33e26c59,760,1937
183abae2d29aa4b7dd36cdb1c5848e49,741,1913
183e9272cf0b937370c9a60084411411,525,1922
18400f2c88abad68790e00e5dd53d20f,542,1912
184ae9cdb52aed0200f89116ae56e6c4,180,1908
18579dc4001784527e8e70ac4b159cbb,469,1874
18700053b5cb126ca2911f5aa043fb4d,373,1900
18715ea1b3a477bc0553e1f05c59f1d7,422,1924
187936147417e831f88d10ab22d27c92,703,1898
188237818286352a3cfabbee16784651,544,1891
18952d93e71a98d209e9a4383fbef64e,500,1908
18eb5dc53d79295b5b7819dc27aa0a10,523,1910
18ec41bbb156dc2fcba99848f9f0dc6f,502,1880
18eceb170d79726c15c3d7a810e7cd63,174,1917
1915331ddce8c32efe77c39bf4e00bac,390,1912
191783565405253d30ca8b8effbbf593,491,1906
1920cc2b212e8c2cd7c79658cf3b41e1,748,1928
19346c92d6130482dc6cbf0211e283f0,611,1938
1954f499129833e13ddf99f10a6557f8,256,1912
1964b998b8ba2b1bdc9db1e86f0c659f,446,1932
197a1f2302c33e447526e3ababbb717a,226,1904
197ad09f1d6f41fbde9ebe8c51bf92e5,417,1937
197df8b9fc7468b417afb102279c110e,537,1936
197f589333bba1728372a3b89934b91a,506,1918
1a344b6f17652e0b2d1643bf90d9b9ba,373,1872
1a55f43f25085b970157310142ba5405,337,1865
1a5b55d626914d6218be62366aa0e1a3,548,1907
1a5bc44409cd3fe279df5cfbb93d05c8,117,1903
1a5bf933eebf39ca2e7770b90cb24bee,239,1930
1a66d6f47078fc41f2120465a68d9613,237,1933
1a717d1a78cf3709a3ee805e88ca2783,617,1947
1a718fb53bea5dbdf9fcec6bcebefdb8,604,1911
1a87a2514669beec70c52c202df924a6,541,1899
1a9cb5c211f11b69a03f498b314fa110,169,1945
1a9fd32749de72578c7d4ac35cffa200,745,1937
1acca4eb70b752867c75d35553c2e5ae,624,1870
1ae4642f1dbbfdd8df8173c40aadee55,306,1908
1ae97fb83899fc3a90e40011c378b083,112,1932
1ae9e48fc7583312ac6b416fc36b8f98,194,1880
1aeebdaa65176137a4fc4817f7cf6b6d,727,1922
1af88e31fa0fe1950eeb8c8f9304b7da,138,1881
1b04030891e7da7ce90324330a564291,439,1900
1b11b095374db07647b5e730d17478d7,653,1913
1b2a796317515d6975c8200bb55e439d,309,1878
1b4375dec1d9ead346395f826eb340ea,543,1879
1b53a605c2d06767c51f654ba9c81732,431,1910
1b55f1ef328355e4388510216a4461d2,304,1907
1b84a94e5c2d2a654f5af59a75a84250,345,1914
1b95a982e2d0e25ee10390bd5e9b97ec,353,1900
1b973ff6b2f845b6579e8f26d96788c5,494,1929
1be05a4e31956ddcce3865589859f1d4,347,1894
1be32480f9126656a27df25df57ebd5f,337,1901
1bfed48515127af15ddc7293b4bca404,261,1923
1c4a168c4bb9a61f4501a50698954e1a,468,1926
1c52c9e26123846658da3b412e75d86a,699,1930
1c5511b26b9263c4b479f90018d47892,427,1902
1c5abd5b0a10452ce5763506342e1261,573,1910
1c6eb41e7b5cab29dd141c363ba8f91f,134,1915
1c720cf5cca8d605223acd3d39aa088b,210,1922
1c80612913f35e347a19a9509227f5b9,245,1899
1c974af45aaa0e72ba938a1f44fd98e6,460,1914
1ca41cef6f438d8c5c2e77bca11734e4,441,1876
1cd931249640422627230c52198bb6e8,774,1937
1d06ce2a4f97398e426c3b032173495d,464,1920
1d09d9118a3e8b843ed0b0680c4d45ae,280,1887
1d0bc436cb7dcd783f7e41c01f737dd9,653,1936
1d15e6e5d60cacd8d760b4c3578e41a0,652,1923
1d34e32272c5896b6770af3c7acc975f,329,1894
1d5eca8556936a20b56d9dbd2dac0cb8,700,1913
1d6a817c5c71b3bc813a434b1972b83a,394,1866
1d7bcafb14f85af4904e67cee762a016,642,1910
1d84cd96b34584df62e08ab52d06dd0d,122,1921
1d88b6e4a7f63079ee0869bfcaec2732,306,1914
1da922fc98e371468149f42924d20e99,444,1898
1dc1cc09bdf38a8e01dfe1d04da29e3e,544,1921
1dc3f580cbbb2415bf0858f0e866827f,82,1911
1dce2c1d3e6dccb4a9390560edd26e93,751,1917
1dd9ea2efa2e865c0301fe0ec95df70c,410,1909
1ddf13bda99354c718ab3cf2a7a71a27,136,1925
1df380593d72cd4f8afe1bfe16bd2268,754,1925
1df97d1f879d241c6ff1592707d0c915,387,1873
1e06282219df3aa6e946056ada9f6461,461,1914
1e09e268a2d49c8133aa48178ffe7dfc,31,1909
1e0b02c80f1ad6f20e69dd4f862f284b,353,1917
1e31f79fb5d8909db7876cb49413a02d,572,1901
1e384ebfd676309b77a2c9f75aa6a31e,306,1935
1e6281d0305b81c4c431a7f933ba2400,756,1924
1e84c2e71c405b74469cf517951262bc,231,1879
1e85f7beac304578e1a579836386e49b,404,1922
1e90f11567d8f952d6d1f7700c723ca1,244,1920
1eb019894a6320336286f13e7586afb9,529,1918
1ecc69a0fb336093e2021cbc316b7b65,420,1912
1edd4453fdc804ec3769b3e61b4b381e,468,1872
1ee7364a255c8a5229bcd37e5ecc0cc6,387,1905
1ef5714e5492b61e6a3c8eb419621b17,335,1931
1efc231a65eedaf52931951e27f04e85,464,1894
1f3955c6074c1c4f7ea48a12a600bd7b,497,1916
1f3dbe0fb9dba96dd7f680a5c670980c,223,1927
1f5dfbe605d4b5ab2d211401bd845e62,763,1937
1f87c8ba592a85c6f0a1f86f0322f8ad,593,1868
1f94a5891a1921bf6d32a954b32f490c,434,1904
1f98f60bd0d2107e2e3c47cdea0b763b,472,1896
1fa832d5507fc7ced327d3a620dfb2df,448,1911
1fa8bb012aed33784ab31b2af3af710b,412,1872
1fb218be79db1728acc2e4c79f348db9,473,1898
1fb671b3fe144b4d432ce072150a9529,721,1901
1fbb153a4bb1122f299e3de6e772d461,490,1906
1fbd24cbeee8958498679e06abb090e3,514,1908
1fc004331dbc6eb427514f1d2a076370,115,1943
1fde67e1b2a60238e34dffd8fce1b80b,502,1896
1fe368f3138aed42c0e15bc60bcc4af4,480,1925
1ff2f91d974d5627f204f1413c764c98,580,1929
1ff983d3cf42a8b6776d72f30841dd9f,527,1880
1ff9e0eb7cc4d02e58d2c95898baec96,208,1911
200ccef2417b3c6b5e49347db2c9ed72,308,1903
2026e6bb2be8fb8ee7921138c874899e,551,1900
204d8ab3cefafc968628d60a19aad980,378,1911
205a85e2388675d82228b28a6b43e5b8,318,1916
205eee2ab5f20c4d1b00f44e07463825,306,1934
206ad5ef484b38958bcff8876001ac8d,472,1892
208d56b6521f0ef05b291a2da6a37085,511,1871
209da024a894687aa2d5afd96bfb3848,246,1910
20a19b067c5a5620a6f0192c9dbe2493,639,1910
20b528c04190b6795998d42d87e4dddb,239,1912
20bf1934123096619663bc04113d6bf4,225,1912
20e33e314d2c951b9f5fe43ecd5f0860,313,1894
20e7277100fab31affa072ec4675c7b1,156,1917
210b5a8c822161db680344e5616c17ae,558,1916
210c6eedac30d7854508ce0a4989a998,601,1903
211ccce77c5546ad4ee3a0ab9908eca0,631,1919
215e08f054a9cf94258f28aaf15bac4a,261,1906
215ee3ee74bc9b542fea0cf2f31f8cf9,685,1923
219e54ec49c0a3d1c8b9afedf012fd1e,432,1911
21abf9a5f442aafc0c2f25de2526d09b,423,1878
21b2f8cd046c56ad13b6bf09288c3d02,583,1899
21bb80374fb152b332b8a6d62e5994d8,320,1866
21e131080c1c2392c9a2975f7637c120,463,1920
21ed76e240b33cdf8dcb1ed0d8b9fae1,278,1897
21fcb05d51fe95e12cac11c14d20e600,770,1924
21fd5575b415ad0c42a66bc6165129c4,371,1872
220a73228a5259b6ac6c022c3eb0ec18,352,1890
222c842b144f7ed6ba98638b41560f39,564,1910
222f2a789e3e0da9d1670fbf03d6611f,506,1928
2231a6c627ed063b96c90e0fa4ed0539,381,1906
2237a9c2f1ba7d7eadf10eff76381cd0,244,1910
225b9217a7f3390daa696da6a09c686f,466,1912
2269ed6146cbcc38c8d7636c1f2c5f69,600,1911
229038d0c75e8b8b6dbf7793039c8dd2,240,1903
22a03480ea6efcdf8b4b13d8bd90ad67,468,1914
22abe332752b18253e6f2c1a6f99a18e,712,1897
22d3aeeb41fe3ac7290be35e92d6e38a,386,1931
22e312f590d1dbd6dc81b295e04bf83a,414,1911
22f4eed836bbbd54e47ac3ed1bb8ba61,9,1934
22f680b30bb1140678f63f4fe245a612,603,1928
22fe4f45d03d19e1f8a173737e87fdb7,322,1913
23111be71b563fc9158154f21c0c41ae,698,1932
231811e64824a0f7ad6647828805b3da,295,1905
2334e8f5060325ae9b007df18e0bf4bc,480,1912
235d23bf9d596385726daf9733e63d55,37,1930
235ef903aafa73cabc6ca4987d59e3e3,584,1869
239286ea33113874b7bba33ae6c7f2cc,354,1916
239a57fa1128c86bc87eb927ce7f5a44,749,1929
23ad13a346311f6b107cadac66ad43d9,689,1931
23bb580ccd51d10323f4cec85af2a4c5,431,1940
23c7c08abdce81c82ef5837c9ffa804a,604,1919
23c90b8c3232867b36b9924904080651,665,1901
23f52438fe607997c2e73ed6484c89c4,327,1915
23f5daea7ba30cdb5abe3f47f920d928,342,1901
23fe3116c52a23680b2d8bb356faf6ea,672,1920
2416b6518befb16a8b5e26a53f525945,686,1916
241adc7481ada6df4a7601be6feb1dc3,52,1923
242f42918f661b60226bdf83c889d2fe,596,1932
243d45b929e2995235126a2f1d9dd5c9,761,1937
2447b5cc2010853891f73be42aec4b6f,56,1931
2454a9e8d90de164962ef0d0fdd3f375,216,1932
245f941d8880d502bbc2929d791f503d,185,1926
2464639d2cc234f9b848f79207d16788,715,1929
246bf386fdb5f42de0a2d6ff7539e905,289,1922
2487ac117fccd5d7dee69c9ad6d28fe8,435,1924
249dbdfdcb55f58adb1e8af7bc488d45,426,1873
249e0ab97ec948fa1297310814329713,391,1900
24a53b799248fbf15b9e597b1b76a9b2,655,1925
24ba0e4243b97df865ca01dcd95682ed,568,1868
24fb7b50900ca2c7a3b230b154218ea4,493,1908
25075f4f0bf8401175b5740691fafd2d,207,1911
2511d63bfdd0a3c0909cb118f3cfaf5c,571,1928
251b0ebd6adfb5a12f58392b28c5d3f9,72,1930
254b7a91d38e99f079bd9f9555f9b948,94,1929
2557c5d1fc147b9f506ade22d8ee3a4c,382,1904
255ae4d568aac7ade4af32585a73024a,502,1929
25a3a1dcf62d393ba29a1ae37317537a,449,1914
25c6c6a5bc96e402bc884352beea33ec,354,1890
25d9994785e4c36356856f116338a935,748,1924
25d9aaa5fc11015aa81524200a7f5f70,374,1933
25fd5648a26302ec83de58dae5a095bf,339,1910
2608f83939e40f90b28a823b194876c3,154,1935
2623ebafcb093985e18e3c7b35429a7c,567,1868
263f870dd5082ebbe619e9a099ff4cd0,431,1933
26508edd75717d3254621c5dbc9851d7,277,1912
265ff865f9c35099c5f02c230487cc5f,562,1921
266907c6a76df118eff55f7445bb53a9,367,1879
266916ce2c583d4355657abaf05ddd1f,632,1936
266da5213130c0357b9f229ad9d847cb,96,1914
267a1c4e6d7c5b3e1054ee4bea03c777,580,1916
2691e5e0728e8660fc6fa7a4a6c1c030,212,1880
26959c8085e2971216e736fd0ecce2fa,691,1901
269d02cf1c1270c8ea7b1ca814a89d38,471,1865
26d7a35c1feb59d4d5d1c061061446df,242,1903
26dc34239429606126e2a257403200be,579,1910
26ea4497b74f100677188d4a4368f6f7,279,1897
2710f6eb52e235a9bbde6beb0e6cfa4f,572,1870
2727c8a3e7443264e876c504b404b0df,560,1931
27327e7f1923e7bd5d0166adec87ae83,719,1928
2739f92e873612bcdb22f5304cc8be06,404,1877
275144f86cf80b1f52f3fa741c268cfe,421,1909
275d373fb68cf4b798d4b869357fcb17,710,1928
276f6ae2f9b71c5bd65618bda582bee3,303,1865
27a208c7bb195286881124efb631d601,392,1932
27a3885f41b168db1087b9f5dbd947f6,605,1902
27a604121786c2b447ce179eb0409a23,549,1917
27b306de06b51ccc4b2b8332bb323ad3,561,1927
27db96458866c70d105dfd98d81042bc,49,1934
282f034050d04e4f17b4718c32e2e8b7,526,1927
283e210a2ba660ca64df3e94c83c44f3,571,1899
284be670cf41682a83926ee22b126052,454,1897
285caf3c7dc4c7f1e476716731572694,18,1930
286fcd61f2545ea4a6661b340136beef,671,1901
2875eb48f3d0d6b454f7a6fb3bde20c8,469,1912
287b45677ff65f05f6dbc9b3f68b564a,229,1898
287e6d20059bad612475fb0075c256d1,462,1881
28890f0f11dd4049d9d65c4c2a7e6188,451,1892
2891f310af0ab76184a6a616b536d2d8,424,1900
28a499142a8d14259a120ff39b71ab24,347,1929
28af1503030bf4baccc04511c0a6c1f9,183,1934
28b7b4569fc9984424b87818b83a4f6f,290,1896
28f96c5ac4212073f20a57c0d9a4ce01,435,1890
290ce14288db79d3069c1350972035dc,116,1935
29125f43e0c13b2f6258ff68d1480d10,528,1928
2917965f18c5ccbf30930217474f3e92,542,1925
2932066f4b267d838d0065c8c657dc66,421,1914
2932255b23016b9123dd02bd2f098f37,387,1900
297fecc90594184447c0d50e31cded9a,571,1874
29956c0a9b28486190043655e64b1572,631,1936
29c4cf0e40ba212c303f55232ba3d9f1,669,1913
29cabbda76cab2bd5e4c5c9c3e417848,237,1887
29d91c1767c6fdec9b0c3498574d2367,382,1928
29e748630522fed18796667e456e8116,70,1924
2a06121ef72955238cf5fe7274cfe320,573,1938
2a09582772d4af093c7c361530340865,198,1937
2a0fc9564ef8f5ca7591031cd551d84e,399,1898
2a162d9901855285bb5d5f42d7512468,623,1928
2a39544a42bdee5bb06476a9c3b76325,743,1901
2a4d5ed47a4efa42f84411579b6ad2cc,445,1898
2a66f609c33a5c15177f74ad70c678cb,484,1890
2a91dd749ff35b222363f9e5ddf052d7,303,1903
2a98d1ed07995a53cd28b8d5196564fa,479,1902
2aa9502d6c0d6e6562bb0229a235d53a,427,1944
2ab5425ee05a3a8e7f126ea01506ce54,433,1925
2acaf7f652ac51dc2d10abd2a3354574,585,1920
2ae6e7046a584c7e8b9f05b1e4762ec7,449,1872
2ae90acbc9b4c35d5ab321e3543d6f46,515,1914
2aed7e4c1b05f0419b4ea2829e31dfba,80,1934
2aff458a2d122ae0e0a480fc26a6d2b8,161,1904
2b0262ab53675f63f80a7f351d73160c,459,1934
2b117b686b759d1884d306054216a413,75,1930
2b269f238af6cf04ef3287b7a9e7bd58,229,1880
2b55e46cd692bea864df0bacce405b3b,372,1932
2b718a373fe42adfc8be2729bd6581bc,310,1894
2b7fba80c8430638f98ec514354fc070,429,1931
2b8a188c9a4846d4f2fae681a74695f2,450,1904
2ba1ee07cbd96d04b77e429c2bab94b6,181,1932
2bc021bd9844dbe8435f8b7d56880a77,48,1920
2bdd9e1f3da1fa284997aa9a1ec8e55c,406,1877
2bec822ac4ad42771c7de5137feba2d4,359,1935
2bf553a259e05c2d8773bea3376bf90f,427,1926
2c1665d3894fb0d8f3eac3a3820e2a46,275,1911
2c227bceae09274b2c34b693887b7559,89,1931
2c26fc7ff1dff6d4b17c7f39615eb292,684,1898
2c28ebf3159d6a8bbbc94a71a4a12e22,747,1924
2c44a3aed523ffe0c82cd51c598d7fce,248,1887
2c4f00c8f71409b13d83211cdc588275,626,1912
2c522c46e559736cf1d42e06f440547b,309,1904
2c541a369fb7fd195d3f28cabfc0227e,547,1881
2c58252d6c46852ee16bd8eaf953bdd8,422,1903
2c7d7c78ba438cec0b7de1f3dae38987,115,1935
2cb20cac000b07ac94e75c51c772b54b,491,1931
2ceebb798bb9bf133fc2c6bf77625bad,752,1897
2d0be779e6ad1dda4d47d462281cfcb3,171,1900
2d110bc595c18a8d11ba9860e0bb5939,306,1896
2d3e505b3ab795e44ae75fb0443a7a66,470,1895
2d598d93a084669716a36ea71c47a636,466,1932
2d5dff8ebbd047d18fa851d307145164,485,1873
2d79db39dbe48a75a8e5ca19a404ffd0,311,1878
2d7d476c1fd00fe31738df18835f4cf4,368,1881
2d81b02dfd11e36f2df16130bf0f3480,736,1928
2d867168a339be0b8ba2926f166e0b53,692,1900
2d8f9cb9ff583ef9baed09aad86008c5,502,1920
2da97cf6cddecede3b91beb3d5f852e6,767,1936
2db4a813fad46b20e53c78491278f7f0,583,1870
2dc0a3b668500d9bee4c56afa0e92b5f,632,1928
2dc4f03d1187adce0bae16559408c470,173,1905
2dcb7a1a7939dabe86b051aebffceafa,369,1890
2de58b983ae04dabc8e8e220e306b279,506,1874
2e00ee3473e2111e0bfb130e24a62cd2,638,1914
2e5dd300f9987ed7fad1f04fa6e1619c,722,1901
2e5f770c6cbd00c9533a4dc754e16921,340,1890
2e82fd9a70bb1a228ca9b653b9db97dd,287,1933
2ea847fbf3f7040bd9437b6afbe501df,430,1942
2eb00dbb814551ac0d305f093354bdfd,433,1934
2ebc8f1d43bb5aeb2f4d6868dda8b22f,607,1910
2edc003cbff5bf9b18558f6215cfa9b3,388,1924
2ee54c2b03a7a5ce30fd468cce7a958f,523,1922
2eee0ea05bcb28310b768e88035c7eaa,479,1896
2ef219bb19929dbd90bc58d651ef4830,190,1905
2f3ebc1054908ed643a9af1c76c539ca,495,1936
2f3f8fee658bea67e054b84b99256d0a,626,1897
2f58e170d7d0a33b750049b25ba16ba7,748,1898
2f73844e65189f4e11a910afb30ac203,551,1949
2f8f587d15e4348992e678c8272aecca,586,1869
2faa000cb7c2fc4cf0513e22efd2d97f,445,1873
2faa67c12d1018435f0ad191e52f1930,277,1904
2fc008c93b5921b9622f2668eae259b7,621,1925
2ff7ba50858bce9f6f83588675064ab6,211,1887
300b554ee6d68d300e8f0fe900e0d442,24,1930
300db69eaebc32e26aad88b7ce8c7454,457,1922
302755c674ee9de9007f9f3442599229,467,1870
302eb2d9adc963b78ff3611b9066f6f6,451,1873
30484133fbfa22883d01f2da5c20af67,387,1922
307525a50893c117674df9fa8e2fbc3e,746,1894
3076e2cdc9fa021b2dc250c1f36521a4,395,1937
309d450188916f06c3623034fbe1cd57,294,1910
30c57e618240f63346084111f28d0828,385,1902
30dffd85ecb82c03670380ae9176b06c,611,1911
30e21e7e7bd0ce30f972d3c156259fb6,728,1938
30e8d665550afdbb085a46f212152dbf,357,1891
30f2351c858181a8753a0fdc75fd91c3,222,1938
3105237476a7f9988f75def8692c3c4b,322,1927
311ef3a0e410d73f679b4cd83e04a87b,404,1922
3126156cdb6c5889df898f1f69e264ef,410,1931
3127d7400c07059ae956c3036c6749f1,640,1922
320d035f7973ef31cc43cea8489e657f,633,1936
323151f7bbd11353f5e867ec5f43c0d3,709,1936
323ab084a389b7bfa14727df8db0ef8d,565,1907
3266c81dfbcb9540228d38ac8c7a5ee0,674,1936
3269f9bafe06e214aaf4cf32febfa134,471,1866
3270b16a5f3400f2e6b52ad5b7a8c300,348,1894
3278668432f46ee6bb110e4af12be642,690,1913
327ffbd54249d73ed2c5d417cc4f00d4,296,1907
3286ec1df6a80c13a111b06a8e8bf55f,288,1933
328b43679cb86229de8a6da80bed51d6,209,1902
329465ae63e9b5abf1daded6b8f0c0a9,457,1902
329ae107b1a6ffbcb524834bfbad1e3c,608,1868
32b81b1bcca788d65d10462e33ed7d53,61,1916
32bdb31872860d89f08738e76f43e979,357,1917
32dd3bf4a8c83a7b7c85be63da7ac181,627,1900
32df88d09320a7501da5fa2fcdab3532,427,1910
32e26a9e9cc82084b2761c47e7c3aaf2,546,1898
3394535582b5aa604e696a55fcef1d71,462,1921
33a456d10134884ed7db7bac26ecf741,464,1920
33d355f90539b1b6aea02eef75a30ff4,578,1915
33f50c69e062c8b04e09eda7c500baab,460,1908
341110e9c2d3e94400e5446c15b7aafb,488,1870
341c67a2c5daf05b4da5287c33361643,224,1928
341ce7afdc890940de90764908ff0327,534,1931
34271789161defff654a7dcaaf4a09f7,431,1920
34385af206c257caef1a69be44d6530e,374,1886
343c448ad65cdafbc8dc52e06219854c,450,1933
34502c6ef514cded594a9d1e00eb41c7,367,1881
345415e966a0ed2dc1aa4f168061c82d,236,1924
3463cb9572fcda95a980c7afb7485f33,431,1872
346c757b52bf7db7eaa9735286b13702,235,1925
3471b56d17a498137e58f959a69c6191,641,1870
348ae9a44c48482694b3ea850f98dbed,486,1882
3495aa11a7a8bc6d9b8a24c11e456f1a,432,1920
349664c8af5fdc34228cf455363f25b7,615,1912
34b57246c482a2dd935fea36cb24cc15,304,1865
34cf57b12be2065a70457bf296a4ae7b,421,1904
34d2032b8ae292f7b05f86edd3705a27,262,1899
34ebb36c7e94bd9debc8927e935b944d,98,1934
34ee34eef4f4547315d3a6eab88630e6,584,1910
35196c25164474cedd370861d3e0b01d,688,1918
351e0c25e8ff2b9ac24c0395a1afc550,500,1926
35234d83c3a3703e864656827ae3a974,461,1894
352cb02c88d8c39bfdd817f18765b9c7,191,1933
352f55cb98472dbd16fae9d0373069b2,294,1900
3547aeb3245cd8b3573cfce1211a7057,394,1933
35592f6b7e62e5405e4572896d78d7f4,257,1912
35602f5a2c9c39ec837c770604797eed,405,1926
35b01a2efe97d988509efd07a9c116bc,633,1908
35dd9b65a8de3f11e2bdb42acbb2b6bb,291,1904
35fc8ee74957898376679bf0ba7b8adc,510,1871
361bf582c96c2dd637450640f4b62d90,202,1926
36254c33d7df5aa1ffd217dc29530653,400,1935
3640b610d7964e524d5c0f824a0ebcd6,31,1931
3658f0ce8962662a7a0b6e4d87c95d17,621,1895
366651e8226f1407623d9caf94d839bb,137,1919
36aa839483cae871bbb0aa440ce8c344,157,1911
36d67d5732fd2cb52e815a6c61971c6c,510,1929
36ded24f4408129c3056ae677600b8f9,457,1907
36eb8a5a00c3fddec9c131569d2cfbf1,506,1913
37054cd9e30dbfc607da212e33fdbff7,740,1896
370a3b05bfb437f0c3243d4e8e1a71c2,192,1880
37181d82d9923f4c45211e0145a3f082,545,1881
3756fca4f113215705d5d7313611c1ce,307,1929
3792f12055f701b14822212128dcd951,341,1901
37b4aec75e85e7e626e77e21f19c9929,446,1932
37b5e35418b963dd6a594847feb75d6c,525,1881
382e28928c2053795a65da5a2beafdda,428,1890
383251d8bb489047ffc56670fd646618,340,1935
387c01191c85c18fe2f190eade56b086,564,1887
387f4deb7b117b740db2f5c062fd0eb6,422,1874
389ce39a22c0e87a6f4b19c97501c246,684,1925
38b1f9549f25eca7bb01518568c7d6cf,554,1920
38ce36d462c60b52d35d50d603837cac,649,1931
38ebc6c58bfa7514520716e18dfd3784,425,1890
39376013d93c0b689b1b8ba30bdf7460,331,1904
394fa299769b7da991e7dfadc39f4cbd,526,1899
396e9de2c799b0a2b28d6ccd3b82d92b,532,1870
39875cea86331f88a0ee8f0a9af22ac1,263,1903
398c811a9489de5d170c9affc8b3d5a4,744,1928
399df41b42bd087248a5b41138acc4a6,629,1900
39c8647027ebf1ff19a46beb3038483c,561,1894
39d854c73ef4e184e6e5cce1ef1d7457,530,1887
39e5ba09ff0da0539a430baaca8d20ef,421,1929
3a246cb940f49798266a38e5032b86de,424,1923
3a2c2af0ff27deb696daaa896c1f77bf,533,1895
3a33bcf2e4fbecd363d53844002a8a9a,354,1894
3a44c28b31d8ec1998d5d449d18e33b1,189,1903
3a553af7b92cb92a954b831fc6324b27,152,1929
3a560b1c030d2e8ddfb70cc70589518f,459,1904
3a7ac56800dd4600a341e2a7a82b3fff,386,1920
3a83b0420d7f367ccd3f184f3fcb0d30,485,1902
3aa68e8adcf12f9665fe69cf50d38d94,344,1935
3ac33cb4830cae6b864c825c7652657b,660,1927
3ace334106646206d58c870663b9b06c,81,1919
3ad184f04a723585d65da82c2ea3ea19,465,1924
3af1dd3af0da1fd7dbe2481b64c00f2c,530,1896
3afdb68eeace19ac4fca63693adccded,156,1928
3b021a2b2e54ad19ccc954938c280197,313,1877
3b0a0a0b39f4184c0c9b36e619a43cad,156,1880
3b14c8c97b72b1f9ae0b8321c2589250,184,1925
3b189109b854dce4f774f2bdd8b6ae3f,742,1931
3b9ad7d37233aee76662a93e4f2ca260,264,1903
3c10c5a2c4007673f8910345510fa1ab,280,1879
3c1dc2ab6915b0c550f93bf080680010,450,1921
3c589e8531a8dba98751e1bfc2bdc013,20,1914
3c7d19ee736cb044b8356f86fe69b213,85,1924
3c82a3cb0fdf3dd796ca4c3f0914ca4e,499,1911
3c84fd3b71e0331e319da7c42e744ce9,390,1872
3c9ff1f89b7a9cb4eb7383d90766e41f,291,1935
3cb0d0efc99b344d6ac7f0157ac6c2d3,433,1892
3cc7d4ef3b6805a69be70e3a076dcea3,347,1900
3cd7192695e352b8141205cc1a0a1ad4,637,1930
3cf1fcc72c6ea4b6f57a64f662109da9,713,1936
3d2056c72cbe2fc41566156a8ba06d52,536,1895
3d38314cdecbc5abe0548b93e732916c,566,1894
3d3df52f96304a0f5683ce8e5c6c3c48,719,1913
3d55ac942ce21ca80a56cf3cb9e0fe09,65,1923
3d9d0865af0b400e854d89942e4fdefb,502,1910
3db4224e9e631522fc1d333d3851414b,586,1928
3dc6b255a5199da89a219d27f9f7185d,430,1926
3dcac8e5c4b4b761c815b76a79e5267d,79,1935
3dcca8efbbdcdcd35616ee2ccc23a5fe,550,1895
3de3d93007151b8cb2de42afdbd8986f,544,1881
3de3f5ca46b5dbc96ce08984a2a83729,454,1890
3de623de8e81213eaeaa0c6e53de7b4d,535,1908
3ded20b3480e612ad4cea25e606abb02,644,1928
3df5289a2d9b2ae8cc1a755296952cd7,698,1932
3e0114b4649959d08075ad351e3085a0,16,1930
3e0298d43c71c447d3d9ad5e5ab403a4,613,1895
3e3e0d1ac38e78b13aefdb77c0514527,625,1869
3e457b1f5d3578dfb8b9401552dec063,631,1919
3e47142db1b0ea86e5bdbba367895a44,761,1937
3e553e5bf0265839c0d4f248669246fc,309,1924
3e76b0a01d80c85b2da1b4ad0239846c,679,1914
3e7b6417d82c6d53f1fe71155cc867f9,535,1866
3e9251619d99be2b6b5130713d3a073e,523,1904
3ea32e9ae4cc6445193c902f324c4c00,286,1865
3ec13fb9856fb311c6e3c321d02e2fe2,406,1920
3f0abd19dda3eb947b999e279c699175,555,1869
3f2c2e8e10e23bc5079356b774f8ebc1,408,1870
3f50f2242ce9da247ca5ae055eb99f6a,523,1892
3f53353ca8cbb2f7bfdd2ce7e34b0d68,566,1874
3fbd4b32b0942790ac7e5e683b0df074,467,1931
3fe0f8c3caba475950131991b89c5aff,239,1944
3fe84db6627bf8e5713697e62c03d765,200,1930
40215a5efcb5a4b8a462fdf499f172c6,310,1913
402a4d4e559d6bdc89a9d7af5ff50a09,302,1890
404388e930af507a261b091538c49e79,522,1902
40442d9346b94f5632eccb44482c2414,290,1935
40447174b221b0d3cd3d72ca989a34c7,401,1898
404b54bdc0545005057daef0d6bd5df9,543,1876
4059828f03e8bc6595f70ca8121e9587,260,1935
40747b6c5ee8158280c706d4e9b8f5a4,529,1894
408f029be807898beb117b40347e602f,756,1925
40b159bbc5dad9b208bc8c60d4edbc19,504,1914
410fbfbcb5cf187d46ca9469725e112c,399,1915
413154aa0534ccc3ba0ce6a4879a505c,769,1937
41362ecdb3a4936d78068f4d00bf4257,552,1903
4140c427bae15ceb9a1f01d74ee9f017,629,1910
41465cac4acb8df45c5244e80af27d48,39,1932
41741f9b11fe55d14251e53fc2a2417b,537,1932
41981ed2104e7c8254be7c0976c340e4,674,1927
41b17fe9a9250ca94b5635c2c3d2b3e3,275,1904
41de1363148ca7f18a458922a68188f9,254,1942
41fa422230ca453a08b5315ecce28992,419,1929
4204938bc1e218ed3ce62e54658042f3,611,1928
4247c91a92e97622de4c9412db9b6130,436,1902
4248e53790733e974bf0eecc9562e6d3,474,1936
424cddbdf10f8bc913b463557f61389d,247,1899
424ffaac532d6ab45dafef647d7b6073,553,1868
424ffe4f714911863d6970269c9c0f1d,374,1900
427f852698277d6777fa1bcdc98ffd06,80,1916
428688799d834bfd2cabaf70343a1733,244,1880
42980895d94024342c2906f3b3f77e9b,289,1933
42b32268d795363b8fbd2a2e77e57865,661,1869
42b70bc3ba2faa7b757ca56e750782b2,99,1911
42c80b38d12f782dc22e7690ff51cf59,509,1921
42c93e12b7d00f17e5638bf8dfa1a7fd,522,1908
42d02f16a1df038106553de9285daca2,494,1936
42e93a89b1d1ae0c52a5f05609656109,463,1880
42f4724b9d36bf65350c06c3d8d83aad,549,1917
42f8dd51d1d46e971daceac1130f0321,403,1903
4342c8610b0191fffa369a55e375db9c,727,1895
4344b30fb712837cf4aa21f81981a9ff,76,1930
43566b39b4a112d2803ff66267c75273,621,1901
435e1967d6564294c22161c7b22fad3f,387,1890
437bf8d7193a432ad9062452ac474477,751,1925
438e197a62312dce9fe4df39472bc9df,290,1911
438f3e274dc5da4ebf574e383718f893,750,1928
4399724385f93c9d6658541a68320d22,500,1926
439c5afb8a83a8dd23bb12099e5608f7,84,1918
439f278ba4b79270075db0895b441784,405,1917
43a03e892e1159ecd36d1e5181d0d83a,530,1923
43a061e7a9a41c64ff30821a6dbc33dc,394,1891
43f6dc77c62e202b5f1af9e6fbdb73d6,458,1916
4404ddffa6d0d2e7cf2027b81d06d70f,650,1946
441a8215b96339c01e65be56b253827d,568,1928
441b015d5370cb2092f6fff79bf9e9d1,340,1909
441d2829dd826a6b5bd7e7e2633e48cd,28,1931
44213a1fd47f4f10c7bda38ea2b87f71,500,1900
442ef3e1729ad029b3b693bc338b03dd,256,1928
4438e24f7a926450dc5f4b4e15ad5d65,693,1911
4439f9fc1cc7ef11d3cd31a70f90b494,271,1921
443dcf6bb9a3690100bc3c6dd3a707da,582,1884
44618eb384b8f90cebf1e9ac4daa7a5f,489,1906
4473ddf75ae760e6ba4415ff5b71aed0,258,1928
4475da921650a62023cc7628bae968a2,392,1936
447babf2c961ca46b5946a60bf282b08,643,1870
44859eb17df786345ce50c8c961dcae0,262,1905
449a62fd14d5fa31fbc617e6c7f2053f,172,1902
44cb44af055cb0c7530773f8a288087b,375,1865
44e8af61fd25dcc4aa6421b85758e0de,343,1935
4505d6f198467819f6c804e555ca64e5,121,1926
451f54582ea3900f2a7302ab37ef93dc,407,1920
452a94f46fecccd6c29e788bf1d277b7,488,1896
454fd466d4136fa3621718ac92b1955e,341,1908
458eca366a92355c723cc1e4873c33b4,449,1908
458f611e6d4a98bb179c53109135bf0b,357,1937
45abb60f51a7941010aead62c64b99c5,765,1938
45b2a3c9a748cf76b952c3d89ec83dd0,204,1938
45c96206f7dfe2ba5b7c6c905d824e20,230,1935
461c18cadf9b1bc1a761434c68d26902,509,1899
4631b2c576b40107f978422ddd85071b,668,1901
4634e5375798dde559ee39527d986903,492,1901
464eb07fc875e04d635ee8cde7099494,459,1913
464fa3591e7e95f17653f0ae703869de,652,1911
46544a75df37801f2025a5acee536c57,118,1906
46848e57030bdd841913b5b119be1a8a,114,1926
46891beac4b58a8d5c6a51d83037fba5,478,1897
468c5e7c9e304e916e3a18434ef6a1f9,186,1927
46b65129a8cd539af9178ef1a4760153,201,1934
46bd4239570d3d4af35d2bbb4388732b,193,1880
46ca698411fae59c386c10f9a9d47ded,201,1926
46e6540f045598b6f09e10824ed02118,228,1923
46faa91e19ecdd1723673b04f18fa0ce,724,1928
470ed261a4e6ba91dbeaf52c57461a4b,724,1915
4713b5d994ea50a172d101724074e68e,114,1935
47167a9b5c5c38f45a459ffdaabd0ff9,407,1943
471a602bd429d0bb1917cf0c583c301e,398,1910
475b27444eb43cf5a5492572b91c54da,342,1935
4779f722483818e3500d6c48ee17fb58,211,1924
477c9774590f3f853b748099e203b7b2,362,1920
4792b613677247d74a37793d3302da27,650,1943
47a4c728c1e6dba461eff3b6ae8e89c1,446,1896
47c28b8b6f65118698907e38bc04d54e,619,1913
47d5e139957ce1d9fdcded3ef26b20db,564,1925
480109e04f861ac6c167d9e3ff31333e,565,1926
4826d6e1a76a3fb775e17debdd490c3e,688,1927
482db487dfa19934cd4313375fff54cb,308,1932
4838e320f3bb1141f10c36a5a23bccad,470,1931
4843a03de40d8a02ae697f5b53af32dd,303,1890
485236eaaa4254b94819d8260bbc5b5c,740,1912
48a274b15a30d0eeab4ba9b9ca944f6e,90,1932
48a82c3f418eab90e6edde4a60926a26,472,1920
48a94f58c11fec081efc74579fd60bf4,360,1904
48d8c601b20133ee8c6cbd83489e935c,95,1932
48db30d8a183f4ec066b2a02191d2940,409,1931
48e44809716e36da14fec5ac5e2072b6,430,1892
48e98a882135b8fe10457d80cf7439f8,490,1931
48f2e15f461ab4ccde80c04cdcea1cb0,466,1870
49101f240eaf3b3783907eaf899be878,286,1919
49352f2393011d6e3d8ffe3c94720d7f,330,1905
4974e593d75cea0b3275f5fcbe1d9393,405,1874
497570633f0f343952e25f1f564cd235,445,1922
49887a131caa7ddecdb8e792429c2cce,197,1908
4995b934617c6c092691cb4e3cda6ff0,516,1908
49b3d2e58c853911075de38852807503,433,1913
49d3af4bd0e128c9ada253f8b78a7c1e,429,1890
49d879879953ab8f65ee1a5b801a7f62,467,1898
49dcc3870a7fd158bcbc0b1333cc804e,728,1916
4a04a4850e4af6e89be39d1709e24970,651,1936
4a0fa923241726d1cddff588c7655dae,135,1927
4a246b60ea66105a746c5e98478ac2ae,174,1880
4a2578967b3f10ae7d42e0094ee56332,459,1908
4a3db65b24e0631b72b506836ae1f073,385,1911
4a6a8660fa07378dd14ce537e350aacc,772,1925
4aadcac132d106bf38b5b9db414c8132,601,1914
4acdb3facadcff2998c5b4c6abea277c,163,1932
4b0fd4fb3c86c1227804a70673b812ab,404,1881
4b13d8ea35a33fa74097f14796dc7f29,443,1881
4b17c3f57a0e7262d8b95fc0c56e712c,481,1895
4b230e53ded7ced8f7861edab5950fdb,622,1925
4b408470854c33f06252426d5b49fe0a,428,1931
4b447656182be8b4d5db1a167532ef80,397,1889
4b4d200226b81473b20acf47ab1a80e3,305,1927
4b55903e4110ec047d8e30a9896aaef0,628,1928
4b55f6b19e8e5a9f0f18a91abd5003d0,312,1878
4b5efd8cdc4c42a93a2cb3fa6e0cf3ad,661,1918
4b6a83af62d01ea8f9d8fc709ef7a6ef,640,1912
4b6d73be2969e861ccca1906acbcebd2,465,1897
4b71694504b36a377e1e147d8e257b0c,170,1907
4b90bb45775d3efa2ce7cf3613ffb31a,586,1899
4b9a112823737ad19135a184d0e6b3f1,464,1882
4ba22d1c847bf42a34052e38aa598d11,322,1896
4ba895dfa1087d9d3f8c305a81d360d9,646,1923
4bbe7056daa2c4109ac6f6fb39cd7252,714,1912
4bd0552a3f26eb0d3cadac7d1be6f544,763,1925
4bd26ae16e218ee06837adb43002b153,649,1900
4bfdec58c12b746655a754bdf899dff5,365,1910
4c2a1df6fb4d06aeb84660566b6bff97,651,1895
4c381b1f848ccf2a358b27804bee3325,396,1902
4c3b5ed39b4dd54d782f3797b109d8ba,765,1924
4c686b8f78a439b0c97de3e1df4887e8,397,1935
4c782b104a6ca678924eb8e56520f3b3,644,1896
4c802d0435176a0c062ea8e5bfc6f17e,432,1934
4c82d763c680064144a4bb7b7eada6e2,336,1916
4cb735f23d55363eb27d6a0bd9c68629,419,1891
4d18666887666b6bc059957a458d726b,560,1928
4d1eb2f8e0549ff9826e1008cc722a4f,563,1925
4d4fb0f25e8e812bb68fdf4c24b43ea5,720,1926
4d8cf843fe1c03876da92fd64e572fdd,723,1929
4dd70d0b4f4ce74d8226439f480bab88,175,1880
4e396197b19a8e5ca7a95f60f140353b,330,1914
4e3aa4fcd9b4dc1c65c316cebc3f103d,61,1949
4e3ffea2f0e807f7279f99eab6b76137,465,1894
4e560f56910a9106906dd974d3f794dc,542,1878
4e8ddd4af382bb245de491685931e279,175,1877
4eb6be7b87a6c87b4f3443bce40e8042,713,1900
4eccd05a51a9a498c1e6b3b8e51421b8,376,1917
4ed88a56bf03a766ea20604c41d1f018,430,1911
4efa86c073d3ca3fd0800e98d3857ebf,552,1912
4f01535ddc7feb3d2dd4efc824158ead,730,1912
4f0affb39622d840ad78ee86c47c8a19,386,1931
4f1349b97a8b8ddafb150c83cbe4720a,609,1899
4f381aa074394057ecea0d9e464251f1,97,1908
4f64d46e2844dc8870f560fc29816918,296,1904
4f68f44568e2fbb4be7b7eabf6126b1a,485,1925
4f777cf694239f484f1c1004d52c6444,550,1923
4f829174f03d2ff874e499296d08d659,518,1936
4f8cd1808df1874c05ba3a8daf0eec44,513,1902
4f91e2a950d7c64fe98fb3380a71770f,134,1949
4f9414c6461c5bda6faa65a580cfe835,218,1908
4f96accbdb90adc1cff7e5c1b0a62387,335,1890
4fc2042d5eb4f10ca080580adc83eb9e,458,1902
4fedbc20a07ae915c85bf0da4521cfb3,754,1898
4fffacbc5d52f87071f61ec683a3fd98,96,1934
50168fa2249c336e9e729dad40b89a3d,764,1937
501a0203223d6409bc8ae5517e48f1c4,204,1928
5020f1d88a20f4908069245ab0a17e0e,720,1913
5023585646a29fc807c78982246124e2,397,1903
502de44827fc71fa01c57182e13aa08c,355,1899
5033c8ad473fb30380750c5bb64b201e,436,1890
503a24741926f2ad5e904847fccff943,413,1901
503d23c9cee910f1dff1b19eea76088b,490,1912
5043a43557de55b61776cc1b8bad51a3,694,1936
504b93f837d86b8da4c9819499bb9673,776,1937
50505188fa010688cc115d7cc606a307,570,1928
50790a7e49d66d3690a30545b47f5d18,387,1911
50b0fcaaf2f8a017166b3be581f2cb93,319,1918
50bee752f054560e09472da661b96e35,305,1896
50c52d613cef541ad32399a310b6f7bc,548,1881
50f3bcd9523188872cb4f2c1e3ffb5ed,708,1912
50f4e9d4d2f6e100b5edfe310f190247,561,1878
50fc367aa26b8f9b83fefeaa8b685039,760,1924
5103334910977f5777fc91aef7f7043b,772,1937
510e41339bc80a09aef175a1e4c89a09,478,1914
51335ca112828087934e2a2b7d8bfd06,428,1930
5165920d8a8a19234f278e5b537c05b9,430,1908
516ce65626800c1dcabfce6dfdc01e15,32,1909
517b16dabafd875d02b14af4093b771c,591,1938
51eb2ec9b3cda3f229a813f85803530c,470,1931
51f46a905311f41a58fa08d6be6f2191,598,1914
5206bdbbf608bbfe45315cc6c29218ca,607,1870
521bac1b7f836705d520519443c0676a,483,1881
522eeba59051f195a50e0153567a0e68,650,1926
523398675443f47c57aeb910036a4573,732,1912
524279a94f2154c984fdc8c98fbae0d6,491,1936
525096da1ab6cb74dce23a29f02ca0e7,407,1910
52605f28ff5adee5be4e1bd307902163,682,1898
52626273a4765dadd631a5883ffa76a0,724,1901
52898658b56d5942ba61383c6e3ef134,288,1926
52a1e9a0415dff88b78dc9651e9143df,115,1926
52f1a9bffda287ca06d0e0e06ae415b2,617,1915
5314860cbdaa6b307a7a95175dfd60b9,391,1917
53212d8c129b9613a1b5ca46f091f1e9,352,1914
5337403b2e4f79ce07325046d1f5f61f,543,1913
535a6b284456988a96dac543403b1478,286,1926
5360aec414dba16f9c52f30725648fd7,540,1881
536c4d410b0be55f32c6ee5e6d214ce3,514,1880
5377862df79ae18f0a09ba6168d6ca49,81,1935
5384653cad1dde40023185f684a11177,571,1911
538908cb40c90b7b40669f071419f03a,424,1874
5396fe12c9f1c117070b3d36fb0967d8,459,1896
539c470ad69307e13d3d2e5fcf1a07d5,653,1924
539da2b540ac1e3dbe2ffe5bab575eac,563,1911
53c6120f9dd10c29ac905a5abde6b182,549,1892
53d2fb38e663a2ecba44db398947ddea,730,1931
53f33e6eafb0193f78e28f4b2c007a9c,308,1935
53fc8feb602e072cb3f6f48d0c4c97bc,302,1865
5405965b517add127bbbc80b1fdff6db,99,1926
54062c6c70b92baff58248a50e681c7a,730,1929
54275fcc14d4bdf5a14f78b516f4368c,590,1899
54431cea54471137bcbefce071e72c77,378,1935
5456070f94a1b65124a621a333ac9230,675,1896
545bde483e303d406821137fe97b32d8,485,1916
547469924d3e39b38291833af336e5c4,136,1933
5480eb4cdca4b514ffcded1254d61c0b,412,1932
5496d7dba3d48f89c76a2723447c9ee5,500,1913
54b4882dbdb816b020aecab61a9b228d,155,1902
54b5d41bc06b2fb5c66ce43b627f7999,208,1902
54bcdc9c1b7040ae605ae452b309d5fc,421,1875
5515f686e023f9fa91c4b165a9f91d59,538,1896
5527a0f147ba380346f704680a81c60d,530,1897
553e08ad2cc7a85390f17de99429798e,135,1912
555127807435f897c830ee223eac4258,554,1894
5577db65c2ff84ce694b1975db7f4657,713,1910
557d9f35adb8b1ee05976d3da5460b09,588,1890
5586595fa81adb83c0eadaa4c580fdf4,116,1949
55937723ee412367c656aca9ef1799d0,536,1886
55cf5326461e9cb5b03a5dd2612b4d9b,460,1914
55d2e79e6f588d1f0f11886aa975edcb,641,1895
55ef75c6ead22d60db7ce6b42eeae937,248,1911
561f329f911880384d79a8f0dada7e5f,630,1899
562bee552454ecc582ab4f0526d21734,336,1871
563b57c19b986c73dc7355f6f8637586,499,1920
568b355ff6cb674b41f2f8d568d545c7,602,1872
5694ceb1cb9176462a07fecce8835d0c,272,1905
5699e28bac6c1df91216f08f952ad490,636,1912
56a128fc6257f4e95945cc4a059be7c1,387,1898
56a9ad7901b2dd3d872722fb6ac0c2cc,739,1938
56e1a93a79343b39986c02567988c94c,262,1879
56f01ee9d367581d809362137a326388,555,1938
56f472eed04ff61b6d3b6b86c9e0c2c3,434,1892
570acf9126f7b6848c848140de3e4de2,525,1911
57482f09d6bbf74e17d36a6ec4d43cc0,466,1903
57590162ee620eb6fad9adc90713cd02,647,1913
5792c56b4c043c893b7374e38b6ecd2d,17,1931
57ab384178ec0259450a96ea4cd99a37,312,1905
57ac8f9f849b862b2f909afcbcb106f2,264,1899
57afbd17cafd714c0bfda42f9ac0bc1c,456,1937
57b313c3ca9cc1e9dd8c95118acd0c5a,406,1881
57e17a9380ac410ffeac57589ed2226a,381,1935
57fabf1e32607593220137957c726254,503,1881
5808edcc00ff1917f9be6db2069092aa,433,1896
5811ff398f1857081ef2ea4db6abce36,263,1925
581481e80b690839cab1e64fb12b6558,381,1920
58248844257ddc7b822fd05c14810234,726,1924
5833342dc592d085fec5bb4bcfff6e2b,511,1890
585caf192a2c8b7ccb6e36c97c2599d2,620,1923
58898d10719f6378793e8461584a86dc,603,1915
5895e3d7a988154ff0c58cc67704fb4f,455,1890
58a6dfb3710ad77b19be90bf1ca3f69c,211,1880
58bf856bb44c834f63e9fd67f6785242,488,1906
58ca79074555f320e34a11268b1cfe58,440,1896
58d77d61eac825aae6abb52ce27b67f3,644,1919
58e5e32ecf5e1ea7ca7da35d03151763,182,1909
58ebf3f6f58e63c4f2302b12f1d360bc,311,1911
58fcce81c4c578a2ebbba01bfbe79c8a,706,1927
594ded6f61b9001bfa4a52710aff6a6b,442,1881
5956532a511c1894044246a7668a6edf,449,1931
595f89e6d84af086fea4e01563bab1f8,295,1911
595ff1a21ffaee066de07d9ac784ab73,471,1931
59601f54368d751913a3fa0871e1bfbc,512,1932
5974d4dcbccd6ba4c232052895988d96,667,1899
59831c2bbb0c7adc6ab001393039c0d3,173,1933
5996fb77a7bf373f37c6713992eb299a,355,1890
599a955fd6db066d39ca22b4230752ab,151,1898
59b1225ce708d7abe6b637f52eb32ac4,471,1889
59b148535c1af771d1aec50e5a2a2de7,405,1896
59c91b349164c0eb72d66328b230a50a,207,1907
59e1e6548a6d8122b82afb3a946e66cd,190,1933
59f94bc497eb3aabac4b25a596329c19,712,1924
5a07c5dc460a6d64acfd519c2ee7665f,447,1907
5a0df0b45bc3a697bfc5336cbfe03839,40,1930
5a1dc30e63d7173deb22fc8dc2a7406d,34,1934
5a29816510b1b84eb028a5a8f7eeadeb,418,1937
5a2e8771b5e2baf938632e4444da6faa,294,1905
5a430d4c8f2bc88b74614b4fd5c217fa,672,1895
5a655e6bdd8f39269387f461433f3511,43,1930
5a7924d631f65773e481c3c167964901,663,1897
5a91c7257e28239e2a178bb4e74f3787,161,1932
5a9fdc02ed4de7f88417af2402628de2,406,1920
5aa2d266c7b4959a313b445369993432,424,1894
5aba995cd94f7ee94d33f3273a991235,542,1903
5ac45890c0ce6aae28ea8b8430a2a9f2,100,1933
5ad37f59f772585764bb1f46eae8bc8b,287,1917
5afa18cf5fab3a0cbdb42b52c43fcebd,248,1880
5b014610de2f713d6e5b4cbba7eb0e4f,563,1880
5b22262406f476ffa34ff5ab325c792a,395,1891
5b245349a14df39a2519895f7fcd551b,533,1871
5b4f41f77217fc75fb7873f51a2bbce0,496,1911
5b56adaf979ef056f0b6e579b92a7e3d,254,1911
5b728532a2614f916fe6dddcc7363074,396,1912
5b7ed035dd4255e31762f6948a4769a9,287,1890
5b890c9f55a9c1af5d3f0c7c119f2804,740,1925
5baed85f6bae878cc381bc496a506306,671,1929
5bbaeaa6b16e6cc2a936594a6d65332e,460,1897
5bbb3bd1e6e92b07c35d3e17622337ca,378,1891
5bc59e3aa3b02de59a1133ea731c0d61,193,1899
5bc838f103533a487666f0ee18cdc7d1,531,1917
5be198217084f4160a65504f48a62721,254,1927
5c30e9eac43984606fd94f7003b031bd,377,1935
5c3ecf9f27377cae046261cedcfb45e4,293,1902
5c53a88d487d3ca0282b8cdb0f733325,758,1937
5c694b44efbbb66b63341d3026ec05ca,534,1868
5c79a71a67a76eedd0094801ee879647,74,1931
5c7e89a2914852acc88ee755275b8d7b,366,1920
5c8147200c4e3d31e6bb4626de1f0513,402,1895
5c86535ba97bf6f24f7bb22a072fa6ae,290,1904
5ca1d8010c8e21c063cef1974287cd6d,165,1926
5cbef4b6357efc1bedcdc669858fe232,443,1890
5cc5743d64e067434c86f1f03e01ddef,588,1928
5cc8946a857a232e76604efcb245d967,393,1890
5cd11ea294cec3be5c5fc433d5bb0dfd,702,1910
5d175f348106c62c6b44ba96d5248b26,527,1891
5d59951c6bd4d4c51ca4bf83d221f42f,422,1874
5d8dd927f23c1760f2bf4f80d69e1a4c,398,1889
5d984ca5a5a81330bab95088e09d04f4,704,1898
5d9c0b51691c12e1bb5f8a22030ecdfd,440,1903
5d9f640e3b092b410a61f2de374bda6e,480,1894
5dc3e33c804f63d51798880f3ab225eb,280,1906
5ddbec667068ea6bdab5ffa5c362299d,726,1896
5def501337bc16545b1c752df21caba1,424,1881
5dfb26ff60aa3948cffe0648832db375,447,1872
5e0f3b4310538f20362db2e24293b135,435,1937
5ec1493793396531a551746fcab401e2,386,1905
5ec5097bb9bfb03e0fe34dc4f33fe2e2,676,1911
5f035d9fb142b762a3392e3aa5307d49,552,1892
5f411b742ff7ddd73602c37ae78f2e9d,771,1928
5f70426605aa19016aa21d9b3e9de5d1,669,1900
5f8773d2980c8fd06fcf0db984105528,648,1931
5f8cf35a30b1479d24b02e24fc0c2e37,393,1907
5fbc88918ad93673ee105982dbec4257,474,1893
5fd94b688cb988f2c4aa45fa20efbc1b,119,1906
5fe91abe06104f1871e3359f9e79b22e,466,1932
5ff6ef7c671c043e0c0de43e90f03434,543,1904
600afddfd340b3d90c0a3e9106607a82,593,1938
600e9b02e22764d54e02f16a51b1533b,241,1904
6018d689c8e3ed5493784cc6520c224f,755,1924
603a64a748f77865bce536b088713dc6,261,1900
603d2d803c643eef4e0c8af1d75e9776,588,1870
603dfa9a303e0e36393f66e0d741e343,535,1923
6051e0432f06e8d69e2d6b34a0f8bc9e,488,1896
6056518689079088c262b3fda87fb896,422,1894
60722e788fea3948713cb7ad81fded02,171,1927
6097811b8a4bcfcc90a33f5b927127f8,672,1911
60998d2cc2a058a37f7f86ae05ee344e,374,1872
60a9c4fa9545ead590f2d263178c1a88,452,1866
60bd41921e2675a0a819e8a0912c5b3d,753,1937
60c942dbb660c5a660be6a27cc6bddac,571,1868
60e2e4301479c8f09f220af1ea33f51f,460,1914
60ecdf407a373d52685bde730b477e5f,759,1936
61014c78407e08ee60cf96e377f28baf,548,1925
6149640e1ffc7aaaf8281b2290085bfc,656,1947
6161ed8aa14d5dbe91b36a53c674758f,486,1898
616b5758e929f7052f8cef0bbc7a3727,443,1919
617964c20be7654eadbe0766d4e9f631,259,1930
618c98128ac2cbabfba92f452cd0e144,310,1877
61946bb3b27c337bf53c5331b7b10891,532,1935
61a48f9a528a89167d2a8d2be3d3457a,276,1904
61b01c7a371ebf148561729a9e8454ea,745,1896
61d9296d4d534f9f3d2eb60a299654d1,606,1868
61e7940f76bdc6e875aed742f5e24792,638,1914
6211ef335b5c8a151c83f22b700c5995,385,1928
6218d41f72c4d21602f6e288582bccc6,400,1907
6227b553439d58af02ce77f5029c7b26,438,1937
62289bfdb47e957910f1255d334f8c7e,647,1900
62674f8e9ec64aafc5db71876ae20363,520,1916
6270c9ff8ec217818a6c775148bd7c0c,50,1908
62721ba660bf7ca59f68ff5aaa86e6be,548,1890
62761cf720e2cc86f0b7ee88bfa654d1,407,1899
6283563bac810f0f7f6bbc59c13fbce3,82,1925
629ff76211546a5b053aa978be1970e2,337,1947
62f0c8a36c732f47e4781b09ba28510a,679,1931
62f5a432506f16d63531674aec9b9647,419,1908
62f6b3317be4b7f5de3c0424ed273cbd,445,1922
62f83e56b7983fa4ede697d69abc827e,532,1890
6305f27de3a8834f6de9c98cbac8b948,421,1876
631c364e5e8e5c17591f253e4d6d37ea,48,1934
6337de352d43ad92bbb8720c5ee9dbc4,516,1936
634862efcf49762f2a8012d0d1d7684e,387,1922
63c9dc35ea0eeae8feb96e318daf3a72,310,1909
63d1d4ebf29a1e38c6e67604e2950a23,222,1930
63dc828687ed796c38288b2f998a9169,697,1935
6419655960b637d9fa1e631729844b6b,585,1869
643ca3cb228192e340ef5202b529c37b,645,1928
6447478c96183d957527c95f1df4076d,707,1927
644f7362919b7f67d6c4066ce7ca2b03,469,1890
6456339f88aa8998e8d54d81829b3fb1,112,1919
645d8ff5f37c2cd35003b2f13fdf0168,494,1904
6465bc31a5ed27354ada32c7d31fe337,20,1934
647a9fca5f0a7b904adddbad69708533,361,1905
647d75673147b4a24ca53e8320b686c1,425,1878
6480ced7e6a2ddec3179da2db7288ccc,609,1928
64968b2eab2bb3c27ff2b1d914d7687b,245,1927
64b4189190e24671974abf84b38861fe,523,1898
64d3349d841a81b4b0b371ec28c60e96,356,1917
64e78c2902fb333f251a6d8d73bd8940,771,1937
6529c31b6f2f08429a3e16fd9f2166ee,279,1892
654eb41007f29036950eb2eb1ce77600,662,1896
657acc2d49191ef47ba67314a0124ecf,635,1913
65806b064362fd54192d2cbca6cdd63a,366,1894
65a6a41198932eb1f3d16b173777a99b,499,1899
65e830792dfc035c7a2e00d62d30883e,394,1928
6665d1eb2963bcce9db6de45fa748752,345,1894
668651ad42adf9443fbdea32720c5660,648,1928
66fa7e48a5dfdb9b6730c96a583e8a73,625,1905
670d230e114b6259c6e37419e4787772,271,1900
671bd99b0c31f04d1455b8560fc046d7,531,1870
6723750497787677b0966bd5cc28a150,637,1925
672582829499f940c6dd64da953dd344,753,1910
67341d8a1516260f61fee83d57a06be6,223,1903
673a5b2d8b231286d6d9e79699e04e9c,368,1911
673ffcdc60fddfb15906671051e92f10,320,1897
6745ba93b62a75d53d5277833439b86d,385,1919
676e592510fbd658c66dbf9a725b2ac5,345,1905
677d40b9e7ed0c58d20aa6556c79ae29,388,1943
67dca930ba49527bd027332b1b4ca901,571,1943
67e6dea19aff2fc6f43af2a10c9f6f3b,454,1897
67f41527bbdc3994b22dda3a5e0acbb3,289,1910
68062a7e5d741e7bfeb076969567d00e,570,1868
680a86f06d912dccf8e4fd24e71e139a,743,1928
6821177a257d602d72ee4191ed436043,180,1932
683be8f7aa8fe5bb97e5f5ed7ba3ad80,134,1930
685d71472e59061a0eb29e6764847c09,436,1937
686d6b2e294e8fef16d7e6ead41346f1,230,1877
6872f0afa682f58e86e0bd32e136b0e4,365,1894
68773a7bb7cf6af97e9e04954ee8433d,727,1924
688195b35f082c86d7ee64467984d56c,586,1903
688839d32045c2715618c0876091ac94,538,1908
68895812748fad1ae27ad694d4ec5420,608,1900
68b155ea24d82a44b3d509bd5bf76e77,472,1865
68c9c4188387be4ebcfd5e7ad11ed4c5,245,1910
68fcc80444dc54329efcdde1f472fd73,169,1926
691197a344cb932baa7dcd5f2cfe64bf,723,1931
69159fd8d08d1430ada6511b4df9d9fa,533,1906
69188e336fb7b1fc5fda15cdebea68d1,355,1933
691908516e82b1872d000fa09a71ff23,382,1900
6937e1c91eec0d48fa2f22d9f206bf92,668,1930
695ace6e5e91341313a8800e9295288e,231,1887
69a8383e648d021ed4db2e46617c7d1a,79,1909
69b0de63726cf5577c70077676b45516,487,1896
69e1b49d99c3c127877d2d4c1be5fb65,722,1921
69fafc8aa7744cfe2f0cfd9f67fe9fa2,528,1922
6a0509ef6ce5834eebb1a22983898488,455,1886
6a1ab61ccaf77ce79b684cf179ea1849,347,1909
6a320b4f0083e4bb8615c71c13860ea0,696,1936
6a3de4a3e8e122d9229e776562f23625,677,1911
6a4c9e99f49c5a1a88be87f073ec33d2,172,1934
6a572a9ffe1f895bcf7796ac8df9b2b1,583,1928
6a65fd470178c2b1fad4bc1f53184821,483,1876
6a8e6af817a7207cec3c818eb8208de7,767,1926
6ad139b92f9a36af4ca6798f90843b27,502,1901
6ae1d4d936c1e810da49ce4a53367dd9,145,1909
6ae4d64fb9b9293dc848369c48084711,303,1871
6ae6cbd1e004acbfafc3cdd169da06b5,573,1893
6af78ea25038adffa7707947e23a3bdb,137,1906
6afbcb94b13c155304664bea78f0b223,338,1934
6b1663d461e11307a60b731422c3e1bc,329,1898
6b16c3faa3f962fd47b9ca00e777977e,599,1914
6b3523808ed35f5336736bf199c1b686,504,1881
6b4ce719479c7dda217e474f7edeeedb,364,1929
6b76a7216fb5c1f21b2247c64725d588,392,1915
6b89b646c4b8f66fff777a2b96bc4db9,485,1894
6b9cc9c970141fe43b6ea5c8e528eb30,432,1868
6b9e7865239fda9b5aa961abd72d286f,115,1899
6baef8d114c6d2b41a5f53a383181929,29,1929
6bb2833be0058651fbc1c3fd865296f2,570,1913
6bc0e2174c14eabd185103f12ea9fbc4,230,1880
6bc39635917556b63ecec81cbc9df7df,247,1908
6bc8a0f8dabe79332d3e754df172ccc2,762,1937
6bd35dda987c1bb3e3b331691e36373a,581,1899
6bd537a4eb010abcbc2d2f558a18d5cc,92,1928
6bdb53844600b118554f640826a38172,324,1935
6be6d532fb001cdc70ae48bf46b04d6b,304,1927
6bf35c4b0e0a722ac91e706f75eae8bb,272,1919
6bfdaa9a2ded66fc2566fcb796a5aef3,495,1893
6c08b9b4a6b4dc3983a5235b85933b3a,682,1910
6c0960424c29d10f30e34000b5d1b044,491,1894
6c0a74391f1fbc5d3dd48436c1b2182b,706,1949
6c21eab17d0544d9fa16895a262f1c79,227,1880
6c69e13067a421f5bf463e557d9df631,426,1894
6c83f053564bc7840ac836cdd1715a9e,401,1903
6c925e9227042e1d4e45a9d589525fd1,340,1914
6c96f14b34e6596a9727e75b4a6acbf5,645,1869
6ca0e105d593a85ebec73f6ed8e7e4b8,553,1918
6ca333cbccf88f2b9a7d3e20fb6afe26,322,1929
6cb15bd0386d03fb9c7be624779b593a,200,1909
6cd4390ba93e948374cc5c70f0886168,199,1933
6cdb76fd34fa3ded97325d7ac8003d46,531,1868
6cdc814219b0fc7b0b44b30b4204947c,601,1896
6cecd6aa5811d241f6c1f703039135fc,227,1923
6cfb37c2a36913e46a42a1f9fba6e939,157,1899
6cfe995f1c392563aa3f9532f214fbb2,346,1910
6d1ec13f768f47da63ff74c443d76a16,174,1917
6d3bbd21645cc8b6ad090dac33645e12,476,1929
6d4dbf1c17bc554e2155a2a8fabaca73,205,1948
6d51f16fbccf278b4fa328500afba8e1,731,1912
6d573522cfc8cd68c713142e0506cb3a,4,1934
6d69083f143ad1723497f14daa5a99eb,393,1933
6d84008be3a42e7dbf4eaed71e783410,474,1927
6d9aded66566cae1617249d322e3ff62,339,1897
6d9cc23f8025a59a978aa9b9e27926e0,226,1912
6da6408f25d14a2ea5c536a83e7e8307,534,1921
6dac837e38117a6881cdf3d6a48e583d,386,1910
6df23ad94fa35360b5616c72a89ea392,306,1931
6e02da4d8b8bb8aa1823b4fd7f8dee0c,463,1911
6e09919e466d60d028aaf67ea544c64e,337,1904
6e0c14d4cf6d63cc5386f230ea4c55d8,633,1895
6e2f501655e742600405aec255350f91,242,1912
6e38a94041ea8834d4f87bc4caf8f7ac,674,1895
6e3b94bc746aa70be77189f6cb608912,173,1919
6e3d7e256b3d9b860ffb1d5fb1ce9387,587,1870
6e6102e58d0f786537702df490385a1b,537,1895
6e6cc8d4427637a587a187f84e8f9a8d,409,1898
6ea483e9a74d3f1ecfad5f2b54e56e4c,633,1927
6ed08137cca535f24f9e4df9b56f3d44,368,1894
6f2680d38291b061a0d12a4bf349efa3,313,1900
6f286068eb118ec2ae97aec7df7441c8,60,1930
6f2b6e3da27d04f38dcde88e23ef4259,680,1920
6f47dccfe4df894adc8029e961fdc4d5,409,1911
6f774d0214ac408e8f5428d2c12111ae,206,1904
6f8fa7a156f2f08b8378c700037088a6,399,1936
6f9473da3cff7c2c12b27e0dc109bf77,481,1918
6fa48e5a10c43a9295aa3d1eeb6f9390,615,1926
6fbd42d55775c8661f044df6ea9b7244,708,1931
6fbeac60f8568cf49f68aae285daaf54,439,1876
6fc647ae5a1befef02e8d2d126789c21,427,1917
6fcb0a05dd6ee304f59735074656fa22,369,1894
6fd6ea6def2d6d5d5f0c66eb78d87450,726,1937
6fd9b31b61a4d4ef4a3c2e5208dff233,320,1917
6feb2c506b5d106ced8cc3e57e30f6bc,367,1890
700e6fa14cb1d4d8153fe76132978f9b,514,1916
701fe25382863fa0e8300e1f1cedbf7b,526,1894
7049d2c460fe8d070f1d9de6b1a7a3fd,512,1892
70654101b113d89fde9e542d0c5a9328,236,1934
706d691ea4b2e909dd4f9b6d29b66dcc,297,1906
709df58973c3d6909c4b1bf3463c9df8,150,1929
70cf039a2763547dde5d1c434f8aa549,531,1890
70d4b5699cc11522e4b5ab50362e6f35,511,1900
70dc55b48ef40237369665419eb2cb58,533,1903
71026c48957d4503a80e2a1119d9d45d,413,1894
7126eae5f428aa9599833f15b321a9d6,583,1922
71461e553c8609680f8ac6da0bfcf794,358,1914
71613e89a6b4352ee88273529ad835bb,756,1937
7169263c84a4e69ee4d406185b3c355e,185,1934
717a1b71ab418ec3d9d917aba84ed2e0,581,1870
71913ad2a3bdc44535f906c548cad54c,494,1885
71a057836d11c2f4dbf9aff4ef9c5094,431,1900
71bdb78d2d6cf6c3dbe8bc7d2681c4a5,771,1925
71cdb49f8e5578b61c6c873210305757,391,1931
71e3908ee7943f659874c7a33f18403d,776,1925
72148cef0bdc8ec59b5932390f29a45e,373,1890
72254129471f9c9168c2fce531114249,412,1907
723455850d5bdfec1084557d3de88737,442,1926
725d47c3ded1f4035430445a33cd7c1e,111,1928
726e76da4c236dcaa6c8fd74173112e1,423,1913
72764bd3e1e1c01bb0f838d04f3eb7c7,465,1930
729ae2e6409284e272d1b5a16143f668,570,1870
72a151c80f2e71814400e0812365ca56,568,1909
72acd4a0fdc902c760c0a68a79865d9c,527,1874
72f7cb32bc09ab93fac8d1474c346451,421,1924
73216c2ffb43ee60b4e7147789647c8f,27,1932
7329852cfb83543da93e9d4e3d2b0b91,533,1931
732d10c924e10d00645ea3af047425e5,560,1904
733e3dd703467bd9004f0c16b4f9824a,520,1881
7348be6441e8647b8378035a7a6c4b86,751,1936
73625fa4bfd1fafbae58321210c63267,741,1928
7377ba8fc082db6ae0683e29ffe0d575,589,1899
738b03a70fd26221ecc73d299fc443aa,265,1933
73a43a6434eb5b3ed5508cd398eb349a,402,1902
73b3f0172346212197e1d8526d842c78,254,1933
73c059c1c6fde1b79c745a2e827975cb,80,1908
73d59ff4692c1d9b80615ae8ebf0b822,657,1912
73e83ea31b435363f17ba865b6b85635,570,1943
73ed06344742b19280ca10f59074fc3f,690,1901
73eed00072b111e6198cb3c18c4c7654,331,1894
73f05c3723fae9da2f2a4e09e169c8ac,696,1896
74177848a2043e62ef2c8e8b76de003c,114,1915
74a866b3c11c6f604677b0e5d19f5891,490,1895
74d1c98c948022edc3ccc56ca20031fd,657,1925
74eb04df09f414a4fa26309ceecc23f9,345,1926
74f4771614cb20b2b696bf42d6ed6af2,452,1891
74f8ffbc9386ba687916bfc66345eaa2,415,1903
7504c6d1c54bc091cf92b2971089c413,305,1911
75640ddc524cebbc5071aea3249b9e19,235,1908
756865f31d077c2ab79de3021468fa7a,517,1915
75a4c14544380706519a7c457291d35b,442,1919
75af41c33b9f6f83857061242ecce624,410,1913
75b1d038c317f1d7c7e359d1a7d91ed5,606,1869
75c52cc8baadc5554ef9142832010cc7,369,1905
75cb25f57af1dc67940541d591a7484f,408,1920
75d1dc5db01af593cd502d4520e68f4e,292,1906
760a6f3a6f70e49543fd45d88c1b7065,605,1912
7618f11809cf1d400db7400ada37ead0,257,1928
763d52b58be85bb0301876d30b210e0f,562,1894
7653f532e735bd9171e485ae70a7a0dc,458,1892
76603d347d7e346fc442ef4c87b1c643,613,1867
766fbee4b02f403e43e68d9acaf58efc,280,1892
76875db852f978535a1b8efd2585d62e,726,1937
76914245df96fc1210ba5d3aa22463d9,294,1892
7696e975c2e7a483a5b2532b87231b7e,501,1877
76a36106254747e3d3ac89d7e0839407,441,1928
76a39869c9020164d53baee84ba22687,768,1925
76ae3cae5f3ebcd636de4bf99928a21d,708,1927
76d4f3dad85f9b6d93133e549b0cc204,580,1895
76f9fc0455f58a397f979e9ac1a06449,338,1865
771b44f13b5d6fff2afe210c8554a8d2,470,1891
771d62749ffa5be0776b0d7114da6f8f,521,1881
77254f66eb470b6d5f8be2552ab9b4ba,766,1938
773775a4349f4b6933f150c6301caa6a,450,1908
777ed6b81a2fa16830f644592d6353c4,98,1917
77dc26ab81c5c620cd34ee1b56820151,156,1917
781c03dd87a9ad73b2c9421848ff2e06,327,1877
782d9b25d2030560c3a180b743294df6,393,1933
783b42e2c56ca69b530546f63d64d3e8,587,1916
785eb5ab093b759de1a9d3aee7b32c8d,423,1894
7862d61cca031ff387c6b1cdeaf76825,516,1893
7884d79f300750f428a93810727820a4,441,1920
788b1b41ac5eae87a7a72083f2eae3a1,154,1902
789025b335c5d1c7ab3fd152d7fe6d1f,115,1903
78a6f54772ce747b46f480519040774f,421,1898
78d4c6ac04c8cba8e547d0425b6c5cbf,586,1902
78dca83f592c4fe60c864e92ce0ea0bb,434,1899
78ef9d36692b2a5d860e81acfbf4747c,346,1900
78f7fb9dd9ce11127eed094b36d7e2ad,361,1911
79043275c62295d7f01901ecb25749bc,484,1897
79153274b0374f59f7ca22c18af76004,752,1937
79352370b3573a02b3958b875dd6eabf,432,1892
793dfcc1cb06b3f86c89ae1e039d42b3,218,1934
7945fc01d1ba7e677538f4b0884716b7,309,1894
794d94d59f35857bc455b2bfc0fa8989,521,1898
7968b2683c04490f97d1b081746f546e,678,1933
7973eef5e1bf3ce2514061bf79255288,307,1908
7978fbb7e2ac13085b5cd33c074d773c,565,1869
79794caeac907e9ebd366613638e5235,521,1902
799e775f7614f454533f753eda019aab,657,1944
79a63cbbec656a8d88deba9b33f3bc65,307,1904
79cdd80e1ae1175d29e50882ed68f539,438,1898
79e9c20884dfbeb0a7c602ad61e1c819,228,1887
79ff36fbab908995ca69939f57a19939,448,1897
7a18fff4ca1c3321990086e5c2a800b3,206,1940
7a1ac1fb125c59bcdda032045c97cc0c,440,1934
7a24300d27578fec6f57242c58767c13,176,1878
7a326b3ed0ea822cb26250e252e2e888,733,1928
7a35aca22128e1095c98a58de200cdb8,151,1930
7a48b7cc230436b2313061be828a1cca,457,1898
7a505ac23c8a7f39c5bd439204bac720,452,1909
7a84a05d75258b0dabd7d0362e1bca39,220,1934
7aae1e2cbf25b6899344f085e664990a,67,1908
7ac30907a3b24f034951e91cfd3b7ed6,318,1890
7ad109fac91c0b3f9050d00c43938c03,430,1900
7ad3eb931fe86a1928cb45c115e5657b,280,1899
7af0e6c566b1ebcf7ff427ff33da92db,243,1912
7af2f6321a4aa02104cac71061a217a9,470,1890
7af9865e048181737f6ec30406fdc17a,139,1921
7b01e7d9a8ec5dccc1b7e05cda6e734c,481,1918
7b43b793ac5102c29042a74c7a16d654,457,1894
7b5c324175f916ceceddcca33d546766,625,1920
7b791278fa51a38bddfb1791f1fc6df2,269,1933
7b7a50491fe0abaeb51f8eee1d50aaf9,414,1897
7b8965b01e3a22d37f02ef0cf6cb6e17,441,1921
7b8fd393bf3915dfef89e00b59ded95c,513,1915
7beeefe6c8505790e240579dd5977e17,138,1920
7c013f0353b081932c0e86fe49fee1de,568,1900
7c2eea43fe12aec4aa73093b3168db56,608,1919
7c3a9b5c8e31224db71e059ccd1e9ee7,359,1908
7c4b5748d35b4416175f49a200444337,662,1870
7c73e2ef6730ed3b8d631d53e29bbb39,739,1921
7c98b835ba6e2b18037b0e9298e62cdd,267,1933
7c9d5c037109727a32c96281da5c000c,369,1932
7cd0662bebdb9b39f08e7daa3daa25f3,496,1892
7ce646ea3d973d9ee28f594c3369f6e9,368,1905
7cf2d1e45163f77688f9569ef35e77c6,576,1916
7cf6cf2dc6a59b41ec346896ab6c8485,491,1931
7d0bd9e4b880d4a8c4d15c5126c9841e,433,1865
7d0d8d72cae9993fc7645f58111f178e,145,1932
7d128e764ebebfc4bc6b274f7192d02b,665,1898
7d2750a0b04fc50c5005fe2155bc61b5,488,1912
7d879a0e6e5d6372fcab681c484fc77b,311,1911
7db80b96c5d690c87bcc9018d7e49f18,411,1925
7dcf36cf06d9ca1e70b4219ca0aa027c,495,1916
7dd63889362954bd412e5992ea2ac819,592,1938
7dfccad3e399a2d7b5482c108c980016,702,1925
7e034544d9c6341f7b511a96ff5549ef,534,1931
7e176d33dc710d1b236f66f2b7331473,240,1940
7e47c21a45645ec6a06833aa5658e714,567,1874
7e484a9ec557129c32de3ea0667de36f,367,1905
7e63a5637c79759b79d6ef6c8c8f72db,439,1934
7e8eca0536b8790f2a553a2ef32a7a78,508,1870
7e98658cd7a5b63a618e741e3ee3ceba,426,1914
7eaafd2692feb17db5a1f8d6fc4668bb,544,1902
7eb616429f942149ef94c0d41f455fd1,375,1917
7ec98ed1beaf6d2655192cb03b395640,224,1904
7ed18dbb4f07393f388e868a87cd81d4,290,1923
7ee3f7be84f2706d3ae573ab059181b7,496,1928
7ef88e41fab5f3ca3c32d30fdda9b30e,753,1910
7efe4150ce34b8fcfa4388448a184c71,650,1912
7f02e510423caafeff14420aa3194883,227,1910
7f0bc6c8088693d22d768f82c0693b19,501,1929
7f0dfa80b27e3f1b7a538054403d22fb,355,1866
7f0e1e07787d8d38a037dddb7a9c9cf0,405,1890
7f2a286b83484fd2585b575e5a20866d,484,1876
7f2d5142c2a0e8b4d174f5aaf4c2bff0,545,1896
7f3085634ddb5d054e03df1778edab01,444,1914
7f351c3e196a1272051b91cd7a7fe9f0,774,1925
7f46d803e0fe4479477f99296a1f6b1e,528,1921
7f6a0eecd9bb518df57a4dd44f5b9eec,354,1872
7f80b2d940d93373967a12f0cf90ac56,389,1870
7f84c2b8a3b772212a48138e90874d6f,557,1916
7fdab07a4b754dce7388c3a66fc49a9c,605,1870
7fe1a537335e5a1d8ed7e9d72308a95b,373,1933
7feee1940a91c94229598a5d6dca615c,421,1934
8028cd7c127d786055e9ff281b16d0f0,373,1915
8034dc418dc9bbc6761ae2aa1a38407e,448,1897
8060b779c812006c3054546e86f5234f,486,1916
8066e5850f40303e84d4aed349bd3c50,354,1935
806c76623e5e60415c131c09d6246c48,110,1928
806cf8b7b21e889ad8628d4744398656,319,1872
808be71957a9fb8ec0c270e8f4940d4d,453,1886
809b1cd12cdf2380f98d1dbd15f4a832,691,1912
80c37a3cfdbaf3464d7f77684b48cccb,465,1885
80c7c8634eb9894ce4a274f5da07d87b,757,1937
80cbc8d92f65756a86b20c0b7b1b05f9,339,1890
80f1bb6d95ddb155124fa002c3e70121,383,1898
80fb432e4ca0e6430892a638461bd26b,420,1874
813ea8669aa55065491eea26dcb60dd5,47,1909
813febd2e44401245e28b49abc6c1b87,565,1887
81839223208b431eea932a71e6ab0af2,327,1905
81bcef779c7eb420ad724600d444f501,486,1870
81ca9e1a429b843dc21c1a75bd104981,525,1928
82216213777f2bbafd5a5b07d76711e8,341,1918
82554cde2d7758d895480b3d281ed9cc,343,1905
8266f7358cb8b177919059c0212724d1,654,1895
82962eb033ada2adbb8fdb5b2fd4b8b3,175,1899
82a2467f320a95d823cf62bdc257b7c8,46,1910
82b8fe2c1d878b83d3f58e831b4fb256,361,1934
82c225649046bf3dc61f2cae340131b8,715,1913
82d148e7e9cf25211eff44c1243cc290,230,1910
82d2b9192730c0854cae33cfc108f226,458,1904
82e48873775d62bb7e95a6dc57cec801,586,1868
82ea8e01fea1d538cd62117f03f0e2f0,318,1916
82efa6373bb4bac50b234f8d948616a6,511,1931
82f1b6d46c58fc50b953994f6bd67ebc,669,1929
8304c3d2a45f064716bd6e39b2909a3a,546,1892
8337e51b9a7997af3ad04aa9db60abcd,501,1880
835215a9cdf51fe79fe971c9abe58193,418,1891
8382744964274fa95b1a1033ac8b9a6a,718,1928
839c715031b41ffa7394480f2f13c1db,631,1928
8400187721fd75c80dac2db6b4de7f58,483,1876
8436ceb2b7c83b53d7a7c4984962d945,225,1930
844bba3f7f22932dda55c30b55f8a85c,321,1933
844f29b4e7782bf360fd18c8f71b374f,426,1881
849dc2f0cdefcde2f4a688a6a1a5a1cd,609,1916
84b68c9171d46f551835d7468ac193ea,497,1896
84bd2d3625e6f2c073f5bb405dd26729,642,1870
84be2c70fc731320ec19bcb22cb9fbf7,387,1881
84ea8e75c6651c17b1c1f997e123d075,675,1936
84ef8dcab5c6e609ec5cef35451b313a,532,1920
84f9d7f50ff7fc919c248d6b16d5b834,207,1905
85238a1e15f69e0419cfeb24fe14ecf5,118,1934
8529222226d05fe7a6c8aa1b6c6872f9,344,1923
85433b4af4ae7fdb7b4248cf9d59c084,379,1912
855487fb133d338bcff13a3e1824b486,565,1895
856353f8d8cac73c9a4762d35b1bff4a,366,1905
857a2b7ffd31cd2a42e20250c1114567,292,1929
857cde183abeeaaea5a7479c175c7fb6,766,1924
85904a80539377ea16512ea21ad32861,296,1907
8605124d8ecc4ff159452cebd0c4b993,688,1931
8609552fef00c25bfa47ab1db1fd6871,328,1908
860c13ef4ef10a2a86d385a397d74f7a,367,1913
862380d3e3f22571bdcb071e3560cf45,500,1906
8630831ed41e37bba1aa60fa63aad4dd,432,1936
86724358fe6298d4cb0d1f5649c849fa,601,1870
867b16cbb4a1dfed07ca35ba83f99058,412,1866
86bb9fd8290fc823fd60beb28f0d395b,133,1917
86d95ff8b0ffc6f67c7ee819ca26c122,567,1872
86f5af35fb1f8833bd8e46dd3a6f8e06,63,1934
87068fd2b36a7e9106cd90f75ee56528,248,1924
8709e0e1370e8890911993f321c46c12,312,1894
8754e40d594f47a12c41e627068f9c5c,272,1933
876345b481be04042b27ca583e0dad28,427,1932
8791b3c87c4e9c5e8f27cac26201983e,521,1916
87cb89bbb3a365bd1994e9d3f7db2f20,355,1915
87d25572f996868c030a08e2e0cf30f0,439,1924
87feac854be6c8f7a33b81777e0a6782,428,1912
8815469561c20c3ae8d4f26bc111f628,639,1926
881d5e5920286ddad516253000b29533,364,1900
8853ede4f7dde3cbe1037f2a3a7e47f1,417,1912
88647d73295621d61a1e036df0ee5b0a,97,1935
889824582a7e3fa9b0a9ad1d71d5d29d,529,1872
88c8068766951ee880ea6b7fbb43e73a,689,1929
88d7ea8f523443e579003a2c4fbf2d67,438,1929
8902cd4fedaf284f8c61d94557bf5e1c,364,1916
8907a874c178a5195d33bb0684b85c73,462,1898
890b8d08918bc7319ef1da6415a09c9a,647,1900
891cec7fa2f306b33313e73cb593d2c8,342,1933
891dd865c3b3941967007e0f1364fc87,536,1908
89384c16ef118dd63519c1ffc57957bf,554,1868
89446942cd41950b31180f06e924e10e,139,1881
89600f5b1d18bf8a464ecfcf1de8b3ce,679,1920
8966deb2215babcc1ff58f058ed06891,530,1870
8981ff9eff298d0cc315c4618d2140ec,464,1890
8983dafbae9d099200183af9a1721653,326,1935
89845fa63b94795ae033fa90c5ed2dab,579,1906
89871eeab10a897e70130d24898ad875,765,1938
898e8f439b404abb5efbcfab30babc3e,451,1898
899db5fdf03f825ae71bce7bd939df8f,521,1927
89a55b9ebf6ab353f80f816bf162412a,610,1929
89a5cb895c6f5ed38990d0b15a508402,313,1892
89a90e254a6b65525416a33c9deea8c3,413,1933
89dd15827b85ae9400683ff1805b6a17,253,1900
89e3adcfca3fe38af9f649fdf8bfff86,379,1912
89f282efef12e29e1d74acd6087fc94c,420,1923
8a0836c7aed07d108d630d57af823277,543,1900
8a236ca4cf52462d185f5be0be991066,388,1905
8a25085535b3e1788a5861c76241592e,361,1926
8a2b14c8e37611fdc990a8efe52b8605,628,1900
8a69a6e4a9f7758f9d48974e6d4f8637,567,1900
8a82ad54420c6af94e80ae91e07c9db7,565,1916
8a92a91520dbee43f1cdfcfbd7987e9e,446,1873
8a9dbe7b0df7e045702ae56de5ef3070,431,1892
8aa1d089ca04ae7c5946cc1300de1640,335,1914
8aa47b41aff4c1ebb1da8ca590e1d4b5,20,1943
8abd73b521045427ad6479c262a75079,101,1917
8abda3e6fe937257c80746840ad6b9ea,53,1924
8ac8a1400badaa5ac90cf1181f71ebfc,683,1928
8ad582601147aa11bd3dd7a06f8339a5,604,1896
8adf5d078e1bce4935dece581ad0ed5d,773,1937
8ae19b1e3baab1ce84549a382c8dfe5e,336,1933
8af47d76ac6023239dd321a32cf10c15,432,1869
8b0ff6a11c9274b46d316c28a267d110,463,1930
8b14012ace5e816027e1f941a8214611,701,1913
8b1bef124473deb6a9d7351401adaa12,395,1865
8b3076319d32f48c267b4ec5ec82ff62,721,1926
8b4fd732823c1e18cbfacc7d417fc6c6,365,1913
8b7c761d803f5e5432281856ae759264,229,1935
8b83f94e75c65fec882653c54740abac,695,1936
8b87de64ceb053ae8007e787abc047ce,149,1926
8b9058c3177c406a1f45171ab760b410,329,1904
8ba34d27b35df72864e269dae59427f9,731,1929
8bed1ea5668eb6f12ed489634497fad9,96,1908
8bf8d50cb99fa39cf60460fddb05c4ba,448,1930
8c06c3292c92d94f9bc85899c750a702,530,1906
8c2b4d4059ac604fda95e9dcf549c4c9,380,1918
8c2f9d1482aff163b29ca578e1c8bf2c,555,1868
8c41703c73cb13869c59a78288943eb0,376,1865
8c50caa1c743e663fc09d8e3c3cdce02,138,1899
8c54cc7053fed2003c51aa3a15789790,291,1908
8c73ae914d9d6d922d61fe5bb4feb7f3,119,1933
8c9280f744623e3c40e21960401f1f93,99,1935
8c9d6e26b4c23f52bdc3a9b13131e523,673,1896
8ca0e932d6914af424ab140bcf390efb,425,1874
8cde162bc5424a0a86b8944a99b08a39,628,1915
8ce03e7f2e57bf6004adc7c474ef4b56,546,1910
8ce2481c4472bd159d35855e99cb4290,470,1872
8ce5276086105f06092bc370306a172f,530,1890
8cf685fbdc01c4222d3238edacc55c7f,645,1921
8cf68a63f6bbaff8434bb4dac98dbe97,610,1899
8d02f2eb6dd61b590319344545baca84,495,1927
8d0c286518fcf1b0d2484005c16af6a1,529,1929
8d1ba9fc2e375e680066985755094fef,567,1916
8d3a68936d1af07c3deb6e66e1b28b4c,647,1930
8d49a1a1af24b0c61534fbb1cd866aaf,521,1911
8d49d89a5899da05ab84bce1d702b460,358,1910
8d4d68f6559b97823cfda3b7cdcdd999,42,1930
8d5012960dbb48f64348513cb9026e8e,122,1881
8d6e32a143cd010402d6b35f99cf7413,287,1900
8d8abe3e6863cbc9807270f508f6c302,747,1938
8d8c90bed7a92ef8abc50f25c8e79fd3,596,1916
8dae176c63c2ea6c62d8cc0ca47ae63c,405,1881
8daec52355680ab718a05400724d5292,494,1907
8dd9f52dad392044535dfdd2c5477ba6,706,1901
8df5ce616ef9c4159b2a7fafaf431688,216,1908
8e08693bdeaa03acae86ac95ccf8d57b,739,1927
8e1326f991fd6acaeb83e05d6b0383b8,339,1910
8e17d84fb0766cfd12067af3a1ef88ce,525,1898
8e342fac8876f1587ec2df4fc3513265,337,1916
8e343b40e7f4d9aab37605d65721d508,159,1936
8e6eb30cdb13e6d8e26f07feef8ab3bf,388,1910
8e728b197615d8984007758a16fbce16,48,1909
8e83bdace3e4cf4be9bdec8d2f7fd5a8,630,1930
8e9fe17995f646c992b1492899677c19,469,1894
8eb55a97d190d098b7fac72583bfc0fe,175,1931
8ed8bb5c9670837b834d88783b77cc01,602,1896
8eed3fab1bf5fa429b562f9b689357ec,546,1874
8ef618b26af28483e8d3a6ce08f5d63b,561,1904
8efed37ef41b29f9b0504442cf88fe52,544,1928
8f143c960af60c6ab413f17bd302b0b5,700,1929
8f150717fb0659c3774f5de8ed22a33a,652,1895
8f2b971c50f3edee426a33a3d81fb186,527,1914
8f34baafbe5e2a9df5cf3f1466702625,58,1931
8f37797e927d68442b6324b0d9b72a23,440,1893
8f58e5b8b04a0ebff8845ce33d11a56c,775,1937
8f73d25c27edd66190959f0c7a365385,566,1900
8f7e9ebecd5ca7cdcaa09acfd3fe41c5,447,1890
8f8c9521c02160cbc372a0e223a15413,122,1899
8f8cca172c6543395b789769136374f3,303,1933
8f91a4cb1b6aba13dc1c783678018225,198,1908
8f9396683fda6ee9ddb10f6a80fbe995,552,1925
8fa4ba4f0551f056c016862d44505cff,693,1895
8fd990d07da10b5b2a8087cb4f5351ed,193,1910
8fe5f8fd5277d9649cf24df9a069c044,199,1937
9041e031f252c1c42313f08f5f3666c3,510,1900
9045ff25cd7d9488491a56b9c799d3d8,66,1926
9059d704ec59f0ef980f51c3a62596e7,383,1877
90a4bfc50fcb71f4afbeabdb3c2b9346,549,1929
90a791ae6a190c5c2a1c911381a9f670,109,1932
90acb364a88c4ad7d40398fc94b975d3,396,1926
90cac63b397f6efe777f39d26b98b9ef,563,1903
90d723587d5d8f50d8d344837928cabd,572,1895
90e6cfcbf1be0cccb2217adfd3b16a87,641,1903
9101245f47dbca8928aab7973d8279f3,394,1911
911d55400a35a8530dacdab022f272a9,725,1913
913505d0d55dcab07b0f65657338e6b3,490,1931
9138705cc39d7412183e0b098d4bb3c0,255,1929
916863b25332ea89e8940419aac422d2,230,1877
91cefb8b8e3fcffee53d128fcecd5e56,132,1923
91d869f6083ae7999d1f0f6858dbe55b,446,1920
91e1299444aa382e7262b1ed3bbaa677,490,1872
91e584c8d7b19f0ba1bb2d96bc7d87a2,493,1898
920c3874b07f5ad1b3a2a74ca62f8861,330,1938
923ffd6ec55771c8e03c0cfd3c76811e,97,1914
92437e13b35512f02337cde18f35d819,376,1898
924b702e23d0c3cbe56c72aa6b6ffd31,152,1918
92635ca00af8d4d274e15baaf206aa94,328,1904
929e10657b42daf63e6394deed7d08e3,205,1912
92df54482f55fef0636c1564944dd0bf,212,1910
92e83016ae7ec518ac203e883592d7f3,353,1872
930349a9c7baea33b89227274eccdbcd,644,1894
9323bcf92012456b456348777ae1515b,582,1870
93479be521faf1979f2f68feae5cce9d,207,1930
9348ec3c3480be29a3b8dfccc074d8b8,680,1913
93557d51fc05e99d911174d87e3e0d23,551,1872
93696739d9d278b6916e1d2ca2158454,572,1923
9373c9b9e5c294eb15b474901dc0de01,101,1907
9395e94a8744bfd338d40ea48dff8c67,602,1921
93b54d30af1f0422977e3631e8357490,223,1940
93bd90dd39f23a2cf49705773e24a524,662,1913
93c31671f04131c16ec3e7b5b1d986ef,286,1933
93e43458899aa27e4059a1c2f4fc6a32,573,1931
93efda00091ff8b07e0139e98db269b3,209,1925
93f07ec1315a9ca610daf8314937a3f6,119,1918
93f1836878e849fd45d9a91e173d45eb,485,1902
940fa8df4ff055c503c7a1197c32d206,732,1926
943bb869145757f94c3e1865b564c253,450,1900
945cffb2178041d39c5403339d26b0dd,600,1904
9493ef592f9a3c58fc0eef1a63709236,683,1918
94d1b6a459af0b65b823b1d50b7ff7fe,580,1881
94d9007f1fd8becd7acf34c7fe33bab6,752,1910
94df6929c42861a81f796de1d97f4142,3,1934
94ff373e120a766d6be3679126164160,429,1909
9501a88d28ba231c16cf6a72da6f83f0,745,1924
9504a440552095bc12f3f7b9d9742ac2,372,1918
9505c42bc8bed5bc1e5bd2c3f5a15809,666,1928
951f910466f9c7f8d2c828528ca554b3,100,1907
9558ddfb030346b2b5f2b67d689549df,377,1925
957f201260810ba03046f18f4ee0643b,580,1904
9586c22659084905dc6efaeeb2b05743,537,1921
95a7657f77c047c44a8fe731c7d183b9,605,1897
95af5acc9af2704c2d36a19278d0d55f,642,1897
95e74f819647d4ba1388cfeab0e00ffb,263,1905
95f13c31f9701a4c7d829c06e743ff12,302,1920
95fac677e0c063c4f7ab84a3dc8c6af6,179,1932
95ff077ef8c1368942a56160a1dd63b8,742,1913
960781ae1c2ce35f22e3c39313a8dbaf,481,1904
960d0b6c7831d4c40024446766e0bfb8,132,1947
961284dd16ec6949346c99c1e5984101,640,1869
96658e5cc62685bb9e96382cca37fdfb,405,1926
966dc475071ef73f69e4a381abb56308,618,1914
968fa566528b17b41e32baa22a96cf1f,693,1917
969cbd428d197cc5adf905256b505310,640,1902
96ae4b86af752c19a8ba3e86aad812cd,508,1908
96ae7a19f09ac5b8a39fab43814ea8d3,448,1931
96d945264a3f739598624b47f8f303a5,439,1943
96db1c28938c6924d20880539c3cae13,450,1940
96efd4e1cfb4ceef3804984dfa391e8c,256,1903
970702a4d026a928a6fce0446d23373a,311,1894
9730816dd91e52d1e25874cdd72045f5,634,1917
976bb5d29d9df2569c1b85fe4d1ce77a,190,1921
9774fb228b3031b9083996365d6ac76e,356,1899
97814ffa5be462140b1b92cb182da405,411,1892
97a0c977b84d305a3086a2c2b9362157,352,1869
97a8b789aa458d1f2e70c7123ae787b7,681,1926
97dac11e0c1480fb827ae3ae4428ce74,448,1872
97dd359bb4ea85cbc9fb21da222f4918,544,1904
97dd54b9d46e9e839b155be79c4254f2,189,1907
97ddc04991be5363f8bfa7fb2fbc96aa,584,1923
97de713ced3daab5419bcc7e2c5a2c7a,197,1933
97f6f2bfcaaf546207a30517578e7106,388,1910
9808f26a2d376c5bbb4b104c84ec2a4e,482,1928
981194a10deefeea08914ede082607c1,358,1897
98193a8255cd0bf213b964453673665f,304,1908
981e48aac22907efe0d351f9ed15cdd0,612,1929
982f4c1d973deb9fe12fb9321d26b3a2,322,1883
98393305d6a0e09e2104acbe927a473b,120,1899
984278ba1c2370d04134f9ce6af95b9f,643,1928
9851f577727ec8660ca0a06baaacf467,21,1934
9856c45cf7bfe607e19638f6c8116f24,768,1937
9856db15a6bac94e56ce5ae51d3606a8,684,1910
9867c345840a740c6f6ea6ac42fad721,513,1891
988bc6bec2fed478401777508a591775,542,1894
988dcc00c93a9ffa1a369abfb13b0cb0,244,1899
98aa78ff412659bbcfc2cf235c48de69,476,1898
98addc9d950bcea282ec5f06fd0dfe49,493,1890
98ce187a49ce7d4ace7dd4483d53cc89,479,1893
98dd684d6e0bb12ef6e95e4565351cfd,663,1928
98ee4d65adbcb80155a09946f008a95a,612,1895
98f30d2baf80dd2ccf32ec3b416fa347,440,1900
98f71c9bd881c867966e38da93923199,737,1928
98f9a654f6dba298a6ff4fbbb5a05104,542,1913
990d97cc70630cc491f7d20b6664c4f4,428,1908
991aa588d95c6e40c3761288443f6be1,318,1872
99332c17d3639252f27099a5eccf3f36,271,1933
9935190eaa421507f10762d5f53ed29f,622,1897
99352bfa67544014119aaa43e7cdd001,83,1926
9956df6b6b7e91c7873d7dd631ae9595,647,1930
995bcdc8787194553acc5f095d6ea9e9,649,1927
9977b560eea841b23b72508bbd9ef929,602,1928
998f9874a6b641f4708870c7d6c4f1c8,392,1894
9992d6ee18af813e0404dbeb646b2966,542,1905
99ab21246bc88214e17837f6c599f2f1,91,1932
99b94b2208348cf69fb774e9a4102bb0,490,1886
99c46a5803530dcd9da3446f9cb6bc13,346,1894
99c5d0d933ea025fe5e0e72f30cb4c3b,501,1895
99cbab1d8c1b6aff08dd828d023d05d6,174,1899
9a149da1eeb2a2d4d68ba9bd3a654daf,634,1928
9a3584ab1a11e027f5d2c6f8fea1e8c1,258,1912
9a474dc723bdb2904f98b0ff189421e0,597,1916
9a5079942b27c7a99e5d875866e1f445,626,1869
9a63387f3e52e42b1d50c821977b32aa,755,1897
9a7d3f82d5eb1aa9277fa6b80ee5da62,163,1908
9a9f322634855ea2abf47af26e3430c4,309,1897
9ac25aae057a7939deaa6a3c31e336ba,455,1901
9b0d999cbc35f49f83a9a6258fc87594,711,1895
9b0dc7ba57af4e3a7e102238b1695de0,204,1903
9b16484b80e3a7e63e030bfb91b7f9e8,128,1927
9b36b3d51a04ee284927c8376580ed90,347,1904
9b3e0033cc3c92cfcbe605365fc762aa,174,1910
9b5d7879f9b2d932ebf3f71ab8f03352,97,1914
9b6b02d264bb494521e7b7be9e5c9051,478,1914
9b6d5a82d75c10cdf0d8382fb78d56dc,484,1876
9b789d32734fac62c23fafb461d65a29,487,1918
9b9b20da2cb06393bef745ebfd93c624,100,1922
9ba68bbe6c36683641c370fe8f4313b4,742,1928
9bc9c667c303879c6d05ee5a1bc6d5a1,261,1877
9bfd6938d6402522f25115a6920b9b2d,532,1902
9c09f7a28003fd3e4f27d3f8909a1838,632,1895
9c121ed2ad363a22160ff0ad2388b346,501,1902
9c1c663b80fec71a73080e4c713092e4,248,1933
9c1f78bfbc92c3c6c9f9e1b5d01afd25,147,1927
9c283299928ed5bc05c70302542c8afc,354,1886
9c29be7e22142a2769a1488ce571801d,551,1912
9c37b5b5aebea7f4d42c006c1e4a1bc4,309,1900
9c40425c82f2cd3f39718328fdb28157,422,1910
9c5556881baf8fb4c31e990f15d692cf,354,1900
9c5923d86aadab65f2e14cd8e188d183,423,1898
9c779e66da5379c04c61a85c1eba21de,157,1917
9c8ec969a7d0d3cd15ebb52c5601d48a,414,1890
9c916dbf8f2277c239058f3608f3599e,526,1930
9c920d60cc6bdd91b6dcaec22e82a321,505,1899
9c9ce40ec330653a693e1628808b1295,470,1907
9cb9c5d8c27ce4e19f03b37856c6d1d8,208,1921
9cce6bf73ff35a594353f29c74e165b9,120,1923
9cd1c681d4dc94b617e07e8a70bdec9d,275,1927
9d140036363ff26c74f5666c0c9c3470,451,1917
9d1b4bb37a6e44320ffebcec41e34a06,231,1910
9d2d5680635d930470dfd43005526e10,405,1910
9d303c33a49a8d9e9828ce38f77312cb,341,1891
9d3658922571dbd99e6df0e45f80f98a,540,1916
9d4e4f95547f7c871783d80bcd8d8d81,583,1910
9d544ab1abfaafdadba08130e20a683b,464,1902
9d548233b25db0c3ce25b51da3fd6ce1,213,1934
9d695191ce8520f7213653c643d8b219,366,1929
9d6a1f23947bb277c7c4a16acf819966,599,1928
9d7706b7a299c6258df68b33b44e7cac,531,1908
9d82ba805c358e1e8ac23f87114926c1,509,1874
9d853fa3491a33e752bd3df268e147ee,487,1871
9d85a1c06e7df2156c6110a1e29bbd41,408,1891
9d86ddf389bbf1c03a52ff07b7e61302,547,1892
9dc85192f97e9aa0b6c78dc6ec9c7560,623,1922
9dc9fee37c56a6166a825f293cd233b7,116,1903
9de26d81b28f24b4b637cc3f011ffb82,246,1899
9deb3f16cb9134f50b025abed0a43643,386,1902
9decbf13c4bd181aa2a0c18b1e9b9674,200,1934
9def5262c48c165b2c87a61d6b446607,200,1904
9df2145dfe680e3ec6d0c1663bda9b69,398,1925
9dfa0f33664cb102604f491262fc8ee2,367,1900
9e23e6136723ed7cdacf7d9ea6593ae7,243,1935
9e2e971388b1ee8b7cbcef279e7e6eee,663,1909
9e31b3b2cb54b80ef2f59baaad7a3eab,592,1914
9e7d5d2c297e381df7d4be955d4f8a23,480,1902
9e90f190e6b1f6508a3e2efa051e43d6,150,1898
9e98839cd83931f3d90a4b1a1510e372,296,1878
9eabf51cb74d4071db66970ecaa42ac2,470,1891
9eb0b6de07021f2d2a3d4fb8acb547a3,459,1876
9ebca5a5d043a6622f4b4331b1f43904,709,1929
9ef7423a9be35cdcb32a350247bf4ef3,553,1901
9f0d295b34d740e5fd6482dea74a104e,496,1905
9f2bd059d99e1e07051a21eb76afacd1,411,1907
9f5b6737a3397c0e6894062f7f8d8393,541,1880
9f5fa8427cb6d6c317526736b1ed593b,175,1917
9f9f3d1d8f5cb644f1ad3c8919a639e1,191,1921
9f9f47dcc0c097267b515d3c9fc80788,676,1928
9fb0da893afaf30d8eca0c8f80830da4,569,1927
9fccd25573da19e86163455ae273b02f,711,1926
9fe1c6451e0fdaca3bc0229bb0f35bc1,387,1903
9febecd2c6331c5d54dd9b1ee8a499d5,396,1935
9ff6f2410c04c549d9dd47ebcb2ab187,693,1927
a006da58c421b6aebe4c78221e617564,384,1876
a0575984dfc3067362846bf903884420,296,1904
a0851fa02f650b84b106905c1bd6423d,526,1878
a08b26adfcdce70dcf5c4ce91e4b37ca,182,1934
a09497f0abdb4fcb67a39785eda9dfa6,421,1894
a09a71a7f8532e441cab2309452d4b42,387,1905
a0ad6d4022becbdc81db58c453b64096,427,1890
a0b72ade934b0df52b383b3c1ccb7cb9,457,1875
a0da0c395a4f9497b0460952554e6db1,243,1912
a0e4cb16bae8691865d58e1eebd72684,660,1910
a0e6faa0ee1fddc94f2229a65a40c429,323,1908
a0f9d315eab0d9fa8b20354fd2eefef2,318,1933
a127ddbc9b320b7c7ca78ed838bb0ed1,228,1899
a137f60bb1d6ea226d2c63ac17a4c5e8,175,1910
a14dfdf84b0beeb22e7f6c0bd45acb58,713,1897
a1518f1f0f2d08709ce4cee350f36057,99,1907
a1695edc02239e73442ac4ddab59f7ea,533,1902
a174b8eeb917558d4f87f5493b1c7fad,383,1914
a193b1d332de10421df340d1c5c9a208,474,1890
a1dcd69bead65eb3f415659774855c40,399,1908
a2153e309aa5d65551fcee43c08fe20f,382,1892
a22150b62cb8da0df4c257d20882fd0a,410,1890
a24132b9a14cf22939e07b381c12f18a,303,1886
a267db257463111f4b7455391c5f67a1,384,1926
a26d64e64be8c2ec5f8c41b6f12af0b3,436,1930
a2b8df9b4773bc415dcfda53dbf3a804,486,1871
a2c2bdfd52d8cc543e3a9e22e4c9022e,567,1907
a2d7d75b8b668f19563165e719b9992c,472,1931
a2fd5fb37059978eaf2b664326bb87b7,656,1925
a30cefd3c967b351d494c525e85ae220,582,1902
a34414341136351f6045df239ed65fc5,168,1898
a3443cab5cf709fb64b65f2cac728946,254,1890
a35568c99868a1d60582b35258753875,260,1906
a3684f0cad8b27f77e8092f9f3505a23,367,1920
a3738b6d726e39a802d73454d24d3568,706,1917
a3777ce252c36be818ee438bbbc6fb31,348,1902
a37895e6f2d10ed305dff2f29cddf3a4,563,1894
a37a73cf5a7f01ade6dade1ed9d28ce2,294,1879
a3883e17c80b37a81769140e24de6868,259,1904
a3b502a6db4ba235905517fc9b2c6be7,452,1933
a3c2012fa3bc0657bad48e75b7c0c3ad,481,1877
a3d1ed8c672f534ce84bedd571a52fa5,592,1907
a3eea36cef8de288772978e782f9397f,184,1926
a431a9754a7b55f6d4e3ccc359fb72c7,467,1926
a44bee87bd41e3473a377cb5a687fffe,572,1868
a45229b09db4fc2914421455aee965ca,121,1942
a4664e1950085a5b9f3cb120a7595b84,470,1931
a47db6c80c477344c71139f35cd8b335,548,1915
a48365b5bd51afd55a9dfaf4e65fac64,524,1919
a4a20ce7d857c944e5297a50b434a840,80,1939
a4cb96b329bafda9e3b7c79c4e8e890b,533,1931
a4daba1b482f84692b3df6182410418f,366,1910
a4dfdc1ccbdda0da8c5ea34606724d01,176,1874
a4e47ebecc22481a52584fd27d1fbf9a,439,1911
a51100898ff37efd9073813e69349c3a,501,1892
a51a5400c0ab9fa273b0e6ba6945230a,473,1886
a52f91ef3f87bd671bdeca22cf4ded39,420,1923
a55da4d8c3de1b91be055fae8bb36ba6,434,1865
a5663acc16d2947c5654a67ad6b109ad,176,1899
a590e02dd7e09d06f21194a75af75f06,607,1900
a59b5b571db4296ba07c12803cd089a7,256,1935
a5b02c1e948191bf79d727d13efb7835,493,1896
a5c2f2b36601f37bc7420bbec62c7d31,64,1920
a5c9e72f78f5ced4a8f92cc8f7c3bb3d,487,1931
a5d54dd258a8dcaa8ab8b26352d49a2d,187,1898
a5eda78937fbec0d53a0247001f25083,434,1885
a607a9bd38a246ee2f562b9668f62189,508,1918
a61b3673f3f1f960818720709e1d1948,368,1912
a62476d40952d116f25adf2f4d2873ce,181,1909
a62b861bb84c692b3bfa801d9c113cf2,469,1906
a62f31be57a385c9c14cef42bd84a9fa,462,1911
a63175114c58e7efb3cf2402b8ba5378,397,1912
a6376a331ee9330a608e97a528e97087,620,1895
a64fb8d7eac5d0e90e2b2e0a8be6fa59,625,1899
a65b2ba0a560ff16ac275858e5e0abf6,622,1911
a669b8d262a855d8a7148ae95107a056,360,1935
a6804fb45615ca8d4990d451d97996ff,448,1911
a6b1c1b169ad72745efab7a5f9df4e16,394,1889
a70e1c394940b6327edc24fae04dfa29,458,1896
a717a72302d2df8c42dae48992f33491,313,1907
a7376585264ffd6bffe3e1b38d06bb7e,747,1925
a78a397532650e1217d5a9750f23929c,522,1926
a791a47b6a9c1612f6f7af05ee83340c,563,1899
a7a0899dba07cc0cd287f2c63b3525ba,247,1925
a7a099fe56a320cab675b5e8c1d75363,465,1882
a7bc72cba66545880ffc9020468b8388,489,1870
a7dbad40a8352118b56066f58787bcc4,608,1910
a7fb76f2e5bf500926321d49d32299fb,198,1904
a800d2476f6a190733d47283eae19e98,78,1922
a801da0aa218dd4ee5706af84c3e3619,346,1913
a80fd4fe1d5ba7a50e86d4f1e2863f88,113,1928
a8342ad04532b7acc265d360bdceadb7,746,1938
a840d1dc80387c24f690afeae1db14c7,683,1910
a850459a54c0f1c7645ca6c209894c36,337,1890
a85204fa52496b987229490e412838b1,703,1911
a856d4a2bca3e2f278d26dfa5e44af34,413,1925
a8608153efd8acd990773d6fc40edc82,474,1885
a87ab82af38d46046d8287925f66bed6,478,1914
a87f78f4b362f255506dbd84ea0241da,421,1914
a8834b664c488e83adabe792743762e6,646,1929
a8ab630b73ae3b197ce4b38a80275fc4,78,1909
a8cd715ef8e9c79719e221d35cf55bb7,592,1930
a8d8e6fbe93aaa62edca82ad83d2c26d,396,1892
a8dfd7ffd2d989fa8ed8154a0dd18ded,383,1905
a8e781b993aba1c424c619882e3a0886,44,1929
a8ec74e2aee54f60667b97fe47864fdd,116,1927
a8ecc4077f82faccb38abb5f98ca7e77,126,1931
a8f1ef912dcdb574c9b5fffb53536744,423,1881
a94285db2a18916bf81b9e26c7f584e8,416,1937
a947672a4fa14b3c2b533b35e9f7c57a,339,1917
a953e20977d4057d8adb95a81f3c8b35,734,1929
a968641bc720103aa1f5d96261f7a0b3,274,1935
a984f7699b4134b85cdc4e4e59966bcb,422,1876
a98ad0714e132c056bb97a5fb6bb963a,393,1915
a9b578c8762b6e53ac78ccd7979b5bc1,297,1894
a9f6ea6e5d5e2940f28ad394137622d0,440,1924
a9fc075b7a00e3d07be0ba8ca11437d6,681,1930
aa2b8a5d8638731468e3d0252a60df76,461,1881
aa382f361e1acdad7bfc4653be8e0d67,751,1898
aa38906c2ce824a71e41da330ab1fd8a,673,1924
aa3ccbd777bab292643e7a91b4c45125,335,1871
aa6ea99885626760b1afeb016d3e6f8b,614,1917
aa7823651fa4daf1329e0afc140f0026,507,1929
aa816c3844cc4331d51621df2bb62094,667,1919
aac660b6f7c0764240a874e86e002b8e,392,1907
aad09a36f2771e829c66edc3300bef03,444,1880
aad1f6e4324e5c569caedd3b0cd30661,568,1907
aadb39eb512e81fe8f5d8bdaec59c560,493,1866
aaf1c114bc8219f119e5b760e47d845d,117,1911
ab1616eaace0e7e129ac5e898e162393,496,1898
ab37881908e7acf541777b493087ec00,434,1933
ab5101d507b5f4c77f8b6d521a25c65b,169,1907
ab5a6f00eb8e8f27e570d7e0e1ed7146,749,1924
abad4ee1a1d1274ff5528607c8dc5cc1,170,1899
abb32d29a2ff85c7f298bbcf6e8887ae,353,1890
abd556176d6a1776d962c12d8cb72637,653,1895
abe3b1ce4ee47d99e7fa38b1f69aaa83,324,1931
ac06795433f628457149c353ecdf9cf7,692,1927
ac1c46d51f027491ae50ea08018bccdd,421,1875
ac3974f72eae71f3e43d644b54ba1cba,348,1912
ac717af6097c853cf5b400fee59708d2,711,1905
ac91828e1f6b2de1514bfebc6fa201c6,512,1866
ac9824174ca110a80272b28a5461f9e9,424,1923
acb0945cee95aa41ba41016ea74441e6,397,1929
acb447981f1ea1de493bbb2145537f48,463,1875
acc5d1c7058c11c1c3fdf783a1f38748,228,1880
acede0a7b19193820262ab8fc3abb10f,259,1912
acf383be3b850e3e6e4067e1f26ee755,738,1937
acfd653198e41d0e73f37f4e30f1a996,537,1909
acfe6909df427ced6499e2d4b8b8e6a8,101,1933
ad0ccbb74986b8eee95418a249f87d3d,321,1908
ad0f5d685d8b70a3233b9dc85a096126,49,1926
ad473a4d3d448f8f85e9afaf7d99e30b,189,1929
ad7d944f26665c460c981af0f8193b61,364,1876
ada67a001f1d9e5db77c3dc34d5cfbc8,346,1926
adc35e468e4dea4ebb9b4953c1552c9e,309,1904
add7738e235a3f7748672d365f26fec2,442,1899
ae0f67d7d5443d7667dc00bcddbd9722,445,1879
ae30755b5bb7bb2f758c88b2fb51d4dc,271,1928
ae32b721081e66ea9fc756bf4359a5b8,49,1908
ae3344c964fb228b6a7ea66edbc174dc,451,1866
ae4bdb4d945e375da094a540b97eb09a,411,1872
ae50d1343e790b183081a1a61a102faa,291,1930
ae53cc0073160a0c6750dfda22ef11ff,418,1908
ae6aeb6c742b8c2bffb237495d153305,450,1933
ae739cbde35ea374413724e7a21d1339,569,1910
ae979ce068b3234dddc2fe2a3f62d1c1,664,1899
ae9834459b9b5f3c709e512b33056a53,677,1933
aed7348ea6ef550967187db966a57d03,78,1932
aef30297197b3f55573f46ed7a940765,401,1912
aef447161647498b93101711195bd5c6,737,1901
aef6529d2c4828d2b06314a1690aea82,390,1892
af033ff8b30ef17b79f6a88476c9e6f5,733,1931
af28bc42d2ac7a7fc2c8d1d63e32fe23,171,1948
af2ef85d7999a42be6f7a431519ebf98,775,1925
af6c67a31a8da82c041601730dba802d,500,1894
afa18eed3c88a01c86d7be472c11fa88,695,1922
afbef71d4331718f81e82cb3a7067e60,174,1917
afce9146d1a95f7864caeb370fd73c97,484,1912
afe00cd21ebfe341e431bf2d9a4eb0b4,451,1934
b00d9cefb0bf9246e68a1a05ac28b27b,581,1903
b029c6ced851c55d19ce5a2769fe58d2,601,1914
b0329baac8f289689d945672d886f96a,584,1889
b03c1a7f4d459e3e320c36062b7e7f40,512,1906
b0462bd409012e3752792beb9f5123c5,528,1872
b062995efcf81bfb5476bb6cc2597f85,278,1879
b069cb962d53ce1223e9ab0cddb4146b,241,1927
b0839bc93acc23f5441ab441987a1261,335,1897
b0a6567cf7b749bc0900c06054cea77a,679,1914
b0c3c3e6a9fb5fb416c0e2c93eda890d,490,1892
b0c630c0fefaaa00b2da6c2f1851e1eb,65,1919
b0e26dee262165b16119d5f64b4e3314,133,1902
b0e28277ad6791ee71cb26297938980d,265,1879
b0e84749783ec348fcce906df391f58a,243,1906
b0f3a3490c541b53e9f62aca785f49a6,408,1900
b0f3e5936d6791c0b4ab1b0ea1ffb831,225,1902
b0f7ff67c0a23d6d5636146ba68e54de,192,1899
b10d5976cad27dfb8eba8046183078fe,694,1894
b1124d7666ca49f61d335a922d67d033,302,1871
b116bf9d9017881f9e40757d737165fe,426,1926
b121e9efcdb1574741c1015ad46ec3b2,183,1926
b131623f5045f7eb2dd74833bc00f606,460,1876
b14fb1d498efd33093d0c6f0f3c2ab5f,219,1934
b15c2cd14c898d2990daa7eb321960a2,414,1867
b18c40784e81615e117e23d1b51f9841,394,1905
b1bfeb10f19ddf041c6f4f9acf9094f8,570,1899
b1dcbbd53143724021142b8fd656fff8,548,1902
b1f86a087ec41b8eaf048e6b737c641b,704,1921
b1fe6163e73b47d2e5aa7ec3b77955ec,258,1903
b240c47b7e0b059e65edfeb2aea0c43b,616,1926
b2506154fe2aadcdb2da6783bb89356b,695,1911
b250a4c6cd74a24d29e4c915d67d76cd,403,1914
b253f98b04b6218bad3c73a54a3dee96,468,1890
b2a53e695751387dba261d2c9a65f289,586,1908
b2a6cce4af0ac131153f7636ecd0e316,658,1914
b2be370961854e7dd8417d2af898db34,757,1921
b2cc7cde05a60252a759f0562cdcf60e,693,1936
b31bc307e43da35c1719848ca02e49b4,386,1881
b35453baf58c282969000046c3137a65,192,1919
b35660fffa45f1d75cfff25073299b7f,486,1938
b35b9de89471c8d0d9f787f015343af4,401,1890
b39129c61faa967bd9350239a1e9eb9a,444,1892
b3b50f64f89b91e81de70e42beaf993f,764,1924
b3bd832c4662de8cebd456830e201b17,322,1935
b3ca44c00111082982d1696a02c59e85,184,1933
b3dd1ae198f2846f454dc752e25e25c9,621,1910
b3e05ede5833b70ccc48c5341e3b22d0,440,1876
b3e2a24b3ed3ca465e697805d8230304,624,1925
b43331a77614d91aafcf0e9bbc4c887e,212,1899
b43c4e1c5e17d8bc9125f94b5c127726,347,1879
b448e573ea0fb256acbcdd3a7baaaa4b,156,1899
b454a9173321e0c43476ce09ffea2ab2,512,1921
b4596d304423c59c180bc4975f580b68,710,1905
b47a03c27ae75c693cfaf4fce2f75c1c,508,1890
b47ba12b9df416dbe69350de43e22dc1,495,1898
b489fe0352fcb349e6c7f3ff8fc28b4b,564,1869
b48e587cccbbd82db7a5eb63a277cdc4,420,1876
b4a5c08308f51de72767c013614cff14,632,1917
b4bc3cceddda0b92470a07a0d42848c8,198,1933
b4d14203a22d8f971da7375ab0671855,504,1925
b4d3e9dbd0ed2c479c3c842fc565e5b4,509,1871
b4f0fb9f8939e1a77119e80220bad9d1,412,1933
b50193f06e8031cb69da24b2c593bceb,581,1909
b50c4990e396306d061e5ba318c24254,606,1896
b51a800183c19630b95ad6dec23d7c08,309,1939
b52242f814cbec5c68a28f70d431a43c,773,1926
b53590a915ff3949644302737329051a,447,1903
b544d7ba6c6a2ea2f2eac6aac6655c44,513,1867
b55004dc03c009c64a14168a6ba18c59,221,1933
b56f941867576c9dd7981a6d2b664b6f,277,1925
b5a239602e4364ffc420f4e1eb6cc216,522,1881
b5c873d2044765a9e1147df40ace855c,534,1895
b61458f25f32cbdf17e81e7511677580,276,1935
b62c12601ffabe947e5985dacb2c6493,357,1904
b62fdebf907f69166921fc341cfa18a8,443,1919
b6627fa9cf287e1c15cdde5b54b439a1,664,1928
b67ebc24eb41332e9ae211d72fe62c56,452,1933
b682951e1d2ee842b0985ca2b05e141f,357,1934
b686ae3961cacd4af2b0cd4f61b22880,688,1900
b68ad15f585ad3e27237386ce5d625a6,401,1876
b694ecc082da4bd399ccc8a3f6d2bd07,573,1868
b69f11cf47a172e9d6cac4b2ef746337,313,1907
b6b3cff5783f96f50beacf8c44002089,705,1901
b6d60748d71d445658ac673e4a826bfe,511,1920
b70389c207500898a27c2fd5e82e5eaa,348,1908
b71816fdcc4ca12d3ab0b93e7c4f392d,717,1913
b720b404e025c0728869cd1fdb299364,392,1886
b7235394722c79b4f3765cd659c51dbb,545,1902
b728ac89f26d09034ad96c6afae48ba4,651,1912
b72e6c774b4307b1d6805473e9f12750,426,1910
b7302bd51bbb3077b537eea4b735bb80,274,1931
b73d11db710495d406fcc5e5f1a3f5eb,641,1912
b75a12ba17fcd30dab1e2201676866df,345,1900
b7b7fd48e8fdef15314a56f77d6bd835,413,1933
b7e6ade0e5c808bb722c9c3f6a961429,383,1892
b7f201685e68786d163d376c99935c74,65,1934
b7f27d0ece61687e5758fd698ad35e00,728,1896
b802bd50f9a6462c1809573a73f4dcf5,394,1866
b844753b8b73cbaad332e0da733c23d9,187,1929
b850f861fea0132e559bc7441d7054dd,560,1920
b85d0acf088733cd59c32ea146032566,487,1930
b8929ca8c3f67b26e9bcf3fecd5d2bb1,759,1925
b892edbefaba1c604d1a79f4586c8a1f,550,1890
b89e34f48317ec254facf1515c0bbd77,761,1921
b8b09ba65efa405a4a90c3489b8e536d,235,1933
b8b60761f77e74f4513285288b84f6d1,464,1897
b8c54896f358eb03c445f53eebc60663,527,1898
b8cc045ed3a00c230af4ff811e58bc0b,593,1927
b8d759fb66aee2121276b0be36d271d6,475,1929
b8d8eb21c71d7626e8572766d7648715,564,1894
b8e13e9dec465713dfa516b0ff0ec96a,629,1918
b8ebd16e706f3c788ba38395dc21391e,358,1935
b8fb1839397f151065a56d98d06d2f15,423,1874
b8fc27e28490e271ef7fdb3a42bac79a,650,1900
b90373f0a3c863a76c1912b7b3fadba9,655,1917
b9061ed9eb84c18e1c934623dff4811b,207,1900
b922312692adc74134f9fd45fbc94fd0,194,1935
b9399c3733190881c04ff8a89203ba23,489,1914
b94b191b63807efb7201e485ab52e0c9,341,1935
b95929b516cec75a5308a5472d1c142d,294,1894
b96093842fc323d3bf405db23fca2c82,191,1926
b973035c8bc1bc0fba50422bf6daaa87,319,1897
b97bbf290d6509367b39d4e8188bc070,433,1907
b9b1ab7081e9fc54a9aadc7cd43ac6e5,391,1872
b9bf390e0af49d6fde5f9b282ba7fe35,414,1901
b9c6c514210a5420f7f7ed5ec4722f35,687,1929
b9d085f87f24995b15925f60adace307,139,1899
b9dc6532a5b3cac80edb3d45a5e94763,131,1928
b9eb712be87d65170bade83f17854780,404,1929
b9fad6b6ecc62477a2a8c40831b5da8b,302,1928
ba334458d128275bcace5e0cc606bbd3,503,1907
ba593afdea86e4fa48fcf836784c827f,179,1904
ba5db8ae3d399de5a146647b4fd529b3,167,1927
ba6056647e7984e7a2ecf47409eece69,133,1949
ba62dd03eefea171e8dd2590ffc37dce,77,1929
ba65c95e74857c5e53d1db138f52db1e,585,1928
ba7f9ea89960708cf581cd3683f55b47,367,1894
ba7fede85c479a894f6beb1aa0b58c6d,400,1892
ba8fca99c3ac85a6d741fbcb511f0414,199,1908
bab43b6dc25dd8b69ed9b72e73f22112,114,1903
bab6d64a584d8a06111ede6129b3797b,402,1907
bac87138d4c98a0d3b94ae67d96b8abd,297,1914
bacf95c742a08d64c2ec59d37dc37379,290,1928
bae816215d2c591b24e3c4ef6fb09a03,362,1935
bb58a901adb14e22b18f7522ed866153,175,1899
bb791a7dca71f49b643498f78410aa0a,621,1870
bb7e33aa1ab79f4a02be51daec009d73,716,1929
bb98f4c9cae2c7f1d3d8616ef911e691,540,1899
bb9f173d303fc6c9a52f58fe3bf42a00,380,1905
bbad2f21bae39afc4bd78a19c6918b9a,273,1935
bbb2bc78f7d781f4c9adc1587ce65c8e,446,1882
bbd9031f0d5b5a0315be08b3575c9cec,255,1911
bbe7bd5e3666bb9ffc0c84aa0ab4681f,375,1933
bbf2f93fe8959cac69bc1b2b714bbff1,538,1936
bbf9d93078a7c0afac4a3bd379bc27b6,169,1905
bc01b6c0d68b263902d2da539fc2e3e5,226,1930
bc0c977552e4476db1be48ce362cf859,572,1931
bc4b8b5547a69fc018aae28b84fa86cf,466,1932
bc5c5510192871171fabf4419e688f0e,593,1926
bc867da188d76fb9d1ad1482f597d0d5,646,1899
bc88a80a4df9892ec1321411373b851b,682,1915
bccc996602a1d19d42b38d4112f44429,499,1920
bcd9144506827b3145c838dea45e3130,546,1881
bce6faaa271f1261c3bb8b109abef6c6,533,1913
bd0f9d6263f56057f1fd77817d1f3761,439,1896
bd11de12edf077379257a181adbc0abd,395,1889
bd314393d97b116edfa5096b3cb2db7c,303,1919
bd324433169b73c392e4abeb24fa3a67,476,1936
bd3a17a8e098f657c679ca8046ba8045,448,1930
bd3d93fb500b7086e51ecca6db0c89c1,613,1913
bd3e47be2ee53d3c966049281e8395a7,758,1923
bd4ca2471133f50acfa2948262679513,738,1912
bd67ffb5a2972712111ba91a1fe4f90a,395,1894
bd6b9c50bbde8c8ffc2435a51f066cac,658,1925
bd84e60c9e3992d13d99deb59a6f80c4,288,1911
bd940bca317c7f526b8190b3b2a26f98,499,1907
bda66174152b61c201369c64e6a965c6,604,1870
bdb347fe874f39ce702e3da8cbc320df,666,1916
bdda738479c43a04534305b1405351f5,359,1921
bde9154000bdae1ef120f67feef499ac,419,1935
be330ed283891709d00e2e6a4e88f738,427,1872
be4a3ca43fc220b565d1f07206890b2e,590,1868
be78ee48316e44f31317267a9c62413e,372,1872
beb385dbe60e110dbc0a62a7c9ecbad2,386,1890
bef5515333f71c70807a41bba75c420a,485,1890
bf008f9ec5235ff289953be3ecc9c65c,416,1898
bf0b8fd9827f157ad1360bda29b4c767,279,1879
bf4cc9317ce1f611f4843a6d9f652c62,689,1900
bf53234189e56cef61b5f0d3af40eec7,762,1921
bf637d1fd43fa89fe20013df956a51bd,447,1932
bf658a75dbefc2d8aa6ba47194ae393e,154,1918
bf93479d36317e77294152869d8a80ab,585,1899
bf944fcf107f67b19282ebb1af612e2c,67,1932
bf98c8718131659bf3b58c5fb06c2a2a,393,1933
bfc483aa53e8643e49ed94c953b676b5,311,1896
bfca7ab1ff74ad05bb5ef6a5828e467b,543,1890
bfde8180662359ce1b031a82aee97dda,425,1899
bffade8d19f53e7a3dc6a21e7acd3299,162,1908
c00a7dd686f85f9e5274dedf3fb2d58c,695,1895
c01c9ca702b26f8dfeef446a28cf06fb,295,1894
c0239c7a6679efc32c5eaf45d4ef2f44,381,1906
c027660d539843979d0bea7ad2a03415,592,1868
c04e449e3da72982f2f10279970c5f27,423,1924
c052b3ab64e1b74869045e8981b57913,433,1901
c06ed0d48eb80dc56e87ea345224894c,313,1899
c075d55ae24de1afd8194723c43fb6ce,296,1915
c0fad31b485a957b204be23da1c9c714,508,1900
c11881ee57a8e118fe08afb6340d0169,82,1935
c127d1e64abf88d31f9e2c00747367db,331,1877
c137c8bcbd3f616c482eeef7072bc24b,472,1885
c141295e0f469bf224f8c23c04c87c1c,584,1907
c152285a77afd484bbc8cb02032a7e73,542,1903
c15c7d7b741dff435ea55e5d9d238063,45,1909
c15d6fd7aa64d647c288803012ee6fac,366,1878
c15ee74d1f762c383efaef516fea0561,368,1900
c19989c4ecb8179e6475a53ff75c0580,384,1905
c1a8f5313096bab8e00c29f38f1dac53,613,1938
c1af7ce824086d1f55a6c86ab7f3e37d,429,1896
c1cfc59fafca6245b82f06702fe7acbf,79,1942
c1d8eaa0c1bbacd449d395259f8cf5d4,207,1902
c1dbaed2acf585d0050e214122148f58,412,1898
c1e6463f1e247fa3f4af25614a337a6e,63,1905
c1ea027b6e6f4276bf7e2cc9617d487c,411,1907
c1ed1d5894d10e8fb18f044c6821d741,591,1894
c1f12364c975f91c20f737cbedb958e3,636,1925
c1f5e044108466dd24a512e621a24f02,253,1936
c1fb1549fb17b5a27510a812e1b820ff,545,1911
c207e89b57305375385e7d5efa3f8418,170,1927
c210bee15ad8d81e054b01cd624af048,273,1909
c215ddf22a879ef09f2acf52670d91e9,177,1935
c24d40e8783a3286a4fc396c3827844b,276,1932
c2592a782dfb2e69f186ca74b2c73146,127,1930
c275af4a6accd347bf8bf37f72f0dec3,386,1872
c28de7a05dad763c062aab0c2b6a07c7,54,1930
c2981fe94e634bf9c4894b48c57415e7,404,1901
c2aa1898ff4e08106cff65dcecd3438b,395,1934
c2ad8cf5e565c38104b63fbeeb53837e,471,1906
c2b04509bfa45e21a62f705013838a43,14,1930
c2b1f6a062bef34d669806265604e3dc,168,1928
c2cc6302ffdee917be677535d7474b63,506,1892
c2d97208237b6a6d6fa1822931ce3c5e,307,1935
c2e350c387baf09e547292cb5af76500,188,1898
c31355de285927c5e81c3b82724c7a19,534,1898
c3197cb4df90f4d00e6104d111497655,770,1937
c33377f8c7eafacc704dd54433935821,687,1899
c34a41715e16a8ae00a6c6fb3045d844,309,1909
c353c380f433f93ecfd88ac32b2ccd1e,492,1866
c356ab7bee7a45024c5f169764b518e9,445,1874
c35c48a5a0fa0cf3c592840a44275424,640,1870
c3877e554ef7211b8ffc45c4ef432516,620,1911
c39072d2285f8b20146d5b35e19733a9,471,1912
c39f8310f4b42a176340ed730df3dccc,169,1899
c3a2c88c4bf87dc0811d0182447c2ad7,686,1899
c3b6c52996045131681656925778bc5d,453,1897
c3beb142f2e4927ac68e11a451331829,472,1908
c3d920ae75b489c88fafda90f7fc0f8c,704,1910
c4164f916ef7a45aa41269191e7a4efd,391,1890
c444ea1f5b5c61b308a7414ebef328a6,237,1926
c4497f608afe4ac9c777ae732b577a75,507,1908
c46b2d8f6b8ef1acf845ed0440e35662,125,1931
c47b845b3bea7810dc8a9b9a906dcc35,143,1930
c482683929c00313342a2f669ad02787,726,1912
c488ca4e4a044d09b6a8ec061bc525ab,304,1917
c499c7cfcd42b43947297b1bb69be52e,623,1908
c49b1e086e36f73bca3b9deacca9c3a0,134,1902
c4af51f94db5b9df5551da2451376544,467,1931
c4bdc0719c13efafdbd78971c8f88e35,470,1872
c4ff41906e09388b51de62a40af30c24,431,1926
c529bdf2519471f4f126e491b5823e98,749,1895
c5514c42adbedeb4c7cdcd22b7d99842,229,1910
c5768647288b424c1b7c9aa88e99d2b7,593,1895
c576ab9f9818e672aad323f069cc1e37,377,1891
c582c0e94c142ce7ed8aef91856b933e,338,1890
c5a358506e9ad03e08c116fcb9628ea5,713,1925
c5a875f5e76c02c2e3858a69654d7fc9,635,1911
c5ad3d7eee77e01824f0da885ffedab2,478,1907
c5b5d397894c3f172c35c0c83d1b3fb1,589,1927
c5b93e3a11a11520700d305e1194ab4d,437,1927
c5d07d1211ec4bed1e7bbcbe5472782a,425,1911
c5f8765fdf6cfe19552153a09f2006e1,651,1926
c640543f771978836d8978518eb7c5d3,729,1928
c657f11f6638620b805f626c0a549105,81,1909
c6bf7eb73666234fa40fdf3b4142a83b,208,1935
c6d1816d2535c5ae3ebfc4ddc1efaae1,304,1890
c6d81021ae1f870a28524a93cf48bc7c,612,1902
c6db91e694fef1a6ae31472b35a77a83,302,1886
c6dba9452d83ef596d0045b2bbd3b6a6,327,1901
c6e7c0ab5c5a94c5970e2e38f57a59bd,288,1893
c702807819db25f8f0ced6e99ae7e25d,642,1928
c713ee237e0762bd617b6cb419a08e58,377,1910
c71ac0796351e306669127827dd33688,187,1916
c72002f588fbe1cf6cbdabc134d853bf,462,1929
c72ed5c9b1fb311cab7d5c93e969c834,116,1915
c74bb7ec83d015c3e7135fb96de41fc9,396,1889
c753edab72e49275cefc89807af67089,646,1869
c756e799a74bbf5c2f33682432e55d4a,410,1913
c75f9a73e3dcaf2a8ac89d1585bd780e,672,1891
c76be4bf42dd46cd8f42bd45bbf54973,195,1934
c793f3db158db16806df86f6ce71e9e0,230,1887
c79f9e1650459ec40323aefdd7740388,330,1900
c7a3fe68c01435e67d6d72ca5d6d3318,174,1878
c7ac2b7ba55e0f301f5b5ade6116e378,612,1938
c7b1b7790d8b9124ffce9c5bf0cf679b,204,1913
c7c9032718dd823925fcabd984c86a03,155,1918
c7cc3a6cc6c80c201acd44e898b3ae6a,220,1926
c7d010a8d61eb74675d397bc0cd4b7aa,135,1902
c7f1ba162deee598be4df8d7ee78db39,438,1913
c7f46619e0956ccdcf2626ec3d231c40,337,1933
c7fc54a62b01efb7c4266991d1962875,547,1914
c8105eeaa7fb102e27bfaeecb551d60c,270,1893
c821ca9074323ea6b2834ae61e353e19,465,1870
c839e4ac7dab0dd322ee0eb34322c3fe,26,1931
c85554147c5a3bb87e908e5878e5ce99,302,1899
c862ad89822d9fd0069371ad74ea5535,738,1926
c87bb6118617e13f4cb25968f4b044f5,697,1912
c895638ae8ad4f24fe42e9d7aada6cc6,22,1939
c8bc4db3633d9f948a935ef6c6fd275f,244,1877
c8be87e42894c3fd95f6ea87c0a31858,694,1905
c91115b8589c6b29e0e386459c1d7534,661,1909
c91229f48ad8b35e004e4e9ab267cc37,470,1898
c919a584a4d9e876d351a60d03b42af6,355,1872
c937fe5c51603db817a8504298f91215,592,1897
c948fc7c2c41c70a016abd08d41648cf,261,1899
c94b46d5b01b0007d9656d7905d8645b,499,1924
c94fb53124f47caf7cb5aba0e6e767b5,511,1907
c952d7e59428e1c0abf3c62da83fb7e4,425,1920
c962e4005069f8b10881ccc33b5704f1,521,1927
c963850e07240fde6a9b7b023518df11,443,1899
c966935d4cafce7c3a53b64c823b860c,35,1934
c967d84d9271bb0bf0d023efc92992d3,513,1908
c9922eeadd6480a3e10c6548c303aeb4,491,1921
c998d1efd931965c13b636d82ab0220b,152,1898
c99eb86c14ec3de76af1375069fcd1c8,257,1935
c9be3aa1a0b8ab4888917d3bdd5e269b,34,1914
c9c83a737186cd4c35ae0bc016a9973c,45,1932
c9e3663a3c0dc3330fa8ccbf7d2c4755,457,1907
c9e43bde08fb96facf41701cac3a42fb,395,1915
c9e6127ff2dc749ef883d08b145a9482,326,1905
c9edc52b735fc4c2fc075854e71e4403,406,1896
ca06476fb333916ff197249b98f92c07,453,1866
ca1716a9959890a3baf9911423901c7d,425,1920
ca252a4cfd03ee1bd919c5a32c943be6,624,1869
ca28b667dcb04af731cd10d3564399e6,603,1869
ca3ba5e4b5a9ad409d34c1b7d5982622,310,1924
ca44864ee8ce3a2d0870e3d24c7441f7,273,1899
ca45bf25035ab68cf9d13a155fcf2264,371,1916
ca67b40d5ad17027c4cc7eabf660211a,415,1920
ca7ca24594bd98319637a0f216aba81a,565,1910
ca7ee8375dfe76d283351bfb14a0f996,329,1922
ca91634bfb8d0377a8d39dc12367803e,103,1921
cabda0d004c54b43ef4433b89690afe0,347,1903
cac2745c3fac843bc3e0e38dde56a245,461,1875
cad733f7eacd161a02440364a0a2ad1c,205,1903
cadd95f23ebde91306a6d0fa43c569b7,238,1934
caeeb7d7d8e54d07f22a77a32556a28a,547,1927
caf0e681d627daa5fb2df5f1e12ffe75,405,1877
caff9b57263a1c18d73c1a5744fc129f,305,1933
cb024a935f122f2f99a42704c00ceebe,454,1937
cb030b3c74be6c129b2d8bf4b10c3a63,295,1879
cb55b4456ea9d9445f50235aaef28660,231,1877
cb592ffbf9fd46d027c74ee2f7e931f1,718,1912
cb5d6c6c12eb6a30ecaae8172f27972b,323,1927
cb6afae40b62119a6c9f45f83afd9b20,566,1925
cb8a400b12c1841eca0cdf76a0363fa0,440,1903
cb8fa59559cd3c9da4c711c4f24543d1,324,1904
cb9f1b34bb530324313a3498c6b28831,605,1920
cb9fa2d4bce010afe1e382f0a9d485e8,722,1929
cba470bbc86a0f925e3383a49b95c6e2,666,1899
cbaee92c2546642e7da5518c48b67093,389,1910
cbbf91b4258d10ca6974c92225c1073b,529,1898
cbcb14bd083cd2d237b0d699f5cd8b6c,567,1928
cbcccfdd722589c643599c9cf68746b1,435,1901
cbe5a2e8c2188d38fa596bbd2db74232,437,1902
cbf12e2592d61bba1082a91093e02806,538,1918
cbf4e86fa4a1cb5ce5e3f52aa3551396,386,1931
cc09e6f263e5754428f071e5cafbe333,681,1910
cc25e9a57a21e7291a16c0efb996a8ef,321,1917
cc64500da441d1b68ac5656eacf902c1,480,1912
cc6ae0e14ef3fbf1599318c1dd5c71f6,162,1932
cc894a8d7c7f82570a8442acbb0bc2e6,505,1894
ccd0b6817b3517a6e16505491b888a35,379,1935
ccd505ea71dc705f02c049435c9f60f6,623,1896
cd05398ae76c5139b33afa2f61bb217c,374,1912
cd1cbacda21a79cf8cc5fd40bdf2188d,485,1879
cd225ecbb28bc281c42247be4a2c6621,375,1891
cd22b4d1ff09bf22805232d1a39a9793,643,1900
cd2529a7885062adde05e06378b59d17,205,1927
cd25d1f5d1a47dc83414d9c61bfe0268,415,1931
cd2c49bedd7c620f43594a91270f7ffb,624,1913
cd725edb11e948302cfc1a7573c1454b,51,1933
cd98f4cf478f615a35012af30b8b2f9e,255,1902
cdca85344c1cbaea769c2e3807c5785a,587,1907
cdd57f8812820c49babe78386a785775,422,1898
cdedef5242fdd4f5ff7b5c407f1d0d4c,346,1877
ce04c679f48f8af12a7b0aed0f1ad991,469,1900
ce14181a58701e6d96998fafd02fcbac,652,1936
ce36aecaafce48b090458636753fba81,494,1900
ce6786504a1b216e133f962b23b3263a,245,1922
ce6a367e69b474b7015a48dce33b05de,479,1925
cec0750bda4c4d040f9fd19b6e7f1e66,581,1926
cec3bed4354c33b9054c40f5f46cc0d7,568,1928
ceca7731798f3ef52df5d97681551058,446,1910
cf0a4da4aa49939ebed4918f7babae59,272,1896
cf1eaaf56123526aff63e24cf75715b2,469,1931
cf22ef2d14b0b0b410205d03f97d9d3d,64,1909
cf32145ff3ba128666d18d0835f3ca5a,310,1904
cf5aa7ca4627409dfb63aa80fa8b17d8,628,1928
cf66a4d652f61be6627e1ee30feb3362,534,1908
cf7c0ba1b8e17b5084fa5598fb163f1e,406,1873
cf9549f8e1192e0859dd96d1b9f2e2cb,30,1929
cfba651df8ca232c617e4a5ab6ce2492,65,1908
cfbd75f9a7b9ae3dafd8cdf2e4a69efb,478,1880
cfd038b413ccca7d45e4efff062ceea2,489,1932
cffeb0e00c8d10919e05a0538f56751c,491,1898
d0309df2be59da5136ec937923389662,226,1935
d041008f6b08bdbe5c4bf7961ae2dcac,492,1882
d05b0257967f9c4642247a43814a677d,745,1913
d074e04f3c2f89e043c8a28228b2d25b,661,1896
d09519b965c1d7bcebe8a1f7ed763135,550,1872
d0bb84fed2213a1cac695c4bb1a58a69,97,1927
d0bca71a74d81876f39a67b2ff2aa7ea,587,1868
d0c3167022e2d55f77ed4bf2f111ab04,263,1879
d0fce265a06260135527dd238e499954,325,1905
d0fdecf01a8623f05dc864fcdcb8764b,550,1883
d10cadc5761c83bc7ef6f135f896e88b,707,1901
d125dd7c0bdec7d9f11ebcaace42ded0,648,1916
d12cea0d7beed501f2d6b45429f3621e,297,1878
d1539855a1614feb4c6e767debfa58b3,746,1915
d18be15b41c08ce12853b9b0ecef9418,481,1908
d193428a3be2f309e01e666ebfabb987,199,1904
d1cd54f5426ccc4d2e2d453a018eb3ae,442,1911
d1d95e3993a61a98165c8738a9b17aa5,523,1881
d1e688cd8443a849f50933366481e017,271,1893
d1f3daee180677860af50d88d5584c3f,488,1929
d1fae0a766865f8af17fc3ec47f0bcb5,310,1924
d1fde1e2710717792480cace8af47c50,408,1909
d22b6a733efcd581dfdab614c34d99fb,426,1901
d22d54835d852c0863be38d8c47fc217,671,1912
d266c81288ece800b59b57e7bece0464,491,1868
d2698a63ecda57f9a13e7b332da47698,206,1929
d287cd6c0532461dd5cd15aad81e66da,63,1922
d2917fed0f0a0dee01f8f181df2b28ef,654,1936
d2b7aad26db7c1465073da9486b69308,712,1905
d2bbf894f3674d4c74cb368dc4b86aa9,470,1911
d2d45595a1b3f3b450050030490d9dce,378,1898
d2eba4f75553288d212c131d40ce8d24,421,1934
d3207678777e183b379017463031179d,222,1903
d328858ba2d6cb96ef15f14e1066cebd,459,1890
d333309e92bc2b8c4033ad415b585551,387,1926
d367f3511ec204f53d9c30050fdf69c2,206,1911
d36bd469c659ec5ff595a457574393d9,343,1903
d36cd6bcfa9a13e13f67c473657443a5,400,1922
d39e4a763ae37cda6744f00227f1ebcf,392,1900
d3a35593581d285eb60f478b62f9c6be,387,1911
d3b64f919b375ff4ff5d2897a05a261c,83,1908
d3baa366ae654d49ef0a9a468d699d75,368,1879
d3bb55a2dc9527bc5bbb112bad7a985e,752,1905
d3c86146debd8d436bd39304d0e5b05e,750,1912
d3d33ab3e9ee57027c8d3a24d2975b6b,369,1872
d3f1dacf120ecc54cdc7db7308c863b4,562,1904
d3f726693c8f810e26af8ba2de691df6,410,1871
d400699c441f279b35fc991a5e545f7d,374,1890
d402f114bd3f51e646b6a5bd66bafc2d,153,1926
d415a627232ad06f35deebfcb5fb1bfa,371,1932
d417a9f8bf428d6247a552fe0b77bd5f,734,1901
d44df4f1e4ddea1137c973d0dcfaa280,585,1904
d44fe8b34b324e2511c2dfa4a7e8b481,453,1902
d452ee521f9b3f980d95aaf3e672ae43,263,1899
d470189f222997040d74626ec43f6835,501,1911
d4ae88490d6514b07d9b207c657d71bb,482,1877
d4bf5494d4916edc119b6f4dd09d8edc,50,1933
d4ee27e3ed9e442c4b43d906e81b558b,444,1875
d4f1896976740e51cd5a8a4a632fbd57,509,1909
d505963d0aa701d53fbd84f0cb7bdb2b,388,1890
d50783422d09a24248bb7c4fd30992cb,590,1867
d5235430e39097c35329af10f97f26fb,562,1928
d52f369c79768268c07e38ddb90424aa,420,1934
d559554618203ef4d7b4d84a6b4494dc,475,1898
d56f54c3e4458fc918d184dc4b1f9d25,535,1895
d5955c329a5d23becee0541a80a80082,416,1890
d5babc43b14cec49ee32a6b5d7259900,318,1933
d5f3d1977079c3b8a7f684ed43b3bf5f,514,1900
d6118f8efbcdc32e46bfdaccb557697e,153,1908
d6260c1ce9123f3d6857f7370279fe17,478,1902
d638ca86d103b2207f3f29872db89bca,395,1910
d649e48e9ffb53bd963c7bf2fcb4d2c7,462,1911
d64e23a35d34a07b9461f52d0275c1ea,365,1902
d65be0888df57641906a6d0c8d2b6947,320,1933
d66bef3b4ab0fa706d93adc3d678af10,555,1911
d674fb2fd9f8a281974922cf9ebc6225,403,1898
d6764bc2b86d7a842041d5a198a8da4e,386,1898
d679bf635fa266e9b97a6ca2a7125001,83,1933
d684a2cded2566bcc9d36a0b57b994ba,602,1910
d6978addb96263ced862b2f892b465fe,209,1905
d6b014c5a024891bfb97227770e5530e,427,1900
d6d98b4fda670f178882b6acb76984e6,389,1894
d6df5c178a9cf96b12188a7d21a36698,597,1916
d6e47830718e41b526eae0cd3d48196e,613,1929
d70aee9b60191c68e1977098ea2a84b1,365,1876
d70d03f61ea46d2e6cdc27ca3699745b,199,1933
d71bb89e54f03e9059118f81221b2b5d,467,1910
d73511703f391bd4b68444c62dd873e4,505,1880
d73f86874b953807c744d10913fcdaf6,623,1870
d744964f0b1442bae01b920d494f253a,626,1900
d75920e4dee56b32b323fc57732c5c62,372,1890
d771bc608696fedf2fc605ebbcd31817,210,1910
d77528935eac9c2e83599f23965719b6,392,1890
d77e4fd6ee9426e3e4d421ad56caa527,460,1899
d787d0c65c9b7bf30602773f57493901,713,1897
d79361fb51e4db29fb0a21a4eb4138ce,489,1906
d7bd02592743db5a61bf8de193320967,465,1930
d8061891b9f22a22ea81011f47150f30,437,1890
d81996a1c72fc8273a71d290141e00e9,588,1870
d84d6816c388da380c6cf55a7814258e,566,1869
d877154f0baefdcc3daa4a1d7500c3b4,279,1906
d884eeab3aee45eb6a243b7d7b7dbca6,487,1906
d88b4998782de52a4acb26df8d41042f,413,1867
d8966ea27ed686f784990997dd258b2e,274,1904
d8a8ccaec85a96ae03c09c9a0e3dd337,752,1922
d8c7a8d1c435eea756f7f7c4e2765acf,501,1896
d8d6c1e7986577166a608a63450427bc,398,1935
d8da09f6983ad2245b8ebc192ce82350,749,1936
d8e7a4652200ab8bb89b7c3f50e709ac,51,1908
d8f5395d9f28a3d4e5d47481a2b49fc6,416,1927
d90b5ff07542efaf895a02fa708da12a,426,1926
d91b5f23188e5abcba0f964ecae408a9,392,1872
d960e85d3a6cb81f138bbd74d958e93f,412,1913
d96227ed757b4f8e940bb353e9f11caf,748,1938
d965f5c13f20678208f8cde0a5879576,606,1905
d9722db5911a9842d217335d07669d78,724,1931
d98bc6bc71a08566357a60fe228bd6ef,591,1930
d9a15aeaa8aa226e6ff6330c79032dc4,505,1913
d9bec94d40a56f4a6319702b6f57df16,82,1908
d9c69eb5ab3bb409b4e39d96601ec9c7,390,1932
d9ecf529740e0df3e587a7fea82e0ef6,345,1876
d9ef7a5b5fdde7ff1fa6f237e69e6cd9,458,1876
d9f7fa8d7f8fd7d2101fa6ce4ab9c428,622,1911
da4ba4be1e588bbba78900d79a6e4f49,584,1916
da4ee69c5e87f58ca9e24254b5355209,488,1870
da5bd1f04ad51c3fe45d804d391303e2,590,1867
da678b3a087843164830a9c143931578,208,1930
da6b37fdea89206104b0b1f87e394586,705,1925
da96cecefb53460c3bb9c9d05dfb3412,708,1901
daa33c6e4bcd70e9dc71ec0132fcfb73,366,1923
daaa3b1426b9f5c828cc9f78005a106e,170,1947
daad2718fcf2271ab5419976eedad27d,402,1914
daafbb7c07918ae596eb055b4401454b,518,1929
dab29fa63fbfab0e4ab459247aa81ea9,188,1930
dac62f29346114d2d2a8b3cd40787908,640,1895
dad08b13371d8e7c59f477fadefc95b4,406,1890
dad0c44a443b85efc4a24fe7a71bb6ce,546,1928
dad325cbe63d48c51cf17b59ef0c73f3,728,1926
db165658a8bbcb0453f94f8fdf7f703c,176,1880
db29646f3b5932f60addfa2669b1ee42,428,1923
db6482df35d0e78e8e857780293f337d,328,1930
db8459b1590b99598c59aefc4178d6e0,408,1931
db85ea344440d192d5bbdb88222a954f,271,1921
db8b44fcf50d312eed9a13941f99b217,458,1910
dbcc092a3482dd3ad3f8097b127a0725,375,1891
dbd5506ffe78e40423918feb3850582e,396,1912
dbe2d3f635ec0a4d107e898ae5d737d6,494,1889
dbe34c6db3623ecae0996a1600c80cb4,325,1935
dbe446553ffbdd1f2c0bbc3f86a5f063,446,1913
dbfecaaaab021afddbfa45688ad9bf79,530,1908
dc1cd211331241d0daa759ebe46c705f,491,1906
dc21be109df5b8db580028d2dc019a9e,385,1905
dc382dd57dc188354aace0bf6c067a8b,164,1930
dc4335b02f79053abefd5b21364db231,471,1865
dc447b93dba7b6173c7b95f962c86aca,395,1934
dc4e1dc61e912678eccdcf920ae42444,685,1900
dc4e5c13bff8b4dd63b308aa6020166a,667,1908
dc963aba1c478b25b5584c7afdd1ce5c,384,1899
dca858b2757666dede0c07e88f281eb5,672,1936
dcaf8123a4df5ba5a7b2c3acceca21ef,447,1932
dcdc1bff996dd4c47732774294877d06,203,1925
dd08b271d986dfe004e07a8857df2f63,414,1933
dd1da2e28732caa196225527cf6a26cb,409,1870
dd1e03a394b98c47fb6294237a95a12b,337,1926
dd2190dc99bf7a81403a6f704c32ebe2,273,1929
dd478697cd43a534fc341010eb883775,388,1931
dd47ab12f1309a7bb937668741b173ae,679,1914
dd5a9f3d41c91cdd74a0e38ac0a0c66f,565,1926
dd69a0594965e1d0a0b0f2c51cb7faf1,430,1931
dd6e1f9aa5643acfa2091da9bec12a0f,735,1929
dd89fb07502c024897270386c1c0cbb4,304,1933
dd8bb8cec2d54b0202f2af56a045dcde,468,1926
dd996a314058f7ed7e9b592a7d1e5045,569,1868
dda0cd13e3d968ea18cca8e6d196daa4,608,1928
ddb7ed4b46e3aa48a6984dbd525dc315,246,1880
ddbd68a50a4fb8a246d26c50577582a2,291,1912
ddc734b548bc3338ba06650391d42227,510,1908
ddde592cc642e51673697901f5606b1e,84,1933
ddf0d043ee40d00a9ee10c52d0f5ea5b,711,1936
ddfa9d8007d33aa3c5bfde60e1d5b2cf,535,1932
de2d6c070c13d3d0d82a17ff500193f2,341,1924
de2e3385116679083764e962bccb3f2e,428,1872
de3030aa5eefdbd28b928f627567561d,441,1899
de4375b8efd082447ae3926344e30b15,442,1875
de57beff4c598f2dbffa1bee86e2fdd7,434,1865
debb361c50d33d76fd211034a26e738a,564,1895
debbb3febe8ec98100dc1e7df6681e54,115,1912
df0ab910211effdf7f9e78f95d8fd80f,47,1920
df1a148b77e5158d8d8567aed573417f,515,1936
df2b368f01e361b8f2f384e5da7e3259,646,1910
df32967071956debb64a484dbb7e22dd,586,1908
df455e552a615d6baaeb984278f3c703,276,1911
df465792cd900fb605f26a87b5c03bcf,631,1895
df74893cceaff021871cd0b609b94a7e,582,1895
df7c92366c19633f7cb550c0ba6f2f4a,385,1891
df84912a0ce1734f056f4b412e50dd79,504,1877
dfddefd34ab49bb893a403d68b72afb6,439,1924
dfde00bae6e854b8591920ba5dd27e62,146,1917
dfe75d7ed4ae4b53d80e5ee237fdd163,450,1936
dfeb45a64d2f99f02bcc4ac2ef1b3170,642,1910
dfed85a3f867dc6383850096079e08fa,433,1892
dfedd425bd47aa6ab49269909a495426,687,1916
dff0073c1994d32106956cf1127b2e96,459,1900
e02908b7103fe7a0b04493c91b544daf,346,1920
e03232700efb5638b84778dcac767440,528,1913
e03afcc4774da645655554ad3c7c54dc,312,1905
e06ab46485318169c9e6521ca35eb149,107,1931
e070f49460ea99f2291c7f32e9149f1d,562,1879
e07546a31f4407474eed64f81cdebe04,297,1900
e0a1d1b026dd6b2282101a32bfb9d35c,546,1920
e0f77a12f6ad290155ba9df7dfcfa547,637,1914
e118326992ba81b7b48a3a9d5bbaf2ee,329,1909
e12f03b91ed995d922cbf1652372d881,264,1879
e139cd008d57bdb1986859ad7d8b106c,156,1891
e15db906e19286f31808dd6030f05ad8,133,1929
e17d7d55344ed3aa6c94ede579997bbb,264,1922
e180dd2a76b6f4ee74db8188a6cdbc1c,528,1906
e1b729c6776161cf25920a000c8c12d7,440,1911
e2086e915eff72c1f509c0558a87b1f0,582,1928
e208be9e613ba81e57c2c42cc6822f64,434,1913
e20c31a9e45aa5921902a71a408822c7,509,1871
e212b47f0a92cf6375e790fe7b08ded3,496,1936
e220f19241c63a0aa0d7ffd022169f91,413,1911
e23e22f9bb831626a1fb8540296fb74b,403,1895
e2463c8feedda8de310570874e570d19,164,1908
e2549df6f4281d39d538ebacd2ed0ebf,471,1894
e25f5328e6f00dc7effe95465d259457,627,1868
e26d25cfd0963a66f07c8c6c27e56a8d,328,1894
e27ec421ef7ef727cae95b1b5dd86f90,441,1899
e28375a769a2dbcda5a28a627e7b2ce9,589,1922
e2bb433d5146d66e548e6ab79bc11c19,260,1928
e2bd25395112c666cb8c54a5edd3954e,503,1877
e2dc83ba791297e64c2e08334eb7edd0,597,1928
e2e2a10b60440eb9006b027d83ed072c,703,1931
e2f51c9beb160b90b354a3ad8157024c,61,1909
e30f3725c7ce94f68301ae8ab43c69de,542,1876
e33a99ec4bd97c605269667a087003c6,623,1900
e33e602b77f44daea320e294245b6c97,392,1932
e341e6b5908bad1ee391e8c6ad6aaed7,358,1910
e348341123956e80c1228fdde95797b8,321,1896
e364dbf819cd89ae530e93267d814447,63,1909
e37d2cd95a9698302b1612daf3e3a4e1,445,1902
e3994785ee52a90c4cec5e1e127a33c2,376,1934
e3ab3f01de98013c077a9e63addac763,434,1933
e3bb98773575af0f24310cb02b77c753,129,1928
e3db2d7a4925caa84495f86f870b601a,153,1919
e4092b0812a8b52d1dd845438b37be8f,620,1870
e41b13d9b92787a2251e9495148bfec8,86,1924
e44954865e3bcfe2fb2787a891513516,468,1908
e46f47e7bb9a6792b13583b09c733af6,737,1943
e4825cf6f378b5846831cc1ac61feb16,644,1900
e4832f4ff6a9d5fcf2c260647c804660,38,1932
e4892ea03b4a63e8610e2c94fbc42b53,281,1878
e495ae5b2874ed7e8f79748bab97f62c,398,1892
e4cde223f92af863be1c9be9625afd03,603,1870
e4f6adb35b3f281151417e7b0e643b3c,569,1899
e4f7a37a5598cc724dcfda5289ac84e9,506,1911
e53e4d773d7935aec428883b3092dfd1,465,1905
e5489e1d4baab221e6993a8128eabe98,404,1914
e55eae2c18444728322b6a534832ac51,513,1866
e58570fac36915cd5fb7e0a61f95d377,265,1924
e58ba81c76f2c6ece23f17ebe85e8d09,651,1917
e5c37782f610d4bb3f2918ab9c70c06d,531,1939
e5c48a077c63d23b78e9c6857aacbdf1,466,1926
e5d9bf6975c63a44d8789556b1003438,609,1928
e626889c375bf8f83bbbfafa9a85dbc1,584,1896
e63be8f38748355e58ebf7e2111f1160,643,1921
e64e187e561b722ed42fb6cdd3570e6c,566,1907
e65097150e1daa0a819804ecbe5fa3d9,612,1867
e6a4cebf7790fd52a0271a03af0d0569,176,1878
e6bfa27075ac77fc0dad5f227ee9204e,480,1876
e6d4a3aa875249ed9311f3cce3cf21d9,458,1934
e6ead11eb37964f1575ffff19b9dbc08,531,1932
e72bf59c3ae7f557fb7a9ebdf61e0f70,228,1910
e73ff7edd8619fd39fa4207524cac652,587,1899
e75e46d428481ea5d351d85a3322dec4,488,1870
e764bcb121eca706867d223a48358037,746,1926
e77a732d34155ccfd296b31812542746,35,1908
e786d1cfcc4cd26e4a154b48a1bc8b8f,588,1907
e79e0d26ea5ed171b624cf258f947848,389,1931
e811b8c129bb3ffe22405cb337b3b148,415,1937
e81205be7201b8c1fdd0c3f8c0453600,648,1900
e81292971e766e9758ab6f770d7f3bb7,735,1901
e814bf8d72bf060f563467ff9f70586c,683,1898
e81e6ea12503faadc35ce45633c8b11d,157,1917
e82465edacb997df6f7c0ffd9e7f96a9,584,1892
e835e97eb260fe4a3c3158b6b4784658,270,1933
e84c6d42892a45500c6daa9be3aef101,554,1937
e89f90076387d827799b32ede1032e0c,517,1896
e8bca0a116341b5e7f7331144321299d,345,1877
e8d19b6a159eaeb31cea3961001cbab2,478,1892
e8dcabf9c10feebff95f0bb684ca6ae7,607,1924
e8fcec59c72323c87bf8953cf3a33df4,209,1935
e91a6e9b724bf08ffa4d1fb2a1ef9188,261,1879
e92a581e806f53cb0c0b1e0e3c7524b3,622,1870
e93d98b1e843dbc3dffb90f143496e9d,441,1876
e97495a72c6beb8a469114dec867deb3,172,1920
e98a86680e64a187671571f54c1a9ab8,744,1902
e9a1c8ee7af3ef8db35f81e64a45d09e,444,1914
e9b396bd86fd0cbfb17f5b07d9e15c2c,292,1912
e9b3ce76744375ae679f58091007d67b,408,1931
e9bb5c4630028f47482beb1896d12358,443,1875
e9ced480529ef78e5c674a1fdf5a1c83,492,1931
e9d0e67ae610194949bb7c767d72a12f,416,1910
e9dfa4a699eed1e5c5925c48730335e4,237,1911
e9f230b0d7e0a0c38eb1f07087c22440,670,1943
ea0ab815a4295ec71d3ee4cfa14305ed,443,1919
ea196dfeaf5356fe3df6bf9381477c29,360,1908
ea2385b374ace166611f8850e6896070,377,1902
ea524b36de73e190bfdfcbaf8b37805a,747,1898
ea5bd4e6680f890c27608964d616d354,155,1934
ea624175577f03cc99ce3715bb18ac80,411,1920
ea644ee61a07b98540514f2fa88b5c20,483,1898
ea75a6d47b458cc5e0a4aab9b3fef7b5,497,1936
ea7d9cb8606d301b19bc8139cf46fb42,323,1935
ea7e9c131bd533024be919a052aa59a9,46,1935
eaa7f4651627f1eadbe5959b0abb3d55,555,1931
ead96e12f6c31f8e1b18548915d3e847,645,1900
eae9e523772b1aaf7dc4251f26bcb590,524,1892
eb1a0e1f1faa605577bee1a0727f108f,672,1920
eb1adf5ef5851eb57b3d67863768a13a,740,1937
eb42c60c0f47c6c582833ed4c5eb355a,627,1912
eb5bafdccfc1d9143e2231ff38e137c5,8,1930
eb60cd879c1eea70021ec00689524abf,174,1913
ebdeb1e48b26d466151cdf78291e99c1,696,1916
ebf13c7ef61274c35e319660d2efe7e9,66,1908
ebf6a572a3e99734629b43e3301476bd,478,1914
ebf99637012cbe379c0f6c8f2135709b,739,1894
ec0f29e8b076ad12a852444f9b903b05,383,1927
ec1b924647562fbbf26a75ac8335b90f,486,1908
ec202bfd35df44612f86fe90956af124,632,1912
ec253f1d8a64cc59eaf94abc989df0c8,605,1869
ec499806fb438c3cf609b12b1220ffea,328,1914
ec4a06f169b51f7d971153581d9b6880,548,1910
ec52808542fa9854ff7a485c7a94130b,153,1900
ec7675f04a386d253873d278070493c3,245,1880
ec7915409f71ba03adf4d09633e42c3e,411,1900
ec9027b7590a1c9727d9a9e0cb81340b,403,1929
eca40cc0a550ab20d3677dad4a9b7843,415,1886
ecbe9b97b7d51c570aef8161ef84c725,535,1865
ecc26ff27dd5d4e710a53a4ece2c549d,456,1926
ecd4608b2600baf569fcf2257643a57d,751,1910
ed13ecb706bf06e0739b13a86a7a6df1,714,1925
ed203f412f65ad0aab75a6e6605a6317,729,1912
ed5987a31d27b924e5df134ab6b0471d,356,1934
ed7cc20f093a5fff401a1b6deee134d8,659,1925
ed8e73ba4dd8fef6160689065d1e07c8,524,1927
ed91b02ac73d9e963b7da4c502f27d11,499,1892
eda2279a2c011fc2847ac868cc08324f,327,1894
edd6e3a057378bf185dfb8a6393857a4,612,1920
ee032255ad49880a18759b4358935fee,388,1873
ee294a59cac57b036deecef6d1e1b6e5,372,1900
ee66c859d09fc548354af1e23692432f,590,1929
ee900733105058abf0a304c96083fb40,480,1877
ee9ed51fb00b42db80e9442eb8c925fc,423,1924
eea4b009800a8b2f43ac21879ec8a0b8,522,1892
eec5b203b1c88505c9f5d82fbd25f9d4,705,1931
eecad06c340a81eb061fcb3aad48b755,240,1927
eeda0ef9ef9cd20294650d3a1189b2ba,486,1932
eee6ff7b0fdfe8c247a5529622291a15,115,1913
ef31c3e215a02ccbfff8845ad5e781b0,386,1900
ef417734b7497d70e2a46b71756a9cf0,497,1930
ef454dab84f8a2114aed83f7e47480c5,610,1931
ef6ef98d38bd9740c0b2e1a14bf24367,588,1899
ef87a632740f570034edf414f67b7664,489,1894
ef88d81a716e0f2468009ca5b9579923,738,1896
ef98dd7e0aaa8a1ae4b7cc29e1eec63d,486,1932
efb736e05a85df04ca323c28d319b5dd,343,1926
efb8688c935fb423457a1c7bc0437368,262,1903
efe179350003cd22b1cca59833df0d5f,656,1911
efe873e0e9b227127b0c2341a0284fc9,548,1895
efed0ed446eaa7991594e3f1de47a7b7,302,1933
eff2303396580bcac070c111ef49c362,479,1912
f026dc526ecb99a35e40ea3f2fc9badc,395,1866
f0294c0ef863be3285538a635b0cc816,527,1925
f02c7fecc7f6a7fd750caf49e995873a,274,1912
f04959568adaf384c72aa1f8b8b9ce8d,733,1912
f050d76dac8fa9710f3abadcaf688fcc,245,1922
f08f21707140ed065945b829897b001d,461,1914
f0922d82654431a1f765d3844d3b4b67,616,1926
f0a7fa691c23e58493e26bfe04495409,433,1913
f0a8978b71d021cd9594d7383c4a083c,393,1872
f0aa740628c12b7e1ab69bcb06c2ab98,461,1888
f0d3e88fcc090cf227a627eecc5df059,471,1891
f0d8ecff4e3d2c95fb22bfcb89aac960,534,1939
f0fbbaf9341180e936c44c44299bbbab,528,1879
f10a697bd474598d95367da2e30f8c8a,643,1895
f10d5d3c18cb6618279f852f592cb539,755,1937
f14ca275f24780442cd05c476001f3df,211,1910
f1505811701db4c53567a68e6ad46d92,698,1912
f185a6b454a612958bc4cec697166b31,663,1921
f199ee8da7a4f1fffe5d5a7f59e426ef,389,1903
f1b363fd98d224815ab40de0dc410451,600,1896
f1b72a1069021010a1a3e3b1d9146b70,587,1868
f1c7f51a410584a7db5955939b75cfe2,96,1925
f1d1ad7b844c6253e65804258bd369d1,524,1881
f1db0c63b17422ce49bb7625912ebccd,723,1902
f1e21b856a3eb34fbce5707561d8ae6e,121,1920
f1f0cb1507e96679110c52c84e90b4d4,366,1879
f1f8921ee9c13c8e743d84dabbef2b30,635,1926
f20ccba6ca030f4729874277eecbd6f8,581,1895
f20dc7675b6be8ca1300e53e0e715f2c,384,1913
f20ea7f1280224da09da45f1f5aa407a,118,1921
f2215720bfc1f226f6478391b846a3c0,583,1892
f223f484a17d6e7d89acbae027312cd8,132,1923
f2414df242b690d0ff975984a2375d14,456,1902
f263559a76b66a7c1f2f11b0070bdd15,48,1933
f282380d6839cb9bbe43a88aa275f733,492,1906
f2a49915321647ee452daf8b491a81a6,762,1928
f2c72eeb99dd31fe6cc39996a16e5329,342,1923
f2f5dba5bed2a58ae7ec325e687312a0,545,1920
f2fb81aa533f7d75120d07e02266982d,524,1910
f32badfe080ef3b65c7c61484769ab86,560,1879
f33bc6a9fae5bb6fc26dc2f94932d330,21,1914
f350c96fe164a016de5a27b2cb880b59,310,1924
f3642fc7e15a9939ab5f8e3072d67840,326,1925
f37cbe17610c359ccd3ec22aa852bb14,492,1892
f37efedd0202dc7450754e89f5d6ba69,329,1913
f38068c6b265b29817ba144e8f754bb7,420,1904
f3b877cf9f6e2303e9fe1b04c9464c98,449,1926
f3c4a5612400bc773f51b8d342074a32,628,1931
f3c4ca4f3fe4cd66a050659259399197,286,1890
f3de2df146b2cd35f4816be11820957e,66,1933
f4074039ae94d1a14416c724287ec223,404,1874
f41bdf08af42712e828640c4130076ef,33,1934
f431f6ef45653ed3c7bad9a25fa93fdb,649,1916
f438a6b22a0c64a0048344ca33c91408,175,1920
f43a0bd4ba0cde09e0ddb30944dd70ed,750,1895
f45c76f5dcdd7829b8a900cfa5b9b0e3,725,1901
f498bcd179a40cdaeddf62433ac446f1,616,1912
f4a42a27e7cf37d71a9219a2b326f5ca,33,1914
f4b915b33844f85c9263bd67ad1b7f30,583,1869
f4c2ba013e0b192122fd62ac1bd8ed93,549,1874
f4c893c3e152c5c2633dc913751676bd,668,1913
f4ebfdb50fa458f36932df4d67f8ed1f,388,1902
f501ca1a16c27153bdc514d968cb5204,9,1931
f52513f68787f5c34453f9d3e353557c,456,1890
f55fb01a102d828756a5f2d09d6a262c,446,1943
f567c65d29cc3a621091fda19d1384dc,449,1897
f588afbfc89bd5ccb8427e0c29375ea6,385,1919
f5955e9059ba6351649b82c1550c5e6f,572,1910
f5f6533c29aa7b50a25bfcb2413f53cd,339,1934
f5ffdcea8cbf8afe253d6ca0585aded8,338,1917
f6111ec0b9160e384ad5aefb48fd2333,499,1929
f64a2a2f13b893184a97b9f5672f0e2d,318,1878
f69fbdf6cdef727e3f694f54962b53db,210,1899
f6a7a734acb52115c41a9c7f9f2b0be4,297,1876
f6aab298c0b48cccfd1d92ccbb3d02d7,337,1872
f6bfda26fb01139719401e2e86ab8421,719,1931
f6c3890f2ac8ce44c2dcdfc9e29be79a,703,1923
f6c3c2dd2c0e3813a2f065b632b83ddb,551,1908
f6c75a6d2297b7d698e7eaa4d0db5359,360,1922
f7049be90a1cf6d9db02b07dd578b5c1,577,1916
f70f98c17228c97ac5c333bbaf4d5e0c,644,1869
f7246525b5fdb9231a59132a923e579d,402,1898
f73eeec861e04216f6cc6706dc8c92aa,579,1906
f75330c40f4ef766d3ec9a77323cec41,217,1908
f763c5e1bdc00f13ca19854882deeaf2,261,1909
f76bfac9fa696195350e609696ff3a6f,756,1898
f76c500c99bbea31079907ceefcc2f54,624,1898
f76ddc105f5f59651b725aebeafc52fe,536,1931
f76f6d1968dd817a3bc01b74fbc5aee7,292,1935
f778be5e0675d4c41b44f6636f8fac8c,421,1904
f7b16b8f5af03668fe81f6cbf7facb97,701,1925
f80572c4498f06b5bbc20879d52ede5c,482,1899
f8313c2d293a27c9c33158b72b065542,518,1896
f859c35899ab6cf810a652922e1e32f5,631,1911
f85afe58c95db9a10ef92e638f3f822b,286,1900
f85c5462840a6e3a36e3df877645b8a0,482,1914
f8b787d078fc889407e51832e2a25f1a,515,1927
f8e14896299c77f9ab9ff50951b79d45,505,1876
f8f74b66f36c5cf993c4c843473efba8,549,1883
f9149a1ecc015eeac3ba82bbe4aa6603,287,1865
f92cc9a80b4e8038cd7ea31c0b66f2bd,409,1870
f92dba915c0e62e3998e05bc9d34027d,41,1930
f930188f21e4a3acff6b0da8ad8b4a27,483,1914
f93c35abecc79d6fd165f525ac831954,493,1930
f94075170752047af99ddecc40ac1167,144,1931
f94ec74575bf52253e31770458a9ac1d,425,1900
f95acade34d69a5a3b0e3febd275dcea,627,1926
f9652da903dc67174b32bf9cffadd81b,346,1905
f966795f4b8378eb2d455c56d6391ab9,555,1898
f985a7a4d651d9c55c7e17deddcf9330,405,1901
f99b1848ea6dafa80f36e8da5e42848b,485,1916
f9ac00653870ab6cab879b17dd05634d,377,1914
f9ace646c2bca5a8f932573d34a6cc2b,549,1907
f9dfbb12687daac971e4e3256a79a161,280,1900
f9ff360f661cb36e3aeca5e31820c540,452,1933
fa19dcad258b15c414bcdfaa4a2d6112,670,1928
fa3bc1ecc6a7b4e5a36810599015f011,602,1869
fa43a49fda96159a62b265eceba096fa,246,1900
fa51d71c471c07d4e08e0f704070c834,434,1907
fa6ca10f6c7b9d4be25db966af369639,636,1930
fa87b3db3ad77d4dd11d6b0cca9d257b,547,1898
fac3a6993c71105f347a742b89a08206,473,1887
fad0dc225d72cc5ae48970373042bdbe,725,1946
fad1199142edb2f516fdc50d18d77e43,755,1925
fb009745443a84ef5fb2769329cbb82c,670,1900
fb4674716daa1cc9e11beb6f46df549d,277,1935
fb75941b7ec6af6f9135c8fd2d1a6141,428,1895
fb7a69c0e7637fbe3bd85973f0c98d6a,417,1890
fbbd4b53c970391d69693aa533684b54,296,1894
fbbda183c568ba618edc09319d887792,22,1908
fbd143b55bac3fd54fd328093aa9491f,194,1910
fbd7d71cdec04f61e41ea65654a7fc2d,547,1909
fbdbc0d9da0a45b0de0045213049fa6c,592,1867
fbe391146c398e75b680b171841ab5b4,447,1898
fbe7ba4fdfbf82330713142f3e263f65,362,1906
fbf29daa635c6f439bcc6fe5fd911fca,582,1911
fbf4425c116c4b2144328f8dd2bcecb3,512,1865
fbfad5f85c826ce2817f4c7d49bc71ac,433,1934
fc071e22e03f59881e038005b7ea9a1a,265,1912
fc1c09f0724cdaa68fcfcfed9b8c06dd,203,1934
fc40b0cfad3e493156033d01a64f1558,168,1943
fc567bbda430907221bb10ed8089b313,524,1904
fc57d58cfc4f0b154d69e8118a409728,566,1913
fc7f2d554439e3f15346b418bd1c7a1f,559,1916
fc91371b08f68bd4deae7b33bd053d6d,662,1925
fca3721e4f853d4882ba860d6c95d2b4,485,1916
fcb3b9bc554c9796a90c605071dd1cc6,422,1938
fcbd7d31f6544fe0a32434f6fd42a85b,564,1901
fcbd9b32940e52eb9f2e4953bb0c11e7,364,1878
fcd69b0c8d5dfc72aa38d9713a2a9c7a,406,1906
fce0b65289cd2e45d47e9c0f15f5fa73,95,1910
fce12daa01106623719b09c5edb154a1,231,1886
fce7cb9a413039b5e032a68ba2f6497a,725,1927
fcecf42aaacdde7d652ce0364ad49b30,15,1931
fd0413e5d1a6038ebfe99608a1433336,581,1886
fd35ee213eeedfdbf29bfd300b6ddf0d,411,1933
fd3bf9656ada26da507e3a4cdd2ab9cc,694,1926
fd78a5438b5b69a21407450f3881b643,405,1901
fd8f099eaad0ea508d8a601a3e4c050c,354,1910
fd9692c3ee590308e504864fe056819c,432,1934
fdaf1eaa995ef71a08414bfd999c7bf3,379,1898
fdb73bca8371023b47c162f8eb4b870c,259,1935
fdc146df0ab5d24abcc6b46e0dc58525,352,1931
fdcef427df822547795a6c568536aa82,530,1870
fdfe5776b75f85d35a15201e60d389c1,59,1930
fe136cd5372c61a06e09c353c07bf826,307,1933
fe2454b5f7f9d373ec80bc5d1699a754,484,1880
fe2bc860b682d7d04395ac6c9c2a4c02,514,1888
fe6a2de3377e81af244dded1d9b521d4,659,1914
fe6e6289b9705c20732ea37b73ce5cec,678,1912
febd76356c0507c87507ffead4ffcc85,439,1898
febf74b679a27e8c48723c5bf7c493f4,553,1894
fee114705ba82d58235f478060f7e0b3,130,1927
fee7157d7da2090f5d745914125a4dbf,193,1917
fef3984ad72df858c3e9fc1532d44ec0,691,1929
ff08c63e5f9e7c736ac35ac908934db9,517,1915
ff1ae83e48fb02a3802320103a900f30,404,1890
ff2b829192bbca7d6682ebcc45b79bb0,538,1929
ff3973a7f830e9c9670a2a61d0d05482,257,1903
ff65899a16a05cc269d5ed0f9f877a1c,644,1909
ff6b3bfd2b0477ebab997ed485dc4c96,148,1927
ff82002f90a4f6d0714e4bbf468c290e,353,1932
ff90faa7b843680df07e9a20731b3a4a,8,1934
ff9ffb454733e44d56b6bc7933a0b93e,191,1905
ffb95ccd8426c1e4c4d96bf6671ac9ac,670,1912
ffdc40d283152124c0ff17547152a462,506,1888
fff4e26044aef4a1d9daeb3187e7e438,253,1933
